Tarih,Açılış,Yüksek,Düşük,Kapanış,Düzeltilmiş_Kapanış,Hacim
2015-10-29,6.345096111297607,6.345096111297607,6.345096111297607,6.345096111297607,4.670256614685059,0
2015-10-30,6.319372177124023,6.430840015411377,6.259350776672363,6.422266006469727,4.727056980133057,21012489
2015-11-02,6.988180160522461,6.996754169464111,6.911009788513184,6.911009788513184,5.086792469024658,39072717
2015-11-03,6.825264930725098,6.876711845397949,6.8081159591674805,6.8081159591674805,5.0110578536987305,17424096
2015-11-04,6.8852858543396,6.919583797454834,6.850987911224365,6.876711845397949,5.061547756195068,10489440
2015-11-05,6.816690921783447,6.825264930725098,6.756669044494629,6.782392978668213,4.992124557495117,9564140
2015-11-06,6.773818016052246,6.782392978668213,6.653776168823242,6.730946063995361,4.954257488250732,10959210
2015-11-09,6.688074111938477,6.713797092437744,6.619478225708008,6.619478225708008,4.872212886810303,26008533
2015-11-10,6.610904216766357,6.610904216766357,6.5423078536987305,6.559456825256348,4.828034400939941,18349156
2015-11-11,6.653776168823242,6.705223083496094,6.602328777313232,6.610904216766357,4.865901947021484,25034900
2015-11-12,6.645201206207275,6.670925140380859,6.602328777313232,6.653776168823242,4.897457599639893,15517699
2015-11-13,6.645201206207275,6.67949914932251,6.610904216766357,6.628053188323975,4.8785247802734375,15797579
2015-11-16,6.576605796813965,6.593754768371582,6.559456825256348,6.559456825256348,4.828034400939941,8989289
2015-11-17,6.619478225708008,6.645201206207275,6.559456825256348,6.559456825256348,4.828034400939941,13260592
2015-11-18,6.602328777313232,6.602328777313232,6.473711967468262,6.490860939025879,4.777545928955078,13593174
2015-11-19,6.53373384475708,6.5423078536987305,6.430840015411377,6.439414978027344,4.739679336547852,21651666
2015-11-20,6.4822869300842285,6.4822869300842285,6.396542072296143,6.41369104385376,4.720744609832764,20171224
2015-11-23,6.387968063354492,6.41369104385376,6.319372177124023,6.319372177124023,4.651322364807129,12136372
2015-11-24,6.293649196624756,6.370819091796875,6.053564071655273,6.070713043212891,4.46829891204834,35128555
2015-11-25,6.139308929443359,6.14788293838501,6.036415100097656,6.079287052154541,4.474609375,26523454
2015-11-26,6.053564071655273,6.070713043212891,5.89064884185791,5.89064884185791,4.335763931274414,18361452
2015-11-27,6.019266128540039,6.079287052154541,5.916372776031494,5.916372776031494,4.354698181152344,28391169
2015-11-30,5.94209623336792,6.019266128540039,5.9249467849731445,5.94209623336792,4.373631477355957,35696079
2015-12-01,5.959245204925537,6.113584995269775,5.959245204925537,6.113584995269775,4.499854564666748,45152057
2015-12-02,6.173605918884277,6.207903861999512,6.06213903427124,6.087862014770508,4.480921268463135,53715476
2015-12-03,6.113584995269775,6.156457901000977,5.984968185424805,6.002117156982422,4.417809963226318,38839473
2015-12-04,6.044990062713623,6.06213903427124,5.813478946685791,5.907797813415527,4.348386764526367,35957223
2015-12-07,5.907797813415527,5.9935431480407715,5.830627918243408,5.9249467849731445,4.361008644104004,25165743
2015-12-08,5.899223804473877,5.950671195983887,5.822053909301758,5.839202880859375,4.297897815704346,20228905
2015-12-09,5.856351852416992,6.036415100097656,5.839202880859375,6.010692119598389,4.424120903015137,23949908
2015-12-10,5.984968185424805,6.06213903427124,5.787755966186523,5.830627918243408,4.291586399078369,29577581
2015-12-11,5.839202880859375,5.847776889801025,5.547670841217041,5.556245803833008,4.089629173278809,41498219
2015-12-14,5.624841213226318,5.719160079956055,5.496224880218506,5.530521869659424,4.070694923400879,22978772
2015-12-15,5.599118232727051,5.830627918243408,5.581968784332275,5.762032985687256,4.2410969734191895,35404523
2015-12-16,5.744884014129639,5.89064884185791,5.7277350425720215,5.873500823974609,4.3231425285339355,32129996
2015-12-17,5.959245204925537,6.002117156982422,5.839202880859375,5.916372776031494,4.354698181152344,37970288
2015-12-18,5.88207483291626,5.916372776031494,5.770606994628906,5.804904937744141,4.272653579711914,25373412
2015-12-21,5.839202880859375,5.976394176483154,5.830627918243408,5.899223804473877,4.342075824737549,22414530
2015-12-22,5.899223804473877,5.9249467849731445,5.779181957244873,5.89064884185791,4.335763931274414,21855939
2015-12-23,6.002117156982422,6.070713043212891,5.967820167541504,6.044990062713623,4.449365615844727,25890038
2015-12-24,6.053564071655273,6.130733966827393,6.002117156982422,6.105010986328125,4.49354362487793,16289918
2015-12-25,6.113584995269775,6.130733966827393,6.070713043212891,6.122159957885742,4.506165981292725,4305769
2015-12-28,6.139308929443359,6.165031909942627,6.096436023712158,6.096436023712158,4.487232208251953,14500430
2015-12-29,6.105010986328125,6.139308929443359,6.06213903427124,6.070713043212891,4.46829891204834,13831367
2015-12-30,6.087862014770508,6.105010986328125,5.916372776031494,5.94209623336792,4.373631477355957,22296422
2015-12-31,5.950671195983887,5.959245204925537,5.7277350425720215,5.744884014129639,4.228475093841553,34696999
2016-01-01,5.744884014129639,5.744884014129639,5.744884014129639,5.744884014129639,4.228475093841553,0
2016-01-04,5.616267204284668,5.650565147399902,5.556245803833008,5.6419901847839355,4.152740955352783,24988170
2016-01-05,5.67628812789917,5.719160079956055,5.530521869659424,5.607693195343018,4.12749719619751,44999331
2016-01-06,5.573394775390625,5.693437099456787,5.530521869659424,5.693437099456787,4.190608501434326,39496637
2016-01-07,5.6419901847839355,5.744884014129639,5.556245803833008,5.7277350425720215,4.215852737426758,38218116
2016-01-08,5.787755966186523,5.916372776031494,5.684863090515137,5.753458023071289,4.234785556793213,56105601
2016-01-11,5.753458023071289,5.873500823974609,5.693437099456787,5.804904937744141,4.272653579711914,31445760
2016-01-12,5.804904937744141,5.9249467849731445,5.744884014129639,5.864925861358643,4.316832065582275,40533795
2016-01-13,5.916372776031494,6.053564071655273,5.899223804473877,5.9935431480407715,4.411498546600342,47090505
2016-01-14,5.967820167541504,6.053564071655273,5.94209623336792,6.019266128540039,4.430432319641113,52259600
2016-01-15,6.019266128540039,6.079287052154541,5.856351852416992,5.9249467849731445,4.361008644104004,49385744
2016-01-18,5.959245204925537,5.967820167541504,5.88207483291626,5.9249467849731445,4.361008644104004,31254092
2016-01-19,5.984968185424805,5.9935431480407715,5.873500823974609,5.89064884185791,4.335763931274414,35357586
2016-01-20,5.847776889801025,5.873500823974609,5.693437099456787,5.7020111083984375,4.196918487548828,40956401
2016-01-21,5.710586071014404,5.744884014129639,5.5905442237854,5.616267204284668,4.133808135986328,55141995
2016-01-22,5.616267204284668,5.616267204284668,5.616267204284668,5.616267204284668,4.133808135986328,0
2016-01-25,5.847776889801025,5.907797813415527,5.779181957244873,5.830627918243408,4.291586399078369,29408328
2016-01-26,5.804904937744141,6.053564071655273,5.770606994628906,6.044990062713623,4.449365615844727,38642468
2016-01-27,6.036415100097656,6.113584995269775,5.950671195983887,6.002117156982422,4.417809963226318,38202618
2016-01-28,6.044990062713623,6.087862014770508,5.976394176483154,5.984968185424805,4.405186653137207,57359180
2016-01-29,6.070713043212891,6.165031909942627,6.06213903427124,6.165031909942627,4.537721633911133,43397351
2016-02-01,6.14788293838501,6.165031909942627,6.070713043212891,6.165031909942627,4.537721633911133,32029830
2016-02-02,6.1907548904418945,6.207903861999512,6.027841091156006,6.027841091156006,4.43674373626709,34331362
2016-02-03,5.984968185424805,6.233627796173096,5.976394176483154,6.207903861999512,4.569277286529541,42643906
2016-02-04,6.302223205566406,6.430840015411377,6.285074234008789,6.387968063354492,4.701811790466309,55201465
2016-02-05,6.362244129180908,6.405117034912109,6.276500225067139,6.293649196624756,4.632389068603516,36287387
2016-02-08,6.336521148681641,6.387968063354492,6.096436023712158,6.105010986328125,4.49354362487793,39967076
2016-02-09,6.036415100097656,6.1907548904418945,5.984968185424805,6.173605918884277,4.544032096862793,43252852
2016-02-10,6.207903861999512,6.233627796173096,6.053564071655273,6.139308929443359,4.518787860870361,29670362
2016-02-11,6.096436023712158,6.139308929443359,5.976394176483154,6.113584995269775,4.499854564666748,46703287
2016-02-12,6.1907548904418945,6.207903861999512,6.105010986328125,6.139308929443359,4.518787860870361,29889142
2016-02-15,6.156457901000977,6.199329853057861,6.010692119598389,6.105010986328125,4.49354362487793,30974890
2016-02-16,6.165031909942627,6.182180881500244,6.010692119598389,6.036415100097656,4.443054676055908,37041948
2016-02-17,6.036415100097656,6.199329853057861,5.984968185424805,6.1907548904418945,4.556654453277588,34614092
2016-02-18,6.1907548904418945,6.225052833557129,6.113584995269775,6.207903861999512,4.569277286529541,29774210
2016-02-19,6.182180881500244,6.1907548904418945,6.096436023712158,6.122159957885742,4.506165981292725,16586757
2016-02-22,6.1907548904418945,6.319372177124023,6.173605918884277,6.319372177124023,4.651322364807129,21065814
2016-02-23,6.293649196624756,6.4565629959106445,6.285074234008789,6.439414978027344,4.739679336547852,33566866
2016-02-24,6.473711967468262,6.473711967468262,6.267924785614014,6.276500225067139,4.619766712188721,24870400
2016-02-25,6.293649196624756,6.41369104385376,6.285074234008789,6.353670120239258,4.676567077636719,20022383
2016-02-26,6.422266006469727,6.490860939025879,6.353670120239258,6.387968063354492,4.701811790466309,22532581
2016-02-29,6.379393100738525,6.387968063354492,6.285074234008789,6.336521148681641,4.663945198059082,33916556
2016-03-01,6.353670120239258,6.387968063354492,6.293649196624756,6.345096111297607,4.670256614685059,23591141
2016-03-02,6.387968063354492,6.465137958526611,6.370819091796875,6.4565629959106445,4.752301216125488,31040575
2016-03-03,6.473711967468262,6.508009910583496,6.379393100738525,6.430840015411377,4.733367919921875,27952231
2016-03-04,6.430840015411377,6.447988986968994,6.345096111297607,6.447988986968994,4.745989799499512,31794422
2016-03-07,6.430840015411377,6.499435901641846,6.387968063354492,6.439414978027344,4.739679336547852,30518272
2016-03-08,6.430840015411377,6.593754768371582,6.396542072296143,6.568030834197998,4.834345817565918,49848773
2016-03-09,6.550881862640381,6.7480950355529785,6.516584873199463,6.7480950355529785,4.9668803215026855,30856480
2016-03-10,6.765244007110596,6.876711845397949,6.67949914932251,6.816690921783447,5.017369747161865,39830501
2016-03-11,6.876711845397949,6.893860816955566,6.773818016052246,6.816690921783447,5.017369747161865,25981062
2016-03-14,6.842413902282715,6.919583797454834,6.8081159591674805,6.893860816955566,5.074170112609863,27626749
2016-03-15,6.868136882781982,6.8852858543396,6.645201206207275,6.670925140380859,4.9100799560546875,40304498
2016-03-16,6.688074111938477,6.713797092437744,6.559456825256348,6.628053188323975,4.8785247802734375,26218578
2016-03-17,6.79954195022583,6.945306777954102,6.765244007110596,6.945306777954102,5.11203670501709,38739289
2016-03-18,6.945306777954102,7.039626121520996,6.8852858543396,7.039626121520996,5.181459426879883,30318529
2016-03-21,7.0139031410217285,7.0139031410217285,6.928157806396484,6.988180160522461,5.143592834472656,25570827
2016-03-22,6.919583797454834,6.919583797454834,6.67949914932251,6.7480950355529785,4.9668803215026855,48296024
2016-03-23,6.756669044494629,6.816690921783447,6.722372055053711,6.7480950355529785,4.9668803215026855,33934525
2016-03-24,6.730946063995361,6.936732769012451,6.730946063995361,6.919583797454834,5.093102931976318,26735812
2016-03-25,6.919583797454834,6.945306777954102,6.876711845397949,6.876711845397949,5.061547756195068,5558540
2016-03-28,6.8852858543396,6.8852858543396,6.782392978668213,6.816690921783447,5.017369747161865,11779723
2016-03-29,6.850987911224365,6.902434825897217,6.790966987609863,6.79954195022583,5.00474739074707,33812838
2016-03-30,6.790966987609863,6.876711845397949,6.739520072937012,6.859562873840332,5.146269798278809,31740594
2016-03-31,6.850987911224365,6.928157806396484,6.825264930725098,6.876711845397949,5.159135818481445,26289724
2016-04-01,6.833838939666748,6.876711845397949,6.722372055053711,6.7480950355529785,5.062643051147461,21783646
2016-04-04,6.816690921783447,6.919583797454834,6.782392978668213,6.919583797454834,5.191298961639404,21566438
2016-04-05,6.8852858543396,6.893860816955566,6.765244007110596,6.842413902282715,5.13340425491333,23249716
2016-04-06,6.876711845397949,6.876711845397949,6.722372055053711,6.722372055053711,5.043344497680664,24952200
2016-04-07,6.773818016052246,6.8081159591674805,6.696648120880127,6.730946063995361,5.049776554107666,19197129
2016-04-08,6.7480950355529785,6.825264930725098,6.705223083496094,6.825264930725098,5.120538234710693,27050801
2016-04-11,6.833838939666748,6.996754169464111,6.8081159591674805,6.962456226348877,5.223464012145996,32062472
2016-04-12,6.971031188964844,7.039626121520996,6.8852858543396,6.962456226348877,5.223464012145996,24209625
2016-04-13,7.0139031410217285,7.245412826538086,6.988180160522461,7.228263854980469,5.422881603240967,38660507
2016-04-14,7.262561798095703,7.271137237548828,7.176817893981934,7.253987789154053,5.442180633544922,20757500
2016-04-15,7.271137237548828,7.27971076965332,7.15109395980835,7.27971076965332,5.461479187011719,22377363
2016-04-18,7.228263854980469,7.468348979949951,7.211114883422852,7.468348979949951,5.603001594543457,27226036
2016-04-19,7.485497951507568,7.54551887512207,7.408328056335449,7.451200008392334,5.59013557434082,28455923
2016-04-20,7.4169020652771,7.528369903564453,7.288286209106445,7.296860218048096,5.474344730377197,38931261
2016-04-21,7.3397321701049805,7.4169020652771,7.253987789154053,7.322583198547363,5.493642807006836,22409005
2016-04-22,7.3397321701049805,7.356881141662598,7.2368388175964355,7.27971076965332,5.461479187011719,25045713
2016-04-25,7.27971076965332,7.27971076965332,7.125370979309082,7.159668922424316,5.3714189529418945,18483449
2016-04-26,7.185391902923584,7.356881141662598,7.125370979309082,7.348307132720947,5.512941837310791,29223425
2016-04-27,7.33115816116333,7.459774971008301,7.322583198547363,7.3397321701049805,5.506508827209473,22699211
2016-04-28,7.3397321701049805,7.391179084777832,7.245412826538086,7.391179084777832,5.545105457305908,26027185
2016-04-29,7.4169020652771,7.4169020652771,7.314009189605713,7.374030113220215,5.532240390777588,22661383
2016-05-02,7.3654561042785645,7.3654561042785645,7.185391902923584,7.202540874481201,5.403583526611328,17422931
2016-05-03,7.228263854980469,7.253987789154053,6.876711845397949,6.911009788513184,5.184866905212402,40641807
2016-05-04,6.902434825897217,7.005329132080078,6.662350177764893,6.670925140380859,5.00474739074707,58363772
2016-05-05,6.508009910583496,6.730946063995361,6.439414978027344,6.550881862640381,4.914687633514404,52212203
2016-05-06,6.559456825256348,6.610904216766357,6.370819091796875,6.5423078536987305,4.908254623413086,42375400
2016-05-09,6.628053188323975,6.713797092437744,6.593754768371582,6.645201206207275,4.985448837280273,21417169
2016-05-10,6.636627197265625,6.722372055053711,6.568030834197998,6.568030834197998,4.927553176879883,23539173
2016-05-11,6.585179805755615,6.653776168823242,6.447988986968994,6.628053188323975,4.972583770751953,37738057
2016-05-12,6.619478225708008,6.739520072937012,6.593754768371582,6.602328777313232,4.953283786773682,31826233
2016-05-13,6.559456825256348,6.688074111938477,6.5423078536987305,6.593754768371582,4.946852207183838,24126986
2016-05-16,6.636627197265625,6.653776168823242,6.41369104385376,6.430840015411377,4.8246283531188965,24338146
2016-05-17,6.473711967468262,6.550881862640381,6.405117034912109,6.525158882141113,4.895389080047607,28240504
2016-05-18,6.490860939025879,6.610904216766357,6.447988986968994,6.610904216766357,4.959717750549316,30035616
2016-05-19,6.610904216766357,6.610904216766357,6.610904216766357,6.610904216766357,4.959717750549316,0
2016-05-20,6.602328777313232,6.653776168823242,6.430840015411377,6.430840015411377,4.8246283531188965,35726576
2016-05-23,6.447988986968994,6.593754768371582,6.430840015411377,6.568030834197998,4.927553176879883,21167597
2016-05-24,6.53373384475708,6.936732769012451,6.53373384475708,6.902434825897217,5.178433895111084,44020165
2016-05-25,6.911009788513184,6.979605197906494,6.79954195022583,6.79954195022583,5.101240158081055,23738991
2016-05-26,6.773818016052246,6.833838939666748,6.670925140380859,6.765244007110596,5.075508117675781,23697746
2016-05-27,6.773818016052246,6.868136882781982,6.756669044494629,6.816690921783447,5.114105701446533,16758950
2016-05-30,6.816690921783447,6.919583797454834,6.8081159591674805,6.859562873840332,5.146269798278809,13039571
2016-05-31,6.911009788513184,6.962456226348877,6.833838939666748,6.833838939666748,5.126971244812012,27140743
2016-06-01,6.842413902282715,6.859562873840332,6.7480950355529785,6.773818016052246,5.081941604614258,20580669
2016-06-02,6.79954195022583,6.825264930725098,6.662350177764893,6.67949914932251,5.011180877685547,25068209
2016-06-03,6.705223083496094,6.911009788513184,6.688074111938477,6.859562873840332,5.146269798278809,32202214
2016-06-06,6.893860816955566,6.945306777954102,6.859562873840332,6.919583797454834,5.191298961639404,18507339
2016-06-07,6.953882217407227,6.971031188964844,6.765244007110596,6.765244007110596,5.075508117675781,32741482
2016-06-08,6.782392978668213,6.911009788513184,6.688074111938477,6.902434825897217,5.178433895111084,29355050
2016-06-09,6.893860816955566,6.928157806396484,6.773818016052246,6.790966987609863,5.094806671142578,21288910
2016-06-10,6.773818016052246,6.833838939666748,6.713797092437744,6.730946063995361,5.049776554107666,18454903
2016-06-13,6.688074111938477,6.713797092437744,6.585179805755615,6.713797092437744,5.036911487579346,24614130
2016-06-14,6.696648120880127,6.8081159591674805,6.628053188323975,6.67949914932251,5.011180877685547,29934174
2016-06-15,6.730946063995361,6.790966987609863,6.722372055053711,6.730946063995361,5.049776554107666,18246337
2016-06-16,6.688074111938477,6.713797092437744,6.593754768371582,6.593754768371582,4.946852207183838,20795477
2016-06-17,6.645201206207275,6.842413902282715,6.645201206207275,6.79954195022583,5.101240158081055,34225238
2016-06-20,6.911009788513184,7.031052112579346,6.911009788513184,7.031052112579346,5.274927139282227,22247719
2016-06-21,7.022477149963379,7.091073036193848,7.0139031410217285,7.056775093078613,5.294225215911865,20292854
2016-06-22,7.06535005569458,7.116796016693115,7.0139031410217285,7.0139031410217285,5.262060642242432,19145994
2016-06-23,7.048201084136963,7.219689846038818,7.031052112579346,7.185391902923584,5.39071798324585,24148393
2016-06-24,6.782392978668213,7.005329132080078,6.739520072937012,7.005329132080078,5.25562858581543,30954173
2016-06-27,7.022477149963379,7.0996479988098145,6.919583797454834,6.953882217407227,5.217031002044678,30785337
2016-06-28,7.039626121520996,7.082499027252197,7.005329132080078,7.039626121520996,5.2813591957092285,25087567
2016-06-29,7.031052112579346,7.0739240646362305,6.953882217407227,6.979605197906494,5.236329078674316,22685289
2016-06-30,6.988180160522461,7.0739240646362305,6.971031188964844,7.056775093078613,5.294225215911865,27838216
2016-07-01,7.082499027252197,7.185391902923584,7.0739240646362305,7.185391902923584,5.39071798324585,21988174
2016-07-04,7.193966865539551,7.228263854980469,7.15109395980835,7.228263854980469,5.422881603240967,6039045
2016-07-05,7.228263854980469,7.228263854980469,7.228263854980469,7.228263854980469,5.422881603240967,0
2016-07-06,7.228263854980469,7.228263854980469,7.228263854980469,7.228263854980469,5.422881603240967,0
2016-07-07,7.228263854980469,7.228263854980469,7.228263854980469,7.228263854980469,5.422881603240967,0
2016-07-08,7.202540874481201,7.245412826538086,7.133944988250732,7.133944988250732,5.352120399475098,38752969
2016-07-11,7.193966865539551,7.2368388175964355,7.159668922424316,7.193966865539551,5.39715051651001,24221418
2016-07-12,7.211114883422852,7.605539798736572,7.185391902923584,7.571241855621338,5.680194854736328,50056118
2016-07-13,7.571241855621338,7.6226887702941895,7.528369903564453,7.571241855621338,5.680194854736328,20735166
2016-07-14,7.596965789794922,7.6226887702941895,7.511220932006836,7.579816818237305,5.686627388000488,24865182
2016-07-15,7.571241855621338,7.665561199188232,7.53694486618042,7.648413181304932,5.738091468811035,19248228
2016-07-18,7.53694486618042,7.54551887512207,6.919583797454834,7.048201084136963,5.287792205810547,68604764
2016-07-19,6.953882217407227,7.091073036193848,6.816690921783447,6.833838939666748,5.126971244812012,90599854
2016-07-20,6.876711845397949,6.911009788513184,6.610904216766357,6.610904216766357,4.959717750549316,64319039
2016-07-21,6.559456825256348,6.568030834197998,6.336521148681641,6.362244129180908,4.773165225982666,55801841
2016-07-22,6.430840015411377,6.4822869300842285,6.250776767730713,6.379393100738525,4.7860307693481445,44783614
2016-07-25,6.430840015411377,6.593754768371582,6.405117034912109,6.559456825256348,4.9211201667785645,38123804
2016-07-26,6.602328777313232,6.619478225708008,6.387968063354492,6.405117034912109,4.805330276489258,32761935
2016-07-27,6.439414978027344,6.559456825256348,6.439414978027344,6.559456825256348,4.9211201667785645,34294597
2016-07-28,6.628053188323975,6.645201206207275,6.490860939025879,6.516584873199463,4.888956546783447,41990982
2016-07-29,6.525158882141113,6.619478225708008,6.4565629959106445,6.602328777313232,4.953283786773682,35113315
2016-08-01,6.670925140380859,6.730946063995361,6.636627197265625,6.696648120880127,5.024045467376709,24156432
2016-08-02,6.688074111938477,6.696648120880127,6.559456825256348,6.559456825256348,4.9211201667785645,33770598
2016-08-03,6.5423078536987305,6.576605796813965,6.430840015411377,6.447988986968994,4.837493419647217,25518370
2016-08-04,6.465137958526611,6.662350177764893,6.41369104385376,6.653776168823242,4.991881847381592,35836099
2016-08-05,6.662350177764893,6.705223083496094,6.53373384475708,6.619478225708008,4.966150760650635,29199866
2016-08-08,6.7480950355529785,6.945306777954102,6.739520072937012,6.876711845397949,5.159135818481445,32166429
2016-08-09,6.8852858543396,7.0139031410217285,6.859562873840332,6.945306777954102,5.210597991943359,38437665
2016-08-10,6.945306777954102,6.979605197906494,6.833838939666748,6.902434825897217,5.178433895111084,32880378
2016-08-11,6.8852858543396,7.0139031410217285,6.876711845397949,7.0139031410217285,5.262060642242432,28450696
2016-08-12,7.031052112579346,7.082499027252197,6.928157806396484,6.962456226348877,5.223464012145996,23082180
2016-08-15,7.005329132080078,7.056775093078613,6.962456226348877,6.996754169464111,5.249195575714111,14171247
2016-08-16,7.022477149963379,7.039626121520996,6.850987911224365,6.850987911224365,5.13983678817749,23311283
2016-08-17,6.868136882781982,6.979605197906494,6.833838939666748,6.928157806396484,5.197731971740723,19766067
2016-08-18,6.988180160522461,7.031052112579346,6.945306777954102,6.971031188964844,5.2298970222473145,20604346
2016-08-19,6.971031188964844,7.031052112579346,6.902434825897217,7.031052112579346,5.274927139282227,18591813
2016-08-22,6.988180160522461,6.996754169464111,6.945306777954102,6.971031188964844,5.2298970222473145,16260494
2016-08-23,7.005329132080078,7.0139031410217285,6.876711845397949,6.8852858543396,5.165567874908447,24372566
2016-08-24,6.739520072937012,6.7480950355529785,6.610904216766357,6.653776168823242,4.991881847381592,37684205
2016-08-25,6.688074111938477,6.756669044494629,6.670925140380859,6.713797092437744,5.036911487579346,27080515
2016-08-26,6.713797092437744,6.868136882781982,6.696648120880127,6.850987911224365,5.13983678817749,25041519
2016-08-29,6.782392978668213,6.79954195022583,6.705223083496094,6.722372055053711,5.043344497680664,12233004
2016-08-30,6.722372055053711,6.722372055053711,6.722372055053711,6.722372055053711,5.043344497680664,0
2016-08-31,6.722372055053711,6.79954195022583,6.705223083496094,6.705223083496094,5.030479431152344,19413113
2016-09-01,6.756669044494629,6.79954195022583,6.713797092437744,6.765244007110596,5.075508117675781,21962212
2016-09-02,6.782392978668213,6.911009788513184,6.756669044494629,6.876711845397949,5.159135818481445,23542418
2016-09-05,6.919583797454834,7.0739240646362305,6.911009788513184,7.022477149963379,5.26849365234375,21224015
2016-09-06,7.048201084136963,7.082499027252197,7.005329132080078,7.048201084136963,5.287792205810547,24520556
2016-09-07,7.06535005569458,7.082499027252197,6.971031188964844,7.005329132080078,5.25562858581543,19703895
2016-09-08,7.031052112579346,7.0996479988098145,7.005329132080078,7.06535005569458,5.300658226013184,24648832
2016-09-09,7.039626121520996,7.039626121520996,6.902434825897217,6.902434825897217,5.178433895111084,24318484
2016-09-12,6.902434825897217,6.902434825897217,6.902434825897217,6.902434825897217,5.178433895111084,0
2016-09-13,6.902434825897217,6.902434825897217,6.902434825897217,6.902434825897217,5.178433895111084,0
2016-09-14,6.902434825897217,6.902434825897217,6.902434825897217,6.902434825897217,5.178433895111084,0
2016-09-15,6.902434825897217,6.902434825897217,6.902434825897217,6.902434825897217,5.178433895111084,0
2016-09-16,6.911009788513184,6.979605197906494,6.8852858543396,6.8852858543396,5.165567874908447,23420031
2016-09-19,6.945306777954102,7.0996479988098145,6.936732769012451,7.0996479988098145,5.326389789581299,23493306
2016-09-20,7.108222007751465,7.108222007751465,7.005329132080078,7.031052112579346,5.274927139282227,20963614
2016-09-21,7.056775093078613,7.116796016693115,6.996754169464111,7.0739240646362305,5.3070902824401855,27284692
2016-09-22,7.202540874481201,7.262561798095703,7.159668922424316,7.219689846038818,5.416449069976807,29784805
2016-09-23,7.219689846038818,7.253987789154053,7.185391902923584,7.202540874481201,5.403583526611328,21173163
2016-09-26,6.850987911224365,6.919583797454834,6.713797092437744,6.825264930725098,5.120538234710693,41141780
2016-09-27,6.833838939666748,6.971031188964844,6.825264930725098,6.971031188964844,5.2298970222473145,27168954
2016-09-28,6.971031188964844,7.125370979309082,6.962456226348877,7.125370979309082,5.345687389373779,24045697
2016-09-29,7.125370979309082,7.125370979309082,6.945306777954102,6.971031188964844,5.2298970222473145,25271387
2016-09-30,6.911009788513184,6.928157806396484,6.816690921783447,6.893860816955566,5.172001361846924,25594004
2016-10-03,6.936732769012451,7.0139031410217285,6.928157806396484,7.0139031410217285,5.262060642242432,21195203
2016-10-04,7.0139031410217285,7.022477149963379,6.893860816955566,6.936732769012451,5.204164981842041,28786933
2016-10-05,6.876711845397949,6.979605197906494,6.833838939666748,6.971031188964844,5.2298970222473145,29886987
2016-10-06,7.005329132080078,7.048201084136963,6.936732769012451,6.971031188964844,5.2298970222473145,23831528
2016-10-07,6.988180160522461,7.022477149963379,6.919583797454834,6.945306777954102,5.210597991943359,22053766
2016-10-10,6.988180160522461,7.0139031410217285,6.945306777954102,6.962456226348877,5.223464012145996,15956366
2016-10-11,6.953882217407227,6.979605197906494,6.902434825897217,6.971031188964844,5.2298970222473145,19663472
2016-10-12,6.988180160522461,7.0139031410217285,6.919583797454834,6.953882217407227,5.217031002044678,22097351
2016-10-13,6.936732769012451,6.971031188964844,6.756669044494629,6.8081159591674805,5.107672691345215,34653923
2016-10-14,6.842413902282715,6.911009788513184,6.79954195022583,6.902434825897217,5.178433895111084,27064267
2016-10-17,6.876711845397949,6.945306777954102,6.842413902282715,6.902434825897217,5.178433895111084,18754084
2016-10-18,6.953882217407227,7.133944988250732,6.953882217407227,7.125370979309082,5.345687389373779,37526841
2016-10-19,7.159668922424316,7.219689846038818,7.142519950866699,7.202540874481201,5.403583526611328,22334946
2016-10-20,7.228263854980469,7.245412826538086,7.159668922424316,7.219689846038818,5.416449069976807,25109980
2016-10-21,7.219689846038818,7.228263854980469,7.159668922424316,7.176817893981934,5.384284973144531,12804683
2016-10-24,7.211114883422852,7.262561798095703,7.193966865539551,7.2368388175964355,5.429314613342285,20779558
2016-10-25,7.228263854980469,7.262561798095703,7.108222007751465,7.116796016693115,5.339254856109619,34144993
2016-10-26,7.15109395980835,7.159668922424316,7.0739240646362305,7.142519950866699,5.358553409576416,32470980
2016-10-27,7.133944988250732,7.159668922424316,7.005329132080078,7.022477149963379,5.26849365234375,24710739
2016-10-28,7.005329132080078,7.056775093078613,6.996754169464111,7.022477149963379,5.26849365234375,9446028
2016-10-31,7.048201084136963,7.108222007751465,7.048201084136963,7.091073036193848,5.319957256317139,13065380
2016-11-01,7.116796016693115,7.15109395980835,6.962456226348877,6.979605197906494,5.236329078674316,21092322
2016-11-02,6.971031188964844,7.022477149963379,6.928157806396484,6.936732769012451,5.204164981842041,21012488
2016-11-03,6.945306777954102,6.988180160522461,6.825264930725098,6.825264930725098,5.120538234710693,21841175
2016-11-04,6.739520072937012,6.773818016052246,6.576605796813965,6.602328777313232,4.953283786773682,34048984
2016-11-07,6.688074111938477,6.782392978668213,6.67949914932251,6.713797092437744,5.036911487579346,25714574
2016-11-08,6.705223083496094,6.773818016052246,6.653776168823242,6.773818016052246,5.081941604614258,21604854
2016-11-09,6.645201206207275,6.816690921783447,6.602328777313232,6.782392978668213,5.088374137878418,31838282
2016-11-10,6.842413902282715,6.876711845397949,6.8081159591674805,6.8081159591674805,5.107672691345215,30939679
2016-11-11,6.790966987609863,6.825264930725098,6.628053188323975,6.636627197265625,4.979015827178955,26498904
2016-11-14,6.662350177764893,6.696648120880127,6.610904216766357,6.628053188323975,4.972583770751953,20974050
2016-11-15,6.662350177764893,6.773818016052246,6.662350177764893,6.765244007110596,5.075508117675781,24600011
2016-11-16,6.790966987609863,6.79954195022583,6.628053188323975,6.670925140380859,5.00474739074707,24711955
2016-11-17,6.705223083496094,6.765244007110596,6.653776168823242,6.670925140380859,5.00474739074707,22566806
2016-11-18,6.645201206207275,6.773818016052246,6.602328777313232,6.756669044494629,5.069075584411621,30873799
2016-11-21,6.773818016052246,6.782392978668213,6.67949914932251,6.705223083496094,5.030479431152344,18540534
2016-11-22,6.705223083496094,6.859562873840332,6.696648120880127,6.833838939666748,5.126971244812012,34135469
2016-11-23,6.850987911224365,6.876711845397949,6.67949914932251,6.67949914932251,5.011180877685547,18928950
2016-11-24,6.670925140380859,6.773818016052246,6.508009910583496,6.550881862640381,4.914687633514404,33661149
2016-11-25,6.516584873199463,6.602328777313232,6.490860939025879,6.576605796813965,4.933986186981201,27822365
2016-11-28,6.636627197265625,6.705223083496094,6.619478225708008,6.653776168823242,4.991881847381592,15895395
2016-11-29,6.636627197265625,6.67949914932251,6.550881862640381,6.559456825256348,4.9211201667785645,23058653
2016-11-30,6.602328777313232,6.619478225708008,6.465137958526611,6.473711967468262,4.856792449951172,28128019
2016-12-01,6.490860939025879,6.508009910583496,6.370819091796875,6.396542072296143,4.798896312713623,26626871
2016-12-02,6.405117034912109,6.4565629959106445,6.319372177124023,6.370819091796875,4.779598236083984,64427251
2016-12-05,6.32794713973999,6.405117034912109,6.285074234008789,6.319372177124023,4.741000652313232,51699581
2016-12-06,6.362244129180908,6.516584873199463,6.353670120239258,6.499435901641846,4.876091003417969,51947105
2016-12-07,6.490860939025879,6.619478225708008,6.473711967468262,6.593754768371582,4.946852207183838,38934163
2016-12-08,6.610904216766357,6.662350177764893,6.473711967468262,6.550881862640381,4.914687633514404,37752410
2016-12-09,6.576605796813965,6.593754768371582,6.499435901641846,6.499435901641846,4.876091003417969,22026852
2016-12-12,6.473711967468262,6.568030834197998,6.387968063354492,6.5423078536987305,4.908254623413086,24479490
2016-12-13,6.568030834197998,6.696648120880127,6.516584873199463,6.696648120880127,5.024045467376709,32262642
2016-12-14,6.67949914932251,6.765244007110596,6.653776168823242,6.756669044494629,5.069075584411621,26193108
2016-12-15,6.688074111938477,6.825264930725098,6.688074111938477,6.825264930725098,5.120538234710693,32618726
2016-12-16,6.833838939666748,6.842413902282715,6.722372055053711,6.730946063995361,5.049776554107666,27996035
2016-12-19,6.756669044494629,6.790966987609863,6.67949914932251,6.67949914932251,5.011180877685547,20094935
2016-12-20,6.67949914932251,6.739520072937012,6.645201206207275,6.730946063995361,5.049776554107666,21720118
2016-12-21,6.756669044494629,6.790966987609863,6.688074111938477,6.696648120880127,5.024045467376709,30003270
2016-12-22,6.705223083496094,6.730946063995361,6.662350177764893,6.670925140380859,5.00474739074707,21973138
2016-12-23,6.688074111938477,6.705223083496094,6.602328777313232,6.619478225708008,4.966150760650635,15210971
2016-12-26,6.636627197265625,6.645201206207275,6.610904216766357,6.628053188323975,4.972583770751953,2945071
2016-12-27,6.636627197265625,6.653776168823242,6.550881862640381,6.576605796813965,4.933986186981201,7543654
2016-12-28,6.576605796813965,6.67949914932251,6.550881862640381,6.67949914932251,5.011180877685547,13469428
2016-12-29,6.67949914932251,6.705223083496094,6.645201206207275,6.662350177764893,4.998315334320068,7368807
2016-12-30,6.688074111938477,6.722372055053711,6.662350177764893,6.705223083496094,5.030479431152344,9747755
2017-01-02,6.67949914932251,6.705223083496094,6.662350177764893,6.662350177764893,4.998315334320068,7739639
2017-01-03,6.670925140380859,6.722372055053711,6.525158882141113,6.525158882141113,4.895389080047607,38156599
2017-01-04,6.5423078536987305,6.576605796813965,6.430840015411377,6.430840015411377,4.8246283531188965,30677801
2017-01-05,6.4822869300842285,6.516584873199463,6.405117034912109,6.430840015411377,4.8246283531188965,28249925
2017-01-06,6.430840015411377,6.568030834197998,6.405117034912109,6.559456825256348,4.9211201667785645,26014463
2017-01-09,6.516584873199463,6.628053188323975,6.508009910583496,6.568030834197998,4.927553176879883,24287712
2017-01-10,6.53373384475708,6.593754768371582,6.405117034912109,6.405117034912109,4.805330276489258,62645664
2017-01-11,6.379393100738525,6.41369104385376,6.319372177124023,6.370819091796875,4.779598236083984,75146824
2017-01-12,6.387968063354492,6.790966987609863,6.387968063354492,6.730946063995361,5.049776554107666,165614122
2017-01-13,6.722372055053711,6.756669044494629,6.628053188323975,6.688074111938477,5.017613887786865,70687117
2017-01-16,6.696648120880127,6.7480950355529785,6.619478225708008,6.628053188323975,4.972583770751953,69672354
2017-01-17,6.670925140380859,6.739520072937012,6.610904216766357,6.713797092437744,5.036911487579346,66132038
2017-01-18,6.722372055053711,6.8081159591674805,6.705223083496094,6.756669044494629,5.069075584411621,81677899
2017-01-19,6.773818016052246,6.816690921783447,6.662350177764893,6.670925140380859,5.00474739074707,48312983
2017-01-20,6.688074111938477,6.816690921783447,6.662350177764893,6.790966987609863,5.094806671142578,35331387
2017-01-23,6.816690921783447,6.833838939666748,6.713797092437744,6.722372055053711,5.043344497680664,33531572
2017-01-24,6.7480950355529785,6.833838939666748,6.67949914932251,6.833838939666748,5.126971244812012,41467892
2017-01-25,6.816690921783447,6.816690921783447,6.696648120880127,6.739520072937012,5.056210041046143,25632550
2017-01-26,6.765244007110596,6.8852858543396,6.705223083496094,6.8852858543396,5.165567874908447,41045339
2017-01-27,6.859562873840332,6.911009788513184,6.765244007110596,6.790966987609863,5.094806671142578,26820804
2017-01-30,6.782392978668213,7.168242931365967,6.782392978668213,7.15109395980835,5.364985942840576,60540587
2017-01-31,7.142519950866699,7.271137237548828,7.116796016693115,7.202540874481201,5.403583526611328,44193763
2017-02-01,7.185391902923584,7.262561798095703,7.108222007751465,7.245412826538086,5.435747146606445,35750118
2017-02-02,7.271137237548828,7.425477027893066,7.253987789154053,7.425477027893066,5.570837020874023,39075697
2017-02-03,7.391179084777832,7.5626678466796875,7.3397321701049805,7.554093837738037,5.667329788208008,40128809
2017-02-06,7.639838218688965,7.734157085418701,7.399753093719482,7.399753093719482,5.551538467407227,64522734
2017-02-07,7.391179084777832,7.494071960449219,7.348307132720947,7.442625999450684,5.583702564239502,24068371
2017-02-08,7.442625999450684,7.579816818237305,7.4169020652771,7.554093837738037,5.667329788208008,27374520
2017-02-09,7.5626678466796875,7.639838218688965,7.468348979949951,7.605539798736572,5.705926418304443,34924044
2017-02-10,7.639838218688965,7.648413181304932,7.399753093719482,7.399753093719482,5.551538467407227,28050348
2017-02-13,7.4169020652771,7.6312642097473145,7.408328056335449,7.605539798736572,5.705926418304443,24563948
2017-02-14,7.648413181304932,7.656987190246582,7.494071960449219,7.639838218688965,5.731657981872559,36866227
2017-02-15,7.656987190246582,7.691285133361816,7.528369903564453,7.528369903564453,5.6480302810668945,29899240
2017-02-16,7.5626678466796875,7.6226887702941895,7.554093837738037,7.588390827178955,5.693060874938965,16119078
2017-02-17,7.588390827178955,7.742732048034668,7.571241855621338,7.699859142303467,5.7766876220703125,35658390
2017-02-20,7.794178009033203,7.80275297164917,7.656987190246582,7.665561199188232,5.750956058502197,26133786
2017-02-21,7.674136161804199,7.7684550285339355,7.656987190246582,7.68271017074585,5.763822555541992,22587822
2017-02-22,7.665561199188232,7.699859142303467,7.5026469230651855,7.53694486618042,5.654463768005371,33649794
2017-02-23,7.571241855621338,7.648413181304932,7.5626678466796875,7.5626678466796875,5.673762321472168,33141349
2017-02-24,7.579816818237305,7.614115238189697,7.468348979949951,7.519795894622803,5.641598701477051,24445600
2017-02-27,7.53694486618042,7.579816818237305,7.494071960449219,7.494071960449219,5.622299671173096,14446764
2017-02-28,7.494071960449219,7.511220932006836,7.391179084777832,7.451200008392334,5.59013557434082,26506620
2017-03-01,7.494071960449219,7.674136161804199,7.459774971008301,7.665561199188232,5.750956058502197,30924933
2017-03-02,7.674136161804199,7.7684550285339355,7.648413181304932,7.725583076477051,5.795986652374268,22004108
2017-03-03,7.717008113861084,7.7684550285339355,7.648413181304932,7.708434104919434,5.783121109008789,25422150
2017-03-06,7.751306056976318,7.982816219329834,7.751306056976318,7.939943790435791,5.9568071365356445,23922912
2017-03-07,7.974242210388184,7.991391181945801,7.759880065917969,7.8284759521484375,5.873180866241455,22593956
2017-03-08,7.845624923706055,7.845624923706055,7.588390827178955,7.656987190246582,5.7445244789123535,30467892
2017-03-09,7.6312642097473145,7.6312642097473145,7.485497951507568,7.53694486618042,5.654463768005371,27192637
2017-03-10,7.5626678466796875,7.648413181304932,7.54551887512207,7.605539798736572,5.705926418304443,20953133
2017-03-13,7.614115238189697,7.6312642097473145,7.53694486618042,7.614115238189697,5.71235990524292,13171646
2017-03-14,7.6312642097473145,7.6312642097473145,7.511220932006836,7.511220932006836,5.635165214538574,17193033
2017-03-15,7.54551887512207,7.6226887702941895,7.53694486618042,7.579816818237305,5.686627388000488,17042170
2017-03-16,7.674136161804199,7.742732048034668,7.6312642097473145,7.648413181304932,5.738091468811035,31670558
2017-03-17,7.691285133361816,7.725583076477051,7.605539798736572,7.639838218688965,5.731657981872559,28179489
2017-03-20,7.596965789794922,7.674136161804199,7.579816818237305,7.674136161804199,5.757389545440674,13091527
2017-03-21,7.699859142303467,7.742732048034668,7.596965789794922,7.596965789794922,5.699493885040283,23935717
2017-03-22,7.54551887512207,7.588390827178955,7.476923942565918,7.528369903564453,5.6480302810668945,20294573
2017-03-23,7.554093837738037,7.5626678466796875,7.476923942565918,7.476923942565918,5.609434127807617,16151834
2017-03-24,7.485497951507568,7.6226887702941895,7.468348979949951,7.6226887702941895,5.718791961669922,21187598
2017-03-27,7.588390827178955,7.605539798736572,7.54551887512207,7.554093837738037,5.667329788208008,17854596
2017-03-28,7.588390827178955,7.6226887702941895,7.5626678466796875,7.596965789794922,5.699493885040283,20949704
2017-03-29,7.494071960449219,7.54551887512207,7.468348979949951,7.528369903564453,5.6480302810668945,30158214
2017-03-30,7.399753093719482,7.408328056335449,7.33115816116333,7.33115816116333,5.644730091094971,20539547
2017-03-31,7.3397321701049805,7.391179084777832,7.314009189605713,7.314009189605713,5.631526470184326,18007421
2017-04-03,7.3397321701049805,7.348307132720947,7.262561798095703,7.262561798095703,5.59191370010376,14590849
2017-04-04,7.245412826538086,7.356881141662598,7.245412826538086,7.314009189605713,5.631526470184326,23543129
2017-04-05,7.322583198547363,7.425477027893066,7.314009189605713,7.4169020652771,5.710750102996826,26510761
2017-04-06,7.382605075836182,7.4169020652771,7.3654561042785645,7.374030113220215,5.677740573883057,12261634
2017-04-07,7.33115816116333,7.391179084777832,7.33115816116333,7.3397321701049805,5.651332378387451,16936919
2017-04-10,7.374030113220215,7.80275297164917,7.374030113220215,7.777029037475586,5.988035678863525,52974398
2017-04-11,7.777029037475586,7.879922866821289,7.742732048034668,7.742732048034668,5.961627960205078,33836682
2017-04-12,7.80275297164917,7.845624923706055,7.759880065917969,7.80275297164917,6.007842063903809,18626314
2017-04-13,7.8284759521484375,7.837050914764404,7.639838218688965,7.674136161804199,5.908810615539551,22174676
2017-04-14,7.674136161804199,7.8284759521484375,7.605539798736572,7.794178009033203,6.00123929977417,17132036
2017-04-17,7.862773895263672,7.8884968757629395,7.725583076477051,7.794178009033203,6.00123929977417,26479820
2017-04-18,7.7684550285339355,8.574454307556152,7.7684550285339355,7.939943790435791,6.113473892211914,52049446
2017-04-19,7.965666770935059,7.982816219329834,7.742732048034668,7.819901943206787,6.021045684814453,34814915
2017-04-20,7.862773895263672,7.965666770935059,7.819901943206787,7.948517799377441,6.120075225830078,42919167
2017-04-21,7.999965190887451,8.025689125061035,7.922794818878174,7.982816219329834,6.146483421325684,22857058
2017-04-24,8.059986114501953,8.28292179107666,8.051411628723145,8.240050315856934,6.344544887542725,37443765
2017-04-25,8.274348258972168,8.377241134643555,8.188603401184082,8.317219734191895,6.4039626121521,39634338
2017-04-26,8.291497230529785,8.34294319152832,8.162879943847656,8.19717788696289,6.311534881591797,45687877
2017-04-27,8.231474876403809,8.291497230529785,8.094284057617188,8.094284057617188,6.232309818267822,25202047
2017-04-28,8.12000846862793,8.188603401184082,8.051411628723145,8.154305458068848,6.278524875640869,22092743
2017-05-01,8.154305458068848,8.154305458068848,8.154305458068848,8.154305458068848,6.278524875640869,0
2017-05-02,8.19717788696289,8.231474876403809,8.085709571838379,8.085709571838379,6.225708484649658,27930635
2017-05-03,8.102858543395996,8.145730972290039,8.025689125061035,8.059986114501953,6.205902576446533,19714774
2017-05-04,8.059986114501953,8.248623847961426,7.939943790435791,7.948517799377441,6.120075225830078,39063268
2017-05-05,7.939943790435791,8.008540153503418,7.914220809936523,7.974242210388184,6.139882564544678,36460477
2017-05-08,8.034262657165527,8.042837142944336,7.905645847320557,7.922794818878174,6.100269317626953,31706961
2017-05-09,7.922794818878174,8.042837142944336,7.897071838378906,8.042837142944336,6.192697525024414,37387759
2017-05-10,8.01711368560791,8.085709571838379,7.922794818878174,8.085709571838379,6.225708484649658,37090028
2017-05-11,8.111433029174805,8.111433029174805,7.897071838378906,7.931369781494141,6.106872081756592,27882677
2017-05-12,7.939943790435791,7.974242210388184,7.81132698059082,7.879922866821289,6.067259788513184,30949048
2017-05-15,7.931369781494141,7.957092761993408,7.879922866821289,7.914220809936523,6.093667984008789,24533803
2017-05-16,7.948517799377441,7.991391181945801,7.905645847320557,7.974242210388184,6.139882564544678,35397949
2017-05-17,7.931369781494141,8.07713508605957,7.897071838378906,7.999965190887451,6.1596879959106445,34789973
2017-05-18,7.965666770935059,7.982816219329834,7.854198932647705,7.931369781494141,6.106872081756592,26617542
2017-05-19,7.931369781494141,7.931369781494141,7.931369781494141,7.931369781494141,6.106872081756592,0
2017-05-22,8.01711368560791,8.042837142944336,7.982816219329834,8.01711368560791,6.172891616821289,27694551
2017-05-23,7.999965190887451,8.162879943847656,7.982816219329834,8.154305458068848,6.278524875640869,33455477
2017-05-24,8.188603401184082,8.46298599243164,8.188603401184082,8.300070762634277,6.390758514404297,52781807
2017-05-25,8.317219734191895,8.317219734191895,8.188603401184082,8.291497230529785,6.384156703948975,28463236
2017-05-26,8.25719928741455,8.291497230529785,8.171454429626465,8.19717788696289,6.311534881591797,18731831
2017-05-29,8.214326858520508,8.291497230529785,8.188603401184082,8.25719928741455,6.3577494621276855,8383026
2017-05-30,8.265772819519043,8.265772819519043,8.137155532836914,8.145730972290039,6.271922588348389,19209334
2017-05-31,8.171454429626465,8.300070762634277,8.171454429626465,8.171454429626465,6.291728496551514,26602795
2017-06-01,8.19717788696289,8.2057523727417,8.111433029174805,8.171454429626465,6.291728496551514,23306879
2017-06-02,8.265772819519043,8.28292179107666,8.180028915405273,8.28292179107666,6.377554893493652,22259342
2017-06-05,8.317219734191895,8.34294319152832,8.188603401184082,8.240050315856934,6.344544887542725,27489199
2017-06-06,8.240050315856934,8.291497230529785,8.188603401184082,8.25719928741455,6.3577494621276855,21778784
2017-06-07,8.248623847961426,8.300070762634277,8.145730972290039,8.19717788696289,6.311534881591797,27584166
2017-06-08,8.2057523727417,8.214326858520508,8.128582000732422,8.154305458068848,6.278524875640869,18822853
2017-06-09,8.2057523727417,8.291497230529785,8.2057523727417,8.240050315856934,6.344544887542725,13827217
2017-06-12,8.231474876403809,8.394390106201172,8.231474876403809,8.394390106201172,6.463380813598633,19786999
2017-06-13,8.428688049316406,8.437261581420898,8.325794219970703,8.40296459197998,6.4699835777282715,24785763
2017-06-14,8.411539077758789,8.454410552978516,8.34294319152832,8.454410552978516,6.509594917297363,15954564
2017-06-15,8.420112609863281,8.428688049316406,8.317219734191895,8.368666648864746,6.443575382232666,13830508
2017-06-16,8.368666648864746,8.428688049316406,8.334368705749512,8.360092163085938,6.436972618103027,21565821
2017-06-19,8.40296459197998,8.583027839660645,8.40296459197998,8.583027839660645,6.608625411987305,26556050
2017-06-20,8.600176811218262,8.625900268554688,8.471559524536133,8.54872989654541,6.582217216491699,25743621
2017-06-21,8.531580924987793,8.574454307556152,8.454410552978516,8.557305335998535,6.588820457458496,13364651
2017-06-22,8.59160327911377,8.625900268554688,8.514431953430176,8.625900268554688,6.641635417938232,16156415
2017-06-23,8.634474754333496,8.634474754333496,8.497283935546875,8.5230073928833,6.562411785125732,12739832
2017-06-26,8.5230073928833,8.5230073928833,8.5230073928833,8.5230073928833,6.562411785125732,0
2017-06-27,8.5230073928833,8.5230073928833,8.5230073928833,8.5230073928833,6.562411785125732,0
2017-06-28,8.46298599243164,8.557305335998535,8.46298599243164,8.557305335998535,6.588820457458496,21164516
2017-06-29,8.59160327911377,8.643049240112305,8.471559524536133,8.480134963989258,6.5294013023376465,18679969
2017-06-30,8.454410552978516,8.514431953430176,8.40296459197998,8.40296459197998,6.4699835777282715,29579541
2017-07-03,8.420112609863281,8.514431953430176,8.394390106201172,8.428688049316406,6.489789962768555,22148018
2017-07-04,8.428688049316406,8.565878868103027,8.411539077758789,8.565878868103027,6.595421314239502,26982020
2017-07-05,8.565878868103027,8.574454307556152,8.445837020874023,8.454410552978516,6.509594917297363,14018032
2017-07-06,8.471559524536133,8.514431953430176,8.411539077758789,8.514431953430176,6.555809497833252,17496607
2017-07-07,8.497283935546875,8.54872989654541,8.445837020874023,8.454410552978516,6.509594917297363,13545586
2017-07-10,8.505858421325684,8.540156364440918,8.454410552978516,8.497283935546875,6.542605400085449,10488335
2017-07-11,8.488709449768066,8.831686973571777,8.488709449768066,8.788814544677734,6.767073631286621,35125724
2017-07-12,8.72879409790039,8.93458080291748,8.720218658447266,8.900282859802246,6.85290002822876,24306150
2017-07-13,8.900282859802246,8.93458080291748,8.745943069458008,8.763092041015625,6.747268199920654,25165320
2017-07-14,8.805964469909668,8.908857345581055,8.780241012573242,8.900282859802246,6.85290002822876,13662234
2017-07-17,8.891708374023438,9.02032470703125,8.865984916687012,9.02032470703125,6.945328712463379,17020107
2017-07-18,9.003175735473633,9.028900146484375,8.874560356140137,8.900282859802246,6.85290002822876,11718372
2017-07-19,8.943155288696289,9.114644050598145,8.917431831359863,9.088920593261719,6.99814510345459,23823710
2017-07-20,9.106069564819336,9.106069564819336,8.960304260253906,8.968878746032715,6.905716896057129,16705763
2017-07-21,8.93458080291748,8.943155288696289,8.805964469909668,8.93458080291748,6.879308223724365,19128827
2017-07-24,8.951729774475098,9.003175735473633,8.883133888244629,8.917431831359863,6.866104602813721,14370850
2017-07-25,8.960304260253906,8.977453231811523,8.891708374023438,8.891708374023438,6.8462982177734375,20664915
2017-07-26,8.900282859802246,8.960304260253906,8.883133888244629,8.943155288696289,6.885910511016846,16996403
2017-07-27,8.99460220336914,9.054622650146484,8.968878746032715,9.028900146484375,6.951930999755859,21322031
2017-07-28,8.99460220336914,9.003175735473633,8.926006317138672,8.926006317138672,6.872706413269043,14122683
2017-07-31,8.943155288696289,8.99460220336914,8.891708374023438,8.968878746032715,6.905716896057129,16087883
2017-08-01,9.02032470703125,9.037473678588867,8.805964469909668,8.848835945129395,6.813288688659668,17753950
2017-08-02,8.874560356140137,8.960304260253906,8.831686973571777,8.908857345581055,6.859502792358398,14470553
2017-08-03,8.891708374023438,8.951729774475098,8.865984916687012,8.891708374023438,6.8462982177734375,12473959
2017-08-04,8.891708374023438,9.054622650146484,8.883133888244629,9.054622650146484,6.971736431121826,14433589
2017-08-07,9.114644050598145,9.183239936828613,9.088920593261719,9.114644050598145,7.017951011657715,13965669
2017-08-08,9.123218536376953,9.191814422607422,9.08034610748291,9.097495079040527,7.004746913909912,13360682
2017-08-09,9.06319808959961,9.071771621704102,8.917431831359863,8.93458080291748,6.879308223724365,18086571
2017-08-10,8.951729774475098,9.003175735473633,8.840262413024902,8.85741138458252,6.81989049911499,19064567
2017-08-11,8.831686973571777,8.883133888244629,8.711645126342773,8.720218658447266,6.714257717132568,17738537
2017-08-14,8.823113441467285,9.003175735473633,8.788814544677734,8.977453231811523,6.912319660186768,14196710
2017-08-15,9.003175735473633,9.003175735473633,8.763092041015625,8.763092041015625,6.747268199920654,20381944
2017-08-16,8.81453800201416,8.900282859802246,8.643049240112305,8.763092041015625,6.747268199920654,27987286
2017-08-17,8.797389030456543,8.831686973571777,8.643049240112305,8.703069686889648,6.701053619384766,22845562
2017-08-18,8.634474754333496,8.677347183227539,8.59160327911377,8.66877269744873,6.67464542388916,12433908
2017-08-21,8.643049240112305,8.805964469909668,8.625900268554688,8.745943069458008,6.734065055847168,20232185
2017-08-22,8.797389030456543,8.840262413024902,8.72879409790039,8.745943069458008,6.734065055847168,19030122
2017-08-23,8.745943069458008,8.805964469909668,8.72879409790039,8.788814544677734,6.767073631286621,9678193
2017-08-24,8.797389030456543,8.943155288696289,8.797389030456543,8.865984916687012,6.8264923095703125,20319832
2017-08-25,8.865984916687012,9.003175735473633,8.840262413024902,8.960304260253906,6.899114608764648,15063509
2017-08-28,8.99460220336914,9.003175735473633,8.926006317138672,9.003175735473633,6.93212366104126,11240235
2017-08-29,8.986026763916016,8.986026763916016,8.900282859802246,8.968878746032715,6.905716896057129,14773174
2017-08-30,8.968878746032715,8.968878746032715,8.968878746032715,8.968878746032715,6.905716896057129,0
2017-08-31,8.986026763916016,8.986026763916016,8.865984916687012,8.865984916687012,6.8264923095703125,7880017
2017-09-01,8.865984916687012,8.865984916687012,8.865984916687012,8.865984916687012,6.8264923095703125,0
2017-09-04,8.865984916687012,8.865984916687012,8.865984916687012,8.865984916687012,6.8264923095703125,0
2017-09-05,8.891708374023438,8.951729774475098,8.780241012573242,8.865984916687012,6.8264923095703125,21774256
2017-09-06,8.883133888244629,8.943155288696289,8.788814544677734,8.797389030456543,6.773675441741943,26322326
2017-09-07,8.788814544677734,8.81453800201416,8.703069686889648,8.703069686889648,6.701053619384766,20594965
2017-09-08,8.720218658447266,8.737367630004883,8.540156364440918,8.600176811218262,6.621829986572266,19162801
2017-09-11,8.643049240112305,8.72879409790039,8.634474754333496,8.694496154785156,6.694451332092285,14492100
2017-09-12,8.720218658447266,8.7545166015625,8.66877269744873,8.737367630004883,6.727461338043213,17929062
2017-09-13,8.72879409790039,8.780241012573242,8.643049240112305,8.643049240112305,6.654839992523193,14621425
2017-09-14,8.643049240112305,8.788814544677734,8.643049240112305,8.745943069458008,6.734065055847168,17640511
2017-09-15,8.7545166015625,8.85741138458252,8.711645126342773,8.771665573120117,6.753870010375977,18998982
2017-09-18,8.780241012573242,8.805964469909668,8.720218658447266,8.720218658447266,6.714257717132568,10837962
2017-09-19,8.694496154785156,8.703069686889648,8.497283935546875,8.497283935546875,6.542605400085449,14737952
2017-09-20,8.514431953430176,8.531580924987793,8.40296459197998,8.445837020874023,6.502993583679199,17722815
2017-09-21,8.40296459197998,8.471559524536133,8.325794219970703,8.325794219970703,6.41056489944458,15030260
2017-09-22,8.360092163085938,8.514431953430176,8.360092163085938,8.514431953430176,6.555809497833252,16693033
2017-09-25,8.505858421325684,8.505858421325684,8.377241134643555,8.40296459197998,6.4699835777282715,19744817
2017-09-26,8.454410552978516,8.5230073928833,8.351517677307129,8.497283935546875,6.542605400085449,21635057
2017-09-27,8.488709449768066,8.514431953430176,8.008540153503418,8.008540153503418,6.166289806365967,25156011
2017-09-28,7.982816219329834,8.188603401184082,7.965666770935059,8.102858543395996,6.238912105560303,43418471
2017-09-29,8.137155532836914,8.145730972290039,8.059986114501953,8.059986114501953,6.205902576446533,24112399
2017-10-02,8.059986114501953,8.137155532836914,8.025689125061035,8.111433029174805,6.245514392852783,18895004
2017-10-03,8.111433029174805,8.188603401184082,8.07713508605957,8.102858543395996,6.238912105560303,14445188
2017-10-04,8.145730972290039,8.325794219970703,8.128582000732422,8.248623847961426,6.351146697998047,19314046
2017-10-05,8.25719928741455,8.274348258972168,8.154305458068848,8.162879943847656,6.285126686096191,14220604
2017-10-06,8.145730972290039,8.171454429626465,8.07713508605957,8.111433029174805,6.245514392852783,14687088
2017-10-09,7.837050914764404,7.8884968757629395,7.648413181304932,7.879922866821289,6.067259788513184,20387623
2017-10-10,8.051411628723145,8.137155532836914,7.914220809936523,8.12000846862793,6.252116680145264,18313051
2017-10-11,8.085709571838379,8.274348258972168,8.008540153503418,8.085709571838379,6.225708484649658,21829751
2017-10-12,8.222901344299316,8.308646202087402,8.094284057617188,8.308646202087402,6.3973612785339355,16646196
2017-10-13,8.325794219970703,8.368666648864746,8.162879943847656,8.317219734191895,6.4039626121521,25916715
2017-10-16,8.334368705749512,8.385815620422363,8.248623847961426,8.25719928741455,6.3577494621276855,26117762
2017-10-17,8.265772819519043,8.325794219970703,8.222901344299316,8.240050315856934,6.344544887542725,23730308
2017-10-18,8.274348258972168,8.291497230529785,8.214326858520508,8.222901344299316,6.331340789794922,17541807
2017-10-19,8.240050315856934,8.437261581420898,8.240050315856934,8.437261581420898,6.496390342712402,20192760
2017-10-20,8.454410552978516,8.514431953430176,8.360092163085938,8.394390106201172,6.463380813598633,18413510
2017-10-23,8.368666648864746,8.368666648864746,8.162879943847656,8.162879943847656,6.285126686096191,15351199
2017-10-24,8.180028915405273,8.222901344299316,8.111433029174805,8.154305458068848,6.278524875640869,14623355
2017-10-25,8.180028915405273,8.411539077758789,8.171454429626465,8.411539077758789,6.476585388183594,17826120
2017-10-26,8.385815620422363,8.46298599243164,8.25719928741455,8.25719928741455,6.3577494621276855,17896792
2017-10-27,8.19717788696289,8.231474876403809,8.145730972290039,8.222901344299316,6.331340789794922,24949904
2017-10-30,8.317219734191895,8.394390106201172,8.265772819519043,8.317219734191895,6.4039626121521,15599917
2017-10-31,8.334368705749512,8.583027839660645,8.317219734191895,8.583027839660645,6.608625411987305,21074739
2017-11-01,8.60875129699707,9.02032470703125,8.600176811218262,8.917431831359863,6.866104602813721,29796472
2017-11-02,9.046049118041992,9.097495079040527,8.831686973571777,8.883133888244629,6.839695930480957,22174724
2017-11-03,8.865984916687012,8.874560356140137,8.497283935546875,8.557305335998535,6.588820457458496,23228983
2017-11-06,8.600176811218262,8.93458080291748,8.54872989654541,8.840262413024902,6.806686878204346,23332092
2017-11-07,8.831686973571777,8.848835945129395,8.565878868103027,8.617325782775879,6.635034561157227,17773062
2017-11-08,8.651623725891113,8.660198211669922,8.40296459197998,8.428688049316406,6.489789962768555,22754892
2017-11-09,8.505858421325684,8.54872989654541,8.214326858520508,8.265772819519043,6.364350318908691,17388537
2017-11-10,8.274348258972168,8.291497230529785,8.162879943847656,8.265772819519043,6.364350318908691,15291520
2017-11-13,8.334368705749512,8.46298599243164,8.162879943847656,8.394390106201172,6.463380813598633,19049819
2017-11-14,8.385815620422363,8.557305335998535,8.291497230529785,8.488709449768066,6.536004066467285,31314885
2017-11-15,8.445837020874023,8.54872989654541,8.25719928741455,8.25719928741455,6.3577494621276855,20350830
2017-11-16,8.291497230529785,8.428688049316406,8.19717788696289,8.231474876403809,6.337942123413086,14789128
2017-11-17,8.274348258972168,8.308646202087402,8.12000846862793,8.19717788696289,6.311534881591797,16410774
2017-11-20,8.171454429626465,8.171454429626465,7.794178009033203,7.794178009033203,6.00123929977417,22403778
2017-11-21,7.759880065917969,7.879922866821289,7.6312642097473145,7.7684550285339355,5.981432914733887,29590935
2017-11-22,7.785604000091553,8.008540153503418,7.68271017074585,7.965666770935059,6.133279800415039,25905771
2017-11-23,7.982816219329834,8.085709571838379,7.648413181304932,7.708434104919434,5.9352192878723145,23918470
2017-11-24,7.656987190246582,7.751306056976318,7.605539798736572,7.605539798736572,5.855994701385498,28008988
2017-11-27,7.6226887702941895,7.734157085418701,7.528369903564453,7.6312642097473145,5.8758015632629395,27529540
2017-11-28,7.6312642097473145,7.837050914764404,7.485497951507568,7.5026469230651855,5.77677059173584,30155852
2017-11-29,7.54551887512207,7.656987190246582,7.425477027893066,7.639838218688965,5.8824028968811035,18822830
2017-11-30,7.68271017074585,7.80275297164917,7.579816818237305,7.708434104919434,5.9352192878723145,36656023
2017-12-01,7.708434104919434,7.717008113861084,7.554093837738037,7.5626678466796875,5.82298469543457,22672934
2017-12-04,7.528369903564453,7.734157085418701,7.519795894622803,7.708434104919434,5.9352192878723145,28948981
2017-12-05,7.759880065917969,7.845624923706055,7.674136161804199,7.785604000091553,5.994637489318848,49255836
2017-12-06,7.785604000091553,7.81132698059082,7.6226887702941895,7.6226887702941895,5.869198322296143,33011741
2017-12-07,7.648413181304932,7.699859142303467,7.588390827178955,7.648413181304932,5.889005661010742,28919975
2017-12-08,7.656987190246582,7.854198932647705,7.605539798736572,7.837050914764404,6.034249782562256,69029813
2017-12-11,7.914220809936523,8.07713508605957,7.914220809936523,8.01711368560791,6.172891616821289,51976301
2017-12-12,8.01711368560791,8.111433029174805,7.948517799377441,8.01711368560791,6.172891616821289,38590659
2017-12-13,8.042837142944336,8.128582000732422,7.957092761993408,7.965666770935059,6.133279800415039,28407299
2017-12-14,8.102858543395996,8.137155532836914,7.991391181945801,8.111433029174805,6.245514392852783,28595763
2017-12-15,8.111433029174805,8.111433029174805,7.999965190887451,8.01711368560791,6.172891616821289,24864620
2017-12-18,8.059986114501953,8.154305458068848,8.042837142944336,8.094284057617188,6.232309818267822,26173222
2017-12-19,8.111433029174805,8.171454429626465,8.034262657165527,8.034262657165527,6.18609619140625,16486201
2017-12-20,8.034262657165527,8.094284057617188,7.965666770935059,8.034262657165527,6.18609619140625,22417171
2017-12-21,8.068560600280762,8.111433029174805,8.034262657165527,8.059986114501953,6.205902576446533,14671197
2017-12-22,8.102858543395996,8.128582000732422,8.01711368560791,8.01711368560791,6.172891616821289,14211725
2017-12-25,8.068560600280762,8.07713508605957,8.025689125061035,8.051411628723145,6.1992998123168945,2990233
2017-12-26,8.059986114501953,8.07713508605957,8.034262657165527,8.068560600280762,6.212503910064697,4965254
2017-12-27,8.059986114501953,8.12000846862793,8.042837142944336,8.059986114501953,6.205902576446533,13029664
2017-12-28,8.085709571838379,8.360092163085938,8.085709571838379,8.34294319152832,6.423768997192383,23835265
2017-12-29,8.34294319152832,8.531580924987793,8.34294319152832,8.445837020874023,6.502993583679199,21766962
2018-01-01,8.445837020874023,8.445837020874023,8.445837020874023,8.445837020874023,6.502993583679199,0
2018-01-02,8.454410552978516,8.703069686889648,8.454410552978516,8.651623725891113,6.661442279815674,22346109
2018-01-03,8.677347183227539,8.7545166015625,8.497283935546875,8.5230073928833,6.562411785125732,20362228
2018-01-04,8.5230073928833,8.694496154785156,8.214326858520508,8.437261581420898,6.496390342712402,27611157
2018-01-05,8.488709449768066,8.660198211669922,8.454410552978516,8.617325782775879,6.635034561157227,23811896
2018-01-08,8.685921669006348,8.737367630004883,8.488709449768066,8.5230073928833,6.562411785125732,18040277
2018-01-09,8.488709449768066,8.540156364440918,8.377241134643555,8.411539077758789,6.476585388183594,19014605
2018-01-10,8.377241134643555,8.377241134643555,8.188603401184082,8.25719928741455,6.3577494621276855,34460257
2018-01-11,8.300070762634277,8.325794219970703,8.162879943847656,8.308646202087402,6.3973612785339355,27560598
2018-01-12,8.334368705749512,8.454410552978516,8.308646202087402,8.40296459197998,6.4699835777282715,29188108
2018-01-15,8.368666648864746,8.46298599243164,8.19717788696289,8.214326858520508,6.3247389793396,20622685
2018-01-16,8.162879943847656,8.454410552978516,8.102858543395996,8.437261581420898,6.496390342712402,39661421
2018-01-17,8.40296459197998,8.694496154785156,8.351517677307129,8.660198211669922,6.668044090270996,30194719
2018-01-18,8.737367630004883,8.831686973571777,8.60875129699707,8.703069686889648,6.701053619384766,35706281
2018-01-19,8.694496154785156,8.763092041015625,8.514431953430176,8.583027839660645,6.608625411987305,26943311
2018-01-22,8.643049240112305,8.771665573120117,8.60875129699707,8.763092041015625,6.747268199920654,24109586
2018-01-23,8.831686973571777,8.917431831359863,8.737367630004883,8.865984916687012,6.8264923095703125,30324177
2018-01-24,8.874560356140137,9.234686851501465,8.85741138458252,9.234686851501465,7.110378742218018,41159345
2018-01-25,9.20038890838623,9.371877670288086,9.106069564819336,9.131793022155762,7.031154632568359,36387405
2018-01-26,9.148941993713379,9.500494956970215,9.131793022155762,9.500494956970215,7.315042972564697,32229834
2018-01-29,9.603387832641602,9.603387832641602,9.268983840942383,9.500494956970215,7.315042972564697,38063169
2018-01-30,9.389026641845703,9.491920471191406,9.251835823059082,9.251835823059082,7.123584270477295,27475581
2018-01-31,9.311857223510742,9.397601127624512,9.277559280395508,9.363303184509277,7.209409713745117,25746241
2018-02-01,9.40617561340332,9.423324584960938,8.99460220336914,9.071771621704102,6.984940052032471,49302154
2018-02-02,9.097495079040527,9.208963394165039,9.08034610748291,9.131793022155762,7.031154632568359,31429910
2018-02-05,9.08034610748291,9.208963394165039,9.037473678588867,9.088920593261719,6.99814510345459,29140887
2018-02-06,8.874560356140137,9.011751174926758,8.831686973571777,8.99460220336914,6.925522804260254,35217416
2018-02-07,9.046049118041992,9.071771621704102,8.908857345581055,8.917431831359863,6.866104602813721,35972372
2018-02-08,8.960304260253906,8.960304260253906,8.703069686889648,8.703069686889648,6.701053619384766,28687322
2018-02-09,8.625900268554688,8.788814544677734,8.583027839660645,8.788814544677734,6.767073631286621,26032628
2018-02-12,8.85741138458252,8.986026763916016,8.831686973571777,8.908857345581055,6.859502792358398,16813247
2018-02-13,8.943155288696289,9.06319808959961,8.865984916687012,8.865984916687012,6.8264923095703125,19523315
2018-02-14,8.960304260253906,9.011751174926758,8.677347183227539,8.703069686889648,6.701053619384766,17462404
2018-02-15,8.81453800201416,9.054622650146484,8.81453800201416,9.054622650146484,6.971736431121826,18918711
2018-02-16,9.106069564819336,9.191814422607422,8.986026763916016,9.06319808959961,6.978339672088623,14189698
2018-02-19,9.131793022155762,9.166090965270996,8.865984916687012,8.93458080291748,6.879308223724365,15075149
2018-02-20,8.968878746032715,9.028900146484375,8.72879409790039,8.771665573120117,6.753870010375977,20970694
2018-02-21,8.883133888244629,9.028900146484375,8.840262413024902,9.003175735473633,6.93212366104126,20094901
2018-02-22,8.960304260253906,9.02032470703125,8.865984916687012,9.011751174926758,6.938727378845215,19684582
2018-02-23,9.054622650146484,9.131793022155762,9.02032470703125,9.028900146484375,6.951930999755859,14182217
2018-02-26,9.097495079040527,9.166090965270996,9.08034610748291,9.114644050598145,7.017951011657715,14133413
2018-02-27,9.148941993713379,9.268983840942383,9.131793022155762,9.234686851501465,7.110378742218018,17249445
2018-02-28,9.140368461608887,9.183239936828613,9.054622650146484,9.131793022155762,7.031154632568359,21953971
2018-03-01,9.06319808959961,9.148941993713379,8.968878746032715,9.028900146484375,6.951930999755859,20073648
2018-03-02,8.977453231811523,9.046049118041992,8.891708374023438,8.943155288696289,6.885910511016846,15797172
2018-03-05,8.977453231811523,9.003175735473633,8.891708374023438,8.908857345581055,6.859502792358398,13347045
2018-03-06,8.960304260253906,9.157517433166504,8.960304260253906,9.037473678588867,6.958532810211182,14388622
2018-03-07,9.003175735473633,9.097495079040527,8.943155288696289,9.06319808959961,6.978339672088623,11221786
2018-03-08,9.071771621704102,9.123218536376953,8.960304260253906,9.028900146484375,6.951930999755859,11061331
2018-03-09,9.011751174926758,9.046049118041992,8.865984916687012,8.908857345581055,6.859502792358398,13723688
2018-03-12,8.977453231811523,9.166090965270996,8.977453231811523,9.088920593261719,6.99814510345459,19060131
2018-03-13,9.08034610748291,9.08034610748291,8.943155288696289,8.968878746032715,6.905716896057129,14692486
2018-03-14,8.960304260253906,9.003175735473633,8.81453800201416,8.831686973571777,6.800083637237549,17796077
2018-03-15,8.883133888244629,8.883133888244629,8.677347183227539,8.720218658447266,6.714257717132568,14750746
2018-03-16,8.780241012573242,8.780241012573242,8.600176811218262,8.660198211669922,6.668044090270996,19251757
2018-03-19,8.660198211669922,8.677347183227539,8.445837020874023,8.454410552978516,6.509594917297363,17193344
2018-03-20,8.514431953430176,8.703069686889648,8.454410552978516,8.625900268554688,6.641635417938232,20483696
2018-03-21,8.643049240112305,8.780241012573242,8.625900268554688,8.703069686889648,6.701053619384766,16458171
2018-03-22,8.780241012573242,8.848835945129395,8.583027839660645,8.643049240112305,6.654839992523193,19179970
2018-03-23,8.514431953430176,8.565878868103027,8.445837020874023,8.497283935546875,6.542605400085449,20184123
2018-03-26,8.557305335998535,8.565878868103027,8.368666648864746,8.394390106201172,6.463380813598633,19817107
2018-03-27,8.46298599243164,8.557305335998535,8.325794219970703,8.334368705749512,6.417166709899902,37030366
2018-03-28,7.991391181945801,8.222901344299316,7.974242210388184,8.025689125061035,6.444708824157715,41363574
2018-03-29,8.07713508605957,8.231474876403809,8.025689125061035,8.171454429626465,6.561759948730469,14744539
2018-03-30,8.240050315856934,8.300070762634277,8.188603401184082,8.222901344299316,6.603071689605713,7719512
2018-04-02,8.214326858520508,8.214326858520508,8.12000846862793,8.12000846862793,6.520448207855225,4436021
2018-04-03,8.12000846862793,8.2057523727417,8.085709571838379,8.137155532836914,6.534217357635498,10709236
2018-04-04,8.180028915405273,8.28292179107666,8.07713508605957,8.222901344299316,6.603071689605713,19437091
2018-04-05,8.231474876403809,8.385815620422363,8.180028915405273,8.360092163085938,6.713237762451172,24039896
2018-04-06,8.317219734191895,8.360092163085938,8.231474876403809,8.25719928741455,6.630613803863525,12563242
2018-04-09,8.274348258972168,8.308646202087402,8.051411628723145,8.154305458068848,6.547989368438721,17311078
2018-04-10,8.171454429626465,8.214326858520508,7.80275297164917,7.8884968757629395,6.3345417976379395,30194165
2018-04-11,7.819901943206787,7.982816219329834,7.605539798736572,7.717008113861084,6.196835041046143,36143257
2018-04-12,7.699859142303467,7.914220809936523,7.699859142303467,7.871347904205322,6.320771217346191,23643783
2018-04-13,7.922794818878174,7.957092761993408,7.734157085418701,7.862773895263672,6.3138861656188965,17236266
2018-04-16,7.862773895263672,7.957092761993408,7.845624923706055,7.862773895263672,6.3138861656188965,13226177
2018-04-17,7.957092761993408,7.957092761993408,7.605539798736572,7.819901943206787,6.279459476470947,30477388
2018-04-18,7.80275297164917,8.154305458068848,7.648413181304932,8.128582000732422,6.527332305908203,40613091
2018-04-19,8.145730972290039,8.19717788696289,7.974242210388184,8.008540153503418,6.430937767028809,33075211
2018-04-20,7.991391181945801,7.999965190887451,7.854198932647705,7.8884968757629395,6.3345417976379395,22313685
2018-04-23,7.8884968757629395,7.8884968757629395,7.8884968757629395,7.8884968757629395,6.3345417976379395,0
2018-04-24,7.879922866821289,8.085709571838379,7.8284759521484375,8.008540153503418,6.430937767028809,21692156
2018-04-25,8.12000846862793,8.12000846862793,7.68271017074585,7.699859142303467,6.1830644607543945,44051421
2018-04-26,7.734157085418701,7.759880065917969,7.485497951507568,7.519795894622803,6.03847074508667,27841132
2018-04-27,7.54551887512207,7.68271017074585,7.476923942565918,7.554093837738037,6.066013336181641,33207114
2018-04-30,7.596965789794922,7.6226887702941895,7.245412826538086,7.245412826538086,5.81813907623291,30640878
2018-05-01,7.245412826538086,7.245412826538086,7.245412826538086,7.245412826538086,5.81813907623291,0
2018-05-02,7.288286209106445,7.3654561042785645,7.142519950866699,7.253987789154053,5.825024604797363,37713622
2018-05-03,7.2368388175964355,7.314009189605713,6.971031188964844,6.988180160522461,5.611578941345215,36864995
2018-05-04,6.996754169464111,7.185391902923584,6.945306777954102,7.142519950866699,5.735515117645264,30814506
2018-05-07,7.15109395980835,7.168242931365967,6.988180160522461,7.005329132080078,5.625349998474121,18319711
2018-05-08,7.082499027252197,7.0996479988098145,6.919583797454834,6.996754169464111,5.61846399307251,24576814
2018-05-09,6.971031188964844,7.348307132720947,6.962456226348877,7.142519950866699,5.735515117645264,42176415
2018-05-10,7.219689846038818,7.468348979949951,7.082499027252197,7.451200008392334,5.983388423919678,28099345
2018-05-11,7.494071960449219,7.519795894622803,7.262561798095703,7.296860218048096,5.859451770782471,25155771
2018-05-14,7.288286209106445,7.408328056335449,7.271137237548828,7.3397321701049805,5.893877983093262,21968213
2018-05-15,7.262561798095703,7.314009189605713,7.0739240646362305,7.176817893981934,5.763056755065918,28884220
2018-05-16,7.159668922424316,7.262561798095703,7.005329132080078,7.2368388175964355,5.811253547668457,42343767
2018-05-17,7.322583198547363,7.322583198547363,7.108222007751465,7.185391902923584,5.769941806793213,15456161
2018-05-18,7.193966865539551,7.322583198547363,7.193966865539551,7.305434226989746,5.866336822509766,16226042
2018-05-21,7.245412826538086,7.3654561042785645,7.193966865539551,7.271137237548828,5.838796138763428,22699443
2018-05-22,7.296860218048096,7.451200008392334,7.288286209106445,7.3397321701049805,5.893877983093262,36355888
2018-05-23,7.271137237548828,7.399753093719482,7.2368388175964355,7.262561798095703,5.831910610198975,38383940
2018-05-24,7.382605075836182,7.605539798736572,7.305434226989746,7.322583198547363,5.880107402801514,50660301
2018-05-25,7.382605075836182,7.54551887512207,7.348307132720947,7.399753093719482,5.942076206207275,34960066
2018-05-28,7.511220932006836,7.605539798736572,7.468348979949951,7.54551887512207,6.0591278076171875,24221618
2018-05-29,7.54551887512207,7.54551887512207,7.356881141662598,7.3654561042785645,5.914535045623779,22166789
2018-05-30,7.374030113220215,7.451200008392334,7.176817893981934,7.202540874481201,5.783712387084961,42165340
2018-05-31,7.262561798095703,7.27971076965332,6.902434825897217,6.928157806396484,5.563379764556885,30032082
2018-06-01,6.893860816955566,6.911009788513184,6.516584873199463,6.636627197265625,5.329277992248535,63416538
2018-06-04,6.602328777313232,6.850987911224365,6.585179805755615,6.610904216766357,5.30862283706665,35120348
2018-06-05,6.688074111938477,6.730946063995361,6.4822869300842285,6.490860939025879,5.212226390838623,21854710
2018-06-06,6.516584873199463,6.559456825256348,6.285074234008789,6.396542072296143,5.1364874839782715,43797537
2018-06-07,6.370819091796875,6.670925140380859,6.362244129180908,6.559456825256348,5.267309665679932,67777726
2018-06-08,6.525158882141113,6.5423078536987305,6.32794713973999,6.353670120239258,5.102060794830322,39267108
2018-06-11,6.396542072296143,6.430840015411377,6.173605918884277,6.396542072296143,5.1364874839782715,49547773
2018-06-12,6.353670120239258,6.473711967468262,6.285074234008789,6.336521148681641,5.088290214538574,30980734
2018-06-13,6.293649196624756,6.370819091796875,6.233627796173096,6.267924785614014,5.033205986022949,26685224
2018-06-14,6.242201805114746,6.293649196624756,6.2164788246154785,6.2164788246154785,4.991894245147705,19900142
2018-06-15,6.2164788246154785,6.2164788246154785,6.2164788246154785,6.2164788246154785,4.991894245147705,0
2018-06-18,6.259350776672363,6.267924785614014,6.113584995269775,6.173605918884277,4.957467079162598,26170688
2018-06-19,6.139308929443359,6.310798168182373,6.122159957885742,6.250776767730713,5.019436836242676,35911945
2018-06-20,6.233627796173096,6.293649196624756,6.1907548904418945,6.242201805114746,5.0125508308410645,36346052
2018-06-21,6.225052833557129,6.276500225067139,6.207903861999512,6.225052833557129,4.998779773712158,44251201
2018-06-22,6.242201805114746,6.353670120239258,6.2164788246154785,6.32794713973999,5.081404685974121,57610866
2018-06-25,6.653776168823242,6.67949914932251,6.010692119598389,6.053564071655273,4.861072540283203,76361257
2018-06-26,6.079287052154541,6.2164788246154785,6.06213903427124,6.199329853057861,4.978124141693115,43649874
2018-06-27,6.2164788246154785,6.490860939025879,6.207903861999512,6.422266006469727,5.157144069671631,52604893
2018-06-28,6.41369104385376,6.473711967468262,6.353670120239258,6.405117034912109,5.143373489379883,34248737
2018-06-29,6.4565629959106445,6.550881862640381,6.439414978027344,6.465137958526611,5.191570281982422,44161913
2018-07-02,6.387968063354492,6.4822869300842285,6.353670120239258,6.439414978027344,5.170914649963379,22895006
2018-07-03,6.499435901641846,6.516584873199463,6.32794713973999,6.345096111297607,5.095175743103027,23936685
2018-07-04,6.362244129180908,6.465137958526611,6.32794713973999,6.422266006469727,5.157144069671631,25094357
2018-07-05,6.465137958526611,6.5423078536987305,6.439414978027344,6.525158882141113,5.239768028259277,36274270
2018-07-06,6.5423078536987305,6.559456825256348,6.447988986968994,6.525158882141113,5.239768028259277,29642937
2018-07-09,6.576605796813965,6.653776168823242,6.550881862640381,6.585179805755615,5.287964820861816,34964712
2018-07-10,6.439414978027344,6.508009910583496,6.199329853057861,6.207903861999512,4.98500919342041,59745100
2018-07-11,6.173605918884277,6.173605918884277,5.7277350425720215,5.744884014129639,4.613199234008789,53524263
2018-07-12,5.839202880859375,5.899223804473877,5.5905442237854,5.6677141189575195,4.551231384277344,63369454
2018-07-13,5.719160079956055,5.804904937744141,5.5905442237854,5.607693195343018,4.503033638000488,33581864
2018-07-16,5.710586071014404,5.744884014129639,5.504798889160156,5.573394775390625,4.475491523742676,40513605
2018-07-17,5.564819812774658,5.7277350425720215,5.539096832275391,5.710586071014404,4.585657596588135,33859606
2018-07-18,5.7020111083984375,5.7020111083984375,5.564819812774658,5.67628812789917,4.558116436004639,46907060
2018-07-19,5.7020111083984375,5.744884014129639,5.633416175842285,5.650565147399902,4.5374603271484375,47440123
2018-07-20,5.659139156341553,5.7277350425720215,5.624841213226318,5.684863090515137,4.56500244140625,53171678
2018-07-23,5.736309051513672,5.967820167541504,5.736309051513672,5.873500823974609,4.716479778289795,43230783
2018-07-24,5.916372776031494,6.010692119598389,5.513373851776123,5.599118232727051,4.496148109436035,90388335
2018-07-25,5.616267204284668,6.070713043212891,5.607693195343018,6.010692119598389,4.826645851135254,55655584
2018-07-26,6.070713043212891,6.207903861999512,5.907797813415527,5.9935431480407715,4.812875270843506,75323848
2018-07-27,6.010692119598389,6.105010986328125,5.94209623336792,6.06213903427124,4.867958068847656,29759977
2018-07-30,6.036415100097656,6.1907548904418945,5.9935431480407715,6.130733966827393,4.923040390014648,21804895
2018-07-31,6.122159957885742,6.233627796173096,6.079287052154541,6.1907548904418945,4.971238613128662,24452024
2018-08-01,6.207903861999512,6.2164788246154785,6.036415100097656,6.070713043212891,4.874843120574951,30146961
2018-08-02,5.984968185424805,5.984968185424805,5.779181957244873,5.787755966186523,4.647625923156738,34338098
2018-08-03,5.762032985687256,5.950671195983887,5.744884014129639,5.907797813415527,4.744020938873291,35194325
2018-08-06,5.89064884185791,5.94209623336792,5.693437099456787,5.7277350425720215,4.599428653717041,32702850
2018-08-07,5.779181957244873,6.019266128540039,5.779181957244873,5.959245204925537,4.785333633422852,34646755
2018-08-08,6.002117156982422,6.156457901000977,5.9935431480407715,6.122159957885742,4.916155815124512,46229761
2018-08-09,5.9935431480407715,6.259350776672363,5.959245204925537,6.113584995269775,4.9092698097229,53230894
2018-08-10,5.984968185424805,6.079287052154541,5.470500946044922,5.762032985687256,4.626969337463379,77150783
2018-08-13,5.6677141189575195,5.693437099456787,4.921735763549805,5.281863212585449,4.241389274597168,97295827
2018-08-14,5.5905442237854,5.607693195343018,5.264713764190674,5.307587146759033,4.262045383453369,62517344
2018-08-15,5.427628993988037,5.4619269371032715,4.93888521194458,4.9731831550598145,3.9935154914855957,80732324
2018-08-16,5.033204078674316,5.058927059173584,4.835991859436035,4.853140830993652,3.897120714187622,73940677
2018-08-17,4.767395973205566,4.990332126617432,4.67307710647583,4.9731831550598145,3.9935154914855957,78529088
2018-08-20,4.956034183502197,5.14467191696167,4.956034183502197,5.093225002288818,4.089910507202148,17260685
2018-08-21,5.093225002288818,5.093225002288818,5.093225002288818,5.093225002288818,4.089910507202148,0
2018-08-22,5.093225002288818,5.093225002288818,5.093225002288818,5.093225002288818,4.089910507202148,0
2018-08-23,5.093225002288818,5.093225002288818,5.093225002288818,5.093225002288818,4.089910507202148,0
2018-08-24,5.093225002288818,5.093225002288818,5.093225002288818,5.093225002288818,4.089910507202148,0
2018-08-27,5.118948936462402,5.1360979080200195,4.964608192443848,5.033204078674316,4.041713237762451,35262931
2018-08-28,5.058927059173584,5.221841812133789,4.981757164001465,5.1961188316345215,4.172535419464111,53602295
2018-08-29,5.14467191696167,5.204692840576172,5.101799964904785,5.127522945404053,4.117452621459961,53347223
2018-08-30,5.127522945404053,5.127522945404053,5.127522945404053,5.127522945404053,4.117452621459961,0
2018-08-31,5.1103739738464355,5.1360979080200195,4.93888521194458,4.964608192443848,3.9866297245025635,36824155
2018-09-03,4.9131622314453125,5.058927059173584,4.9045867919921875,5.050353050231934,4.055483818054199,38129538
2018-09-04,5.041779041290283,5.1103739738464355,4.9731831550598145,4.990332126617432,4.007286548614502,34370531
2018-09-05,4.981757164001465,4.990332126617432,4.827416896820068,4.861714839935303,3.904005527496338,51176086
2018-09-06,4.861714839935303,4.88743782043457,4.818842887878418,4.827416896820068,3.8764638900756836,45077965
2018-09-07,4.827416896820068,4.93031120300293,4.775969982147217,4.9045867919921875,3.938432216644287,75011239
2018-09-10,4.9045867919921875,4.921735763549805,4.767395973205566,4.775969982147217,3.8351516723632812,51899654
2018-09-11,4.810267925262451,4.8445658683776855,4.750247001647949,4.775969982147217,3.8351516723632812,31331924
2018-09-12,4.784544944763184,4.827416896820068,4.6216301918029785,4.630205154418945,3.7181012630462646,38379110
2018-09-13,4.690226078033447,4.964608192443848,4.5787577629089355,4.87886381149292,3.917776346206665,128957668
2018-09-14,4.9731831550598145,5.213267803192139,4.9045867919921875,5.024630069732666,4.034828186035156,143542337
2018-09-17,4.9731831550598145,5.033204078674316,4.9131622314453125,4.990332126617432,4.007286548614502,46495538
2018-09-18,5.050353050231934,5.076076030731201,4.956034183502197,5.007481098175049,4.02105712890625,33047037
2018-09-19,5.067502021789551,5.444777965545654,5.033204078674316,5.41048002243042,4.344669818878174,82141110
2018-09-20,5.41048002243042,5.616267204284668,5.1961188316345215,5.238990783691406,4.2069621086120605,117028072
2018-09-21,5.316161155700684,5.487649917602539,5.290438175201416,5.419054985046387,4.351555347442627,58458521
2018-09-24,5.453351974487305,5.796329975128174,5.453351974487305,5.770606994628906,4.633854866027832,91313239
2018-09-25,5.864925861358643,5.88207483291626,5.607693195343018,5.6677141189575195,4.551231384277344,69255452
2018-09-26,5.719160079956055,5.770606994628906,5.556245803833008,5.693437099456787,4.571887493133545,50972555
2018-09-27,5.693437099456787,6.019266128540039,5.67628812789917,5.94209623336792,4.7715630531311035,135963684
2018-09-28,5.984968185424805,6.053564071655273,5.88207483291626,5.9335222244262695,4.76467752456665,92753693
2018-10-01,5.94209623336792,5.984968185424805,5.693437099456787,5.710586071014404,4.585657596588135,49780582
2018-10-02,5.7277350425720215,5.7277350425720215,5.564819812774658,5.581968784332275,4.482377052307129,47891958
2018-10-03,5.573394775390625,5.6677141189575195,5.453351974487305,5.453351974487305,4.379096508026123,57323764
2018-10-04,5.444777965545654,5.453351974487305,5.033204078674316,5.041779041290283,4.0485992431640625,86664479
2018-10-05,5.033204078674316,5.187543869018555,5.016055107116699,5.1703948974609375,4.151878833770752,84932647
2018-10-08,5.076076030731201,5.504798889160156,5.033204078674316,5.479075908660889,4.399752616882324,83860394
2018-10-09,5.521947860717773,5.564819812774658,5.350459098815918,5.504798889160156,4.420408725738525,74408832
2018-10-10,5.547670841217041,5.633416175842285,5.419054985046387,5.453351974487305,4.379096508026123,48996244
2018-10-11,5.359033107757568,5.581968784332275,5.316161155700684,5.479075908660889,4.399752616882324,50769503
2018-10-12,5.650565147399902,5.88207483291626,5.453351974487305,5.650565147399902,4.5374603271484375,87125094
2018-10-15,5.744884014129639,6.105010986328125,5.744884014129639,6.070713043212891,4.874843120574951,86930613
2018-10-16,6.036415100097656,6.06213903427124,5.89064884185791,5.9935431480407715,4.812875270843506,60223630
2018-10-17,6.113584995269775,6.310798168182373,6.105010986328125,6.293649196624756,5.053863525390625,53551220
2018-10-18,6.293649196624756,6.293649196624756,6.027841091156006,6.165031909942627,4.950582027435303,62115439
2018-10-19,6.199329853057861,6.2164788246154785,6.002117156982422,6.087862014770508,4.888614177703857,40218232
2018-10-22,6.182180881500244,6.242201805114746,6.010692119598389,6.06213903427124,4.867958068847656,43297797
2018-10-23,6.002117156982422,6.044990062713623,5.804904937744141,5.907797813415527,4.744020938873291,63621753
2018-10-24,5.94209623336792,6.002117156982422,5.856351852416992,5.873500823974609,4.716479778289795,39205974
2018-10-25,5.770606994628906,5.796329975128174,5.693437099456787,5.779181957244873,4.640740871429443,58327398
2018-10-26,5.813478946685791,5.813478946685791,5.487649917602539,5.487649917602539,4.406637668609619,42143814
2018-10-29,5.487649917602539,5.487649917602539,5.487649917602539,5.487649917602539,4.406637668609619,0
2018-10-30,5.479075908660889,5.796329975128174,5.479075908660889,5.693437099456787,4.571887493133545,48686606
2018-10-31,5.710586071014404,5.813478946685791,5.539096832275391,5.564819812774658,4.468605995178223,46449492
2018-11-01,5.6419901847839355,6.070713043212891,5.530521869659424,6.002117156982422,4.819760322570801,53382787
2018-11-02,6.010692119598389,6.1907548904418945,5.9249467849731445,6.044990062713623,4.85418701171875,61963290
2018-11-05,6.105010986328125,6.345096111297607,6.105010986328125,6.345096111297607,5.095175743103027,65956388
2018-11-06,6.370819091796875,6.387968063354492,6.130733966827393,6.242201805114746,5.0125508308410645,48066163
2018-11-07,6.242201805114746,6.447988986968994,6.1907548904418945,6.336521148681641,5.088290214538574,54869762
2018-11-08,6.387968063354492,6.422266006469727,6.156457901000977,6.259350776672363,5.0263214111328125,45834847
2018-11-09,6.250776767730713,6.302223205566406,6.14788293838501,6.199329853057861,4.978124141693115,33603497
2018-11-12,6.207903861999512,6.242201805114746,6.019266128540039,6.044990062713623,4.85418701171875,28028191
2018-11-13,6.019266128540039,6.1907548904418945,5.9935431480407715,6.156457901000977,4.943697452545166,30616141
2018-11-14,6.139308929443359,6.302223205566406,6.06213903427124,6.2164788246154785,4.991894245147705,32636657
2018-11-15,6.250776767730713,6.336521148681641,6.165031909942627,6.1907548904418945,4.971238613128662,26427355
2018-11-16,6.233627796173096,6.319372177124023,6.130733966827393,6.310798168182373,5.067634105682373,28835293
2018-11-19,6.285074234008789,6.439414978027344,6.285074234008789,6.405117034912109,5.143373489379883,41434915
2018-11-20,6.379393100738525,6.447988986968994,6.156457901000977,6.2164788246154785,4.991894245147705,50536891
2018-11-21,6.293649196624756,6.336521148681641,6.207903861999512,6.267924785614014,5.033205986022949,40243281
2018-11-22,6.285074234008789,6.319372177124023,6.182180881500244,6.267924785614014,5.033205986022949,23385009
2018-11-23,6.259350776672363,6.387968063354492,6.242201805114746,6.345096111297607,5.095175743103027,18995272
2018-11-26,6.396542072296143,6.568030834197998,6.396542072296143,6.447988986968994,5.177799701690674,50027314
2018-11-27,6.499435901641846,6.610904216766357,6.345096111297607,6.405117034912109,5.143373489379883,68191571
2018-11-28,6.430840015411377,6.4822869300842285,6.353670120239258,6.370819091796875,5.115830898284912,26732295
2018-11-29,6.508009910583496,6.559456825256348,6.41369104385376,6.439414978027344,5.170914649963379,37920138
2018-11-30,6.465137958526611,6.619478225708008,6.370819091796875,6.559456825256348,5.267309665679932,38444970
2018-12-03,6.67949914932251,6.739520072937012,6.490860939025879,6.499435901641846,5.219111919403076,29279215
2018-12-04,6.465137958526611,6.525158882141113,6.233627796173096,6.276500225067139,5.040092468261719,37574678
2018-12-05,5.873500823974609,6.079287052154541,5.856351852416992,5.984968185424805,4.8059892654418945,84110674
2018-12-06,5.984968185424805,6.002117156982422,5.67628812789917,5.710586071014404,4.585657596588135,76634670
2018-12-07,5.762032985687256,5.916372776031494,5.7277350425720215,5.899223804473877,4.737135410308838,37842004
2018-12-10,5.89064884185791,5.89064884185791,5.744884014129639,5.779181957244873,4.640740871429443,42956887
2018-12-11,5.796329975128174,5.864925861358643,5.719160079956055,5.736309051513672,4.606313705444336,43608383
2018-12-12,5.762032985687256,5.770606994628906,5.453351974487305,5.530521869659424,4.441064357757568,43238773
2018-12-13,5.530521869659424,5.607693195343018,5.470500946044922,5.487649917602539,4.406637668609619,41129790
2018-12-14,5.479075908660889,5.504798889160156,5.384757041931152,5.419054985046387,4.351555347442627,26060724
2018-12-17,5.4619269371032715,5.547670841217041,5.4362030029296875,5.496224880218506,4.413524150848389,20182720
2018-12-18,5.470500946044922,5.719160079956055,5.4619269371032715,5.7020111083984375,4.578772068023682,25562833
2018-12-19,5.7277350425720215,5.796329975128174,5.624841213226318,5.787755966186523,4.647625923156738,48370080
2018-12-20,5.7277350425720215,5.864925861358643,5.710586071014404,5.813478946685791,4.6682820320129395,30897802
2018-12-21,5.813478946685791,5.950671195983887,5.762032985687256,5.88207483291626,4.72336483001709,25500448
2018-12-24,5.9335222244262695,5.959245204925537,5.847776889801025,5.873500823974609,4.716479778289795,14306124
2018-12-25,5.804904937744141,5.804904937744141,5.736309051513672,5.779181957244873,4.640740871429443,6331325
2018-12-26,5.804904937744141,5.847776889801025,5.762032985687256,5.830627918243408,4.6820526123046875,4669828
2018-12-27,5.916372776031494,5.9335222244262695,5.847776889801025,5.864925861358643,4.709594249725342,15909964
2018-12-28,5.873500823974609,5.9249467849731445,5.779181957244873,5.89064884185791,4.730249881744385,12504918
2018-12-31,5.864925861358643,5.89064884185791,5.822053909301758,5.89064884185791,4.730249881744385,9499548
2019-01-01,5.89064884185791,5.89064884185791,5.89064884185791,5.89064884185791,4.730249881744385,0
2019-01-02,5.847776889801025,5.873500823974609,5.573394775390625,5.607693195343018,4.503033638000488,25445181
2019-01-03,5.630000114440918,5.71999979019165,5.53000020980835,5.539999961853027,4.448675632476807,34213820
2019-01-04,5.590000152587891,5.909999847412109,5.550000190734863,5.860000133514404,4.705638885498047,58572781
2019-01-07,5.949999809265137,6.050000190734863,5.889999866485596,5.940000057220459,4.7698798179626465,55190288
2019-01-08,5.989999771118164,6.039999961853027,5.760000228881836,5.849999904632568,4.697608470916748,74359629
2019-01-09,5.889999866485596,5.889999866485596,5.639999866485596,5.699999809265137,4.577157020568848,69858802
2019-01-10,5.699999809265137,5.78000020980835,5.610000133514404,5.739999771118164,4.609277725219727,75375335
2019-01-11,5.800000190734863,5.909999847412109,5.760000228881836,5.880000114440918,4.721698760986328,78193102
2019-01-14,5.78000020980835,5.989999771118164,5.71999979019165,5.989999771118164,4.81002950668335,92188533
2019-01-15,6.059999942779541,6.110000133514404,5.980000019073486,6.010000228881836,4.826090335845947,69548190
2019-01-16,6.050000190734863,6.539999961853027,6.03000020980835,6.5,5.219565391540527,96755625
2019-01-17,6.53000020980835,6.880000114440918,6.429999828338623,6.630000114440918,5.32395601272583,82764832
2019-01-18,6.639999866485596,6.769999980926514,6.510000228881836,6.550000190734863,5.259715557098389,53371385
2019-01-21,6.550000190734863,6.599999904632568,6.389999866485596,6.440000057220459,5.171384334564209,50035226
2019-01-22,6.429999828338623,6.590000152587891,6.349999904632568,6.579999923706055,5.283805847167969,63136986
2019-01-23,6.650000095367432,6.650000095367432,6.400000095367432,6.5,5.219565391540527,64911327
2019-01-24,6.519999980926514,6.590000152587891,6.429999828338623,6.489999771118164,5.2115349769592285,69302052
2019-01-25,6.579999923706055,6.599999904632568,6.440000057220459,6.53000020980835,5.243655681610107,48541952
2019-01-28,6.510000228881836,6.679999828338623,6.489999771118164,6.510000228881836,5.227595806121826,52116994
2019-01-29,6.53000020980835,6.869999885559082,6.460000038146973,6.840000152587891,5.492588520050049,60616032
2019-01-30,6.849999904632568,7.079999923706055,6.789999961853027,7.059999942779541,5.669250011444092,73316618
2019-01-31,7.289999961853027,7.309999942779541,7.0,7.090000152587891,5.693341255187988,48311329
2019-02-01,7.079999923706055,7.079999923706055,6.739999771118164,6.889999866485596,5.532739162445068,37614821
2019-02-04,6.909999847412109,6.940000057220459,6.75,6.840000152587891,5.492588520050049,37798601
2019-02-05,6.880000114440918,7.079999923706055,6.800000190734863,7.0,5.62106990814209,51625711
2019-02-06,7.0,7.019999980926514,6.760000228881836,6.78000020980835,5.444407939910889,34699718
2019-02-07,6.78000020980835,6.840000152587891,6.670000076293945,6.769999980926514,5.43637752532959,31560561
2019-02-08,6.769999980926514,6.860000133514404,6.710000038146973,6.75,5.420317649841309,34090688
2019-02-11,6.789999961853027,7.0,6.789999961853027,6.940000057220459,5.57288932800293,41032561
2019-02-12,6.960000038146973,6.980000019073486,6.71999979019165,6.78000020980835,5.444407939910889,43535167
2019-02-13,6.829999923706055,6.849999904632568,6.599999904632568,6.610000133514404,5.307896614074707,43622767
2019-02-14,6.599999904632568,6.800000190734863,6.559999942779541,6.710000038146973,5.388197422027588,44642827
2019-02-15,6.690000057220459,6.769999980926514,6.610000133514404,6.71999979019165,5.39622688293457,32912505
2019-02-18,6.739999771118164,6.789999961853027,6.630000114440918,6.650000095367432,5.3400163650512695,26840902
2019-02-19,6.630000114440918,6.659999847412109,6.510000228881836,6.630000114440918,5.32395601272583,35465194
2019-02-20,6.639999866485596,6.690000057220459,6.53000020980835,6.559999942779541,5.267745494842529,34260570
2019-02-21,6.579999923706055,6.78000020980835,6.550000190734863,6.710000038146973,5.388197422027588,37567344
2019-02-22,6.739999771118164,6.760000228881836,6.630000114440918,6.650000095367432,5.3400163650512695,26290031
2019-02-25,6.739999771118164,6.900000095367432,6.71999979019165,6.860000133514404,5.508648872375488,32378380
2019-02-26,6.809999942779541,6.900000095367432,6.789999961853027,6.869999885559082,5.516678810119629,21476111
2019-02-27,6.880000114440918,6.900000095367432,6.730000019073486,6.769999980926514,5.43637752532959,22650672
2019-02-28,6.789999961853027,6.909999847412109,6.730000019073486,6.909999847412109,5.54879903793335,30679841
2019-03-01,6.900000095367432,6.909999847412109,6.659999847412109,6.679999828338623,5.364107131958008,40319898
2019-03-04,6.679999828338623,6.840000152587891,6.670000076293945,6.809999942779541,5.468498706817627,43104999
2019-03-05,6.769999980926514,7.010000228881836,6.760000228881836,6.800000190734863,5.46046781539917,73863061
2019-03-06,6.869999885559082,6.96999979019165,6.710000038146973,6.71999979019165,5.39622688293457,38593641
2019-03-07,6.710000038146973,6.760000228881836,6.489999771118164,6.510000228881836,5.227595806121826,67680878
2019-03-08,6.53000020980835,6.570000171661377,6.309999942779541,6.369999885559082,5.11517333984375,41874524
2019-03-11,6.409999847412109,6.460000038146973,6.289999961853027,6.320000171661377,5.075023651123047,34399827
2019-03-12,6.349999904632568,6.5,6.320000171661377,6.480000019073486,5.203505039215088,41277557
2019-03-13,6.449999809265137,6.639999866485596,6.440000057220459,6.630000114440918,5.32395601272583,62998913
2019-03-14,6.610000133514404,6.699999809265137,6.539999961853027,6.550000190734863,5.259715557098389,43465876
2019-03-15,6.599999904632568,6.71999979019165,6.590000152587891,6.710000038146973,5.388197422027588,29844653
2019-03-18,6.730000019073486,6.900000095367432,6.71999979019165,6.900000095367432,5.540769577026367,40076720
2019-03-19,6.900000095367432,6.920000076293945,6.760000228881836,6.840000152587891,5.492588520050049,36820464
2019-03-20,6.789999961853027,6.820000171661377,6.679999828338623,6.679999828338623,5.364107131958008,24075522
2019-03-21,6.760000228881836,6.960000038146973,6.75,6.78000020980835,5.444407939910889,61903218
2019-03-22,6.920000076293945,6.949999809265137,6.429999828338623,6.449999809265137,5.17941427230835,64331296
2019-03-25,6.389999866485596,6.409999847412109,5.989999771118164,6.090000152587891,4.890331268310547,104543781
2019-03-26,6.170000076293945,6.179999828338623,5.940000057220459,6.039999961853027,4.850180149078369,89156281
2019-03-27,6.059999942779541,6.079999923706055,5.460000038146973,5.489999771118164,4.408524990081787,101188752
2019-03-28,5.519999980926514,6.010000228881836,5.489999771118164,5.949999809265137,4.777908802032471,162737878
2019-03-29,5.960000038146973,6.369999885559082,5.929999828338623,6.269999980926514,5.034872531890869,79633727
2019-04-01,6.349999904632568,6.380000114440918,6.079999923706055,6.090000152587891,4.890331268310547,80835665
2019-04-02,6.079999923706055,6.289999961853027,6.050000190734863,6.159999847412109,4.9465413093566895,44520119
2019-04-03,6.070000171661377,6.170000076293945,5.96999979019165,6.039999961853027,4.850180149078369,63841366
2019-04-04,6.019999980926514,6.28000020980835,6.010000228881836,6.269999980926514,5.034872531890869,73018937
2019-04-05,6.420000076293945,6.690000057220459,6.369999885559082,6.599999904632568,5.299866199493408,64763706
2019-04-08,6.599999904632568,6.619999885559082,6.360000133514404,6.429999828338623,5.163354396820068,40453179
2019-04-09,6.489999771118164,6.550000190734863,6.369999885559082,6.389999866485596,5.131234169006348,44388723
2019-04-10,6.420000076293945,6.429999828338623,6.269999980926514,6.300000190734863,5.058963298797607,37126441
2019-04-11,6.289999961853027,6.420000076293945,6.25,6.329999923706055,5.0830535888671875,36268160
2019-04-12,6.159999847412109,6.25,6.099999904632568,6.199999809265137,4.978662014007568,29861153
2019-04-15,6.170000076293945,6.25,6.130000114440918,6.159999847412109,4.9465413093566895,37284722
2019-04-16,6.21999979019165,6.320000171661377,6.210000038146973,6.300000190734863,5.058963298797607,39758304
2019-04-17,6.360000133514404,6.559999942779541,6.360000133514404,6.539999961853027,5.251685619354248,54946348
2019-04-18,6.5,6.5,6.28000020980835,6.309999942779541,5.06699275970459,50790507
2019-04-19,6.340000152587891,6.369999885559082,6.239999771118164,6.25,5.018812656402588,15048134
2019-04-22,6.199999809265137,6.21999979019165,6.110000133514404,6.119999885559082,4.914421558380127,20900430
2019-04-23,6.119999885559082,6.119999885559082,6.119999885559082,6.119999885559082,4.914421558380127,0
2019-04-24,6.099999904632568,6.380000114440918,6.099999904632568,6.360000133514404,5.107143878936768,58848753
2019-04-25,6.369999885559082,6.389999866485596,6.039999961853027,6.130000114440918,4.922451972961426,59603867
2019-04-26,6.170000076293945,6.199999809265137,6.059999942779541,6.190000057220459,4.970632553100586,35099431
2019-04-29,6.230000019073486,6.239999771118164,6.03000020980835,6.059999942779541,4.866240501403809,34665716
2019-04-30,6.039999961853027,6.199999809265137,6.039999961853027,6.130000114440918,4.922451972961426,57660199
2019-05-01,6.130000114440918,6.130000114440918,6.130000114440918,6.130000114440918,4.922451972961426,0
2019-05-02,6.139999866485596,6.190000057220459,5.989999771118164,6.0,4.818060398101807,33511423
2019-05-03,6.0,6.050000190734863,5.940000057220459,5.989999771118164,4.81002950668335,37305677
2019-05-06,5.860000133514404,5.949999809265137,5.800000190734863,5.929999828338623,4.761849403381348,33637998
2019-05-07,5.739999771118164,5.860000133514404,5.730000019073486,5.840000152587891,4.689578533172607,44491521
2019-05-08,5.820000171661377,5.949999809265137,5.739999771118164,5.809999942779541,4.665488243103027,52056293
2019-05-09,5.829999923706055,5.880000114440918,5.659999847412109,5.670000076293945,4.553066253662109,39857622
2019-05-10,5.760000228881836,5.78000020980835,5.599999904632568,5.639999866485596,4.5289764404296875,41284792
2019-05-13,5.630000114440918,5.650000095367432,5.440000057220459,5.480000019073486,4.400494575500488,64816773
2019-05-14,5.539999961853027,5.789999961853027,5.539999961853027,5.699999809265137,4.577157020568848,68243532
2019-05-15,5.710000038146973,5.789999961853027,5.539999961853027,5.769999980926514,4.633368015289307,49448741
2019-05-16,5.78000020980835,5.900000095367432,5.71999979019165,5.78000020980835,4.641397953033447,57907815
2019-05-17,5.730000019073486,5.889999866485596,5.650000095367432,5.78000020980835,4.641397953033447,55617663
2019-05-20,5.789999961853027,5.869999885559082,5.730000019073486,5.75,4.617307186126709,36378619
2019-05-21,5.769999980926514,5.820000171661377,5.599999904632568,5.639999866485596,4.5289764404296875,39852885
2019-05-22,5.579999923706055,5.690000057220459,5.5,5.519999980926514,4.432615280151367,36154533
2019-05-23,5.489999771118164,5.650000095367432,5.489999771118164,5.559999942779541,4.464735507965088,35803055
2019-05-24,5.590000152587891,5.800000190734863,5.570000171661377,5.739999771118164,4.609277725219727,42237592
2019-05-27,5.75,5.840000152587891,5.599999904632568,5.630000114440918,4.520946502685547,29207428
2019-05-28,5.699999809265137,5.889999866485596,5.699999809265137,5.75,4.617307186126709,43789546
2019-05-29,5.739999771118164,5.78000020980835,5.699999809265137,5.730000019073486,4.601247787475586,34825994
2019-05-30,5.820000171661377,5.949999809265137,5.820000171661377,5.909999847412109,4.745789527893066,43432383
2019-05-31,5.920000076293945,6.039999961853027,5.860000133514404,5.960000038146973,4.7859392166137695,41751607
2019-06-03,5.960000038146973,6.039999961853027,5.900000095367432,5.940000057220459,4.7698798179626465,10821918
2019-06-04,5.940000057220459,5.940000057220459,5.940000057220459,5.940000057220459,4.7698798179626465,0
2019-06-05,5.940000057220459,5.940000057220459,5.940000057220459,5.940000057220459,4.7698798179626465,0
2019-06-06,5.940000057220459,5.940000057220459,5.940000057220459,5.940000057220459,4.7698798179626465,0
2019-06-07,6.0,6.380000114440918,6.0,6.349999904632568,5.0991129875183105,40488282
2019-06-10,6.369999885559082,6.46999979019165,6.269999980926514,6.429999828338623,5.163354396820068,49866979
2019-06-11,6.5,6.510000228881836,6.360000133514404,6.440000057220459,5.171384334564209,49493807
2019-06-12,6.409999847412109,6.440000057220459,6.269999980926514,6.289999961853027,5.050932884216309,55555595
2019-06-13,6.25,6.25,6.090000152587891,6.110000133514404,4.906391620635986,36041262
2019-06-14,6.150000095367432,6.179999828338623,6.010000228881836,6.090000152587891,4.890331268310547,40861796
2019-06-17,6.039999961853027,6.239999771118164,6.039999961853027,6.230000019073486,5.002752304077148,48988879
2019-06-18,6.239999771118164,6.409999847412109,6.210000038146973,6.380000114440918,5.123203754425049,46409694
2019-06-19,6.380000114440918,6.650000095367432,6.349999904632568,6.579999923706055,5.283805847167969,59803946
2019-06-20,6.679999828338623,6.860000133514404,6.630000114440918,6.670000076293945,5.356076717376709,72485538
2019-06-21,6.659999847412109,6.739999771118164,6.550000190734863,6.730000019073486,5.404257297515869,35858680
2019-06-24,6.989999771118164,7.0,6.809999942779541,6.920000076293945,5.556829452514648,64805205
2019-06-25,6.909999847412109,6.949999809265137,6.769999980926514,6.860000133514404,5.508648872375488,54707221
2019-06-26,6.849999904632568,6.889999866485596,6.670000076293945,6.730000019073486,5.404257297515869,45449337
2019-06-27,6.760000228881836,6.820000171661377,6.670000076293945,6.690000057220459,5.372137069702148,40407664
2019-06-28,6.699999809265137,6.840000152587891,6.650000095367432,6.809999942779541,5.468498706817627,43054869
2019-07-01,7.070000171661377,7.340000152587891,7.03000020980835,7.289999961853027,5.853943347930908,68236718
2019-07-02,7.25,7.429999828338623,7.159999847412109,7.269999980926514,5.8378825187683105,41392893
2019-07-03,7.329999923706055,7.329999923706055,7.130000114440918,7.170000076293945,5.75758171081543,39227988
2019-07-04,7.21999979019165,7.230000019073486,7.079999923706055,7.150000095367432,5.741521835327148,55398297
2019-07-05,7.139999866485596,7.579999923706055,7.130000114440918,7.510000228881836,6.030605316162109,102623068
2019-07-08,7.380000114440918,7.539999961853027,7.329999923706055,7.5,6.022575378417969,47536399
2019-07-09,7.489999771118164,7.639999866485596,7.340000152587891,7.369999885559082,5.91818380355835,70645363
2019-07-10,7.360000133514404,7.599999904632568,7.349999904632568,7.550000190734863,6.06272554397583,52550423
2019-07-11,7.650000095367432,7.699999809265137,7.409999847412109,7.460000038146973,5.99045467376709,41102304
2019-07-12,7.46999979019165,7.579999923706055,7.199999809265137,7.289999961853027,5.853943347930908,59004310
2019-07-15,7.289999961853027,7.289999961853027,7.289999961853027,7.289999961853027,5.853943347930908,0
2019-07-16,7.400000095367432,7.420000076293945,7.170000076293945,7.190000057220459,5.773642063140869,52001297
2019-07-17,7.210000038146973,7.409999847412109,7.059999942779541,7.389999866485596,5.934244155883789,55491918
2019-07-18,7.349999904632568,7.610000133514404,7.329999923706055,7.570000171661377,6.078786373138428,36967626
2019-07-19,7.690000057220459,7.820000171661377,7.5,7.539999961853027,6.054695129394531,46332936
2019-07-22,7.53000020980835,7.610000133514404,7.449999809265137,7.519999980926514,6.038634777069092,27850266
2019-07-23,7.53000020980835,7.769999980926514,7.519999980926514,7.699999809265137,6.1831769943237305,32274684
2019-07-24,7.71999979019165,7.71999979019165,7.46999979019165,7.639999866485596,6.13499641418457,56647232
2019-07-25,7.659999847412109,7.769999980926514,7.460000038146973,7.5,6.022575378417969,65205490
2019-07-26,7.53000020980835,7.659999847412109,7.400000095367432,7.570000171661377,6.078786373138428,73653603
2019-07-29,7.599999904632568,7.760000228881836,7.550000190734863,7.699999809265137,6.1831769943237305,39037445
2019-07-30,7.75,7.75,7.489999771118164,7.559999942779541,6.070755958557129,39045154
2019-07-31,7.610000133514404,7.630000114440918,7.489999771118164,7.550000190734863,6.06272554397583,33758688
2019-08-01,7.5,7.579999923706055,7.389999866485596,7.460000038146973,5.99045467376709,39953485
2019-08-02,7.409999847412109,7.420000076293945,7.239999771118164,7.28000020980835,5.845913410186768,34523872
2019-08-05,7.25,7.340000152587891,7.199999809265137,7.260000228881836,5.829853057861328,31771052
2019-08-06,7.300000190734863,7.519999980926514,7.289999961853027,7.429999828338623,5.96636438369751,34668983
2019-08-07,7.489999771118164,7.53000020980835,7.320000171661377,7.389999866485596,5.934244155883789,34177934
2019-08-08,7.46999979019165,7.539999961853027,7.389999866485596,7.519999980926514,6.038634777069092,47731592
2019-08-09,7.510000228881836,7.699999809265137,7.5,7.610000133514404,6.11090612411499,45028414
2019-08-12,7.610000133514404,7.610000133514404,7.610000133514404,7.610000133514404,6.11090612411499,0
2019-08-13,7.610000133514404,7.610000133514404,7.610000133514404,7.610000133514404,6.11090612411499,0
2019-08-14,7.610000133514404,7.610000133514404,7.610000133514404,7.610000133514404,6.11090612411499,0
2019-08-15,7.489999771118164,7.510000228881836,7.150000095367432,7.179999828338623,5.7656121253967285,47723128
2019-08-16,7.239999771118164,7.269999980926514,6.929999828338623,6.960000038146973,5.588950157165527,46521589
2019-08-19,7.019999980926514,7.039999961853027,6.769999980926514,6.809999942779541,5.468498706817627,34665921
2019-08-20,6.769999980926514,6.949999809265137,6.730000019073486,6.840000152587891,5.492588520050049,44152735
2019-08-21,6.840000152587891,6.869999885559082,6.760000228881836,6.809999942779541,5.468498706817627,32880102
2019-08-22,6.829999923706055,6.900000095367432,6.650000095367432,6.75,5.420317649841309,29855685
2019-08-23,6.769999980926514,6.989999771118164,6.71999979019165,6.980000019073486,5.605010032653809,37574761
2019-08-26,6.769999980926514,6.980000019073486,6.769999980926514,6.909999847412109,5.54879903793335,30103729
2019-08-27,6.949999809265137,6.989999771118164,6.800000190734863,6.869999885559082,5.516678810119629,37152936
2019-08-28,6.869999885559082,6.909999847412109,6.75,6.889999866485596,5.532739162445068,36613219
2019-08-29,6.889999866485596,6.960000038146973,6.809999942779541,6.900000095367432,5.540769577026367,35770774
2019-08-30,6.900000095367432,6.900000095367432,6.900000095367432,6.900000095367432,5.540769577026367,0
2019-09-02,6.929999828338623,7.210000038146973,6.909999847412109,7.179999828338623,5.7656121253967285,32967287
2019-09-03,7.150000095367432,7.340000152587891,7.110000133514404,7.28000020980835,5.845913410186768,41014108
2019-09-04,7.349999904632568,7.400000095367432,7.269999980926514,7.300000190734863,5.861973762512207,33312451
2019-09-05,7.360000133514404,7.369999885559082,7.230000019073486,7.289999961853027,5.853943347930908,42410727
2019-09-06,7.25,7.260000228881836,7.079999923706055,7.130000114440918,5.725461006164551,31538201
2019-09-09,7.21999979019165,7.389999866485596,7.199999809265137,7.320000171661377,5.87803316116333,44649105
2019-09-10,7.329999923706055,7.409999847412109,7.289999961853027,7.329999923706055,5.886063098907471,36486952
2019-09-11,7.360000133514404,7.480000019073486,7.329999923706055,7.389999866485596,5.934244155883789,39769767
2019-09-12,7.429999828338623,7.579999923706055,7.409999847412109,7.559999942779541,6.070755958557129,51098469
2019-09-13,7.590000152587891,7.670000076293945,7.550000190734863,7.659999847412109,6.151056289672852,37242150
2019-09-16,7.590000152587891,7.599999904632568,7.46999979019165,7.5,6.022575378417969,31272733
2019-09-17,7.5,7.53000020980835,7.369999885559082,7.460000038146973,5.99045467376709,37411238
2019-09-18,7.46999979019165,7.619999885559082,7.340000152587891,7.599999904632568,6.102876663208008,50208902
2019-09-19,7.599999904632568,7.599999904632568,7.349999904632568,7.400000095367432,5.94227409362793,43652217
2019-09-20,7.460000038146973,7.5,7.289999961853027,7.349999904632568,5.90212345123291,54768958
2019-09-23,7.380000114440918,7.460000038146973,7.340000152587891,7.360000133514404,5.910153865814209,32038035
2019-09-24,7.53000020980835,7.650000095367432,7.480000019073486,7.590000152587891,6.094846248626709,35328708
2019-09-25,7.579999923706055,7.699999809265137,7.539999961853027,7.679999828338623,6.167116641998291,27737303
2019-09-26,7.739999771118164,7.880000114440918,7.639999866485596,7.679999828338623,6.167116641998291,51855732
2019-09-27,7.690000057220459,8.289999961853027,7.690000057220459,8.260000228881836,6.632862567901611,72467118
2019-09-30,8.3100004196167,8.350000381469727,8.100000381469727,8.130000114440918,6.52847146987915,56201355
2019-10-01,8.170000076293945,8.170000076293945,7.849999904632568,7.960000038146973,6.3919596672058105,50012374
2019-10-02,7.949999809265137,8.0600004196167,7.849999904632568,7.880000114440918,6.327719211578369,54231220
2019-10-03,7.920000076293945,8.010000228881836,7.670000076293945,7.78000020980835,6.247418403625488,55852974
2019-10-04,7.800000190734863,7.929999828338623,7.78000020980835,7.869999885559082,6.319688320159912,46413896
2019-10-07,7.820000171661377,8.069999694824219,7.71999979019165,7.739999771118164,6.215297222137451,55396017
2019-10-08,7.659999847412109,7.840000152587891,7.539999961853027,7.760000228881836,6.231357574462891,80012475
2019-10-09,7.760000228881836,7.840000152587891,7.440000057220459,7.460000038146973,5.99045467376709,66249717
2019-10-10,7.489999771118164,7.510000228881836,7.130000114440918,7.269999980926514,5.8378825187683105,97351271
2019-10-11,7.329999923706055,7.369999885559082,7.21999979019165,7.230000019073486,5.80576229095459,72936828
2019-10-14,7.050000190734863,7.050000190734863,6.570000171661377,6.630000114440918,5.32395601272583,106829927
2019-10-15,6.840000152587891,6.860000133514404,6.690000057220459,6.730000019073486,5.404257297515869,76073560
2019-10-16,6.480000019073486,6.699999809265137,6.46999979019165,6.670000076293945,5.356076717376709,27081777
2019-10-17,6.760000228881836,6.929999828338623,6.599999904632568,6.880000114440918,5.524709224700928,9085859
2019-10-18,7.25,7.309999942779541,7.130000114440918,7.260000228881836,5.829853057861328,14222541
2019-10-21,7.25,7.269999980926514,7.050000190734863,7.070000171661377,5.677280902862549,35515818
2019-10-22,7.090000152587891,7.150000095367432,7.050000190734863,7.079999923706055,5.6853108406066895,63367313
2019-10-23,7.170000076293945,7.210000038146973,7.079999923706055,7.199999809265137,5.78167200088501,74744441
2019-10-24,7.260000228881836,7.349999904632568,7.170000076293945,7.199999809265137,5.78167200088501,89638672
2019-10-25,7.190000057220459,7.21999979019165,7.119999885559082,7.150000095367432,5.741521835327148,29536357
2019-10-28,7.170000076293945,7.179999828338623,7.099999904632568,7.099999904632568,5.701371192932129,15774384
2019-10-30,7.0,7.059999942779541,6.929999828338623,6.949999809265137,5.58091926574707,43406741
2019-10-31,6.96999979019165,7.039999961853027,6.909999847412109,6.920000076293945,5.556829452514648,39376218
2019-11-01,6.920000076293945,6.960000038146973,6.849999904632568,6.929999828338623,5.564858913421631,26245732
2019-11-04,7.050000190734863,7.099999904632568,7.010000228881836,7.079999923706055,5.6853108406066895,32148924
2019-11-05,7.059999942779541,7.110000133514404,7.039999961853027,7.050000190734863,5.661220550537109,31337213
2019-11-06,7.059999942779541,7.190000057220459,7.03000020980835,7.150000095367432,5.741521835327148,30544214
2019-11-07,7.230000019073486,7.340000152587891,7.21999979019165,7.340000152587891,5.894093036651611,33699504
2019-11-08,7.329999923706055,7.380000114440918,7.289999961853027,7.349999904632568,5.90212345123291,35448199
2019-11-11,7.289999961853027,7.409999847412109,7.269999980926514,7.340000152587891,5.894093036651611,31165608
2019-11-12,7.380000114440918,7.5,7.380000114440918,7.480000019073486,6.006514549255371,31016024
2019-11-13,7.5,7.650000095367432,7.46999979019165,7.650000095367432,6.143026828765869,38433809
2019-11-14,7.550000190734863,7.619999885559082,7.429999828338623,7.53000020980835,6.046665191650391,37839148
2019-11-15,7.630000114440918,7.690000057220459,7.599999904632568,7.670000076293945,6.159087181091309,25301452
2019-11-18,7.730000019073486,7.809999942779541,7.730000019073486,7.78000020980835,6.247418403625488,38419957
2019-11-19,7.789999961853027,7.800000190734863,7.730000019073486,7.78000020980835,6.247418403625488,20498232
2019-11-20,7.739999771118164,7.860000133514404,7.710000038146973,7.760000228881836,6.231357574462891,39200108
2019-11-21,7.760000228881836,7.789999961853027,7.710000038146973,7.78000020980835,6.247418403625488,16676551
2019-11-22,7.860000133514404,7.889999866485596,7.730000019073486,7.800000190734863,6.2634782791137695,14943637
2019-11-25,7.869999885559082,7.900000095367432,7.650000095367432,7.690000057220459,6.17514705657959,25044956
2019-11-26,7.71999979019165,7.800000190734863,7.630000114440918,7.800000190734863,6.2634782791137695,22530540
2019-11-27,7.75,7.789999961853027,7.699999809265137,7.739999771118164,6.215297222137451,16706459
2019-11-28,7.760000228881836,7.840000152587891,7.730000019073486,7.820000171661377,6.279538154602051,16585615
2019-11-29,7.840000152587891,7.929999828338623,7.730000019073486,7.75,6.22332763671875,26169962
2019-12-02,7.809999942779541,7.820000171661377,7.739999771118164,7.769999980926514,6.2393879890441895,23442104
2019-12-03,7.739999771118164,7.849999904632568,7.670000076293945,7.679999828338623,6.167116641998291,47769169
2019-12-04,7.699999809265137,7.71999979019165,7.650000095367432,7.699999809265137,6.1831769943237305,27423029
2019-12-05,7.75,7.800000190734863,7.730000019073486,7.769999980926514,6.2393879890441895,43699465
2019-12-06,7.789999961853027,7.849999904632568,7.760000228881836,7.760000228881836,6.231357574462891,32404119
2019-12-09,7.760000228881836,7.769999980926514,7.650000095367432,7.690000057220459,6.17514705657959,23698686
2019-12-10,7.670000076293945,7.71999979019165,7.659999847412109,7.710000038146973,6.191207408905029,14748757
2019-12-11,7.690000057220459,7.710000038146973,7.630000114440918,7.650000095367432,6.143026828765869,13403868
2019-12-12,7.730000019073486,7.889999866485596,7.71999979019165,7.889999866485596,6.335748672485352,26125577
2019-12-13,8.010000228881836,8.170000076293945,7.929999828338623,8.0,6.4240803718566895,46750594
2019-12-16,8.020000457763672,8.180000305175781,7.949999809265137,8.170000076293945,6.560591697692871,32472300
2019-12-17,8.170000076293945,8.3100004196167,8.170000076293945,8.239999771118164,6.616802215576172,26539916
2019-12-18,8.170000076293945,8.220000267028809,8.069999694824219,8.140000343322754,6.536501884460449,19693954
2019-12-19,8.149999618530273,8.180000305175781,8.0600004196167,8.109999656677246,6.512410640716553,10228223
2019-12-20,8.119999885559082,8.199999809265137,8.069999694824219,8.140000343322754,6.536501884460449,17157792
2019-12-23,8.149999618530273,8.1899995803833,8.109999656677246,8.170000076293945,6.560591697692871,7570842
2019-12-24,8.260000228881836,8.279999732971191,8.1899995803833,8.220000267028809,6.600742340087891,9252005
2019-12-25,8.229999542236328,8.270000457763672,8.229999542236328,8.229999542236328,6.608771800994873,5149271
2019-12-26,8.239999771118164,8.369999885559082,8.229999542236328,8.270000457763672,6.640893459320068,9768987
2019-12-27,8.300000190734863,8.329999923706055,8.1899995803833,8.229999542236328,6.608771800994873,8637576
2019-12-30,8.239999771118164,8.329999923706055,8.229999542236328,8.260000228881836,6.632862567901611,15902865
2019-12-31,8.300000190734863,8.3100004196167,8.100000381469727,8.119999885559082,6.520441055297852,16919282
2020-01-02,8.170000076293945,8.199999809265137,8.119999885559082,8.180000305175781,6.56862211227417,21596781
2020-01-03,8.119999885559082,8.130000114440918,7.900000095367432,7.960000038146973,6.3919596672058105,26669857
2020-01-06,7.809999942779541,7.860000133514404,7.659999847412109,7.710000038146973,6.191207408905029,25871931
2020-01-07,7.78000020980835,7.860000133514404,7.760000228881836,7.789999961853027,6.255447864532471,17681865
2020-01-08,7.690000057220459,7.980000019073486,7.659999847412109,7.960000038146973,6.3919596672058105,32090537
2020-01-09,8.210000038146973,8.529999732971191,8.180000305175781,8.510000228881836,6.833614826202393,46757656
2020-01-10,8.550000190734863,8.770000457763672,8.510000228881836,8.670000076293945,6.962096691131592,39136105
2020-01-13,8.819999694824219,8.899999618530273,8.720000267028809,8.75,7.02633810043335,28347130
2020-01-14,8.720000267028809,8.869999885559082,8.619999885559082,8.850000381469727,7.106638431549072,27836526
2020-01-15,8.829999923706055,8.880000114440918,8.720000267028809,8.829999923706055,7.090579032897949,17747763
2020-01-16,8.789999961853027,8.949999809265137,8.6899995803833,8.800000190734863,7.066487789154053,87181793
2020-01-17,8.859999656677246,8.930000305175781,8.760000228881836,8.8100004196167,7.07451868057251,22358431
2020-01-20,8.850000381469727,8.960000038146973,8.84000015258789,8.890000343322754,7.138759613037109,21238070
2020-01-21,8.829999923706055,8.979999542236328,8.819999694824219,8.90999984741211,7.154819011688232,30912317
2020-01-22,8.970000267028809,8.989999771118164,8.699999809265137,8.699999809265137,6.98618745803833,38378362
2020-01-23,8.710000038146973,8.880000114440918,8.680000305175781,8.800000190734863,7.066487789154053,34853679
2020-01-24,8.880000114440918,8.90999984741211,8.579999923706055,8.75,7.02633810043335,28928453
2020-01-27,8.5600004196167,8.6899995803833,8.510000228881836,8.539999961853027,6.857706069946289,18789166
2020-01-28,8.579999923706055,8.619999885559082,8.449999809265137,8.460000038146973,6.793464660644531,36417476
2020-01-29,8.5,8.510000228881836,8.279999732971191,8.279999732971191,6.648922920227051,36797244
2020-01-30,8.239999771118164,8.4399995803833,8.199999809265137,8.420000076293945,6.7613444328308105,34272483
2020-01-31,8.479999542236328,8.479999542236328,8.319999694824219,8.34000015258789,6.697103977203369,21330228
2020-02-03,8.3100004196167,8.359999656677246,8.239999771118164,8.319999694824219,6.6810431480407715,22642878
2020-02-04,8.40999984741211,8.640000343322754,8.40999984741211,8.619999885559082,6.921946048736572,30919050
2020-02-05,8.619999885559082,8.770000457763672,8.569999694824219,8.65999984741211,6.954066276550293,41312561
2020-02-06,8.760000228881836,8.84000015258789,8.579999923706055,8.640000343322754,6.938006401062012,48954258
2020-02-07,8.65999984741211,8.680000305175781,8.359999656677246,8.399999618530273,6.745284080505371,20632615
2020-02-10,8.369999885559082,8.420000076293945,8.170000076293945,8.270000457763672,6.640893459320068,39037164
2020-02-11,8.319999694824219,8.390000343322754,8.119999885559082,8.359999656677246,6.713163375854492,55725212
2020-02-12,8.359999656677246,8.430000305175781,8.119999885559082,8.130000114440918,6.52847146987915,45303052
2020-02-13,8.09000015258789,8.1899995803833,8.029999732971191,8.140000343322754,6.536501884460449,19053274
2020-02-14,8.239999771118164,8.34000015258789,8.100000381469727,8.100000381469727,6.50438117980957,31467536
2020-02-17,8.199999809265137,8.199999809265137,8.100000381469727,8.100000381469727,6.50438117980957,14929707
2020-02-18,8.079999923706055,8.15999984741211,8.010000228881836,8.069999694824219,6.48029088973999,24434493
2020-02-19,8.109999656677246,8.130000114440918,7.849999904632568,7.929999828338623,6.3678693771362305,24443789
2020-02-20,7.929999828338623,7.929999828338623,7.559999942779541,7.670000076293945,6.159087181091309,36507128
2020-02-21,7.579999923706055,7.789999961853027,7.550000190734863,7.679999828338623,6.167116641998291,34942324
2020-02-24,7.5,7.550000190734863,7.449999809265137,7.519999980926514,6.038634777069092,20858304
2020-02-25,7.610000133514404,7.630000114440918,7.449999809265137,7.480000019073486,6.006514549255371,28055702
2020-02-26,7.449999809265137,7.610000133514404,7.389999866485596,7.590000152587891,6.094846248626709,35533961
2020-02-27,7.53000020980835,7.539999961853027,7.230000019073486,7.25,5.821822643280029,32422064
2020-02-28,6.25,6.869999885559082,6.25,6.75,5.420317649841309,48176784
2020-03-02,6.96999979019165,7.0,6.809999942779541,6.880000114440918,5.524709224700928,30315975
2020-03-03,7.0,7.25,7.0,7.150000095367432,5.741521835327148,36039034
2020-03-04,7.230000019073486,7.550000190734863,7.199999809265137,7.440000057220459,5.97439432144165,46882116
2020-03-05,7.610000133514404,7.619999885559082,7.369999885559082,7.46999979019165,5.9984846115112305,30795657
2020-03-06,7.369999885559082,7.46999979019165,7.130000114440918,7.320000171661377,5.87803316116333,25556178
2020-03-09,7.099999904632568,7.139999866485596,6.920000076293945,6.949999809265137,5.58091926574707,24432021
2020-03-10,7.139999866485596,7.21999979019165,6.849999904632568,6.869999885559082,5.516678810119629,32030070
2020-03-11,6.869999885559082,6.869999885559082,6.869999885559082,6.869999885559082,5.516678810119629,0
2020-03-12,6.599999904632568,6.610000133514404,6.260000228881836,6.309999942779541,5.06699275970459,31823559
2020-03-13,6.300000190734863,6.699999809265137,6.239999771118164,6.429999828338623,5.163354396820068,42247601
2020-03-16,6.110000133514404,6.25,5.849999904632568,6.090000152587891,4.890331268310547,29631672
2020-03-17,6.070000171661377,6.150000095367432,5.659999847412109,6.070000171661377,4.874270915985107,59269296
2020-03-18,5.960000038146973,6.190000057220459,5.909999847412109,5.909999847412109,4.745789527893066,31569584
2020-03-19,5.889999866485596,5.949999809265137,5.610000133514404,5.679999828338623,4.56109619140625,34942694
2020-03-20,5.849999904632568,5.880000114440918,5.5,5.570000171661377,4.472765922546387,26635021
2020-03-23,5.300000190734863,5.5,5.050000190734863,5.409999847412109,4.3442840576171875,54801497
2020-03-24,5.579999923706055,5.820000171661377,5.550000190734863,5.739999771118164,4.609277725219727,43024404
2020-03-25,5.789999961853027,5.909999847412109,5.550000190734863,5.579999923706055,4.480795860290527,71878646
2020-03-26,5.550000190734863,5.769999980926514,5.510000228881836,5.71999979019165,4.593217849731445,91412090
2020-03-27,5.739999771118164,5.75,5.510000228881836,5.539999961853027,4.448675632476807,50297989
2020-03-30,5.510000228881836,5.579999923706055,5.460000038146973,5.5,4.416554927825928,51150472
2020-03-31,5.619999885559082,5.699999809265137,5.559999942779541,5.619999885559082,4.512916088104248,55808362
2020-04-01,5.480000019073486,5.539999961853027,5.409999847412109,5.449999809265137,4.376404762268066,52077446
2020-04-02,5.559999942779541,5.570000171661377,5.389999866485596,5.440000057220459,4.368374824523926,49515714
2020-04-03,5.460000038146973,5.46999979019165,5.380000114440918,5.400000095367432,4.336254596710205,35663458
2020-04-06,5.53000020980835,5.590000152587891,5.460000038146973,5.570000171661377,4.472765922546387,43502806
2020-04-07,5.679999828338623,5.730000019073486,5.570000171661377,5.590000152587891,4.488826274871826,56933104
2020-04-08,5.570000171661377,5.639999866485596,5.559999942779541,5.639999866485596,4.5289764404296875,32170961
2020-04-09,5.730000019073486,6.010000228881836,5.650000095367432,6.0,4.818060398101807,98587645
2020-04-10,6.03000020980835,6.25,5.940000057220459,6.110000133514404,4.906391620635986,65400212
2020-04-13,5.96999979019165,6.139999866485596,5.929999828338623,6.019999980926514,4.834120273590088,55962350
2020-04-14,6.110000133514404,6.130000114440918,6.0,6.039999961853027,4.850180149078369,76705146
2020-04-15,6.03000020980835,6.03000020980835,5.670000076293945,5.699999809265137,4.577157020568848,75463227
2020-04-16,5.699999809265137,5.730000019073486,5.599999904632568,5.670000076293945,4.553066253662109,60566805
2020-04-17,5.829999923706055,5.880000114440918,5.75,5.789999961853027,4.649428367614746,107225881
2020-04-20,5.809999942779541,5.840000152587891,5.739999771118164,5.789999961853027,4.649428367614746,38974091
2020-04-21,5.739999771118164,5.760000228881836,5.650000095367432,5.679999828338623,4.56109619140625,29325081
2020-04-22,5.710000038146973,5.739999771118164,5.670000076293945,5.690000057220459,4.569126605987549,39045415
2020-04-24,5.690000057220459,5.800000190734863,5.659999847412109,5.739999771118164,4.609277725219727,48424423
2020-04-27,5.849999904632568,6.039999961853027,5.820000171661377,6.039999961853027,4.850180149078369,72526876
2020-04-28,6.050000190734863,6.070000171661377,5.909999847412109,5.920000076293945,4.753819465637207,53035146
2020-04-29,5.960000038146973,6.0,5.889999866485596,5.989999771118164,4.81002950668335,35574390
2020-04-30,6.0,6.039999961853027,5.849999904632568,5.889999866485596,4.729728698730469,54537735
2020-05-04,5.800000190734863,5.809999942779541,5.699999809265137,5.730000019073486,4.601247787475586,43876559
2020-05-05,5.789999961853027,5.800000190734863,5.699999809265137,5.71999979019165,4.593217849731445,43965107
2020-05-06,5.71999979019165,5.75,5.670000076293945,5.699999809265137,4.577157020568848,45419506
2020-05-07,5.699999809265137,5.75,5.650000095367432,5.679999828338623,4.56109619140625,44551662
2020-05-08,5.690000057220459,5.71999979019165,5.570000171661377,5.570000171661377,4.472765922546387,70760793
2020-05-11,5.590000152587891,5.630000114440918,5.53000020980835,5.570000171661377,4.472765922546387,34436036
2020-05-12,5.590000152587891,5.630000114440918,5.550000190734863,5.610000133514404,4.504885673522949,93513793
2020-05-13,5.610000133514404,5.630000114440918,5.570000171661377,5.579999923706055,4.480795860290527,66821776
2020-05-14,5.539999961853027,5.550000190734863,5.409999847412109,5.429999828338623,4.360344409942627,67275420
2020-05-15,5.46999979019165,5.5,5.429999828338623,5.429999828338623,4.360344409942627,49790529
2020-05-18,5.5,5.53000020980835,5.460000038146973,5.480000019073486,4.400494575500488,52653161
2020-05-20,5.510000228881836,5.550000190734863,5.489999771118164,5.510000228881836,4.424585819244385,56549663
2020-05-21,5.5,5.539999961853027,5.46999979019165,5.5,4.416554927825928,61231935
2020-05-22,5.480000019073486,5.53000020980835,5.460000038146973,5.510000228881836,4.424585819244385,43793107
2020-05-27,5.610000133514404,5.650000095367432,5.570000171661377,5.599999904632568,4.496855735778809,73980114
2020-05-28,5.630000114440918,5.710000038146973,5.610000133514404,5.659999847412109,4.545036315917969,115593288
2020-05-29,5.650000095367432,5.710000038146973,5.619999885559082,5.679999828338623,4.56109619140625,103113506
2020-06-01,5.75,5.800000190734863,5.710000038146973,5.800000190734863,4.657458305358887,71788058
2020-06-02,5.820000171661377,5.860000133514404,5.769999980926514,5.789999961853027,4.649428367614746,78465561
2020-06-03,5.840000152587891,5.889999866485596,5.820000171661377,5.849999904632568,4.697608470916748,82702635
2020-06-04,5.869999885559082,5.880000114440918,5.809999942779541,5.820000171661377,4.673518180847168,57869986
2020-06-05,5.849999904632568,5.920000076293945,5.820000171661377,5.920000076293945,4.753819465637207,73405929
2020-06-08,5.940000057220459,5.989999771118164,5.880000114440918,5.880000114440918,4.721698760986328,75117353
2020-06-09,5.920000076293945,5.949999809265137,5.820000171661377,5.849999904632568,4.697608470916748,50544346
2020-06-10,5.869999885559082,5.909999847412109,5.849999904632568,5.860000133514404,4.705638885498047,59637585
2020-06-11,5.820000171661377,5.840000152587891,5.769999980926514,5.800000190734863,4.657458305358887,66956764
2020-06-12,5.739999771118164,5.829999923706055,5.739999771118164,5.820000171661377,4.673518180847168,59076358
2020-06-15,5.769999980926514,5.789999961853027,5.730000019073486,5.760000228881836,4.625337600708008,46376707
2020-06-16,5.860000133514404,5.929999828338623,5.849999904632568,5.849999904632568,4.697608470916748,83904956
2020-06-17,5.860000133514404,5.889999866485596,5.800000190734863,5.829999923706055,4.681548595428467,49917842
2020-06-18,5.820000171661377,5.849999904632568,5.800000190734863,5.829999923706055,4.681548595428467,49029587
2020-06-19,5.860000133514404,6.010000228881836,5.840000152587891,5.980000019073486,4.802000045776367,171312435
2020-06-22,6.110000133514404,6.21999979019165,6.079999923706055,6.159999847412109,4.9465413093566895,171673990
2020-06-23,6.199999809265137,6.210000038146973,6.110000133514404,6.130000114440918,4.922451972961426,72885418
2020-06-24,6.110000133514404,6.110000133514404,5.949999809265137,5.96999979019165,4.793969631195068,74927108
2020-06-25,5.920000076293945,5.949999809265137,5.869999885559082,5.900000095367432,4.737759113311768,107481761
2020-06-26,5.949999809265137,5.960000038146973,5.880000114440918,5.900000095367432,4.737759113311768,57881474
2020-06-29,5.900000095367432,6.119999885559082,5.869999885559082,6.110000133514404,4.906391620635986,138194135
2020-06-30,6.150000095367432,6.170000076293945,6.079999923706055,6.110000133514404,4.906391620635986,111120177
2020-07-01,6.130000114440918,6.139999866485596,5.929999828338623,5.949999809265137,4.777908802032471,128495691
2020-07-02,5.960000038146973,6.03000020980835,5.949999809265137,5.989999771118164,4.81002950668335,75052411
2020-07-03,6.0,6.010000228881836,5.860000133514404,5.900000095367432,4.737759113311768,86215975
2020-07-06,5.96999979019165,6.110000133514404,5.929999828338623,6.099999904632568,4.898360729217529,91665694
2020-07-07,6.099999904632568,6.139999866485596,5.989999771118164,6.019999980926514,4.834120273590088,131477896
2020-07-08,6.0,6.010000228881836,5.869999885559082,5.920000076293945,4.753819465637207,160432786
2020-07-09,5.940000057220459,5.940000057220459,5.760000228881836,5.800000190734863,4.657458305358887,82758441
2020-07-10,5.75,5.75,5.659999847412109,5.730000019073486,4.601247787475586,75387123
2020-07-13,5.800000190734863,5.869999885559082,5.760000228881836,5.849999904632568,4.697608470916748,99818836
2020-07-14,5.840000152587891,5.860000133514404,5.78000020980835,5.789999961853027,4.649428367614746,59054843
2020-07-16,5.789999961853027,5.900000095367432,5.78000020980835,5.849999904632568,4.697608470916748,71262780
2020-07-17,5.869999885559082,5.869999885559082,5.800000190734863,5.820000171661377,4.673518180847168,52408960
2020-07-20,5.809999942779541,5.840000152587891,5.789999961853027,5.809999942779541,4.665488243103027,45063288
2020-07-21,5.840000152587891,5.929999828338623,5.789999961853027,5.820000171661377,4.673518180847168,131889900
2020-07-22,5.829999923706055,5.849999904632568,5.800000190734863,5.800000190734863,4.657458305358887,61531634
2020-07-23,5.829999923706055,5.860000133514404,5.789999961853027,5.809999942779541,4.665488243103027,48470850
2020-07-24,5.78000020980835,5.789999961853027,5.75,5.769999980926514,4.633368015289307,29863962
2020-07-27,5.800000190734863,5.809999942779541,5.699999809265137,5.71999979019165,4.593217849731445,43319180
2020-07-28,5.71999979019165,5.71999979019165,5.489999771118164,5.5,4.416554927825928,71564939
2020-07-29,5.53000020980835,5.550000190734863,5.260000228881836,5.320000171661377,4.272013187408447,105635722
2020-07-30,5.309999942779541,5.340000152587891,5.210000038146973,5.239999771118164,4.207772254943848,66184581
2020-08-04,5.300000190734863,5.320000171661377,4.96999979019165,5.070000171661377,4.071260452270508,145260925
2020-08-05,5.090000152587891,5.110000133514404,4.989999771118164,5.019999980926514,4.031110763549805,189993024
2020-08-06,5.019999980926514,5.019999980926514,4.699999809265137,4.71999979019165,3.7902071475982666,238947444
2020-08-07,4.699999809265137,4.769999980926514,4.53000020980835,4.760000228881836,3.8223280906677246,190918249
2020-08-10,4.71999979019165,4.789999961853027,4.679999828338623,4.75,3.814297676086426,95633375
2020-08-11,4.78000020980835,5.079999923706055,4.769999980926514,5.079999923706055,4.079290866851807,242007382
2020-08-12,5.079999923706055,5.130000114440918,4.960000038146973,5.070000171661377,4.071260452270508,182905027
2020-08-13,5.070000171661377,5.110000133514404,4.989999771118164,5.019999980926514,4.031110763549805,133654621
2020-08-14,4.980000019073486,4.989999771118164,4.880000114440918,4.929999828338623,3.958839178085327,88767239
2020-08-17,4.920000076293945,5.039999961853027,4.889999866485596,5.0,4.015049934387207,86895141
2020-08-18,5.0,5.099999904632568,4.980000019073486,5.039999961853027,4.047170639038086,106154782
2020-08-19,5.070000171661377,5.159999847412109,5.050000190734863,5.159999847412109,4.143531322479248,139151894
2020-08-20,5.139999866485596,5.139999866485596,5.050000190734863,5.090000152587891,4.0873212814331055,104882255
2020-08-21,5.119999885559082,5.21999979019165,5.03000020980835,5.059999942779541,4.063230514526367,210265025
2020-08-24,5.079999923706055,5.090000152587891,5.0,5.0,4.015049934387207,60999660
2020-08-25,5.019999980926514,5.050000190734863,4.860000133514404,4.889999866485596,3.9267187118530273,81786609
2020-08-26,4.880000114440918,5.0,4.849999904632568,4.960000038146973,3.982929229736328,92612259
2020-08-27,5.010000228881836,5.059999942779541,4.989999771118164,5.03000020980835,4.039140701293945,65690717
2020-08-28,5.050000190734863,5.059999942779541,4.96999979019165,5.0,4.015049934387207,72938110
2020-08-31,5.039999961853027,5.039999961853027,4.869999885559082,4.900000095367432,3.934748649597168,67302109
2020-09-01,4.909999847412109,4.96999979019165,4.829999923706055,4.940000057220459,3.966869592666626,89891234
2020-09-02,4.960000038146973,4.980000019073486,4.889999866485596,4.929999828338623,3.958839178085327,83574325
2020-09-03,4.940000057220459,4.96999979019165,4.880000114440918,4.889999866485596,3.9267187118530273,65829432
2020-09-04,4.880000114440918,4.929999828338623,4.869999885559082,4.909999847412109,3.942779064178467,49910278
2020-09-07,4.929999828338623,4.949999809265137,4.889999866485596,4.940000057220459,3.966869592666626,40660275
2020-09-08,4.949999809265137,4.960000038146973,4.880000114440918,4.900000095367432,3.934748649597168,56254069
2020-09-09,4.889999866485596,4.920000076293945,4.880000114440918,4.900000095367432,3.934748649597168,37420995
2020-09-10,4.909999847412109,4.989999771118164,4.880000114440918,4.940000057220459,3.966869592666626,105150156
2020-09-11,4.940000057220459,4.960000038146973,4.900000095367432,4.920000076293945,3.9508092403411865,45175513
2020-09-14,4.929999828338623,4.929999828338623,4.889999866485596,4.900000095367432,3.934748649597168,33018249
2020-09-15,4.900000095367432,4.920000076293945,4.849999904632568,4.880000114440918,3.9186885356903076,46649434
2020-09-16,4.889999866485596,4.909999847412109,4.869999885559082,4.889999866485596,3.9267187118530273,26724695
2020-09-17,4.860000133514404,4.889999866485596,4.849999904632568,4.860000133514404,3.9026286602020264,40644852
2020-09-18,4.880000114440918,4.900000095367432,4.840000152587891,4.849999904632568,3.8945984840393066,42426466
2020-09-21,4.869999885559082,4.880000114440918,4.699999809265137,4.730000019073486,3.7982375621795654,69515616
2020-09-22,4.730000019073486,4.769999980926514,4.710000038146973,4.730000019073486,3.7982375621795654,43333637
2020-09-23,4.760000228881836,4.829999923706055,4.739999771118164,4.78000020980835,3.838387966156006,60690088
2020-09-24,4.739999771118164,5.059999942779541,4.739999771118164,5.039999961853027,4.047170639038086,226509840
2020-09-25,5.170000076293945,5.210000038146973,5.090000152587891,5.119999885559082,4.1114115715026855,145957226
2020-09-28,5.119999885559082,5.139999866485596,5.0,5.019999980926514,4.031110763549805,85706776
2020-09-29,5.03000020980835,5.079999923706055,4.940000057220459,4.989999771118164,4.007019519805908,82855699
2020-09-30,5.090000152587891,5.159999847412109,5.039999961853027,5.150000095367432,4.135501861572266,91008186
2020-10-01,5.179999828338623,5.269999980926514,5.130000114440918,5.170000076293945,4.151561737060547,123998051
2020-10-02,5.150000095367432,5.190000057220459,5.119999885559082,5.159999847412109,4.143531322479248,92460447
2020-10-05,5.179999828338623,5.199999809265137,5.159999847412109,5.179999828338623,4.159591197967529,48731413
2020-10-06,5.190000057220459,5.239999771118164,5.130000114440918,5.139999866485596,4.127470970153809,93659311
2020-10-07,5.110000133514404,5.119999885559082,5.059999942779541,5.070000171661377,4.071260452270508,73454966
2020-10-08,5.090000152587891,5.090000152587891,5.0,5.059999942779541,4.063230514526367,69081027
2020-10-09,5.079999923706055,5.159999847412109,5.050000190734863,5.150000095367432,4.135501861572266,73643687
2020-10-12,5.179999828338623,5.210000038146973,5.150000095367432,5.190000057220459,4.167622089385986,68279294
2020-10-13,5.179999828338623,5.190000057220459,5.130000114440918,5.159999847412109,4.143531322479248,49827061
2020-10-14,5.159999847412109,5.170000076293945,5.119999885559082,5.159999847412109,4.143531322479248,69256360
2020-10-15,5.139999866485596,5.150000095367432,5.059999942779541,5.099999904632568,4.095351219177246,63086515
2020-10-16,5.110000133514404,5.21999979019165,5.090000152587891,5.199999809265137,4.175651550292969,79471435
2020-10-19,5.239999771118164,5.440000057220459,5.21999979019165,5.409999847412109,4.3442840576171875,186963436
2020-10-20,5.420000076293945,5.449999809265137,5.340000152587891,5.400000095367432,4.336254596710205,118398066
2020-10-21,5.449999809265137,5.46999979019165,5.360000133514404,5.420000076293945,4.352314472198486,76356281
2020-10-22,5.420000076293945,5.449999809265137,5.139999866485596,5.139999866485596,4.127470970153809,167968990
2020-10-23,5.130000114440918,5.139999866485596,5.010000228881836,5.070000171661377,4.071260452270508,74796019
2020-10-26,5.010000228881836,5.010000228881836,4.849999904632568,4.869999885559082,3.910658597946167,78405136
2020-10-27,4.880000114440918,4.96999979019165,4.840000152587891,4.960000038146973,3.982929229736328,77169277
2020-10-28,4.940000057220459,4.980000019073486,4.849999904632568,4.889999866485596,3.9267187118530273,33004214
2020-10-30,4.860000133514404,4.860000133514404,4.75,4.78000020980835,3.838387966156006,76622682
2020-11-02,4.809999942779541,4.900000095367432,4.769999980926514,4.809999942779541,3.862478017807007,82950906
2020-11-03,4.840000152587891,5.070000171661377,4.78000020980835,5.039999961853027,4.047170639038086,155350449
2020-11-04,5.03000020980835,5.119999885559082,4.96999979019165,5.010000228881836,4.023080348968506,157422953
2020-11-05,5.010000228881836,5.059999942779541,4.929999828338623,5.010000228881836,4.023080348968506,99070018
2020-11-06,5.0,5.019999980926514,4.96999979019165,5.010000228881836,4.023080348968506,69391543
2020-11-09,5.260000228881836,5.449999809265137,5.210000038146973,5.380000114440918,4.320194244384766,240392173
2020-11-10,5.289999961853027,5.679999828338623,5.260000228881836,5.650000095367432,4.537006378173828,206908827
2020-11-11,5.710000038146973,6.21999979019165,5.690000057220459,6.21999979019165,4.994722366333008,354822829
2020-11-12,6.260000228881836,6.519999980926514,6.099999904632568,6.260000228881836,5.026843070983887,418015943
2020-11-13,6.28000020980835,6.349999904632568,6.150000095367432,6.309999942779541,5.06699275970459,241319947
2020-11-16,6.420000076293945,6.460000038146973,6.289999961853027,6.320000171661377,5.075023651123047,137456749
2020-11-17,6.28000020980835,6.28000020980835,5.980000019073486,6.0,4.818060398101807,189057822
2020-11-18,6.010000228881836,6.300000190734863,6.010000228881836,6.269999980926514,5.034872531890869,284782733
2020-11-19,6.269999980926514,6.670000076293945,6.110000133514404,6.489999771118164,5.2115349769592285,500619230
2020-11-20,6.489999771118164,6.570000171661377,6.400000095367432,6.53000020980835,5.243655681610107,201009126
2020-11-23,6.519999980926514,6.53000020980835,6.199999809265137,6.25,5.018812656402588,113858775
2020-11-24,6.289999961853027,6.480000019073486,6.179999828338623,6.289999961853027,5.050932884216309,169110102
2020-11-25,6.329999923706055,6.440000057220459,6.289999961853027,6.300000190734863,5.058963298797607,120923004
2020-11-26,6.369999885559082,6.460000038146973,6.28000020980835,6.440000057220459,5.171384334564209,111324960
2020-11-27,6.5,6.539999961853027,6.349999904632568,6.369999885559082,5.11517333984375,106784302
2020-11-30,6.239999771118164,6.28000020980835,6.050000190734863,6.079999923706055,4.882300853729248,139071223
2020-12-01,6.099999904632568,6.309999942779541,6.03000020980835,6.309999942779541,5.06699275970459,119441257
2020-12-02,6.309999942779541,6.349999904632568,6.190000057220459,6.239999771118164,5.010781764984131,93521109
2020-12-03,6.25,6.300000190734863,6.119999885559082,6.239999771118164,5.010781764984131,108908356
2020-12-04,6.21999979019165,6.260000228881836,6.150000095367432,6.179999828338623,4.962601661682129,55175084
2020-12-07,6.130000114440918,6.139999866485596,6.019999980926514,6.050000190734863,4.858210563659668,71461909
2020-12-08,6.050000190734863,6.159999847412109,6.039999961853027,6.059999942779541,4.866240501403809,92877892
2020-12-09,6.090000152587891,6.309999942779541,6.079999923706055,6.21999979019165,4.994722366333008,117786780
2020-12-10,6.21999979019165,6.369999885559082,6.170000076293945,6.269999980926514,5.034872531890869,121960400
2020-12-11,6.21999979019165,6.320000171661377,6.119999885559082,6.300000190734863,5.058963298797607,107659290
2020-12-14,6.389999866485596,6.46999979019165,6.349999904632568,6.369999885559082,5.11517333984375,74970370
2020-12-15,6.400000095367432,6.420000076293945,6.329999923706055,6.369999885559082,5.11517333984375,71710301
2020-12-16,6.420000076293945,6.480000019073486,6.309999942779541,6.349999904632568,5.0991129875183105,87713993
2020-12-17,6.409999847412109,6.429999828338623,6.329999923706055,6.400000095367432,5.139264106750488,71718536
2020-12-18,6.400000095367432,6.5,6.349999904632568,6.46999979019165,5.195475101470947,76039138
2020-12-21,6.400000095367432,6.429999828338623,6.21999979019165,6.320000171661377,5.075023651123047,93306226
2020-12-22,6.380000114440918,6.53000020980835,6.340000152587891,6.489999771118164,5.2115349769592285,113925427
2020-12-23,6.5,6.579999923706055,6.420000076293945,6.46999979019165,5.195475101470947,86348550
2020-12-24,6.489999771118164,6.650000095367432,6.420000076293945,6.559999942779541,5.267745494842529,149671268
2020-12-25,6.570000171661377,6.590000152587891,6.489999771118164,6.519999980926514,5.235625267028809,33709453
2020-12-28,6.550000190734863,6.579999923706055,6.510000228881836,6.550000190734863,5.259715557098389,52637178
2020-12-29,6.559999942779541,6.619999885559082,6.46999979019165,6.619999885559082,5.315926551818848,63789662
2020-12-30,6.639999866485596,6.920000076293945,6.639999866485596,6.909999847412109,5.54879903793335,122424146
2020-12-31,6.889999866485596,7.03000020980835,6.840000152587891,7.010000228881836,5.629100322723389,79910440
2021-01-04,6.980000019073486,7.150000095367432,6.960000038146973,7.099999904632568,5.701371192932129,110774945
2021-01-05,7.059999942779541,7.21999979019165,6.96999979019165,7.010000228881836,5.629100322723389,154456394
2021-01-06,7.170000076293945,7.349999904632568,7.150000095367432,7.349999904632568,5.90212345123291,171196874
2021-01-07,7.46999979019165,7.599999904632568,7.420000076293945,7.53000020980835,6.046665191650391,150589737
2021-01-08,7.610000133514404,7.630000114440918,7.46999979019165,7.519999980926514,6.038634777069092,113522210
2021-01-11,7.46999979019165,7.480000019073486,7.210000038146973,7.309999942779541,5.870003700256348,88420008
2021-01-12,7.400000095367432,7.420000076293945,7.239999771118164,7.28000020980835,5.845913410186768,62649493
2021-01-13,7.340000152587891,7.340000152587891,7.170000076293945,7.25,5.821822643280029,75591224
2021-01-14,7.269999980926514,7.28000020980835,7.070000171661377,7.119999885559082,5.71743106842041,75387321
2021-01-15,7.050000190734863,7.070000171661377,6.840000152587891,6.920000076293945,5.556829452514648,96536730
2021-01-18,6.900000095367432,6.989999771118164,6.789999961853027,6.989999771118164,5.613039493560791,85218058
2021-01-19,7.090000152587891,7.139999866485596,6.989999771118164,7.019999980926514,5.637130260467529,71436145
2021-01-20,7.039999961853027,7.039999961853027,6.849999904632568,6.920000076293945,5.556829452514648,83662348
2021-01-21,6.940000057220459,7.090000152587891,6.900000095367432,6.920000076293945,5.556829452514648,163922464
2021-01-22,6.889999866485596,6.909999847412109,6.650000095367432,6.71999979019165,5.39622688293457,123368888
2021-01-25,6.78000020980835,6.800000190734863,6.539999961853027,6.559999942779541,5.267745494842529,81413839
2021-01-26,6.53000020980835,6.679999828338623,6.400000095367432,6.610000133514404,5.307896614074707,117514579
2021-01-27,6.579999923706055,6.610000133514404,6.340000152587891,6.340000152587891,5.091083526611328,101548005
2021-01-28,6.28000020980835,6.510000228881836,6.25,6.510000228881836,5.227595806121826,132387448
2021-01-29,6.420000076293945,6.519999980926514,6.360000133514404,6.380000114440918,5.123203754425049,93537460
2021-02-01,6.449999809265137,6.539999961853027,6.380000114440918,6.489999771118164,5.2115349769592285,69527172
2021-02-02,6.550000190734863,6.599999904632568,6.480000019073486,6.550000190734863,5.259715557098389,65542662
2021-02-03,6.610000133514404,6.769999980926514,6.599999904632568,6.769999980926514,5.43637752532959,109681284
2021-02-04,6.769999980926514,6.78000020980835,6.659999847412109,6.679999828338623,5.364107131958008,76222268
2021-02-05,6.739999771118164,6.78000020980835,6.590000152587891,6.610000133514404,5.307896614074707,63983693
2021-02-08,6.670000076293945,6.730000019073486,6.559999942779541,6.670000076293945,5.356076717376709,66765769
2021-02-09,6.670000076293945,6.900000095367432,6.639999866485596,6.829999923706055,5.484558582305908,160159901
2021-02-10,6.860000133514404,6.880000114440918,6.75,6.820000171661377,5.476528644561768,72762084
2021-02-11,6.809999942779541,6.820000171661377,6.670000076293945,6.699999809265137,5.380166530609131,49655542
2021-02-12,6.650000095367432,6.739999771118164,6.599999904632568,6.639999866485596,5.331986427307129,58909032
2021-02-15,6.699999809265137,6.71999979019165,6.659999847412109,6.699999809265137,5.380166530609131,42465185
2021-02-16,6.71999979019165,6.820000171661377,6.5,6.510000228881836,5.227595806121826,106023509
2021-02-17,6.53000020980835,6.550000190734863,6.369999885559082,6.409999847412109,5.147294044494629,114214236
2021-02-18,6.460000038146973,6.510000228881836,6.320000171661377,6.320000171661377,5.075023651123047,119589088
2021-02-19,6.320000171661377,6.440000057220459,6.25,6.440000057220459,5.171384334564209,97555810
2021-02-22,6.460000038146973,6.46999979019165,6.300000190734863,6.300000190734863,5.058963298797607,75487002
2021-02-23,6.349999904632568,6.380000114440918,6.230000019073486,6.239999771118164,5.010781764984131,76126533
2021-02-24,6.199999809265137,6.239999771118164,6.010000228881836,6.010000228881836,4.826090335845947,90387822
2021-02-25,6.110000133514404,6.179999828338623,5.96999979019165,6.179999828338623,4.962601661682129,87340510
2021-02-26,6.019999980926514,6.130000114440918,5.989999771118164,6.059999942779541,4.866240501403809,101453984
2021-03-01,6.130000114440918,6.309999942779541,6.039999961853027,6.300000190734863,5.058963298797607,72416715
2021-03-02,6.28000020980835,6.369999885559082,6.210000038146973,6.300000190734863,5.058963298797607,75241137
2021-03-03,6.329999923706055,6.460000038146973,6.230000019073486,6.230000019073486,5.002752304077148,76443111
2021-03-04,6.210000038146973,6.380000114440918,6.179999828338623,6.349999904632568,5.0991129875183105,63045313
2021-03-05,6.309999942779541,6.389999866485596,6.230000019073486,6.320000171661377,5.075023651123047,66827724
2021-03-08,6.340000152587891,6.340000152587891,6.099999904632568,6.119999885559082,4.914421558380127,94427128
2021-03-09,6.159999847412109,6.239999771118164,6.070000171661377,6.130000114440918,4.922451972961426,95198413
2021-03-10,6.119999885559082,6.21999979019165,6.059999942779541,6.199999809265137,4.978662014007568,95727397
2021-03-11,6.25,6.269999980926514,6.079999923706055,6.099999904632568,4.898360729217529,60724745
2021-03-12,6.110000133514404,6.179999828338623,6.079999923706055,6.130000114440918,4.922451972961426,63972846
2021-03-15,6.130000114440918,6.130000114440918,6.03000020980835,6.050000190734863,4.858210563659668,44914584
2021-03-16,6.050000190734863,6.119999885559082,6.039999961853027,6.090000152587891,4.890331268310547,54931995
2021-03-17,6.070000171661377,6.150000095367432,5.980000019073486,5.989999771118164,4.81002950668335,77916811
2021-03-18,6.010000228881836,6.239999771118164,6.010000228881836,6.099999904632568,4.898360729217529,135219370
2021-03-19,6.079999923706055,6.079999923706055,5.869999885559082,5.920000076293945,4.753819465637207,78099685
2021-03-22,5.420000076293945,5.46999979019165,5.329999923706055,5.329999923706055,4.280043125152588,51333998
2021-03-23,4.800000190734863,5.050000190734863,4.800000190734863,4.800000190734863,3.8544485569000244,418502880
2021-03-24,4.880000114440918,5.019999980926514,4.78000020980835,4.909999847412109,3.942779064178467,183485760
2021-03-25,4.929999828338623,4.989999771118164,4.809999942779541,4.849999904632568,3.8945984840393066,110421218
2021-03-26,4.869999885559082,4.869999885559082,4.650000095367432,4.71999979019165,3.886693239212036,115133759
2021-03-29,4.75,4.789999961853027,4.730000019073486,4.760000228881836,3.9196317195892334,53403450
2021-03-30,4.75,4.769999980926514,4.679999828338623,4.71999979019165,3.886693239212036,69472227
2021-03-31,4.71999979019165,4.769999980926514,4.670000076293945,4.690000057220459,3.861989736557007,87349602
2021-04-01,4.730000019073486,4.909999847412109,4.710000038146973,4.889999866485596,4.026679992675781,119664117
2021-04-02,4.929999828338623,4.960000038146973,4.860000133514404,4.889999866485596,4.026679992675781,59443683
2021-04-05,4.889999866485596,4.909999847412109,4.849999904632568,4.889999866485596,4.026679992675781,32693574
2021-04-06,4.889999866485596,4.920000076293945,4.820000171661377,4.820000171661377,3.969038724899292,77517503
2021-04-07,4.820000171661377,4.849999904632568,4.71999979019165,4.849999904632568,3.9937422275543213,67100765
2021-04-08,4.869999885559082,4.880000114440918,4.789999961853027,4.800000190734863,3.9525697231292725,52784190
2021-04-09,4.789999961853027,4.800000190734863,4.679999828338623,4.760000228881836,3.9196317195892334,73777422
2021-04-12,4.75,4.78000020980835,4.690000057220459,4.699999809265137,3.8702242374420166,46472571
2021-04-13,4.71999979019165,4.789999961853027,4.670000076293945,4.760000228881836,3.9196317195892334,69643678
2021-04-14,4.809999942779541,4.940000057220459,4.809999942779541,4.940000057220459,4.067852973937988,80837796
2021-04-15,4.96999979019165,5.179999828338623,4.929999828338623,5.050000190734863,4.158432960510254,188081625
2021-04-16,5.019999980926514,5.039999961853027,4.949999809265137,4.96999979019165,4.092555999755859,65503736
2021-04-19,4.980000019073486,4.989999771118164,4.800000190734863,4.800000190734863,3.9525697231292725,80952100
2021-04-20,4.789999961853027,4.940000057220459,4.789999961853027,4.880000114440918,4.0184454917907715,78484758
2021-04-21,4.860000133514404,4.880000114440918,4.769999980926514,4.880000114440918,4.0184454917907715,80629132
2021-04-22,4.820000171661377,4.900000095367432,4.809999942779541,4.869999885559082,4.010210990905762,86381630
2021-04-26,4.860000133514404,4.900000095367432,4.840000152587891,4.900000095367432,4.034914493560791,66571317
2021-04-27,4.920000076293945,4.940000057220459,4.829999923706055,4.849999904632568,3.9937422275543213,79495641
2021-04-28,4.849999904632568,4.909999847412109,4.840000152587891,4.849999904632568,3.9937422275543213,55421089
2021-04-29,4.880000114440918,4.920000076293945,4.860000133514404,4.880000114440918,4.0184454917907715,81252614
2021-04-30,4.889999866485596,4.909999847412109,4.860000133514404,4.880000114440918,4.0184454917907715,69132151
2021-05-03,4.880000114440918,5.0,4.880000114440918,4.989999771118164,4.109025478363037,97967919
2021-05-04,5.010000228881836,5.039999961853027,4.920000076293945,4.940000057220459,4.067852973937988,68226802
2021-05-05,4.960000038146973,4.96999979019165,4.909999847412109,4.940000057220459,4.067852973937988,51377122
2021-05-06,4.949999809265137,5.019999980926514,4.929999828338623,5.0,4.117259979248047,105287850
2021-05-07,5.03000020980835,5.199999809265137,4.989999771118164,5.150000095367432,4.240777969360352,142917317
2021-05-10,5.179999828338623,5.190000057220459,5.099999904632568,5.159999847412109,4.249011993408203,84063648
2021-05-11,5.099999904632568,5.099999904632568,5.019999980926514,5.039999961853027,4.150197982788086,64135157
2021-05-12,5.019999980926514,5.050000190734863,5.010000228881836,5.03000020980835,4.141963958740234,15501634
2021-05-17,5.059999942779541,5.139999866485596,5.059999942779541,5.139999866485596,4.232542991638184,66245924
2021-05-18,5.199999809265137,5.239999771118164,5.190000057220459,5.199999809265137,4.281949996948242,61187269
2021-05-20,5.170000076293945,5.300000190734863,5.079999923706055,5.300000190734863,4.364295482635498,107759479
2021-05-21,5.340000152587891,5.360000133514404,5.239999771118164,5.239999771118164,4.3148884773254395,77590210
2021-05-24,5.25,5.260000228881836,5.179999828338623,5.210000038146973,4.29018497467041,55069891
2021-05-25,5.230000019073486,5.309999942779541,5.070000171661377,5.099999904632568,4.1996049880981445,96272156
2021-05-26,5.159999847412109,5.239999771118164,5.119999885559082,5.230000019073486,4.30665397644043,71007174
2021-05-27,5.230000019073486,5.25,5.130000114440918,5.159999847412109,4.249011993408203,72572604
2021-05-28,5.139999866485596,5.21999979019165,5.130000114440918,5.190000057220459,4.273715972900391,71810112
2021-05-31,5.199999809265137,5.25,5.170000076293945,5.199999809265137,4.281949996948242,63417675
2021-06-01,5.21999979019165,5.340000152587891,5.21999979019165,5.309999942779541,4.372529983520508,71171429
2021-06-02,5.25,5.300000190734863,5.21999979019165,5.269999980926514,4.339591979980469,60392094
2021-06-03,5.28000020980835,5.329999923706055,5.179999828338623,5.260000228881836,4.331357479095459,68377562
2021-06-04,5.25,5.300000190734863,5.230000019073486,5.28000020980835,4.3478264808654785,50318378
2021-06-07,5.300000190734863,5.409999847412109,5.28000020980835,5.380000114440918,4.430171966552734,63716977
2021-06-08,5.389999866485596,5.429999828338623,5.340000152587891,5.400000095367432,4.446640968322754,59178863
2021-06-09,5.400000095367432,5.460000038146973,5.369999885559082,5.449999809265137,4.487813472747803,66898169
2021-06-10,5.46999979019165,5.570000171661377,5.440000057220459,5.519999980926514,4.545454978942871,65845198
2021-06-11,5.550000190734863,5.579999923706055,5.480000019073486,5.510000228881836,4.5372209548950195,60210127
2021-06-14,5.53000020980835,5.539999961853027,5.440000057220459,5.480000019073486,4.512516975402832,41254390
2021-06-15,5.440000057220459,5.519999980926514,5.380000114440918,5.5,4.528985977172852,73781920
2021-06-16,5.489999771118164,5.5,5.429999828338623,5.429999828338623,4.471343994140625,34086716
2021-06-17,5.409999847412109,5.440000057220459,5.260000228881836,5.260000228881836,4.331357479095459,81228287
2021-06-18,5.289999961853027,5.340000152587891,5.230000019073486,5.260000228881836,4.331357479095459,62236433
2021-06-21,5.230000019073486,5.309999942779541,5.199999809265137,5.300000190734863,4.364295482635498,39676073
2021-06-22,5.320000171661377,5.400000095367432,5.289999961853027,5.369999885559082,4.421937465667725,39572780
2021-06-23,5.400000095367432,5.429999828338623,5.329999923706055,5.340000152587891,4.397233963012695,57249152
2021-06-24,5.360000133514404,5.449999809265137,5.349999904632568,5.389999866485596,4.438405990600586,57197723
2021-06-25,5.420000076293945,5.429999828338623,5.320000171661377,5.340000152587891,4.397233963012695,44780652
2021-06-28,5.369999885559082,5.449999809265137,5.289999961853027,5.329999923706055,4.388998985290527,81530185
2021-06-29,5.329999923706055,5.349999904632568,5.269999980926514,5.320000171661377,4.380764484405518,74111274
2021-06-30,5.329999923706055,5.329999923706055,5.260000228881836,5.28000020980835,4.3478264808654785,88772758
2021-07-01,5.300000190734863,5.380000114440918,5.289999961853027,5.380000114440918,4.430171966552734,51483207
2021-07-02,5.389999866485596,5.400000095367432,5.320000171661377,5.329999923706055,4.388998985290527,38615970
2021-07-05,5.320000171661377,5.440000057220459,5.300000190734863,5.440000057220459,4.479579448699951,65463425
2021-07-06,5.440000057220459,5.489999771118164,5.369999885559082,5.369999885559082,4.421937465667725,91070232
2021-07-07,5.340000152587891,5.400000095367432,5.309999942779541,5.380000114440918,4.430171966552734,134157911
2021-07-08,5.380000114440918,5.389999866485596,5.289999961853027,5.320000171661377,4.380764484405518,63066280
2021-07-09,5.329999923706055,5.349999904632568,5.300000190734863,5.320000171661377,4.380764484405518,36232136
2021-07-12,5.329999923706055,5.389999866485596,5.28000020980835,5.289999961853027,4.35606050491333,73383583
2021-07-13,5.309999942779541,5.320000171661377,5.239999771118164,5.239999771118164,4.3148884773254395,82353697
2021-07-14,5.25,5.340000152587891,5.25,5.289999961853027,4.35606050491333,39226963
2021-07-16,5.320000171661377,5.329999923706055,5.210000038146973,5.239999771118164,4.3148884773254395,37367793
2021-07-19,5.210000038146973,5.210000038146973,5.139999866485596,5.159999847412109,4.249011993408203,22137529
2021-07-26,5.179999828338623,5.190000057220459,5.090000152587891,5.130000114440918,4.224308967590332,38462720
2021-07-27,5.119999885559082,5.159999847412109,5.070000171661377,5.139999866485596,4.232542991638184,52530424
2021-07-28,5.139999866485596,5.179999828338623,5.090000152587891,5.099999904632568,4.1996049880981445,52782934
2021-07-29,5.150000095367432,5.230000019073486,5.139999866485596,5.210000038146973,4.29018497467041,61108703
2021-07-30,5.179999828338623,5.28000020980835,5.179999828338623,5.260000228881836,4.331357479095459,46328417
2021-08-02,5.300000190734863,5.329999923706055,5.25,5.300000190734863,4.364295482635498,50314686
2021-08-03,5.300000190734863,5.380000114440918,5.28000020980835,5.349999904632568,4.405468463897705,98292688
2021-08-04,5.360000133514404,5.449999809265137,5.360000133514404,5.420000076293945,4.463109970092773,117381992
2021-08-05,5.380000114440918,5.519999980926514,5.349999904632568,5.519999980926514,4.545454978942871,116612044
2021-08-06,5.510000228881836,5.559999942779541,5.420000076293945,5.429999828338623,4.471343994140625,95825148
2021-08-09,5.420000076293945,5.519999980926514,5.400000095367432,5.409999847412109,4.454875469207764,64535561
2021-08-10,5.420000076293945,5.519999980926514,5.400000095367432,5.489999771118164,4.520750999450684,54947154
2021-08-11,5.5,5.5,5.329999923706055,5.360000133514404,4.413702487945557,66500574
2021-08-12,5.409999847412109,5.519999980926514,5.400000095367432,5.489999771118164,4.520750999450684,77743440
2021-08-13,5.5,5.539999961853027,5.460000038146973,5.480000019073486,4.512516975402832,56160051
2021-08-16,5.5,5.710000038146973,5.489999771118164,5.639999866485596,4.644268989562988,131676123
2021-08-17,5.639999866485596,5.679999828338623,5.590000152587891,5.670000076293945,4.668972492218018,82280720
2021-08-18,5.710000038146973,5.71999979019165,5.579999923706055,5.619999885559082,4.627799987792969,86199965
2021-08-19,5.579999923706055,5.599999904632568,5.53000020980835,5.570000171661377,4.58662748336792,63147257
2021-08-20,5.559999942779541,5.599999904632568,5.510000228881836,5.590000152587891,4.6030964851379395,47377569
2021-08-23,5.630000114440918,5.760000228881836,5.619999885559082,5.699999809265137,4.693676471710205,86487452
2021-08-24,5.730000019073486,5.78000020980835,5.690000057220459,5.710000038146973,4.701910972595215,67062287
2021-08-25,5.71999979019165,5.769999980926514,5.670000076293945,5.699999809265137,4.693676471710205,51009115
2021-08-26,5.71999979019165,5.75,5.659999847412109,5.690000057220459,4.685441970825195,54176746
2021-08-27,5.699999809265137,5.739999771118164,5.639999866485596,5.730000019073486,4.718380451202393,59034380
2021-08-31,5.78000020980835,5.920000076293945,5.769999980926514,5.889999866485596,4.850131988525391,98583074
2021-09-01,5.900000095367432,5.929999828338623,5.849999904632568,5.880000114440918,4.841897487640381,56904589
2021-09-02,5.880000114440918,5.980000019073486,5.869999885559082,5.909999847412109,4.86660099029541,52563023
2021-09-03,5.920000076293945,5.929999828338623,5.840000152587891,5.889999866485596,4.850131988525391,47164414
2021-09-06,5.909999847412109,5.96999979019165,5.900000095367432,5.909999847412109,4.86660099029541,50948480
2021-09-07,5.909999847412109,5.940000057220459,5.800000190734863,5.829999923706055,4.80072546005249,47545635
2021-09-08,5.829999923706055,5.840000152587891,5.639999866485596,5.639999866485596,4.644268989562988,81602319
2021-09-09,5.610000133514404,5.739999771118164,5.579999923706055,5.739999771118164,4.726614475250244,57532789
2021-09-10,5.760000228881836,5.78000020980835,5.630000114440918,5.639999866485596,4.644268989562988,57082067
2021-09-13,5.650000095367432,5.699999809265137,5.559999942779541,5.650000095367432,4.652503490447998,69425166
2021-09-14,5.670000076293945,5.730000019073486,5.590000152587891,5.650000095367432,4.652503490447998,88208624
2021-09-15,5.630000114440918,5.670000076293945,5.550000190734863,5.559999942779541,4.57839298248291,48409572
2021-09-16,5.590000152587891,5.619999885559082,5.519999980926514,5.539999961853027,4.561924457550049,52561040
2021-09-17,5.579999923706055,5.590000152587891,5.489999771118164,5.550000190734863,4.5701584815979,44558226
2021-09-20,5.480000019073486,5.489999771118164,5.340000152587891,5.349999904632568,4.405468463897705,55313553
2021-09-21,5.400000095367432,5.429999828338623,5.340000152587891,5.380000114440918,4.430171966552734,53444737
2021-09-22,5.409999847412109,5.480000019073486,5.360000133514404,5.480000019073486,4.512516975402832,51763888
2021-09-23,5.489999771118164,5.539999961853027,5.28000020980835,5.300000190734863,4.364295482635498,144838058
2021-09-24,5.260000228881836,5.260000228881836,5.099999904632568,5.139999866485596,4.232542991638184,110507439
2021-09-27,5.190000057220459,5.199999809265137,5.119999885559082,5.190000057220459,4.273715972900391,57426382
2021-09-28,5.199999809265137,5.199999809265137,5.119999885559082,5.170000076293945,4.257246494293213,65235176
2021-09-29,5.210000038146973,5.269999980926514,5.170000076293945,5.239999771118164,4.3148884773254395,96418601
2021-09-30,5.260000228881836,5.360000133514404,5.179999828338623,5.329999923706055,4.388998985290527,142817527
2021-10-01,5.28000020980835,5.349999904632568,5.269999980926514,5.300000190734863,4.364295482635498,57970442
2021-10-04,5.320000171661377,5.340000152587891,5.28000020980835,5.28000020980835,4.3478264808654785,75918221
2021-10-05,5.289999961853027,5.300000190734863,5.25,5.269999980926514,4.339591979980469,38405564
2021-10-06,5.260000228881836,5.269999980926514,5.190000057220459,5.21999979019165,4.298418998718262,60571243
2021-10-07,5.28000020980835,5.309999942779541,5.260000228881836,5.28000020980835,4.3478264808654785,82618566
2021-10-08,5.289999961853027,5.320000171661377,5.25,5.260000228881836,4.331357479095459,82177027
2021-10-11,5.28000020980835,5.360000133514404,5.269999980926514,5.320000171661377,4.380764484405518,65426338
2021-10-12,5.289999961853027,5.360000133514404,5.28000020980835,5.309999942779541,4.372529983520508,80628129
2021-10-13,5.340000152587891,5.349999904632568,5.230000019073486,5.25,4.323122978210449,83160348
2021-10-14,5.239999771118164,5.28000020980835,5.210000038146973,5.25,4.323122978210449,50738067
2021-10-15,5.269999980926514,5.269999980926514,5.090000152587891,5.139999866485596,4.232542991638184,93688964
2021-10-18,5.139999866485596,5.150000095367432,5.070000171661377,5.079999923706055,4.183135986328125,89035160
2021-10-19,5.110000133514404,5.239999771118164,5.110000133514404,5.230000019073486,4.30665397644043,96837740
2021-10-20,5.230000019073486,5.309999942779541,5.210000038146973,5.300000190734863,4.364295482635498,80987360
2021-10-21,5.300000190734863,5.389999866485596,5.110000133514404,5.320000171661377,4.380764484405518,152758302
2021-10-22,5.309999942779541,5.489999771118164,5.300000190734863,5.449999809265137,4.487813472747803,127324802
2021-10-25,5.409999847412109,5.570000171661377,5.400000095367432,5.539999961853027,4.561924457550049,152444701
2021-10-26,5.579999923706055,5.619999885559082,5.559999942779541,5.579999923706055,4.59486198425293,91973826
2021-10-27,5.599999904632568,5.809999942779541,5.579999923706055,5.78000020980835,4.759552478790283,200007325
2021-10-28,5.78000020980835,5.900000095367432,5.75,5.860000133514404,4.8254289627075195,64075060
2021-11-01,5.900000095367432,5.989999771118164,5.860000133514404,5.949999809265137,4.899538993835449,118833867
2021-11-02,5.96999979019165,6.110000133514404,5.960000038146973,6.070000171661377,4.998353481292725,141654912
2021-11-03,6.059999942779541,6.21999979019165,5.900000095367432,6.199999809265137,5.105401992797852,150783476
2021-11-04,6.300000190734863,6.380000114440918,6.230000019073486,6.320000171661377,5.204216957092285,134145679
2021-11-05,6.329999923706055,6.349999904632568,6.210000038146973,6.329999923706055,5.212451457977295,122398297
2021-11-08,6.340000152587891,6.369999885559082,6.28000020980835,6.369999885559082,5.245388984680176,96170826
2021-11-09,6.369999885559082,6.440000057220459,6.289999961853027,6.300000190734863,5.187747955322266,120695825
2021-11-10,6.300000190734863,6.429999828338623,6.269999980926514,6.400000095367432,5.270092964172363,142729245
2021-11-11,6.369999885559082,6.400000095367432,6.28000020980835,6.300000190734863,5.187747955322266,99050441
2021-11-12,6.329999923706055,6.400000095367432,6.320000171661377,6.340000152587891,5.2206854820251465,72577034
2021-11-15,6.849999904632568,6.96999979019165,6.75,6.96999979019165,5.739460468292236,174071198
2021-11-16,7.659999847412109,7.659999847412109,6.96999979019165,7.03000020980835,5.788867473602295,393995693
2021-11-17,7.0,7.210000038146973,6.96999979019165,7.110000133514404,5.854743957519531,113367436
2021-11-18,7.119999885559082,7.659999847412109,7.03000020980835,7.25,5.970026969909668,408721430
2021-11-19,7.309999942779541,7.349999904632568,7.170000076293945,7.230000019073486,5.953557968139648,112590112
2021-11-22,7.300000190734863,7.329999923706055,7.170000076293945,7.190000057220459,5.920619964599609,86075265
2021-11-23,7.170000076293945,7.230000019073486,6.820000171661377,6.900000095367432,5.681818962097168,291014756
2021-11-24,6.949999809265137,7.090000152587891,6.909999847412109,6.980000019073486,5.747694969177246,363469148
2021-11-25,7.0,7.010000228881836,6.829999923706055,6.840000152587891,5.632411479949951,168362967
2021-11-26,6.769999980926514,6.769999980926514,6.5,6.610000133514404,5.443017959594727,159358876
2021-11-29,6.619999885559082,6.679999828338623,6.5,6.599999904632568,5.434782981872559,127200083
2021-11-30,6.550000190734863,6.610000133514404,6.480000019073486,6.519999980926514,5.3689069747924805,209301216
2021-12-01,6.590000152587891,6.789999961853027,6.570000171661377,6.730000019073486,5.5418314933776855,162163561
2021-12-02,6.75,6.849999904632568,6.739999771118164,6.809999942779541,5.607707977294922,109060822
2021-12-03,6.849999904632568,6.920000076293945,6.800000190734863,6.880000114440918,5.665349960327148,136373993
2021-12-06,6.900000095367432,7.199999809265137,6.880000114440918,7.190000057220459,5.920619964599609,131559340
2021-12-07,7.269999980926514,7.300000190734863,7.090000152587891,7.210000038146973,5.937089443206787,187657853
2021-12-08,7.260000228881836,7.460000038146973,7.239999771118164,7.409999847412109,6.101778984069824,209192363
2021-12-09,7.440000057220459,7.570000171661377,7.369999885559082,7.420000076293945,6.110013961791992,167332237
2021-12-10,7.400000095367432,7.400000095367432,7.139999866485596,7.269999980926514,5.9864959716796875,159598791
2021-12-13,7.269999980926514,7.610000133514404,7.199999809265137,7.510000228881836,6.18412446975708,185683661
2021-12-14,7.539999961853027,8.029999732971191,7.539999961853027,7.909999847412109,6.513504981994629,237433520
2021-12-15,8.050000190734863,8.15999984741211,7.829999923706055,7.869999885559082,6.48056697845459,170927211
2021-12-16,8.0,8.220000267028809,7.960000038146973,8.220000267028809,6.768775463104248,255865289
2021-12-17,8.329999923706055,8.739999771118164,7.400000095367432,7.400000095367432,6.093544960021973,449895318
2021-12-20,7.0,7.860000133514404,6.809999942779541,7.329999923706055,6.035902976989746,234594065
2021-12-21,8.0600004196167,8.0600004196167,7.190000057220459,7.25,5.970026969909668,261765372
2021-12-22,7.25,7.639999866485596,7.190000057220459,7.590000152587891,6.250000953674316,168090630
2021-12-23,7.739999771118164,7.800000190734863,7.400000095367432,7.619999885559082,6.2747039794921875,139365923
2021-12-24,7.639999866485596,7.679999828338623,7.559999942779541,7.619999885559082,6.2747039794921875,67609854
2021-12-27,7.619999885559082,7.860000133514404,7.619999885559082,7.829999923706055,6.447628498077393,119223114
2021-12-28,7.789999961853027,7.789999961853027,7.360000133514404,7.360000133514404,6.060606956481934,90322870
2021-12-29,7.260000228881836,7.429999828338623,7.139999866485596,7.349999904632568,6.052371978759766,113406667
2021-12-30,7.369999885559082,7.519999980926514,7.340000152587891,7.340000152587891,6.044137477874756,97992400
2021-12-31,7.349999904632568,7.429999828338623,7.130000114440918,7.199999809265137,5.928854465484619,51493549
2022-01-03,7.199999809265137,7.369999885559082,7.179999828338623,7.329999923706055,6.035902976989746,94514821
2022-01-04,7.329999923706055,7.440000057220459,7.170000076293945,7.269999980926514,5.9864959716796875,121714202
2022-01-05,7.269999980926514,7.349999904632568,7.210000038146973,7.340000152587891,6.044137477874756,83950950
2022-01-06,7.28000020980835,7.400000095367432,7.25,7.320000171661377,6.027668476104736,115505011
2022-01-07,7.349999904632568,7.619999885559082,7.349999904632568,7.619999885559082,6.2747039794921875,151522796
2022-01-10,7.71999979019165,7.809999942779541,7.579999923706055,7.579999923706055,6.241766452789307,104575255
2022-01-11,7.639999866485596,7.739999771118164,7.489999771118164,7.610000133514404,6.266469478607178,176004201
2022-01-12,7.679999828338623,7.699999809265137,7.610000133514404,7.630000114440918,6.2829389572143555,144694957
2022-01-13,7.630000114440918,7.679999828338623,7.550000190734863,7.559999942779541,6.225297451019287,179560357
2022-01-14,7.570000171661377,7.579999923706055,7.460000038146973,7.510000228881836,6.18412446975708,136876364
2022-01-17,7.659999847412109,7.769999980926514,7.579999923706055,7.75,6.381752967834473,361919287
2022-01-18,7.739999771118164,7.869999885559082,7.400000095367432,7.409999847412109,6.101778984069824,269355957
2022-01-19,7.46999979019165,7.880000114440918,7.429999828338623,7.880000114440918,6.488801956176758,229385818
2022-01-20,7.949999809265137,8.029999732971191,7.630000114440918,7.840000152587891,6.4558634757995605,285889396
2022-01-21,7.809999942779541,7.940000057220459,7.730000019073486,7.920000076293945,6.521739959716797,137583877
2022-01-24,7.900000095367432,8.0,7.570000171661377,7.579999923706055,6.241766452789307,177742629
2022-01-25,7.670000076293945,7.760000228881836,7.550000190734863,7.699999809265137,6.340580463409424,84985361
2022-01-26,7.739999771118164,7.829999923706055,7.690000057220459,7.699999809265137,6.340580463409424,68170806
2022-01-27,7.599999904632568,7.78000020980835,7.559999942779541,7.760000228881836,6.389987468719482,97453965
2022-01-28,7.789999961853027,7.900000095367432,7.71999979019165,7.730000019073486,6.365283489227295,141337844
2022-01-31,7.820000171661377,8.039999961853027,7.800000190734863,8.039999961853027,6.620553970336914,160333213
2022-02-01,8.09000015258789,8.130000114440918,7.96999979019165,8.0,6.587616443634033,112835063
2022-02-02,8.109999656677246,8.180000305175781,8.069999694824219,8.119999885559082,6.686429500579834,232297310
2022-02-03,8.039999961853027,8.119999885559082,7.769999980926514,7.769999980926514,6.398221969604492,123197374
2022-02-04,7.840000152587891,7.920000076293945,7.75,7.809999942779541,6.431159973144531,78419045
2022-02-07,7.789999961853027,7.869999885559082,7.539999961853027,7.840000152587891,6.4558634757995605,151808762
2022-02-08,7.860000133514404,8.029999732971191,7.800000190734863,7.920000076293945,6.521739959716797,135203536
2022-02-09,7.96999979019165,8.130000114440918,7.949999809265137,8.130000114440918,6.69466495513916,115714281
2022-02-10,8.140000343322754,8.180000305175781,8.0,8.039999961853027,6.620553970336914,105973396
2022-02-11,7.989999771118164,8.119999885559082,7.840000152587891,8.119999885559082,6.686429500579834,112722372
2022-02-14,7.980000019073486,8.050000190734863,7.78000020980835,7.980000019073486,6.5711469650268555,110933367
2022-02-15,8.0,8.140000343322754,7.929999828338623,8.079999923706055,6.653491973876953,91902431
2022-02-16,8.09000015258789,8.130000114440918,7.940000057220459,7.940000057220459,6.538208961486816,49886303
2022-02-17,7.980000019073486,8.0600004196167,7.840000152587891,7.840000152587891,6.4558634757995605,92974315
2022-02-18,7.909999847412109,7.949999809265137,7.849999904632568,7.949999809265137,6.546443462371826,60183916
2022-02-21,8.039999961853027,8.09000015258789,7.849999904632568,7.920000076293945,6.521739959716797,86841045
2022-02-22,7.769999980926514,7.929999828338623,7.71999979019165,7.889999866485596,6.497035980224609,97664226
2022-02-23,7.920000076293945,7.929999828338623,7.760000228881836,7.760000228881836,6.389987468719482,47040489
2022-02-24,7.170000076293945,7.360000133514404,6.989999771118164,6.989999771118164,5.755928993225098,93053605
2022-02-25,7.179999828338623,7.25,6.949999809265137,7.170000076293945,5.90415096282959,155773568
2022-02-28,6.989999771118164,7.039999961853027,6.869999885559082,7.03000020980835,5.788867473602295,164353268
2022-03-01,7.090000152587891,7.340000152587891,7.0,7.039999961853027,5.797101974487305,212341953
2022-03-02,7.039999961853027,7.150000095367432,7.019999980926514,7.070000171661377,5.821805953979492,104159123
2022-03-03,7.139999866485596,7.199999809265137,7.079999923706055,7.139999866485596,5.879446983337402,79912395
2022-03-04,7.099999904632568,7.119999885559082,7.019999980926514,7.019999980926514,5.780632972717285,75782608
2022-03-07,6.96999979019165,7.03000020980835,6.869999885559082,6.929999828338623,5.706521987915039,79921712
2022-03-08,6.889999866485596,6.989999771118164,6.860000133514404,6.900000095367432,5.681818962097168,90462040
2022-03-09,6.960000038146973,7.139999866485596,6.949999809265137,7.099999904632568,5.8465094566345215,87365885
2022-03-10,7.210000038146973,7.239999771118164,7.0,7.0,5.764163970947266,128621925
2022-03-11,7.110000133514404,7.170000076293945,7.039999961853027,7.090000152587891,5.8382744789123535,98955479
2022-03-14,7.099999904632568,7.190000057220459,7.079999923706055,7.159999847412109,5.895915985107422,107920596
2022-03-15,7.139999866485596,7.210000038146973,7.099999904632568,7.170000076293945,5.90415096282959,159193701
2022-03-16,7.210000038146973,7.289999961853027,7.159999847412109,7.239999771118164,5.961792469024658,134444830
2022-03-17,7.289999961853027,7.460000038146973,7.28000020980835,7.400000095367432,6.093544960021973,134147613
2022-03-18,7.409999847412109,7.440000057220459,7.309999942779541,7.400000095367432,6.093544960021973,68710246
2022-03-21,7.440000057220459,7.559999942779541,7.409999847412109,7.510000228881836,6.18412446975708,63614163
2022-03-22,7.510000228881836,7.619999885559082,7.489999771118164,7.599999904632568,6.258235454559326,102167007
2022-03-23,7.630000114440918,7.659999847412109,7.53000020980835,7.579999923706055,6.241766452789307,113663377
2022-03-24,7.599999904632568,7.630000114440918,7.409999847412109,7.420000076293945,6.110013961791992,106511448
2022-03-25,7.429999828338623,7.46999979019165,7.269999980926514,7.269999980926514,5.9864959716796875,98154092
2022-03-28,7.28000020980835,7.320000171661377,7.21999979019165,7.21999979019165,5.9453229904174805,69997174
2022-03-29,7.260000228881836,7.360000133514404,7.239999771118164,7.340000152587891,6.044137477874756,128703834
2022-03-30,7.170000076293945,7.320000171661377,7.159999847412109,7.309999942779541,6.21677827835083,161854829
2022-03-31,7.329999923706055,7.360000133514404,7.199999809265137,7.260000228881836,6.174256801605225,135836035
2022-04-01,7.329999923706055,7.380000114440918,7.230000019073486,7.309999942779541,6.21677827835083,297771016
2022-04-04,7.349999904632568,7.739999771118164,7.320000171661377,7.71999979019165,6.565462589263916,360112135
2022-04-05,7.769999980926514,7.889999866485596,7.639999866485596,7.679999828338623,6.531444549560547,259379157
2022-04-06,7.699999809265137,7.789999961853027,7.619999885559082,7.690000057220459,6.539949417114258,173424661
2022-04-07,7.75,8.039999961853027,7.75,8.039999961853027,6.837605953216553,216168540
2022-04-08,8.119999885559082,8.5,8.119999885559082,8.5,7.2288126945495605,257616417
2022-04-11,8.640000343322754,9.149999618530273,8.619999885559082,9.149999618530273,7.781604290008545,320239351
2022-04-12,9.119999885559082,9.25,8.850000381469727,9.109999656677246,7.747585773468018,365032939
2022-04-13,9.25,9.270000457763672,8.930000305175781,8.989999771118164,7.645532608032227,240843754
2022-04-14,9.09000015258789,9.270000457763672,9.029999732971191,9.239999771118164,7.858144760131836,235041149
2022-04-15,9.25,9.449999809265137,9.180000305175781,9.399999618530273,7.994215488433838,125545467
2022-04-18,9.399999618530273,9.609999656677246,9.329999923706055,9.539999961853027,8.113279342651367,194080637
2022-04-19,9.59000015258789,9.649999618530273,9.279999732971191,9.380000114440918,7.977207183837891,216521117
2022-04-20,9.420000076293945,9.520000457763672,9.319999694824219,9.470000267028809,8.05374813079834,138963874
2022-04-21,9.489999771118164,9.59000015258789,9.479999542236328,9.529999732971191,8.10477352142334,139721344
2022-04-22,9.5,9.5600004196167,9.109999656677246,9.140000343322754,7.773099899291992,165883544
2022-04-25,9.270000457763672,9.449999809265137,9.15999984741211,9.359999656677246,7.960198402404785,226878639
2022-04-26,9.399999618530273,9.420000076293945,8.979999542236328,9.029999732971191,7.6795501708984375,181221973
2022-04-27,9.069999694824219,9.180000305175781,8.949999809265137,9.149999618530273,7.781604290008545,168630857
2022-04-28,9.229999542236328,9.289999961853027,8.960000038146973,8.970000267028809,7.628523349761963,189639340
2022-04-29,9.010000228881836,9.09000015258789,8.800000190734863,8.920000076293945,7.586001873016357,170667131
2022-05-05,9.039999961853027,9.079999923706055,8.779999732971191,8.779999732971191,7.46693754196167,178224317
2022-05-06,8.699999809265137,8.829999923706055,8.649999618530273,8.720000267028809,7.415911674499512,184862814
2022-05-09,8.710000038146973,8.720000267028809,8.550000190734863,8.65999984741211,7.364884376525879,168754155
2022-05-10,8.699999809265137,8.75,8.649999618530273,8.720000267028809,7.415911674499512,35795733
2022-05-11,8.680000305175781,8.6899995803833,8.369999885559082,8.470000267028809,7.203299045562744,125765327
2022-05-12,8.40999984741211,8.4399995803833,8.100000381469727,8.270000457763672,7.033210277557373,167848753
2022-05-13,8.319999694824219,8.34000015258789,8.210000038146973,8.25,7.016200065612793,90389123
2022-05-16,8.25,8.25,7.949999809265137,7.96999979019165,6.778074741363525,110331230
2022-05-17,8.0,8.010000228881836,7.78000020980835,7.849999904632568,6.676020622253418,170796240
2022-05-18,7.840000152587891,8.199999809265137,7.789999961853027,8.109999656677246,6.89713716506958,192717592
2022-05-20,8.0600004196167,8.25,8.010000228881836,8.039999961853027,6.837605953216553,207454392
2022-05-23,8.09000015258789,8.170000076293945,7.980000019073486,8.15999984741211,6.93966007232666,151701326
2022-05-24,8.199999809265137,8.210000038146973,8.039999961853027,8.0600004196167,6.854615211486816,106448920
2022-05-25,8.079999923706055,8.220000267028809,7.940000057220459,8.170000076293945,6.948164463043213,153301031
2022-05-26,8.1899995803833,8.25,8.109999656677246,8.1899995803833,6.965173244476318,111532105
2022-05-27,8.1899995803833,8.229999542236328,8.029999732971191,8.0600004196167,6.854615211486816,160000957
2022-05-30,8.109999656677246,8.3100004196167,8.109999656677246,8.229999542236328,6.9991912841796875,161825185
2022-05-31,8.25,8.380000114440918,8.229999542236328,8.359999656677246,7.1097493171691895,185464171
2022-06-01,8.380000114440918,8.5600004196167,8.369999885559082,8.460000038146973,7.194794654846191,188818733
2022-06-02,8.479999542236328,8.850000381469727,8.460000038146973,8.829999923706055,7.509460926055908,317244687
2022-06-03,8.829999923706055,8.84000015258789,8.640000343322754,8.760000228881836,7.449929237365723,161865543
2022-06-06,8.800000190734863,9.130000114440918,8.789999961853027,9.100000381469727,7.739081382751465,459839593
2022-06-07,9.079999923706055,9.079999923706055,8.8100004196167,8.869999885559082,7.543478488922119,151526907
2022-06-08,8.90999984741211,8.949999809265137,8.270000457763672,8.270000457763672,7.033210277557373,189772559
2022-06-09,8.25,8.399999618530273,8.180000305175781,8.369999885559082,7.1182541847229,126506877
2022-06-10,8.25,8.729999542236328,8.239999771118164,8.520000457763672,7.245821952819824,216877641
2022-06-13,8.479999542236328,8.6899995803833,8.460000038146973,8.479999542236328,7.2118024826049805,121995833
2022-06-14,8.550000190734863,8.569999694824219,8.369999885559082,8.430000305175781,7.169281005859375,90851858
2022-06-15,8.430000305175781,8.6899995803833,8.350000381469727,8.65999984741211,7.364884376525879,131201730
2022-06-16,8.65999984741211,8.699999809265137,8.40999984741211,8.470000267028809,7.203299045562744,99752058
2022-06-17,8.460000038146973,9.100000381469727,8.460000038146973,9.100000381469727,7.739081382751465,224347353
2022-06-20,9.079999923706055,9.109999656677246,8.890000343322754,9.050000190734863,7.696558952331543,125580397
2022-06-21,9.09000015258789,9.300000190734863,9.079999923706055,9.130000114440918,7.764595031738281,149857458
2022-06-22,9.079999923706055,9.220000267028809,9.010000228881836,9.09000015258789,7.73057746887207,141665666
2022-06-23,9.079999923706055,9.140000343322754,8.779999732971191,8.819999694824219,7.500956058502197,146854296
2022-06-24,8.869999885559082,8.899999618530273,8.6899995803833,8.770000457763672,7.458434104919434,101213314
2022-06-27,8.59000015258789,8.59000015258789,8.59000015258789,8.59000015258789,7.305352687835693,2192235
2022-06-28,8.550000190734863,8.630000114440918,8.270000457763672,8.3100004196167,7.067227363586426,143778340
2022-06-29,8.300000190734863,8.380000114440918,8.020000457763672,8.020000457763672,6.8205976486206055,145541973
2022-06-30,7.929999828338623,8.130000114440918,7.920000076293945,8.020000457763672,6.8205976486206055,119266966
2022-07-01,8.020000457763672,8.239999771118164,7.980000019073486,8.15999984741211,6.93966007232666,71055459
2022-07-04,8.229999542236328,8.260000228881836,7.920000076293945,7.949999809265137,6.76106595993042,57735709
2022-07-05,7.960000038146973,8.09000015258789,7.78000020980835,7.800000190734863,6.633498668670654,89695917
2022-07-06,7.880000114440918,7.929999828338623,7.739999771118164,7.909999847412109,6.727047920227051,95052100
2022-07-07,7.949999809265137,8.149999618530273,7.929999828338623,8.0600004196167,6.854615211486816,83903050
2022-07-08,8.069999694824219,8.119999885559082,8.029999732971191,8.09000015258789,6.880128860473633,19931491
2022-07-13,8.109999656677246,8.109999656677246,7.860000133514404,7.960000038146973,6.769570350646973,61904761
2022-07-14,7.949999809265137,8.010000228881836,7.820000171661377,7.909999847412109,6.727047920227051,64265076
2022-07-18,8.029999732971191,8.289999961853027,8.029999732971191,8.270000457763672,7.033210277557373,87714847
2022-07-19,8.239999771118164,8.539999961853027,8.180000305175781,8.5,7.2288126945495605,106346801
2022-07-20,8.539999961853027,8.569999694824219,8.399999618530273,8.5600004196167,7.279839992523193,109726652
2022-07-21,8.579999923706055,8.670000076293945,8.479999542236328,8.579999923706055,7.296848297119141,85802698
2022-07-22,8.619999885559082,8.710000038146973,8.59000015258789,8.640000343322754,7.347875118255615,59791572
2022-07-25,8.640000343322754,9.010000228881836,8.640000343322754,8.949999809265137,7.611514091491699,117580106
2022-07-26,9.0,9.039999961853027,8.649999618530273,8.710000038146973,7.407406806945801,120641742
2022-07-27,8.800000190734863,8.869999885559082,8.6899995803833,8.829999923706055,7.509460926055908,90088966
2022-07-28,8.859999656677246,8.880000114440918,8.479999542236328,8.510000228881836,7.237317085266113,159099532
2022-07-29,8.529999732971191,8.65999984741211,8.430000305175781,8.630000114440918,7.3393707275390625,134148977
2022-08-01,8.640000343322754,8.890000343322754,8.630000114440918,8.850000381469727,7.5264692306518555,122757375
2022-08-02,8.850000381469727,8.920000076293945,8.770000457763672,8.789999961853027,7.475442409515381,106381208
2022-08-03,8.819999694824219,8.90999984741211,8.710000038146973,8.890000343322754,7.560487747192383,98269396
2022-08-04,8.970000267028809,9.119999885559082,8.949999809265137,9.109999656677246,7.747585773468018,141220028
2022-08-05,9.130000114440918,9.619999885559082,9.069999694824219,9.369999885559082,7.96870231628418,277626977
2022-08-08,9.420000076293945,9.470000267028809,9.180000305175781,9.279999732971191,7.8921613693237305,172762080
2022-08-09,9.279999732971191,9.5600004196167,9.1899995803833,9.479999542236328,8.062251091003418,165134505
2022-08-10,9.489999771118164,9.850000381469727,9.460000038146973,9.800000190734863,8.334395408630371,226533294
2022-08-11,9.899999618530273,10.210000038146973,9.829999923706055,10.069999694824219,8.564016342163086,339964063
2022-08-12,10.079999923706055,10.390000343322754,9.890000343322754,10.0,8.504485130310059,244899840
2022-08-15,10.109999656677246,10.329999923706055,9.960000038146973,10.220000267028809,8.691584587097168,183479528
2022-08-16,10.319999694824219,10.649999618530273,9.869999885559082,10.579999923706055,8.997745513916016,273796452
2022-08-17,10.65999984741211,11.380000114440918,10.5,11.3100004196167,9.618573188781738,481702489
2022-08-18,11.279999732971191,11.600000381469727,10.789999961853027,11.039999961853027,9.388951301574707,381002519
2022-08-19,11.050000190734863,11.15999984741211,10.550000190734863,10.600000381469727,9.014755249023438,236474360
2022-08-22,10.5,10.890000343322754,10.329999923706055,10.760000228881836,9.150826454162598,318682682
2022-08-23,10.819999694824219,11.600000381469727,10.75,11.479999542236328,9.76314926147461,497489472
2022-08-24,11.550000190734863,11.680000305175781,11.029999732971191,11.069999694824219,9.414463996887207,331114633
2022-08-25,11.180000305175781,12.15999984741211,11.069999694824219,11.979999542236328,10.188372611999512,454491050
2022-08-26,12.010000228881836,12.800000190734863,11.890000343322754,11.979999542236328,10.188372611999512,700503627
2022-08-29,12.029999732971191,12.229999542236328,11.640000343322754,11.890000343322754,10.111833572387695,251885158
2022-08-31,11.90999984741211,12.199999809265137,11.649999618530273,11.720000267028809,9.967257499694824,304096832
2022-09-01,11.739999771118164,12.25,11.5,11.850000381469727,10.077816009521484,440172559
2022-09-02,12.100000381469727,13.029999732971191,11.90999984741211,13.029999732971191,11.081344604492188,434411274
2022-09-05,13.5,14.329999923706055,13.020000457763672,14.1899995803833,12.067863464355469,499673234
2022-09-06,14.5,15.600000381469727,14.300000190734863,15.569999694824219,13.241483688354492,512307492
2022-09-07,15.569999694824219,16.059999465942383,14.869999885559082,15.6899995803833,13.343536376953125,516399862
2022-09-08,16.100000381469727,16.229999542236328,15.039999961853027,15.149999618530273,12.884294509887695,932824945
2022-09-09,15.25,16.280000686645508,15.09000015258789,15.920000076293945,13.539140701293945,988525278
2022-09-12,16.459999084472656,17.510000228881836,16.0,17.510000228881836,14.891353607177734,700107192
2022-09-13,17.950000762939453,19.139999389648438,15.760000228881836,15.760000228881836,13.403069496154785,794925474
2022-09-14,15.550000190734863,15.630000114440918,14.1899995803833,14.1899995803833,12.067863464355469,238222865
2022-09-15,14.25,14.720000267028809,12.779999732971191,12.779999732971191,10.868731498718262,245851404
2022-09-16,12.020000457763672,12.5600004196167,11.720000267028809,12.1899995803833,10.36696720123291,619918664
2022-09-19,12.260000228881836,12.319999694824219,11.0600004196167,11.0600004196167,9.405961036682129,386559482
2022-09-20,11.399999618530273,11.880000114440918,10.949999809265137,11.880000114440918,10.103328704833984,286853919
2022-09-21,11.819999694824219,12.079999923706055,11.520000457763672,11.520000457763672,9.797167778015137,173237170
2022-09-22,11.600000381469727,11.989999771118164,11.369999885559082,11.619999885559082,9.88221263885498,223342103
2022-09-23,11.619999885559082,11.729999542236328,11.25,11.279999732971191,9.593059539794922,130620157
2022-09-26,11.199999809265137,11.359999656677246,10.729999542236328,11.350000381469727,9.652591705322266,167707342
2022-09-27,11.420000076293945,12.34000015258789,11.319999694824219,11.819999694824219,10.052301406860352,216355871
2022-09-28,11.739999771118164,12.050000190734863,11.420000076293945,11.420000076293945,9.712121963500977,194449965
2022-09-29,11.529999732971191,11.729999542236328,10.960000038146973,11.260000228881836,9.576050758361816,173041320
2022-09-30,11.279999732971191,11.539999961853027,11.09000015258789,11.289999961853027,9.601564407348633,140480281
2022-10-03,11.350000381469727,12.40999984741211,11.289999961853027,12.40999984741211,10.55406665802002,174172001
2022-10-04,12.850000381469727,13.130000114440918,12.350000381469727,12.380000114440918,10.528553009033203,313101245
2022-10-05,12.5,12.520000457763672,12.039999961853027,12.369999885559082,10.520049095153809,182098868
2022-10-06,12.539999961853027,12.90999984741211,12.449999809265137,12.899999618530273,10.970785140991211,198534900
2022-10-07,12.899999618530273,13.050000190734863,12.670000076293945,12.859999656677246,10.936767578125,162789566
2022-10-10,12.890000343322754,13.039999961853027,12.729999542236328,12.789999961853027,10.877236366271973,131196257
2022-10-11,12.859999656677246,13.229999542236328,12.739999771118164,13.0600004196167,11.106857299804688,244322831
2022-10-12,13.0600004196167,13.119999885559082,12.819999694824219,12.930000305175781,10.996299743652344,166625154
2022-10-13,12.9399995803833,13.079999923706055,12.819999694824219,13.010000228881836,11.064334869384766,200445586
2022-10-14,13.399999618530273,13.630000114440918,13.3100004196167,13.5,11.481056213378906,208453747
2022-10-17,13.600000381469727,14.850000381469727,13.600000381469727,14.850000381469727,12.62916088104248,106202500
2022-10-18,15.90999984741211,15.949999809265137,14.789999961853027,15.09000015258789,12.833268165588379,332294636
2022-10-19,15.220000267028809,15.899999618530273,14.9399995803833,15.710000038146973,13.360547065734863,372716155
2022-10-20,15.6899995803833,16.149999618530273,15.510000228881836,15.75,13.394563674926758,332866859
2022-10-21,15.779999732971191,15.899999618530273,15.520000457763672,15.550000190734863,13.224474906921387,157792867
2022-10-24,15.710000038146973,15.970000267028809,15.270000457763672,15.460000038146973,13.147933959960938,156267237
2022-10-25,15.5600004196167,15.890000343322754,15.40999984741211,15.520000457763672,13.19896125793457,227496847
2022-10-26,15.680000305175781,15.9399995803833,15.619999885559082,15.779999732971191,13.420077323913574,225597222
2022-10-27,15.699999809265137,15.739999771118164,15.170000076293945,15.229999542236328,12.952330589294434,239917551
2022-10-28,15.220000267028809,15.319999694824219,14.649999618530273,14.680000305175781,12.48458480834961,121296498
2022-10-31,14.789999961853027,14.829999923706055,14.199999809265137,14.619999885559082,12.43355655670166,239419576
2022-11-01,14.760000228881836,15.210000038146973,14.489999771118164,14.550000190734863,12.37402629852295,211681497
2022-11-02,14.579999923706055,14.720000267028809,14.390000343322754,14.449999809265137,12.288981437683105,156588495
2022-11-03,14.420000076293945,14.569999694824219,14.140000343322754,14.1899995803833,12.067863464355469,132025474
2022-11-04,14.319999694824219,14.699999809265137,14.149999618530273,14.569999694824219,12.391034126281738,174753889
2022-11-07,14.770000457763672,15.319999694824219,14.760000228881836,15.239999771118164,12.960835456848145,192680049
2022-11-08,15.289999961853027,15.59000015258789,14.979999542236328,15.210000038146973,12.935321807861328,201986838
2022-11-09,15.239999771118164,15.380000114440918,14.859999656677246,14.9399995803833,12.705699920654297,154904351
2022-11-10,14.949999809265137,15.529999732971191,14.9399995803833,15.430000305175781,13.122421264648438,188682288
2022-11-11,15.800000190734863,15.890000343322754,14.890000343322754,14.979999542236328,12.739718437194824,149972527
2022-11-14,15.039999961853027,15.229999542236328,14.899999618530273,15.229999542236328,12.952330589294434,164014762
2022-11-15,15.399999618530273,16.200000762939453,15.130000114440918,16.190000534057617,13.768762588500977,344700239
2022-11-16,16.25,17.489999771118164,15.960000038146973,16.670000076293945,14.176977157592773,407931462
2022-11-17,16.780000686645508,16.889999389648438,15.710000038146973,15.869999885559082,13.496618270874023,210950481
2022-11-18,15.649999618530273,16.3799991607666,15.640000343322754,16.25,13.819788932800293,185619645
2022-11-21,16.399999618530273,16.559999465942383,15.960000038146973,16.530000686645508,14.057914733886719,183439934
2022-11-22,16.75,17.06999969482422,16.3799991607666,16.969999313354492,14.432110786437988,250613064
2022-11-23,17.010000228881836,17.780000686645508,16.809999465942383,17.6299991607666,14.993406295776367,265039721
2022-11-24,17.75,17.8700008392334,17.049999237060547,17.200000762939453,14.627715110778809,282858724
2022-11-25,17.0,17.270000457763672,16.799999237060547,16.81999969482422,14.304543495178223,150982096
2022-11-28,16.93000030517578,17.700000762939453,16.8799991607666,17.489999771118164,14.874344825744629,189918332
2022-11-29,17.59000015258789,17.75,17.149999618530273,17.6200008392334,14.984905242919922,160236590
2022-11-30,17.700000762939453,17.8799991607666,17.309999465942383,17.309999465942383,14.721263885498047,211305964
2022-12-01,17.649999618530273,17.700000762939453,17.139999389648438,17.43000030517578,14.823318481445312,180876231
2022-12-02,17.440000534057617,17.489999771118164,16.649999618530273,16.860000610351562,14.33856201171875,132822767
2022-12-05,16.950000762939453,17.020000457763672,16.270000457763672,16.280000686645508,13.84530258178711,203224738
2022-12-06,16.360000610351562,16.59000015258789,16.09000015258789,16.229999542236328,13.802779197692871,271898082
2022-12-07,16.260000228881836,16.440000534057617,15.579999923706055,15.75,13.394563674926758,221098224
2022-12-08,15.760000228881836,16.299999237060547,15.5600004196167,16.200000762939453,13.777267456054688,195190270
2022-12-09,16.25,16.700000762939453,16.110000610351562,16.670000076293945,14.176977157592773,167745783
2022-12-12,16.670000076293945,17.700000762939453,16.440000534057617,17.559999465942383,14.93387508392334,292277315
2022-12-13,17.350000381469727,17.780000686645508,17.139999389648438,17.459999084472656,14.848830223083496,254504148
2022-12-14,17.540000915527344,18.270000457763672,16.899999618530273,17.290000915527344,14.704255104064941,364856828
2022-12-15,17.809999465942383,18.65999984741211,17.690000534057617,18.5,15.733298301696777,323169448
2022-12-16,18.65999984741211,19.0,18.65999984741211,18.770000457763672,15.962919235229492,73080982
2022-12-19,18.969999313354492,20.5,18.969999313354492,20.5,17.434194564819336,314036668
2022-12-20,20.5,20.5,19.479999542236328,20.0,17.008970260620117,243242290
2022-12-21,20.219999313354492,21.399999618530273,19.760000228881836,19.950000762939453,16.966449737548828,276352314
2022-12-22,20.239999771118164,20.5,19.59000015258789,19.850000381469727,16.881404876708984,196870961
2022-12-23,19.860000610351562,20.139999389648438,19.510000228881836,19.719999313354492,16.770843505859375,158386819
2022-12-26,20.020000457763672,20.299999237060547,19.84000015258789,19.920000076293945,16.940935134887695,122519583
2022-12-27,20.0,20.200000762939453,19.559999465942383,19.6299991607666,16.694303512573242,138334048
2022-12-28,19.649999618530273,19.729999542236328,18.790000915527344,19.1299991607666,16.269079208374023,144809015
2022-12-29,19.170000076293945,19.84000015258789,19.170000076293945,19.729999542236328,16.779348373413086,126876655
2022-12-30,19.8799991607666,20.079999923706055,19.510000228881836,19.549999237060547,16.62626838684082,137204309
2023-01-02,19.700000762939453,20.260000228881836,19.670000076293945,20.020000457763672,17.02597999572754,146707509
2023-01-03,20.200000762939453,20.260000228881836,19.540000915527344,19.579999923706055,16.651782989501953,167143625
2023-01-04,19.6299991607666,20.079999923706055,19.329999923706055,19.649999618530273,16.711313247680664,200222323
2023-01-05,19.889999389648438,19.959999084472656,18.899999618530273,19.06999969482422,16.218053817749023,206043002
2023-01-06,18.100000381469727,19.110000610351562,17.520000457763672,18.700000762939453,15.903388023376465,196879074
2023-01-09,18.899999618530273,18.93000030517578,17.5,17.809999465942383,15.146488189697266,164022143
2023-01-10,17.899999618530273,18.25,17.010000228881836,17.030000686645508,14.483139991760254,183185741
2023-01-11,17.059999465942383,17.399999618530273,16.100000381469727,16.100000381469727,13.692221641540527,188456919
2023-01-12,16.510000228881836,16.770000457763672,15.270000457763672,16.649999618530273,14.159968376159668,217774043
2023-01-13,16.600000381469727,16.969999313354492,16.260000228881836,16.549999237060547,14.074922561645508,138549057
2023-01-16,16.829999923706055,17.309999465942383,16.81999969482422,17.270000457763672,14.687247276306152,208493022
2023-01-17,17.299999237060547,17.780000686645508,17.079999923706055,17.520000457763672,14.899858474731445,202278413
2023-01-18,17.549999237060547,17.93000030517578,17.100000381469727,17.360000610351562,14.763787269592285,239337946
2023-01-19,17.309999465942383,17.850000381469727,17.200000762939453,17.59000015258789,14.959389686584473,206900775
2023-01-20,17.65999984741211,18.780000686645508,17.610000610351562,18.709999084472656,15.911890983581543,286389616
2023-01-23,19.149999618530273,19.719999313354492,18.329999923706055,18.56999969482422,15.792829513549805,326720804
2023-01-24,18.610000610351562,18.90999984741211,18.020000457763672,18.309999465942383,15.571711540222168,246304599
2023-01-25,18.469999313354492,18.600000381469727,17.010000228881836,17.739999771118164,15.086956977844238,256574489
2023-01-26,17.739999771118164,17.739999771118164,17.020000457763672,17.049999237060547,14.500146865844727,322416904
2023-01-27,16.860000610351562,17.010000228881836,16.030000686645508,16.649999618530273,14.159968376159668,262508754
2023-01-30,16.709999084472656,17.3700008392334,16.68000030517578,17.030000686645508,14.483139991760254,269241577
2023-01-31,17.030000686645508,17.5,16.68000030517578,16.979999542236328,14.440616607666016,276185058
2023-02-01,17.209999084472656,17.299999237060547,15.550000190734863,15.550000190734863,13.224474906921387,296326837
2023-02-02,15.569999694824219,16.010000228881836,14.350000381469727,15.0600004196167,12.807755470275879,447082547
2023-02-03,15.119999885559082,16.540000915527344,15.079999923706055,16.510000228881836,14.040905952453613,314770649
2023-02-06,16.020000457763672,16.5,15.510000228881836,16.200000762939453,13.777267456054688,50998223
2023-02-07,16.1299991607666,16.1299991607666,14.579999923706055,14.699999809265137,12.501593589782715,118983174
2023-02-08,13.699999809265137,13.699999809265137,13.699999809265137,13.699999809265137,11.651144027709961,1161
2023-02-15,15.5,16.170000076293945,15.260000228881836,16.170000076293945,13.751751899719238,60931391
2023-02-16,17.399999618530273,17.40999984741211,15.9399995803833,16.100000381469727,13.692221641540527,249659918
2023-02-17,15.920000076293945,16.469999313354492,15.819999694824219,15.989999771118164,13.598671913146973,128084961
2023-02-20,16.059999465942383,16.350000381469727,15.800000190734863,15.989999771118164,13.598671913146973,149402175
2023-02-21,15.9399995803833,16.25,15.800000190734863,15.899999618530273,13.52213191986084,136853525
2023-02-22,15.890000343322754,16.290000915527344,15.819999694824219,16.059999465942383,13.658203125,154468616
2023-02-23,16.09000015258789,16.56999969482422,15.9399995803833,16.110000610351562,13.700726509094238,215424022
2023-02-24,16.110000610351562,16.270000457763672,15.930000305175781,15.960000038146973,13.573158264160156,124308416
2023-02-27,16.299999237060547,17.549999237060547,16.110000610351562,17.31999969482422,14.729768753051758,221535410
2023-02-28,17.420000076293945,17.8700008392334,17.06999969482422,17.5,14.882848739624023,220605409
2023-03-01,17.5,17.889999389648438,17.389999389648438,17.610000610351562,14.976398468017578,164320004
2023-03-02,17.639999389648438,18.06999969482422,17.610000610351562,17.739999771118164,15.086956977844238,138619655
2023-03-03,17.719999313354492,17.8700008392334,16.850000381469727,17.40999984741211,14.80630874633789,201500586
2023-03-06,17.649999618530273,18.889999389648438,17.5,18.75,15.945911407470703,281361558
2023-03-07,18.93000030517578,19.549999237060547,18.59000015258789,18.6200008392334,15.835352897644043,246126701
2023-03-08,18.579999923706055,20.299999237060547,18.489999771118164,19.93000030517578,16.949440002441406,332905012
2023-03-09,19.770000457763672,20.440000534057617,18.790000915527344,19.809999465942383,16.847383499145508,348397741
2023-03-10,19.649999618530273,20.34000015258789,19.450000762939453,19.520000457763672,16.60075569152832,253186178
2023-03-13,19.530000686645508,19.600000381469727,18.600000381469727,18.700000762939453,15.903388023376465,163246039
2023-03-14,18.719999313354492,19.170000076293945,18.5,18.549999237060547,15.775819778442383,146100209
2023-03-15,18.6200008392334,18.850000381469727,18.25,18.600000381469727,15.818343162536621,225524402
2023-03-16,18.739999771118164,19.020000457763672,18.56999969482422,18.8799991607666,16.056467056274414,118113991
2023-03-17,19.030000686645508,19.219999313354492,18.209999084472656,18.209999084472656,15.486668586730957,127543134
2023-03-20,18.18000030517578,18.540000915527344,17.969999313354492,18.149999618530273,15.435640335083008,130333216
2023-03-21,18.200000762939453,18.290000915527344,17.510000228881836,17.59000015258789,14.959389686584473,139677775
2023-03-22,17.690000534057617,17.940000534057617,17.530000686645508,17.93000030517578,15.248543739318848,109092283
2023-03-23,17.84000015258789,18.329999923706055,17.829999923706055,18.309999465942383,15.571711540222168,96769594
2023-03-24,18.3700008392334,18.450000762939453,17.979999542236328,18.0,15.308073043823242,77000819
2023-03-27,18.149999618530273,18.649999618530273,17.979999542236328,18.350000381469727,15.605731964111328,83545407
2023-03-28,18.350000381469727,18.420000076293945,17.780000686645508,17.780000686645508,15.120975494384766,90296917
2023-03-29,17.75,18.719999313354492,17.729999542236328,18.649999618530273,15.860864639282227,130594787
2023-03-30,16.979999542236328,17.25,16.610000610351562,16.700000762939453,15.654637336730957,126043080
2023-03-31,16.489999771118164,16.979999542236328,16.200000762939453,16.940000534057617,15.879612922668457,127234782
2023-04-03,16.81999969482422,17.100000381469727,16.450000762939453,17.020000457763672,15.954606056213379,108137441
2023-04-04,17.010000228881836,17.389999389648438,16.93000030517578,17.360000610351562,16.27332305908203,97667386
2023-04-05,17.360000610351562,17.459999084472656,16.860000610351562,16.860000610351562,15.804620742797852,76794780
2023-04-06,16.8799991607666,17.020000457763672,16.6200008392334,16.649999618530273,15.607766151428223,54862684
2023-04-07,16.670000076293945,17.040000915527344,16.649999618530273,16.829999923706055,15.77649974822998,53132052
2023-04-10,16.899999618530273,17.389999389648438,16.899999618530273,17.270000457763672,16.18895721435547,75144923
2023-04-11,17.299999237060547,17.899999618530273,17.229999542236328,17.850000381469727,16.732650756835938,128299318
2023-04-12,17.860000610351562,18.489999771118164,17.739999771118164,18.290000915527344,17.14510726928711,153241733
2023-04-13,18.34000015258789,18.469999313354492,17.850000381469727,17.850000381469727,16.732650756835938,104560616
2023-04-14,17.8799991607666,18.170000076293945,17.530000686645508,17.56999969482422,16.470178604125977,87584827
2023-04-17,17.6299991607666,18.0,17.6299991607666,17.8799991607666,16.760770797729492,84508902
2023-04-18,17.889999389648438,18.209999084472656,17.84000015258789,17.969999313354492,16.845136642456055,72120261
2023-04-19,18.040000915527344,19.049999237060547,17.670000076293945,18.479999542236328,17.32321548461914,150043262
2023-04-20,18.0,18.149999618530273,17.610000610351562,17.700000762939453,16.592039108276367,65554354
2023-04-24,17.799999237060547,17.969999313354492,17.639999389648438,17.68000030517578,16.573291778564453,82019300
2023-04-25,17.700000762939453,17.770000457763672,17.200000762939453,17.25,16.170209884643555,79061956
2023-04-26,17.1200008392334,17.450000762939453,16.780000686645508,16.860000610351562,15.804620742797852,92463897
2023-04-27,16.969999313354492,17.110000610351562,16.65999984741211,17.0,15.935857772827148,126344468
2023-04-28,17.040000915527344,17.079999923706055,15.970000267028809,16.049999237060547,15.045323371887207,90224420
2023-05-02,16.09000015258789,16.34000015258789,15.600000381469727,15.670000076293945,14.68911075592041,85726980
2023-05-03,15.720000267028809,15.90999984741211,15.149999618530273,15.520000457763672,14.548501014709473,80014182
2023-05-04,15.5,15.850000381469727,15.289999961853027,15.539999961853027,14.567248344421387,58501546
2023-05-05,15.520000457763672,15.720000267028809,15.100000381469727,15.239999771118164,14.286026954650879,51255066
2023-05-08,15.399999618530273,16.6299991607666,15.25,16.489999771118164,15.457782745361328,93315379
2023-05-09,16.399999618530273,17.3799991607666,16.350000381469727,16.709999084472656,15.664010047912598,185607539
2023-05-10,16.700000762939453,17.190000534057617,16.649999618530273,16.809999465942383,15.75775146484375,129060499
2023-05-11,16.809999465942383,18.489999771118164,16.809999465942383,18.489999771118164,17.33258819580078,169163877
2023-05-12,19.229999542236328,19.760000228881836,18.829999923706055,19.290000915527344,18.0825138092041,220433901
2023-05-15,17.3700008392334,17.3700008392334,17.3700008392334,17.3700008392334,16.282697677612305,14298113
2023-05-16,15.640000343322754,16.15999984741211,15.640000343322754,15.770000457763672,14.782852172851562,370159232
2023-05-17,15.890000343322754,16.15999984741211,15.420000076293945,15.579999923706055,14.604743957519531,198445636
2023-05-18,15.609999656677246,15.739999771118164,14.970000267028809,14.979999542236328,14.042302131652832,169696694
2023-05-22,15.199999809265137,15.239999771118164,14.380000114440918,14.4399995803833,13.536104202270508,105634934
2023-05-23,14.460000038146973,14.6899995803833,14.369999885559082,14.399999618530273,13.498607635498047,109768860
2023-05-24,14.430000305175781,14.609999656677246,13.949999809265137,13.949999809265137,13.076776504516602,97671946
2023-05-25,14.029999732971191,14.489999771118164,14.010000228881836,14.300000190734863,13.404868125915527,106923387
2023-05-26,14.390000343322754,15.729999542236328,14.140000343322754,14.510000228881836,13.601722717285156,153944978
2023-05-29,14.59000015258789,15.15999984741211,14.15999984741211,14.890000343322754,13.95793628692627,166918671
2023-05-30,15.539999961853027,16.3700008392334,15.460000038146973,16.3700008392334,15.345293045043945,249191432
2023-05-31,16.299999237060547,16.770000457763672,15.800000190734863,15.800000190734863,14.810973167419434,296285144
2023-06-01,16.0,16.6299991607666,15.989999771118164,16.34000015258789,15.317171096801758,150579046
2023-06-02,17.5,17.790000915527344,17.139999389648438,17.549999237060547,16.451427459716797,233504521
2023-06-05,18.229999542236328,18.31999969482422,17.459999084472656,18.170000076293945,17.03261947631836,292462724
2023-06-06,18.020000457763672,18.209999084472656,17.770000457763672,18.040000915527344,16.910757064819336,218038927
2023-06-07,18.25,18.84000015258789,17.940000534057617,18.389999389648438,17.238847732543945,307507749
2023-06-08,18.3799991607666,18.969999313354492,18.239999771118164,18.649999618530273,17.482572555541992,232563259
2023-06-09,18.760000228881836,18.84000015258789,18.329999923706055,18.459999084472656,17.30446434020996,145465679
2023-06-12,18.610000610351562,18.709999084472656,18.06999969482422,18.079999923706055,16.948253631591797,130389545
2023-06-13,18.079999923706055,18.450000762939453,17.739999771118164,18.030000686645508,16.901384353637695,192891246
2023-06-14,18.100000381469727,18.920000076293945,17.969999313354492,18.3700008392334,17.22010040283203,277300427
2023-06-15,18.639999389648438,19.229999542236328,18.510000228881836,19.229999542236328,18.02626609802246,245301528
2023-06-16,19.25,19.40999984741211,18.799999237060547,18.889999389648438,17.707550048828125,236543483
2023-06-19,18.989999771118164,19.100000381469727,18.299999237060547,18.510000228881836,17.351335525512695,221616790
2023-06-20,18.510000228881836,19.229999542236328,18.389999389648438,19.040000915527344,17.848161697387695,214513795
2023-06-21,19.219999313354492,19.389999389648438,18.93000030517578,19.309999465942383,18.101259231567383,171878858
2023-06-22,19.299999237060547,19.549999237060547,18.600000381469727,19.190000534057617,17.988771438598633,439656074
2023-06-23,19.440000534057617,20.139999389648438,19.440000534057617,19.790000915527344,18.55121421813965,255233189
2023-06-26,20.540000915527344,20.780000686645508,20.239999771118164,20.420000076293945,19.14177703857422,168986593
2023-06-27,20.280000686645508,20.440000534057617,20.1200008392334,20.200000762939453,18.935548782348633,46844272
2023-07-03,20.440000534057617,20.760000228881836,20.239999771118164,20.700000762939453,19.404251098632812,137561972
2023-07-04,21.0,21.3799991607666,20.81999969482422,21.100000381469727,19.779211044311523,194345235
2023-07-05,21.18000030517578,21.18000030517578,20.219999313354492,20.860000610351562,19.554235458374023,166031493
2023-07-06,21.0,21.139999389648438,20.440000534057617,20.459999084472656,19.179271697998047,160266708
2023-07-07,20.399999618530273,20.760000228881836,20.219999313354492,20.260000228881836,18.991792678833008,110111389
2023-07-10,20.559999465942383,20.579999923706055,20.299999237060547,20.5,19.216768264770508,104255266
2023-07-11,20.920000076293945,22.15999984741211,20.459999084472656,21.8799991607666,20.510385513305664,286280268
2023-07-12,21.8799991607666,23.540000915527344,21.799999237060547,23.100000381469727,21.65401840209961,288852811
2023-07-13,23.34000015258789,24.520000457763672,23.200000762939453,24.440000534057617,22.910139083862305,217836768
2023-07-14,24.700000762939453,25.219999313354492,24.059999465942383,24.760000228881836,23.210107803344727,164042058
2023-07-17,24.959999084472656,26.0,24.3799991607666,25.31999969482422,23.73505401611328,126449786
2023-07-18,25.5,26.100000381469727,23.459999084472656,23.520000457763672,22.047727584838867,165510629
2023-07-19,23.600000381469727,25.020000457763672,23.579999923706055,25.020000457763672,23.453832626342773,125852786
2023-07-20,25.459999084472656,25.579999923706055,24.559999465942383,24.700000762939453,23.15386390686035,226861507
2023-07-21,24.559999465942383,24.719999313354492,23.899999618530273,23.959999084472656,22.46018409729004,90736785
2023-07-24,24.040000915527344,25.0,23.760000228881836,24.799999237060547,23.247602462768555,126252650
2023-07-25,25.0,25.559999465942383,24.459999084472656,24.899999618530273,23.34134292602539,186966200
2023-07-26,24.799999237060547,25.1200008392334,23.979999542236328,25.0,23.43508529663086,107395637
2023-07-27,25.260000228881836,26.5,24.84000015258789,26.440000534057617,24.784944534301758,219030092
2023-07-28,27.5,29.020000457763672,27.239999771118164,28.559999465942383,26.772239685058594,174829574
2023-07-31,28.899999618530273,29.260000228881836,27.600000381469727,27.940000534057617,26.191049575805664,196816660
2023-08-01,27.739999771118164,28.020000457763672,27.040000915527344,27.059999465942383,25.366134643554688,114947143
2023-08-02,27.059999465942383,28.559999465942383,26.600000381469727,28.040000915527344,26.284791946411133,202487390
2023-08-03,27.959999084472656,28.579999923706055,27.200000762939453,27.280000686645508,25.572364807128906,141295444
2023-08-04,27.440000534057617,28.420000076293945,27.200000762939453,28.299999237060547,26.528514862060547,131007707
2023-08-07,28.479999542236328,28.559999465942383,27.799999237060547,28.1200008392334,26.359783172607422,85319620
2023-08-08,28.139999389648438,28.899999618530273,27.81999969482422,28.15999984741211,26.39727783203125,140526936
2023-08-09,28.239999771118164,30.959999084472656,28.040000915527344,30.959999084472656,29.02200698852539,209195026
2023-08-10,31.399999618530273,33.619998931884766,30.0,30.65999984741211,28.740787506103516,355991785
2023-08-11,30.68000030517578,31.5,29.639999389648438,30.8799991607666,28.9470157623291,237474548
2023-08-14,31.200000762939453,32.2599983215332,30.040000915527344,30.200000762939453,28.309581756591797,160804218
2023-08-15,30.299999237060547,31.5,29.059999465942383,30.360000610351562,28.45956802368164,236386137
2023-08-16,30.3799991607666,30.639999389648438,29.719999313354492,29.780000686645508,27.91587257385254,130979033
2023-08-17,29.799999237060547,30.459999084472656,29.799999237060547,30.15999984741211,28.272085189819336,127804074
2023-08-18,30.299999237060547,30.540000915527344,27.959999084472656,28.65999984741211,26.86598014831543,121799926
2023-08-21,27.200000762939453,28.959999084472656,26.739999771118164,28.34000015258789,26.566011428833008,274594788
2023-08-22,28.780000686645508,28.860000610351562,27.1200008392334,27.5,25.778593063354492,141221085
2023-08-23,27.600000381469727,28.360000610351562,27.31999969482422,27.65999984741211,25.928577423095703,145323141
2023-08-24,27.799999237060547,30.420000076293945,27.780000686645508,30.420000076293945,28.515810012817383,403019400
2023-08-25,31.200000762939453,31.299999237060547,29.459999084472656,29.940000534057617,28.06585693359375,211337363
2023-08-28,30.3799991607666,30.8799991607666,29.719999313354492,29.799999237060547,27.934619903564453,172239520
2023-08-29,29.920000076293945,30.860000610351562,29.799999237060547,30.200000762939453,28.309581756591797,146569122
2023-08-31,30.399999618530273,30.559999465942383,28.780000686645508,28.780000686645508,26.978469848632812,114195329
2023-09-01,28.979999542236328,29.520000457763672,28.559999465942383,29.3799991607666,27.540910720825195,102033286
2023-09-04,29.8799991607666,30.84000015258789,29.520000457763672,30.219999313354492,28.32832908630371,132517471
2023-09-05,30.239999771118164,31.65999984741211,30.100000381469727,31.559999465942383,29.584449768066406,149713182
2023-09-06,31.739999771118164,32.400001525878906,30.959999084472656,31.399999618530273,29.434465408325195,126874355
2023-09-07,31.559999465942383,32.91999816894531,31.520000457763672,32.619998931884766,30.57809829711914,95659012
2023-09-08,32.79999923706055,33.36000061035156,32.2400016784668,32.29999923706055,30.27812957763672,97988515
2023-09-11,32.720001220703125,32.84000015258789,30.219999313354492,30.6200008392334,28.703290939331055,102977206
2023-09-12,30.639999389648438,30.719999313354492,29.559999465942383,29.6200008392334,27.765888214111328,139885024
2023-09-13,29.65999984741211,30.219999313354492,28.920000076293945,29.139999389648438,27.315933227539062,135099115
2023-09-14,29.059999465942383,29.15999984741211,28.15999984741211,28.799999237060547,26.997215270996094,121968127
2023-09-15,28.940000534057617,29.68000030517578,28.440000534057617,28.440000534057617,26.659751892089844,122175476
2023-09-18,28.440000534057617,28.979999542236328,28.200000762939453,28.540000915527344,26.753494262695312,92781296
2023-09-19,28.6200008392334,28.979999542236328,28.020000457763672,28.979999542236328,27.16594886779785,90146602
2023-09-20,29.059999465942383,30.18000030517578,28.780000686645508,29.600000381469727,27.747140884399414,132231768
2023-09-21,29.940000534057617,31.34000015258789,29.540000915527344,31.200000762939453,29.246986389160156,237909804
2023-09-22,31.200000762939453,31.68000030517578,30.799999237060547,30.799999237060547,28.87202262878418,110847853
2023-09-25,30.940000534057617,32.599998474121094,30.84000015258789,32.220001220703125,30.20313835144043,132338628
2023-09-26,32.279998779296875,32.47999954223633,31.459999084472656,31.68000030517578,29.69693946838379,108955425
2023-09-27,31.700000762939453,32.02000045776367,31.34000015258789,31.559999465942383,29.584449768066406,85927349
2023-09-28,31.579999923706055,32.5,31.440000534057617,32.040000915527344,30.034404754638672,134636143
2023-09-29,32.540000915527344,34.220001220703125,32.47999954223633,33.459999084472656,31.365516662597656,152427587
2023-10-02,33.47999954223633,35.20000076293945,33.15999984741211,34.47999954223633,32.3216667175293,130396219
2023-10-03,34.7400016784668,35.099998474121094,33.5,33.900001525878906,31.777976989746094,86596571
2023-10-04,33.900001525878906,34.400001525878906,33.41999816894531,33.439998626708984,31.34676742553711,94829167
2023-10-05,33.7599983215332,34.63999938964844,32.439998626708984,34.20000076293945,32.05919647216797,142533300
2023-10-06,33.880001068115234,34.2599983215332,33.619998931884766,33.65999984741211,31.55299949645996,97807776
2023-10-09,33.18000030517578,33.380001068115234,32.15999984741211,32.2599983215332,30.240631103515625,96530249
2023-10-10,32.68000030517578,33.36000061035156,32.439998626708984,33.13999938964844,31.0655460357666,71195544
2023-10-11,33.279998779296875,33.959999084472656,33.099998474121094,33.31999969482422,31.234281539916992,82944842
2023-10-12,33.68000030517578,34.34000015258789,32.29999923706055,32.91999816894531,30.859317779541016,109831125
2023-10-13,32.959999084472656,33.0,31.459999084472656,31.600000381469727,29.621946334838867,80078086
2023-10-16,32.20000076293945,32.2599983215332,31.0,31.639999389648438,29.659442901611328,69413122
2023-10-17,31.739999771118164,32.220001220703125,31.280000686645508,32.220001220703125,30.20313835144043,75348848
2023-10-18,31.600000381469727,32.20000076293945,30.959999084472656,31.299999237060547,29.34072494506836,73193188
2023-10-19,31.280000686645508,31.920000076293945,30.600000381469727,30.920000076293945,28.984512329101562,71152845
2023-10-20,30.600000381469727,30.920000076293945,29.65999984741211,29.920000076293945,28.047109603881836,55618251
2023-10-23,30.459999084472656,30.6200008392334,29.700000762939453,30.5,28.590803146362305,63744257
2023-10-24,30.719999313354492,32.599998474121094,30.520000457763672,31.65999984741211,29.678190231323242,136151710
2023-10-25,31.65999984741211,32.060001373291016,29.600000381469727,29.600000381469727,27.747140884399414,72076721
2023-10-26,30.020000457763672,30.860000610351562,29.040000915527344,30.799999237060547,28.87202262878418,163455750
2023-10-27,30.940000534057617,31.440000534057617,30.139999389648438,30.920000076293945,28.984512329101562,102420863
2023-10-30,30.84000015258789,31.280000686645508,30.1200008392334,30.219999313354492,28.32832908630371,74818809
2023-10-31,30.3799991607666,30.739999771118164,29.399999618530273,29.459999084472656,27.615901947021484,71662383
2023-11-01,29.700000762939453,29.940000534057617,28.219999313354492,29.65999984741211,27.803382873535156,76396792
2023-11-02,29.780000686645508,30.360000610351562,29.399999618530273,30.020000457763672,28.140850067138672,71274321
2023-11-03,30.100000381469727,30.18000030517578,29.5,30.0,28.122100830078125,69920777
2023-11-06,30.420000076293945,30.81999969482422,30.299999237060547,30.559999465942383,28.64704704284668,61670311
2023-11-07,30.5,30.600000381469727,29.979999542236328,30.239999771118164,28.347078323364258,43948310
2023-11-08,30.5,30.6200008392334,29.5,29.799999237060547,27.934619903564453,57965690
2023-11-09,29.559999465942383,29.940000534057617,29.219999313354492,29.360000610351562,27.52216339111328,89006270
2023-11-10,29.3799991607666,29.65999984741211,28.940000534057617,28.979999542236328,27.16594886779785,63145074
2023-11-13,28.920000076293945,29.0,27.940000534057617,28.0,26.247295379638672,51651875
2023-11-14,28.079999923706055,28.6200008392334,27.520000457763672,28.559999465942383,26.772239685058594,78797982
2023-11-15,28.65999984741211,29.139999389648438,28.280000686645508,28.600000381469727,26.809736251831055,69086402
2023-11-16,28.65999984741211,30.020000457763672,28.639999389648438,29.979999542236328,28.103351593017578,71393794
2023-11-17,29.8799991607666,30.3799991607666,29.68000030517578,30.079999923706055,28.197093963623047,62257814
2023-11-20,30.520000457763672,30.739999771118164,30.040000915527344,30.440000534057617,28.53455924987793,63548276
2023-11-21,30.68000030517578,31.200000762939453,30.360000610351562,30.940000534057617,29.00326156616211,74887016
2023-11-22,30.899999618530273,31.139999389648438,30.31999969482422,30.8799991607666,28.9470157623291,86465262
2023-11-23,30.979999542236328,32.400001525878906,30.8799991607666,31.459999084472656,29.49070930480957,158470522
2023-11-24,31.440000534057617,32.29999923706055,30.84000015258789,31.860000610351562,29.865673065185547,101221429
2023-11-27,32.900001525878906,34.34000015258789,32.720001220703125,34.29999923706055,32.15293502807617,138309694
2023-11-28,34.2599983215332,34.599998474121094,33.52000045776367,33.79999923706055,31.684234619140625,111758315
2023-11-29,33.84000015258789,34.060001373291016,33.36000061035156,33.91999816894531,31.79671859741211,97004716
2023-11-30,33.97999954223633,34.63999938964844,33.5,33.63999938964844,31.53424835205078,101146410
2023-12-01,34.68000030517578,35.36000061035156,34.439998626708984,34.86000061035156,32.67788314819336,103259731
2023-12-04,35.02000045776367,36.2400016784668,34.599998474121094,36.220001220703125,33.95275115966797,91585452
2023-12-05,36.119998931884766,36.599998474121094,35.880001068115234,36.560001373291016,34.27146911621094,90056364
2023-12-06,36.5,37.959999084472656,36.41999816894531,36.5,34.21522521972656,127874886
2023-12-07,36.36000061035156,36.47999954223633,34.68000030517578,35.880001068115234,33.634033203125,89041192
2023-12-08,35.959999084472656,36.060001373291016,34.619998931884766,34.959999084472656,32.77162170410156,76565251
2023-12-11,34.97999954223633,35.439998626708984,34.439998626708984,34.900001525878906,32.71537780761719,89978519
2023-12-12,34.900001525878906,37.58000183105469,34.70000076293945,37.2400016784668,34.908905029296875,170723368
2023-12-13,37.119998931884766,38.599998474121094,36.70000076293945,36.779998779296875,34.47769546508789,161077643
2023-12-14,37.400001525878906,38.97999954223633,37.040000915527344,38.34000015258789,35.94004440307617,150445210
2023-12-15,38.380001068115234,39.939998626708984,38.2599983215332,39.099998474121094,36.652469635009766,111997233
2023-12-18,38.52000045776367,39.7400016784668,38.52000045776367,39.400001525878906,36.93369674682617,96768505
2023-12-19,39.380001068115234,39.5,37.900001525878906,38.880001068115234,36.44624328613281,99601214
2023-12-20,38.880001068115234,40.0,38.7599983215332,39.939998626708984,37.43989181518555,95516726
2023-12-21,39.939998626708984,40.720001220703125,39.02000045776367,39.099998474121094,36.652469635009766,129392092
2023-12-22,39.15999984741211,39.779998779296875,38.959999084472656,39.15999984741211,36.708717346191406,92069386
2023-12-25,39.02000045776367,39.02000045776367,37.08000183105469,38.040000915527344,35.65882873535156,51310128
2023-12-26,38.380001068115234,38.5,36.959999084472656,37.68000030517578,35.32136154174805,84349028
2023-12-27,37.599998474121094,37.68000030517578,35.81999969482422,35.880001068115234,33.634033203125,117038330
2023-12-28,36.0,36.5,35.97999954223633,36.040000915527344,33.784019470214844,84474308
2023-12-29,36.08000183105469,36.86000061035156,36.060001373291016,36.52000045776367,34.233970642089844,86945109
2024-01-02,36.900001525878906,37.279998779296875,36.220001220703125,36.540000915527344,34.25271987915039,79522318
2024-01-03,36.540000915527344,36.7599983215332,35.2599983215332,35.34000015258789,33.12783432006836,72162968
2024-01-04,35.400001525878906,36.47999954223633,34.86000061035156,36.29999923706055,34.027740478515625,81318741
2024-01-05,36.380001068115234,36.880001068115234,35.86000061035156,36.779998779296875,34.47769546508789,71031470
2024-01-08,37.400001525878906,40.439998626708984,37.380001068115234,40.439998626708984,37.908592224121094,157542084
2024-01-09,40.68000030517578,41.81999969482422,39.41999816894531,39.84000015258789,37.34614944458008,154543709
2024-01-10,39.84000015258789,41.0,39.63999938964844,40.7400016784668,38.189815521240234,106339128
2024-01-11,40.97999954223633,41.560001373291016,40.52000045776367,41.119998931884766,38.54602813720703,140335176
2024-01-12,40.7400016784668,44.2599983215332,40.15999984741211,43.2599983215332,40.552066802978516,224445913
2024-01-15,43.18000030517578,43.5,42.560001373291016,43.18000030517578,40.47707748413086,131860495
2024-01-16,43.18000030517578,43.599998474121094,41.31999969482422,41.79999923706055,39.1834602355957,96953620
2024-01-17,41.7400016784668,42.279998779296875,41.619998931884766,42.0,39.370941162109375,79328967
2024-01-18,43.0,43.29999923706055,41.02000045776367,41.02000045776367,38.45228576660156,86320667
2024-01-19,41.220001220703125,41.439998626708984,40.2599983215332,40.91999816894531,38.358543395996094,90860380
2024-01-22,40.560001373291016,40.599998474121094,39.779998779296875,40.060001373291016,37.5523796081543,82754095
2024-01-23,40.560001373291016,40.84000015258789,37.79999923706055,38.15999984741211,35.77131271362305,134993560
2024-01-24,38.400001525878906,40.880001068115234,38.02000045776367,40.400001525878906,37.871097564697266,126878011
2024-01-25,40.619998931884766,41.400001525878906,39.79999923706055,40.34000015258789,37.81485366821289,112890666
2024-01-26,40.439998626708984,40.7400016784668,39.91999816894531,40.31999969482422,37.796104431152344,95380217
2024-01-29,40.439998626708984,40.540000915527344,39.47999954223633,39.65999984741211,37.17741775512695,70494073
2024-01-30,39.86000061035156,40.18000030517578,39.5,39.65999984741211,37.17741775512695,77863803
2024-01-31,39.7400016784668,40.18000030517578,39.2599983215332,39.540000915527344,37.0649299621582,85127823
2024-02-01,39.65999984741211,40.619998931884766,39.619998931884766,40.08000183105469,37.571128845214844,98906685
2024-02-02,40.02000045776367,40.47999954223633,39.040000915527344,39.2599983215332,36.80245590209961,115940161
2024-02-05,40.02000045776367,40.47999954223633,39.720001220703125,40.220001220703125,37.70236587524414,106046445
2024-02-06,40.41999816894531,41.119998931884766,40.15999984741211,41.040000915527344,38.47103500366211,108159145
2024-02-07,41.20000076293945,41.619998931884766,40.31999969482422,40.439998626708984,37.908592224121094,79274041
2024-02-08,40.5,40.86000061035156,40.29999923706055,40.380001068115234,37.85234832763672,50325890
2024-02-09,40.459999084472656,40.70000076293945,39.81999969482422,40.2599983215332,37.7398567199707,75056048
2024-02-12,40.900001525878906,41.20000076293945,40.34000015258789,41.15999984741211,38.58352279663086,89795098
2024-02-13,41.459999084472656,41.900001525878906,40.5,40.52000045776367,37.983585357666016,116086386
2024-02-14,40.599998474121094,41.08000183105469,40.0,41.0,38.433536529541016,73043847
2024-02-15,41.20000076293945,42.560001373291016,40.959999084472656,41.86000061035156,39.239707946777344,92683548
2024-02-16,42.02000045776367,42.119998931884766,41.34000015258789,41.47999954223633,38.88349151611328,67801461
2024-02-19,41.7599983215332,43.36000061035156,41.41999816894531,41.540000915527344,38.939735412597656,125687225
2024-02-20,41.7599983215332,43.58000183105469,41.720001220703125,43.099998474121094,40.40208435058594,134595715
2024-02-21,43.220001220703125,44.5,42.880001068115234,43.5,40.77704620361328,125634447
2024-02-22,43.79999923706055,44.36000061035156,41.81999969482422,42.34000015258789,39.689659118652344,134406613
2024-02-23,42.34000015258789,43.08000183105469,41.900001525878906,42.900001525878906,40.21460723876953,89110168
2024-02-26,42.939998626708984,43.02000045776367,41.52000045776367,41.65999984741211,39.05222702026367,75850862
2024-02-27,41.84000015258789,42.400001525878906,41.400001525878906,41.599998474121094,38.99597930908203,94955982
2024-02-28,41.599998474121094,41.65999984741211,40.29999923706055,40.459999084472656,37.927337646484375,65362068
2024-02-29,40.599998474121094,41.7400016784668,40.52000045776367,41.58000183105469,38.97723388671875,84001060
2024-03-01,41.58000183105469,41.68000030517578,40.13999938964844,40.29999923706055,37.77735900878906,56995283
2024-03-04,40.41999816894531,40.7599983215332,39.02000045776367,39.02000045776367,36.57748031616211,54636962
2024-03-05,39.119998931884766,40.119998931884766,38.7599983215332,39.380001068115234,36.91494369506836,62977964
2024-03-06,39.2599983215332,39.58000183105469,38.0,38.70000076293945,36.27751159667969,68429866
2024-03-07,38.91999816894531,41.040000915527344,38.900001525878906,40.959999084472656,38.39604187011719,68053257
2024-03-08,41.040000915527344,42.13999938964844,40.65999984741211,41.84000015258789,39.2209587097168,91797736
2024-03-11,44.400001525878906,44.400001525878906,42.68000030517578,42.79999923706055,40.12086486816406,111987258
2024-03-12,42.779998779296875,44.58000183105469,42.63999938964844,43.779998779296875,41.039520263671875,80572409
2024-03-13,43.91999816894531,43.939998626708984,41.31999969482422,41.79999923706055,39.1834602355957,90998988
2024-03-14,41.91999816894531,42.13999938964844,40.34000015258789,40.560001373291016,38.021080017089844,60599320
2024-03-15,40.599998474121094,40.84000015258789,39.720001220703125,39.720001220703125,37.23366165161133,48651930
2024-03-18,39.86000061035156,40.68000030517578,39.779998779296875,40.13999938964844,37.62737274169922,50299825
2024-03-19,40.13999938964844,42.540000915527344,40.099998474121094,42.31999969482422,39.6709098815918,68129871
2024-03-20,42.20000076293945,43.439998626708984,41.880001068115234,42.63999938964844,39.97087860107422,83857926
2024-03-21,43.02000045776367,46.099998474121094,42.7400016784668,45.040000915527344,42.22064971923828,197399494
2024-03-22,45.220001220703125,46.380001068115234,45.02000045776367,45.81999969482422,42.951820373535156,88011898
2024-03-25,45.81999969482422,48.58000183105469,45.119998931884766,46.0,43.12055206298828,131880682
2024-03-26,44.29999923706055,45.279998779296875,43.70000076293945,44.279998779296875,43.313743591308594,113101313
2024-03-27,44.5,45.15999984741211,43.84000015258789,44.400001525878906,43.431129455566406,68362428
2024-03-28,44.68000030517578,47.36000061035156,44.619998931884766,46.779998779296875,45.759193420410156,82871023
2024-03-29,47.0,47.70000076293945,46.220001220703125,46.779998779296875,45.759193420410156,64583949
2024-04-01,47.220001220703125,48.7599983215332,45.79999923706055,47.79999923706055,46.756935119628906,82619229
2024-04-02,47.97999954223633,49.81999969482422,47.540000915527344,49.29999923706055,48.22420120239258,116052968
2024-04-03,49.29999923706055,49.81999969482422,48.2400016784668,49.2400016784668,48.16551208496094,65659675
2024-04-04,49.29999923706055,52.54999923706055,48.86000061035156,52.400001525878906,51.25655746459961,95493303
2024-04-05,54.0,55.75,52.150001525878906,55.650001525878906,54.435638427734375,83579094
2024-04-08,55.79999923706055,56.54999923706055,55.0,55.5,54.288909912109375,57245712
2024-04-15,56.650001525878906,59.29999923706055,56.54999923706055,58.400001525878906,57.12562942504883,76419250
2024-04-16,58.400001525878906,58.849998474121094,55.5,55.849998474121094,54.63127136230469,71099679
2024-04-17,56.5,58.650001525878906,56.04999923706055,56.04999923706055,54.826908111572266,83747735
2024-04-18,56.54999923706055,58.900001525878906,56.45000076293945,58.54999923706055,57.27235412597656,68368051
2024-04-19,58.20000076293945,62.54999923706055,57.0,62.5,61.13616180419922,75560278
2024-04-22,62.95000076293945,63.29999923706055,59.79999923706055,59.849998474121094,58.54398727416992,76153685
2024-04-24,60.25,61.150001525878906,60.04999923706055,60.29999923706055,58.98416519165039,81096038
2024-04-25,60.45000076293945,60.849998474121094,57.45000076293945,57.45000076293945,56.19635772705078,81800041
2024-04-26,57.79999923706055,59.95000076293945,57.70000076293945,59.04999923706055,57.761444091796875,82044128
2024-04-29,59.54999923706055,60.400001525878906,59.099998474121094,60.349998474121094,59.03307342529297,62512628
2024-04-30,60.29999923706055,61.349998474121094,59.45000076293945,59.45000076293945,58.15271759033203,73215496
2024-05-02,60.0,60.400001525878906,58.04999923706055,58.150001525878906,56.88108444213867,72988852
2024-05-03,58.54999923706055,60.099998474121094,57.849998474121094,60.04999923706055,58.739620208740234,79154559
2024-05-06,60.0,60.650001525878906,59.20000076293945,60.25,58.93525695800781,42522188
2024-05-07,60.25,62.45000076293945,59.79999923706055,61.599998474121094,60.25579833984375,90335355
2024-05-08,61.599998474121094,62.29999923706055,59.0,60.0,58.690711975097656,93629377
2024-05-09,60.5,60.75,59.400001525878906,59.400001525878906,58.10380935668945,73846599
2024-05-10,59.75,59.900001525878906,57.79999923706055,57.79999923706055,56.538719177246094,82417543
2024-05-13,58.150001525878906,58.25,55.849998474121094,56.0,54.77799987792969,97974456
2024-05-14,57.54999923706055,57.95000076293945,56.349998474121094,57.5,56.24526596069336,109276197
2024-05-15,57.29999923706055,58.70000076293945,56.0,57.20000076293945,55.951812744140625,84317874
2024-05-16,57.29999923706055,59.150001525878906,56.79999923706055,59.150001525878906,57.8592643737793,90178002
2024-05-17,59.349998474121094,63.04999923706055,59.0,62.900001525878906,61.52743148803711,109988406
2024-05-20,62.900001525878906,65.25,62.400001525878906,64.5,63.0925178527832,78966570
2024-05-21,64.5999984741211,70.75,64.44999694824219,67.3499984741211,65.88032531738281,237249387
2024-05-22,67.19999694824219,68.5,64.1500015258789,66.25,64.80432891845703,128164280
2024-05-23,66.25,68.9000015258789,66.0999984741211,66.55000305175781,65.09778594970703,88163245
2024-05-24,66.55000305175781,67.80000305175781,65.80000305175781,66.5,65.04887390136719,57836631
2024-05-27,66.69999694824219,68.0,65.4000015258789,68.0,66.51614379882812,48715024
2024-05-28,68.0,69.9000015258789,67.3499984741211,69.80000305175781,68.27686309814453,60706165
2024-05-29,69.80000305175781,69.80000305175781,66.0,66.0,64.55978393554688,59905929
2024-05-30,66.4000015258789,67.3499984741211,64.80000305175781,65.69999694824219,64.26632690429688,72102523
2024-05-31,65.80000305175781,68.80000305175781,63.79999923706055,66.4000015258789,64.95105743408203,125307179
2024-06-03,66.44999694824219,67.4000015258789,64.5999984741211,66.80000305175781,65.34233093261719,64050347
2024-06-04,66.80000305175781,67.4000015258789,63.5,63.5,62.11433792114258,57120992
2024-06-05,64.05000305175781,65.05000305175781,62.099998474121094,62.349998474121094,60.98943328857422,79136641
2024-06-06,62.650001525878906,62.95000076293945,60.79999923706055,61.150001525878906,59.81562042236328,58237476
2024-06-07,61.349998474121094,61.45000076293945,59.150001525878906,59.29999923706055,58.00598907470703,56386822
2024-06-10,59.0,60.349998474121094,58.20000076293945,59.45000076293945,58.15271759033203,61061868
2024-06-11,59.400001525878906,61.599998474121094,59.20000076293945,60.599998474121094,59.277618408203125,83153037
2024-06-12,60.650001525878906,62.900001525878906,60.20000076293945,62.20000076293945,60.842708587646484,56287276
2024-06-13,63.04999923706055,64.0,61.5,61.5,60.157981872558594,73408060
2024-06-14,62.70000076293945,63.099998474121094,60.70000076293945,61.099998474121094,59.76670837402344,77088933
2024-06-20,61.95000076293945,63.79999923706055,61.54999923706055,63.79999923706055,62.40779113769531,73779357
2024-06-21,63.75,66.5999984741211,63.349998474121094,66.0,64.55978393554688,78091355
2024-06-24,65.9000015258789,67.1500015258789,65.19999694824219,67.1500015258789,65.6846923828125,48584363
2024-06-25,67.30000305175781,68.05000305175781,65.19999694824219,65.19999694824219,63.77724075317383,72232460
2024-06-26,65.1500015258789,65.5,64.30000305175781,64.80000305175781,63.3859748840332,44844351
2024-06-27,65.1500015258789,67.3499984741211,65.1500015258789,66.8499984741211,65.3912353515625,67130054
2024-06-28,67.30000305175781,68.1500015258789,63.95000076293945,64.05000305175781,62.652339935302734,93609366
2024-07-01,64.69999694824219,64.80000305175781,60.849998474121094,61.95000076293945,60.59816360473633,60193096
2024-07-02,62.25,62.70000076293945,61.20000076293945,62.70000076293945,61.33179473876953,53669684
2024-07-03,63.04999923706055,66.30000305175781,62.70000076293945,66.25,64.80432891845703,83985701
2024-07-04,66.19999694824219,68.30000305175781,65.5999984741211,67.25,65.78250885009766,63807973
2024-07-05,67.44999694824219,68.0999984741211,65.94999694824219,66.75,65.29341888427734,40181508
2024-07-08,67.05000305175781,68.5,66.5999984741211,67.69999694824219,66.22268676757812,48655310
2024-07-09,67.8499984741211,67.9000015258789,64.5,64.5999984741211,63.19033432006836,52290314
2024-07-10,64.69999694824219,64.9000015258789,62.54999923706055,64.0,62.60342788696289,68851483
2024-07-11,65.0,67.3499984741211,64.5999984741211,66.69999694824219,65.2445068359375,72253346
2024-07-12,66.69999694824219,67.9000015258789,66.0999984741211,66.69999694824219,65.2445068359375,61965944
2024-07-16,67.1500015258789,69.19999694824219,66.75,68.30000305175781,66.80960083007812,68267334
2024-07-17,68.4000015258789,68.5,66.30000305175781,67.8499984741211,66.36941528320312,71919040
2024-07-18,68.30000305175781,69.1500015258789,67.30000305175781,68.19999694824219,66.71177673339844,68522741
2024-07-19,68.0,69.6500015258789,67.55000305175781,68.75,67.2497787475586,64526495
2024-07-22,68.9000015258789,70.55000305175781,67.75,69.30000305175781,67.78778076171875,60858236
2024-07-23,69.30000305175781,70.5999984741211,66.69999694824219,69.30000305175781,67.78778076171875,79986526
2024-07-24,69.19999694824219,69.30000305175781,67.5,67.5,66.02705383300781,46627121
2024-07-25,67.44999694824219,68.1500015258789,65.05000305175781,65.55000305175781,64.1196060180664,57750429
2024-07-26,65.75,66.5,64.94999694824219,65.6500015258789,64.21742248535156,50467104
2024-07-29,64.69999694824219,66.69999694824219,64.5,64.6500015258789,63.2392463684082,48235005
2024-07-30,64.5,65.0,62.5,62.75,61.38070297241211,58543749
2024-07-31,62.70000076293945,63.54999923706055,61.45000076293945,61.900001525878906,60.54925537109375,66376579
2024-08-01,62.900001525878906,64.8499984741211,62.849998474121094,63.20000076293945,61.820884704589844,60901951
2024-08-02,62.0,62.349998474121094,59.70000076293945,60.20000076293945,58.886348724365234,51224390
2024-08-05,56.0,58.45000076293945,54.650001525878906,56.900001525878906,55.658363342285156,78640333
2024-08-06,58.599998474121094,58.95000076293945,55.650001525878906,55.650001525878906,54.435638427734375,66017767
2024-08-07,56.29999923706055,57.0,54.95000076293945,55.70000076293945,54.48454666137695,53241220
2024-08-08,55.599998474121094,56.650001525878906,55.29999923706055,55.849998474121094,54.63127136230469,54436167
2024-08-09,56.400001525878906,57.0,52.849998474121094,52.95000076293945,51.7945556640625,69362597
2024-08-12,53.400001525878906,54.900001525878906,53.04999923706055,54.20000076293945,53.01728057861328,53996642
2024-08-13,54.25,55.75,53.5,55.75,54.53345489501953,42431039
2024-08-14,56.0,56.900001525878906,55.45000076293945,56.20000076293945,54.973636627197266,43279756
2024-08-15,57.0,58.599998474121094,56.25,58.349998474121094,57.076717376708984,59873682
2024-08-16,58.54999923706055,58.95000076293945,56.79999923706055,56.849998474121094,55.60945129394531,38230994
2024-08-19,57.099998474121094,60.400001525878906,56.5,60.25,58.93525695800781,62201951
2024-08-20,59.95000076293945,60.849998474121094,59.150001525878906,59.900001525878906,58.5928955078125,53769284
2024-08-21,59.79999923706055,60.650001525878906,59.099998474121094,59.150001525878906,57.8592643737793,44932974
2024-08-22,59.54999923706055,61.29999923706055,58.599998474121094,59.54999923706055,58.25053405761719,77072601
2024-08-23,59.5,59.900001525878906,57.349998474121094,58.099998474121094,56.83217239379883,45431014
2024-08-26,58.650001525878906,59.650001525878906,57.849998474121094,58.5,57.223445892333984,52432516
2024-08-27,58.54999923706055,59.400001525878906,57.70000076293945,59.099998474121094,57.81035232543945,50349618
2024-08-28,59.150001525878906,59.349998474121094,58.099998474121094,58.70000076293945,57.41908264160156,44035968
2024-08-29,58.54999923706055,59.400001525878906,57.54999923706055,58.29999923706055,57.027809143066406,59991782
2024-09-02,58.70000076293945,61.45000076293945,58.650001525878906,61.45000076293945,60.109073638916016,65892355
2024-09-03,61.45000076293945,62.0,60.25,60.95000076293945,59.6199836730957,39817678
2024-09-04,60.099998474121094,61.29999923706055,60.0,61.099998474121094,59.76670837402344,52460289
2024-09-05,61.650001525878906,61.900001525878906,59.75,60.599998474121094,59.277618408203125,73000159
2024-09-06,60.650001525878906,61.150001525878906,59.599998474121094,59.650001525878906,58.34835433959961,47969697
2024-09-09,59.20000076293945,59.54999923706055,57.849998474121094,58.04999923706055,56.78326416015625,41425629
2024-09-10,58.349998474121094,58.5,55.70000076293945,56.45000076293945,55.21818161010742,83896955
2024-09-11,56.150001525878906,57.400001525878906,55.29999923706055,55.29999923706055,54.0932731628418,75066706
2024-09-12,56.04999923706055,56.95000076293945,54.5,56.79999923706055,55.560543060302734,65586230
2024-09-13,56.70000076293945,57.150001525878906,55.5,56.599998474121094,55.364906311035156,60916326
2024-09-16,56.599998474121094,56.900001525878906,55.25,56.20000076293945,54.973636627197266,56443913
2024-09-17,56.45000076293945,58.349998474121094,56.25,57.849998474121094,56.58762741088867,63758565
2024-09-18,57.79999923706055,59.400001525878906,57.650001525878906,58.54999923706055,57.27235412597656,50251166
2024-09-19,59.400001525878906,61.849998474121094,59.29999923706055,61.349998474121094,60.011253356933594,69509928
2024-09-20,61.400001525878906,61.5,60.099998474121094,60.150001525878906,58.837440490722656,46349837
2024-09-23,60.70000076293945,61.70000076293945,60.70000076293945,61.25,59.91343688964844,51143695
2024-09-24,61.349998474121094,64.8499984741211,61.04999923706055,63.849998474121094,62.45669937133789,80820830
2024-09-25,63.75,64.69999694824219,63.099998474121094,63.900001525878906,62.505611419677734,67382533
2024-09-26,64.5,65.0999984741211,62.79999923706055,63.099998474121094,61.72306442260742,74452040
2024-09-27,63.349998474121094,63.849998474121094,62.099998474121094,63.54999923706055,62.163246154785156,50044983
2024-09-30,63.349998474121094,63.54999923706055,61.20000076293945,61.599998474121094,60.25579833984375,51038604
2024-10-01,61.650001525878906,62.0,57.650001525878906,57.650001525878906,56.39199447631836,77832577
2024-10-02,57.5,57.75,52.849998474121094,52.849998474121094,51.69673538208008,88773741
2024-10-03,53.0,53.70000076293945,50.599998474121094,51.54999923706055,50.42510223388672,90545860
2024-10-04,52.150001525878906,54.599998474121094,51.349998474121094,54.349998474121094,53.16400146484375,78835934
2024-10-07,54.54999923706055,56.0,54.150001525878906,55.650001525878906,54.435638427734375,71560335
2024-10-08,55.599998474121094,57.29999923706055,54.900001525878906,56.04999923706055,54.826908111572266,72150471
2024-10-09,56.04999923706055,57.20000076293945,54.04999923706055,57.20000076293945,55.951812744140625,70533210
2024-10-10,57.099998474121094,57.54999923706055,55.400001525878906,55.75,54.53345489501953,53590589
2024-10-11,55.849998474121094,57.29999923706055,55.04999923706055,55.54999923706055,54.33781814575195,64292186
2024-10-14,55.70000076293945,56.650001525878906,53.54999923706055,53.900001525878906,52.72382736206055,62964899
2024-10-15,53.95000076293945,54.75,52.79999923706055,54.349998474121094,53.16400146484375,88715885
2024-10-16,54.20000076293945,54.75,53.04999923706055,54.5,53.31072998046875,73785505
2024-10-17,54.400001525878906,54.900001525878906,53.099998474121094,53.25,52.088008880615234,85709089
2024-10-18,53.349998474121094,53.54999923706055,49.91999816894531,50.150001525878906,49.05565643310547,84785647
2024-10-21,50.29999923706055,50.54999923706055,48.34000015258789,48.459999084472656,47.402530670166016,75933397
2024-10-22,48.540000915527344,50.599998474121094,48.220001220703125,49.900001525878906,48.81111145019531,99981947
2024-10-23,49.939998626708984,50.04999923706055,48.65999984741211,49.119998931884766,48.04813003540039,89298906
2024-10-24,49.380001068115234,50.5,49.31999969482422,49.68000030517578,48.59591293334961,52616959
2024-10-25,49.119998931884766,50.5,48.900001525878906,49.97999954223633,48.88936233520508,76473609
2024-10-28,50.04999923706055,50.349998474121094,49.81999969482422,49.959999084472656,48.86980056762695,16412608
2024-10-30,50.04999923706055,51.29999923706055,49.720001220703125,51.0,49.887107849121094,65076142
2024-10-31,51.04999923706055,51.5,50.29999923706055,50.599998474121094,49.49583435058594,71978732
2024-11-01,50.849998474121094,51.95000076293945,49.400001525878906,49.91999816894531,48.83067321777344,88745294
2024-11-04,49.70000076293945,49.779998779296875,46.68000030517578,46.959999084472656,45.935264587402344,105181392
2024-11-05,47.29999923706055,47.459999084472656,46.119998931884766,46.400001525878906,45.38748550415039,70344070
2024-11-06,46.540000915527344,47.97999954223633,46.2400016784668,47.459999084472656,46.424354553222656,100567230
2024-11-07,47.540000915527344,48.5,47.439998626708984,48.400001525878906,47.34384536743164,80452926
2024-11-08,48.400001525878906,52.04999923706055,48.040000915527344,51.20000076293945,50.08274459838867,137637546
2024-11-11,51.400001525878906,53.29999923706055,51.099998474121094,52.54999923706055,51.403282165527344,110744989
2024-11-12,52.400001525878906,53.400001525878906,52.25,53.0,51.84346389770508,71434916
2024-11-13,52.54999923706055,55.400001525878906,51.79999923706055,53.900001525878906,52.72382736206055,108010778
2024-11-14,54.25,55.70000076293945,53.849998474121094,55.400001525878906,54.19109344482422,88119040
2024-11-15,55.45000076293945,56.29999923706055,54.70000076293945,54.849998474121094,53.65309143066406,69735464
2024-11-18,55.04999923706055,55.650001525878906,54.349998474121094,55.04999923706055,53.84872817993164,64130862
2024-11-19,55.25,55.349998474121094,53.25,53.54999923706055,52.38146209716797,81005803
2024-11-20,53.79999923706055,54.25,52.0,52.20000076293945,51.06092071533203,82952575
2024-11-21,52.599998474121094,57.150001525878906,52.5,56.900001525878906,55.658363342285156,140474464
2024-11-22,56.900001525878906,60.79999923706055,56.70000076293945,60.599998474121094,59.277618408203125,138626137
2024-11-25,61.25,62.349998474121094,59.349998474121094,59.599998474121094,58.299442291259766,94300103
2024-11-26,59.650001525878906,60.29999923706055,58.75,59.20000076293945,57.908172607421875,82554580
2024-11-27,60.150001525878906,60.5,58.70000076293945,59.45000076293945,58.15271759033203,87604097
2024-11-28,59.5,60.45000076293945,59.25,59.70000076293945,58.39726257324219,64810548
2024-11-29,59.79999923706055,61.599998474121094,59.400001525878906,60.849998474121094,59.52216339111328,94895196
2024-12-02,60.54999923706055,61.25,59.650001525878906,61.0,59.66889190673828,61113513
2024-12-03,61.5,64.44999694824219,60.20000076293945,63.400001525878906,62.01652145385742,98242262
2024-12-04,63.599998474121094,63.900001525878906,62.150001525878906,62.75,61.38070297241211,65767237
2024-12-05,62.900001525878906,63.79999923706055,62.54999923706055,63.45000076293945,62.0654296875,65084604
2024-12-06,65.69999694824219,66.05000305175781,64.69999694824219,65.30000305175781,63.875064849853516,124670921
2024-12-09,65.5,66.5,64.5,66.3499984741211,64.90214538574219,80969112
2024-12-10,66.3499984741211,66.69999694824219,64.94999694824219,65.1500015258789,63.728336334228516,51082303
2024-12-11,65.25,65.5999984741211,62.20000076293945,63.900001525878906,62.505611419677734,151479905
2024-12-12,63.849998474121094,64.6500015258789,63.25,63.650001525878906,62.26106643676758,86612458
2024-12-13,63.349998474121094,63.900001525878906,62.79999923706055,63.54999923706055,62.163246154785156,60368464
2024-12-16,63.75,64.1500015258789,62.70000076293945,62.70000076293945,61.33179473876953,47291787
2024-12-17,62.79999923706055,63.400001525878906,61.599998474121094,62.70000076293945,61.33179473876953,71159634
2024-12-18,62.650001525878906,64.30000305175781,62.54999923706055,62.900001525878906,61.52743148803711,62942592
2024-12-19,62.349998474121094,62.54999923706055,60.849998474121094,61.150001525878906,59.81562042236328,48926859
2024-12-20,61.75,61.75,60.29999923706055,60.70000076293945,59.37543869018555,50837700
2024-12-23,61.04999923706055,61.599998474121094,58.849998474121094,59.29999923706055,58.00598907470703,55068189
2024-12-24,59.20000076293945,60.45000076293945,58.95000076293945,60.25,58.93525695800781,41096970
2024-12-25,62.79999923706055,65.0999984741211,62.400001525878906,65.05000305175781,63.63051986694336,71638781
2024-12-26,65.5999984741211,67.6500015258789,65.0,65.6500015258789,64.21742248535156,149601641
2024-12-27,65.6500015258789,66.30000305175781,64.9000015258789,66.25,64.80432891845703,61695043
2024-12-30,66.25,66.8499984741211,65.6500015258789,65.6500015258789,64.21742248535156,34533981
2024-12-31,65.69999694824219,66.94999694824219,64.8499984741211,64.8499984741211,63.434879302978516,59635167
2025-01-02,65.44999694824219,67.0999984741211,64.55000305175781,66.19999694824219,64.75541687011719,117926984
2025-01-03,66.3499984741211,67.1500015258789,65.44999694824219,66.19999694824219,64.75541687011719,95587993
2025-01-06,66.3499984741211,67.25,66.0999984741211,66.80000305175781,65.34233093261719,76614473
2025-01-07,66.75,67.05000305175781,64.75,64.75,63.33706283569336,84326346
2025-01-08,64.80000305175781,65.05000305175781,63.20000076293945,63.599998474121094,62.212154388427734,103420103
2025-01-09,64.05000305175781,66.0,63.349998474121094,65.9000015258789,64.46196746826172,92848476
2025-01-10,65.94999694824219,66.1500015258789,63.75,64.4000015258789,62.99470138549805,64530319
2025-01-13,64.3499984741211,65.80000305175781,62.25,62.79999923706055,61.42961120605469,139456381
2025-01-14,63.29999923706055,64.80000305175781,62.45000076293945,63.0,61.625247955322266,131704649
2025-01-15,63.099998474121094,64.30000305175781,62.599998474121094,63.20000076293945,61.820884704589844,82878907
2025-01-16,64.4000015258789,64.5999984741211,62.54999923706055,64.1500015258789,62.75015640258789,107524559
2025-01-17,64.30000305175781,66.3499984741211,64.05000305175781,66.0,64.55978393554688,89903240
2025-01-20,66.8499984741211,67.1500015258789,65.25,67.1500015258789,65.6846923828125,77100736
2025-01-21,67.0,68.94999694824219,66.9000015258789,68.55000305175781,67.05414581298828,120771667
2025-01-22,68.5999984741211,69.69999694824219,68.3499984741211,69.5999984741211,68.08122253417969,106457903
2025-01-23,69.8499984741211,69.9000015258789,67.5999984741211,68.1500015258789,66.66287231445312,102087833
2025-01-24,68.19999694824219,68.30000305175781,66.19999694824219,66.44999694824219,64.99996185302734,75476621
2025-01-27,65.4000015258789,66.6500015258789,64.94999694824219,66.0,64.55978393554688,77948259
2025-01-28,66.69999694824219,67.19999694824219,66.25,67.0999984741211,65.63578033447266,94405944
2025-01-29,67.4000015258789,67.5999984741211,65.9000015258789,66.0,64.55978393554688,76913164
2025-01-30,66.19999694824219,66.55000305175781,65.4000015258789,65.5,64.07069396972656,61541114
2025-01-31,65.94999694824219,66.9000015258789,64.8499984741211,64.8499984741211,63.434879302978516,109025124
2025-02-03,64.05000305175781,64.6500015258789,61.599998474121094,63.79999923706055,62.40779113769531,126671721
2025-02-04,64.25,66.75,63.599998474121094,65.69999694824219,64.26632690429688,106971884
2025-02-05,65.80000305175781,66.19999694824219,63.849998474121094,64.9000015258789,63.48379135131836,85561138
2025-02-06,65.5999984741211,65.80000305175781,63.45000076293945,64.44999694824219,63.04360580444336,125920258
2025-02-07,64.30000305175781,64.4000015258789,62.20000076293945,63.5,62.11433792114258,167653441
2025-02-10,63.54999923706055,63.79999923706055,62.70000076293945,62.70000076293945,61.33179473876953,91025885
2025-02-11,62.75,63.650001525878906,62.599998474121094,63.20000076293945,61.820884704589844,89657621
2025-02-12,63.29999923706055,63.75,62.5,62.849998474121094,61.478519439697266,110641971
2025-02-13,63.45000076293945,64.5,62.79999923706055,64.05000305175781,62.652339935302734,113560016
2025-02-14,64.3499984741211,65.3499984741211,63.70000076293945,64.8499984741211,63.434879302978516,104854218
2025-02-17,64.9000015258789,65.0999984741211,63.95000076293945,64.5,63.0925178527832,72150044
2025-02-18,64.55000305175781,65.6500015258789,64.0,65.0999984741211,63.67942428588867,76126788
2025-02-19,65.1500015258789,65.8499984741211,64.0999984741211,64.30000305175781,62.89688491821289,87123352
2025-02-20,64.5999984741211,66.1500015258789,64.5,65.5999984741211,64.16851043701172,87059681
2025-02-21,65.6500015258789,66.4000015258789,63.849998474121094,64.80000305175781,63.3859748840332,95491578
2025-02-24,65.6500015258789,65.94999694824219,64.30000305175781,64.80000305175781,63.3859748840332,62767270
2025-02-25,64.9000015258789,66.3499984741211,64.44999694824219,66.1500015258789,64.70651245117188,96236948
2025-02-26,66.19999694824219,67.69999694824219,65.4000015258789,67.5,66.02705383300781,73360666
2025-02-27,67.19999694824219,68.69999694824219,67.05000305175781,67.80000305175781,66.32051086425781,64519911
2025-02-28,67.55000305175781,68.69999694824219,66.94999694824219,67.30000305175781,65.8314208984375,76126762
2025-03-03,68.25,74.0,68.19999694824219,73.0,71.40703582763672,189115602
2025-03-04,73.0,74.5,71.69999694824219,72.1500015258789,70.5755844116211,89272803
2025-03-05,73.19999694824219,74.5,71.1500015258789,73.0999984741211,71.50485229492188,152425896
2025-03-06,73.5999984741211,73.80000305175781,71.75,73.44999694824219,71.84721374511719,88047637
2025-03-07,73.3499984741211,74.5999984741211,72.8499984741211,73.75,72.14067077636719,81465821
2025-03-10,73.69999694824219,75.05000305175781,73.25,73.9000015258789,72.28739929199219,65581069
2025-03-11,74.05000305175781,74.0999984741211,71.4000015258789,71.9000015258789,70.33103942871094,73305987
2025-03-12,72.19999694824219,74.5,72.19999694824219,73.55000305175781,71.94503784179688,110555600
2025-03-13,73.80000305175781,75.44999694824219,73.5,74.80000305175781,73.16776275634766,65910258
2025-03-14,74.8499984741211,75.5999984741211,74.4000015258789,74.9000015258789,73.26557922363281,71228697
2025-03-17,75.0999984741211,76.19999694824219,73.94999694824219,75.0999984741211,73.46121215820312,68606367
2025-03-18,74.6500015258789,75.05000305175781,72.9000015258789,73.25,71.65158081054688,56440539
2025-03-19,68.0,68.94999694824219,65.94999694824219,65.94999694824219,64.51087188720703,108314114
2025-03-20,64.3499984741211,65.80000305175781,59.400001525878906,59.70000076293945,58.39726257324219,368315029
2025-03-21,59.04999923706055,59.349998474121094,53.75,53.75,52.57709884643555,216452516
2025-03-24,55.099998474121094,56.29999923706055,50.599998474121094,53.95000076293945,52.772735595703125,320436194
2025-03-25,56.0,57.650001525878906,53.95000076293945,56.0,54.77799987792969,327099500
2025-03-26,54.5,55.45000076293945,52.650001525878906,53.95000076293945,53.95000076293945,174001338
2025-03-27,54.599998474121094,54.900001525878906,52.29999923706055,52.79999923706055,52.79999923706055,137011552
2025-03-28,52.75,53.099998474121094,51.099998474121094,52.25,52.25,128162225
2025-04-02,52.0,53.45000076293945,51.400001525878906,52.849998474121094,52.849998474121094,119712929
2025-04-03,53.25,54.099998474121094,52.349998474121094,52.54999923706055,52.54999923706055,83226815
2025-04-04,52.54999923706055,52.849998474121094,51.400001525878906,52.25,52.25,109948487
2025-04-07,50.5,52.75,49.7400016784668,52.099998474121094,52.099998474121094,158254026
2025-04-08,53.20000076293945,53.20000076293945,51.599998474121094,51.95000076293945,51.95000076293945,105625239
2025-04-09,51.20000076293945,51.70000076293945,49.7400016784668,49.779998779296875,49.779998779296875,120588860
2025-04-10,52.0,52.25,49.400001525878906,49.400001525878906,49.400001525878906,119834868
2025-04-11,49.41999816894531,49.939998626708984,48.099998474121094,49.880001068115234,49.880001068115234,149545571
2025-04-14,50.400001525878906,51.099998474121094,50.0,50.099998474121094,50.099998474121094,85256100
2025-04-15,50.20000076293945,51.0,50.0,50.349998474121094,50.349998474121094,117217121
2025-04-16,50.29999923706055,51.150001525878906,49.720001220703125,50.54999923706055,50.54999923706055,130823493
2025-04-17,50.900001525878906,52.0,50.79999923706055,51.29999923706055,51.29999923706055,192376661
2025-04-18,51.45000076293945,51.54999923706055,49.47999954223633,49.540000915527344,49.540000915527344,101035688
2025-04-21,49.560001373291016,51.79999923706055,48.560001373291016,49.779998779296875,49.779998779296875,150006455
2025-04-22,50.099998474121094,50.650001525878906,49.86000061035156,50.400001525878906,50.400001525878906,94162055
2025-04-24,50.75,53.54999923706055,50.650001525878906,53.5,53.5,137574079
2025-04-25,53.599998474121094,53.70000076293945,51.5,51.5,51.5,105000684
2025-04-28,51.900001525878906,52.0,49.31999969482422,49.36000061035156,49.36000061035156,135445485
2025-04-29,49.380001068115234,49.7400016784668,48.7400016784668,48.939998626708984,48.939998626708984,90830204
2025-04-30,49.099998474121094,49.279998779296875,47.880001068115234,48.5,48.5,117050993
2025-05-02,48.81999969482422,49.7599983215332,48.63999938964844,49.5,49.5,76343374
2025-05-05,50.25,50.650001525878906,48.58000183105469,48.58000183105469,48.58000183105469,64057251
2025-05-06,48.58000183105469,50.099998474121094,48.58000183105469,49.2599983215332,49.2599983215332,109155346
2025-05-07,49.2599983215332,49.70000076293945,48.91999816894531,49.47999954223633,49.47999954223633,84243888
2025-05-08,49.939998626708984,50.400001525878906,49.459999084472656,49.900001525878906,49.900001525878906,45378543
2025-05-09,49.900001525878906,50.29999923706055,48.70000076293945,49.880001068115234,49.880001068115234,142020138
2025-05-12,51.349998474121094,52.349998474121094,50.849998474121094,51.900001525878906,51.900001525878906,117215443
2025-05-13,51.599998474121094,52.79999923706055,51.150001525878906,52.25,52.25,166915762
2025-05-14,52.0,52.79999923706055,51.650001525878906,51.79999923706055,51.79999923706055,180394564
2025-05-15,51.95000076293945,52.25,50.599998474121094,50.70000076293945,50.70000076293945,97368465
2025-05-16,50.79999923706055,52.150001525878906,50.29999923706055,51.95000076293945,51.95000076293945,162478877
2025-05-20,51.900001525878906,53.29999923706055,51.54999923706055,52.54999923706055,52.54999923706055,180165844
2025-05-21,52.45000076293945,53.25,52.04999923706055,52.5,52.5,102916902
2025-05-22,52.849998474121094,54.5,52.75,53.650001525878906,53.650001525878906,149130710
2025-05-23,53.54999923706055,54.20000076293945,51.54999923706055,51.900001525878906,51.900001525878906,150177253
2025-05-26,52.45000076293945,52.5,50.650001525878906,51.95000076293945,51.95000076293945,113854673
2025-05-27,51.95000076293945,52.400001525878906,50.79999923706055,50.95000076293945,50.95000076293945,84875574
2025-05-28,51.0,52.0,50.900001525878906,51.650001525878906,51.650001525878906,85748391
2025-05-29,52.150001525878906,53.25,52.0,52.79999923706055,52.79999923706055,86026847
2025-05-30,52.70000076293945,52.900001525878906,50.849998474121094,50.95000076293945,50.95000076293945,96666805
2025-06-02,51.04999923706055,52.70000076293945,50.900001525878906,52.04999923706055,52.04999923706055,89954105
2025-06-03,53.099998474121094,56.20000076293945,52.900001525878906,55.650001525878906,55.650001525878906,154539428
2025-06-04,55.54999923706055,56.349998474121094,55.29999923706055,56.20000076293945,56.20000076293945,77849769
2025-06-05,55.849998474121094,56.400001525878906,55.75,56.25,56.25,27098461
2025-06-10,57.04999923706055,60.25,56.75,59.849998474121094,59.849998474121094,131249675
2025-06-11,59.849998474121094,60.70000076293945,59.5,60.0,60.0,95399025
2025-06-12,59.0,60.25,58.95000076293945,59.20000076293945,59.20000076293945,86668958
2025-06-13,57.0,59.5,56.099998474121094,59.5,59.5,122185155
2025-06-16,59.95000076293945,60.5,59.099998474121094,59.900001525878906,59.900001525878906,82820940
2025-06-17,60.04999923706055,60.29999923706055,58.599998474121094,58.599998474121094,58.599998474121094,82694480
2025-06-18,58.400001525878906,59.400001525878906,57.20000076293945,58.349998474121094,58.349998474121094,75596185
2025-06-19,59.20000076293945,59.400001525878906,56.5,57.150001525878906,57.150001525878906,109589773
2025-06-20,57.95000076293945,58.599998474121094,57.099998474121094,57.20000076293945,57.20000076293945,61392803
2025-06-23,56.349998474121094,58.099998474121094,56.29999923706055,57.900001525878906,57.900001525878906,65149202
2025-06-24,61.0,61.45000076293945,59.150001525878906,61.04999923706055,61.04999923706055,121576604
2025-06-25,61.25,61.45000076293945,60.099998474121094,60.95000076293945,60.95000076293945,76102839
2025-06-26,60.650001525878906,61.70000076293945,60.5,60.79999923706055,60.79999923706055,67990726
2025-06-27,60.849998474121094,62.849998474121094,60.04999923706055,62.0,62.0,105749680
2025-06-30,62.900001525878906,68.19999694824219,62.650001525878906,68.19999694824219,68.19999694824219,181852024
2025-07-01,68.25,69.5999984741211,67.6500015258789,68.0999984741211,68.0999984741211,121101939
2025-07-02,68.30000305175781,70.05000305175781,68.05000305175781,69.1500015258789,69.1500015258789,108603506
2025-07-03,70.69999694824219,72.1500015258789,68.30000305175781,68.80000305175781,68.80000305175781,108444178
2025-07-04,68.80000305175781,69.69999694824219,67.9000015258789,69.69999694824219,69.69999694824219,75862399
2025-07-07,68.25,69.4000015258789,67.8499984741211,67.94999694824219,67.94999694824219,84094277
2025-07-08,68.5,68.80000305175781,66.3499984741211,67.69999694824219,67.69999694824219,119840078
2025-07-09,67.5999984741211,69.4000015258789,67.19999694824219,69.30000305175781,69.30000305175781,87400206
2025-07-10,70.44999694824219,71.0,69.94999694824219,70.3499984741211,70.3499984741211,76512950
2025-07-11,70.8499984741211,71.55000305175781,69.0,69.75,69.75,85433702
2025-07-14,69.5999984741211,69.69999694824219,66.8499984741211,66.9000015258789,66.9000015258789,89913681
2025-07-16,66.69999694824219,67.30000305175781,64.05000305175781,65.44999694824219,65.44999694824219,100313981
2025-07-17,66.1500015258789,68.05000305175781,65.8499984741211,67.8499984741211,67.8499984741211,94074629
2025-07-18,68.0,68.19999694824219,67.1500015258789,67.30000305175781,67.30000305175781,55596842
2025-07-21,67.5999984741211,69.1500015258789,67.55000305175781,68.5999984741211,68.5999984741211,81161207
2025-07-22,68.5999984741211,68.9000015258789,67.5999984741211,67.5999984741211,67.5999984741211,71079028
2025-07-23,67.80000305175781,68.05000305175781,66.80000305175781,67.55000305175781,67.55000305175781,65856876
2025-07-24,68.0,69.75,67.4000015258789,68.19999694824219,68.19999694824219,133795924
2025-07-25,68.1500015258789,68.3499984741211,67.5,68.0,68.0,47837585
2025-07-28,68.5,68.6500015258789,67.0,67.1500015258789,67.1500015258789,43729270
2025-07-29,67.1500015258789,68.0999984741211,67.0999984741211,67.1500015258789,67.1500015258789,42197495
2025-07-30,66.9000015258789,67.75,66.69999694824219,67.19999694824219,67.19999694824219,87762619
2025-07-31,67.5,68.19999694824219,67.19999694824219,67.5,67.5,65151987
2025-08-01,67.44999694824219,67.55000305175781,66.1500015258789,66.55000305175781,66.55000305175781,67032652
2025-08-04,67.05000305175781,69.05000305175781,66.8499984741211,66.8499984741211,66.8499984741211,119780173
2025-08-05,67.0999984741211,67.25,66.4000015258789,66.75,66.75,64184213
2025-08-06,66.80000305175781,67.30000305175781,66.05000305175781,66.69999694824219,66.69999694824219,62955664
2025-08-07,67.0,69.5,67.0,68.55000305175781,68.55000305175781,103053560
2025-08-08,68.55000305175781,68.9000015258789,67.6500015258789,67.9000015258789,67.9000015258789,44365359
2025-08-11,68.5,68.80000305175781,68.0,68.25,68.25,40565358
2025-08-12,68.25,68.6500015258789,68.05000305175781,68.25,68.25,47787595
2025-08-13,68.3499984741211,69.0,68.05000305175781,68.3499984741211,68.3499984741211,45283465
2025-08-14,68.25,68.6500015258789,66.69999694824219,66.75,66.75,51928070
2025-08-15,66.6500015258789,67.55000305175781,66.44999694824219,67.19999694824219,67.19999694824219,41335094
2025-08-18,67.30000305175781,67.55000305175781,66.0999984741211,66.5,66.5,34848810
2025-08-19,66.69999694824219,67.4000015258789,65.4000015258789,65.8499984741211,65.8499984741211,57276455
2025-08-20,65.8499984741211,67.80000305175781,65.6500015258789,67.19999694824219,67.19999694824219,69912998
2025-08-21,67.5999984741211,68.4000015258789,67.0999984741211,68.25,68.25,85706056
2025-08-22,68.9000015258789,69.9000015258789,68.0999984741211,69.8499984741211,69.8499984741211,98409817
2025-08-25,70.80000305175781,71.05000305175781,69.0999984741211,69.25,69.25,71331928
2025-08-26,69.05000305175781,70.5,68.5,70.5,70.5,68803350
2025-08-27,70.19999694824219,70.30000305175781,69.0,69.0,69.0,75024312
2025-08-28,69.0999984741211,70.5999984741211,69.05000305175781,69.5,69.5,68689946
2025-08-29,69.55000305175781,70.30000305175781,67.9000015258789,68.25,68.25,74843072
2025-09-01,68.44999694824219,69.75,68.30000305175781,69.19999694824219,69.19999694824219,61462013
2025-09-02,69.4000015258789,70.19999694824219,62.900001525878906,66.05000305175781,66.05000305175781,195347696
2025-09-03,66.1500015258789,66.1500015258789,60.79999923706055,60.79999923706055,60.79999923706055,238502747
2025-09-04,61.099998474121094,62.349998474121094,60.400001525878906,61.599998474121094,61.599998474121094,225698329
2025-09-05,62.150001525878906,64.6500015258789,61.04999923706055,62.45000076293945,62.45000076293945,222024322
2025-09-08,61.349998474121094,62.349998474121094,60.5,61.54999923706055,61.54999923706055,85842924
2025-09-09,62.0,63.349998474121094,61.20000076293945,62.79999923706055,62.79999923706055,113444254
2025-09-10,63.29999923706055,64.1500015258789,62.54999923706055,63.900001525878906,63.900001525878906,97477938
2025-09-11,63.95000076293945,65.5,60.900001525878906,61.0,61.0,279575856
2025-09-12,61.099998474121094,62.25,60.29999923706055,62.0,62.0,116877780
2025-09-15,61.79999923706055,66.44999694824219,61.150001525878906,65.44999694824219,65.44999694824219,225592296
2025-09-16,65.6500015258789,66.9000015258789,65.0,66.5999984741211,66.5999984741211,139190101
2025-09-17,66.55000305175781,67.75,66.1500015258789,67.3499984741211,67.3499984741211,107131487
2025-09-18,67.44999694824219,67.69999694824219,64.5,65.05000305175781,65.05000305175781,103300265
2025-09-19,65.25,67.19999694824219,64.80000305175781,66.6500015258789,66.6500015258789,168004241
2025-09-22,68.55000305175781,68.75,67.69999694824219,67.69999694824219,67.69999694824219,104159330
2025-09-23,66.5,67.19999694824219,65.8499984741211,66.0,66.0,77666838
2025-09-24,66.1500015258789,67.0999984741211,63.75,65.55000305175781,65.55000305175781,134901660
2025-09-25,65.94999694824219,66.05000305175781,64.55000305175781,64.6500015258789,64.6500015258789,81998160
2025-09-26,64.44999694824219,64.80000305175781,61.400001525878906,61.79999923706055,61.79999923706055,165377284
2025-09-29,61.04999923706055,62.400001525878906,60.900001525878906,61.20000076293945,61.20000076293945,91622028
2025-09-30,61.54999923706055,62.95000076293945,61.349998474121094,62.70000076293945,62.70000076293945,121790011
2025-10-01,62.54999923706055,64.75,61.900001525878906,64.25,64.25,144114140
2025-10-02,64.1500015258789,64.55000305175781,62.0,62.45000076293945,62.45000076293945,85094072
2025-10-03,63.0,63.099998474121094,59.25,59.45000076293945,59.45000076293945,127994750
2025-10-06,59.79999923706055,60.29999923706055,58.04999923706055,58.45000076293945,58.45000076293945,95526811
2025-10-07,58.650001525878906,59.349998474121094,58.29999923706055,59.099998474121094,59.099998474121094,80150817
2025-10-08,59.150001525878906,60.099998474121094,58.04999923706055,58.099998474121094,58.099998474121094,87488015
2025-10-09,58.900001525878906,59.099998474121094,57.0,57.349998474121094,57.349998474121094,82498198
2025-10-10,57.5,58.29999923706055,56.849998474121094,57.5,57.5,60948273
2025-10-13,56.650001525878906,57.20000076293945,55.75,55.95000076293945,55.95000076293945,80296118
2025-10-14,56.0,56.150001525878906,53.20000076293945,53.5,53.5,98138435
2025-10-15,53.75,54.54999923706055,53.150001525878906,53.599998474121094,53.599998474121094,114118711
2025-10-16,53.70000076293945,56.099998474121094,53.54999923706055,55.29999923706055,55.29999923706055,123768038
2025-10-17,54.95000076293945,55.400001525878906,53.04999923706055,54.849998474121094,54.849998474121094,103779268
2025-10-20,55.349998474121094,58.45000076293945,54.25,57.95000076293945,57.95000076293945,171472391
2025-10-21,57.95000076293945,58.349998474121094,57.0,57.599998474121094,57.599998474121094,147773980
2025-10-22,58.04999923706055,58.650001525878906,57.650001525878906,57.900001525878906,57.900001525878906,107375413
2025-10-23,58.0,59.400001525878906,57.54999923706055,58.54999923706055,58.54999923706055,149438380
2025-10-24,59.599998474121094,63.95000076293945,58.29999923706055,60.20000076293945,60.20000076293945,417538800
2025-10-27,60.099998474121094,60.650001525878906,58.45000076293945,58.79999923706055,56.97396469116211,136831864
2025-10-28,58.849998474121094,59.25,58.29999923706055,58.54999923706055,56.731727600097656,49490310
2025-10-30,59.0,59.599998474121094,58.349998474121094,59.5,57.652225494384766,110517855
2025-10-31,59.54999923706055,60.79999923706055,58.95000076293945,60.79999923706055,58.9118537902832,140413207
2025-11-03,61.25,63.099998474121094,60.75,61.099998474121094,59.202537536621094,141234115
2025-11-04,60.849998474121094,62.29999923706055,60.70000076293945,61.0,59.10564422607422,121773694
2025-11-05,60.95000076293945,61.95000076293945,60.650001525878906,61.20000076293945,59.29943084716797,103469653
2025-11-06,61.599998474121094,62.79999923706055,61.5,62.45000076293945,60.51061248779297,110806492
2025-11-07,62.5,62.5,59.79999923706055,60.900001525878906,59.008750915527344,125949127
2025-11-10,61.20000076293945,61.54999923706055,59.400001525878906,59.900001525878906,58.0398063659668,106712931
2025-11-11,59.75,60.29999923706055,56.79999923706055,58.29999923706055,56.4894905090332,140154959
2025-11-12,58.70000076293945,59.29999923706055,57.95000076293945,58.900001525878906,57.07086181640625,97514970
2025-11-13,59.099998474121094,59.349998474121094,58.29999923706055,58.70000076293945,56.877071380615234,76597097
2025-11-14,58.45000076293945,59.099998474121094,57.79999923706055,58.29999923706055,56.4894905090332,73427462
2025-11-17,58.650001525878906,59.29999923706055,58.099998474121094,58.349998474121094,56.53793716430664,108194045
2025-11-18,58.099998474121094,59.20000076293945,57.79999923706055,58.849998474121094,57.02241134643555,106742003
2025-11-19,59.150001525878906,61.599998474121094,58.75,61.349998474121094,59.44477081298828,126977080
2025-11-20,61.650001525878906,62.29999923706055,60.5,61.900001525878906,59.97769546508789,115990105
2025-11-21,61.54999923706055,62.0,60.70000076293945,61.79999923706055,59.88079833984375,96592433
2025-11-24,61.45000076293945,63.099998474121094,61.29999923706055,62.900001525878906,60.94664001464844,122292540
2025-11-25,63.099998474121094,63.849998474121094,62.25,63.400001525878906,61.431114196777344,148040826
2025-11-26,63.45000076293945,63.900001525878906,63.04999923706055,63.5,61.52800369262695,79768119
2025-11-27,64.0,64.75,63.45000076293945,63.75,61.770240783691406,112590595
2025-11-28,63.54999923706055,64.9000015258789,63.5,64.75,62.73918533325195,98579659
2025-12-01,64.69999694824219,66.80000305175781,63.95000076293945,66.25,64.1926040649414,156666165
2025-12-02,66.3499984741211,66.55000305175781,65.4000015258789,66.05000305175781,63.998817443847656,139090446
2025-12-03,66.30000305175781,68.1500015258789,65.6500015258789,66.69999694824219,64.62862396240234,288126298
2025-12-04,66.9000015258789,67.0999984741211,63.95000076293945,64.4000015258789,62.40005874633789,154221145
2025-12-05,64.3499984741211,67.1500015258789,64.19999694824219,67.0,64.9193115234375,174274956
2025-12-08,67.69999694824219,69.80000305175781,67.5999984741211,68.30000305175781,66.17894744873047,129704282
2025-12-09,68.3499984741211,69.5,67.8499984741211,69.30000305175781,67.14788818359375,111936685
2025-12-10,69.44999694824219,69.55000305175781,67.69999694824219,68.6500015258789,66.51807403564453,123335569
2025-12-11,68.80000305175781,69.9000015258789,68.19999694824219,69.0,66.8572006225586,181861925
2025-12-12,69.3499984741211,70.30000305175781,68.44999694824219,69.55000305175781,67.39012908935547,79782866
2025-12-15,69.75,71.0,69.4000015258789,71.0,68.79508972167969,80518973
2025-12-16,70.94999694824219,71.4000015258789,70.19999694824219,71.30000305175781,69.08577728271484,71275588
2025-12-17,71.1500015258789,71.25,69.75,70.69999694824219,68.50440979003906,78876952
2025-12-18,70.8499984741211,71.5999984741211,69.9000015258789,71.1500015258789,68.94043731689453,79132589
2025-12-19,71.25,71.94999694824219,70.8499984741211,71.80000305175781,69.57025146484375,85809859
2025-12-22,72.0,73.3499984741211,71.55000305175781,72.9000015258789,70.63609313964844,66552845
2025-12-23,72.55000305175781,73.6500015258789,71.6500015258789,71.94999694824219,69.71558380126953,78667504
2025-12-24,72.05000305175781,72.44999694824219,69.80000305175781,69.8499984741211,67.68080139160156,60517161
2025-12-25,70.1500015258789,70.69999694824219,69.5999984741211,69.75,67.58390808105469,29010795
2025-12-26,69.75,70.0999984741211,68.69999694824219,69.25,67.09944152832031,48721582
2025-12-29,69.30000305175781,70.4000015258789,68.5999984741211,69.55000305175781,67.39012908935547,65331759
2025-12-30,69.69999694824219,69.94999694824219,69.0,69.75,67.58390808105469,41656445
2025-12-31,69.9000015258789,70.94999694824219,69.69999694824219,69.80000305175781,67.63236236572266,74571658
2026-01-02,70.0999984741211,73.5,70.0999984741211,73.5,71.21745300292969,87346615
2026-01-05,73.9000015258789,74.25,72.6500015258789,73.19999694824219,70.92676544189453,96172422
2026-01-06,73.3499984741211,75.05000305175781,72.75,74.4000015258789,72.08950805664062,107913405
2026-01-07,74.5,74.69999694824219,72.1500015258789,72.30000305175781,70.05472564697266,93336994
2026-01-08,72.3499984741211,73.05000305175781,71.69999694824219,72.69999694824219,70.44229888916016,80616052
2026-01-09,73.19999694824219,74.30000305175781,72.94999694824219,73.80000305175781,71.50814056396484,96406766
2026-01-12,74.0999984741211,75.19999694824219,73.19999694824219,73.5,71.21745300292969,81393710
2026-01-13,73.55000305175781,75.0999984741211,72.9000015258789,74.5,72.1864013671875,83494226
2026-01-14,74.9000015258789,75.0999984741211,73.69999694824219,74.0,71.7019271850586,63952882
2026-01-15,73.94999694824219,74.55000305175781,72.5999984741211,73.8499984741211,71.55658721923828,73254946
2026-01-16,74.05000305175781,75.5999984741211,73.75,74.9000015258789,72.57398223876953,146855379
2026-01-19,75.25,77.6500015258789,75.1500015258789,77.30000305175781,74.89945220947266,131731832
2026-01-20,77.5999984741211,79.1500015258789,76.80000305175781,78.19999694824219,75.77149200439453,96843898
2026-01-21,78.4000015258789,79.9000015258789,77.9000015258789,79.9000015258789,77.418701171875,102660384
2026-01-22,80.30000305175781,80.44999694824219,76.80000305175781,77.80000305175781,75.38391876220703,146538041
2026-01-23,78.30000305175781,79.75,78.0999984741211,78.8499984741211,76.40130615234375,112988522
2026-01-26,78.19999694824219,79.75,77.1500015258789,79.6500015258789,77.17646789550781,93416787
2026-01-27,79.8499984741211,81.0,78.80000305175781,79.55000305175781,77.07957458496094,110809029
2026-01-28,79.80000305175781,86.0999984741211,79.55000305175781,84.8499984741211,82.21498107910156,172690992
2026-01-29,85.75,91.55000305175781,85.0999984741211,89.0,86.23609924316406,190801344
2026-01-30,89.0,92.94999694824219,87.9000015258789,92.94999694824219,90.06343078613281,154140709
2026-02-02,91.1500015258789,93.3499984741211,88.6500015258789,90.94999694824219,88.12554168701172,193525093
2026-02-03,90.94999694824219,91.0,86.8499984741211,87.94999694824219,85.21870422363281,268386545
2026-02-04,88.3499984741211,88.75,85.6500015258789,85.6500015258789,82.9901351928711,131179438
2026-02-05,85.5999984741211,85.9000015258789,84.05000305175781,84.4000015258789,81.7789535522461,121806464
2026-02-06,84.4000015258789,85.4000015258789,82.9000015258789,83.8499984741211,81.24603271484375,97424846
2026-02-09,84.80000305175781,86.3499984741211,84.75,85.44999694824219,82.79634094238281,126338000
2026-02-10,85.5999984741211,85.6500015258789,83.30000305175781,83.55000305175781,80.95535278320312,100678699
2026-02-11,83.1500015258789,84.80000305175781,82.6500015258789,83.94999694824219,81.34292602539062,99579681
2026-02-12,84.19999694824219,91.19999694824219,84.05000305175781,91.1500015258789,88.3193359375,229968914
2026-02-13,91.0999984741211,91.69999694824219,88.44999694824219,88.69999694824219,85.94541931152344,118646606
2026-02-16,89.19999694824219,90.25,88.19999694824219,89.5,86.72057342529297,87548193
2026-02-17,89.25,91.0,88.9000015258789,88.9000015258789,86.13920593261719,93633091
2026-02-18,89.19999694824219,92.30000305175781,88.94999694824219,90.5,87.68952178955078,137839259
2026-02-19,91.0,91.05000305175781,86.44999694824219,87.0,84.29821014404297,103799361
2026-02-20,87.0,88.3499984741211,85.55000305175781,88.3499984741211,85.60628509521484,93436385
2026-02-23,89.75,91.0999984741211,88.75,90.3499984741211,87.54417419433594,134597261
2026-02-24,89.9000015258789,92.0999984741211,89.0,91.55000305175781,88.70691680908203,98805414
2026-02-25,91.69999694824219,92.8499984741211,89.75,91.0,88.17398834228516,111915545
2026-02-26,91.19999694824219,93.0999984741211,89.75,91.69999694824219,88.85224914550781,78520727
2026-02-27,92.3499984741211,93.5,89.1500015258789,90.1500015258789,87.35038757324219,114684024
2026-03-02,85.0999984741211,86.69999694824219,82.0999984741211,82.75,80.1801986694336,98769212
2026-03-03,81.75,84.0,78.05000305175781,78.9000015258789,76.44976043701172,106917553
2026-03-04,78.94999694824219,80.25,77.69999694824219,78.44999694824219,76.01373291015625,122155687
2026-03-05,79.30000305175781,81.19999694824219,79.30000305175781,79.5999984741211,77.12802124023438,52412668
2026-03-06,79.0,80.25,73.0999984741211,74.05000305175781,71.75038146972656,118526833
2026-03-09,71.19999694824219,73.9000015258789,69.30000305175781,73.5999984741211,71.31434631347656,168363803
2026-03-10,76.8499984741211,78.19999694824219,75.44999694824219,77.0999984741211,74.70565795898438,95851404
2026-03-11,76.94999694824219,77.69999694824219,75.30000305175781,77.55000305175781,75.14168548583984,96519339
2026-03-12,76.44999694824219,78.69999694824219,75.1500015258789,75.75,73.3975830078125,145752390
2026-03-13,75.30000305175781,75.3499984741211,71.69999694824219,72.55000305175781,70.29695892333984,124021617
2026-03-16,72.80000305175781,73.44999694824219,71.80000305175781,72.69999694824219,70.44229888916016,81045986
2026-03-17,73.30000305175781,76.5,73.19999694824219,75.80000305175781,73.44602966308594,105162072
2026-03-18,76.25,77.19999694824219,74.94999694824219,75.69999694824219,73.34912872314453,91425442
2026-03-19,74.5999984741211,75.5,73.3499984741211,73.5999984741211,71.31434631347656,38275313
2026-03-23,71.30000305175781,73.5,68.0,73.0999984741211,70.82987213134766,265710458
2026-03-24,71.94999694824219,72.94999694824219,70.30000305175781,70.30000305175781,68.11683654785156,103386429
2026-03-25,71.69999694824219,72.44999694824219,70.9000015258789,70.9000015258789,68.69819641113281,107675770
2026-03-26,68.5999984741211,69.9000015258789,66.75,67.25,67.25,90829385
2026-03-27,67.75,68.30000305175781,66.0999984741211,66.9000015258789,66.9000015258789,78516965
2026-03-30,66.75,66.8499984741211,65.05000305175781,65.5999984741211,65.5999984741211,92947863
2026-03-31,65.9000015258789,67.69999694824219,65.6500015258789,66.0,66.0,120022442
2026-04-01,69.0,69.0,67.5999984741211,68.25,68.25,119338472
2026-04-02,66.6500015258789,69.4000015258789,66.44999694824219,69.25,69.25,95329896
2026-04-03,69.30000305175781,70.25,68.25,68.75,68.75,77195433
2026-04-06,69.0,71.4000015258789,68.94999694824219,70.30000305175781,70.30000305175781,96991162
2026-04-07,70.0,70.69999694824219,68.5,69.25,69.25,87632891
2026-04-08,75.0,76.1500015258789,73.75,75.75,75.75,159266547
2026-04-09,75.3499984741211,76.05000305175781,74.4000015258789,75.30000305175781,75.30000305175781,121611302
2026-04-10,76.0,78.5,75.8499984741211,78.4000015258789,78.4000015258789,121958318
2026-04-13,76.5999984741211,77.69999694824219,75.30000305175781,77.4000015258789,77.4000015258789,128526158
2026-04-14,78.94999694824219,81.0999984741211,77.1500015258789,78.44999694824219,78.44999694824219,163378836
2026-04-15,78.8499984741211,79.25,78.0999984741211,78.9000015258789,78.9000015258789,72630584
2026-04-16,79.5999984741211,80.5,77.5,78.0999984741211,78.0999984741211,84412322
2026-04-17,78.19999694824219,83.8499984741211,77.4000015258789,83.55000305175781,83.55000305175781,171211565
2026-04-20,81.6500015258789,83.0,81.30000305175781,81.8499984741211,81.8499984741211,121572943
2026-04-21,82.19999694824219,82.6500015258789,80.75,80.75,80.75,64597825
2026-04-22,81.69999694824219,82.0999984741211,78.69999694824219,79.25,79.25,97886805
2026-04-24,78.69999694824219,79.1500015258789,77.5999984741211,77.9000015258789,77.9000015258789,92696662
2026-04-27,78.0,79.3499984741211,77.19999694824219,77.69999694824219,77.69999694824219,85905779
2026-04-28,77.80000305175781,78.44999694824219,75.94999694824219,75.94999694824219,75.94999694824219,83163069
2026-04-29,76.3499984741211,76.9000015258789,73.6500015258789,73.69999694824219,73.69999694824219,112160625
2026-04-30,73.0999984741211,74.05000305175781,72.8499984741211,73.19999694824219,73.19999694824219,119107754
2026-05-04,73.3499984741211,73.5999984741211,70.4000015258789,70.6500015258789,70.6500015258789,153716653
2026-05-05,70.75,71.5,70.19999694824219,70.69999694824219,70.69999694824219,113971461
2026-05-06,72.5,75.44999694824219,72.1500015258789,74.3499984741211,74.3499984741211,263674524
2026-05-07,74.75,76.44999694824219,74.5,75.19999694824219,75.19999694824219,156929000
2026-05-08,74.6500015258789,76.1500015258789,73.9000015258789,75.25,75.25,131973117
2026-05-11,74.9000015258789,76.0999984741211,74.19999694824219,75.8499984741211,75.8499984741211,142376341
2026-05-12,75.75,76.19999694824219,72.75,72.75,72.75,122754063
2026-05-13,73.5,73.69999694824219,71.05000305175781,71.55000305175781,71.55000305175781,104825683
2026-05-14,72.0999984741211,73.44999694824219,71.30000305175781,72.3499984741211,72.3499984741211,130258986
2026-05-15,71.3499984741211,71.44999694824219,69.75,70.25,70.25,105928792
2026-05-18,69.80000305175781,70.19999694824219,69.0,70.0999984741211,70.0999984741211,60541918
2026-05-20,69.25,69.80000305175781,68.75,69.0999984741211,69.0999984741211,183781142
2026-05-21,69.0999984741211,69.5,62.20000076293945,62.20000076293945,62.20000076293945,97702960
2026-05-22,60.849998474121094,64.44999694824219,60.650001525878906,63.599998474121094,63.599998474121094,406472082
