Tarih,Açılış,Yüksek,Düşük,Kapanış,Düzeltilmiş_Kapanış,Hacim
2015-10-29,1.654168963432312,1.654168963432312,1.654168963432312,1.654168963432312,1.1800299882888794,0
2015-10-30,1.6593060493469238,1.6849919557571411,1.654168963432312,1.6798549890518188,1.1983535289764404,362874
2015-11-02,1.7877360582351685,1.7877360582351685,1.7723239660263062,1.7825980186462402,1.2716468572616577,1846011
2015-11-03,1.777461051940918,1.8185590505599976,1.777461051940918,1.8031469583511353,1.2863057851791382,2284957
2015-11-04,1.828832983970642,1.828832983970642,1.8031469583511353,1.808284044265747,1.2899703979492188,1346623
2015-11-05,1.8699300289154053,1.875067949295044,1.8442449569702148,1.8647929430007935,1.330282211303711,1990520
2015-11-06,1.854519009590149,1.8596559762954712,1.8339699506759644,1.8596559762954712,1.3266178369522095,2127514
2015-11-09,1.8699300289154053,1.8802050352096558,1.8647929430007935,1.8647929430007935,1.330282211303711,1383741
2015-11-10,1.7723239660263062,1.7877360582351685,1.7569129467010498,1.7825980186462402,1.2716468572616577,1355340
2015-11-11,1.798009991645813,1.808284044265747,1.798009991645813,1.8031469583511353,1.2863057851791382,641555
2015-11-12,1.798009991645813,1.8031469583511353,1.7825980186462402,1.8031469583511353,1.2863057851791382,1478505
2015-11-13,1.7928730249404907,1.7928730249404907,1.7825980186462402,1.7877360582351685,1.2753121852874756,516702
2015-11-16,1.7723239660263062,1.7825980186462402,1.7671869993209839,1.7723239660263062,1.2643178701400757,490616
2015-11-17,1.7825980186462402,1.7877360582351685,1.7723239660263062,1.777461051940918,1.2679823637008667,235974
2015-11-18,1.7671869993209839,1.7723239660263062,1.7466379404067993,1.7517750263214111,1.2496589422225952,550421
2015-11-19,1.7723239660263062,1.777461051940918,1.7569129467010498,1.7620500326156616,1.256988763809204,469096
2015-11-20,1.777461051940918,1.777461051940918,1.7723239660263062,1.777461051940918,1.2679823637008667,246505
2015-11-23,1.7671869993209839,1.7671869993209839,1.7517750263214111,1.7517750263214111,1.2496589422225952,345884
2015-11-24,1.710677981376648,1.7260899543762207,1.6438950300216675,1.654168963432312,1.1800299882888794,1348625
2015-11-25,1.6695810556411743,1.6747180223464966,1.6593060493469238,1.6695810556411743,1.1910244226455688,580531
2015-11-26,1.664443016052246,1.664443016052246,1.633620023727417,1.633620023727417,1.1653708219528198,637605
2015-11-27,1.654168963432312,1.6798549890518188,1.633620023727417,1.6387579441070557,1.1690362691879272,918236
2015-11-30,1.6438950300216675,1.6490319967269897,1.6284830570220947,1.6284830570220947,1.1617063283920288,1169351
2015-12-01,1.633620023727417,1.6798549890518188,1.6284830570220947,1.6747180223464966,1.1946890354156494,1632699
2015-12-02,1.6849919557571411,1.7004040479660034,1.6695810556411743,1.6695810556411743,1.1910244226455688,873774
2015-12-03,1.6747180223464966,1.690129041671753,1.6438950300216675,1.6490319967269897,1.1763652563095093,380489
2015-12-04,1.654168963432312,1.664443016052246,1.6182090044021606,1.6387579441070557,1.1690362691879272,841468
2015-12-07,1.6438950300216675,1.6490319967269897,1.6284830570220947,1.633620023727417,1.1653708219528198,660869
2015-12-08,1.633620023727417,1.6387579441070557,1.6130720376968384,1.6130720376968384,1.1507126092910767,325762
2015-12-09,1.6130720376968384,1.6490319967269897,1.6079349517822266,1.633620023727417,1.1653708219528198,809709
2015-12-10,1.633620023727417,1.6438950300216675,1.5771119594573975,1.5822490453720093,1.1287245750427246,952666
2015-12-11,1.5925229787826538,1.597659945487976,1.5462889671325684,1.5616999864578247,1.1140655279159546,567582
2015-12-14,1.5616999864578247,1.597659945487976,1.5308769941329956,1.5411510467529297,1.0994065999984741,917319
2015-12-15,1.5462889671325684,1.5873860120773315,1.5462889671325684,1.5822490453720093,1.1287245750427246,613269
2015-12-16,1.5822490453720093,1.597659945487976,1.5565630197525024,1.597659945487976,1.1397180557250977,1652496
2015-12-17,1.602797031402588,1.633620023727417,1.5873860120773315,1.6182090044021606,1.1543771028518677,811609
2015-12-18,1.633620023727417,1.633620023727417,1.602797031402588,1.6284830570220947,1.1617063283920288,1363499
2015-12-21,1.6387579441070557,1.6747180223464966,1.633620023727417,1.6695810556411743,1.1910244226455688,879000
2015-12-22,1.664443016052246,1.6798549890518188,1.6438950300216675,1.6593060493469238,1.1836943626403809,1549375
2015-12-23,1.664443016052246,1.6798549890518188,1.6593060493469238,1.664443016052246,1.1873589754104614,2019114
2015-12-24,1.6747180223464966,1.6747180223464966,1.654168963432312,1.654168963432312,1.1800299882888794,500214
2015-12-25,1.6593060493469238,1.6747180223464966,1.654168963432312,1.6593060493469238,1.1836943626403809,438385
2015-12-28,1.6593060493469238,1.6695810556411743,1.6438950300216675,1.6490319967269897,1.1763652563095093,1008036
2015-12-29,1.654168963432312,1.654168963432312,1.633620023727417,1.6387579441070557,1.1690362691879272,445692
2015-12-30,1.6387579441070557,1.654168963432312,1.6284830570220947,1.633620023727417,1.1653708219528198,622492
2015-12-31,1.633620023727417,1.6387579441070557,1.566836953163147,1.566836953163147,1.1177300214767456,454582
2016-01-01,1.566836953163147,1.566836953163147,1.566836953163147,1.566836953163147,1.1177300214767456,0
2016-01-04,1.566836953163147,1.566836953163147,1.5411510467529297,1.5565630197525024,1.110400915145874,715747
2016-01-05,1.566836953163147,1.5873860120773315,1.5514260530471802,1.5822490453720093,1.1287245750427246,654938
2016-01-06,1.5719740390777588,1.6438950300216675,1.5565630197525024,1.6438950300216675,1.1727007627487183,1222489
2016-01-07,1.633620023727417,1.6849919557571411,1.6182090044021606,1.6849919557571411,1.2020180225372314,1676844
2016-01-08,1.741500973701477,1.7466379404067993,1.7055410146713257,1.7158149480819702,1.224005937576294,2552037
2016-01-11,1.7004040479660034,1.777461051940918,1.7004040479660034,1.7671869993209839,1.2606531381607056,1779642
2016-01-12,1.7620500326156616,1.7825980186462402,1.741500973701477,1.7517750263214111,1.2496589422225952,2370852
2016-01-13,1.7569129467010498,1.7825980186462402,1.7569129467010498,1.7671869993209839,1.2606531381607056,2101866
2016-01-14,1.7877360582351685,1.8236960172653198,1.777461051940918,1.8236960172653198,1.3009647130966187,3874417
2016-01-15,1.8236960172653198,1.8391070365905762,1.798009991645813,1.8236960172653198,1.3009647130966187,1761679
2016-01-18,1.8236960172653198,1.8339699506759644,1.798009991645813,1.828832983970642,1.3046293258666992,1073933
2016-01-19,1.8391070365905762,1.8596559762954712,1.828832983970642,1.8339699506759644,1.3082941770553589,1513760
2016-01-20,1.828832983970642,1.8391070365905762,1.798009991645813,1.8134210109710693,1.2936350107192993,1515923
2016-01-21,1.8493820428848267,1.8596559762954712,1.720952033996582,1.7312270402908325,1.2350006103515625,6835547
2016-01-22,1.7312270402908325,1.7312270402908325,1.7312270402908325,1.7312270402908325,1.2350006103515625,0
2016-01-25,1.7671869993209839,1.7928730249404907,1.720952033996582,1.741500973701477,1.2423295974731445,1718737
2016-01-26,1.7363640069961548,1.777461051940918,1.7260899543762207,1.777461051940918,1.2679823637008667,2090480
2016-01-27,1.777461051940918,1.8647929430007935,1.7671869993209839,1.8339699506759644,1.3082941770553589,3329132
2016-01-28,1.8442449569702148,1.9161649942398071,1.8442449569702148,1.895616054534912,1.3522703647613525,2616884
2016-01-29,1.9161649942398071,1.9213019609451294,1.8647929430007935,1.8647929430007935,1.330282211303711,1977064
2016-02-01,1.8699300289154053,1.9213019609451294,1.8339699506759644,1.875067949295044,1.3376120328903198,2199464
2016-02-02,1.875067949295044,1.885342001914978,1.8185590505599976,1.8185590505599976,1.2973002195358276,1373930
2016-02-03,1.808284044265747,1.8493820428848267,1.8031469583511353,1.8339699506759644,1.3082941770553589,1509700
2016-02-04,1.8442449569702148,1.8442449569702148,1.808284044265747,1.8134210109710693,1.2936350107192993,2155977
2016-02-05,1.8134210109710693,1.8185590505599976,1.7723239660263062,1.7723239660263062,1.2643178701400757,1351599
2016-02-08,1.7825980186462402,1.7825980186462402,1.7004040479660034,1.7004040479660034,1.213012456893921,1288424
2016-02-09,1.7004040479660034,1.7004040479660034,1.5925229787826538,1.654168963432312,1.1800299882888794,1910817
2016-02-10,1.664443016052246,1.6747180223464966,1.6438950300216675,1.6490319967269897,1.1763652563095093,1026987
2016-02-11,1.633620023727417,1.6387579441070557,1.5925229787826538,1.6130720376968384,1.1507126092910767,1533540
2016-02-12,1.6284830570220947,1.6387579441070557,1.6079349517822266,1.6130720376968384,1.1507126092910767,1079000
2016-02-15,1.623345971107483,1.623345971107483,1.5616999864578247,1.5873860120773315,1.1323890686035156,1158845
2016-02-16,1.602797031402588,1.623345971107483,1.5822490453720093,1.5873860120773315,1.1323890686035156,1148020
2016-02-17,1.5822490453720093,1.6490319967269897,1.5719740390777588,1.6387579441070557,1.1690362691879272,5539490
2016-02-18,1.6387579441070557,1.6438950300216675,1.6130720376968384,1.623345971107483,1.1580418348312378,4409199
2016-02-19,1.6284830570220947,1.6387579441070557,1.6079349517822266,1.6130720376968384,1.1507126092910767,3251555
2016-02-22,1.623345971107483,1.664443016052246,1.623345971107483,1.654168963432312,1.1800299882888794,6338126
2016-02-23,1.654168963432312,1.6849919557571411,1.6490319967269897,1.6695810556411743,1.1910244226455688,7488441
2016-02-24,1.6798549890518188,1.6798549890518188,1.6130720376968384,1.6182090044021606,1.1543771028518677,2961350
2016-02-25,1.6284830570220947,1.6438950300216675,1.6182090044021606,1.6438950300216675,1.1727007627487183,2197089
2016-02-26,1.6490319967269897,1.6593060493469238,1.623345971107483,1.623345971107483,1.1580418348312378,3499862
2016-02-29,1.623345971107483,1.6490319967269897,1.6182090044021606,1.6387579441070557,1.1690362691879272,2567581
2016-03-01,1.6387579441070557,1.654168963432312,1.6284830570220947,1.6284830570220947,1.1617063283920288,4599362
2016-03-02,1.6438950300216675,1.710677981376648,1.6387579441070557,1.6849919557571411,1.2020180225372314,10445788
2016-03-03,1.6952669620513916,1.710677981376648,1.6798549890518188,1.6849919557571411,1.2020180225372314,5027076
2016-03-04,1.6952669620513916,1.6952669620513916,1.6695810556411743,1.690129041671753,1.2056822776794434,2404818
2016-03-07,1.720952033996582,1.741500973701477,1.7158149480819702,1.720952033996582,1.227670669555664,3367215
2016-03-08,1.710677981376648,1.7569129467010498,1.710677981376648,1.7260899543762207,1.2313358783721924,3533235
2016-03-09,1.7312270402908325,1.7569129467010498,1.7312270402908325,1.7569129467010498,1.253324031829834,3259701
2016-03-10,1.6952669620513916,1.7004040479660034,1.654168963432312,1.6798549890518188,1.1983535289764404,9692570
2016-03-11,1.6952669620513916,1.7004040479660034,1.664443016052246,1.6798549890518188,1.1983535289764404,2350740
2016-03-14,1.6798549890518188,1.690129041671753,1.664443016052246,1.6695810556411743,1.1910244226455688,2963669
2016-03-15,1.6747180223464966,1.6798549890518188,1.6490319967269897,1.6593060493469238,1.1836943626403809,2654656
2016-03-16,1.6798549890518188,1.6849919557571411,1.6490319967269897,1.6695810556411743,1.1910244226455688,2976975
2016-03-17,1.6798549890518188,1.7055410146713257,1.6747180223464966,1.7004040479660034,1.213012456893921,4810264
2016-03-18,1.7055410146713257,1.7569129467010498,1.7004040479660034,1.7569129467010498,1.253324031829834,4550399
2016-03-21,1.7620500326156616,1.777461051940918,1.7466379404067993,1.7620500326156616,1.256988763809204,3060403
2016-03-22,1.7620500326156616,1.7671869993209839,1.7055410146713257,1.7260899543762207,1.2313358783721924,3419299
2016-03-23,1.7312270402908325,1.7620500326156616,1.7158149480819702,1.7517750263214111,1.2496589422225952,2446018
2016-03-24,1.7569129467010498,1.7723239660263062,1.741500973701477,1.7517750263214111,1.2496589422225952,1770438
2016-03-25,1.7671869993209839,1.7723239660263062,1.7569129467010498,1.7620500326156616,1.256988763809204,978822
2016-03-28,1.7928730249404907,1.8031469583511353,1.7825980186462402,1.7877360582351685,1.2753121852874756,1724146
2016-03-29,1.808284044265747,1.8442449569702148,1.798009991645813,1.828832983970642,1.3046293258666992,1649856
2016-03-30,1.828832983970642,1.854519009590149,1.828832983970642,1.8442449569702148,1.3156238794326782,2246934
2016-03-31,1.8442449569702148,1.8442449569702148,1.8134210109710693,1.8236960172653198,1.3009647130966187,2987207
2016-04-01,1.8185590505599976,1.828832983970642,1.7825980186462402,1.7928730249404907,1.2789766788482666,3090964
2016-04-04,1.8134210109710693,1.8493820428848267,1.8031469583511353,1.8391070365905762,1.3119587898254395,3096946
2016-04-05,1.8442449569702148,1.8442449569702148,1.8134210109710693,1.8236960172653198,1.3009647130966187,1528109
2016-04-06,1.828832983970642,1.8391070365905762,1.8134210109710693,1.8185590505599976,1.2973002195358276,1270194
2016-04-07,1.828832983970642,1.8699300289154053,1.8134210109710693,1.8647929430007935,1.330282211303711,4112361
2016-04-08,1.8699300289154053,1.9367140531539917,1.8647929430007935,1.9315760135650635,1.377922773361206,8849998
2016-04-11,1.941851019859314,1.9521249532699585,1.9264390468597412,1.9264390468597412,1.3742583990097046,3567845
2016-04-12,1.9315760135650635,1.9469879865646362,1.875067949295044,1.8904789686203003,1.348605751991272,2885807
2016-04-13,1.895616054534912,1.941851019859314,1.895616054534912,1.9315760135650635,1.377922773361206,2550788
2016-04-14,1.941851019859314,1.9829479455947876,1.9315760135650635,1.9315760135650635,1.377922773361206,5491841
2016-04-15,1.9367140531539917,2.1216518878936768,1.9315760135650635,2.039457082748413,1.4548817873001099,32555260
2016-04-18,2.0600059032440186,2.0856919288635254,2.008634090423584,2.008634090423584,1.4328936338424683,10143149
2016-04-19,2.0137710571289062,2.0445940494537354,1.9880850315093994,2.0189080238342285,1.4402227401733398,6326102
2016-04-20,2.0034968852996826,2.0856919288635254,2.0034968852996826,2.0445940494537354,1.4585462808609009,6086067
2016-04-21,2.0600059032440186,2.0908288955688477,2.0291829109191895,2.0445940494537354,1.4585462808609009,3481364
2016-04-22,2.0445940494537354,2.0856919288635254,2.0445940494537354,2.070280075073242,1.4768699407577515,3729736
2016-04-25,2.0805540084838867,2.1216518878936768,2.070280075073242,2.0856919288635254,1.4878641366958618,3420252
2016-04-26,2.1062400341033936,2.1113779544830322,2.0497310161590576,2.06514310836792,1.473205327987671,2602801
2016-04-27,2.070280075073242,2.0856919288635254,2.0548689365386963,2.06514310836792,1.473205327987671,1998120
2016-04-28,2.0600059032440186,2.0908288955688477,2.0600059032440186,2.06514310836792,1.473205327987671,1581562
2016-04-29,2.06514310836792,2.0805540084838867,2.0497310161590576,2.0754170417785645,1.480534315109253,958507
2016-05-02,2.0754170417785645,2.095966100692749,1.9880850315093994,1.993222951889038,1.4218999147415161,1703631
2016-05-03,2.0034968852996826,2.0189080238342285,1.9007530212402344,1.9264390468597412,1.3742583990097046,2395860
2016-05-04,1.9007530212402344,1.9161649942398071,1.854519009590149,1.885342001914978,1.3449411392211914,3542678
2016-05-05,1.8236960172653198,1.941851019859314,1.808284044265747,1.9161649942398071,1.366929054260254,3105700
2016-05-06,1.9315760135650635,1.9367140531539917,1.885342001914978,1.9264390468597412,1.3742583990097046,830822
2016-05-09,1.9572620391845703,2.06514310836792,1.9469879865646362,2.0189080238342285,1.4402227401733398,3962523
2016-05-10,2.0856919288635254,2.1062400341033936,1.972674012184143,1.9778109788894653,1.4109054803848267,6882596
2016-05-11,1.9778109788894653,2.0291829109191895,1.9572620391845703,2.008634090423584,1.4328936338424683,1991706
2016-05-12,2.0189080238342285,2.0291829109191895,1.9778109788894653,1.9778109788894653,1.4109054803848267,1487248
2016-05-13,1.9778109788894653,1.9778109788894653,1.9367140531539917,1.9367140531539917,1.381588339805603,1502195
2016-05-16,1.941851019859314,2.0137710571289062,1.941851019859314,1.972674012184143,1.4072409868240356,3916099
2016-05-17,1.993222951889038,1.99836003780365,1.9161649942398071,1.9315760135650635,1.377922773361206,2564106
2016-05-18,1.9161649942398071,1.9521249532699585,1.9110280275344849,1.941851019859314,1.3852527141571045,1826977
2016-05-19,1.941851019859314,1.941851019859314,1.941851019859314,1.941851019859314,1.3852527141571045,0
2016-05-20,1.9469879865646362,1.962399959564209,1.9315760135650635,1.9367140531539917,1.381588339805603,1488667
2016-05-23,1.941851019859314,1.9521249532699585,1.9315760135650635,1.9469879865646362,1.3889172077178955,1356281
2016-05-24,1.9469879865646362,2.008634090423584,1.941851019859314,1.99836003780365,1.4255644083023071,3014599
2016-05-25,2.008634090423584,2.0137710571289062,1.8904789686203003,1.9521249532699585,1.392581820487976,2034210
2016-05-26,1.9521249532699585,1.9778109788894653,1.941851019859314,1.9521249532699585,1.392581820487976,1742522
2016-05-27,1.962399959564209,1.972674012184143,1.9469879865646362,1.9521249532699585,1.392581820487976,994329
2016-05-30,1.9572620391845703,1.9829479455947876,1.9469879865646362,1.9675370454788208,1.403576374053955,2082879
2016-05-31,1.8647929430007935,1.875067949295044,1.8391070365905762,1.875067949295044,1.4350287914276123,2536035
2016-06-01,1.8647929430007935,1.8802050352096558,1.828832983970642,1.828832983970642,1.3996440172195435,1249628
2016-06-02,1.8442449569702148,1.854519009590149,1.8236960172653198,1.8236960172653198,1.3957124948501587,818360
2016-06-03,1.8236960172653198,1.875067949295044,1.808284044265747,1.8185590505599976,1.3917810916900635,3430815
2016-06-06,1.8185590505599976,1.8339699506759644,1.7928730249404907,1.8031469583511353,1.3799859285354614,1590853
2016-06-07,1.8031469583511353,1.8185590505599976,1.7569129467010498,1.7569129467010498,1.3446022272109985,2291016
2016-06-08,1.7671869993209839,1.777461051940918,1.7466379404067993,1.7569129467010498,1.3446022272109985,1337073
2016-06-09,1.7569129467010498,1.7620500326156616,1.720952033996582,1.720952033996582,1.3170804977416992,1408218
2016-06-10,1.720952033996582,1.7260899543762207,1.6695810556411743,1.6747180223464966,1.2816967964172363,1708760
2016-06-13,1.6695810556411743,1.6747180223464966,1.6182090044021606,1.6438950300216675,1.2581071853637695,2151718
2016-06-14,1.6438950300216675,1.690129041671753,1.623345971107483,1.6849919557571411,1.2895596027374268,7438809
2016-06-15,1.6952669620513916,1.7158149480819702,1.6593060493469238,1.664443016052246,1.27383291721344,1966135
2016-06-16,1.664443016052246,1.664443016052246,1.623345971107483,1.6284830570220947,1.2463120222091675,1567165
2016-06-17,1.633620023727417,1.6490319967269897,1.633620023727417,1.6490319967269897,1.2620385885238647,1627761
2016-06-20,1.664443016052246,1.690129041671753,1.654168963432312,1.6798549890518188,1.2856281995773315,1624383
2016-06-21,1.690129041671753,1.7004040479660034,1.6747180223464966,1.6747180223464966,1.2816967964172363,2012429
2016-06-22,1.6798549890518188,1.7158149480819702,1.6747180223464966,1.6747180223464966,1.2816967964172363,3026680
2016-06-23,1.6849919557571411,1.690129041671753,1.6747180223464966,1.6849919557571411,1.2895596027374268,1099914
2016-06-24,1.6130720376968384,1.6490319967269897,1.6130720376968384,1.6438950300216675,1.2581071853637695,2071742
2016-06-27,1.6490319967269897,1.6695810556411743,1.6438950300216675,1.6490319967269897,1.2620385885238647,1629172
2016-06-28,1.6593060493469238,1.6798549890518188,1.6593060493469238,1.6798549890518188,1.2856281995773315,3480897
2016-06-29,1.6695810556411743,1.7466379404067993,1.664443016052246,1.7055410146713257,1.3052862882614136,8025645
2016-06-30,1.710677981376648,1.7312270402908325,1.6952669620513916,1.7004040479660034,1.3013547658920288,3589748
2016-07-01,1.710677981376648,1.7569129467010498,1.7055410146713257,1.7312270402908325,1.324944257736206,5777471
2016-07-04,1.7363640069961548,1.741500973701477,1.7260899543762207,1.7363640069961548,1.3288756608963013,775109
2016-07-05,1.7363640069961548,1.7363640069961548,1.7363640069961548,1.7363640069961548,1.3288756608963013,0
2016-07-06,1.7363640069961548,1.7363640069961548,1.7363640069961548,1.7363640069961548,1.3288756608963013,0
2016-07-07,1.7363640069961548,1.7363640069961548,1.7363640069961548,1.7363640069961548,1.3288756608963013,0
2016-07-08,1.7312270402908325,1.7312270402908325,1.710677981376648,1.7158149480819702,1.313148856163025,1213469
2016-07-11,1.7260899543762207,1.7928730249404907,1.7260899543762207,1.7928730249404907,1.3721230030059814,5250296
2016-07-12,1.7928730249404907,1.8185590505599976,1.7723239660263062,1.798009991645813,1.3760547637939453,6473876
2016-07-13,1.808284044265747,1.828832983970642,1.7928730249404907,1.828832983970642,1.3996440172195435,4091055
2016-07-14,1.828832983970642,1.8442449569702148,1.808284044265747,1.8185590505599976,1.3917810916900635,4767957
2016-07-15,1.8185590505599976,1.8391070365905762,1.798009991645813,1.8236960172653198,1.3957124948501587,5915068
2016-07-18,1.7671869993209839,1.7671869993209839,1.5925229787826538,1.633620023727417,1.2502434253692627,6316057
2016-07-19,1.623345971107483,1.690129041671753,1.597659945487976,1.654168963432312,1.265970230102539,3708962
2016-07-20,1.6593060493469238,1.664443016052246,1.597659945487976,1.6079349517822266,1.230586290359497,2936338
2016-07-21,1.597659945487976,1.602797031402588,1.5462889671325684,1.5873860120773315,1.2148596048355103,3174689
2016-07-22,1.602797031402588,1.6182090044021606,1.5462889671325684,1.5822490453720093,1.2109283208847046,3488152
2016-07-25,1.597659945487976,1.6490319967269897,1.597659945487976,1.6490319967269897,1.2620385885238647,3034587
2016-07-26,1.6593060493469238,1.664443016052246,1.602797031402588,1.6284830570220947,1.2463120222091675,3142960
2016-07-27,1.6284830570220947,1.6695810556411743,1.6284830570220947,1.6695810556411743,1.2777653932571411,2222570
2016-07-28,1.6747180223464966,1.6952669620513916,1.6695810556411743,1.6798549890518188,1.2856281995773315,3740082
2016-07-29,1.6849919557571411,1.690129041671753,1.6593060493469238,1.6747180223464966,1.2816967964172363,2691466
2016-08-01,1.690129041671753,1.720952033996582,1.6849919557571411,1.710677981376648,1.3092174530029297,3883675
2016-08-02,1.710677981376648,1.7363640069961548,1.6952669620513916,1.7363640069961548,1.3288756608963013,4002830
2016-08-03,1.7312270402908325,1.741500973701477,1.6798549890518188,1.6952669620513916,1.297423243522644,2604634
2016-08-04,1.6952669620513916,1.7158149480819702,1.6849919557571411,1.710677981376648,1.3092174530029297,1649232
2016-08-05,1.7158149480819702,1.7260899543762207,1.6695810556411743,1.690129041671753,1.2934907674789429,2873255
2016-08-08,1.720952033996582,1.7312270402908325,1.7004040479660034,1.720952033996582,1.3170804977416992,4141377
2016-08-09,1.7260899543762207,1.7569129467010498,1.720952033996582,1.7517750263214111,1.340670108795166,3229110
2016-08-10,1.7569129467010498,1.7671869993209839,1.720952033996582,1.7363640069961548,1.3288756608963013,1945988
2016-08-11,1.7466379404067993,1.7620500326156616,1.7312270402908325,1.7569129467010498,1.3446022272109985,1777744
2016-08-12,1.7620500326156616,1.7620500326156616,1.7363640069961548,1.7466379404067993,1.3367384672164917,1746104
2016-08-15,1.7517750263214111,1.7671869993209839,1.7517750263214111,1.7517750263214111,1.340670108795166,2198263
2016-08-16,1.7466379404067993,1.7569129467010498,1.7158149480819702,1.720952033996582,1.3170804977416992,1026885
2016-08-17,1.720952033996582,1.7312270402908325,1.7004040479660034,1.7158149480819702,1.313148856163025,1668968
2016-08-18,1.7260899543762207,1.7312270402908325,1.6952669620513916,1.7158149480819702,1.313148856163025,990969
2016-08-19,1.7055410146713257,1.710677981376648,1.6695810556411743,1.6849919557571411,1.2895596027374268,2983565
2016-08-22,1.6747180223464966,1.6747180223464966,1.6438950300216675,1.6695810556411743,1.2777653932571411,1280136
2016-08-23,1.6695810556411743,1.6849919557571411,1.664443016052246,1.664443016052246,1.27383291721344,1430025
2016-08-24,1.654168963432312,1.654168963432312,1.6130720376968384,1.6438950300216675,1.2581071853637695,1662003
2016-08-25,1.654168963432312,1.6849919557571411,1.6490319967269897,1.6695810556411743,1.2777653932571411,1746398
2016-08-26,1.6798549890518188,1.690129041671753,1.664443016052246,1.6849919557571411,1.2895596027374268,1212367
2016-08-29,1.6798549890518188,1.7004040479660034,1.6695810556411743,1.6747180223464966,1.2816967964172363,1270681
2016-08-30,1.6747180223464966,1.6747180223464966,1.6747180223464966,1.6747180223464966,1.2816967964172363,0
2016-08-31,1.6747180223464966,1.7055410146713257,1.6695810556411743,1.6747180223464966,1.2816967964172363,2581482
2016-09-01,1.6849919557571411,1.690129041671753,1.6593060493469238,1.6695810556411743,1.2777653932571411,1477725
2016-09-02,1.6747180223464966,1.6952669620513916,1.6695810556411743,1.690129041671753,1.2934907674789429,1420604
2016-09-05,1.6952669620513916,1.7517750263214111,1.6952669620513916,1.7363640069961548,1.3288756608963013,6799374
2016-09-06,1.7466379404067993,1.7569129467010498,1.720952033996582,1.720952033996582,1.3170804977416992,3842368
2016-09-07,1.7312270402908325,1.741500973701477,1.720952033996582,1.7260899543762207,1.3210126161575317,790487
2016-09-08,1.7312270402908325,1.7569129467010498,1.7260899543762207,1.7569129467010498,1.3446022272109985,2676010
2016-09-09,1.7517750263214111,1.777461051940918,1.720952033996582,1.7312270402908325,1.324944257736206,5066175
2016-09-12,1.7312270402908325,1.7312270402908325,1.7312270402908325,1.7312270402908325,1.324944257736206,0
2016-09-13,1.7312270402908325,1.7312270402908325,1.7312270402908325,1.7312270402908325,1.324944257736206,0
2016-09-14,1.7312270402908325,1.7312270402908325,1.7312270402908325,1.7312270402908325,1.324944257736206,0
2016-09-15,1.7312270402908325,1.7312270402908325,1.7312270402908325,1.7312270402908325,1.324944257736206,0
2016-09-16,1.7260899543762207,1.741500973701477,1.7158149480819702,1.7363640069961548,1.3288756608963013,2498623
2016-09-19,1.741500973701477,1.7620500326156616,1.741500973701477,1.7569129467010498,1.3446022272109985,3577738
2016-09-20,1.7620500326156616,1.7671869993209839,1.7363640069961548,1.7363640069961548,1.3288756608963013,3052357
2016-09-21,1.7466379404067993,1.808284044265747,1.7363640069961548,1.7928730249404907,1.3721230030059814,9582284
2016-09-22,1.8236960172653198,1.8236960172653198,1.798009991645813,1.798009991645813,1.3760547637939453,5851339
2016-09-23,1.8031469583511353,1.854519009590149,1.7928730249404907,1.8493820428848267,1.4153705835342407,7506821
2016-09-26,1.777461051940918,1.7877360582351685,1.741500973701477,1.7671869993209839,1.352465033531189,5919614
2016-09-27,1.777461051940918,1.7928730249404907,1.7620500326156616,1.7723239660263062,1.3563966751098633,4491493
2016-09-28,1.777461051940918,1.8339699506759644,1.7723239660263062,1.808284044265747,1.3839174509048462,6940004
2016-09-29,1.8185590505599976,1.8647929430007935,1.808284044265747,1.8442449569702148,1.4114391803741455,7128450
2016-09-30,1.8339699506759644,1.8493820428848267,1.8236960172653198,1.8339699506759644,1.4035756587982178,3027967
2016-10-03,1.8391070365905762,1.9110280275344849,1.8391070365905762,1.895616054534912,1.4507546424865723,7553183
2016-10-04,1.905890941619873,1.9213019609451294,1.8904789686203003,1.9007530212402344,1.4546858072280884,7793417
2016-10-05,1.9007530212402344,1.9110280275344849,1.8802050352096558,1.885342001914978,1.4428915977478027,3404824
2016-10-06,1.895616054534912,1.9521249532699585,1.895616054534912,1.9469879865646362,1.4900704622268677,7928320
2016-10-07,1.9521249532699585,1.9521249532699585,1.9161649942398071,1.9264390468597412,1.47434401512146,4674660
2016-10-10,1.9367140531539917,1.9572620391845703,1.9110280275344849,1.9264390468597412,1.47434401512146,4068360
2016-10-11,1.9213019609451294,1.9367140531539917,1.9007530212402344,1.9161649942398071,1.4664809703826904,3574164
2016-10-12,1.9213019609451294,1.9264390468597412,1.875067949295044,1.885342001914978,1.4428915977478027,2795376
2016-10-13,1.885342001914978,1.8904789686203003,1.8442449569702148,1.875067949295044,1.4350287914276123,5744073
2016-10-14,1.8802050352096558,1.9213019609451294,1.8699300289154053,1.905890941619873,1.4586180448532104,4534235
2016-10-17,1.9007530212402344,1.972674012184143,1.885342001914978,1.962399959564209,1.5018657445907593,7884253
2016-10-18,1.9778109788894653,2.0291829109191895,1.962399959564209,2.008634090423584,1.5372495651245117,6388329
2016-10-19,2.024045944213867,2.0445940494537354,2.0137710571289062,2.024045944213867,1.5490447282791138,4413869
2016-10-20,2.0291829109191895,2.039457082748413,2.0137710571289062,2.024045944213867,1.5490447282791138,2572360
2016-10-21,2.024045944213867,2.0548689365386963,2.0189080238342285,2.024045944213867,1.5490447282791138,5265978
2016-10-24,2.0445940494537354,2.0805540084838867,2.0445940494537354,2.070280075073242,1.5844286680221558,3349073
2016-10-25,2.0805540084838867,2.0908288955688477,2.0497310161590576,2.06514310836792,1.580497145652771,2941032
2016-10-26,2.0600059032440186,2.0856919288635254,2.0034968852996826,2.024045944213867,1.5490447282791138,6042609
2016-10-27,2.0291829109191895,2.034320116043091,1.993222951889038,1.99836003780365,1.5293866395950317,1981163
2016-10-28,2.0034968852996826,2.008634090423584,1.962399959564209,2.0034968852996826,1.533318042755127,1955947
2016-10-31,2.0189080238342285,2.024045944213867,1.993222951889038,1.993222951889038,1.5254552364349365,2023724
2016-11-01,2.008634090423584,2.070280075073242,1.9778109788894653,1.9880850315093994,1.5215229988098145,8861191
2016-11-02,1.9880850315093994,2.0034968852996826,1.972674012184143,1.9880850315093994,1.5215229988098145,3400720
2016-11-03,1.993222951889038,2.008634090423584,1.962399959564209,1.9675370454788208,1.5057971477508545,4095318
2016-11-04,1.9521249532699585,1.962399959564209,1.8493820428848267,1.8647929430007935,1.427165150642395,4992460
2016-11-07,1.9007530212402344,2.0291829109191895,1.8904789686203003,1.9264390468597412,1.47434401512146,3596213
2016-11-08,1.9367140531539917,1.9469879865646362,1.905890941619873,1.941851019859314,1.4861390590667725,2002118
2016-11-09,1.9264390468597412,2.2449440956115723,1.9213019609451294,2.1576120853424072,1.6512657403945923,39549954
2016-11-10,2.1884350776672363,2.22953200340271,2.1576120853424072,2.2038469314575195,1.686650037765503,13226823
2016-11-11,2.208983898162842,2.296315908432007,2.198709011077881,2.255218029022217,1.7259656190872192,21541161
2016-11-14,2.2757670879364014,2.2809040546417236,2.1473379135131836,2.1627490520477295,1.655197024345398,10573693
2016-11-15,2.183298110961914,2.208983898162842,2.1781609058380127,2.1884350776672363,1.6748548746109009,5002833
2016-11-16,2.1935720443725586,2.327138900756836,2.1935720443725586,2.327138900756836,1.7810077667236328,22989109
2016-11-17,2.327138900756836,2.3528249263763428,2.2757670879364014,2.2809040546417236,1.7456238269805908,11422786
2016-11-18,2.2757670879364014,2.316864013671875,2.2603559494018555,2.2911789417266846,1.75348699092865,9039703
2016-11-21,2.296315908432007,2.316864013671875,2.2500810623168945,2.2500810623168945,1.722033977508545,6016515
2016-11-22,2.255218029022217,2.2809040546417236,2.2449440956115723,2.2500810623168945,1.722033977508545,7703299
2016-11-23,2.2654929161071777,2.2654929161071777,2.1781609058380127,2.1781609058380127,1.666991949081421,6134023
2016-11-24,2.1884350776672363,2.214121103286743,2.1216518878936768,2.1627490520477295,1.655197024345398,6394918
2016-11-25,2.1678860187530518,2.198709011077881,2.152475118637085,2.183298110961914,1.6709234714508057,5195579
2016-11-28,2.1935720443725586,2.2192580699920654,2.1422009468078613,2.1473379135131836,1.6434025764465332,4761525
2016-11-29,2.1422009468078613,2.1576120853424072,2.0805540084838867,2.1062400341033936,1.6119493246078491,4218417
2016-11-30,2.1113779544830322,2.152475118637085,2.0805540084838867,2.126789093017578,1.627676010131836,4879063
2016-12-01,2.126789093017578,2.126789093017578,2.024045944213867,2.034320116043091,1.5569077730178833,4638325
2016-12-02,2.039457082748413,2.095966100692749,2.0034968852996826,2.0805540084838867,1.5922914743423462,5994386
2016-12-05,2.070280075073242,2.183298110961914,2.0600059032440186,2.1730239391326904,1.6630605459213257,7765304
2016-12-06,2.1935720443725586,2.239806890487671,2.1884350776672363,2.239806890487671,1.7141705751419067,7589635
2016-12-07,2.2449440956115723,2.2757670879364014,2.214121103286743,2.239806890487671,1.7141705751419067,8382486
2016-12-08,2.2500810623168945,2.2500810623168945,2.1678860187530518,2.1781609058380127,1.666991949081421,5682693
2016-12-09,2.1781609058380127,2.1781609058380127,2.1165149211883545,2.1216518878936768,1.6237446069717407,6548056
2016-12-12,2.1062400341033936,2.1576120853424072,2.1011030673980713,2.152475118637085,1.6473338603973389,4784330
2016-12-13,2.1627490520477295,2.214121103286743,2.152475118637085,2.198709011077881,1.6827178001403809,6472196
2016-12-14,2.2038469314575195,2.2192580699920654,2.1627490520477295,2.1781609058380127,1.666991949081421,4266352
2016-12-15,2.1576120853424072,2.198709011077881,2.1576120853424072,2.183298110961914,1.6709234714508057,2635476
2016-12-16,2.1935720443725586,2.214121103286743,2.1781609058380127,2.1884350776672363,1.6748548746109009,2205156
2016-12-19,2.1935720443725586,2.214121103286743,2.1678860187530518,2.1730239391326904,1.6630605459213257,5095514
2016-12-20,2.1627490520477295,2.1884350776672363,2.1370630264282227,2.1781609058380127,1.666991949081421,3840594
2016-12-21,2.183298110961914,2.198709011077881,2.1576120853424072,2.1781609058380127,1.666991949081421,3278126
2016-12-22,2.1781609058380127,2.1935720443725586,2.1627490520477295,2.1730239391326904,1.6630605459213257,2252561
2016-12-23,2.1678860187530518,2.2038469314575195,2.1678860187530518,2.1781609058380127,1.666991949081421,6505786
2016-12-26,2.183298110961914,2.22953200340271,2.183298110961914,2.214121103286743,1.694512963294983,6439423
2016-12-27,2.2243950366973877,2.2346699237823486,2.198709011077881,2.214121103286743,1.694512963294983,6600239
2016-12-28,2.2192580699920654,2.2757670879364014,2.214121103286743,2.2654929161071777,1.733829140663147,11079000
2016-12-29,2.2757670879364014,2.2911789417266846,2.22953200340271,2.22953200340271,1.7063074111938477,8289575
2016-12-30,2.239806890487671,2.2500810623168945,2.2192580699920654,2.2243950366973877,1.7023760080337524,4669484
2017-01-02,2.2243950366973877,2.2757670879364014,2.2243950366973877,2.2654929161071777,1.733829140663147,8865890
2017-01-03,2.2706298828125,2.296315908432007,2.2243950366973877,2.2243950366973877,1.7023760080337524,11012691
2017-01-04,2.239806890487671,2.2603559494018555,2.2192580699920654,2.22953200340271,1.7063074111938477,7420416
2017-01-05,2.239806890487671,2.255218029022217,2.198709011077881,2.2243950366973877,1.7023760080337524,8566449
2017-01-06,2.22953200340271,2.2449440956115723,2.2192580699920654,2.2346699237823486,1.7102396488189697,4891492
2017-01-09,2.22953200340271,2.2809040546417236,2.22953200340271,2.2809040546417236,1.7456238269805908,10448490
2017-01-10,2.2809040546417236,2.3065900802612305,2.2706298828125,2.2757670879364014,1.7416919469833374,8571648
2017-01-11,2.2706298828125,2.301453113555908,2.2654929161071777,2.2757670879364014,1.7416919469833374,7451219
2017-01-12,2.286041021347046,2.4093339443206787,2.286041021347046,2.3528249263763428,1.8006658554077148,29503331
2017-01-13,2.357961893081665,2.40419602394104,2.3528249263763428,2.3785109519958496,1.820324182510376,8225806
2017-01-16,2.3939220905303955,2.4504311084747314,2.388784885406494,2.4247450828552246,1.855708122253418,13631974
2017-01-17,2.435019016265869,2.4658420085906982,2.4247450828552246,2.435019016265869,1.863571047782898,8252864
2017-01-18,2.440156936645508,2.440156936645508,2.3990590572357178,2.40419602394104,1.839981198310852,5121015
2017-01-19,2.4093339443206787,2.429882049560547,2.383647918701172,2.388784885406494,1.8281865119934082,5771501
2017-01-20,2.3939220905303955,2.4196081161499023,2.373373031616211,2.40419602394104,1.839981198310852,5961422
2017-01-23,2.414470911026001,2.4247450828552246,2.357961893081665,2.3630990982055664,1.808529019355774,5279479
2017-01-24,2.3682360649108887,2.3990590572357178,2.342550039291382,2.3939220905303955,1.8321185111999512,5425347
2017-01-25,2.3990590572357178,2.3990590572357178,2.3220019340515137,2.347687005996704,1.7967339754104614,5514891
2017-01-26,2.3528249263763428,2.383647918701172,2.3374130725860596,2.357961893081665,1.80459725856781,6852311
2017-01-27,2.3528249263763428,2.3630990982055664,2.3220019340515137,2.3220019340515137,1.7770767211914062,2681171
2017-01-30,2.3220019340515137,2.3939220905303955,2.3220019340515137,2.383647918701172,1.8242558240890503,7282478
2017-01-31,2.388784885406494,2.4093339443206787,2.3682360649108887,2.3682360649108887,1.8124605417251587,4465596
2017-02-01,2.3682360649108887,2.4247450828552246,2.357961893081665,2.414470911026001,1.8478449583053589,9928610
2017-02-02,2.435019016265869,2.440156936645508,2.40419602394104,2.40419602394104,1.839981198310852,8575923
2017-02-03,2.3939220905303955,2.440156936645508,2.3939220905303955,2.4196081161499023,1.8517765998840332,5808276
2017-02-06,2.429882049560547,2.44529390335083,2.383647918701172,2.388784885406494,1.8281865119934082,6166389
2017-02-07,2.383647918701172,2.3939220905303955,2.3682360649108887,2.3785109519958496,1.820324182510376,4801168
2017-02-08,2.3785109519958496,2.40419602394104,2.3785109519958496,2.3990590572357178,1.836050033569336,5489591
2017-02-09,2.40419602394104,2.4196081161499023,2.3682360649108887,2.3785109519958496,1.820324182510376,5806150
2017-02-10,2.388784885406494,2.3939220905303955,2.3322761058807373,2.3374130725860596,1.7888710498809814,5238270
2017-02-13,2.342550039291382,2.4093339443206787,2.3374130725860596,2.3682360649108887,1.8124605417251587,7960316
2017-02-14,2.373373031616211,2.3785109519958496,2.3374130725860596,2.3374130725860596,1.7888710498809814,4384769
2017-02-15,2.3374130725860596,2.357961893081665,2.316864013671875,2.3220019340515137,1.7770767211914062,3310787
2017-02-16,2.327138900756836,2.3374130725860596,2.3117270469665527,2.316864013671875,1.7731443643569946,2247306
2017-02-17,2.3220019340515137,2.327138900756836,2.2911789417266846,2.296315908432007,1.7574187517166138,2864525
2017-02-20,2.301453113555908,2.3117270469665527,2.2706298828125,2.2757670879364014,1.7416919469833374,2538972
2017-02-21,2.2757670879364014,2.3117270469665527,2.2757670879364014,2.296315908432007,1.7574187517166138,3654241
2017-02-22,2.301453113555908,2.3374130725860596,2.296315908432007,2.3220019340515137,1.7770767211914062,5561722
2017-02-23,2.327138900756836,2.373373031616211,2.327138900756836,2.3630990982055664,1.808529019355774,4588580
2017-02-24,2.357961893081665,2.373373031616211,2.327138900756836,2.3374130725860596,1.7888710498809814,4778420
2017-02-27,2.3374130725860596,2.373373031616211,2.3322761058807373,2.3630990982055664,1.808529019355774,4648679
2017-02-28,2.373373031616211,2.388784885406494,2.357961893081665,2.3682360649108887,1.8124605417251587,5513001
2017-03-01,2.373373031616211,2.3990590572357178,2.373373031616211,2.388784885406494,1.8281865119934082,4356314
2017-03-02,2.3939220905303955,2.491528034210205,2.388784885406494,2.486391067504883,1.9028871059417725,19853815
2017-03-03,2.4812541007995605,2.4966650009155273,2.44529390335083,2.44529390335083,1.8714348077774048,13313426
2017-03-06,2.4658420085906982,2.501802921295166,2.44529390335083,2.491528034210205,1.9068183898925781,11222667
2017-03-07,2.501802921295166,2.589134931564331,2.486391067504883,2.589134931564331,1.9815192222595215,11021708
2017-03-08,2.5994091033935547,2.604546070098877,2.5377631187438965,2.5685861110687256,1.9657924175262451,8321610
2017-03-09,2.563448905944824,2.6456429958343506,2.5377631187438965,2.604546070098877,1.9933136701583862,10078387
2017-03-10,2.604546070098877,2.6713290214538574,2.604546070098877,2.666192054748535,2.040492296218872,7148190
2017-03-13,2.5839970111846924,2.589134931564331,2.4658420085906982,2.4658420085906982,1.887160301208496,18753410
2017-03-14,2.470979928970337,2.4812541007995605,2.414470911026001,2.435019016265869,1.863571047782898,13219514
2017-03-15,2.44529390335083,2.4658420085906982,2.414470911026001,2.4196081161499023,1.8517765998840332,6388794
2017-03-16,2.435019016265869,2.491528034210205,2.429882049560547,2.4504311084747314,1.875365972518921,8834470
2017-03-17,2.4504311084747314,2.4658420085906982,2.4247450828552246,2.4555680751800537,1.8792972564697266,5504189
2017-03-20,2.4555680751800537,2.558311939239502,2.44529390335083,2.548037052154541,1.9500657320022583,21179959
2017-03-21,2.558311939239502,2.604546070098877,2.5531740188598633,2.573723077774048,1.9697239398956299,16871784
2017-03-22,2.558311939239502,2.661055088043213,2.548037052154541,2.604546070098877,1.9933136701583862,35054771
2017-03-23,2.61995792388916,2.7124269008636475,2.5685861110687256,2.6867411136627197,2.0562191009521484,29122787
2017-03-24,2.7021520137786865,2.7432498931884766,2.676466941833496,2.7124269008636475,2.0758771896362305,17641215
2017-03-27,2.7021520137786865,2.7124269008636475,2.6559178829193115,2.661055088043213,2.0365607738494873,12723264
2017-03-28,2.6816039085388184,2.717564105987549,2.661055088043213,2.6816039085388184,2.0522873401641846,15821825
2017-03-29,2.717564105987549,2.7689359188079834,2.707289934158325,2.7329750061035156,2.091602325439453,26799916
2017-03-30,2.7535240650177,2.7689359188079834,2.722701072692871,2.7381129264831543,2.0955352783203125,9933757
2017-03-31,2.7381129264831543,2.7586610317230225,2.7278380393981934,2.7432498931884766,2.099466323852539,6317075
2017-04-03,2.7535240650177,2.7586610317230225,2.7278380393981934,2.7278380393981934,2.0876715183258057,5971173
2017-04-04,2.722701072692871,2.7381129264831543,2.6970150470733643,2.707289934158325,2.0719456672668457,3665880
2017-04-05,2.707289934158325,2.779210090637207,2.7021520137786865,2.7637979984283447,2.115192174911499,9343205
2017-04-06,2.7689359188079834,2.7997589111328125,2.7535240650177,2.7637979984283447,2.115192174911499,8598110
2017-04-07,2.7586610317230225,2.7894840240478516,2.7535240650177,2.7586610317230225,2.1112608909606934,4492852
2017-04-10,2.7740728855133057,2.804896116256714,2.7740728855133057,2.7894840240478516,2.13485050201416,5249517
2017-04-11,2.794620990753174,2.8203070163726807,2.779210090637207,2.810033082962036,2.1505768299102783,8751190
2017-04-12,2.8203070163726807,2.8305819034576416,2.7894840240478516,2.7894840240478516,2.13485050201416,4536493
2017-04-13,2.794620990753174,2.7997589111328125,2.7381129264831543,2.7381129264831543,2.0955352783203125,5022147
2017-04-14,2.7381129264831543,2.779210090637207,2.722701072692871,2.722701072692871,2.083739995956421,5539609
2017-04-17,2.7843470573425293,2.835719108581543,2.7689359188079834,2.8203070163726807,2.158439874649048,16483315
2017-04-18,2.8203070163726807,2.9590110778808594,2.8203070163726807,2.953874111175537,2.2606613636016846,21029074
2017-04-19,2.9744229316711426,3.02579402923584,2.8768160343170166,2.938462018966675,2.248866081237793,14005600
2017-04-20,2.804896116256714,2.8511300086975098,2.7894840240478516,2.8408560752868652,2.298748731613159,6806640
2017-04-21,2.8716790676116943,2.8716790676116943,2.7997589111328125,2.804896116256714,2.26965069770813,4990373
2017-04-24,2.8203070163726807,2.8203070163726807,2.7637979984283447,2.7843470573425293,2.2530229091644287,5289354
2017-04-25,2.810033082962036,2.9025020599365234,2.804896116256714,2.9025020599365234,2.348630905151367,10733705
2017-04-26,2.9076390266418457,3.000108003616333,2.8922278881073,2.9333250522613525,2.373572587966919,10889458
2017-04-27,2.953874111175537,2.9590110778808594,2.881953001022339,2.881953001022339,2.3320038318634033,6065016
2017-04-28,2.8922278881073,2.9487369060516357,2.8870909214019775,2.923051118850708,2.3652586936950684,6593099
2017-05-01,2.923051118850708,2.923051118850708,2.923051118850708,2.923051118850708,2.3652586936950684,0
2017-05-02,2.9281880855560303,2.9744229316711426,2.9025020599365234,2.9435999393463135,2.3818864822387695,6293350
2017-05-03,2.9435999393463135,2.9590110778808594,2.8870909214019775,2.8922278881073,2.340317964553833,3188862
2017-05-04,2.897365093231201,2.9333250522613525,2.8870909214019775,2.9025020599365234,2.348630905151367,4214355
2017-05-05,2.9076390266418457,2.984697103500366,2.9076390266418457,2.9641480445861816,2.3985133171081543,11127842
2017-05-08,2.984697103500366,3.0052459239959717,2.9590110778808594,2.9641480445861816,2.3985133171081543,6327974
2017-05-09,2.9590110778808594,3.000108003616333,2.9333250522613525,2.9744229316711426,2.406827211380005,4375505
2017-05-10,2.923051118850708,2.979559898376465,2.9179139137268066,2.969285011291504,2.402669906616211,4006141
2017-05-11,2.9744229316711426,2.9898340702056885,2.938462018966675,2.9590110778808594,2.3943567276000977,3600980
2017-05-12,2.9641480445861816,3.0206570625305176,2.9641480445861816,3.0155200958251953,2.440082311630249,5075657
2017-05-15,3.036068916320801,3.0514800548553467,3.0155200958251953,3.030930995941162,2.452552318572998,4120881
2017-05-16,3.041205883026123,3.0720291137695312,3.02579402923584,3.036068916320801,2.456709861755371,2125998
2017-05-17,3.030930995941162,3.0514800548553467,2.953874111175537,2.969285011291504,2.402669906616211,3753556
2017-05-18,2.9590110778808594,2.969285011291504,2.9076390266418457,2.9281880855560303,2.369415521621704,3159194
2017-05-19,2.9281880855560303,2.9281880855560303,2.9281880855560303,2.9281880855560303,2.369415521621704,0
2017-05-22,2.9590110778808594,2.969285011291504,2.9435999393463135,2.9487369060516357,2.3860435485839844,1632580
2017-05-23,2.9487369060516357,3.000108003616333,2.9179139137268066,2.9898340702056885,2.419297933578491,2793803
2017-05-24,2.9898340702056885,3.041205883026123,2.969285011291504,2.9744229316711426,2.406827211380005,3772656
2017-05-25,2.984697103500366,3.000108003616333,2.9641480445861816,2.9898340702056885,2.419297933578491,1459082
2017-05-26,2.9898340702056885,3.0206570625305176,2.9641480445861816,2.979559898376465,2.4109842777252197,1430438
2017-05-29,2.979559898376465,3.010382890701294,2.9641480445861816,2.969285011291504,2.402669906616211,2349989
2017-05-30,2.9744229316711426,3.000108003616333,2.953874111175537,2.979559898376465,2.4109842777252197,1663603
2017-05-31,3.000108003616333,3.010382890701294,2.979559898376465,2.9898340702056885,2.419297933578491,2336296
2017-06-01,3.000108003616333,3.000108003616333,2.9590110778808594,2.9744229316711426,2.406827211380005,1630462
2017-06-02,2.984697103500366,3.010382890701294,2.979559898376465,2.9949710369110107,2.423454999923706,2071912
2017-06-05,2.9898340702056885,3.010382890701294,2.9590110778808594,2.969285011291504,2.402669906616211,1541172
2017-06-06,2.9333250522613525,2.9949710369110107,2.9333250522613525,2.979559898376465,2.4109842777252197,1651098
2017-06-07,2.9898340702056885,3.000108003616333,2.9179139137268066,2.9179139137268066,2.3611018657684326,3219656
2017-06-08,2.9281880855560303,2.938462018966675,2.8922278881073,2.912775993347168,2.3569445610046387,2473952
2017-06-09,2.9333250522613525,2.9590110778808594,2.9281880855560303,2.9281880855560303,2.369415521621704,1790868
2017-06-12,2.9333250522613525,2.953874111175537,2.923051118850708,2.9333250522613525,2.373572587966919,1511851
2017-06-13,2.9435999393463135,3.0514800548553467,2.9333250522613525,3.0514800548553467,2.4691805839538574,9080216
2017-06-14,3.0771660804748535,3.082303047180176,2.953874111175537,2.953874111175537,2.390200138092041,7085895
2017-06-15,2.953874111175537,2.979559898376465,2.9333250522613525,2.9435999393463135,2.3818864822387695,2377052
2017-06-16,2.9590110778808594,2.9744229316711426,2.8768160343170166,2.897365093231201,2.3444743156433105,1684959
2017-06-19,2.923051118850708,3.0052459239959717,2.923051118850708,3.000108003616333,2.4276113510131836,4190080
2017-06-20,3.000108003616333,3.0052459239959717,2.9590110778808594,2.9949710369110107,2.423454999923706,1785830
2017-06-21,2.9898340702056885,2.9898340702056885,2.9590110778808594,2.979559898376465,2.4109842777252197,1846821
2017-06-22,2.9744229316711426,2.9949710369110107,2.9435999393463135,2.9590110778808594,2.3943567276000977,2040822
2017-06-23,2.9641480445861816,2.984697103500366,2.9333250522613525,2.938462018966675,2.3777291774749756,1141692
2017-06-26,2.938462018966675,2.938462018966675,2.938462018966675,2.938462018966675,2.3777291774749756,0
2017-06-27,2.938462018966675,2.938462018966675,2.938462018966675,2.938462018966675,2.3777291774749756,0
2017-06-28,2.923051118850708,2.969285011291504,2.9179139137268066,2.9281880855560303,2.369415521621704,2149890
2017-06-29,2.938462018966675,2.9641480445861816,2.9179139137268066,2.923051118850708,2.3652586936950684,2607537
2017-06-30,2.9281880855560303,2.953874111175537,2.923051118850708,2.938462018966675,2.3777291774749756,1850804
2017-07-03,2.9281880855560303,2.984697103500366,2.9281880855560303,2.953874111175537,2.390200138092041,5303247
2017-07-04,2.953874111175537,2.984697103500366,2.9435999393463135,2.9590110778808594,2.3943567276000977,2987890
2017-07-05,2.912775993347168,2.9333250522613525,2.8768160343170166,2.9025020599365234,2.348630905151367,2722653
2017-07-06,2.9076390266418457,2.9179139137268066,2.8408560752868652,2.8459930419921875,2.302905559539795,2065768
2017-07-07,2.8459930419921875,2.8716790676116943,2.835719108581543,2.8459930419921875,2.302905559539795,809394
2017-07-10,2.8614048957824707,2.9025020599365234,2.8614048957824707,2.8870909214019775,2.336160898208618,2764917
2017-07-11,2.9025020599365234,2.9281880855560303,2.8768160343170166,2.9025020599365234,2.348630905151367,2896780
2017-07-12,2.9025020599365234,2.912775993347168,2.8768160343170166,2.8768160343170166,2.3278470039367676,1999740
2017-07-13,2.881953001022339,2.9281880855560303,2.8511300086975098,2.9025020599365234,2.348630905151367,9006265
2017-07-14,2.912775993347168,2.9487369060516357,2.8922278881073,2.912775993347168,2.3569445610046387,5317905
2017-07-17,2.9333250522613525,3.0052459239959717,2.923051118850708,3.000108003616333,2.4276113510131836,11399745
2017-07-18,3.0052459239959717,3.030930995941162,2.953874111175537,2.953874111175537,2.390200138092041,10893840
2017-07-19,2.9641480445861816,3.010382890701294,2.9641480445861816,3.000108003616333,2.4276113510131836,3363953
2017-07-20,2.9744229316711426,2.979559898376465,2.912775993347168,2.953874111175537,2.390200138092041,5241266
2017-07-21,2.9487369060516357,2.9487369060516357,2.9025020599365234,2.923051118850708,2.3652586936950684,3496890
2017-07-24,2.9281880855560303,2.938462018966675,2.8922278881073,2.9025020599365234,2.348630905151367,2912276
2017-07-25,2.9025020599365234,2.9435999393463135,2.9025020599365234,2.9179139137268066,2.3611018657684326,2584082
2017-07-26,2.881953001022339,2.9281880855560303,2.881953001022339,2.923051118850708,2.3652586936950684,3698760
2017-07-27,2.9025020599365234,2.9641480445861816,2.8922278881073,2.9487369060516357,2.3860435485839844,4691037
2017-07-28,2.9641480445861816,2.9641480445861816,2.9281880855560303,2.938462018966675,2.3777291774749756,2415595
2017-07-31,2.938462018966675,2.9590110778808594,2.9281880855560303,2.9435999393463135,2.3818864822387695,2753940
2017-08-01,2.9487369060516357,2.9590110778808594,2.8511300086975098,2.8768160343170166,2.3278470039367676,2220750
2017-08-02,2.8768160343170166,2.9333250522613525,2.835719108581543,2.8870909214019775,2.336160898208618,2722191
2017-08-03,2.8870909214019775,2.897365093231201,2.866542100906372,2.881953001022339,2.3320038318634033,807722
2017-08-04,2.8870909214019775,2.9179139137268066,2.8870909214019775,2.912775993347168,2.3569445610046387,1603658
2017-08-07,2.9179139137268066,3.087440013885498,2.9179139137268066,3.0720291137695312,2.4858081340789795,14825150
2017-08-08,3.0771660804748535,3.082303047180176,3.0206570625305176,3.06689190864563,2.4816513061523438,4158520
2017-08-09,3.0514800548553467,3.1644980907440186,3.041205883026123,3.159360885620117,2.5564749240875244,14697741
2017-08-10,3.1644980907440186,3.185046911239624,3.113126039505005,3.154223918914795,2.5523180961608887,6355034
2017-08-11,3.143949031829834,3.2210071086883545,3.1028521060943604,3.2107319831848145,2.5980429649353027,6607410
2017-08-14,3.215869903564453,3.2518301010131836,3.174772024154663,3.2364180088043213,2.6188275814056396,6378119
2017-08-15,3.2364180088043213,3.2672410011291504,3.1490859985351562,3.185046911239624,2.5772597789764404,3840680
2017-08-16,3.1901841163635254,3.24155592918396,3.097714900970459,3.20045804977417,2.5897295475006104,3982612
2017-08-17,3.2261440753936768,3.2672410011291504,3.174772024154663,3.2518301010131836,2.631298303604126,3251405
2017-08-18,3.2518301010131836,3.344299077987671,3.231281042098999,3.3237500190734863,2.6894943714141846,6564624
2017-08-21,3.3545730113983154,3.5035510063171387,3.3391621112823486,3.488140106201172,2.822514772415161,7989402
2017-08-22,3.5035510063171387,3.5343739986419678,3.4419050216674805,3.5086889266967773,2.839142322540283,4950946
2017-08-23,3.518963098526001,3.5395119190216064,3.4162189960479736,3.4213569164276123,2.768475294113159,4459406
2017-08-24,3.4213569164276123,3.4675910472869873,3.400808095932007,3.4213569164276123,2.768475294113159,2303229
2017-08-25,3.4213569164276123,3.488140106201172,3.405945062637329,3.4521799087524414,2.7934165000915527,2390575
2017-08-28,3.4675910472869873,3.4675910472869873,3.4264938831329346,3.431631088256836,2.7767889499664307,1475803
2017-08-29,3.431631088256836,3.462454080581665,3.4162189960479736,3.4470419883728027,2.789259195327759,1138552
2017-08-30,3.4470419883728027,3.4470419883728027,3.4470419883728027,3.4470419883728027,2.789259195327759,0
2017-08-31,3.4727280139923096,3.5446488857269287,3.4470419883728027,3.4675910472869873,2.805886745452881,408380
2017-09-01,3.4675910472869873,3.4675910472869873,3.4675910472869873,3.4675910472869873,2.805886745452881,0
2017-09-04,3.4675910472869873,3.4675910472869873,3.4675910472869873,3.4675910472869873,2.805886745452881,0
2017-09-05,3.4984140396118164,3.5138258934020996,3.3648478984832764,3.3751220703125,2.7310633659362793,1376545
2017-09-06,3.3648478984832764,3.4110820293426514,3.359710931777954,3.390533924102783,2.7435343265533447,1320440
2017-09-07,3.390533924102783,3.462454080581665,3.390533924102783,3.4110820293426514,2.7601613998413086,1532157
2017-09-08,3.4162189960479736,3.4264938831329346,3.3648478984832764,3.4213569164276123,2.768475294113159,1906040
2017-09-11,3.596019983291626,3.683351993560791,3.5035510063171387,3.5138258934020996,2.843299150466919,5361110
2017-09-12,3.518963098526001,3.5343739986419678,3.4213569164276123,3.5138258934020996,2.843299150466919,1612262
2017-09-13,3.5395119190216064,3.54978609085083,3.4419050216674805,3.4419050216674805,2.785102605819702,1554331
2017-09-14,3.462454080581665,3.4675910472869873,3.400808095932007,3.4675910472869873,2.805886745452881,1427806
2017-09-15,3.477864980697632,3.575472116470337,3.462454080581665,3.5292370319366455,2.855769157409668,3000878
2017-09-18,3.5343739986419678,3.5395119190216064,3.4110820293426514,3.431631088256836,2.7767889499664307,1776757
2017-09-19,3.436768054962158,3.4521799087524414,3.3083391189575195,3.3648478984832764,2.722749710083008,1677716
2017-09-20,3.344299077987671,3.390533924102783,3.2929270267486572,3.349436044692993,2.7102787494659424,2230571
2017-09-21,3.3391621112823486,3.3391621112823486,3.2364180088043213,3.256967067718506,2.6354548931121826,1356411
2017-09-22,3.272378921508789,3.2929270267486572,3.24155592918396,3.2775158882141113,2.652082920074463,661546
2017-09-25,3.262104034423828,3.262104034423828,3.1028521060943604,3.143949031829834,2.54400372505188,1288210
2017-09-26,3.159360885620117,3.2210071086883545,3.159360885620117,3.205595016479492,2.593885898590088,776425
2017-09-27,3.215869903564453,3.256967067718506,3.169635057449341,3.2210071086883545,2.6063573360443115,1494907
2017-09-28,3.2364180088043213,3.3237500190734863,3.185046911239624,3.318613052368164,2.6853373050689697,1970321
2017-09-29,3.3391621112823486,3.3751220703125,3.2775158882141113,3.3751220703125,2.7310633659362793,2659225
2017-10-02,3.4162189960479736,3.5292370319366455,3.3751220703125,3.5292370319366455,2.855769157409668,3743977
2017-10-03,3.5292370319366455,3.5446488857269287,3.4264938831329346,3.5343739986419678,2.8599257469177246,3248265
2017-10-04,3.5446488857269287,3.596019983291626,3.4830029010772705,3.5395119190216064,2.8640835285186768,2924550
2017-10-05,3.5241000652313232,3.5241000652313232,3.4521799087524414,3.4521799087524414,2.7934165000915527,2078111
2017-10-06,3.4419050216674805,3.4573171138763428,3.4110820293426514,3.4470419883728027,2.789259195327759,1080615
2017-10-09,3.3340249061584473,3.3802590370178223,3.256967067718506,3.3751220703125,2.7310633659362793,1797878
2017-10-10,3.405945062637329,3.493277072906494,3.405945062637329,3.4675910472869873,2.805886745452881,2599061
2017-10-11,3.4675910472869873,3.5138258934020996,3.4419050216674805,3.4675910472869873,2.805886745452881,2278759
2017-10-12,3.488140106201172,3.5241000652313232,3.4830029010772705,3.5035510063171387,2.834984540939331,2327636
2017-10-13,3.5035510063171387,3.780958890914917,3.4830029010772705,3.6884899139404297,2.9846324920654297,7417885
2017-10-16,3.72445011138916,3.837467908859253,3.6114320755004883,3.6319808959960938,2.9389069080352783,13383168
2017-10-17,3.6422550678253174,3.7295870780944824,3.637118101119995,3.6884899139404297,2.9846324920654297,4945297
2017-10-18,3.7039010524749756,3.770684003829956,3.683351993560791,3.709038019180298,3.0012595653533936,6210822
2017-10-19,3.719312906265259,3.780958890914917,3.709038019180298,3.765547037124634,3.046985387802124,4050469
2017-10-20,3.7758209705352783,3.827193021774292,3.72445011138916,3.827193021774292,3.096867799758911,4195821
2017-10-23,3.811781883239746,3.899113893508911,3.7758209705352783,3.8220560550689697,3.0927109718322754,5626672
2017-10-24,3.827193021774292,3.858016014099121,3.744997978210449,3.806644916534424,3.080240249633789,4631099
2017-10-25,3.811781883239746,3.8426051139831543,3.765547037124634,3.770684003829956,3.0511422157287598,2711353
2017-10-26,3.765547037124634,3.8939759731292725,3.739861011505127,3.7758209705352783,3.055298328399658,12176977
2017-10-27,3.7758209705352783,3.8477420806884766,3.7758209705352783,3.7912330627441406,3.0677695274353027,4043761
2017-10-30,3.8220560550689697,3.88883900642395,3.8220560550689697,3.8426051139831543,3.1093389987945557,2294810
2017-10-31,3.8477420806884766,3.8734281063079834,3.811781883239746,3.8323299884796143,3.101024627685547,2130911
2017-11-01,3.8426051139831543,3.8631529808044434,3.806644916534424,3.852879047393799,3.11765193939209,2541098
2017-11-02,3.868290901184082,3.88883900642395,3.8169190883636475,3.8220560550689697,3.0927109718322754,3433511
2017-11-03,3.827193021774292,3.837467908859253,3.6884899139404297,3.770684003829956,3.0511422157287598,3336899
2017-11-06,3.7860960960388184,3.868290901184082,3.770684003829956,3.8426051139831543,3.1093389987945557,3038591
2017-11-07,3.858016014099121,3.899113893508911,3.7860960960388184,3.801506996154785,3.076082944869995,5202445
2017-11-08,3.806644916534424,3.8220560550689697,3.750135898590088,3.801506996154785,3.076082944869995,1577387
2017-11-09,3.8426051139831543,3.945348024368286,3.8220560550689697,3.924799919128418,3.175848960876465,8104113
2017-11-10,3.945348024368286,3.955622911453247,3.8631529808044434,3.9042510986328125,3.1592211723327637,3532966
2017-11-13,3.914525032043457,3.971034049987793,3.858016014099121,3.8785650730133057,3.1384365558624268,2096370
2017-11-14,3.8785650730133057,3.9761710166931152,3.858016014099121,3.9607601165771484,3.204946994781494,3762351
2017-11-15,3.9658970832824707,3.9813079833984375,3.868290901184082,3.868290901184082,3.1301229000091553,3466897
2017-11-16,3.868290901184082,3.9042510986328125,3.780958890914917,3.852879047393799,3.11765193939209,1992344
2017-11-17,3.8477420806884766,3.8631529808044434,3.71417498588562,3.719312906265259,3.0095741748809814,1858859
2017-11-20,3.739861011505127,3.739861011505127,3.5292370319366455,3.5703349113464355,2.8890247344970703,1855830
2017-11-21,3.5395119190216064,3.6473920345306396,3.4830029010772705,3.6319808959960938,2.9389069080352783,2671514
2017-11-22,3.6319808959960938,3.6987640857696533,3.5446488857269287,3.575472116470337,2.8931808471679688,2201199
2017-11-23,3.606295108795166,3.621706008911133,3.5395119190216064,3.54978609085083,2.872396945953369,1417334
2017-11-24,3.5343739986419678,3.580609083175659,3.5138258934020996,3.5395119190216064,2.8640835285186768,787765
2017-11-27,3.5292370319366455,3.5600600242614746,3.488140106201172,3.5395119190216064,2.8640835285186768,1176088
2017-11-28,3.5446488857269287,3.6114320755004883,3.2980639934539795,3.3545730113983154,2.714435338973999,2212966
2017-11-29,3.3545730113983154,3.4162189960479736,3.272378921508789,3.3237500190734863,2.6894943714141846,1180818
2017-11-30,3.3391621112823486,3.405945062637329,3.3083391189575195,3.3391621112823486,2.701965808868408,1746614
2017-12-01,3.344299077987671,3.6576669216156006,3.2826530933380127,3.596019983291626,2.909808397293091,14220787
2017-12-04,3.606295108795166,3.924799919128418,3.596019983291626,3.9196619987487793,3.1716911792755127,15763952
2017-12-05,3.945348024368286,4.037817001342773,3.5241000652313232,3.5292370319366455,2.855769157409668,22468031
2017-12-06,3.5446488857269287,3.637118101119995,3.4264938831329346,3.4419050216674805,2.785102605819702,9090254
2017-12-07,3.4521799087524414,3.5035510063171387,3.3956708908081055,3.4419050216674805,2.785102605819702,6920503
2017-12-08,3.4521799087524414,3.518963098526001,3.4470419883728027,3.488140106201172,2.822514772415161,4729404
2017-12-11,3.518963098526001,3.580609083175659,3.431631088256836,3.488140106201172,2.822514772415161,11742472
2017-12-12,3.488140106201172,3.5035510063171387,3.4521799087524414,3.4830029010772705,2.818357467651367,2258249
2017-12-13,3.477864980697632,3.4984140396118164,3.431631088256836,3.436768054962158,2.7809457778930664,2757832
2017-12-14,3.4470419883728027,3.518963098526001,3.436768054962158,3.5086889266967773,2.839142322540283,4921637
2017-12-15,3.488140106201172,3.5908830165863037,3.4830029010772705,3.5857460498809814,2.9014947414398193,5836883
2017-12-18,3.5908830165863037,3.6165690422058105,3.5395119190216064,3.5703349113464355,2.8890247344970703,4049813
2017-12-19,3.5600600242614746,3.626842975616455,3.518963098526001,3.5703349113464355,2.8890247344970703,6420644
2017-12-20,3.5703349113464355,3.662803888320923,3.5446488857269287,3.621706008911133,2.9305927753448486,6552645
2017-12-21,3.6165690422058105,3.744997978210449,3.5908830165863037,3.7347240447998047,3.0220441818237305,9357415
2017-12-22,3.750135898590088,3.765547037124634,3.652529001235962,3.6730780601501465,2.9721615314483643,4597141
2017-12-25,3.6884899139404297,3.7347240447998047,3.667941093444824,3.6987640857696533,2.992946147918701,2741219
2017-12-26,3.709038019180298,3.7552731037139893,3.693627119064331,3.7295870780944824,3.017887592315674,3233177
2017-12-27,3.739861011505127,3.7912330627441406,3.71417498588562,3.72445011138916,3.013730764389038,4889335
2017-12-28,3.750135898590088,3.7860960960388184,3.7295870780944824,3.770684003829956,3.0511422157287598,6989938
2017-12-29,3.7860960960388184,3.801506996154785,3.7295870780944824,3.7295870780944824,3.017887592315674,2988994
2018-01-01,3.7295870780944824,3.7295870780944824,3.7295870780944824,3.7295870780944824,3.017887592315674,0
2018-01-02,3.750135898590088,3.765547037124634,3.606295108795166,3.6422550678253174,2.94722056388855,10087416
2018-01-03,3.667941093444824,3.667941093444824,3.5241000652313232,3.5600600242614746,2.8807103633880615,4897473
2018-01-04,3.5600600242614746,3.606295108795166,3.5086889266967773,3.5549230575561523,2.876553773880005,5190370
2018-01-05,3.5600600242614746,3.6319808959960938,3.5395119190216064,3.606295108795166,2.9181222915649414,4933100
2018-01-08,3.621706008911133,3.6730780601501465,3.606295108795166,3.6319808959960938,2.9389069080352783,4987445
2018-01-09,3.6473920345306396,3.6987640857696533,3.6319808959960938,3.637118101119995,2.943063735961914,6893643
2018-01-10,3.6422550678253174,3.652529001235962,3.5857460498809814,3.6165690422058105,2.926436185836792,3814977
2018-01-11,3.6473920345306396,3.72445011138916,3.6165690422058105,3.71417498588562,3.00541615486145,11084197
2018-01-12,3.72445011138916,3.780958890914917,3.709038019180298,3.750135898590088,3.034514904022217,7983879
2018-01-15,3.7295870780944824,3.8734281063079834,3.71417498588562,3.719312906265259,3.0095741748809814,16847642
2018-01-16,3.719312906265259,3.8426051139831543,3.662803888320923,3.8323299884796143,3.101024627685547,12015712
2018-01-17,3.837467908859253,3.883702039718628,3.709038019180298,3.780958890914917,3.0594561100006104,18411231
2018-01-18,3.801506996154785,3.858016014099121,3.7604100704193115,3.7604100704193115,3.042828321456909,11483752
2018-01-19,3.7552731037139893,3.7860960960388184,3.626842975616455,3.637118101119995,2.943063735961914,5479475
2018-01-22,3.6576669216156006,3.7039010524749756,3.6114320755004883,3.6782150268554688,2.976318359375,6194233
2018-01-23,3.693627119064331,3.744997978210449,3.6730780601501465,3.6782150268554688,2.976318359375,4545712
2018-01-24,3.6884899139404297,3.7295870780944824,3.6782150268554688,3.7039010524749756,2.997102737426758,3581816
2018-01-25,3.7039010524749756,3.739861011505127,3.637118101119995,3.637118101119995,2.943063735961914,5774946
2018-01-26,3.652529001235962,3.6782150268554688,3.6473920345306396,3.6782150268554688,2.976318359375,2578184
2018-01-29,3.6782150268554688,3.71417498588562,3.6576669216156006,3.6576669216156006,2.9596915245056152,3078726
2018-01-30,3.6576669216156006,3.693627119064331,3.652529001235962,3.662803888320923,2.963848352432251,1851060
2018-01-31,3.6782150268554688,3.72445011138916,3.6730780601501465,3.683351993560791,2.9804751873016357,3259750
2018-02-01,3.693627119064331,3.801506996154785,3.693627119064331,3.801506996154785,3.076082944869995,9641402
2018-02-02,3.8169190883636475,3.8220560550689697,3.7295870780944824,3.7552731037139893,3.0386719703674316,3870235
2018-02-05,3.739861011505127,3.744997978210449,3.693627119064331,3.719312906265259,3.0095741748809814,2142462
2018-02-06,3.6165690422058105,3.719312906265259,3.580609083175659,3.719312906265259,3.0095741748809814,4250427
2018-02-07,3.7295870780944824,3.8477420806884766,3.667941093444824,3.709038019180298,3.0012595653533936,12371244
2018-02-08,3.7347240447998047,3.744997978210449,3.6422550678253174,3.6576669216156006,2.9596915245056152,3403802
2018-02-09,3.565196990966797,3.6319808959960938,3.5446488857269287,3.5857460498809814,2.9014947414398193,3297440
2018-02-12,3.621706008911133,3.6422550678253174,3.6011579036712646,3.6165690422058105,2.926436185836792,2386869
2018-02-13,3.6165690422058105,3.637118101119995,3.5395119190216064,3.5908830165863037,2.905651569366455,2547401
2018-02-14,3.6011579036712646,3.6011579036712646,3.5138258934020996,3.5343739986419678,2.8599257469177246,1942175
2018-02-15,3.5600600242614746,3.6114320755004883,3.5549230575561523,3.596019983291626,2.909808397293091,1897119
2018-02-16,3.621706008911133,3.6319808959960938,3.575472116470337,3.6011579036712646,2.913965940475464,1741453
2018-02-19,3.6114320755004883,3.626842975616455,3.5343739986419678,3.575472116470337,2.8931808471679688,2018246
2018-02-20,3.575472116470337,3.6422550678253174,3.3391621112823486,3.4419050216674805,2.785102605819702,4965332
2018-02-21,3.5292370319366455,3.5549230575561523,3.477864980697632,3.5343739986419678,2.8599257469177246,2372018
2018-02-22,3.5241000652313232,3.580609083175659,3.518963098526001,3.5446488857269287,2.8682401180267334,2044501
2018-02-23,3.5600600242614746,3.575472116470337,3.5343739986419678,3.5549230575561523,2.876553773880005,1494866
2018-02-26,3.5703349113464355,3.575472116470337,3.5343739986419678,3.565196990966797,2.8848674297332764,1591501
2018-02-27,3.5600600242614746,3.5600600242614746,3.5035510063171387,3.5292370319366455,2.855769157409668,1479564
2018-02-28,3.5292370319366455,3.5343739986419678,3.493277072906494,3.5035510063171387,2.834984540939331,1895523
2018-03-01,3.5086889266967773,3.5292370319366455,3.4419050216674805,3.4573171138763428,2.7975733280181885,2266458
2018-03-02,3.4419050216674805,3.4573171138763428,3.3802590370178223,3.390533924102783,2.7435343265533447,1998829
2018-03-05,3.3956708908081055,3.431631088256836,3.3853960037231445,3.4162189960479736,2.7643179893493652,1422330
2018-03-06,3.436768054962158,3.54978609085083,3.4213569164276123,3.4984140396118164,2.8308281898498535,3266526
2018-03-07,3.4727280139923096,3.5138258934020996,3.462454080581665,3.488140106201172,2.822514772415161,1861317
2018-03-08,3.477864980697632,3.5241000652313232,3.4162189960479736,3.4573171138763428,2.7975733280181885,2266493
2018-03-09,3.4573171138763428,3.488140106201172,3.4213569164276123,3.4264938831329346,2.772631883621216,1592122
2018-03-12,3.4419050216674805,3.5292370319366455,3.431631088256836,3.518963098526001,2.8474557399749756,4792955
2018-03-13,3.5292370319366455,3.565196990966797,3.4521799087524414,3.4521799087524414,2.7934165000915527,4363775
2018-03-14,3.477864980697632,3.5343739986419678,3.4675910472869873,3.477864980697632,2.8142004013061523,2779861
2018-03-15,3.493277072906494,3.5035510063171387,3.4419050216674805,3.4470419883728027,2.789259195327759,1764412
2018-03-16,3.4573171138763428,3.4573171138763428,3.405945062637329,3.4162189960479736,2.7643179893493652,2084148
2018-03-19,3.405945062637329,3.4264938831329346,3.287790060043335,3.313476085662842,2.681180715560913,3408049
2018-03-20,3.3545730113983154,3.3648478984832764,3.318613052368164,3.344299077987671,2.706122398376465,1944840
2018-03-21,3.349436044692993,3.4264938831329346,3.349436044692993,3.4110820293426514,2.7601613998413086,2280176
2018-03-22,3.4264938831329346,3.431631088256836,3.3751220703125,3.3853960037231445,2.739377021789551,2634875
2018-03-23,3.344299077987671,3.390533924102783,3.3237500190734863,3.3648478984832764,2.722749710083008,2725242
2018-03-26,3.436768054962158,3.4470419883728027,3.390533924102783,3.390533924102783,2.7435343265533447,2906182
2018-03-27,3.4162189960479736,3.4213569164276123,3.3751220703125,3.400808095932007,2.751847743988037,2344170
2018-03-28,3.3853960037231445,3.390533924102783,3.3288869857788086,3.344299077987671,2.706122398376465,1968382
2018-03-29,3.349436044692993,3.400808095932007,3.3288869857788086,3.3751220703125,2.7310633659362793,2901623
2018-03-30,3.3802590370178223,3.493277072906494,3.3545730113983154,3.462454080581665,2.8017303943634033,7628707
2018-04-02,3.477864980697632,3.5241000652313232,3.462454080581665,3.5035510063171387,2.834984540939331,4181733
2018-04-03,3.5086889266967773,3.5138258934020996,3.4521799087524414,3.4675910472869873,2.805886745452881,2356292
2018-04-04,3.4830029010772705,3.488140106201172,3.400808095932007,3.436768054962158,2.7809457778930664,2544609
2018-04-05,3.4419050216674805,3.477864980697632,3.4162189960479736,3.4264938831329346,2.772631883621216,1917934
2018-04-06,3.431631088256836,3.462454080581665,3.4162189960479736,3.4264938831329346,2.772631883621216,1774832
2018-04-09,3.436768054962158,3.4727280139923096,3.4162189960479736,3.4419050216674805,2.785102605819702,3512278
2018-04-10,3.462454080581665,3.462454080581665,3.318613052368164,3.344299077987671,2.706122398376465,3159860
2018-04-11,3.3545730113983154,3.4110820293426514,3.1336750984191895,3.3083391189575195,2.6770243644714355,3580625
2018-04-12,3.2929270267486572,3.3083391189575195,3.20045804977417,3.272378921508789,2.6479265689849854,2973799
2018-04-13,3.2775158882141113,3.2826530933380127,3.174772024154663,3.185046911239624,2.5772597789764404,3240930
2018-04-16,3.20045804977417,3.2518301010131836,3.1901841163635254,3.2261440753936768,2.610513925552368,2352190
2018-04-17,3.2518301010131836,3.262104034423828,3.1079890727996826,3.143949031829834,2.54400372505188,5284239
2018-04-18,3.143949031829834,3.231281042098999,3.087440013885498,3.215869903564453,2.602200984954834,4410349
2018-04-19,3.2364180088043213,3.2364180088043213,3.1953210830688477,3.2107319831848145,2.5980429649353027,1707435
2018-04-20,3.2107319831848145,3.24155592918396,3.1953210830688477,3.215869903564453,2.602200984954834,2352940
2018-04-23,3.215869903564453,3.215869903564453,3.215869903564453,3.215869903564453,2.602200984954834,0
2018-04-24,3.2261440753936768,3.231281042098999,3.143949031829834,3.1490859985351562,2.5481605529785156,2957527
2018-04-25,3.143949031829834,3.174772024154663,3.02579402923584,3.056617021560669,2.473336935043335,3999425
2018-04-26,3.0720291137695312,3.123400926589966,3.0155200958251953,3.0771660804748535,2.489964485168457,1578961
2018-04-27,3.082303047180176,3.118263006210327,3.0514800548553467,3.0720291137695312,2.4858081340789795,1301075
2018-04-30,3.082303047180176,3.087440013885498,2.9435999393463135,3.000108003616333,2.4276113510131836,2083260
2018-05-01,3.000108003616333,3.000108003616333,3.000108003616333,3.000108003616333,2.4276113510131836,0
2018-05-02,3.000108003616333,3.0155200958251953,2.9076390266418457,2.953874111175537,2.390200138092041,2791735
2018-05-03,2.9744229316711426,3.0052459239959717,2.9281880855560303,2.938462018966675,2.3777291774749756,1768904
2018-05-04,3.010382890701294,3.143949031829834,2.984697103500366,3.087440013885498,2.4982783794403076,5760736
2018-05-07,3.1079890727996826,3.1490859985351562,2.923051118850708,2.938462018966675,2.3777291774749756,2869922
2018-05-08,2.938462018966675,2.9487369060516357,2.717564105987549,2.7535240650177,2.2280819416046143,4997704
2018-05-09,2.7535240650177,2.8151700496673584,2.6456429958343506,2.779210090637207,2.248866319656372,6896073
2018-05-10,2.6970150470733643,2.810033082962036,2.666192054748535,2.7535240650177,2.2280819416046143,4411445
2018-05-11,2.7740728855133057,2.7740728855133057,2.6559178829193115,2.6816039085388184,2.1698858737945557,2713994
2018-05-14,2.661055088043213,2.707289934158325,2.6456429958343506,2.666192054748535,2.1574151515960693,3781698
2018-05-15,2.6507809162139893,2.6713290214538574,2.589134931564331,2.609683036804199,2.1116888523101807,2644419
2018-05-16,2.5994091033935547,2.6559178829193115,2.57886004447937,2.6250948905944824,2.124160051345825,1793108
2018-05-17,2.630232095718384,2.691878080368042,2.5839970111846924,2.5994091033935547,2.1033763885498047,1735113
2018-05-18,2.604546070098877,2.6405060291290283,2.589134931564331,2.6148200035095215,2.1158461570739746,726006
2018-05-21,2.61995792388916,2.666192054748535,2.57886004447937,2.589134931564331,2.095062494277954,1126983
2018-05-22,2.61995792388916,2.61995792388916,2.5839970111846924,2.604546070098877,2.1075329780578613,1870086
2018-05-23,2.5942718982696533,2.604546070098877,2.4555680751800537,2.4966650009155273,2.020238161087036,3556701
2018-05-24,2.517214059829712,2.527488946914673,2.3939220905303955,2.4093339443206787,1.9495720863342285,2366212
2018-05-25,2.414470911026001,2.440156936645508,2.40419602394104,2.429882049560547,1.9661990404129028,2541812
2018-05-28,2.4658420085906982,2.517214059829712,2.4555680751800537,2.5069398880004883,2.0285520553588867,2962839
2018-05-29,2.517214059829712,2.5531740188598633,2.486391067504883,2.5120770931243896,2.0327091217041016,2864285
2018-05-30,2.517214059829712,2.5531740188598633,2.486391067504883,2.501802921295166,2.024395704269409,1777442
2018-05-31,2.517214059829712,2.517214059829712,2.435019016265869,2.44529390335083,1.9786698818206787,1159318
2018-06-01,2.4555680751800537,2.4555680751800537,2.3785109519958496,2.388784885406494,1.9329439401626587,1862203
2018-06-04,2.3990590572357178,2.435019016265869,2.388784885406494,2.3990590572357178,1.9412579536437988,1546648
2018-06-05,2.3990590572357178,2.4093339443206787,2.3322761058807373,2.342550039291382,1.8955321311950684,1433644
2018-06-06,2.3630990982055664,2.3682360649108887,2.3117270469665527,2.3528249263763428,1.903846263885498,1609359
2018-06-07,2.3682360649108887,2.414470911026001,2.3374130725860596,2.3785109519958496,1.924630880355835,2546420
2018-06-08,2.3785109519958496,2.3785109519958496,2.3117270469665527,2.327138900756836,1.8830618858337402,1183051
2018-06-11,2.3220019340515137,2.3374130725860596,2.2500810623168945,2.3117270469665527,1.870591163635254,1441728
2018-06-12,2.3220019340515137,2.3682360649108887,2.296315908432007,2.3322761058807373,1.887218952178955,1217695
2018-06-13,2.3322761058807373,2.347687005996704,2.2809040546417236,2.296315908432007,1.8581207990646362,934675
2018-06-14,2.3220019340515137,2.3220019340515137,2.2706298828125,2.3065900802612305,1.8664345741271973,683611
2018-06-15,2.3065900802612305,2.3065900802612305,2.3065900802612305,2.3065900802612305,1.8664345741271973,0
2018-06-18,2.301453113555908,2.327138900756836,2.2757670879364014,2.2911789417266846,1.853963851928711,816342
2018-06-19,2.2911789417266846,2.4093339443206787,2.2706298828125,2.3990590572357178,1.9412579536437988,2089978
2018-06-20,2.3990590572357178,2.4966650009155273,2.3990590572357178,2.491528034210205,2.0160813331604004,3280253
2018-06-21,2.5120770931243896,2.517214059829712,2.4093339443206787,2.414470911026001,1.9537287950515747,4711842
2018-06-22,2.435019016265869,2.435019016265869,2.3785109519958496,2.3990590572357178,1.9412579536437988,1204563
2018-06-25,2.486391067504883,2.4966650009155273,2.327138900756836,2.347687005996704,1.899688720703125,3324445
2018-06-26,2.342550039291382,2.347687005996704,2.3117270469665527,2.3374130725860596,1.8913755416870117,3327733
2018-06-27,2.198709011077881,2.2757670879364014,2.1935720443725586,2.2706298828125,1.9532432556152344,3942263
2018-06-28,2.2809040546417236,2.327138900756836,2.2603559494018555,2.301453113555908,1.9797576665878296,1938593
2018-06-29,2.3117270469665527,2.40419602394104,2.3117270469665527,2.3630990982055664,2.032787322998047,3398400
2018-07-02,2.3785109519958496,2.4658420085906982,2.3630990982055664,2.435019016265869,2.0946543216705322,5235782
2018-07-03,2.44529390335083,2.4504311084747314,2.388784885406494,2.4093339443206787,2.0725595951080322,2909662
2018-07-04,2.4196081161499023,2.4555680751800537,2.383647918701172,2.4196081161499023,2.081397294998169,6695503
2018-07-05,2.4504311084747314,2.476116895675659,2.414470911026001,2.4247450828552246,2.0858163833618164,4939152
2018-07-06,2.440156936645508,2.44529390335083,2.373373031616211,2.388784885406494,2.054882526397705,2958539
2018-07-09,2.40419602394104,2.440156936645508,2.373373031616211,2.383647918701172,2.050463914871216,6089261
2018-07-10,2.3630990982055664,2.373373031616211,2.2706298828125,2.2706298828125,1.9532432556152344,3116613
2018-07-11,2.2603559494018555,2.2603559494018555,2.095966100692749,2.1165149211883545,1.820670247077942,2929109
2018-07-12,2.1576120853424072,2.1730239391326904,2.06514310836792,2.1165149211883545,1.820670247077942,3606417
2018-07-13,2.1370630264282227,2.1678860187530518,2.1319260597229004,2.1576120853424072,1.8560231924057007,2111009
2018-07-16,2.1627490520477295,2.183298110961914,2.126789093017578,2.1422009468078613,1.8427660465240479,1677148
2018-07-17,2.1576120853424072,2.2449440956115723,2.1422009468078613,2.2346699237823486,1.9223099946975708,3312594
2018-07-18,2.255218029022217,2.296315908432007,2.2192580699920654,2.2500810623168945,1.9355665445327759,2785460
2018-07-19,2.2654929161071777,2.2911789417266846,2.2603559494018555,2.2809040546417236,1.9620815515518188,1225940
2018-07-20,2.2757670879364014,2.3374130725860596,2.2603559494018555,2.3322761058807373,2.006272792816162,2317739
2018-07-23,2.3682360649108887,2.388784885406494,2.357961893081665,2.3785109519958496,2.0460448265075684,3801692
2018-07-24,2.373373031616211,2.3785109519958496,2.2449440956115723,2.2603559494018555,1.944405436515808,2626131
2018-07-25,2.2706298828125,2.4093339443206787,2.2603559494018555,2.3682360649108887,2.0372061729431152,2442471
2018-07-26,2.3990590572357178,2.3990590572357178,2.296315908432007,2.316864013671875,1.9930145740509033,3421716
2018-07-27,2.301453113555908,2.3630990982055664,2.296315908432007,2.3528249263763428,2.023949146270752,1817822
2018-07-30,2.3630990982055664,2.44529390335083,2.347687005996704,2.440156936645508,2.099074125289917,2918463
2018-07-31,2.4504311084747314,2.5942718982696533,2.435019016265869,2.5531740188598633,2.196293592453003,8834265
2018-08-01,2.5685861110687256,2.6250948905944824,2.501802921295166,2.5685861110687256,2.2095515727996826,9465564
2018-08-02,2.517214059829712,2.522351026535034,2.4658420085906982,2.4812541007995605,2.1344265937805176,3556600
2018-08-03,2.476116895675659,2.5377631187438965,2.476116895675659,2.522351026535034,2.169779062271118,2229467
2018-08-06,2.517214059829712,2.527488946914673,2.4196081161499023,2.476116895675659,2.13000750541687,2371755
2018-08-07,2.470979928970337,2.491528034210205,2.435019016265869,2.470979928970337,2.125588893890381,2334077
2018-08-08,2.491528034210205,2.5069398880004883,2.4555680751800537,2.486391067504883,2.138845682144165,2362967
2018-08-09,2.460705041885376,2.5069398880004883,2.414470911026001,2.414470911026001,2.0769782066345215,5138036
2018-08-10,2.3630990982055664,2.4196081161499023,2.1319260597229004,2.2603559494018555,1.944405436515808,7116612
2018-08-13,2.2603559494018555,2.2809040546417236,2.034320116043091,2.2500810623168945,1.9355665445327759,5346288
2018-08-14,2.3065900802612305,2.435019016265869,2.301453113555908,2.4247450828552246,2.0858163833618164,2933296
2018-08-15,2.4555680751800537,2.4555680751800537,2.2654929161071777,2.2809040546417236,1.9620815515518188,3386794
2018-08-16,2.3220019340515137,2.3374130725860596,2.255218029022217,2.2757670879364014,1.9576624631881714,2333316
2018-08-17,2.2809040546417236,2.296315908432007,2.208983898162842,2.2911789417266846,1.9709199666976929,1862051
2018-08-20,2.2243950366973877,2.286041021347046,2.2038469314575195,2.286041021347046,1.966500163078308,977673
2018-08-21,2.286041021347046,2.286041021347046,2.286041021347046,2.286041021347046,1.966500163078308,0
2018-08-22,2.286041021347046,2.286041021347046,2.286041021347046,2.286041021347046,1.966500163078308,0
2018-08-23,2.286041021347046,2.286041021347046,2.286041021347046,2.286041021347046,1.966500163078308,0
2018-08-24,2.286041021347046,2.286041021347046,2.286041021347046,2.286041021347046,1.966500163078308,0
2018-08-27,2.2911789417266846,2.44529390335083,2.286041021347046,2.4196081161499023,2.081397294998169,2520343
2018-08-28,2.429882049560547,2.491528034210205,2.4196081161499023,2.476116895675659,2.13000750541687,1260490
2018-08-29,2.460705041885376,2.517214059829712,2.4504311084747314,2.501802921295166,2.1521031856536865,2038817
2018-08-30,2.501802921295166,2.501802921295166,2.501802921295166,2.501802921295166,2.1521031856536865,0
2018-08-31,2.4812541007995605,2.5069398880004883,2.4658420085906982,2.486391067504883,2.138845682144165,1529136
2018-09-03,2.4555680751800537,2.5069398880004883,2.4555680751800537,2.486391067504883,2.138845682144165,1245467
2018-09-04,2.501802921295166,2.5531740188598633,2.4658420085906982,2.5120770931243896,2.1609413623809814,3135452
2018-09-05,2.4658420085906982,2.707289934158325,2.4658420085906982,2.5839970111846924,2.2228081226348877,11137090
2018-09-06,2.5942718982696533,2.609683036804199,2.522351026535034,2.527488946914673,2.174198865890503,4069123
2018-09-07,2.522351026535034,2.589134931564331,2.476116895675659,2.57886004447937,2.2183892726898193,5916114
2018-09-10,2.604546070098877,2.630232095718384,2.5839970111846924,2.604546070098877,2.2404849529266357,6539149
2018-09-11,2.6148200035095215,2.6867411136627197,2.5531740188598633,2.6456429958343506,2.2758374214172363,5826009
2018-09-12,2.661055088043213,2.661055088043213,2.573723077774048,2.57886004447937,2.2183892726898193,2536613
2018-09-13,2.6148200035095215,2.666192054748535,2.5429000854492188,2.6559178829193115,2.2846763134002686,4330765
2018-09-14,2.700000047683716,2.7300000190734863,2.640000104904175,2.6700000762939453,2.2967896461486816,3514360
2018-09-17,2.680000066757202,2.690000057220459,2.559999942779541,2.5899999141693115,2.2279720306396484,2086174
2018-09-18,2.630000114440918,2.640000104904175,2.5799999237060547,2.5999999046325684,2.236574411392212,1543983
2018-09-19,2.5999999046325684,2.619999885559082,2.559999942779541,2.5799999237060547,2.219369888305664,1990912
2018-09-20,2.5799999237060547,2.5999999046325684,2.5,2.509999990463257,2.1591544151306152,2168671
2018-09-21,2.5299999713897705,2.619999885559082,2.509999990463257,2.5899999141693115,2.2279720306396484,3049832
2018-09-24,2.5899999141693115,2.609999895095825,2.569999933242798,2.5899999141693115,2.2279720306396484,1628857
2018-09-25,2.5999999046325684,2.5999999046325684,2.5199999809265137,2.5299999713897705,2.176358461380005,1771000
2018-09-26,2.5399999618530273,2.549999952316284,2.509999990463257,2.5199999809265137,2.1677565574645996,793591
2018-09-27,2.5199999809265137,2.549999952316284,2.5,2.509999990463257,2.1591544151306152,1748824
2018-09-28,2.5299999713897705,2.5299999713897705,2.4600000381469727,2.4700000286102295,2.1247458457946777,1444854
2018-10-01,2.450000047683716,2.490000009536743,2.380000114440918,2.390000104904175,2.0559282302856445,3322365
2018-10-02,2.390000104904175,2.4000000953674316,2.3399999141693115,2.3499999046325684,2.021519184112549,1291541
2018-10-03,2.359999895095825,2.5399999618530273,2.3499999046325684,2.450000047683716,2.10754132270813,7180354
2018-10-04,2.4700000286102295,2.5399999618530273,2.2699999809265137,2.2799999713897705,1.9613035917282104,6010955
2018-10-05,2.2799999713897705,2.359999895095825,2.25,2.2899999618530273,1.9699058532714844,2957645
2018-10-08,2.2699999809265137,2.319999933242798,2.259999990463257,2.2799999713897705,1.9613035917282104,2510145
2018-10-09,2.299999952316284,2.299999952316284,2.25,2.259999990463257,1.9440993070602417,1671199
2018-10-10,2.2799999713897705,2.2899999618530273,2.180000066757202,2.200000047683716,1.8924858570098877,2376653
2018-10-11,2.200000047683716,2.200000047683716,2.119999885559082,2.140000104904175,1.8408727645874023,2398521
2018-10-12,2.180000066757202,2.2699999809265137,2.130000114440918,2.25,1.9354971647262573,4151647
2018-10-15,2.2899999618530273,2.309999942779541,2.25,2.2899999618530273,1.9699058532714844,2066669
2018-10-16,2.299999952316284,2.309999942779541,2.259999990463257,2.2699999809265137,1.952701449394226,1572863
2018-10-17,2.299999952316284,2.309999942779541,2.25,2.2699999809265137,1.952701449394226,1617800
2018-10-18,2.2799999713897705,2.2799999713897705,2.200000047683716,2.2200000286102295,1.909690022468567,1356290
2018-10-19,2.25,2.259999990463257,2.1500000953674316,2.1700000762939453,1.8666794300079346,2095674
2018-10-22,2.180000066757202,2.190000057220459,2.059999942779541,2.0899999141693115,1.7978615760803223,2191304
2018-10-23,2.069999933242798,2.109999895095825,1.9900000095367432,2.0199999809265137,1.737646222114563,3356100
2018-10-24,2.0399999618530273,2.0399999618530273,1.9500000476837158,1.9700000286102295,1.6946353912353516,2994237
2018-10-25,1.940000057220459,2.0,1.9199999570846558,1.9800000190734863,1.703237533569336,2476036
2018-10-26,2.0,2.0199999809265137,1.9600000381469727,1.9600000381469727,1.686033010482788,1688138
2018-10-29,1.9600000381469727,1.9600000381469727,1.9600000381469727,1.9600000381469727,1.686033010482788,0
2018-10-30,1.9800000190734863,2.009999990463257,1.9199999570846558,1.9800000190734863,1.703237533569336,1070879
2018-10-31,2.0199999809265137,2.0299999713897705,1.9199999570846558,1.9500000476837158,1.6774308681488037,1290467
2018-11-01,1.9700000286102295,2.009999990463257,1.9600000381469727,2.0,1.7204418182373047,1229792
2018-11-02,2.009999990463257,2.059999942779541,2.009999990463257,2.0399999618530273,1.7548506259918213,2736982
2018-11-05,2.059999942779541,2.109999895095825,2.0299999713897705,2.0399999618530273,1.7548506259918213,3245880
2018-11-06,2.049999952316284,2.059999942779541,1.9900000095367432,1.9900000095367432,1.7118395566940308,1487509
2018-11-07,2.0,2.049999952316284,1.9800000190734863,2.009999990463257,1.7290438413619995,1986224
2018-11-08,2.0199999809265137,2.049999952316284,1.9900000095367432,2.0199999809265137,1.737646222114563,1964467
2018-11-09,2.0199999809265137,2.0299999713897705,1.9900000095367432,2.009999990463257,1.7290438413619995,1377963
2018-11-12,1.9800000190734863,2.009999990463257,1.9299999475479126,1.9500000476837158,1.6774308681488037,1807382
2018-11-13,1.9600000381469727,1.9800000190734863,1.9500000476837158,1.9600000381469727,1.686033010482788,941040
2018-11-14,1.9600000381469727,1.9800000190734863,1.9199999570846558,1.9500000476837158,1.6774308681488037,5016633
2018-11-15,1.940000057220459,1.9600000381469727,1.9199999570846558,1.9299999475479126,1.6602264642715454,2467828
2018-11-16,1.940000057220459,1.9600000381469727,1.9199999570846558,1.9299999475479126,1.6602264642715454,1754247
2018-11-19,1.9299999475479126,1.9600000381469727,1.9199999570846558,1.9500000476837158,1.6774308681488037,1625545
2018-11-20,1.9500000476837158,1.9900000095367432,1.909999966621399,1.9199999570846558,1.6516242027282715,2725552
2018-11-21,1.9299999475479126,1.9600000381469727,1.909999966621399,1.9199999570846558,1.6516242027282715,2569012
2018-11-22,1.9199999570846558,2.0399999618530273,1.9199999570846558,1.9800000190734863,1.703237533569336,7096268
2018-11-23,1.9700000286102295,2.0799999237060547,1.9600000381469727,2.069999933242798,1.7806570529937744,6550225
2018-11-26,2.0999999046325684,2.119999885559082,2.059999942779541,2.0999999046325684,1.8064639568328857,4527828
2018-11-27,2.0999999046325684,2.1700000762939453,2.0899999141693115,2.1600000858306885,1.858077049255371,5976607
2018-11-28,2.180000066757202,2.180000066757202,2.109999895095825,2.109999895095825,1.815065860748291,2772550
2018-11-29,2.130000114440918,2.2100000381469727,2.0899999141693115,2.180000066757202,1.8752814531326294,4754672
2018-11-30,2.1700000762939453,2.240000009536743,2.1600000858306885,2.1700000762939453,1.8666794300079346,3829635
2018-12-03,2.180000066757202,2.2100000381469727,2.1600000858306885,2.1700000762939453,1.8666794300079346,3480423
2018-12-04,2.1500000953674316,2.2200000286102295,2.140000104904175,2.180000066757202,1.8752814531326294,3499752
2018-12-05,2.1600000858306885,2.190000057220459,2.1500000953674316,2.1500000953674316,1.8494749069213867,1655892
2018-12-06,2.1500000953674316,2.190000057220459,2.119999885559082,2.119999885559082,1.823668122291565,3124149
2018-12-07,2.1600000858306885,2.2200000286102295,2.140000104904175,2.1600000858306885,1.858077049255371,3173306
2018-12-10,2.1600000858306885,2.2200000286102295,2.1500000953674316,2.190000057220459,1.8838838338851929,2668508
2018-12-11,2.180000066757202,2.2100000381469727,2.1700000762939453,2.190000057220459,1.8838838338851929,1967258
2018-12-12,2.190000057220459,2.190000057220459,2.0199999809265137,2.069999933242798,1.7806570529937744,5175618
2018-12-13,2.0899999141693115,2.109999895095825,2.069999933242798,2.0899999141693115,1.7978615760803223,1273505
2018-12-14,2.0799999237060547,2.0999999046325684,2.0199999809265137,2.069999933242798,1.7806570529937744,1542175
2018-12-17,2.059999942779541,2.069999933242798,1.9900000095367432,2.0199999809265137,1.737646222114563,1176817
2018-12-18,2.0199999809265137,2.0399999618530273,1.9700000286102295,2.0199999809265137,1.737646222114563,1635993
2018-12-19,2.0399999618530273,2.0999999046325684,2.009999990463257,2.0999999046325684,1.8064639568328857,2040210
2018-12-20,2.059999942779541,2.140000104904175,2.059999942779541,2.119999885559082,1.823668122291565,3088916
2018-12-21,2.0999999046325684,2.140000104904175,2.0899999141693115,2.130000114440918,1.8322705030441284,1366388
2018-12-24,2.140000104904175,2.140000104904175,2.0999999046325684,2.109999895095825,1.815065860748291,787977
2018-12-25,2.0899999141693115,2.0899999141693115,2.0299999713897705,2.049999952316284,1.7634527683258057,1061500
2018-12-26,2.049999952316284,2.069999933242798,2.0299999713897705,2.0299999713897705,1.7462482452392578,1102265
2018-12-27,2.049999952316284,2.059999942779541,2.0299999713897705,2.0399999618530273,1.7548506259918213,894803
2018-12-28,2.0399999618530273,2.049999952316284,2.009999990463257,2.0199999809265137,1.737646222114563,1237406
2018-12-31,2.0299999713897705,2.069999933242798,2.009999990463257,2.069999933242798,1.7806570529937744,1160046
2019-01-01,2.069999933242798,2.069999933242798,2.069999933242798,2.069999933242798,1.7806570529937744,0
2019-01-02,2.069999933242798,2.069999933242798,1.9800000190734863,2.0,1.7204418182373047,1818957
2019-01-03,1.9700000286102295,1.9900000095367432,1.8899999856948853,1.899999976158142,1.6344196796417236,2509329
2019-01-04,1.9299999475479126,1.9299999475479126,1.8899999856948853,1.9199999570846558,1.6516242027282715,1667317
2019-01-07,1.940000057220459,1.940000057220459,1.909999966621399,1.9199999570846558,1.6516242027282715,808689
2019-01-08,1.9299999475479126,1.9500000476837158,1.9199999570846558,1.9299999475479126,1.6602264642715454,906444
2019-01-09,1.9500000476837158,2.0,1.9199999570846558,1.9900000095367432,1.7118395566940308,2513397
2019-01-10,2.0199999809265137,2.0899999141693115,2.0,2.0399999618530273,1.7548506259918213,6683806
2019-01-11,2.0399999618530273,2.0999999046325684,2.0399999618530273,2.0799999237060547,1.789259433746338,3409178
2019-01-14,2.069999933242798,2.0899999141693115,2.009999990463257,2.0899999141693115,1.7978615760803223,1657554
2019-01-15,2.109999895095825,2.1600000858306885,2.0999999046325684,2.130000114440918,1.8322705030441284,2276213
2019-01-16,2.1500000953674316,2.190000057220459,2.1500000953674316,2.190000057220459,1.8838838338851929,2591466
2019-01-17,2.180000066757202,2.2300000190734863,2.1600000858306885,2.190000057220459,1.8838838338851929,2715072
2019-01-18,2.190000057220459,2.259999990463257,2.180000066757202,2.25,1.9354971647262573,2654048
2019-01-21,2.25,2.2899999618530273,2.190000057220459,2.2100000381469727,1.9010882377624512,2426276
2019-01-22,2.200000047683716,2.240000009536743,2.190000057220459,2.2300000190734863,1.918292760848999,1372739
2019-01-23,2.2200000286102295,2.2699999809265137,2.2100000381469727,2.259999990463257,1.9440993070602417,2448840
2019-01-24,2.380000114440918,2.4700000286102295,2.3399999141693115,2.4200000762939453,2.0817346572875977,13972040
2019-01-25,2.4200000762939453,2.490000009536743,2.3399999141693115,2.4700000286102295,2.1247458457946777,8948853
2019-01-28,2.4800000190734863,2.5199999809265137,2.4700000286102295,2.490000009536743,2.1419498920440674,5616392
2019-01-29,2.4800000190734863,2.5199999809265137,2.450000047683716,2.5199999809265137,2.1677565574645996,2975967
2019-01-30,2.5199999809265137,2.640000104904175,2.509999990463257,2.640000104904175,2.2709832191467285,5636644
2019-01-31,2.6600000858306885,2.680000066757202,2.549999952316284,2.5899999141693115,2.2279720306396484,3923409
2019-02-01,2.569999933242798,2.6500000953674316,2.549999952316284,2.5999999046325684,2.236574411392212,3993255
2019-02-04,2.619999885559082,2.630000114440918,2.5299999713897705,2.549999952316284,2.193563222885132,2085826
2019-02-05,2.559999942779541,2.569999933242798,2.4600000381469727,2.4800000190734863,2.133347511291504,3882288
2019-02-06,2.4800000190734863,2.559999942779541,2.390000104904175,2.509999990463257,2.1591544151306152,4074380
2019-02-07,2.5199999809265137,2.5299999713897705,2.4600000381469727,2.4800000190734863,2.133347511291504,2427572
2019-02-08,2.490000009536743,2.490000009536743,2.430000066757202,2.4700000286102295,2.1247458457946777,1833464
2019-02-11,2.490000009536743,2.569999933242798,2.4800000190734863,2.559999942779541,2.202165365219116,3523657
2019-02-12,2.559999942779541,2.569999933242798,2.5,2.5199999809265137,2.1677565574645996,1779481
2019-02-13,2.5299999713897705,2.5299999713897705,2.4800000190734863,2.490000009536743,2.1419498920440674,1639528
2019-02-14,2.490000009536743,2.559999942779541,2.450000047683716,2.5199999809265137,2.1677565574645996,2673913
2019-02-15,2.5199999809265137,2.630000114440918,2.509999990463257,2.609999895095825,2.245176315307617,3261171
2019-02-18,2.619999885559082,2.680000066757202,2.609999895095825,2.640000104904175,2.2709832191467285,3379412
2019-02-19,2.640000104904175,2.690000057220459,2.609999895095825,2.680000066757202,2.305392265319824,3600332
2019-02-20,2.700000047683716,2.740000009536743,2.6500000953674316,2.6700000762939453,2.2967896461486816,7090009
2019-02-21,2.6700000762939453,2.809999942779541,2.640000104904175,2.7899999618530273,2.4000163078308105,10649775
2019-02-22,2.7899999618530273,2.8399999141693115,2.759999990463257,2.7899999618530273,2.4000163078308105,5166314
2019-02-25,2.809999942779541,2.8399999141693115,2.740000009536743,2.75,2.365607738494873,4769855
2019-02-26,2.799999952316284,2.799999952316284,2.75,2.759999990463257,2.3742096424102783,2592960
2019-02-27,2.759999990463257,2.9100000858306885,2.759999990463257,2.890000104904175,2.48603892326355,15908517
2019-02-28,2.880000114440918,2.890000104904175,2.809999942779541,2.8499999046325684,2.451629638671875,8027750
2019-03-01,2.8399999141693115,2.880000114440918,2.7899999618530273,2.8399999141693115,2.4430272579193115,10638231
2019-03-04,2.8499999046325684,2.950000047683716,2.8499999046325684,2.940000057220459,2.5290496349334717,11967593
2019-03-05,2.940000057220459,2.9600000381469727,2.880000114440918,2.9000000953674316,2.494640827178955,12945976
2019-03-06,2.9000000953674316,2.930000066757202,2.8299999237060547,2.880000114440918,2.477436065673828,11328241
2019-03-07,2.880000114440918,2.9000000953674316,2.8399999141693115,2.8399999141693115,2.4430272579193115,5733704
2019-03-08,2.8499999046325684,2.9000000953674316,2.7699999809265137,2.9000000953674316,2.494640827178955,9045195
2019-03-11,2.9200000762939453,2.940000057220459,2.8499999046325684,2.859999895095825,2.4602315425872803,7006905
2019-03-12,2.8399999141693115,2.859999895095825,2.7699999809265137,2.859999895095825,2.4602315425872803,6747995
2019-03-13,2.890000104904175,2.9000000953674316,2.819999933242798,2.869999885559082,2.4688339233398438,3672439
2019-03-14,2.809999942779541,2.8299999237060547,2.7799999713897705,2.799999952316284,2.408618211746216,3828113
2019-03-15,2.7899999618530273,2.9200000762939453,2.7799999713897705,2.9000000953674316,2.494640827178955,8286197
2019-03-18,2.890000104904175,2.930000066757202,2.880000114440918,2.9000000953674316,2.494640827178955,4832224
2019-03-19,3.0,3.059999942779541,2.990000009536743,3.0199999809265137,2.597867250442505,11455450
2019-03-20,2.9800000190734863,3.0,2.9200000762939453,2.930000066757202,2.520447015762329,7581349
2019-03-21,2.9200000762939453,2.950000047683716,2.8499999046325684,2.859999895095825,2.4602315425872803,4940667
2019-03-22,2.8499999046325684,2.859999895095825,2.700000047683716,2.7300000190734863,2.348403215408325,9508909
2019-03-25,2.75,2.7699999809265137,2.6600000858306885,2.7200000286102295,2.3398008346557617,7135591
2019-03-26,2.7200000286102295,2.740000009536743,2.6600000858306885,2.680000066757202,2.305392265319824,4943209
2019-03-27,2.700000047683716,2.7200000286102295,2.5,2.509999990463257,2.1591544151306152,8695475
2019-03-28,2.5,2.559999942779541,2.450000047683716,2.5399999618530273,2.1849610805511475,5461249
2019-03-29,2.5199999809265137,2.559999942779541,2.509999990463257,2.559999942779541,2.202165365219116,5209213
2019-04-01,2.549999952316284,2.630000114440918,2.5,2.5799999237060547,2.219369888305664,7141321
2019-04-02,2.549999952316284,2.5899999141693115,2.5399999618530273,2.559999942779541,2.202165365219116,4129907
2019-04-03,2.5299999713897705,2.5299999713897705,2.4700000286102295,2.490000009536743,2.1419498920440674,7343946
2019-04-04,2.490000009536743,2.569999933242798,2.4700000286102295,2.549999952316284,2.193563222885132,9212619
2019-04-05,2.559999942779541,2.5799999237060547,2.5199999809265137,2.549999952316284,2.193563222885132,10275990
2019-04-08,2.5999999046325684,2.630000114440918,2.509999990463257,2.5199999809265137,2.1677565574645996,9779767
2019-04-09,2.5299999713897705,2.5799999237060547,2.509999990463257,2.5299999713897705,2.176358461380005,7590076
2019-04-10,2.5399999618530273,2.549999952316284,2.490000009536743,2.5,2.150552272796631,4773338
2019-04-11,2.5199999809265137,2.559999942779541,2.509999990463257,2.5299999713897705,2.176358461380005,6912873
2019-04-12,2.490000009536743,2.490000009536743,2.4200000762939453,2.450000047683716,2.10754132270813,5942738
2019-04-15,2.4600000381469727,2.5299999713897705,2.450000047683716,2.490000009536743,2.1419498920440674,8212615
2019-04-16,2.5199999809265137,2.5899999141693115,2.509999990463257,2.5799999237060547,2.219369888305664,7409033
2019-04-17,2.5999999046325684,2.680000066757202,2.5799999237060547,2.680000066757202,2.305392265319824,12645260
2019-04-18,2.680000066757202,2.700000047683716,2.630000114440918,2.6700000762939453,2.2967896461486816,5674836
2019-04-19,2.680000066757202,2.890000104904175,2.6700000762939453,2.8499999046325684,2.451629638671875,34265337
2019-04-22,2.8399999141693115,2.990000009536743,2.819999933242798,2.9700000286102295,2.554856538772583,22078927
2019-04-23,2.9700000286102295,2.9700000286102295,2.9700000286102295,2.9700000286102295,2.554856538772583,0
2019-04-24,2.799999952316284,2.859999895095825,2.7300000190734863,2.759999990463257,2.5188980102539062,16988262
2019-04-25,2.75,2.75,2.609999895095825,2.640000104904175,2.4093809127807617,11083322
2019-04-26,2.6600000858306885,2.700000047683716,2.619999885559082,2.6700000762939453,2.4367597103118896,6293233
2019-04-29,2.6600000858306885,2.680000066757202,2.5899999141693115,2.640000104904175,2.4093809127807617,5051616
2019-04-30,2.640000104904175,2.700000047683716,2.619999885559082,2.680000066757202,2.4458863735198975,7539555
2019-05-01,2.680000066757202,2.680000066757202,2.680000066757202,2.680000066757202,2.4458863735198975,0
2019-05-02,2.680000066757202,2.700000047683716,2.609999895095825,2.619999885559082,2.391127824783325,5337770
2019-05-03,2.619999885559082,2.680000066757202,2.559999942779541,2.6600000858306885,2.42763352394104,8200729
2019-05-06,2.5999999046325684,2.609999895095825,2.5299999713897705,2.5799999237060547,2.354621648788452,7457661
2019-05-07,2.509999990463257,2.680000066757202,2.5,2.6600000858306885,2.42763352394104,10574100
2019-05-08,2.6600000858306885,2.75,2.640000104904175,2.690000057220459,2.455012798309326,16062567
2019-05-09,2.7100000381469727,2.740000009536743,2.640000104904175,2.6700000762939453,2.4367597103118896,11426103
2019-05-10,2.690000057220459,2.7300000190734863,2.6500000953674316,2.6600000858306885,2.42763352394104,8271682
2019-05-13,2.630000114440918,2.740000009536743,2.609999895095825,2.6500000953674316,2.4185070991516113,14466882
2019-05-14,2.6600000858306885,2.7899999618530273,2.640000104904175,2.7799999713897705,2.5371506214141846,22622470
2019-05-15,2.7799999713897705,2.9100000858306885,2.75,2.869999885559082,2.619288444519043,29339132
2019-05-16,2.859999895095825,2.950000047683716,2.859999895095825,2.940000057220459,2.683173418045044,21660692
2019-05-17,2.930000066757202,2.940000057220459,2.8399999141693115,2.869999885559082,2.619288444519043,15472434
2019-05-20,2.8499999046325684,2.9000000953674316,2.7899999618530273,2.869999885559082,2.619288444519043,11478760
2019-05-21,2.859999895095825,2.880000114440918,2.740000009536743,2.759999990463257,2.5188980102539062,14379411
2019-05-22,2.7300000190734863,2.7799999713897705,2.609999895095825,2.630000114440918,2.400254249572754,12910866
2019-05-23,2.609999895095825,2.6600000858306885,2.5999999046325684,2.619999885559082,2.391127824783325,11355589
2019-05-24,2.640000104904175,2.7100000381469727,2.630000114440918,2.6700000762939453,2.4367597103118896,12958026
2019-05-27,2.690000057220459,2.7200000286102295,2.630000114440918,2.630000114440918,2.400254249572754,9343142
2019-05-28,2.6500000953674316,2.740000009536743,2.6500000953674316,2.680000066757202,2.4458863735198975,17589760
2019-05-29,2.680000066757202,2.7200000286102295,2.6600000858306885,2.680000066757202,2.4458863735198975,10531917
2019-05-30,2.7100000381469727,2.75,2.700000047683716,2.740000009536743,2.500645160675049,12577373
2019-05-31,2.740000009536743,2.880000114440918,2.7300000190734863,2.869999885559082,2.619288444519043,22303783
2019-06-03,2.869999885559082,2.880000114440918,2.819999933242798,2.8399999141693115,2.591909408569336,4280493
2019-06-04,2.8399999141693115,2.8399999141693115,2.8399999141693115,2.8399999141693115,2.591909408569336,0
2019-06-05,2.8399999141693115,2.8399999141693115,2.8399999141693115,2.8399999141693115,2.591909408569336,0
2019-06-06,2.8399999141693115,2.8399999141693115,2.8399999141693115,2.8399999141693115,2.591909408569336,0
2019-06-07,2.859999895095825,2.9100000858306885,2.8399999141693115,2.9000000953674316,2.6466681957244873,8926868
2019-06-10,2.9000000953674316,3.0199999809265137,2.869999885559082,2.9800000190734863,2.719679355621338,27303076
2019-06-11,2.990000009536743,3.059999942779541,2.950000047683716,3.009999990463257,2.747058868408203,23054976
2019-06-12,3.009999990463257,3.119999885559082,3.0,3.0999999046325684,2.8291966915130615,26337315
2019-06-13,3.069999933242798,3.1600000858306885,3.0399999618530273,3.1500000953674316,2.8748292922973633,22628580
2019-06-14,3.1500000953674316,3.1700000762939453,3.0799999237060547,3.119999885559082,2.847449541091919,13589539
2019-06-17,3.0899999141693115,3.240000009536743,3.0799999237060547,3.190000057220459,2.911334991455078,20190443
2019-06-18,3.190000057220459,3.25,3.180000066757202,3.2300000190734863,2.947840452194214,18988459
2019-06-19,3.2300000190734863,3.259999990463257,3.190000057220459,3.2200000286102295,2.938713788986206,15604444
2019-06-20,3.240000009536743,3.2799999713897705,3.2100000381469727,3.2300000190734863,2.947840452194214,12366234
2019-06-21,3.2200000286102295,3.2799999713897705,3.190000057220459,3.240000009536743,2.9569671154022217,12685442
2019-06-24,3.2699999809265137,3.2899999618530273,3.180000066757202,3.200000047683716,2.920461416244507,8995003
2019-06-25,3.190000057220459,3.299999952316284,3.180000066757202,3.2799999713897705,2.9934730529785156,13958234
2019-06-26,3.2899999618530273,3.3299999237060547,3.2699999809265137,3.299999952316284,3.011725664138794,11349338
2019-06-27,3.299999952316284,3.319999933242798,3.2300000190734863,3.240000009536743,2.9569671154022217,7245910
2019-06-28,3.2699999809265137,3.2899999618530273,3.1600000858306885,3.2100000381469727,2.9295878410339355,9825304
2019-07-01,3.240000009536743,3.299999952316284,3.2100000381469727,3.2699999809265137,2.9843461513519287,11227092
2019-07-02,3.2799999713897705,3.3499999046325684,3.2300000190734863,3.319999933242798,3.0299785137176514,15575312
2019-07-03,3.3399999141693115,3.3499999046325684,3.259999990463257,3.2799999713897705,2.9934730529785156,7064445
2019-07-04,3.2799999713897705,3.2899999618530273,3.2100000381469727,3.2300000190734863,2.947840452194214,6753952
2019-07-05,3.2300000190734863,3.25,3.1500000953674316,3.1700000762939453,2.8930821418762207,8735041
2019-07-08,3.0899999141693115,3.2100000381469727,3.059999942779541,3.0799999237060547,2.810943841934204,6981455
2019-07-09,3.069999933242798,3.0999999046325684,2.930000066757202,2.9600000381469727,2.7014265060424805,7212723
2019-07-10,2.9600000381469727,3.009999990463257,2.9200000762939453,2.9800000190734863,2.719679355621338,6353374
2019-07-11,3.009999990463257,3.0799999237060547,2.990000009536743,3.0299999713897705,2.7653117179870605,7632098
2019-07-12,3.0199999809265137,3.0999999046325684,2.950000047683716,3.0299999713897705,2.7653117179870605,17697193
2019-07-15,3.0299999713897705,3.0299999713897705,3.0299999713897705,3.0299999713897705,2.7653117179870605,0
2019-07-16,3.069999933242798,3.1700000762939453,3.059999942779541,3.1600000858306885,2.883955240249634,11503594
2019-07-17,3.180000066757202,3.240000009536743,3.1600000858306885,3.2200000286102295,2.938713788986206,10608542
2019-07-18,3.2200000286102295,3.25,3.180000066757202,3.2100000381469727,2.9295878410339355,11915386
2019-07-19,3.2200000286102295,3.2899999618530273,3.200000047683716,3.2699999809265137,2.9843461513519287,15516362
2019-07-22,3.2699999809265137,3.2799999713897705,3.1700000762939453,3.200000047683716,2.920461416244507,8873366
2019-07-23,3.190000057220459,3.2699999809265137,3.180000066757202,3.240000009536743,2.9569671154022217,8867875
2019-07-24,3.240000009536743,3.309999942779541,3.2100000381469727,3.2799999713897705,2.9934730529785156,16325213
2019-07-25,3.2899999618530273,3.3399999141693115,3.25,3.299999952316284,3.011725664138794,16370077
2019-07-26,3.2899999618530273,3.380000114440918,3.2699999809265137,3.309999942779541,3.0208520889282227,15960984
2019-07-29,3.3299999237060547,3.390000104904175,3.309999942779541,3.359999895095825,3.066484212875366,9850729
2019-07-30,3.3399999141693115,3.3499999046325684,3.259999990463257,3.309999942779541,3.0208520889282227,10565338
2019-07-31,3.319999933242798,3.3499999046325684,3.299999952316284,3.3299999237060547,3.03910493850708,7141956
2019-08-01,3.299999952316284,3.4200000762939453,3.2899999618530273,3.4100000858306885,3.112116575241089,11479754
2019-08-02,3.4000000953674316,3.450000047683716,3.369999885559082,3.440000057220459,3.139495849609375,12003320
2019-08-05,3.440000057220459,3.440000057220459,3.319999933242798,3.359999895095825,3.066484212875366,11154200
2019-08-06,3.359999895095825,3.390000104904175,3.309999942779541,3.319999933242798,3.0299785137176514,4777656
2019-08-07,3.3399999141693115,3.3499999046325684,3.2300000190734863,3.2899999618530273,3.0025992393493652,7803558
2019-08-08,3.359999895095825,3.450000047683716,3.3299999237060547,3.440000057220459,3.139495849609375,17342773
2019-08-09,3.450000047683716,3.5899999141693115,3.440000057220459,3.5799999237060547,3.267266035079956,17264174
2019-08-12,3.5799999237060547,3.5799999237060547,3.5799999237060547,3.5799999237060547,3.267266035079956,0
2019-08-13,3.5799999237060547,3.5799999237060547,3.5799999237060547,3.5799999237060547,3.267266035079956,0
2019-08-14,3.5799999237060547,3.5799999237060547,3.5799999237060547,3.5799999237060547,3.267266035079956,0
2019-08-15,3.680000066757202,3.7100000381469727,3.450000047683716,3.5799999237060547,3.267266035079956,34556213
2019-08-16,3.5999999046325684,3.7699999809265137,3.569999933242798,3.75,3.4224154949188232,28006336
2019-08-19,3.7699999809265137,3.7899999618530273,3.640000104904175,3.690000057220459,3.367656707763672,11193309
2019-08-20,3.7200000286102295,3.940000057220459,3.700000047683716,3.869999885559082,3.5319325923919678,13307924
2019-08-21,3.880000114440918,3.9100000858306885,3.8399999141693115,3.859999895095825,3.522806406021118,7877271
2019-08-22,3.869999885559082,3.890000104904175,3.700000047683716,3.809999942779541,3.4771740436553955,9806295
2019-08-23,3.809999942779541,3.9600000381469727,3.799999952316284,3.890000104904175,3.5501856803894043,10273701
2019-08-26,3.8399999141693115,4.019999980926514,3.8299999237060547,3.9600000381469727,3.6140706539154053,11765875
2019-08-27,3.9700000286102295,4.059999942779541,3.880000114440918,3.9800000190734863,3.632323980331421,12721492
2019-08-28,4.0,4.070000171661377,3.9700000286102295,4.019999980926514,3.6688294410705566,7321388
2019-08-29,4.050000190734863,4.25,4.039999961853027,4.179999828338623,3.814852237701416,9994944
2019-08-30,4.179999828338623,4.179999828338623,4.179999828338623,4.179999828338623,3.814852237701416,0
2019-09-02,4.210000038146973,4.269999980926514,4.139999866485596,4.190000057220459,3.823978900909424,6283542
2019-09-03,4.199999809265137,4.329999923706055,4.170000076293945,4.289999961853027,3.91524338722229,6214468
2019-09-04,4.309999942779541,4.360000133514404,4.150000095367432,4.210000038146973,3.842231512069702,6857391
2019-09-05,4.230000019073486,4.300000190734863,4.199999809265137,4.25,3.878737211227417,4329289
2019-09-06,4.260000228881836,4.269999980926514,4.159999847412109,4.239999771118164,3.869610548019409,4573974
2019-09-09,4.239999771118164,4.260000228881836,4.130000114440918,4.159999847412109,3.7965993881225586,6440457
2019-09-10,4.110000133514404,4.119999885559082,4.039999961853027,4.059999942779541,3.7053349018096924,6612841
2019-09-11,4.059999942779541,4.179999828338623,4.059999942779541,4.159999847412109,3.7965993881225586,5002334
2019-09-12,4.139999866485596,4.320000171661377,4.070000171661377,4.309999942779541,3.9334964752197266,14826981
2019-09-13,4.389999866485596,4.480000019073486,4.349999904632568,4.460000038146973,4.070392608642578,11617023
2019-09-16,4.420000076293945,4.510000228881836,4.380000114440918,4.449999809265137,4.06126594543457,6935184
2019-09-17,4.429999828338623,4.5,4.360000133514404,4.420000076293945,4.0338873863220215,5723588
2019-09-18,4.409999847412109,4.539999961853027,4.400000095367432,4.539999961853027,4.143404483795166,4459884
2019-09-19,4.539999961853027,4.630000114440918,4.480000019073486,4.550000190734863,4.152531147003174,9477958
2019-09-20,4.539999961853027,4.570000171661377,4.440000057220459,4.46999979019165,4.079519271850586,7550022
2019-09-23,4.440000057220459,4.619999885559082,4.400000095367432,4.619999885559082,4.216415882110596,7849945
2019-09-24,4.650000095367432,4.829999923706055,4.610000133514404,4.809999942779541,4.3898186683654785,6760141
2019-09-25,4.78000020980835,5.0,4.769999980926514,4.809999942779541,4.3898186683654785,13595245
2019-09-26,4.849999904632568,4.869999885559082,4.659999847412109,4.800000190734863,4.380692005157471,8889506
2019-09-27,4.789999961853027,4.840000152587891,4.71999979019165,4.769999980926514,4.3533124923706055,4855715
2019-09-30,4.809999942779541,5.03000020980835,4.75,4.989999771118164,4.554093360900879,10257395
2019-10-01,5.03000020980835,5.190000057220459,5.0,5.130000114440918,4.6818647384643555,10957292
2019-10-02,5.119999885559082,5.190000057220459,5.079999923706055,5.099999904632568,4.65448522567749,4546814
2019-10-03,5.099999904632568,5.159999847412109,5.0,5.070000171661377,4.627105712890625,5672204
2019-10-04,5.090000152587891,5.179999828338623,5.070000171661377,5.090000152587891,4.645358562469482,3833737
2019-10-07,5.099999904632568,5.130000114440918,4.929999828338623,4.96999979019165,4.5358405113220215,5324456
2019-10-08,4.900000095367432,5.179999828338623,4.840000152587891,5.159999847412109,4.709243297576904,11986044
2019-10-09,5.190000057220459,5.340000152587891,5.110000133514404,5.159999847412109,4.709243297576904,9201023
2019-10-10,5.099999904632568,5.239999771118164,5.050000190734863,5.199999809265137,4.745750427246094,6744675
2019-10-11,5.260000228881836,5.269999980926514,5.119999885559082,5.130000114440918,4.6818647384643555,4473129
2019-10-14,5.099999904632568,5.099999904632568,4.820000171661377,4.909999847412109,4.481082439422607,8366497
2019-10-15,5.03000020980835,5.190000057220459,4.989999771118164,5.110000133514404,4.663611888885498,7695564
2019-10-16,5.039999961853027,5.119999885559082,4.920000076293945,5.0,4.563220977783203,5767134
2019-10-17,4.980000019073486,5.099999904632568,4.650000095367432,4.800000190734863,4.380692005157471,15234300
2019-10-18,4.980000019073486,4.989999771118164,4.599999904632568,4.599999904632568,4.19816255569458,17276296
2019-10-21,4.639999866485596,4.710000038146973,4.449999809265137,4.5,4.106897830963135,12955943
2019-10-22,4.369999885559082,4.679999828338623,4.289999961853027,4.590000152587891,4.189036846160889,25220501
2019-10-23,4.650000095367432,4.670000076293945,4.519999980926514,4.550000190734863,4.152531147003174,8304559
2019-10-24,4.559999942779541,4.579999923706055,4.409999847412109,4.440000057220459,4.052140235900879,8873225
2019-10-25,4.440000057220459,4.590000152587891,4.440000057220459,4.539999961853027,4.143404483795166,8417076
2019-10-28,4.550000190734863,4.579999923706055,4.539999961853027,4.550000190734863,4.152531147003174,2409014
2019-10-30,4.519999980926514,4.699999809265137,4.449999809265137,4.679999828338623,4.271174907684326,8582807
2019-10-31,4.699999809265137,4.78000020980835,4.53000020980835,4.570000171661377,4.170783996582031,12548206
2019-11-01,4.579999923706055,4.809999942779541,4.420000076293945,4.739999771118164,4.32593297958374,33667132
2019-11-04,4.820000171661377,4.820000171661377,4.590000152587891,4.650000095367432,4.243794918060303,13387241
2019-11-05,4.630000114440918,4.699999809265137,4.579999923706055,4.610000133514404,4.207289695739746,14791400
2019-11-06,4.599999904632568,4.800000190734863,4.559999942779541,4.75,4.335059642791748,30221154
2019-11-07,4.769999980926514,4.880000114440918,4.71999979019165,4.789999961853027,4.371566295623779,28764544
2019-11-08,4.820000171661377,4.880000114440918,4.670000076293945,4.699999809265137,4.289427280426025,27728907
2019-11-11,4.690000057220459,4.710000038146973,4.630000114440918,4.650000095367432,4.243794918060303,7634811
2019-11-12,4.650000095367432,4.880000114440918,4.619999885559082,4.860000133514404,4.435450553894043,33919416
2019-11-13,4.880000114440918,4.96999979019165,4.869999885559082,4.940000057220459,4.508461952209473,39561948
2019-11-14,4.940000057220459,5.010000228881836,4.880000114440918,4.889999866485596,4.462830066680908,34434905
2019-11-15,4.900000095367432,4.960000038146973,4.829999923706055,4.880000114440918,4.4537034034729,17059774
2019-11-18,4.909999847412109,4.920000076293945,4.820000171661377,4.849999904632568,4.426323890686035,10498667
2019-11-19,4.860000133514404,4.929999828338623,4.809999942779541,4.889999866485596,4.462830066680908,12276801
2019-11-20,4.869999885559082,4.940000057220459,4.800000190734863,4.829999923706055,4.408071517944336,15166258
2019-11-21,4.820000171661377,4.860000133514404,4.809999942779541,4.820000171661377,4.398944854736328,7671890
2019-11-22,4.860000133514404,4.920000076293945,4.820000171661377,4.849999904632568,4.426323890686035,11904222
2019-11-25,4.860000133514404,4.949999809265137,4.840000152587891,4.849999904632568,4.426323890686035,14396356
2019-11-26,4.860000133514404,4.860000133514404,4.78000020980835,4.820000171661377,4.398944854736328,7987933
2019-11-27,4.829999923706055,4.980000019073486,4.760000228881836,4.960000038146973,4.52671480178833,28641257
2019-11-28,4.989999771118164,5.039999961853027,4.929999828338623,4.960000038146973,4.52671480178833,16864447
2019-11-29,4.940000057220459,5.0,4.920000076293945,4.929999828338623,4.499335289001465,6702406
2019-12-02,4.940000057220459,5.170000076293945,4.929999828338623,5.119999885559082,4.6727375984191895,29429417
2019-12-03,5.130000114440918,5.46999979019165,5.130000114440918,5.329999923706055,4.864393711090088,25426349
2019-12-04,5.420000076293945,5.460000038146973,5.369999885559082,5.409999847412109,4.937404632568359,20730958
2019-12-05,5.420000076293945,5.559999942779541,5.389999866485596,5.510000228881836,5.028669357299805,13149846
2019-12-06,5.539999961853027,5.599999904632568,5.440000057220459,5.489999771118164,5.010416030883789,7393982
2019-12-09,5.480000019073486,5.539999961853027,5.389999866485596,5.400000095367432,4.92827844619751,7631476
2019-12-10,5.409999847412109,5.420000076293945,5.320000171661377,5.329999923706055,4.864393711090088,8641138
2019-12-11,5.340000152587891,5.53000020980835,5.340000152587891,5.440000057220459,4.964784145355225,14558564
2019-12-12,5.550000190734863,5.559999942779541,5.480000019073486,5.5,5.019543170928955,7576793
2019-12-13,5.53000020980835,5.659999847412109,5.449999809265137,5.480000019073486,5.001290321350098,16851253
2019-12-16,5.510000228881836,5.679999828338623,5.440000057220459,5.599999904632568,5.110807418823242,18650235
2019-12-17,5.630000114440918,5.659999847412109,5.480000019073486,5.510000228881836,5.028669357299805,7166809
2019-12-18,5.460000038146973,5.670000076293945,5.440000057220459,5.480000019073486,5.001290321350098,21117505
2019-12-19,5.5,5.570000171661377,5.46999979019165,5.519999980926514,5.0377960205078125,8473164
2019-12-20,5.550000190734863,5.690000057220459,5.519999980926514,5.659999847412109,5.165565490722656,22583613
2019-12-23,5.71999979019165,5.869999885559082,5.71999979019165,5.860000133514404,5.348094940185547,14516443
2019-12-24,5.900000095367432,6.0,5.869999885559082,5.949999809265137,5.430233001708984,17557040
2019-12-25,5.940000057220459,5.96999979019165,5.889999866485596,5.920000076293945,5.402853012084961,7314686
2019-12-26,5.920000076293945,6.070000171661377,5.889999866485596,6.010000228881836,5.484991073608398,25569893
2019-12-27,6.03000020980835,6.070000171661377,5.960000038146973,5.989999771118164,5.466738224029541,8412176
2019-12-30,6.0,6.079999923706055,5.960000038146973,6.059999942779541,5.530623435974121,12419752
2019-12-31,6.059999942779541,6.070000171661377,5.949999809265137,5.96999979019165,5.448485851287842,6564038
2020-01-02,5.960000038146973,6.03000020980835,5.949999809265137,5.980000019073486,5.457611560821533,5568504
2020-01-03,5.949999809265137,5.949999809265137,5.699999809265137,5.829999923706055,5.32071590423584,9651051
2020-01-06,5.769999980926514,5.820000171661377,5.690000057220459,5.739999771118164,5.238576889038086,6740007
2020-01-07,5.809999942779541,5.940000057220459,5.78000020980835,5.829999923706055,5.32071590423584,7021137
2020-01-08,5.670000076293945,5.829999923706055,5.659999847412109,5.75,5.247704029083252,4426435
2020-01-09,5.889999866485596,5.989999771118164,5.860000133514404,5.96999979019165,5.448485851287842,6349969
2020-01-10,5.989999771118164,6.050000190734863,5.889999866485596,5.920000076293945,5.402853012084961,8186091
2020-01-13,6.0,6.179999828338623,5.960000038146973,6.070000171661377,5.539749622344971,14910902
2020-01-14,6.079999923706055,6.130000114440918,6.019999980926514,6.079999923706055,5.548876762390137,6833316
2020-01-15,6.079999923706055,6.139999866485596,5.96999979019165,5.980000019073486,5.457611560821533,7628500
2020-01-16,6.0,6.079999923706055,5.929999828338623,5.980000019073486,5.457611560821533,6418146
2020-01-17,5.980000019073486,6.010000228881836,5.869999885559082,5.929999828338623,5.411979675292969,4693830
2020-01-20,5.960000038146973,6.079999923706055,5.960000038146973,6.019999980926514,5.494117736816406,5116965
2020-01-21,5.960000038146973,6.079999923706055,5.929999828338623,6.0,5.475864887237549,6759644
2020-01-22,6.010000228881836,6.039999961853027,5.940000057220459,5.960000038146973,5.439358711242676,4323636
2020-01-23,5.96999979019165,6.179999828338623,5.949999809265137,6.079999923706055,5.548876762390137,15432582
2020-01-24,6.119999885559082,6.269999980926514,6.099999904632568,6.159999847412109,5.621887683868408,12191659
2020-01-27,6.099999904632568,6.329999923706055,6.099999904632568,6.190000057220459,5.649267673492432,9145561
2020-01-28,6.239999771118164,6.260000228881836,6.159999847412109,6.179999828338623,5.640140533447266,5320719
2020-01-29,6.230000019073486,6.309999942779541,6.159999847412109,6.159999847412109,5.621887683868408,6373341
2020-01-30,6.130000114440918,6.179999828338623,6.019999980926514,6.110000133514404,5.576255798339844,6415940
2020-01-31,6.139999866485596,6.21999979019165,6.090000152587891,6.190000057220459,5.649267673492432,4242247
2020-02-03,6.190000057220459,6.260000228881836,6.150000095367432,6.179999828338623,5.640140533447266,4151638
2020-02-04,6.21999979019165,6.309999942779541,6.179999828338623,6.28000020980835,5.731405258178711,7001436
2020-02-05,6.300000190734863,6.380000114440918,6.190000057220459,6.199999809265137,5.658393383026123,9091530
2020-02-06,6.269999980926514,6.320000171661377,6.190000057220459,6.199999809265137,5.658393383026123,5121607
2020-02-07,6.230000019073486,6.25,6.139999866485596,6.150000095367432,5.612761974334717,4360779
2020-02-10,6.119999885559082,6.190000057220459,5.840000152587891,5.96999979019165,5.448485851287842,8698180
2020-02-11,6.03000020980835,6.050000190734863,5.929999828338623,6.010000228881836,5.484991073608398,5417653
2020-02-12,6.03000020980835,6.159999847412109,5.989999771118164,6.110000133514404,5.576255798339844,6670094
2020-02-13,6.25,6.369999885559082,6.190000057220459,6.230000019073486,5.6857733726501465,14149815
2020-02-14,6.239999771118164,6.320000171661377,6.21999979019165,6.269999980926514,5.7222795486450195,4979506
2020-02-17,6.320000171661377,6.440000057220459,6.269999980926514,6.369999885559082,5.81354284286499,8640576
2020-02-18,6.320000171661377,6.340000152587891,6.099999904632568,6.139999866485596,5.603634834289551,7513025
2020-02-19,6.139999866485596,6.170000076293945,5.96999979019165,6.0,5.475864887237549,9566682
2020-02-20,6.0,6.139999866485596,5.75,5.889999866485596,5.375473976135254,10858292
2020-02-21,5.860000133514404,6.110000133514404,5.829999923706055,6.090000152587891,5.558002471923828,9735807
2020-02-24,6.0,6.170000076293945,5.949999809265137,6.159999847412109,5.621887683868408,10143419
2020-02-25,6.21999979019165,6.309999942779541,6.130000114440918,6.170000076293945,5.631014347076416,11295431
2020-02-26,6.150000095367432,6.21999979019165,6.079999923706055,6.110000133514404,5.576255798339844,8547314
2020-02-27,6.050000190734863,6.090000152587891,5.849999904632568,5.860000133514404,5.348094940185547,7320206
2020-02-28,5.400000095367432,5.739999771118164,5.300000190734863,5.650000095367432,5.156439781188965,5488771
2020-03-02,5.650000095367432,5.900000095367432,5.650000095367432,5.840000152587891,5.329841613769531,5365878
2020-03-03,5.5,5.71999979019165,5.449999809265137,5.610000133514404,5.11993408203125,17659246
2020-03-04,5.619999885559082,5.679999828338623,5.480000019073486,5.489999771118164,5.010416030883789,7885351
2020-03-05,5.550000190734863,5.579999923706055,5.400000095367432,5.409999847412109,4.937404632568359,5927105
2020-03-06,5.380000114440918,5.409999847412109,4.860000133514404,5.199999809265137,4.745750427246094,9764657
2020-03-09,5.0,5.079999923706055,4.550000190734863,4.699999809265137,4.289427280426025,8578805
2020-03-10,4.820000171661377,4.869999885559082,4.420000076293945,4.46999979019165,4.079519271850586,5627971
2020-03-11,4.46999979019165,4.46999979019165,4.46999979019165,4.46999979019165,4.079519271850586,0
2020-03-12,3.9600000381469727,4.010000228881836,3.6500000953674316,3.6600000858306885,3.340277671813965,7603556
2020-03-13,3.609999895095825,3.9700000286102295,3.430000066757202,3.9700000286102295,3.623197078704834,9943361
2020-03-16,3.690000057220459,3.869999885559082,3.5799999237060547,3.619999885559082,3.30377197265625,7074350
2020-03-17,3.6600000858306885,3.859999895095825,3.299999952316284,3.759999990463257,3.431542158126831,11148668
2020-03-18,3.5999999046325684,3.8499999046325684,3.569999933242798,3.7300000190734863,3.4041624069213867,8246594
2020-03-19,3.7100000381469727,3.7899999618530273,3.640000104904175,3.7300000190734863,3.4041624069213867,5954377
2020-03-20,3.799999952316284,3.8499999046325684,3.680000066757202,3.7200000286102295,3.395036220550537,7034602
2020-03-23,3.559999942779541,3.6700000762939453,3.440000057220459,3.5399999618530273,3.230760335922241,8186831
2020-03-24,3.6600000858306885,3.859999895095825,3.609999895095825,3.859999895095825,3.522806406021118,9296437
2020-03-25,3.930000066757202,4.139999866485596,3.869999885559082,3.940000057220459,3.595818042755127,23243901
2020-03-26,3.9600000381469727,4.079999923706055,3.9100000858306885,4.039999961853027,3.687082290649414,13539271
2020-03-27,4.050000190734863,4.110000133514404,3.9000000953674316,3.950000047683716,3.6049444675445557,13820004
2020-03-30,3.9000000953674316,4.0,3.8499999046325684,3.9700000286102295,3.623197078704834,5860624
2020-03-31,4.050000190734863,4.130000114440918,3.990000009536743,4.130000114440918,3.7692201137542725,13851699
2020-04-01,4.0,4.420000076293945,3.930000066757202,4.349999904632568,3.9700021743774414,41474142
2020-04-02,4.440000057220459,4.449999809265137,4.309999942779541,4.369999885559082,3.9882545471191406,18163630
2020-04-03,4.380000114440918,4.449999809265137,4.320000171661377,4.380000114440918,3.9973814487457275,14389511
2020-04-06,4.449999809265137,4.489999771118164,4.409999847412109,4.460000038146973,4.070392608642578,15006340
2020-04-07,4.489999771118164,4.610000133514404,4.400000095367432,4.449999809265137,4.06126594543457,36182985
2020-04-08,4.440000057220459,4.5,4.360000133514404,4.429999828338623,4.043013095855713,15045032
2020-04-09,4.480000019073486,4.510000228881836,4.409999847412109,4.449999809265137,4.06126594543457,17330489
2020-04-10,4.460000038146973,4.460000038146973,4.360000133514404,4.369999885559082,3.9882545471191406,10960593
2020-04-13,4.309999942779541,4.389999866485596,4.269999980926514,4.320000171661377,3.942622661590576,9438973
2020-04-14,4.349999904632568,4.400000095367432,4.309999942779541,4.349999904632568,3.9700021743774414,15900416
2020-04-15,4.349999904632568,4.349999904632568,4.139999866485596,4.159999847412109,3.7965993881225586,10489448
2020-04-16,4.230000019073486,4.239999771118164,4.150000095367432,4.199999809265137,3.8331048488616943,6819721
2020-04-17,4.269999980926514,4.329999923706055,4.230000019073486,4.269999980926514,3.8969900608062744,10306740
2020-04-20,4.300000190734863,4.369999885559082,4.269999980926514,4.340000152587891,3.9608757495880127,15297637
2020-04-21,4.320000171661377,4.340000152587891,4.260000228881836,4.269999980926514,3.8969900608062744,6820973
2020-04-22,4.28000020980835,4.369999885559082,4.269999980926514,4.320000171661377,3.942622661590576,9427719
2020-04-24,4.309999942779541,4.429999828338623,4.300000190734863,4.380000114440918,3.9973814487457275,11426648
2020-04-27,4.449999809265137,4.71999979019165,4.449999809265137,4.599999904632568,4.19816255569458,25309035
2020-04-28,4.619999885559082,4.639999866485596,4.5,4.510000228881836,4.116025924682617,9219353
2020-04-29,4.519999980926514,4.599999904632568,4.460000038146973,4.570000171661377,4.170783996582031,9852335
2020-04-30,4.650000095367432,4.659999847412109,4.429999828338623,4.53000020980835,4.134277820587158,13951167
2020-05-04,4.449999809265137,4.570000171661377,4.400000095367432,4.559999942779541,4.161656856536865,10147086
2020-05-05,4.630000114440918,4.710000038146973,4.579999923706055,4.610000133514404,4.207289695739746,19655875
2020-05-06,4.619999885559082,4.75,4.570000171661377,4.679999828338623,4.271174907684326,23852082
2020-05-07,4.670000076293945,4.769999980926514,4.590000152587891,4.710000038146973,4.298553466796875,17173365
2020-05-08,4.75,4.78000020980835,4.539999961853027,4.539999961853027,4.143404483795166,14401928
2020-05-11,4.539999961853027,4.559999942779541,4.449999809265137,4.510000228881836,4.116025924682617,8363549
2020-05-12,4.5,4.619999885559082,4.480000019073486,4.590000152587891,4.189036846160889,9688933
2020-05-13,4.579999923706055,4.679999828338623,4.559999942779541,4.630000114440918,4.225543022155762,12047982
2020-05-14,4.570000171661377,4.760000228881836,4.570000171661377,4.71999979019165,4.307679176330566,33289345
2020-05-15,4.769999980926514,4.860000133514404,4.760000228881836,4.789999961853027,4.371566295623779,33720804
2020-05-18,4.840000152587891,4.909999847412109,4.820000171661377,4.829999923706055,4.408071517944336,19838773
2020-05-20,4.849999904632568,4.909999847412109,4.820000171661377,4.829999923706055,4.408071517944336,14961806
2020-05-21,4.860000133514404,5.210000038146973,4.860000133514404,5.179999828338623,4.727497100830078,55908184
2020-05-22,5.199999809265137,5.329999923706055,5.130000114440918,5.179999828338623,4.727497100830078,32141668
2020-05-27,5.269999980926514,5.329999923706055,5.179999828338623,5.199999809265137,4.745750427246094,15366867
2020-05-28,5.179999828338623,5.210000038146973,4.989999771118164,5.070000171661377,4.627105712890625,13308691
2020-05-29,5.050000190734863,5.159999847412109,5.039999961853027,5.070000171661377,4.627105712890625,7769065
2020-06-01,5.150000095367432,5.199999809265137,5.110000133514404,5.139999866485596,4.690990924835205,9484393
2020-06-02,5.139999866485596,5.230000019073486,5.130000114440918,5.210000038146973,4.754875659942627,11102982
2020-06-03,5.25,5.389999866485596,5.199999809265137,5.340000152587891,4.873519420623779,21107965
2020-06-04,5.400000095367432,5.429999828338623,5.320000171661377,5.340000152587891,4.873519420623779,12314630
2020-06-05,5.340000152587891,5.409999847412109,5.289999961853027,5.340000152587891,4.873519420623779,5085185
2020-06-08,5.380000114440918,5.429999828338623,5.28000020980835,5.289999961853027,4.827886581420898,5879498
2020-06-09,5.289999961853027,5.340000152587891,5.170000076293945,5.269999980926514,4.809634208679199,5324114
2020-06-10,5.269999980926514,5.400000095367432,5.25,5.340000152587891,4.873519420623779,7082666
2020-06-11,5.269999980926514,5.389999866485596,5.260000228881836,5.260000228881836,4.800508499145508,6068998
2020-06-12,5.21999979019165,5.340000152587891,5.179999828338623,5.309999942779541,4.8461408615112305,8097739
2020-06-15,5.260000228881836,5.360000133514404,5.25,5.28000020980835,4.818761825561523,5430774
2020-06-16,5.329999923706055,5.429999828338623,5.309999942779541,5.349999904632568,4.882646560668945,19195111
2020-06-17,5.380000114440918,5.699999809265137,5.360000133514404,5.599999904632568,5.110807418823242,31183459
2020-06-18,5.619999885559082,5.699999809265137,5.510000228881836,5.550000190734863,5.0651750564575195,19762228
2020-06-19,5.579999923706055,5.659999847412109,5.460000038146973,5.489999771118164,5.010416030883789,19304858
2020-06-22,5.539999961853027,5.659999847412109,5.480000019073486,5.559999942779541,5.074301242828369,15344140
2020-06-23,5.579999923706055,5.71999979019165,5.570000171661377,5.639999866485596,5.147313117980957,13111370
2020-06-24,5.659999847412109,5.730000019073486,5.539999961853027,5.539999961853027,5.05604887008667,13142680
2020-06-25,5.53000020980835,5.570000171661377,5.449999809265137,5.480000019073486,5.001290321350098,8162914
2020-06-26,5.53000020980835,5.610000133514404,5.489999771118164,5.53000020980835,5.046922206878662,9292440
2020-06-29,5.570000171661377,5.639999866485596,5.539999961853027,5.550000190734863,5.0651750564575195,9599550
2020-06-30,5.590000152587891,5.670000076293945,5.550000190734863,5.579999923706055,5.092554569244385,14595357
2020-07-01,5.599999904632568,5.619999885559082,5.46999979019165,5.510000228881836,5.028669357299805,9389441
2020-07-02,5.550000190734863,5.619999885559082,5.539999961853027,5.599999904632568,5.110807418823242,12049351
2020-07-03,5.659999847412109,5.730000019073486,5.550000190734863,5.599999904632568,5.110807418823242,21609646
2020-07-06,5.650000095367432,5.769999980926514,5.639999866485596,5.71999979019165,5.220324516296387,15047852
2020-07-07,5.75,5.949999809265137,5.690000057220459,5.880000114440918,5.366346836090088,22305608
2020-07-08,5.929999828338623,5.96999979019165,5.840000152587891,5.860000133514404,5.348094940185547,14577625
2020-07-09,5.900000095367432,5.920000076293945,5.610000133514404,5.610000133514404,5.11993408203125,7678251
2020-07-10,5.590000152587891,5.590000152587891,5.28000020980835,5.440000057220459,4.964784145355225,8588997
2020-07-13,5.489999771118164,5.800000190734863,5.489999771118164,5.78000020980835,5.275083065032959,5657255
2020-07-14,5.789999961853027,5.800000190734863,5.650000095367432,5.670000076293945,5.174692153930664,5622648
2020-07-16,5.699999809265137,5.75,5.650000095367432,5.659999847412109,5.165565490722656,7234124
2020-07-17,5.679999828338623,5.690000057220459,5.619999885559082,5.650000095367432,5.156439781188965,3456632
2020-07-20,5.639999866485596,5.789999961853027,5.619999885559082,5.760000228881836,5.256831169128418,11126141
2020-07-21,5.809999942779541,5.889999866485596,5.630000114440918,5.679999828338623,5.183818817138672,12966425
2020-07-22,5.699999809265137,5.730000019073486,5.570000171661377,5.590000152587891,5.101680755615234,6646515
2020-07-23,5.639999866485596,5.769999980926514,5.610000133514404,5.650000095367432,5.156439781188965,7416624
2020-07-24,5.599999904632568,5.650000095367432,5.559999942779541,5.599999904632568,5.110807418823242,2970656
2020-07-27,5.639999866485596,5.760000228881836,5.639999866485596,5.760000228881836,5.256831169128418,5360130
2020-07-28,5.800000190734863,5.820000171661377,5.510000228881836,5.510000228881836,5.028669357299805,8263682
2020-07-29,5.5,5.599999904632568,5.300000190734863,5.400000095367432,4.92827844619751,7216961
2020-07-30,5.420000076293945,5.449999809265137,5.380000114440918,5.429999828338623,4.955657005310059,1532725
2020-08-04,5.480000019073486,5.550000190734863,4.900000095367432,5.099999904632568,4.65448522567749,9420564
2020-08-05,5.150000095367432,5.199999809265137,4.900000095367432,5.090000152587891,4.645358562469482,5773954
2020-08-06,5.110000133514404,5.119999885559082,4.659999847412109,4.679999828338623,4.271174907684326,8117371
2020-08-07,4.690000057220459,5.0,4.349999904632568,4.940000057220459,4.508461952209473,9963482
2020-08-10,4.909999847412109,5.03000020980835,4.730000019073486,4.929999828338623,4.499335289001465,6857665
2020-08-11,4.949999809265137,5.110000133514404,4.940000057220459,5.079999923706055,4.636231899261475,9986802
2020-08-12,5.099999904632568,5.110000133514404,4.920000076293945,4.96999979019165,4.5358405113220215,8430522
2020-08-13,4.960000038146973,5.0,4.78000020980835,4.829999923706055,4.408071517944336,5563527
2020-08-14,4.800000190734863,4.96999979019165,4.670000076293945,4.920000076293945,4.490209579467773,7430831
2020-08-17,4.920000076293945,5.070000171661377,4.869999885559082,4.929999828338623,4.499335289001465,8741659
2020-08-18,4.96999979019165,4.980000019073486,4.809999942779541,4.829999923706055,4.408071517944336,6882749
2020-08-19,4.869999885559082,4.989999771118164,4.829999923706055,4.909999847412109,4.481082439422607,10390252
2020-08-20,4.900000095367432,4.900000095367432,4.820000171661377,4.849999904632568,4.426323890686035,10619771
2020-08-21,4.900000095367432,4.980000019073486,4.820000171661377,4.840000152587891,4.417197227478027,14219822
2020-08-24,4.840000152587891,4.869999885559082,4.789999961853027,4.800000190734863,4.380692005157471,5339597
2020-08-25,4.829999923706055,4.880000114440918,4.699999809265137,4.71999979019165,4.307679176330566,7001776
2020-08-26,4.730000019073486,4.809999942779541,4.699999809265137,4.739999771118164,4.32593297958374,5138146
2020-08-27,4.769999980926514,4.860000133514404,4.75,4.860000133514404,4.435450553894043,5080631
2020-08-28,4.909999847412109,4.960000038146973,4.849999904632568,4.920000076293945,4.490209579467773,9895429
2020-08-31,4.929999828338623,5.010000228881836,4.909999847412109,4.940000057220459,4.508461952209473,12726733
2020-09-01,4.949999809265137,4.96999979019165,4.75,4.940000057220459,4.508461952209473,10925180
2020-09-02,4.940000057220459,5.019999980926514,4.929999828338623,4.949999809265137,4.5175886154174805,10633590
2020-09-03,4.960000038146973,5.400000095367432,4.900000095367432,5.230000019073486,4.773128509521484,32060713
2020-09-04,5.239999771118164,5.25,5.059999942779541,5.079999923706055,4.636231899261475,10643955
2020-09-07,5.070000171661377,5.179999828338623,5.070000171661377,5.099999904632568,4.65448522567749,7393918
2020-09-08,5.139999866485596,5.190000057220459,5.079999923706055,5.170000076293945,4.71837043762207,14138949
2020-09-09,5.170000076293945,5.269999980926514,5.150000095367432,5.230000019073486,4.773128509521484,11570319
2020-09-10,5.230000019073486,5.25,5.170000076293945,5.179999828338623,4.727497100830078,7621967
2020-09-11,5.179999828338623,5.199999809265137,5.119999885559082,5.130000114440918,4.6818647384643555,3759493
2020-09-14,5.159999847412109,5.190000057220459,5.130000114440918,5.139999866485596,4.690990924835205,5494540
2020-09-15,5.190000057220459,5.650000095367432,5.190000057220459,5.650000095367432,5.156439781188965,31997900
2020-09-16,5.690000057220459,5.739999771118164,5.460000038146973,5.489999771118164,5.010416030883789,16124503
2020-09-17,5.429999828338623,5.570000171661377,5.409999847412109,5.510000228881836,5.028669357299805,8089127
2020-09-18,5.559999942779541,5.820000171661377,5.539999961853027,5.639999866485596,5.147313117980957,17843785
2020-09-21,5.630000114440918,5.71999979019165,5.480000019073486,5.53000020980835,5.046922206878662,7590744
2020-09-22,5.550000190734863,5.690000057220459,5.460000038146973,5.659999847412109,5.165565490722656,11462262
2020-09-23,5.699999809265137,5.920000076293945,5.670000076293945,5.800000190734863,5.293336391448975,17759465
2020-09-24,5.789999961853027,6.079999923706055,5.75,6.039999961853027,5.512370586395264,20345270
2020-09-25,6.079999923706055,6.150000095367432,5.900000095367432,5.920000076293945,5.402853012084961,18077268
2020-09-28,5.900000095367432,5.960000038146973,5.800000190734863,5.869999885559082,5.3572211265563965,10008346
2020-09-29,5.880000114440918,6.019999980926514,5.809999942779541,5.869999885559082,5.3572211265563965,10932767
2020-09-30,5.920000076293945,6.039999961853027,5.889999866485596,6.019999980926514,5.494117736816406,8798180
2020-10-01,6.039999961853027,6.079999923706055,5.940000057220459,5.960000038146973,5.439358711242676,9138537
2020-10-02,5.920000076293945,6.0,5.880000114440918,5.880000114440918,5.366346836090088,6466032
2020-10-05,5.920000076293945,5.949999809265137,5.889999866485596,5.909999847412109,5.393726825714111,6594215
2020-10-06,5.929999828338623,6.179999828338623,5.900000095367432,5.989999771118164,5.466738224029541,27881785
2020-10-07,5.980000019073486,6.070000171661377,5.96999979019165,5.989999771118164,5.466738224029541,8539421
2020-10-08,6.010000228881836,6.039999961853027,5.840000152587891,5.860000133514404,5.348094940185547,7844456
2020-10-09,5.869999885559082,6.039999961853027,5.849999904632568,6.03000020980835,5.503244400024414,13096506
2020-10-12,6.079999923706055,6.230000019073486,6.070000171661377,6.139999866485596,5.603634834289551,9377215
2020-10-13,6.099999904632568,6.119999885559082,6.010000228881836,6.039999961853027,5.512370586395264,5480052
2020-10-14,6.039999961853027,6.25,6.03000020980835,6.21999979019165,5.676645755767822,11350301
2020-10-15,6.210000038146973,6.210000038146973,6.019999980926514,6.090000152587891,5.558002471923828,6612584
2020-10-16,6.079999923706055,6.099999904632568,6.019999980926514,6.03000020980835,5.503244400024414,6435890
2020-10-19,6.03000020980835,6.119999885559082,6.010000228881836,6.050000190734863,5.52149772644043,8467892
2020-10-20,6.070000171661377,6.329999923706055,6.0,6.210000038146973,5.667520999908447,27127916
2020-10-21,6.25,6.300000190734863,6.139999866485596,6.150000095367432,5.612761974334717,11479241
2020-10-22,6.170000076293945,6.260000228881836,6.03000020980835,6.230000019073486,5.6857733726501465,19233569
2020-10-23,6.21999979019165,6.380000114440918,6.179999828338623,6.260000228881836,5.786528587341309,26568354
2020-10-26,6.179999828338623,6.179999828338623,5.880000114440918,5.909999847412109,5.463000774383545,16937695
2020-10-27,5.920000076293945,6.28000020980835,5.880000114440918,6.199999809265137,5.731067180633545,30050732
2020-10-28,6.199999809265137,6.28000020980835,6.059999942779541,6.079999923706055,5.620142936706543,13585752
2020-10-30,6.03000020980835,6.400000095367432,5.960000038146973,6.199999809265137,5.731067180633545,35073892
2020-11-02,6.21999979019165,6.429999828338623,6.110000133514404,6.159999847412109,5.694091796875,23470171
2020-11-03,6.230000019073486,6.269999980926514,6.050000190734863,6.170000076293945,5.703335762023926,11829063
2020-11-04,6.199999809265137,6.369999885559082,6.139999866485596,6.170000076293945,5.703335762023926,33677975
2020-11-05,6.199999809265137,6.289999961853027,6.110000133514404,6.159999847412109,5.694091796875,18989686
2020-11-06,6.210000038146973,6.28000020980835,6.150000095367432,6.21999979019165,5.749553680419922,18324064
2020-11-09,6.329999923706055,6.670000076293945,6.289999961853027,6.570000171661377,6.073081970214844,30141689
2020-11-10,6.539999961853027,6.559999942779541,6.429999828338623,6.5,6.008376598358154,10823571
2020-11-11,6.550000190734863,6.820000171661377,6.519999980926514,6.760000228881836,6.248711585998535,25103053
2020-11-12,6.75,6.849999904632568,6.440000057220459,6.480000019073486,5.989889621734619,17843683
2020-11-13,6.53000020980835,6.639999866485596,6.489999771118164,6.630000114440918,6.128543853759766,12332312
2020-11-16,6.75,6.769999980926514,6.610000133514404,6.639999866485596,6.137787818908691,7598997
2020-11-17,6.599999904632568,6.869999885559082,6.420000076293945,6.429999828338623,5.943671703338623,17816291
2020-11-18,6.460000038146973,6.559999942779541,6.440000057220459,6.510000228881836,6.01762056350708,8539955
2020-11-19,6.5,6.730000019073486,6.420000076293945,6.619999885559082,6.119300365447998,13259849
2020-11-20,6.639999866485596,6.71999979019165,6.619999885559082,6.639999866485596,6.137787818908691,7802997
2020-11-23,6.659999847412109,6.699999809265137,6.449999809265137,6.5,6.008376598358154,11913530
2020-11-24,6.510000228881836,6.570000171661377,6.440000057220459,6.480000019073486,5.989889621734619,12432978
2020-11-25,6.510000228881836,6.539999961853027,6.380000114440918,6.400000095367432,5.915939807891846,10511522
2020-11-26,6.420000076293945,6.429999828338623,6.260000228881836,6.320000171661377,5.8419904708862305,8955344
2020-11-27,6.349999904632568,6.409999847412109,6.309999942779541,6.380000114440918,5.8974528312683105,11070977
2020-11-30,6.340000152587891,6.5,6.289999961853027,6.340000152587891,5.860478401184082,8836337
2020-12-01,6.369999885559082,6.579999923706055,6.369999885559082,6.5,6.008376598358154,10402142
2020-12-02,6.489999771118164,6.820000171661377,6.489999771118164,6.789999961853027,6.276442050933838,15566772
2020-12-03,6.769999980926514,6.920000076293945,6.690000057220459,6.75,6.239468097686768,10767547
2020-12-04,6.75,7.0,6.679999828338623,6.900000095367432,6.3781232833862305,9155964
2020-12-07,6.960000038146973,7.139999866485596,6.889999866485596,6.900000095367432,6.3781232833862305,11179766
2020-12-08,6.920000076293945,7.079999923706055,6.860000133514404,7.0,6.470560073852539,9960982
2020-12-09,7.0,7.090000152587891,6.949999809265137,6.960000038146973,6.433585166931152,7373913
2020-12-10,6.929999828338623,6.960000038146973,6.739999771118164,6.800000190734863,6.285687446594238,8644943
2020-12-11,6.789999961853027,6.840000152587891,6.599999904632568,6.730000019073486,6.220981597900391,9719530
2020-12-14,6.78000020980835,6.860000133514404,6.75,6.800000190734863,6.285687446594238,10572818
2020-12-15,6.800000190734863,6.809999942779541,6.710000038146973,6.739999771118164,6.230224132537842,6787932
2020-12-16,6.75,6.829999923706055,6.630000114440918,6.699999809265137,6.193249702453613,9444481
2020-12-17,6.730000019073486,7.0,6.710000038146973,7.0,6.470560073852539,13250527
2020-12-18,7.050000190734863,7.059999942779541,6.909999847412109,6.920000076293945,6.396610260009766,7154036
2020-12-21,6.869999885559082,6.940000057220459,6.760000228881836,6.800000190734863,6.285687446594238,6923574
2020-12-22,6.869999885559082,7.480000019073486,6.840000152587891,7.480000019073486,6.914254665374756,37968065
2020-12-23,7.630000114440918,8.149999618530273,7.53000020980835,7.710000038146973,7.126858711242676,94027626
2020-12-24,7.690000057220459,7.860000133514404,7.53000020980835,7.590000152587891,7.015935897827148,38411690
2020-12-25,7.599999904632568,7.889999866485596,7.559999942779541,7.800000190734863,7.210052490234375,21138652
2020-12-28,7.820000171661377,8.460000038146973,7.820000171661377,8.260000228881836,7.635259628295898,42086792
2020-12-29,8.329999923706055,8.59000015258789,8.170000076293945,8.34000015258789,7.70920991897583,43770558
2020-12-30,8.369999885559082,8.609999656677246,8.350000381469727,8.390000343322754,7.75542688369751,26482155
2020-12-31,8.399999618530273,8.850000381469727,8.319999694824219,8.59000015258789,7.940301418304443,27516205
2021-01-04,8.729999542236328,8.84000015258789,8.630000114440918,8.680000305175781,8.023492813110352,29143778
2021-01-05,8.680000305175781,9.399999618530273,8.600000381469727,8.949999809265137,8.273072242736816,50697099
2021-01-06,9.180000305175781,9.380000114440918,9.0,9.100000381469727,8.411727905273438,37034073
2021-01-07,9.130000114440918,9.210000038146973,8.930000305175781,9.029999732971191,8.347021102905273,11305062
2021-01-08,9.100000381469727,9.229999542236328,8.989999771118164,9.079999923706055,8.393239974975586,12761249
2021-01-11,9.0600004196167,9.220000267028809,8.890000343322754,8.970000267028809,8.291561126708984,21773334
2021-01-12,9.050000190734863,9.699999809265137,9.039999961853027,9.449999809265137,8.735255241394043,35815049
2021-01-13,9.479999542236328,9.579999923706055,9.130000114440918,9.270000457763672,8.568869590759277,19786623
2021-01-14,9.550000190734863,10.1899995803833,9.470000267028809,10.1899995803833,9.41928482055664,55925802
2021-01-15,10.229999542236328,11.199999809265137,10.210000038146973,10.479999542236328,9.687352180480957,86162799
2021-01-18,10.5,10.920000076293945,10.029999732971191,10.5600004196167,9.76130199432373,29977977
2021-01-19,10.640000343322754,10.760000228881836,10.359999656677246,10.40999984741211,9.62264633178711,15000978
2021-01-20,10.420000076293945,10.710000038146973,10.239999771118164,10.430000305175781,9.641134262084961,18027809
2021-01-21,10.420000076293945,10.569999694824219,10.279999732971191,10.289999961853027,9.511722564697266,11681434
2021-01-22,10.300000190734863,10.65999984741211,10.25,10.579999923706055,9.77978801727295,18434134
2021-01-25,10.720000267028809,10.800000190734863,10.4399995803833,10.449999809265137,9.659621238708496,10988923
2021-01-26,10.4399995803833,10.4399995803833,10.229999542236328,10.279999732971191,9.50247859954834,10723177
2021-01-27,10.279999732971191,10.3100004196167,9.539999961853027,9.59000015258789,8.864665985107422,13639116
2021-01-28,9.399999618530273,10.239999771118164,9.3100004196167,10.149999618530273,9.382311820983887,13309429
2021-01-29,9.949999809265137,10.079999923706055,9.779999732971191,9.850000381469727,9.105001449584961,8241909
2021-02-01,9.930000305175781,10.09000015258789,9.649999618530273,9.930000305175781,9.178951263427734,7816242
2021-02-02,9.979999542236328,10.569999694824219,9.979999542236328,10.5,9.705840110778809,13687131
2021-02-03,10.550000190734863,10.609999656677246,10.199999809265137,10.430000305175781,9.641134262084961,8629077
2021-02-04,10.430000305175781,10.550000190734863,10.34000015258789,10.430000305175781,9.641134262084961,7162973
2021-02-05,10.510000228881836,10.739999771118164,10.350000381469727,10.350000381469727,9.56718635559082,10907764
2021-02-08,10.449999809265137,10.930000305175781,10.3100004196167,10.760000228881836,9.946174621582031,15373900
2021-02-09,10.760000228881836,10.880000114440918,10.609999656677246,10.65999984741211,9.853738784790039,6324754
2021-02-10,10.6899995803833,11.239999771118164,10.670000076293945,10.739999771118164,9.927684783935547,15877686
2021-02-11,10.680000305175781,10.899999618530273,10.569999694824219,10.800000190734863,9.983150482177734,6089195
2021-02-12,10.84000015258789,11.579999923706055,10.789999961853027,11.289999961853027,10.436086654663086,19907713
2021-02-15,11.350000381469727,11.739999771118164,11.350000381469727,11.65999984741211,10.778103828430176,9360704
2021-02-16,11.699999809265137,12.0,11.149999618530273,11.65999984741211,10.778103828430176,11226598
2021-02-17,11.699999809265137,11.770000457763672,11.220000267028809,11.380000114440918,10.519280433654785,7838704
2021-02-18,11.380000114440918,11.789999961853027,11.25,11.680000305175781,10.796590805053711,11260529
2021-02-19,11.649999618530273,11.920000076293945,11.430000305175781,11.800000190734863,10.907514572143555,8729206
2021-02-22,11.789999961853027,12.170000076293945,11.729999542236328,11.859999656677246,10.962976455688477,6949619
2021-02-23,11.850000381469727,11.9399995803833,11.199999809265137,11.199999809265137,10.352895736694336,7045284
2021-02-24,11.0,11.34000015258789,10.680000305175781,10.710000038146973,9.899956703186035,6786763
2021-02-25,11.100000381469727,11.109999656677246,10.550000190734863,10.720000267028809,9.909200668334961,5143139
2021-02-26,10.399999618530273,10.779999732971191,10.210000038146973,10.710000038146973,9.899956703186035,5187131
2021-03-01,10.829999923706055,11.300000190734863,10.829999923706055,11.300000190734863,10.445332527160645,5915561
2021-03-02,11.300000190734863,11.329999923706055,11.069999694824219,11.140000343322754,10.297433853149414,4483454
2021-03-03,11.1899995803833,12.25,11.1899995803833,11.819999694824219,10.92600154876709,35859295
2021-03-04,11.710000038146973,12.119999885559082,11.569999694824219,11.960000038146973,11.055413246154785,15324407
2021-03-05,11.9399995803833,12.390000343322754,11.720000267028809,12.220000267028809,11.29574966430664,20187894
2021-03-08,12.34000015258789,12.729999542236328,11.920000076293945,12.09000015258789,11.175581932067871,17029851
2021-03-09,12.199999809265137,12.289999961853027,11.979999542236328,12.149999618530273,11.231042861938477,7823248
2021-03-10,12.180000305175781,12.84000015258789,12.119999885559082,12.220000267028809,11.29574966430664,21868753
2021-03-11,12.59000015258789,12.65999984741211,12.25,12.260000228881836,11.332723617553711,17829938
2021-03-12,12.289999961853027,12.3100004196167,11.90999984741211,12.079999923706055,11.166337013244629,8451621
2021-03-15,12.069999694824219,12.34000015258789,11.899999618530273,11.920000076293945,11.018437385559082,8977019
2021-03-16,11.930000305175781,12.0,11.800000190734863,11.880000114440918,10.981463432312012,8924141
2021-03-17,11.9399995803833,12.390000343322754,11.890000343322754,12.119999885559082,11.2033109664917,15617969
2021-03-18,12.130000114440918,12.3100004196167,11.989999771118164,12.020000457763672,11.110875129699707,9044989
2021-03-19,12.020000457763672,12.210000038146973,11.6899995803833,12.039999961853027,11.129362106323242,9898556
2021-03-22,10.84000015258789,11.199999809265137,10.84000015258789,10.84000015258789,10.020124435424805,6436420
2021-03-23,9.890000343322754,11.100000381469727,9.760000228881836,10.869999885559082,10.047853469848633,14783820
2021-03-24,10.930000305175781,11.300000190734863,10.850000381469727,10.970000267028809,10.140291213989258,17470138
2021-03-25,10.979999542236328,11.130000114440918,10.579999923706055,10.579999923706055,9.77978801727295,12626067
2021-03-26,10.65999984741211,11.079999923706055,10.220000267028809,10.430000305175781,9.641134262084961,19612249
2021-03-29,10.430000305175781,10.630000114440918,10.319999694824219,10.380000114440918,9.594914436340332,5693207
2021-03-30,10.329999923706055,10.4399995803833,9.970000267028809,10.0,9.243656158447266,12460736
2021-03-31,10.050000190734863,10.34000015258789,10.029999732971191,10.09000015258789,9.326848983764648,12846603
2021-04-01,10.210000038146973,10.529999732971191,10.15999984741211,10.529999732971191,9.733570098876953,10779692
2021-04-02,10.5600004196167,10.819999694824219,10.350000381469727,10.770000457763672,9.955419540405273,8911026
2021-04-05,10.779999732971191,10.989999771118164,10.710000038146973,10.829999923706055,10.010879516601562,5966054
2021-04-06,10.84000015258789,10.920000076293945,10.479999542236328,10.5,9.705840110778809,5308031
2021-04-07,10.510000228881836,10.600000381469727,10.40999984741211,10.5,9.705840110778809,3657392
2021-04-08,10.539999961853027,10.880000114440918,10.539999961853027,10.670000076293945,9.862980842590332,6634937
2021-04-09,10.670000076293945,10.770000457763672,10.140000343322754,10.380000114440918,9.594914436340332,8090503
2021-04-12,10.380000114440918,10.40999984741211,10.149999618530273,10.220000267028809,9.447017669677734,3245968
2021-04-13,10.220000267028809,10.449999809265137,9.90999984741211,10.359999656677246,9.576428413391113,6135463
2021-04-14,10.40999984741211,10.720000267028809,10.40999984741211,10.710000038146973,9.899956703186035,5186455
2021-04-15,10.720000267028809,10.899999618530273,10.420000076293945,10.5,9.705840110778809,7585827
2021-04-16,10.460000038146973,10.65999984741211,10.399999618530273,10.510000228881836,9.715083122253418,3218765
2021-04-19,10.449999809265137,10.640000343322754,10.119999885559082,10.119999885559082,9.35457992553711,4231177
2021-04-20,10.100000381469727,10.59000015258789,9.979999542236328,10.380000114440918,9.594914436340332,7927177
2021-04-21,10.239999771118164,10.3100004196167,9.510000228881836,9.729999542236328,8.994075775146484,8207228
2021-04-22,9.539999961853027,9.789999961853027,9.289999961853027,9.710000038146973,8.975590705871582,7110476
2021-04-26,9.6899995803833,9.899999618530273,9.550000190734863,9.640000343322754,8.910884857177734,4362451
2021-04-27,9.65999984741211,9.930000305175781,9.649999618530273,9.819999694824219,9.0772705078125,5271059
2021-04-28,9.800000190734863,9.8100004196167,9.600000381469727,9.65999984741211,8.929372787475586,3494839
2021-04-29,9.699999809265137,9.930000305175781,9.699999809265137,9.739999771118164,9.003321647644043,4716173
2021-04-30,9.75,9.75,9.59000015258789,9.630000114440918,8.901640892028809,3595289
2021-05-03,9.640000343322754,9.949999809265137,9.640000343322754,9.949999809265137,9.197439193725586,5944196
2021-05-04,9.960000038146973,10.0,9.699999809265137,9.75,9.012565612792969,3824198
2021-05-05,9.770000457763672,9.890000343322754,9.739999771118164,9.789999961853027,9.049539566040039,5514826
2021-05-06,9.800000190734863,10.079999923706055,9.729999542236328,9.890000343322754,9.141976356506348,10251928
2021-05-07,9.899999618530273,10.220000267028809,9.850000381469727,9.9399995803833,9.188193321228027,7206690
2021-05-10,10.010000228881836,10.1899995803833,10.010000228881836,10.0600004196167,9.299118995666504,5056779
2021-05-11,9.899999618530273,10.260000228881836,9.850000381469727,10.229999542236328,9.587780952453613,7414330
2021-05-12,10.149999618530273,10.25,10.0,10.029999732971191,9.400338172912598,2044148
2021-05-17,10.029999732971191,10.279999732971191,9.899999618530273,10.239999771118164,9.59715461730957,6612862
2021-05-18,10.260000228881836,10.350000381469727,10.050000190734863,10.0600004196167,9.428455352783203,2921296
2021-05-20,10.029999732971191,10.199999809265137,9.949999809265137,10.0600004196167,9.428455352783203,3826229
2021-05-21,10.069999694824219,10.420000076293945,10.039999961853027,10.34000015258789,9.690876960754395,9372411
2021-05-24,10.34000015258789,10.779999732971191,10.270000457763672,10.75,10.075139045715332,9452537
2021-05-25,10.729999542236328,10.84000015258789,10.0,10.09000015258789,9.456571578979492,6478143
2021-05-26,10.130000114440918,10.399999618530273,9.989999771118164,10.239999771118164,9.59715461730957,3676127
2021-05-27,10.279999732971191,10.579999923706055,10.15999984741211,10.220000267028809,9.578410148620605,5654748
2021-05-28,10.210000038146973,10.229999542236328,9.9399995803833,10.020000457763672,9.390965461730957,3397146
2021-05-31,10.010000228881836,10.119999885559082,9.890000343322754,9.899999618530273,9.2785005569458,2848917
2021-06-01,9.960000038146973,10.010000228881836,9.90999984741211,9.949999809265137,9.325359344482422,2662208
2021-06-02,9.84000015258789,9.930000305175781,9.760000228881836,9.850000381469727,9.23163890838623,3551511
2021-06-03,9.869999885559082,9.979999542236328,9.529999732971191,9.59000015258789,8.987960815429688,5687504
2021-06-04,9.550000190734863,9.65999984741211,9.5,9.5,8.903609275817871,2896440
2021-06-07,9.539999961853027,9.779999732971191,9.539999961853027,9.640000343322754,9.034822463989258,4928193
2021-06-08,9.59000015258789,9.739999771118164,9.579999923706055,9.579999923706055,8.978588104248047,2769023
2021-06-09,9.579999923706055,9.680000305175781,9.550000190734863,9.579999923706055,8.978588104248047,2143827
2021-06-10,9.5600004196167,9.630000114440918,9.380000114440918,9.40999984741211,8.819259643554688,5351956
2021-06-11,9.430000305175781,9.649999618530273,9.399999618530273,9.539999961853027,8.941100120544434,4796123
2021-06-14,9.579999923706055,9.619999885559082,9.210000038146973,9.270000457763672,8.688050270080566,3712587
2021-06-15,9.220000267028809,9.350000381469727,9.050000190734863,9.140000343322754,8.566210746765137,3566854
2021-06-16,9.140000343322754,9.239999771118164,8.989999771118164,8.989999771118164,8.425627708435059,2081869
2021-06-17,8.949999809265137,8.970000267028809,8.720000267028809,8.729999542236328,8.1819486618042,5161544
2021-06-18,8.789999961853027,8.880000114440918,8.460000038146973,8.510000228881836,7.975761413574219,4741776
2021-06-21,8.479999542236328,8.609999656677246,8.390000343322754,8.510000228881836,7.975761413574219,2617845
2021-06-22,8.550000190734863,8.619999885559082,8.479999542236328,8.5600004196167,8.022621154785156,3103197
2021-06-23,8.59000015258789,8.699999809265137,8.489999771118164,8.5,7.9663896560668945,5426850
2021-06-24,8.510000228881836,8.699999809265137,8.510000228881836,8.569999694824219,8.031993865966797,7298011
2021-06-25,8.609999656677246,8.720000267028809,8.449999809265137,8.449999809265137,7.919527053833008,5460413
2021-06-28,8.539999961853027,8.630000114440918,8.4399995803833,8.510000228881836,7.975761413574219,4552920
2021-06-29,8.460000038146973,8.569999694824219,8.369999885559082,8.5,7.9663896560668945,5646833
2021-06-30,8.529999732971191,8.579999923706055,8.279999732971191,8.430000305175781,7.900783538818359,3123524
2021-07-01,8.5,8.920000076293945,8.5,8.84000015258789,8.28504467010498,8257288
2021-07-02,8.84000015258789,9.5,8.640000343322754,9.279999732971191,8.697421073913574,7605433
2021-07-05,9.199999809265137,9.670000076293945,9.140000343322754,9.460000038146973,8.866122245788574,9333617
2021-07-06,9.460000038146973,9.520000457763672,9.260000228881836,9.279999732971191,8.697421073913574,3714036
2021-07-07,9.279999732971191,9.59000015258789,9.279999732971191,9.460000038146973,8.866122245788574,8858877
2021-07-08,9.460000038146973,9.529999732971191,9.229999542236328,9.260000228881836,8.678677558898926,3881635
2021-07-09,9.289999961853027,9.329999923706055,9.170000076293945,9.180000305175781,8.603700637817383,2369381
2021-07-12,9.180000305175781,9.359999656677246,9.069999694824219,9.229999542236328,8.650559425354004,4956266
2021-07-13,9.199999809265137,9.289999961853027,9.0,9.020000457763672,8.453744888305664,3152366
2021-07-14,9.020000457763672,9.380000114440918,9.020000457763672,9.260000228881836,8.678677558898926,4313216
2021-07-16,9.539999961853027,9.609999656677246,9.260000228881836,9.260000228881836,8.678677558898926,4238511
2021-07-19,9.199999809265137,9.3100004196167,9.130000114440918,9.260000228881836,8.678677558898926,1583673
2021-07-26,9.279999732971191,9.430000305175781,9.25,9.300000190734863,8.716165542602539,2904355
2021-07-27,9.260000228881836,9.520000457763672,9.260000228881836,9.460000038146973,8.866122245788574,3667978
2021-07-28,9.460000038146973,9.579999923706055,9.40999984741211,9.449999809265137,8.856749534606934,2775759
2021-07-29,9.510000228881836,9.649999618530273,9.510000228881836,9.569999694824219,8.969217300415039,4190814
2021-07-30,9.550000190734863,9.5600004196167,9.369999885559082,9.430000305175781,8.838005065917969,2655350
2021-08-02,9.460000038146973,9.75,9.460000038146973,9.640000343322754,9.034822463989258,6435329
2021-08-03,9.649999618530273,9.850000381469727,9.609999656677246,9.75,9.137916564941406,5542496
2021-08-04,9.760000228881836,9.880000114440918,9.649999618530273,9.649999618530273,9.044193267822266,4874182
2021-08-05,9.600000381469727,9.800000190734863,9.59000015258789,9.729999542236328,9.119172096252441,3327941
2021-08-06,9.729999542236328,9.84000015258789,9.670000076293945,9.729999542236328,9.119172096252441,4008071
2021-08-09,9.75,9.920000076293945,9.75,9.890000343322754,9.26912784576416,6254314
2021-08-10,9.90999984741211,9.989999771118164,9.84000015258789,9.880000114440918,9.259756088256836,3966257
2021-08-11,9.869999885559082,9.979999542236328,9.579999923706055,9.609999656677246,9.006704330444336,5053748
2021-08-12,9.699999809265137,10.029999732971191,9.670000076293945,9.890000343322754,9.26912784576416,6888504
2021-08-13,9.890000343322754,9.989999771118164,9.75,9.800000190734863,9.18477725982666,3505413
2021-08-16,9.800000190734863,9.920000076293945,9.779999732971191,9.800000190734863,9.18477725982666,3341922
2021-08-17,9.770000457763672,10.039999961853027,9.75,9.930000305175781,9.30661678314209,6091057
2021-08-18,9.989999771118164,10.050000190734863,9.800000190734863,9.800000190734863,9.18477725982666,4059246
2021-08-19,9.350000381469727,9.510000228881836,9.3100004196167,9.369999885559082,8.781773567199707,7571657
2021-08-20,9.369999885559082,9.399999618530273,9.050000190734863,9.079999923706055,8.509976387023926,6757662
2021-08-23,9.1899995803833,9.25,9.039999961853027,9.119999885559082,8.547466278076172,6161080
2021-08-24,9.130000114440918,9.15999984741211,8.829999923706055,8.859999656677246,8.303788185119629,7290752
2021-08-25,8.899999618530273,8.90999984741211,8.680000305175781,8.699999809265137,8.153833389282227,4064073
2021-08-26,8.699999809265137,8.800000190734863,8.59000015258789,8.59000015258789,8.050738334655762,3932505
2021-08-27,8.630000114440918,8.84000015258789,8.619999885559082,8.829999923706055,8.275671005249023,5074196
2021-08-31,8.930000305175781,9.0,8.869999885559082,8.899999618530273,8.341277122497559,3239133
2021-09-01,8.949999809265137,9.079999923706055,8.869999885559082,8.979999542236328,8.416254997253418,4920224
2021-09-02,8.979999542236328,9.100000381469727,8.970000267028809,9.029999732971191,8.463115692138672,3579398
2021-09-03,9.029999732971191,9.130000114440918,8.979999542236328,9.029999732971191,8.463115692138672,2959922
2021-09-06,9.029999732971191,9.0600004196167,8.960000038146973,8.989999771118164,8.425627708435059,2518576
2021-09-07,9.0,9.0,8.699999809265137,8.739999771118164,8.19132137298584,4003671
2021-09-08,8.720000267028809,8.800000190734863,8.529999732971191,8.5600004196167,8.022621154785156,4694236
2021-09-09,8.529999732971191,8.65999984741211,8.5,8.65999984741211,8.116345405578613,3400208
2021-09-10,8.699999809265137,8.729999542236328,8.539999961853027,8.600000381469727,8.060110092163086,2936467
2021-09-13,8.770000457763672,9.100000381469727,8.770000457763672,8.989999771118164,8.425627708435059,9443243
2021-09-14,8.960000038146973,9.229999542236328,8.960000038146973,9.180000305175781,8.603700637817383,7087273
2021-09-15,9.180000305175781,9.399999618530273,9.0600004196167,9.3100004196167,8.72553825378418,7304867
2021-09-16,9.319999694824219,9.59000015258789,9.170000076293945,9.210000038146973,8.631816864013672,9193970
2021-09-17,9.229999542236328,9.350000381469727,9.079999923706055,9.15999984741211,8.584954261779785,3914867
2021-09-20,8.949999809265137,9.100000381469727,8.829999923706055,8.890000343322754,8.331904411315918,2768617
2021-09-21,8.9399995803833,9.039999961853027,8.850000381469727,8.859999656677246,8.303788185119629,2589461
2021-09-22,8.90999984741211,8.979999542236328,8.789999961853027,8.899999618530273,8.341277122497559,2086968
2021-09-23,8.90999984741211,8.960000038146973,8.5600004196167,8.760000228881836,8.210066795349121,3746741
2021-09-24,8.720000267028809,8.800000190734863,8.579999923706055,8.649999618530273,8.106971740722656,2898416
2021-09-27,8.680000305175781,8.779999732971191,8.630000114440918,8.75,8.200692176818848,3583434
2021-09-28,8.760000228881836,8.789999961853027,8.510000228881836,8.649999618530273,8.106971740722656,2960849
2021-09-29,8.649999618530273,8.720000267028809,8.609999656677246,8.619999885559082,8.07885456085205,2078611
2021-09-30,8.630000114440918,8.710000038146973,8.600000381469727,8.619999885559082,8.07885456085205,2267831
2021-10-01,8.600000381469727,8.640000343322754,8.529999732971191,8.539999961853027,8.003876686096191,2864090
2021-10-04,8.550000190734863,8.600000381469727,8.5,8.5,7.9663896560668945,3129352
2021-10-05,8.510000228881836,8.59000015258789,8.489999771118164,8.5600004196167,8.022621154785156,2553856
2021-10-06,8.5600004196167,8.569999694824219,8.149999618530273,8.170000076293945,7.657104969024658,4534443
2021-10-07,8.210000038146973,8.279999732971191,8.180000305175781,8.260000228881836,7.741455554962158,2840900
2021-10-08,8.260000228881836,8.399999618530273,8.220000267028809,8.319999694824219,7.797688007354736,2876679
2021-10-11,8.300000190734863,8.369999885559082,8.25,8.289999961853027,7.769571781158447,3579911
2021-10-12,8.270000457763672,8.489999771118164,8.260000228881836,8.369999885559082,7.844549179077148,5067213
2021-10-13,8.399999618530273,8.609999656677246,8.359999656677246,8.40999984741211,7.882038593292236,6177392
2021-10-14,8.359999656677246,8.510000228881836,8.34000015258789,8.369999885559082,7.844549179077148,4309128
2021-10-15,8.420000076293945,8.579999923706055,8.34000015258789,8.430000305175781,7.900783538818359,8865258
2021-10-18,8.460000038146973,8.550000190734863,8.40999984741211,8.5,7.9663896560668945,7484658
2021-10-19,8.550000190734863,8.880000114440918,8.550000190734863,8.84000015258789,8.28504467010498,9971542
2021-10-20,8.84000015258789,9.09000015258789,8.800000190734863,8.869999885559082,8.31316089630127,8741486
2021-10-21,8.880000114440918,9.020000457763672,8.779999732971191,8.930000305175781,8.369394302368164,7763405
2021-10-22,8.970000267028809,9.239999771118164,8.90999984741211,9.180000305175781,8.603700637817383,9246272
2021-10-25,9.130000114440918,9.4399995803833,9.100000381469727,9.300000190734863,8.716165542602539,9761083
2021-10-26,9.399999618530273,9.479999542236328,9.319999694824219,9.369999885559082,8.781773567199707,5348887
2021-10-27,9.380000114440918,9.40999984741211,9.270000457763672,9.359999656677246,8.772398948669434,4592905
2021-10-28,9.359999656677246,9.4399995803833,9.34000015258789,9.40999984741211,8.819259643554688,2614904
2021-11-01,9.5600004196167,10.350000381469727,9.5600004196167,9.850000381469727,9.23163890838623,13452507
2021-11-02,9.869999885559082,10.0600004196167,9.710000038146973,9.970000267028809,9.34410572052002,9898907
2021-11-03,10.010000228881836,10.09000015258789,9.59000015258789,10.0,9.372220993041992,11025304
2021-11-04,10.079999923706055,10.430000305175781,10.069999694824219,10.319999694824219,9.67213249206543,9194313
2021-11-05,10.319999694824219,10.899999618530273,10.100000381469727,10.270000457763672,9.625272750854492,10939565
2021-11-08,10.270000457763672,10.390000343322754,10.15999984741211,10.380000114440918,9.728365898132324,9081079
2021-11-09,10.270000457763672,10.270000457763672,10.069999694824219,10.180000305175781,9.540922164916992,10458020
2021-11-10,10.270000457763672,10.65999984741211,10.210000038146973,10.569999694824219,9.906438827514648,17826751
2021-11-11,10.5,10.84000015258789,10.470000267028809,10.5,9.84083366394043,11318133
2021-11-12,10.5,10.630000114440918,10.460000038146973,10.579999923706055,9.915810585021973,4597707
2021-11-15,10.720000267028809,11.039999961853027,10.65999984741211,10.960000038146973,10.271954536437988,11708998
2021-11-16,10.979999542236328,11.229999542236328,10.710000038146973,10.850000381469727,10.168861389160156,10963605
2021-11-17,10.84000015258789,11.199999809265137,10.8100004196167,11.069999694824219,10.375048637390137,11533225
2021-11-18,11.010000228881836,11.239999771118164,10.470000267028809,10.979999542236328,10.29069995880127,12393671
2021-11-19,11.130000114440918,11.1899995803833,10.869999885559082,10.960000038146973,10.271954536437988,7066189
2021-11-22,11.020000457763672,11.239999771118164,11.020000457763672,11.109999656677246,10.412537574768066,7003189
2021-11-23,11.09000015258789,11.180000305175781,10.720000267028809,11.020000457763672,10.3281888961792,17900446
2021-11-24,11.15999984741211,11.520000457763672,11.140000343322754,11.289999961853027,10.581236839294434,16097151
2021-11-25,11.329999923706055,11.65999984741211,11.329999923706055,11.569999694824219,10.843660354614258,11255593
2021-11-26,11.520000457763672,11.520000457763672,10.949999809265137,11.100000381469727,10.403166770935059,9056540
2021-11-29,11.25,11.25,10.850000381469727,11.039999961853027,10.346932411193848,7763187
2021-11-30,11.069999694824219,11.149999618530273,10.880000114440918,11.0,10.309444427490234,6396726
2021-12-01,11.0600004196167,11.180000305175781,10.989999771118164,11.0600004196167,10.365677833557129,10844066
2021-12-02,11.100000381469727,11.25,11.079999923706055,11.140000343322754,10.440654754638672,8210891
2021-12-03,11.3100004196167,11.4399995803833,11.279999732971191,11.380000114440918,10.665589332580566,10908789
2021-12-06,11.449999809265137,11.489999771118164,11.260000228881836,11.399999618530273,10.684331893920898,8229758
2021-12-07,11.470000267028809,11.579999923706055,11.40999984741211,11.539999961853027,10.815543174743652,10546821
2021-12-08,11.619999885559082,11.770000457763672,11.470000267028809,11.529999732971191,10.806172370910645,13953070
2021-12-09,11.550000190734863,11.670000076293945,11.449999809265137,11.479999542236328,10.759308815002441,15017239
2021-12-10,11.5,11.510000228881836,11.300000190734863,11.350000381469727,10.637472152709961,8854121
2021-12-13,11.359999656677246,11.579999923706055,11.3100004196167,11.460000038146973,10.74056625366211,13367349
2021-12-14,11.550000190734863,11.649999618530273,11.279999732971191,11.329999923706055,10.618728637695312,16542544
2021-12-15,11.4399995803833,11.9399995803833,11.270000457763672,11.75,11.012361526489258,28942286
2021-12-16,11.84000015258789,12.0600004196167,11.579999923706055,12.020000457763672,11.265410423278809,18346714
2021-12-17,12.199999809265137,13.109999656677246,11.149999618530273,11.319999694824219,10.609354019165039,30441840
2021-12-20,11.069999694824219,12.199999809265137,10.979999542236328,11.520000457763672,10.79680061340332,14096566
2021-12-21,12.25,12.279999732971191,10.859999656677246,11.100000381469727,10.403166770935059,18348440
2021-12-22,11.0,11.930000305175781,10.5,11.199999809265137,10.496888160705566,14590650
2021-12-23,11.5,12.149999618530273,11.199999809265137,12.149999618530273,11.387248039245605,12731290
2021-12-24,12.119999885559082,12.300000190734863,11.569999694824219,12.0600004196167,11.302900314331055,9790807
2021-12-27,12.15999984741211,12.680000305175781,12.149999618530273,12.59000015258789,11.799626350402832,12028392
2021-12-28,12.630000114440918,12.800000190734863,12.279999732971191,12.430000305175781,11.649672508239746,8168093
2021-12-29,12.350000381469727,12.539999961853027,12.0,12.279999732971191,11.509088516235352,6289760
2021-12-30,12.239999771118164,12.529999732971191,12.050000190734863,12.279999732971191,11.509088516235352,7190968
2021-12-31,12.350000381469727,12.399999618530273,11.899999618530273,12.399999618530273,11.621554374694824,5121799
2022-01-03,12.579999923706055,12.850000381469727,12.569999694824219,12.640000343322754,11.846489906311035,6896574
2022-01-04,12.670000076293945,13.020000457763672,12.5600004196167,12.649999618530273,11.855860710144043,9994479
2022-01-05,12.65999984741211,12.6899995803833,12.460000038146973,12.619999885559082,11.827743530273438,5107571
2022-01-06,12.5,12.510000228881836,12.180000305175781,12.229999542236328,11.462226867675781,6460582
2022-01-07,12.199999809265137,12.350000381469727,12.170000076293945,12.270000457763672,11.499716758728027,3760570
2022-01-10,12.270000457763672,12.529999732971191,12.229999542236328,12.420000076293945,11.640298843383789,7605729
2022-01-11,12.5,13.100000381469727,12.229999542236328,12.949999809265137,12.1370267868042,12991887
2022-01-12,13.050000190734863,14.039999961853027,12.800000190734863,13.8100004196167,12.943037986755371,15831480
2022-01-13,13.779999732971191,14.699999809265137,13.779999732971191,14.430000305175781,13.524116516113281,15658271
2022-01-14,14.430000305175781,14.789999961853027,13.989999771118164,14.140000343322754,13.252321243286133,11688909
2022-01-17,14.270000457763672,14.75,14.149999618530273,14.649999618530273,13.730305671691895,9962654
2022-01-18,14.649999618530273,14.789999961853027,13.399999618530273,13.420000076293945,12.577522277832031,9672068
2022-01-19,13.449999809265137,14.25,13.449999809265137,14.25,13.355416297912598,11677591
2022-01-20,14.279999732971191,15.199999809265137,14.279999732971191,15.149999618530273,14.198915481567383,21323616
2022-01-21,15.149999618530273,15.779999732971191,14.770000457763672,15.09000015258789,14.142682075500488,17574347
2022-01-24,15.239999771118164,15.699999809265137,14.649999618530273,14.970000267028809,14.030216217041016,15144838
2022-01-25,15.149999618530273,15.479999542236328,14.34000015258789,15.399999618530273,14.433220863342285,10165325
2022-01-26,15.399999618530273,16.0,15.029999732971191,15.90999984741211,14.911205291748047,13701937
2022-01-27,15.619999885559082,17.5,15.5600004196167,17.5,16.401384353637695,17536100
2022-01-28,18.0,19.1200008392334,17.600000381469727,18.639999389648438,17.469820022583008,29996710
2022-01-31,18.899999618530273,19.110000610351562,18.450000762939453,18.600000381469727,17.432331085205078,10254395
2022-02-01,18.600000381469727,19.440000534057617,18.450000762939453,19.0,17.807218551635742,12211952
2022-02-02,19.100000381469727,19.18000030517578,18.110000610351562,18.200000762939453,17.057443618774414,10106582
2022-02-03,18.149999618530273,18.209999084472656,17.540000915527344,17.700000762939453,16.588834762573242,8842876
2022-02-04,17.719999313354492,18.489999771118164,17.549999237060547,18.049999237060547,16.916858673095703,9423834
2022-02-07,18.1200008392334,18.549999237060547,17.969999313354492,18.06999969482422,16.93560218811035,7466685
2022-02-08,18.010000228881836,18.1200008392334,17.809999465942383,17.8799991607666,16.757532119750977,5017419
2022-02-09,17.920000076293945,18.399999618530273,17.729999542236328,18.170000076293945,17.02933120727539,9941263
2022-02-10,18.200000762939453,18.59000015258789,18.010000228881836,18.59000015258789,17.42296028137207,8073212
2022-02-11,18.440000534057617,18.719999313354492,18.09000015258789,18.25,17.104305267333984,7154673
2022-02-14,17.920000076293945,18.950000762939453,17.6200008392334,18.75,17.572914123535156,11050877
2022-02-15,18.969999313354492,19.209999084472656,18.729999542236328,18.81999969482422,17.638519287109375,8685223
2022-02-16,18.889999389648438,19.350000381469727,18.860000610351562,19.170000076293945,17.966550827026367,6903538
2022-02-17,19.149999618530273,19.860000610351562,19.149999618530273,19.34000015258789,18.12587547302246,9570989
2022-02-18,19.469999313354492,20.200000762939453,19.1299991607666,19.889999389648438,18.64134979248047,9600077
2022-02-21,19.979999542236328,20.079999923706055,19.239999771118164,19.440000534057617,18.219600677490234,5098672
2022-02-22,18.979999542236328,19.309999465942383,18.649999618530273,18.700000762939453,17.52605628967285,6864465
2022-02-23,18.790000915527344,19.06999969482422,18.280000686645508,18.43000030517578,17.273006439208984,4867753
2022-02-24,17.010000228881836,17.65999984741211,16.59000015258789,16.59000015258789,15.548517227172852,7518014
2022-02-25,16.899999618530273,18.200000762939453,16.719999313354492,18.010000228881836,16.87937355041504,7415405
2022-02-28,17.399999618530273,18.549999237060547,17.31999969482422,18.219999313354492,17.076187133789062,10210906
2022-03-01,18.450000762939453,18.850000381469727,18.170000076293945,18.59000015258789,17.42296028137207,6281560
2022-03-02,18.65999984741211,19.170000076293945,18.34000015258789,19.100000381469727,17.90094566345215,7473301
2022-03-03,19.1200008392334,20.139999389648438,19.1200008392334,19.5,18.275833129882812,8437260
2022-03-04,19.450000762939453,19.81999969482422,18.899999618530273,18.90999984741211,17.722871780395508,5317631
2022-03-07,18.5,18.579999923706055,17.81999969482422,18.18000030517578,17.038700103759766,9843489
2022-03-08,17.93000030517578,18.809999465942383,17.93000030517578,18.06999969482422,16.93560218811035,8900969
2022-03-09,18.299999237060547,18.649999618530273,18.0,18.079999923706055,16.944978713989258,6559666
2022-03-10,18.229999542236328,18.6299991607666,18.170000076293945,18.450000762939453,17.291749954223633,8363723
2022-03-11,19.0,20.059999465942383,18.729999542236328,19.530000686645508,18.3039493560791,17870546
2022-03-14,19.56999969482422,21.100000381469727,19.56999969482422,20.959999084472656,19.644176483154297,12450212
2022-03-15,21.0,21.780000686645508,20.479999542236328,20.899999618530273,19.58794403076172,9847500
2022-03-16,21.200000762939453,21.399999618530273,20.18000030517578,20.5,19.213054656982422,6647579
2022-03-17,20.65999984741211,20.760000228881836,20.100000381469727,20.559999465942383,19.269287109375,5555438
2022-03-18,20.600000381469727,21.979999542236328,20.3799991607666,21.700000762939453,20.337722778320312,16633512
2022-03-21,22.739999771118164,22.959999084472656,22.200000762939453,22.479999542236328,21.068754196166992,9485300
2022-03-22,22.5,22.799999237060547,22.15999984741211,22.459999084472656,21.050010681152344,6540566
2022-03-23,22.5,22.579999923706055,21.920000076293945,22.219999313354492,20.825075149536133,5219636
2022-03-24,22.5,22.600000381469727,21.920000076293945,22.020000457763672,20.63763427734375,5839797
2022-03-25,22.1200008392334,22.34000015258789,21.780000686645508,21.940000534057617,20.56265640258789,3615393
2022-03-28,22.0,23.200000762939453,22.0,23.059999465942383,21.61234474182129,10571453
2022-03-29,23.200000762939453,24.5,22.579999923706055,23.959999084472656,22.455841064453125,16301817
2022-03-30,24.079999923706055,24.31999969482422,23.459999084472656,23.920000076293945,22.418354034423828,9181782
2022-03-31,23.940000534057617,24.280000686645508,23.65999984741211,23.959999084472656,22.455841064453125,4527366
2022-04-01,24.299999237060547,25.0,23.899999618530273,23.979999542236328,22.474586486816406,13066208
2022-04-04,24.200000762939453,24.479999542236328,23.8799991607666,24.139999389648438,22.624544143676758,6509599
2022-04-05,24.079999923706055,24.739999771118164,24.079999923706055,24.6200008392334,23.07440948486328,12600735
2022-04-06,25.200000762939453,26.5,25.15999984741211,25.559999465942383,23.95539665222168,20989564
2022-04-07,25.6200008392334,26.420000076293945,25.239999771118164,26.31999969482422,24.667688369750977,10104252
2022-04-08,26.34000015258789,27.959999084472656,26.34000015258789,27.639999389648438,25.90481948852539,11066955
2022-04-11,27.899999618530273,28.440000534057617,26.899999618530273,27.200000762939453,25.49244499206543,10841284
2022-04-12,27.18000030517578,27.479999542236328,26.479999542236328,27.200000762939453,25.49244499206543,10755091
2022-04-13,27.520000457763672,27.579999923706055,26.540000915527344,26.979999542236328,25.286252975463867,8295602
2022-04-14,27.100000381469727,27.600000381469727,26.860000610351562,27.3799991607666,25.661142349243164,6733659
2022-04-15,27.399999618530273,28.5,27.020000457763672,28.459999084472656,26.673341751098633,15085737
2022-04-18,28.600000381469727,29.020000457763672,27.719999313354492,28.0,26.242219924926758,10067309
2022-04-19,28.100000381469727,28.3799991607666,27.299999237060547,27.639999389648438,25.90481948852539,8679865
2022-04-20,27.700000762939453,28.479999542236328,27.31999969482422,28.200000762939453,26.42966651916504,9085381
2022-04-21,28.299999237060547,28.579999923706055,27.899999618530273,27.940000534057617,26.18598747253418,5504942
2022-04-22,27.8799991607666,28.100000381469727,26.540000915527344,26.959999084472656,25.267507553100586,7104128
2022-04-25,26.739999771118164,26.959999084472656,26.040000915527344,26.420000076293945,24.761409759521484,8831139
2022-04-26,26.600000381469727,26.8799991607666,25.299999237060547,25.940000534057617,24.311548233032227,9968752
2022-04-27,25.940000534057617,26.65999984741211,25.5,26.299999237060547,24.648942947387695,7329863
2022-04-28,26.399999618530273,26.600000381469727,25.600000381469727,25.600000381469727,23.992891311645508,4965228
2022-04-29,25.760000228881836,26.959999084472656,25.760000228881836,26.860000610351562,25.17378807067871,9260585
2022-05-05,27.15999984741211,27.6200008392334,27.040000915527344,27.15999984741211,25.4549560546875,6589780
2022-05-06,27.0,27.360000610351562,26.239999771118164,26.940000534057617,25.464406967163086,6742403
2022-05-09,27.059999465942383,28.31999969482422,27.040000915527344,28.15999984741211,26.617582321166992,9434599
2022-05-10,28.280000686645508,28.3799991607666,27.520000457763672,28.059999465942383,26.52305793762207,3768040
2022-05-11,29.219999313354492,29.31999969482422,27.5,27.799999237060547,26.277301788330078,10136359
2022-05-12,27.479999542236328,27.479999542236328,25.799999237060547,26.200000762939453,24.764938354492188,11956759
2022-05-13,26.799999237060547,27.559999465942383,26.719999313354492,26.979999542236328,25.502214431762695,7983322
2022-05-16,27.0,27.860000610351562,26.81999969482422,27.34000015258789,25.842496871948242,6564028
2022-05-17,27.540000915527344,27.739999771118164,26.760000228881836,27.299999237060547,25.804689407348633,5891095
2022-05-18,27.260000228881836,27.6200008392334,26.84000015258789,26.84000015258789,25.369884490966797,5279692
2022-05-20,26.940000534057617,27.239999771118164,26.459999084472656,26.8799991607666,25.407691955566406,5609412
2022-05-23,27.059999465942383,28.18000030517578,27.059999465942383,27.600000381469727,26.0882568359375,10037910
2022-05-24,27.899999618530273,28.420000076293945,27.540000915527344,27.799999237060547,26.277301788330078,7509991
2022-05-25,27.860000610351562,28.200000762939453,27.600000381469727,27.899999618530273,26.371822357177734,4426904
2022-05-26,27.940000534057617,28.399999618530273,27.5,28.280000686645508,26.73101043701172,8964760
2022-05-27,28.399999618530273,28.700000762939453,27.799999237060547,27.860000610351562,26.33401870727539,8053633
2022-05-30,28.360000610351562,30.18000030517578,28.360000610351562,29.68000030517578,28.05432891845703,15225850
2022-05-31,30.0,30.299999237060547,29.239999771118164,29.899999618530273,28.262277603149414,13299454
2022-06-01,30.31999969482422,31.8799991607666,30.100000381469727,31.020000457763672,29.320934295654297,14275889
2022-06-02,31.100000381469727,31.420000076293945,30.81999969482422,30.84000015258789,29.150789260864258,5514011
2022-06-03,30.8799991607666,32.91999816894531,30.8799991607666,32.36000061035156,30.58753204345703,12650178
2022-06-06,33.02000045776367,33.70000076293945,32.63999938964844,32.7400016784668,30.946720123291016,7386741
2022-06-07,32.84000015258789,33.97999954223633,32.599998474121094,33.63999938964844,31.797426223754883,9358236
2022-06-08,33.779998779296875,34.0,31.579999923706055,31.799999237060547,30.058210372924805,7603524
2022-06-09,31.940000534057617,32.79999923706055,31.65999984741211,32.7599983215332,30.965625762939453,7011576
2022-06-10,32.599998474121094,33.7400016784668,32.2599983215332,33.47999954223633,31.64618682861328,8267819
2022-06-13,33.29999923706055,33.41999816894531,31.18000030517578,31.399999618530273,29.680118560791016,12570637
2022-06-14,31.600000381469727,31.799999237060547,30.8799991607666,31.3799991607666,29.661212921142578,8583652
2022-06-15,32.47999954223633,33.29999923706055,32.380001068115234,33.20000076293945,31.381526947021484,12392480
2022-06-16,33.18000030517578,33.779998779296875,32.5,33.279998779296875,31.457141876220703,9880990
2022-06-17,33.400001525878906,33.58000183105469,32.81999969482422,33.439998626708984,31.608375549316406,6000240
2022-06-20,33.5,33.65999984741211,32.900001525878906,33.08000183105469,31.268102645874023,5755799
2022-06-21,33.47999954223633,34.70000076293945,33.34000015258789,34.68000030517578,32.780460357666016,9765947
2022-06-22,34.31999969482422,34.84000015258789,34.13999938964844,34.63999938964844,32.74265670776367,6607872
2022-06-23,34.5,35.86000061035156,34.439998626708984,35.41999816894531,33.479923248291016,8706606
2022-06-24,35.619998931884766,36.15999984741211,34.97999954223633,36.02000045776367,34.04706954956055,6565023
2022-06-27,34.86000061035156,34.86000061035156,34.86000061035156,34.86000061035156,32.95060348510742,106838
2022-06-28,36.119998931884766,36.79999923706055,34.31999969482422,34.599998474121094,32.70484161376953,7718948
2022-06-29,34.7400016784668,34.779998779296875,33.02000045776367,33.02000045776367,31.211383819580078,7275642
2022-06-30,33.02000045776367,33.599998474121094,32.619998931884766,32.79999923706055,31.003435134887695,6554585
2022-07-01,32.70000076293945,32.880001068115234,32.0,32.7599983215332,30.965625762939453,6913051
2022-07-04,33.08000183105469,33.52000045776367,30.940000534057617,31.18000030517578,29.47216796875,6810985
2022-07-05,31.260000228881836,32.099998474121094,30.8799991607666,31.700000762939453,29.963685989379883,7297386
2022-07-06,31.799999237060547,32.400001525878906,30.84000015258789,31.860000610351562,30.11492156982422,6191257
2022-07-07,32.02000045776367,32.47999954223633,31.719999313354492,31.959999084472656,30.20944595336914,3264387
2022-07-08,32.060001373291016,32.08000183105469,31.719999313354492,31.739999771118164,30.001497268676758,1477967
2022-07-13,31.799999237060547,32.34000015258789,31.239999771118164,31.700000762939453,29.963685989379883,4884628
2022-07-14,31.81999969482422,33.65999984741211,31.600000381469727,32.959999084472656,31.154672622680664,8461357
2022-07-18,33.5,34.380001068115234,33.31999969482422,34.18000030517578,32.3078498840332,5190025
2022-07-19,34.119998931884766,34.34000015258789,33.70000076293945,34.060001373291016,32.194419860839844,4419598
2022-07-20,34.220001220703125,34.540000915527344,33.29999923706055,33.900001525878906,32.043190002441406,6791960
2022-07-21,34.099998474121094,36.0,34.099998474121094,35.79999923706055,33.839111328125,12828953
2022-07-22,35.900001525878906,37.97999954223633,35.81999969482422,36.63999938964844,34.63310241699219,14241879
2022-07-25,37.099998474121094,37.939998626708984,36.040000915527344,36.2599983215332,34.2739143371582,8423498
2022-07-26,36.560001373291016,37.47999954223633,36.119998931884766,37.47999954223633,35.427101135253906,8914841
2022-07-27,38.2400016784668,39.380001068115234,38.040000915527344,38.439998626708984,36.334510803222656,9277558
2022-07-28,38.70000076293945,39.15999984741211,37.959999084472656,38.18000030517578,36.08875274658203,6472406
2022-07-29,38.36000061035156,38.91999816894531,37.720001220703125,38.91999816894531,36.78822326660156,4957257
2022-08-01,39.040000915527344,40.18000030517578,39.040000915527344,39.97999954223633,37.790164947509766,6731369
2022-08-02,39.880001068115234,40.040000915527344,38.97999954223633,39.2599983215332,37.10960006713867,5386731
2022-08-03,39.41999816894531,39.7400016784668,38.79999923706055,39.08000183105469,36.93946075439453,4358241
2022-08-04,39.29999923706055,39.459999084472656,38.86000061035156,39.119998931884766,36.97726821899414,5113197
2022-08-05,39.29999923706055,40.2400016784668,38.720001220703125,38.939998626708984,36.807125091552734,9153514
2022-08-08,39.040000915527344,39.70000076293945,38.619998931884766,39.41999816894531,37.260833740234375,9100026
2022-08-09,39.58000183105469,39.900001525878906,38.81999969482422,38.86000061035156,36.731510162353516,6554110
2022-08-10,38.720001220703125,39.880001068115234,38.599998474121094,39.86000061035156,37.676734924316406,7313925
2022-08-11,40.13999938964844,40.380001068115234,38.97999954223633,39.2400016784668,37.0906982421875,7506070
2022-08-12,39.400001525878906,39.720001220703125,38.91999816894531,39.52000045776367,37.35536193847656,5147434
2022-08-15,40.02000045776367,41.36000061035156,40.02000045776367,41.20000076293945,38.943336486816406,9540579
2022-08-16,41.7400016784668,42.36000061035156,39.939998626708984,42.36000061035156,40.0398063659668,9584144
2022-08-17,42.65999984741211,43.779998779296875,42.560001373291016,43.779998779296875,41.382022857666016,6728539
2022-08-18,43.70000076293945,43.720001220703125,41.81999969482422,43.279998779296875,40.90940856933594,8393914
2022-08-19,45.0,47.599998474121094,45.0,47.15999984741211,44.5768928527832,18282764
2022-08-22,47.18000030517578,47.91999816894531,45.400001525878906,46.7599983215332,44.19879913330078,7868230
2022-08-23,46.779998779296875,47.7400016784668,46.119998931884766,46.29999923706055,43.76399612426758,6799373
2022-08-24,46.5,46.79999923706055,45.58000183105469,46.18000030517578,43.65057373046875,7354161
2022-08-25,47.279998779296875,47.5,46.099998474121094,46.18000030517578,43.65057373046875,6870401
2022-08-26,46.36000061035156,46.81999969482422,45.5,46.58000183105469,44.02865982055664,6729874
2022-08-29,46.52000045776367,47.7599983215332,46.380001068115234,47.29999923706055,44.709224700927734,7443443
2022-08-31,47.5,50.75,47.13999938964844,49.5,46.78872299194336,9241822
2022-09-01,50.5,54.349998474121094,50.5,53.95000076293945,50.9949836730957,10952259
2022-09-02,54.04999923706055,55.099998474121094,52.79999923706055,53.04999923706055,50.14427947998047,7347159
2022-09-05,53.5,54.79999923706055,53.0,53.45000076293945,50.52236557006836,5801610
2022-09-06,54.0,54.349998474121094,51.29999923706055,52.70000076293945,49.813446044921875,7355322
2022-09-07,53.349998474121094,55.650001525878906,52.04999923706055,54.349998474121094,51.37306594848633,9920221
2022-09-08,54.54999923706055,56.599998474121094,54.20000076293945,55.45000076293945,52.41282272338867,7419891
2022-09-09,56.29999923706055,56.400001525878906,54.25,55.599998474121094,52.554603576660156,6646328
2022-09-12,55.54999923706055,55.599998474121094,53.95000076293945,54.400001525878906,51.42033386230469,7798471
2022-09-13,55.54999923706055,57.20000076293945,53.70000076293945,53.70000076293945,50.75867462158203,14845915
2022-09-14,53.45000076293945,56.5,53.150001525878906,56.5,53.405303955078125,9062343
2022-09-15,56.150001525878906,60.20000076293945,56.150001525878906,58.900001525878906,55.67385482788086,8663679
2022-09-16,58.900001525878906,60.099998474121094,57.70000076293945,58.900001525878906,55.67385482788086,6164392
2022-09-19,60.0,63.70000076293945,59.95000076293945,60.79999923706055,57.46977996826172,9589468
2022-09-20,60.900001525878906,63.95000076293945,60.900001525878906,61.70000076293945,58.320491790771484,8013213
2022-09-21,61.79999923706055,63.900001525878906,60.900001525878906,63.79999923706055,60.30546188354492,6978613
2022-09-22,64.0999984741211,68.4000015258789,64.0999984741211,68.3499984741211,64.60623931884766,9245518
2022-09-23,68.44999694824219,69.55000305175781,66.5999984741211,68.1500015258789,64.41720581054688,5713215
2022-09-26,67.9000015258789,68.0999984741211,66.19999694824219,66.25,62.62127685546875,4040027
2022-09-27,66.30000305175781,66.8499984741211,63.849998474121094,64.3499984741211,60.82533264160156,5988385
2022-09-28,66.44999694824219,66.9000015258789,61.25,62.54999923706055,59.12392807006836,9375212
2022-09-29,63.20000076293945,65.3499984741211,56.29999923706055,56.29999923706055,53.21626281738281,7306078
2022-09-30,57.04999923706055,60.0,53.04999923706055,58.75,55.53207015991211,30427271
2022-10-03,59.599998474121094,61.150001525878906,57.599998474121094,60.29999923706055,56.99717330932617,10421683
2022-10-04,61.29999923706055,63.29999923706055,60.45000076293945,62.95000076293945,59.50201416015625,9671134
2022-10-05,63.150001525878906,65.19999694824219,61.95000076293945,62.95000076293945,59.50201416015625,9207804
2022-10-06,63.54999923706055,64.55000305175781,62.349998474121094,63.099998474121094,59.64380645751953,7167080
2022-10-07,63.20000076293945,64.69999694824219,62.54999923706055,62.900001525878906,59.45475769042969,7434280
2022-10-10,63.25,65.6500015258789,62.45000076293945,65.19999694824219,61.62877655029297,7691804
2022-10-11,65.30000305175781,65.44999694824219,63.25,63.900001525878906,60.39998245239258,5186707
2022-10-12,64.0999984741211,64.5,61.20000076293945,61.599998474121094,58.22595977783203,5262047
2022-10-13,61.75,63.75,61.70000076293945,63.29999923706055,59.832847595214844,5747107
2022-10-14,64.19999694824219,64.8499984741211,62.75,62.849998474121094,59.407493591308594,5208300
2022-10-17,63.400001525878906,65.9000015258789,62.79999923706055,65.30000305175781,61.72330856323242,15187537
2022-10-18,66.0,69.5,65.44999694824219,66.30000305175781,62.66853332519531,14209433
2022-10-19,66.69999694824219,67.5,63.45000076293945,64.25,60.73081588745117,7930949
2022-10-20,64.30000305175781,64.4000015258789,61.400001525878906,63.5,60.02189254760742,13222818
2022-10-21,64.4000015258789,64.8499984741211,62.150001525878906,62.79999923706055,59.36023712158203,7218481
2022-10-24,63.099998474121094,63.25,60.900001525878906,61.25,57.8951301574707,10012903
2022-10-25,61.25,62.95000076293945,58.54999923706055,62.20000076293945,58.79309844970703,16113245
2022-10-26,62.54999923706055,62.849998474121094,61.5,62.04999923706055,58.651309967041016,7211304
2022-10-27,62.400001525878906,64.30000305175781,62.400001525878906,63.70000076293945,60.2109375,10624603
2022-10-28,63.900001525878906,65.0999984741211,63.75,63.849998474121094,60.35272216796875,5466319
2022-10-31,64.30000305175781,65.55000305175781,63.70000076293945,64.19999694824219,60.68355178833008,7457803
2022-11-01,64.94999694824219,68.9000015258789,64.25,67.0,63.33018112182617,15150006
2022-11-02,67.94999694824219,73.69999694824219,67.80000305175781,73.30000305175781,69.28511810302734,22709502
2022-11-03,73.75,76.8499984741211,72.25,72.55000305175781,68.57620239257812,21254585
2022-11-04,73.0,75.8499984741211,73.0,75.4000015258789,71.27009582519531,10545933
2022-11-07,77.0,80.0,76.75,78.19999694824219,73.9167251586914,11213680
2022-11-08,78.19999694824219,81.19999694824219,76.75,80.5,76.09074401855469,14741527
2022-11-09,88.19999694824219,88.3499984741211,83.80000305175781,84.1500015258789,79.54082489013672,23150931
2022-11-10,77.05000305175781,82.0999984741211,76.3499984741211,77.25,73.01876068115234,27971193
2022-11-11,79.0,80.5,76.5999984741211,79.0,74.67290496826172,23563819
2022-11-14,79.0,81.5,77.75,79.6500015258789,75.28730773925781,18798018
2022-11-15,80.30000305175781,80.8499984741211,77.0,78.5,74.2002944946289,17219844
2022-11-16,78.5,78.80000305175781,74.55000305175781,74.55000305175781,70.4666519165039,15727495
2022-11-17,74.44999694824219,77.25,70.55000305175781,75.1500015258789,71.03378295898438,16347622
2022-11-18,76.44999694824219,78.30000305175781,75.8499984741211,78.30000305175781,74.0112533569336,12162810
2022-11-21,79.0,79.5,76.6500015258789,77.94999694824219,73.680419921875,10179575
2022-11-22,78.44999694824219,81.6500015258789,77.6500015258789,80.9000015258789,76.46883392333984,14638457
2022-11-23,81.0999984741211,83.25,79.5,81.5,77.03597259521484,10652185
2022-11-24,81.9000015258789,83.44999694824219,79.6500015258789,80.25,75.85443878173828,12733289
2022-11-25,80.30000305175781,82.0,79.0,81.44999694824219,76.98870849609375,11031893
2022-11-28,82.25,82.5999984741211,80.1500015258789,80.1500015258789,75.75991821289062,12828514
2022-11-29,80.5,81.0,77.55000305175781,78.94999694824219,74.62564849853516,8487402
2022-11-30,78.55000305175781,85.05000305175781,78.3499984741211,84.0999984741211,79.49356842041016,17803344
2022-12-01,85.9000015258789,87.4000015258789,84.05000305175781,84.5,79.87165069580078,11942448
2022-12-02,84.75,89.4000015258789,84.5,86.44999694824219,81.71484375,15468810
2022-12-05,88.0,88.69999694824219,83.9000015258789,84.55000305175781,79.91891479492188,11203785
2022-12-06,84.55000305175781,87.55000305175781,83.25,87.0,82.23472595214844,10941399
2022-12-07,87.5,87.80000305175781,81.5999984741211,83.05000305175781,78.5010757446289,10386523
2022-12-08,83.05000305175781,83.5,79.9000015258789,82.19999694824219,77.69763946533203,7473076
2022-12-09,85.05000305175781,86.9000015258789,83.5,84.9000015258789,80.24974822998047,7298473
2022-12-12,85.0,87.19999694824219,84.4000015258789,86.55000305175781,81.80937194824219,8197228
2022-12-13,86.30000305175781,91.9000015258789,85.94999694824219,90.6500015258789,85.68479919433594,18384245
2022-12-14,90.5,90.5,85.94999694824219,85.94999694824219,81.24222564697266,11038532
2022-12-15,86.5,88.3499984741211,83.3499984741211,85.4000015258789,80.72235870361328,9920608
2022-12-16,86.05000305175781,86.75,84.0999984741211,84.19999694824219,79.58808898925781,2681945
2022-12-19,84.05000305175781,87.5999984741211,83.80000305175781,85.30000305175781,80.62784576416016,11981618
2022-12-20,87.8499984741211,89.19999694824219,85.4000015258789,86.30000305175781,81.57306671142578,11146529
2022-12-21,86.30000305175781,86.80000305175781,84.5999984741211,84.80000305175781,80.15522003173828,6761275
2022-12-22,85.1500015258789,85.69999694824219,82.8499984741211,83.5999984741211,79.02095031738281,6363975
2022-12-23,83.6500015258789,85.30000305175781,82.1500015258789,84.6500015258789,80.01344299316406,7123360
2022-12-26,85.9000015258789,86.19999694824219,83.5,83.9000015258789,79.30451202392578,7070056
2022-12-27,83.94999694824219,84.19999694824219,80.5,80.69999694824219,76.27980041503906,8187653
2022-12-28,80.69999694824219,80.80000305175781,76.69999694824219,78.25,73.96398162841797,10855651
2022-12-29,79.19999694824219,82.19999694824219,79.19999694824219,82.19999694824219,77.69763946533203,9094120
2022-12-30,82.44999694824219,83.0999984741211,81.30000305175781,82.0,77.50859069824219,7830189
2023-01-02,82.9000015258789,83.69999694824219,82.1500015258789,82.30000305175781,77.79216003417969,8183770
2023-01-03,82.5,82.94999694824219,79.55000305175781,79.75,75.3818359375,9369686
2023-01-04,80.8499984741211,82.6500015258789,79.0999984741211,79.44999694824219,75.09825134277344,11627599
2023-01-05,79.80000305175781,80.3499984741211,75.8499984741211,76.6500015258789,72.45162200927734,8807353
2023-01-06,73.94999694824219,77.94999694824219,72.30000305175781,76.9000015258789,72.68792724609375,10833254
2023-01-09,77.5,78.05000305175781,72.55000305175781,73.19999694824219,69.19058990478516,8469596
2023-01-10,72.75,75.0,65.9000015258789,69.19999694824219,65.40968322753906,10092642
2023-01-11,69.19999694824219,71.0,65.6500015258789,65.6500015258789,62.05413055419922,9877589
2023-01-12,67.5,68.5999984741211,61.0,67.3499984741211,63.66101837158203,12707688
2023-01-13,66.69999694824219,72.80000305175781,66.25,70.8499984741211,66.96931457519531,11860417
2023-01-16,70.8499984741211,72.5,68.8499984741211,72.3499984741211,68.38715362548828,8124542
2023-01-17,72.5,73.55000305175781,70.75,72.0999984741211,68.15084075927734,10131478
2023-01-18,72.44999694824219,74.75,71.80000305175781,72.75,68.76524353027344,10292642
2023-01-19,72.5,73.5,71.0,71.4000015258789,67.48918151855469,8040206
2023-01-20,71.55000305175781,73.94999694824219,71.30000305175781,72.5,68.52893829345703,9986682
2023-01-23,72.8499984741211,76.1500015258789,71.69999694824219,73.0,69.00154876708984,14170847
2023-01-24,72.6500015258789,73.3499984741211,70.44999694824219,71.69999694824219,67.77275085449219,8821541
2023-01-25,72.25,72.55000305175781,66.55000305175781,69.4000015258789,65.5987319946289,13054732
2023-01-26,69.0,69.4000015258789,67.05000305175781,68.30000305175781,64.5589828491211,10302800
2023-01-27,68.0999984741211,75.0999984741211,66.0,75.0999984741211,70.98651885986328,25665178
2023-01-30,78.0,78.69999694824219,71.30000305175781,71.30000305175781,67.39466094970703,23044024
2023-01-31,71.0,71.4000015258789,68.0,69.5,65.69325256347656,13338650
2023-02-01,69.5999984741211,69.9000015258789,63.0,63.849998474121094,60.35272216796875,10742942
2023-02-02,64.0,68.5,60.849998474121094,67.3499984741211,63.66101837158203,22364644
2023-02-03,66.75,70.5999984741211,66.3499984741211,70.25,66.40217590332031,9558251
2023-02-06,68.55000305175781,69.94999694824219,65.1500015258789,67.80000305175781,64.08638000488281,2497412
2023-02-07,67.0,67.0,61.04999923706055,61.70000076293945,58.320491790771484,7133584
2023-02-08,55.900001525878906,55.900001525878906,55.900001525878906,55.900001525878906,52.83817672729492,88
2023-02-15,64.05000305175781,67.8499984741211,63.54999923706055,67.8499984741211,64.13362121582031,4381034
2023-02-16,71.5,72.8499984741211,64.5,65.0999984741211,61.53424835205078,10528337
2023-02-17,65.44999694824219,67.94999694824219,63.599998474121094,64.0,60.4945068359375,6030985
2023-02-20,64.30000305175781,67.19999694824219,63.70000076293945,66.6500015258789,62.99936294555664,6770370
2023-02-21,66.0,71.3499984741211,65.69999694824219,71.0,67.11109161376953,9931439
2023-02-22,70.9000015258789,73.30000305175781,69.69999694824219,72.9000015258789,68.90702056884766,7534414
2023-02-23,73.44999694824219,77.5,72.94999694824219,77.0999984741211,72.87696838378906,8697953
2023-02-24,77.80000305175781,77.9000015258789,74.75,75.75,71.60092163085938,6204287
2023-02-27,75.8499984741211,77.5,73.25,77.05000305175781,72.82972717285156,7277247
2023-02-28,77.5999984741211,78.94999694824219,75.80000305175781,78.9000015258789,74.57838439941406,6592337
2023-03-01,79.19999694824219,80.1500015258789,78.25,79.0,74.67290496826172,4953282
2023-03-02,78.5,78.8499984741211,75.3499984741211,75.94999694824219,71.78997039794922,5403693
2023-03-03,75.55000305175781,75.80000305175781,71.80000305175781,74.30000305175781,70.23033905029297,6906490
2023-03-06,75.0999984741211,78.25,74.80000305175781,78.0,73.7276840209961,5734449
2023-03-07,78.19999694824219,79.05000305175781,76.4000015258789,77.5,73.25507354736328,5205928
2023-03-08,76.55000305175781,81.55000305175781,76.19999694824219,80.80000305175781,76.37430572509766,9433566
2023-03-09,81.44999694824219,82.0,80.55000305175781,81.4000015258789,76.94145965576172,5326341
2023-03-10,81.25,82.94999694824219,80.05000305175781,82.0999984741211,77.60311126708984,6898195
2023-03-13,81.6500015258789,81.69999694824219,77.5,77.5,73.25507354736328,8077272
2023-03-14,77.5999984741211,78.0,72.44999694824219,72.5999984741211,68.62346649169922,8282636
2023-03-15,72.8499984741211,73.9000015258789,69.9000015258789,70.75,66.87478637695312,7949980
2023-03-16,71.30000305175781,72.94999694824219,70.25,71.8499984741211,67.9145278930664,5970457
2023-03-17,73.0,75.4000015258789,72.1500015258789,73.0,69.00154876708984,7356159
2023-03-20,72.5999984741211,74.1500015258789,70.55000305175781,71.5,67.58370971679688,6451107
2023-03-21,71.5,72.8499984741211,69.69999694824219,70.94999694824219,67.06382751464844,4763950
2023-03-22,71.80000305175781,72.30000305175781,69.8499984741211,71.25,67.34739685058594,5227225
2023-03-23,71.3499984741211,72.80000305175781,70.75,71.6500015258789,67.7254867553711,4325145
2023-03-24,71.75,72.44999694824219,70.4000015258789,70.69999694824219,66.82752990722656,3988803
2023-03-27,71.0,71.44999694824219,69.69999694824219,69.75,65.92955780029297,4094487
2023-03-28,69.80000305175781,69.94999694824219,66.1500015258789,66.1500015258789,62.52674865722656,5318477
2023-03-29,66.1500015258789,67.44999694824219,64.69999694824219,67.05000305175781,63.377445220947266,5219552
2023-03-30,67.1500015258789,68.0999984741211,65.4000015258789,65.94999694824219,62.33769607543945,4406592
2023-03-31,65.94999694824219,65.94999694824219,63.900001525878906,64.8499984741211,61.29793930053711,3996542
2023-04-03,64.05000305175781,67.69999694824219,62.54999923706055,66.75,63.0938720703125,8735481
2023-04-04,66.80000305175781,68.9000015258789,66.5,68.25,64.51171112060547,4612536
2023-04-05,68.5,71.0999984741211,67.8499984741211,68.5,64.74801635742188,5572512
2023-04-06,68.94999694824219,69.94999694824219,68.0999984741211,68.5,64.74801635742188,3175715
2023-04-07,68.69999694824219,71.0,68.4000015258789,70.0,66.16585540771484,4257712
2023-04-10,70.30000305175781,72.5999984741211,69.9000015258789,72.19999694824219,68.245361328125,5544924
2023-04-11,72.44999694824219,73.5,71.75,72.1500015258789,68.1980972290039,4581319
2023-04-12,72.55000305175781,74.1500015258789,72.05000305175781,74.0999984741211,70.04129791259766,4751312
2023-04-13,74.19999694824219,74.6500015258789,72.80000305175781,72.80000305175781,68.8125,3445345
2023-04-14,73.0,73.55000305175781,71.0,71.0,67.11109161376953,4340995
2023-04-17,71.19999694824219,71.75,70.0,70.0999984741211,66.26038360595703,2719072
2023-04-18,70.0,70.44999694824219,66.9000015258789,66.9000015258789,63.23566436767578,7287451
2023-04-19,67.1500015258789,68.19999694824219,66.4000015258789,66.6500015258789,62.99936294555664,3667263
2023-04-20,66.6500015258789,66.6500015258789,64.94999694824219,65.80000305175781,62.195919036865234,1627748
2023-04-24,67.05000305175781,67.69999694824219,65.9000015258789,66.19999694824219,62.574005126953125,2775147
2023-04-25,66.30000305175781,66.5,64.0999984741211,64.19999694824219,60.68355178833008,3325572
2023-04-26,64.19999694824219,65.0,62.099998474121094,62.400001525878906,58.98214340209961,3935624
2023-04-27,61.599998474121094,62.54999923706055,60.29999923706055,61.04999923706055,57.70608901977539,4967173
2023-04-28,61.20000076293945,61.54999923706055,57.75,58.900001525878906,55.67385482788086,4600943
2023-05-02,59.04999923706055,60.0,56.0,56.75,53.6416130065918,4238082
2023-05-03,56.75,57.25,53.75,55.349998474121094,52.31829833984375,5328970
2023-05-04,55.349998474121094,57.0,54.599998474121094,55.29999923706055,52.271034240722656,3702323
2023-05-05,55.20000076293945,55.650001525878906,53.45000076293945,53.75,50.805931091308594,3308011
2023-05-08,54.5,55.75,53.400001525878906,55.75,52.69638442993164,4001651
2023-05-09,56.29999923706055,56.79999923706055,54.20000076293945,54.70000076293945,51.70390319824219,5251442
2023-05-10,56.75,56.900001525878906,51.70000076293945,51.70000076293945,48.868221282958984,9267847
2023-05-11,51.79999923706055,56.0,51.79999923706055,55.45000076293945,52.41282272338867,12410264
2023-05-12,55.70000076293945,58.29999923706055,54.75,56.29999923706055,53.21626281738281,10763554
2023-05-15,54.5,58.900001525878906,53.0,54.099998474121094,51.13676071166992,8883545
2023-05-16,54.0,58.349998474121094,53.900001525878906,58.349998474121094,55.15397644042969,8173388
2023-05-17,58.0,59.25,56.79999923706055,57.54999923706055,54.39779281616211,7408820
2023-05-18,59.04999923706055,61.099998474121094,58.29999923706055,59.04999923706055,55.815635681152344,14413450
2023-05-22,59.70000076293945,62.20000076293945,59.45000076293945,60.150001525878906,56.855384826660156,11522467
2023-05-23,60.04999923706055,60.150001525878906,58.349998474121094,59.0,55.76837158203125,4482743
2023-05-24,58.70000076293945,59.70000076293945,57.0,58.75,55.53207015991211,6491659
2023-05-25,58.900001525878906,61.29999923706055,58.70000076293945,61.0,57.6588249206543,5342224
2023-05-26,60.650001525878906,63.20000076293945,60.25,62.099998474121094,58.69857406616211,6558624
2023-05-29,63.900001525878906,65.55000305175781,62.54999923706055,65.0,61.43973922729492,10706821
2023-05-30,65.44999694824219,67.80000305175781,64.55000305175781,66.69999694824219,63.0466194152832,8795726
2023-05-31,66.75,68.5999984741211,65.19999694824219,67.75,64.3575210571289,7534443
2023-06-01,68.05000305175781,68.69999694824219,66.05000305175781,67.0,64.30952453613281,4627677
2023-06-02,68.6500015258789,70.75,67.0999984741211,68.19999694824219,65.46133422851562,9099725
2023-06-05,70.0,70.6500015258789,68.69999694824219,70.1500015258789,67.33303833007812,8887411
2023-06-06,70.30000305175781,72.0999984741211,69.5,70.3499984741211,67.5250015258789,8238856
2023-06-07,72.30000305175781,74.5999984741211,72.0999984741211,72.94999694824219,70.02059936523438,8913150
2023-06-08,72.80000305175781,73.94999694824219,71.0,73.75,70.78846740722656,6431145
2023-06-09,74.5999984741211,79.5999984741211,74.0,79.0,75.82765197753906,10573140
2023-06-12,79.1500015258789,79.9000015258789,76.0,76.0,72.9481201171875,8042633
2023-06-13,75.69999694824219,76.4000015258789,71.55000305175781,72.69999694824219,69.7806396484375,7470074
2023-06-14,72.5999984741211,74.80000305175781,70.55000305175781,70.55000305175781,67.71697235107422,9205207
2023-06-15,71.0,72.5999984741211,70.55000305175781,72.1500015258789,69.25272369384766,5513927
2023-06-16,73.5,74.25,71.19999694824219,72.0,69.1087417602539,4917940
2023-06-19,72.05000305175781,72.0999984741211,68.0999984741211,68.0999984741211,65.36534881591797,4822502
2023-06-20,68.0999984741211,69.94999694824219,67.30000305175781,68.4000015258789,65.65330505371094,4885105
2023-06-21,68.9000015258789,69.94999694824219,67.19999694824219,67.5,64.7894515991211,6109866
2023-06-22,67.5,72.6500015258789,67.19999694824219,72.6500015258789,69.73265075683594,8044860
2023-06-23,73.30000305175781,74.5,72.19999694824219,73.8499984741211,70.88446044921875,8852997
2023-06-26,74.5,75.5999984741211,73.69999694824219,74.75,71.74830627441406,6674523
2023-06-27,74.69999694824219,75.9000015258789,73.55000305175781,75.44999694824219,72.42020416259766,3033196
2023-07-03,76.9000015258789,79.0999984741211,76.8499984741211,78.5999984741211,75.44371795654297,8479106
2023-07-04,81.19999694824219,82.6500015258789,80.0,80.0,76.78749084472656,11380971
2023-07-05,80.0,81.1500015258789,77.3499984741211,80.30000305175781,77.07545471191406,11317218
2023-07-06,80.55000305175781,82.4000015258789,79.5999984741211,79.6500015258789,76.45155334472656,8518057
2023-07-07,79.5,81.9000015258789,78.94999694824219,80.75,77.50738525390625,8319315
2023-07-10,82.69999694824219,85.44999694824219,82.5999984741211,85.0,81.58671569824219,10421687
2023-07-11,87.19999694824219,88.30000305175781,84.5999984741211,85.5,82.06663513183594,10083861
2023-07-12,85.44999694824219,85.44999694824219,82.8499984741211,83.30000305175781,79.95498657226562,8935201
2023-07-13,83.05000305175781,84.30000305175781,81.3499984741211,81.3499984741211,78.08328247070312,8417887
2023-07-14,81.5999984741211,82.8499984741211,80.1500015258789,82.5,79.18709564208984,8325619
2023-07-17,83.5,86.1500015258789,83.3499984741211,85.0,81.58671569824219,11881801
2023-07-18,85.9000015258789,88.5999984741211,82.55000305175781,82.55000305175781,79.23509216308594,18649171
2023-07-19,82.0999984741211,87.1500015258789,80.3499984741211,86.94999694824219,83.45841217041016,14325226
2023-07-20,88.5,91.75,86.55000305175781,91.4000015258789,87.72972106933594,18382006
2023-07-21,91.5999984741211,96.69999694824219,90.75,96.25,92.38495635986328,17491148
2023-07-24,97.19999694824219,97.5,91.0,92.19999694824219,88.4975814819336,17754068
2023-07-25,92.4000015258789,92.75,88.25,89.0999984741211,85.5220718383789,13702532
2023-07-26,89.0,91.69999694824219,88.05000305175781,91.44999694824219,87.77770233154297,9331729
2023-07-27,92.1500015258789,93.75,91.1500015258789,93.69999694824219,89.93734741210938,10351663
2023-07-28,94.5,96.0,92.8499984741211,94.6500015258789,90.84920501708984,14834289
2023-07-31,96.30000305175781,104.0999984741211,95.75,104.0999984741211,99.91972351074219,23801068
2023-08-01,104.5,112.5999984741211,102.9000015258789,108.0,103.66311645507812,23154806
2023-08-02,107.0999984741211,109.69999694824219,105.4000015258789,106.80000305175781,102.51130676269531,11890060
2023-08-03,106.9000015258789,112.80000305175781,105.69999694824219,111.5999984741211,107.11856079101562,15476095
2023-08-04,112.0,115.5,109.0999984741211,112.9000015258789,108.36634826660156,12114045
2023-08-07,114.9000015258789,116.9000015258789,112.69999694824219,113.19999694824219,108.654296875,8465176
2023-08-08,113.4000015258789,115.30000305175781,109.4000015258789,110.9000015258789,106.44666290283203,10224884
2023-08-09,111.0,114.80000305175781,107.9000015258789,112.5,107.982421875,13101762
2023-08-10,112.9000015258789,122.0,111.9000015258789,114.9000015258789,110.2860336303711,22143542
2023-08-11,115.4000015258789,123.30000305175781,114.5,122.5,117.58084106445312,18212872
2023-08-14,124.5,125.4000015258789,120.5,122.30000305175781,117.38888549804688,13501771
2023-08-15,122.30000305175781,122.69999694824219,116.19999694824219,118.0999984741211,113.35753631591797,8050695
2023-08-16,118.4000015258789,123.5,115.5999984741211,121.4000015258789,116.5250244140625,11161321
2023-08-17,120.69999694824219,133.5,120.0999984741211,131.6999969482422,126.41141510009766,18448290
2023-08-18,131.6999969482422,135.3000030517578,124.80000305175781,125.30000305175781,120.26841735839844,20227889
2023-08-21,129.0,136.39999389648438,126.9000015258789,133.5,128.13912963867188,19390152
2023-08-22,133.5,134.10000610351562,127.0999984741211,127.30000305175781,122.18810272216797,15127153
2023-08-23,127.9000015258789,128.0,120.30000305175781,121.0999984741211,116.23706817626953,12753033
2023-08-24,121.69999694824219,125.19999694824219,115.5,115.5,110.86194610595703,16926559
2023-08-25,115.5999984741211,124.5,114.0,123.19999694824219,118.61216735839844,12736949
2023-08-28,124.19999694824219,126.4000015258789,122.0,123.4000015258789,118.80472564697266,11332088
2023-08-29,123.5,128.3000030517578,123.0,127.5,122.75203704833984,11005774
2023-08-31,129.60000610351562,130.89999389648438,125.0999984741211,128.5,123.71480560302734,8590605
2023-09-01,131.5,132.1999969482422,127.0999984741211,128.5,123.71480560302734,7388494
2023-09-04,128.6999969482422,131.3000030517578,127.0,129.10000610351562,124.29248046875,12891513
2023-09-05,130.0,134.89999389648438,129.0,131.5,126.60309600830078,13675167
2023-09-06,132.5,133.60000610351562,128.1999969482422,130.3000030517578,125.44776916503906,11317348
2023-09-07,130.6999969482422,132.60000610351562,128.5,129.1999969482422,124.38874053955078,6516890
2023-09-08,129.5,130.8000030517578,127.0,127.0,122.27066802978516,6384469
2023-09-11,127.5999984741211,129.6999969482422,124.0,124.69999694824219,120.05631256103516,8318226
2023-09-12,124.9000015258789,126.69999694824219,122.4000015258789,123.9000015258789,119.2861099243164,6855378
2023-09-13,124.5,125.0,119.19999694824219,119.9000015258789,115.43505859375,6886065
2023-09-14,122.0,128.1999969482422,118.69999694824219,127.5,122.75203704833984,13695148
2023-09-15,127.5,129.1999969482422,124.0,125.30000305175781,120.63397979736328,7551500
2023-09-18,125.0,126.0999984741211,119.5999984741211,120.0,115.53134155273438,6881655
2023-09-19,124.9000015258789,127.0,122.19999694824219,125.80000305175781,121.1153564453125,12653519
2023-09-20,125.80000305175781,128.60000610351562,121.5999984741211,121.69999694824219,117.16802978515625,23049608
2023-09-21,121.5,125.30000305175781,118.80000305175781,124.5999984741211,119.96003723144531,11465928
2023-09-22,124.5,124.5,121.0,121.5999984741211,117.0717544555664,8874563
2023-09-25,122.0,123.5,120.9000015258789,122.19999694824219,117.64940643310547,11845837
2023-09-26,123.4000015258789,127.5999984741211,120.9000015258789,122.30000305175781,117.74569702148438,18975793
2023-09-27,122.5,123.5999984741211,119.4000015258789,119.4000015258789,114.95367431640625,14731180
2023-09-28,119.5999984741211,121.69999694824219,118.0,118.5,114.08719635009766,10664182
2023-09-29,121.69999694824219,126.30000305175781,120.69999694824219,123.80000305175781,119.18983459472656,14566962
2023-10-02,125.0,129.8000030517578,124.5999984741211,128.5,123.71480560302734,13165605
2023-10-03,129.5,131.0,126.5999984741211,128.0,123.2334213256836,10423516
2023-10-04,129.39999389648438,129.6999969482422,123.5999984741211,123.5999984741211,118.99727630615234,8251028
2023-10-05,124.30000305175781,126.0999984741211,120.30000305175781,125.0999984741211,120.44142150878906,10125361
2023-10-06,123.5,129.1999969482422,122.69999694824219,128.5,123.71480560302734,9134191
2023-10-09,125.4000015258789,126.69999694824219,119.80000305175781,120.80000305175781,116.30154418945312,8564076
2023-10-10,122.5,124.5,121.69999694824219,122.80000305175781,118.2270736694336,7299789
2023-10-11,122.5999984741211,125.69999694824219,120.0999984741211,120.0999984741211,115.62760925292969,9644628
2023-10-12,121.9000015258789,123.0999984741211,114.80000305175781,118.5,114.08719635009766,9927258
2023-10-13,119.0,119.19999694824219,114.9000015258789,115.5,111.19891357421875,6346437
2023-10-16,118.5,119.69999694824219,114.9000015258789,115.4000015258789,111.1026382446289,9161884
2023-10-17,115.69999694824219,120.9000015258789,114.30000305175781,120.30000305175781,115.82017517089844,8781922
2023-10-18,117.0,117.9000015258789,115.0,115.0,110.717529296875,6110794
2023-10-19,115.9000015258789,117.30000305175781,113.9000015258789,114.30000305175781,110.0436019897461,5856876
2023-10-20,112.9000015258789,114.19999694824219,107.9000015258789,110.0999984741211,106.0,7117428
2023-10-23,112.0,113.80000305175781,109.30000305175781,113.0999984741211,108.8882827758789,7130768
2023-10-24,113.4000015258789,115.69999694824219,112.19999694824219,115.69999694824219,111.3914566040039,10884817
2023-10-25,116.19999694824219,117.30000305175781,104.19999694824219,104.4000015258789,100.51226806640625,8900968
2023-10-26,105.4000015258789,108.19999694824219,102.9000015258789,106.5999984741211,102.63033294677734,11983919
2023-10-27,106.80000305175781,106.9000015258789,102.9000015258789,105.5,101.57129669189453,6954094
2023-10-30,105.5,106.5999984741211,104.19999694824219,104.69999694824219,100.80109405517578,5937477
2023-10-31,105.9000015258789,106.0999984741211,100.0,101.19999694824219,97.43142700195312,6759178
2023-11-01,101.9000015258789,103.0999984741211,98.5,102.0,98.2016372680664,7319760
2023-11-02,104.19999694824219,105.19999694824219,102.5,104.0999984741211,100.22343444824219,5184538
2023-11-03,104.19999694824219,104.69999694824219,101.4000015258789,103.0,99.16439819335938,4954188
2023-11-06,104.5,109.30000305175781,104.4000015258789,108.5999984741211,104.55585479736328,6128254
2023-11-07,109.0999984741211,109.80000305175781,107.19999694824219,108.0,103.97820281982422,4072718
2023-11-08,109.5,114.5,109.5,113.9000015258789,109.65849304199219,7836540
2023-11-09,111.5999984741211,112.9000015258789,109.5,111.0999984741211,106.96276092529297,7242706
2023-11-10,111.19999694824219,114.19999694824219,110.80000305175781,112.80000305175781,108.59945678710938,7266723
2023-11-13,113.0999984741211,114.0999984741211,103.5999984741211,104.0,100.12715911865234,9581135
2023-11-14,102.5,102.80000305175781,100.0,101.5999984741211,97.8165283203125,8694383
2023-11-15,101.9000015258789,104.5999984741211,101.5999984741211,103.0999984741211,99.48589324951172,5535489
2023-11-16,103.0999984741211,105.4000015258789,102.5999984741211,103.9000015258789,100.25784301757812,5005680
2023-11-17,104.5999984741211,105.69999694824219,103.69999694824219,104.5,100.8368148803711,3680731
2023-11-20,105.0,106.0999984741211,103.0999984741211,103.4000015258789,99.7753677368164,5325200
2023-11-21,103.80000305175781,104.4000015258789,101.5999984741211,102.0,98.42444610595703,7324299
2023-11-22,102.19999694824219,103.0,100.5,100.80000305175781,97.26651763916016,6444097
2023-11-23,101.0,102.69999694824219,100.80000305175781,100.80000305175781,97.26651763916016,6054882
2023-11-24,100.9000015258789,101.5999984741211,99.5,100.69999694824219,97.17001342773438,5209139
2023-11-27,101.5,104.5999984741211,101.5,104.19999694824219,100.54732513427734,6273883
2023-11-28,104.19999694824219,104.80000305175781,100.9000015258789,102.0,98.42444610595703,4890325
2023-11-29,102.0,102.5,100.19999694824219,101.30000305175781,97.74899291992188,5019535
2023-11-30,101.0999984741211,102.30000305175781,100.19999694824219,100.80000305175781,97.26651763916016,4207354
2023-12-01,102.0999984741211,102.80000305175781,99.8499984741211,100.9000015258789,97.36300659179688,3441159
2023-12-04,101.30000305175781,102.0,99.05000305175781,100.0999984741211,96.59104919433594,4734638
2023-12-05,100.0999984741211,101.0999984741211,99.4000015258789,99.5,96.0120849609375,3686384
2023-12-06,99.5,99.6500015258789,95.9000015258789,96.0,92.63477325439453,5608082
2023-12-07,96.0,99.1500015258789,95.55000305175781,99.0999984741211,95.62610626220703,5680074
2023-12-08,99.0,101.0999984741211,93.30000305175781,93.80000305175781,90.51189422607422,10205200
2023-12-11,92.0,92.55000305175781,89.44999694824219,89.6500015258789,86.50736999511719,9476512
2023-12-12,90.0,90.19999694824219,88.05000305175781,89.19999694824219,86.0731430053711,5684320
2023-12-13,88.55000305175781,90.05000305175781,87.3499984741211,88.19999694824219,85.10820007324219,5087387
2023-12-14,90.0,90.8499984741211,88.4000015258789,90.19999694824219,87.03809356689453,7552792
2023-12-15,90.3499984741211,93.9000015258789,90.3499984741211,93.5,90.222412109375,8372352
2023-12-18,93.5999984741211,95.94999694824219,90.5999984741211,90.8499984741211,87.66529846191406,7775373
2023-12-19,91.0,91.44999694824219,87.0,88.3499984741211,85.25294494628906,5477281
2023-12-20,88.3499984741211,89.25,86.6500015258789,87.25,84.19149780273438,4036057
2023-12-21,87.30000305175781,90.5999984741211,86.4000015258789,90.5999984741211,87.42406463623047,4427105
2023-12-22,90.5999984741211,90.69999694824219,87.4000015258789,87.94999694824219,84.86695861816406,3000320
2023-12-25,87.5,87.5,84.80000305175781,85.0999984741211,82.11686706542969,3038157
2023-12-26,85.30000305175781,87.44999694824219,84.94999694824219,86.75,83.70903015136719,3366407
2023-12-27,86.6500015258789,89.05000305175781,85.69999694824219,86.9000015258789,83.85377502441406,3874680
2023-12-28,87.30000305175781,90.75,86.80000305175781,89.6500015258789,86.50736999511719,3665171
2023-12-29,89.80000305175781,90.80000305175781,88.44999694824219,90.5999984741211,87.42406463623047,4200219
2024-01-02,91.5,92.94999694824219,91.0999984741211,92.80000305175781,89.54695129394531,4771377
2024-01-03,92.30000305175781,93.4000015258789,90.19999694824219,90.9000015258789,87.71355438232422,3879671
2024-01-04,90.9000015258789,92.44999694824219,89.69999694824219,92.4000015258789,89.16097259521484,3631364
2024-01-05,93.0,93.05000305175781,90.4000015258789,91.44999694824219,88.24427032470703,3502679
2024-01-08,91.44999694824219,94.0,91.44999694824219,92.9000015258789,89.64344787597656,4371845
2024-01-09,93.9000015258789,94.4000015258789,90.8499984741211,91.19999694824219,88.00303649902344,3759140
2024-01-10,91.1500015258789,93.30000305175781,90.75,92.80000305175781,89.54695129394531,4506633
2024-01-11,94.0,95.55000305175781,92.30000305175781,93.8499984741211,90.56013488769531,5116349
2024-01-12,93.0,95.44999694824219,92.05000305175781,94.55000305175781,91.23561096191406,4674994
2024-01-15,94.55000305175781,95.8499984741211,93.6500015258789,95.25,91.91106414794922,4785589
2024-01-16,95.75,97.75,95.55000305175781,96.75,93.35848999023438,4308057
2024-01-17,96.5999984741211,96.5999984741211,94.3499984741211,95.19999694824219,91.8628158569336,3286518
2024-01-18,95.69999694824219,98.6500015258789,95.55000305175781,97.0,93.59971618652344,4604377
2024-01-19,97.3499984741211,97.5,95.3499984741211,96.0,92.63477325439453,3287441
2024-01-22,95.5999984741211,97.25,94.6500015258789,95.0,91.66983032226562,4262334
2024-01-23,95.80000305175781,96.75,93.1500015258789,93.19999694824219,89.93292999267578,4641872
2024-01-24,93.25,95.05000305175781,92.44999694824219,94.8499984741211,91.52508544921875,3790076
2024-01-25,95.5,97.94999694824219,95.0,97.80000305175781,94.3716812133789,5206240
2024-01-26,98.5,104.0999984741211,98.3499984741211,103.5999984741211,99.9683609008789,7797178
2024-01-29,104.69999694824219,109.4000015258789,104.5999984741211,108.5,104.69659423828125,7490361
2024-01-30,108.5,109.0,106.0999984741211,107.0,103.24917602539062,4613483
2024-01-31,107.30000305175781,108.80000305175781,105.30000305175781,107.30000305175781,103.53866577148438,4134530
2024-02-01,107.30000305175781,111.9000015258789,107.30000305175781,110.9000015258789,107.01246643066406,5201832
2024-02-02,111.5999984741211,112.0,108.30000305175781,109.80000305175781,105.9510269165039,4317077
2024-02-05,109.80000305175781,115.19999694824219,108.80000305175781,113.19999694824219,109.2318344116211,8168577
2024-02-06,113.30000305175781,117.9000015258789,112.4000015258789,116.69999694824219,112.60914611816406,8181001
2024-02-07,117.19999694824219,118.19999694824219,114.9000015258789,117.0,112.89863586425781,5788117
2024-02-08,117.0,118.5999984741211,116.0999984741211,117.5999984741211,113.47760009765625,6276269
2024-02-09,118.0,119.5999984741211,115.4000015258789,117.5999984741211,113.47760009765625,6595582
2024-02-12,119.0,120.5,116.9000015258789,118.69999694824219,114.5390396118164,5782190
2024-02-13,119.4000015258789,119.4000015258789,114.0,115.0,110.96874237060547,5354824
2024-02-14,114.4000015258789,115.0999984741211,111.5,114.19999694824219,110.19678497314453,5376205
2024-02-15,117.80000305175781,118.4000015258789,115.9000015258789,116.30000305175781,112.2231674194336,5707698
2024-02-16,116.30000305175781,117.5999984741211,115.0999984741211,117.4000015258789,113.28461456298828,4946866
2024-02-19,118.19999694824219,129.0,117.5999984741211,124.9000015258789,120.5217056274414,26279779
2024-02-20,131.10000610351562,131.5,128.0,129.39999389648438,124.86396026611328,13830840
2024-02-21,129.39999389648438,133.60000610351562,127.5,132.3000030517578,127.66230773925781,12483158
2024-02-22,132.3000030517578,140.60000610351562,132.10000610351562,135.6999969482422,130.943115234375,12574648
2024-02-23,136.39999389648438,138.6999969482422,133.39999389648438,136.60000610351562,131.8115692138672,8382946
2024-02-26,137.3000030517578,138.6999969482422,132.8000030517578,133.5,128.8202362060547,6672213
2024-02-27,133.5,135.0,130.39999389648438,132.0,127.37281799316406,7973499
2024-02-28,132.0,132.1999969482422,128.5,129.8000030517578,125.24993133544922,6674897
2024-02-29,129.6999969482422,132.8000030517578,129.60000610351562,132.60000610351562,127.95179748535156,6356021
2024-03-01,132.8000030517578,133.60000610351562,127.5,127.5,123.03055572509766,6033824
2024-03-04,127.5,128.10000610351562,124.9000015258789,125.5,121.10066986083984,6178243
2024-03-05,125.5999984741211,129.8000030517578,124.4000015258789,127.0,122.54808807373047,6703299
2024-03-06,125.69999694824219,127.19999694824219,123.69999694824219,124.19999694824219,119.84623718261719,5569541
2024-03-07,124.69999694824219,129.8000030517578,124.69999694824219,129.8000030517578,125.24993133544922,5329694
2024-03-08,129.6999969482422,132.8000030517578,127.69999694824219,129.3000030517578,124.76747131347656,9550442
2024-03-11,132.6999969482422,133.3000030517578,130.1999969482422,132.5,127.85529327392578,7221740
2024-03-12,133.0,133.8000030517578,128.5,131.10000610351562,126.5043716430664,6565618
2024-03-13,130.5,131.1999969482422,126.69999694824219,129.10000610351562,124.5744857788086,4812611
2024-03-14,129.3000030517578,129.89999389648438,125.5999984741211,127.0,122.54808807373047,5228748
2024-03-15,128.10000610351562,128.39999389648438,124.9000015258789,125.5,121.10066986083984,4226833
2024-03-18,125.30000305175781,126.5999984741211,122.4000015258789,123.9000015258789,119.5567626953125,4747797
2024-03-19,123.5999984741211,127.30000305175781,123.19999694824219,126.9000015258789,122.45159912109375,3795031
2024-03-20,126.30000305175781,128.60000610351562,125.4000015258789,127.5,123.03055572509766,4448534
2024-03-21,128.60000610351562,131.8000030517578,126.0999984741211,130.6999969482422,126.11837768554688,9533441
2024-03-22,132.5,134.3000030517578,129.0,129.6999969482422,125.15342712402344,7058147
2024-03-25,129.6999969482422,134.39999389648438,128.5,128.5,123.9955062866211,8343131
2024-03-26,128.5,130.3000030517578,126.4000015258789,128.3000030517578,123.80252075195312,6589615
2024-03-27,128.89999389648438,130.39999389648438,126.0999984741211,129.10000610351562,124.5744857788086,4779274
2024-03-28,129.10000610351562,132.5,128.89999389648438,132.0,127.37281799316406,5406335
2024-03-29,132.8000030517578,134.8000030517578,129.89999389648438,130.60000610351562,126.02189636230469,4553589
2024-04-01,132.0,132.5,124.80000305175781,128.0,123.51303100585938,6858199
2024-04-02,128.0,129.1999969482422,124.0,124.30000305175781,119.94273376464844,4327717
2024-04-03,123.69999694824219,127.5,121.9000015258789,125.69999694824219,121.29365539550781,5024673
2024-04-04,126.5999984741211,130.6999969482422,125.0999984741211,128.10000610351562,123.60953521728516,4278403
2024-04-05,129.5,140.89999389648438,129.5,140.89999389648438,135.96083068847656,8781518
2024-04-08,140.3000030517578,144.60000610351562,139.89999389648438,142.39999389648438,137.4082489013672,5944132
2024-04-15,140.10000610351562,144.8000030517578,137.89999389648438,144.0,138.95216369628906,6480629
2024-04-16,142.8000030517578,145.39999389648438,136.0,136.0,131.23260498046875,8741484
2024-04-17,138.0,140.5,135.89999389648438,137.10000610351562,132.29403686523438,6915826
2024-04-18,138.0,138.0,126.5,132.3000030517578,127.66230773925781,11612256
2024-04-19,119.0999984741211,122.0,119.0999984741211,119.19999694824219,115.02151489257812,45635301
2024-04-22,115.5,117.5999984741211,114.69999694824219,114.69999694824219,110.67925262451172,26360964
2024-04-24,116.30000305175781,117.0,114.19999694824219,114.19999694824219,110.19678497314453,10455456
2024-04-25,115.5,117.19999694824219,114.0999984741211,114.80000305175781,110.77574920654297,8463249
2024-04-26,115.0999984741211,117.0999984741211,114.5999984741211,116.19999694824219,112.12667083740234,9687759
2024-04-29,117.30000305175781,117.5999984741211,115.9000015258789,116.4000015258789,112.31966400146484,8545662
2024-04-30,116.80000305175781,119.0,116.0999984741211,116.5999984741211,112.51264953613281,13569680
2024-05-02,117.69999694824219,120.19999694824219,116.5,119.0,114.82852935791016,11346584
2024-05-03,119.0999984741211,120.0,116.9000015258789,117.5999984741211,113.47760009765625,8562031
2024-05-06,118.0,118.80000305175781,116.5999984741211,117.0999984741211,112.99512481689453,6250941
2024-05-07,117.0999984741211,117.80000305175781,115.19999694824219,117.5,113.38111114501953,7050512
2024-05-08,120.4000015258789,121.5999984741211,118.69999694824219,118.9000015258789,114.7320327758789,13231036
2024-05-09,118.9000015258789,120.30000305175781,118.5,119.0999984741211,114.92501831054688,9157480
2024-05-10,119.5,121.0,118.5999984741211,118.80000305175781,114.63553619384766,8468942
2024-05-13,118.9000015258789,119.5,116.0,116.19999694824219,112.12667083740234,6030179
2024-05-14,116.19999694824219,118.19999694824219,115.0999984741211,117.0999984741211,112.99512481689453,5650894
2024-05-15,116.5,116.9000015258789,115.4000015258789,115.4000015258789,111.35472106933594,3856668
2024-05-16,116.0,116.5999984741211,110.19999694824219,114.80000305175781,110.77574920654297,5462999
2024-05-17,115.0999984741211,118.5,114.80000305175781,117.19999694824219,113.09162139892578,9920327
2024-05-20,117.0999984741211,122.0,116.9000015258789,121.80000305175781,117.5303726196289,13650191
2024-05-21,123.19999694824219,123.69999694824219,118.4000015258789,118.4000015258789,114.24955749511719,14265690
2024-05-22,119.0,121.80000305175781,119.0,121.30000305175781,117.04789733886719,8382660
2024-05-23,121.5,124.0999984741211,119.0999984741211,119.0999984741211,114.92501831054688,10685493
2024-05-24,119.0999984741211,125.80000305175781,118.0,120.5999984741211,116.3724365234375,30933342
2024-05-27,120.69999694824219,121.0999984741211,117.19999694824219,118.0,113.86357879638672,9019947
2024-05-28,118.5999984741211,120.4000015258789,117.80000305175781,119.30000305175781,115.11800384521484,7156912
2024-05-29,121.30000305175781,124.0,119.19999694824219,119.69999694824219,115.50398254394531,12677212
2024-05-30,120.9000015258789,123.5999984741211,120.19999694824219,122.5,119.17015075683594,10797124
2024-05-31,122.9000015258789,123.80000305175781,119.0,120.0999984741211,116.83538818359375,8111239
2024-06-03,120.69999694824219,121.5,118.19999694824219,120.9000015258789,117.61363983154297,6347392
2024-06-04,120.9000015258789,123.0,120.4000015258789,121.0,117.71092224121094,6850009
2024-06-05,121.5,122.19999694824219,116.5999984741211,118.9000015258789,115.66800689697266,6001766
2024-06-06,118.9000015258789,121.30000305175781,118.0,118.0999984741211,114.8897476196289,4623405
2024-06-07,118.5999984741211,119.4000015258789,115.5,116.19999694824219,113.04139709472656,4826402
2024-06-10,116.0,116.69999694824219,112.69999694824219,113.19999694824219,110.12294006347656,3410315
2024-06-11,113.19999694824219,113.9000015258789,111.19999694824219,112.30000305175781,109.2474136352539,4368325
2024-06-12,112.30000305175781,113.80000305175781,110.5999984741211,113.30000305175781,110.22023010253906,4638094
2024-06-13,114.5,116.0,114.0999984741211,114.69999694824219,111.58216857910156,5197452
2024-06-14,115.69999694824219,116.0,112.0,112.69999694824219,109.63653564453125,5776957
2024-06-20,105.0,107.80000305175781,104.5,106.0999984741211,103.2159423828125,12176034
2024-06-21,106.0999984741211,106.69999694824219,104.30000305175781,104.5,101.65943145751953,6770963
2024-06-24,104.80000305175781,105.19999694824219,101.69999694824219,102.5,99.71379852294922,5583901
2024-06-25,102.69999694824219,105.30000305175781,102.69999694824219,104.5,101.65943145751953,8036788
2024-06-26,104.69999694824219,105.0999984741211,101.69999694824219,102.0,99.22738647460938,5966108
2024-06-27,102.4000015258789,104.0999984741211,102.30000305175781,103.5,100.68661499023438,7184628
2024-06-28,104.0,108.5,104.0,107.5,104.57788848876953,14419129
2024-07-01,108.0,108.9000015258789,101.5,103.5999984741211,100.78389739990234,6282471
2024-07-02,103.5,104.30000305175781,102.0,104.0999984741211,101.27030181884766,4351155
2024-07-03,104.5999984741211,105.5,103.5999984741211,104.69999694824219,101.85399627685547,4328480
2024-07-04,104.69999694824219,106.9000015258789,104.69999694824219,106.5,103.60506439208984,5546588
2024-07-05,106.80000305175781,109.0,106.80000305175781,108.80000305175781,105.8425521850586,7507602
2024-07-08,110.0,110.5999984741211,107.0,107.80000305175781,104.86973571777344,5491172
2024-07-09,107.9000015258789,108.19999694824219,105.0,105.5999984741211,102.72953033447266,4096020
2024-07-10,105.5999984741211,106.30000305175781,104.4000015258789,104.9000015258789,102.0485610961914,5252682
2024-07-11,105.5999984741211,107.0,105.0,106.30000305175781,103.41050720214844,4528653
2024-07-12,106.19999694824219,107.0,105.0999984741211,105.80000305175781,102.9240951538086,3962433
2024-07-16,105.9000015258789,107.0,104.9000015258789,105.0,102.14584350585938,4665674
2024-07-17,105.0,105.5,103.5999984741211,103.80000305175781,100.97846221923828,4393231
2024-07-18,104.0999984741211,104.69999694824219,103.19999694824219,103.19999694824219,100.39476776123047,7085230
2024-07-19,103.19999694824219,103.9000015258789,100.69999694824219,101.0,98.25457000732422,7105415
2024-07-22,101.4000015258789,103.80000305175781,100.9000015258789,103.0,100.20020294189453,5808340
2024-07-23,103.0,104.5999984741211,101.9000015258789,103.5999984741211,100.78389739990234,5018043
2024-07-24,103.5999984741211,106.30000305175781,102.80000305175781,105.4000015258789,102.53497314453125,7456840
2024-07-25,106.0,107.9000015258789,103.80000305175781,105.0999984741211,102.24311828613281,7967387
2024-07-26,105.19999694824219,105.9000015258789,103.0,103.5999984741211,100.78389739990234,5740291
2024-07-29,102.80000305175781,104.19999694824219,102.0,102.9000015258789,100.1029281616211,4652445
2024-07-30,102.9000015258789,106.80000305175781,102.0999984741211,105.69999694824219,102.82681274414062,7765071
2024-07-31,105.30000305175781,105.9000015258789,103.4000015258789,104.80000305175781,101.95127868652344,4794288
2024-08-01,106.0999984741211,108.0,105.5,106.80000305175781,103.89691925048828,5226190
2024-08-02,106.80000305175781,109.0,104.5,106.0999984741211,103.2159423828125,8266676
2024-08-05,97.0,103.5999984741211,96.30000305175781,100.0,97.28175354003906,9382017
2024-08-06,102.0,102.80000305175781,98.55000305175781,99.44999694824219,96.7467041015625,7101630
2024-08-07,100.5,103.30000305175781,99.8499984741211,102.0999984741211,99.32466888427734,4122780
2024-08-08,101.5,106.0,101.5,105.5999984741211,102.72953033447266,5307421
2024-08-09,106.4000015258789,107.19999694824219,104.0999984741211,104.0999984741211,101.27030181884766,3836069
2024-08-12,104.4000015258789,104.69999694824219,102.4000015258789,102.4000015258789,99.61651611328125,4421455
2024-08-13,102.0999984741211,102.9000015258789,100.19999694824219,102.9000015258789,100.1029281616211,4310153
2024-08-14,103.0,105.0999984741211,102.5999984741211,103.69999694824219,100.88117218017578,3726328
2024-08-15,103.69999694824219,104.5,99.8499984741211,103.5,100.68661499023438,6211006
2024-08-16,105.5,105.5,101.0,101.0,98.25457000732422,3349176
2024-08-19,101.30000305175781,102.5999984741211,99.69999694824219,100.80000305175781,98.06001281738281,6713685
2024-08-20,100.69999694824219,101.5999984741211,99.94999694824219,99.94999694824219,97.23310852050781,4908952
2024-08-21,99.94999694824219,100.80000305175781,98.3499984741211,98.3499984741211,95.67660522460938,5958778
2024-08-22,98.8499984741211,99.6500015258789,98.1500015258789,98.8499984741211,96.16300964355469,3672271
2024-08-23,98.94999694824219,99.5,95.25,95.3499984741211,92.75814819335938,4540811
2024-08-26,96.0,96.30000305175781,94.44999694824219,95.0999984741211,92.51494598388672,3725340
2024-08-27,94.94999694824219,96.0,94.4000015258789,95.69999694824219,93.0986328125,4382649
2024-08-28,95.94999694824219,97.0999984741211,95.05000305175781,95.75,93.14727783203125,2799895
2024-08-29,96.0,96.44999694824219,94.6500015258789,96.19999694824219,93.58504486083984,3338973
2024-09-02,96.30000305175781,98.4000015258789,96.30000305175781,97.8499984741211,95.19019317626953,3072226
2024-09-03,98.05000305175781,98.5,95.8499984741211,96.4000015258789,93.77960968017578,3143954
2024-09-04,95.5,96.5999984741211,94.3499984741211,96.5999984741211,93.97417449951172,2581369
2024-09-05,96.69999694824219,97.44999694824219,94.8499984741211,95.6500015258789,93.04999542236328,4174827
2024-09-06,95.25,95.44999694824219,94.44999694824219,94.55000305175781,91.97990417480469,2300793
2024-09-09,94.19999694824219,94.9000015258789,93.0,93.05000305175781,90.52067565917969,2543912
2024-09-10,93.55000305175781,93.75,90.69999694824219,91.05000305175781,88.57504272460938,2827406
2024-09-11,90.25,90.8499984741211,89.0999984741211,89.3499984741211,86.92124938964844,3902783
2024-09-12,90.0,90.80000305175781,88.19999694824219,90.6500015258789,88.1859130859375,2990330
2024-09-13,90.75,93.80000305175781,90.30000305175781,93.5999984741211,91.05571746826172,2605667
2024-09-16,93.5,94.0999984741211,92.5,92.8499984741211,90.32611083984375,1857242
2024-09-17,93.05000305175781,95.25,93.05000305175781,95.0,92.41766357421875,4555115
2024-09-18,94.80000305175781,95.05000305175781,93.44999694824219,94.19999694824219,91.63941192626953,1911611
2024-09-19,95.05000305175781,96.1500015258789,94.5999984741211,95.30000305175781,92.70951080322266,3084785
2024-09-20,95.3499984741211,96.25,93.44999694824219,94.0,91.4448471069336,3037684
2024-09-23,94.25,94.69999694824219,92.69999694824219,92.9000015258789,90.37474822998047,2249633
2024-09-24,92.9000015258789,95.4000015258789,92.5999984741211,93.9000015258789,91.34756469726562,4023595
2024-09-25,94.0,96.44999694824219,93.19999694824219,94.8499984741211,92.27174377441406,4974707
2024-09-26,96.19999694824219,96.80000305175781,93.44999694824219,93.9000015258789,91.34756469726562,4110469
2024-09-27,91.19999694824219,94.5,91.19999694824219,94.30000305175781,91.7366943359375,3232485
2024-09-30,94.1500015258789,95.55000305175781,93.25,94.4000015258789,91.83397674560547,3692923
2024-10-01,94.4000015258789,94.8499984741211,87.94999694824219,89.80000305175781,87.35901641845703,4685993
2024-10-02,89.6500015258789,90.44999694824219,84.8499984741211,84.8499984741211,82.54356384277344,4005487
2024-10-03,84.94999694824219,88.19999694824219,84.25,84.75,82.4462890625,4434736
2024-10-04,85.0,86.5999984741211,83.1500015258789,86.4000015258789,84.05143737792969,3963979
2024-10-07,87.30000305175781,88.25,85.75,86.19999694824219,83.85687255859375,2778980
2024-10-08,85.5999984741211,87.6500015258789,85.0999984741211,86.44999694824219,84.1000747680664,3072460
2024-10-09,85.9000015258789,86.80000305175781,84.69999694824219,86.3499984741211,84.00279235839844,3248819
2024-10-10,86.55000305175781,89.8499984741211,85.44999694824219,85.44999694824219,83.12725830078125,4608114
2024-10-11,85.4000015258789,87.9000015258789,84.3499984741211,84.75,82.4462890625,4251859
2024-10-14,84.75,85.25,82.1500015258789,82.69999694824219,80.45201110839844,3307942
2024-10-15,82.5999984741211,85.44999694824219,82.5,84.80000305175781,82.49493408203125,3062098
2024-10-16,84.80000305175781,87.44999694824219,84.25,87.05000305175781,84.68376922607422,3391682
2024-10-17,89.8499984741211,90.4000015258789,86.4000015258789,87.19999694824219,84.8296890258789,4252508
2024-10-18,87.3499984741211,88.0999984741211,85.6500015258789,86.0,83.66230773925781,2690544
2024-10-21,86.30000305175781,86.80000305175781,84.5,84.5,82.20307922363281,2895557
2024-10-22,84.5,86.80000305175781,83.80000305175781,86.0,83.66230773925781,3426834
2024-10-23,86.0,87.0,84.0999984741211,85.0,82.68949127197266,3609605
2024-10-24,85.3499984741211,87.75,85.3499984741211,87.75,85.36473846435547,3728173
2024-10-25,87.5,89.05000305175781,86.5999984741211,88.80000305175781,86.38619995117188,3153669
2024-10-28,88.80000305175781,90.1500015258789,88.3499984741211,89.55000305175781,87.11581420898438,1128090
2024-10-30,89.55000305175781,90.80000305175781,88.80000305175781,89.4000015258789,86.96988677978516,3630500
2024-10-31,89.4000015258789,89.8499984741211,85.55000305175781,86.3499984741211,84.00279235839844,3975724
2024-11-01,86.3499984741211,87.80000305175781,85.30000305175781,85.55000305175781,83.22454071044922,3217130
2024-11-04,85.0,85.3499984741211,82.3499984741211,83.0999984741211,80.84113311767578,4125089
2024-11-05,83.4000015258789,84.3499984741211,81.69999694824219,83.5999984741211,81.32754516601562,3036903
2024-11-06,83.69999694824219,86.69999694824219,82.5,86.3499984741211,84.00279235839844,4820593
2024-11-07,86.3499984741211,93.3499984741211,86.0,92.5,89.98562622070312,8433493
2024-11-08,92.0,94.30000305175781,91.0,93.5999984741211,91.05571746826172,6015950
2024-11-11,94.30000305175781,94.6500015258789,92.8499984741211,93.3499984741211,90.81251525878906,5490719
2024-11-12,93.0,93.55000305175781,91.94999694824219,92.19999694824219,89.69377136230469,3128047
2024-11-13,91.69999694824219,94.30000305175781,90.3499984741211,92.94999694824219,90.42338562011719,5146886
2024-11-14,93.1500015258789,94.75,93.0,94.44999694824219,91.88261413574219,3812791
2024-11-15,94.44999694824219,95.30000305175781,93.6500015258789,93.69999694824219,91.15299987792969,3548997
2024-11-18,93.80000305175781,95.1500015258789,91.80000305175781,94.69999694824219,92.12581634521484,4058040
2024-11-19,94.9000015258789,95.19999694824219,91.6500015258789,92.8499984741211,90.32611083984375,3709596
2024-11-20,93.5,94.5999984741211,90.80000305175781,90.80000305175781,88.33183288574219,4055789
2024-11-21,91.0999984741211,95.30000305175781,91.0999984741211,94.94999694824219,92.36902618408203,3058766
2024-11-22,95.0,96.69999694824219,93.05000305175781,96.3499984741211,93.73097229003906,4555883
2024-11-25,97.0999984741211,98.0999984741211,96.69999694824219,97.5999984741211,94.94699096679688,4190576
2024-11-26,97.5999984741211,98.05000305175781,95.80000305175781,96.4000015258789,93.77960968017578,3220044
2024-11-27,97.0,97.4000015258789,95.3499984741211,95.75,93.14727783203125,3336135
2024-11-28,95.44999694824219,97.55000305175781,95.3499984741211,97.55000305175781,94.89835357666016,3598496
2024-11-29,97.94999694824219,98.05000305175781,94.9000015258789,96.3499984741211,93.73097229003906,4304593
2024-12-02,95.4000015258789,96.6500015258789,94.3499984741211,96.1500015258789,93.53640747070312,3129211
2024-12-03,96.5999984741211,100.19999694824219,95.69999694824219,98.5,95.82252502441406,6276797
2024-12-04,99.19999694824219,99.5,98.0,98.19999694824219,95.53067779541016,3608399
2024-12-05,98.3499984741211,101.0,97.94999694824219,101.0,98.25457000732422,3316626
2024-12-06,101.4000015258789,102.30000305175781,100.19999694824219,100.9000015258789,98.15728759765625,4172444
2024-12-09,101.5,101.80000305175781,99.69999694824219,101.0,98.25457000732422,4530446
2024-12-10,101.0,102.4000015258789,99.80000305175781,100.30000305175781,97.57360076904297,4910082
2024-12-11,100.19999694824219,100.69999694824219,98.19999694824219,98.25,95.5793228149414,3507511
2024-12-12,98.75,99.1500015258789,96.69999694824219,96.69999694824219,94.07145690917969,4148654
2024-12-13,96.9000015258789,99.25,95.30000305175781,98.75,96.06573486328125,4041395
2024-12-16,99.3499984741211,99.75,97.44999694824219,97.6500015258789,94.99563598632812,2644442
2024-12-17,97.19999694824219,98.80000305175781,96.6500015258789,98.0999984741211,95.43340301513672,2677176
2024-12-18,98.19999694824219,98.3499984741211,95.19999694824219,95.3499984741211,92.75814819335938,3703116
2024-12-19,94.19999694824219,95.5999984741211,93.80000305175781,94.05000305175781,91.49349212646484,2610873
2024-12-20,94.3499984741211,95.4000015258789,92.75,94.69999694824219,92.12581634521484,3267247
2024-12-23,96.0,96.3499984741211,90.94999694824219,90.94999694824219,88.47775268554688,4696822
2024-12-24,90.94999694824219,91.30000305175781,89.75,90.5999984741211,88.13726806640625,3476143
2024-12-25,91.5,92.75,91.3499984741211,91.6500015258789,89.15872955322266,3292264
2024-12-26,92.0999984741211,93.5,92.0999984741211,93.0,90.47203063964844,3531022
2024-12-27,93.0,94.4000015258789,92.8499984741211,93.25,90.7152328491211,4107308
2024-12-30,93.25,93.9000015258789,91.75,92.4000015258789,89.88834381103516,3731801
2024-12-31,93.4000015258789,93.80000305175781,90.94999694824219,92.0,89.49921417236328,5306486
2025-01-02,91.9000015258789,93.1500015258789,91.5999984741211,92.9000015258789,90.37474822998047,3959692
2025-01-03,93.30000305175781,97.25,93.0999984741211,96.94999694824219,94.31465911865234,6644920
2025-01-06,97.0999984741211,97.69999694824219,95.5999984741211,96.0,93.39048767089844,3939044
2025-01-07,96.0,96.19999694824219,94.69999694824219,94.9000015258789,92.32038879394531,4132343
2025-01-08,94.55000305175781,95.94999694824219,94.0,94.55000305175781,91.97990417480469,3824367
2025-01-09,94.69999694824219,96.6500015258789,94.1500015258789,96.1500015258789,93.53640747070312,4040761
2025-01-10,96.25,96.6500015258789,93.3499984741211,93.94999694824219,91.39620208740234,3128424
2025-01-13,93.8499984741211,94.0999984741211,90.3499984741211,90.94999694824219,88.47775268554688,3713140
2025-01-14,91.19999694824219,91.8499984741211,88.6500015258789,89.0999984741211,86.67803955078125,6575497
2025-01-15,89.0999984741211,90.75,87.69999694824219,90.5999984741211,88.13726806640625,4884342
2025-01-16,91.55000305175781,92.19999694824219,89.0,91.30000305175781,88.81824493408203,4751184
2025-01-17,91.3499984741211,91.80000305175781,90.4000015258789,91.30000305175781,88.81824493408203,4365273
2025-01-20,91.6500015258789,91.8499984741211,89.25,89.5999984741211,87.1644515991211,5127480
2025-01-21,89.25,90.3499984741211,88.0,88.05000305175781,85.65658569335938,5766969
2025-01-22,88.05000305175781,90.0,87.80000305175781,89.8499984741211,87.40765380859375,3956172
2025-01-23,89.9000015258789,90.69999694824219,89.5,89.75,87.31037139892578,4339888
2025-01-24,89.75,90.55000305175781,89.1500015258789,89.75,87.31037139892578,4152976
2025-01-27,89.05000305175781,89.0999984741211,87.4000015258789,88.44999694824219,86.04570770263672,5258003
2025-01-28,88.5,89.5,88.0,88.80000305175781,86.38619995117188,4164613
2025-01-29,88.8499984741211,89.5999984741211,87.1500015258789,87.1500015258789,84.78105163574219,4653824
2025-01-30,87.25,89.05000305175781,87.25,87.69999694824219,85.31609344482422,4207334
2025-01-31,88.19999694824219,88.25,85.6500015258789,86.05000305175781,83.71095275878906,5273775
2025-02-03,85.0999984741211,85.6500015258789,82.75,83.19999694824219,80.93841552734375,5913770
2025-02-04,83.30000305175781,86.9000015258789,82.69999694824219,85.80000305175781,83.4677505493164,8540275
2025-02-05,85.6500015258789,87.1500015258789,83.75,84.9000015258789,82.59220886230469,6855033
2025-02-06,85.0,86.0999984741211,85.0,86.05000305175781,83.71095275878906,3057796
2025-02-07,85.5999984741211,87.5,85.4000015258789,87.5,85.12153625488281,4966067
2025-02-10,87.75,88.75,84.6500015258789,85.0,82.68949127197266,7970156
2025-02-11,85.05000305175781,85.55000305175781,83.0,83.6500015258789,81.37619018554688,8236357
2025-02-12,83.94999694824219,84.4000015258789,82.75,82.9000015258789,80.64657592773438,4886037
2025-02-13,83.3499984741211,84.6500015258789,83.3499984741211,84.05000305175781,81.76531982421875,3913840
2025-02-14,84.44999694824219,84.5999984741211,83.19999694824219,83.3499984741211,81.08434295654297,3654724
2025-02-17,84.0,85.69999694824219,83.55000305175781,83.80000305175781,81.52210998535156,7532530
2025-02-18,83.5,83.75,82.25,83.1500015258789,80.88977813720703,5702114
2025-02-19,83.1500015258789,83.6500015258789,80.4000015258789,81.0,78.7982177734375,9319286
2025-02-20,81.0,81.69999694824219,80.75,81.0,78.7982177734375,6213597
2025-02-21,81.0,81.69999694824219,76.94999694824219,77.6500015258789,75.5392837524414,9209596
2025-02-24,78.3499984741211,78.8499984741211,77.19999694824219,77.30000305175781,75.19879913330078,5046671
2025-02-25,77.3499984741211,78.0,75.69999694824219,75.80000305175781,73.73957061767578,5439912
2025-02-26,75.25,76.94999694824219,75.1500015258789,75.94999694824219,73.88549041748047,5444001
2025-02-27,75.94999694824219,77.55000305175781,75.5,76.9000015258789,74.8096694946289,6771810
2025-02-28,76.44999694824219,77.69999694824219,75.55000305175781,76.19999694824219,74.12869262695312,6428813
2025-03-03,76.75,79.05000305175781,76.75,77.55000305175781,75.44200134277344,7563810
2025-03-04,77.19999694824219,77.3499984741211,75.6500015258789,75.94999694824219,73.88549041748047,5772380
2025-03-05,76.4000015258789,79.6500015258789,76.4000015258789,79.44999694824219,77.29035186767578,8147693
2025-03-06,79.8499984741211,81.30000305175781,79.0999984741211,81.19999694824219,78.99278259277344,9387732
2025-03-07,81.5,83.05000305175781,80.8499984741211,82.94999694824219,80.6952133178711,8784986
2025-03-10,86.69999694824219,86.80000305175781,84.5,85.25,82.93269348144531,15544248
2025-03-11,83.0,84.25,80.6500015258789,83.0999984741211,80.84113311767578,12821015
2025-03-12,83.5,83.8499984741211,82.25,82.4000015258789,80.16016387939453,9780556
2025-03-13,82.69999694824219,84.55000305175781,82.69999694824219,84.30000305175781,82.0085220336914,11043247
2025-03-14,84.30000305175781,85.8499984741211,84.30000305175781,85.25,82.93269348144531,8279449
2025-03-17,90.0,92.44999694824219,88.0,91.0,88.52639770507812,23337617
2025-03-18,90.25,92.0999984741211,89.1500015258789,89.3499984741211,86.92124938964844,13694958
2025-03-19,82.5,86.75,82.3499984741211,83.44999694824219,81.1816177368164,19648904
2025-03-20,84.19999694824219,87.5999984741211,84.0999984741211,86.4000015258789,84.05143737792969,14871630
2025-03-21,86.4000015258789,87.05000305175781,78.75,80.4000015258789,78.21453094482422,15104029
2025-03-24,81.5,86.44999694824219,79.0,86.0999984741211,83.75959014892578,13516153
2025-03-25,86.8499984741211,93.9000015258789,86.75,92.69999694824219,90.18018341064453,16349936
2025-03-26,91.6500015258789,95.4000015258789,90.5,94.69999694824219,92.12581634521484,16993692
2025-03-27,96.1500015258789,99.6500015258789,94.6500015258789,95.30000305175781,92.70951080322266,16376097
2025-03-28,94.5,100.69999694824219,93.3499984741211,100.69999694824219,97.96272277832031,16952836
2025-04-02,100.0,107.19999694824219,99.0,104.4000015258789,101.56214904785156,20868584
2025-04-03,104.30000305175781,107.0999984741211,101.30000305175781,104.9000015258789,102.0485610961914,21023136
2025-04-04,104.5,107.5,102.0999984741211,102.0999984741211,99.32466888427734,15649450
2025-04-07,99.19999694824219,106.9000015258789,98.19999694824219,103.9000015258789,101.07574462890625,18219816
2025-04-08,106.0,106.30000305175781,102.80000305175781,102.80000305175781,100.00564575195312,9756693
2025-04-09,102.5,104.19999694824219,98.80000305175781,98.9000015258789,96.21165466308594,12545740
2025-04-10,102.5,102.5999984741211,98.05000305175781,98.05000305175781,95.384765625,11301094
2025-04-11,99.0,100.9000015258789,98.6500015258789,100.0,97.28175354003906,9735958
2025-04-14,100.69999694824219,102.19999694824219,99.75,99.94999694824219,97.23310852050781,6860191
2025-04-15,100.5,100.80000305175781,98.5999984741211,99.25,96.55213928222656,7534084
2025-04-16,98.6500015258789,99.0,95.6500015258789,95.6500015258789,93.04999542236328,6600552
2025-04-17,94.0999984741211,99.19999694824219,93.05000305175781,98.4000015258789,98.4000015258789,15560580
2025-04-18,99.0,101.0,95.69999694824219,96.0,96.0,7622389
2025-04-21,95.5,98.75,94.0999984741211,97.4000015258789,97.4000015258789,7373290
2025-04-22,97.44999694824219,99.5,96.19999694824219,98.69999694824219,98.69999694824219,7739335
2025-04-24,99.8499984741211,101.69999694824219,97.0999984741211,97.9000015258789,97.9000015258789,7477749
2025-04-25,98.0,101.0,97.44999694824219,99.5999984741211,99.5999984741211,8494084
2025-04-28,100.4000015258789,100.5999984741211,95.55000305175781,96.30000305175781,96.30000305175781,7058221
2025-04-29,96.0,98.0,94.30000305175781,94.44999694824219,94.44999694824219,6476341
2025-04-30,94.9000015258789,95.4000015258789,91.5,91.6500015258789,91.6500015258789,5979821
2025-05-02,92.6500015258789,93.19999694824219,90.30000305175781,90.4000015258789,90.4000015258789,5349542
2025-05-05,90.69999694824219,91.44999694824219,88.1500015258789,88.8499984741211,88.8499984741211,4739010
2025-05-06,88.30000305175781,89.80000305175781,88.0,88.0,88.0,5841386
2025-05-07,87.9000015258789,89.0999984741211,85.3499984741211,86.8499984741211,86.8499984741211,5462987
2025-05-08,87.9000015258789,88.80000305175781,86.5,88.5999984741211,88.5999984741211,2769730
2025-05-09,87.94999694824219,88.80000305175781,85.75,87.30000305175781,87.30000305175781,7018068
2025-05-12,87.1500015258789,89.5999984741211,86.05000305175781,89.0,89.0,13545352
2025-05-13,89.25,91.80000305175781,89.0,90.94999694824219,90.94999694824219,8046764
2025-05-14,90.5,91.5999984741211,88.6500015258789,89.19999694824219,89.19999694824219,5155277
2025-05-15,89.0,89.6500015258789,86.25,86.25,86.25,4593532
2025-05-16,86.44999694824219,88.30000305175781,85.9000015258789,87.30000305175781,87.30000305175781,5358389
2025-05-20,87.55000305175781,88.1500015258789,85.3499984741211,85.44999694824219,85.44999694824219,4143753
2025-05-21,85.19999694824219,86.25,84.19999694824219,84.25,84.25,3810019
2025-05-22,85.0,86.19999694824219,84.44999694824219,85.0999984741211,85.0999984741211,4398069
2025-05-23,84.94999694824219,86.0,84.05000305175781,84.75,84.75,4107466
2025-05-26,84.94999694824219,86.9000015258789,84.6500015258789,86.44999694824219,86.44999694824219,4269543
2025-05-27,86.44999694824219,86.55000305175781,83.25,83.5999984741211,83.5999984741211,4000602
2025-05-28,83.4000015258789,84.19999694824219,82.0999984741211,82.44999694824219,82.44999694824219,3810418
2025-05-29,83.0,83.8499984741211,82.19999694824219,82.5999984741211,82.5999984741211,3067343
2025-05-30,82.0999984741211,82.55000305175781,80.69999694824219,81.05000305175781,81.05000305175781,4519722
2025-06-02,80.0,81.05000305175781,78.9000015258789,79.4000015258789,79.4000015258789,4877361
2025-06-03,79.75,82.5,79.75,82.30000305175781,82.30000305175781,3854362
2025-06-04,82.4000015258789,83.6500015258789,81.44999694824219,83.55000305175781,83.55000305175781,2926790
2025-06-05,83.5,84.8499984741211,83.0,84.5,84.5,1270843
2025-06-10,85.19999694824219,85.75,84.5,84.5999984741211,84.5999984741211,3967258
2025-06-11,84.4000015258789,85.19999694824219,83.75,84.0,84.0,3890700
2025-06-12,83.0,83.05000305175781,80.30000305175781,80.30000305175781,80.30000305175781,4741700
2025-06-13,75.94999694824219,79.25,75.5999984741211,78.94999694824219,78.94999694824219,6816397
2025-06-16,78.6500015258789,79.25,77.30000305175781,77.80000305175781,77.80000305175781,6184878
2025-06-17,77.8499984741211,78.6500015258789,77.44999694824219,78.1500015258789,78.1500015258789,3584903
2025-06-18,77.69999694824219,77.8499984741211,75.5999984741211,75.5999984741211,75.5999984741211,2968621
2025-06-19,75.80000305175781,77.55000305175781,75.3499984741211,75.3499984741211,75.3499984741211,3680261
2025-06-20,76.8499984741211,77.4000015258789,75.75,77.0999984741211,77.0999984741211,2929138
2025-06-23,76.3499984741211,76.8499984741211,75.1500015258789,75.3499984741211,75.3499984741211,2269450
2025-06-24,78.0,78.80000305175781,76.94999694824219,78.1500015258789,78.1500015258789,3787092
2025-06-25,80.19999694824219,80.8499984741211,78.75,79.0999984741211,79.0999984741211,4269650
2025-06-26,79.30000305175781,79.80000305175781,78.05000305175781,78.30000305175781,78.30000305175781,2466504
2025-06-27,78.30000305175781,79.30000305175781,76.80000305175781,79.0999984741211,79.0999984741211,2728911
2025-06-30,79.30000305175781,83.3499984741211,78.94999694824219,82.9000015258789,82.9000015258789,8950196
2025-07-01,83.19999694824219,85.5,82.4000015258789,84.94999694824219,84.94999694824219,8188871
2025-07-02,84.94999694824219,87.19999694824219,84.9000015258789,85.4000015258789,85.4000015258789,6589045
2025-07-03,86.5,87.0,85.44999694824219,86.0,86.0,3880464
2025-07-04,86.1500015258789,87.80000305175781,85.3499984741211,87.3499984741211,87.3499984741211,4816051
2025-07-07,86.30000305175781,87.19999694824219,84.69999694824219,84.80000305175781,84.80000305175781,3768623
2025-07-08,85.19999694824219,85.9000015258789,83.8499984741211,84.44999694824219,84.44999694824219,5601555
2025-07-09,84.5,87.1500015258789,84.5,86.5999984741211,86.5999984741211,4113596
2025-07-10,87.25,89.5,87.25,89.5,89.5,3956603
2025-07-11,90.0,91.1500015258789,89.1500015258789,89.94999694824219,89.94999694824219,3931712
2025-07-14,90.3499984741211,90.69999694824219,85.9000015258789,86.0,86.0,4092698
2025-07-16,86.0,87.44999694824219,83.8499984741211,85.0999984741211,85.0999984741211,3636380
2025-07-17,85.6500015258789,87.5999984741211,85.19999694824219,87.5,87.5,3558525
2025-07-18,87.25,87.44999694824219,86.0,87.19999694824219,87.19999694824219,2164053
2025-07-21,87.30000305175781,89.80000305175781,87.30000305175781,89.1500015258789,89.1500015258789,3654943
2025-07-22,89.1500015258789,92.25,89.1500015258789,92.0999984741211,92.0999984741211,5946028
2025-07-23,92.44999694824219,92.44999694824219,91.0,91.3499984741211,91.3499984741211,2573038
2025-07-24,91.5,92.0999984741211,90.44999694824219,91.75,91.75,3515589
2025-07-25,91.80000305175781,92.0999984741211,90.0999984741211,91.69999694824219,91.69999694824219,2422870
2025-07-28,92.0,92.3499984741211,90.19999694824219,91.0,91.0,2342568
2025-07-29,91.1500015258789,91.4000015258789,89.44999694824219,90.0,90.0,2369395
2025-07-30,90.0,93.25,89.30000305175781,93.19999694824219,93.19999694824219,5003111
2025-07-31,93.30000305175781,93.94999694824219,92.05000305175781,93.94999694824219,93.94999694824219,5164512
2025-08-01,94.25,94.9000015258789,93.05000305175781,93.94999694824219,93.94999694824219,3342623
2025-08-04,94.5,96.4000015258789,94.30000305175781,96.05000305175781,96.05000305175781,3642376
2025-08-05,96.05000305175781,96.69999694824219,95.19999694824219,95.80000305175781,95.80000305175781,3144136
2025-08-06,95.75,98.30000305175781,95.30000305175781,98.0,98.0,3883124
2025-08-07,98.0,99.1500015258789,96.6500015258789,96.80000305175781,96.80000305175781,5020885
2025-08-08,96.6500015258789,97.0,95.19999694824219,95.44999694824219,95.44999694824219,3058543
2025-08-11,95.55000305175781,96.9000015258789,95.5,95.94999694824219,95.94999694824219,2685512
2025-08-12,95.94999694824219,96.05000305175781,92.6500015258789,92.6500015258789,92.6500015258789,3467682
2025-08-13,92.69999694824219,93.80000305175781,92.25,92.55000305175781,92.55000305175781,2218535
2025-08-14,92.55000305175781,93.4000015258789,90.8499984741211,90.8499984741211,90.8499984741211,2199720
2025-08-15,90.6500015258789,92.80000305175781,90.4000015258789,90.5999984741211,90.5999984741211,3285495
2025-08-18,90.9000015258789,92.5999984741211,90.4000015258789,90.5,90.5,4422944
2025-08-19,88.19999694824219,89.44999694824219,87.1500015258789,87.80000305175781,87.80000305175781,6526862
2025-08-20,88.0,90.6500015258789,87.19999694824219,90.30000305175781,90.30000305175781,7351068
2025-08-21,90.69999694824219,92.8499984741211,90.69999694824219,92.3499984741211,92.3499984741211,4915217
2025-08-22,93.5,94.5999984741211,92.05000305175781,94.4000015258789,94.4000015258789,4380086
2025-08-25,95.0,95.69999694824219,93.69999694824219,93.94999694824219,93.94999694824219,3889398
2025-08-26,93.80000305175781,93.8499984741211,92.19999694824219,92.19999694824219,92.19999694824219,4201916
2025-08-27,92.25,92.6500015258789,89.30000305175781,89.75,89.75,4100880
2025-08-28,89.75,90.5,88.5999984741211,88.8499984741211,88.8499984741211,3764228
2025-08-29,88.94999694824219,89.0999984741211,87.75,87.75,87.75,3043665
2025-09-01,87.75,90.0999984741211,87.55000305175781,87.75,87.75,3141770
2025-09-02,88.0999984741211,88.30000305175781,81.25,83.05000305175781,83.05000305175781,7523804
2025-09-03,83.05000305175781,83.0999984741211,80.05000305175781,81.1500015258789,81.1500015258789,5126336
2025-09-04,81.19999694824219,82.05000305175781,81.0999984741211,81.44999694824219,81.44999694824219,3952648
2025-09-05,81.9000015258789,82.0999984741211,80.19999694824219,80.19999694824219,80.19999694824219,4627070
2025-09-08,79.25,80.0999984741211,78.05000305175781,78.5,78.5,3660368
2025-09-09,79.0,79.9000015258789,78.3499984741211,79.4000015258789,79.4000015258789,4447175
2025-09-10,79.80000305175781,80.0,78.80000305175781,79.0999984741211,79.0999984741211,2960815
2025-09-11,79.1500015258789,81.25,78.0999984741211,78.94999694824219,78.94999694824219,3835828
2025-09-12,78.94999694824219,79.25,77.0,78.0999984741211,78.0999984741211,3850142
2025-09-15,78.05000305175781,83.55000305175781,77.1500015258789,83.25,83.25,7257869
2025-09-16,83.3499984741211,85.19999694824219,81.55000305175781,85.19999694824219,85.19999694824219,8072409
2025-09-17,85.19999694824219,85.5,83.8499984741211,83.8499984741211,83.8499984741211,4562848
2025-09-18,84.5,85.0,82.5999984741211,82.5999984741211,82.5999984741211,3278550
2025-09-19,82.6500015258789,85.19999694824219,82.3499984741211,85.19999694824219,85.19999694824219,3380160
2025-09-22,87.0999984741211,87.1500015258789,85.25,86.30000305175781,86.30000305175781,4439679
2025-09-23,85.0,85.05000305175781,83.5,83.6500015258789,83.6500015258789,3580876
2025-09-24,84.05000305175781,85.44999694824219,82.44999694824219,85.44999694824219,85.44999694824219,4148253
2025-09-25,85.5,85.94999694824219,83.80000305175781,85.19999694824219,85.19999694824219,4006442
2025-09-26,85.05000305175781,85.5999984741211,82.9000015258789,84.25,84.25,3417103
2025-09-29,83.94999694824219,84.25,82.05000305175781,82.69999694824219,82.69999694824219,2985857
2025-09-30,82.69999694824219,83.19999694824219,81.5,82.30000305175781,82.30000305175781,4192194
2025-10-01,82.30000305175781,83.55000305175781,81.0999984741211,82.80000305175781,82.80000305175781,4230229
2025-10-02,82.8499984741211,83.4000015258789,80.69999694824219,80.80000305175781,80.80000305175781,4207100
2025-10-03,81.0999984741211,81.4000015258789,79.44999694824219,79.44999694824219,79.44999694824219,4448274
2025-10-06,80.44999694824219,80.44999694824219,77.5999984741211,77.80000305175781,77.80000305175781,4340605
2025-10-07,78.0,80.0,77.6500015258789,79.4000015258789,79.4000015258789,4049141
2025-10-08,79.4000015258789,80.5999984741211,78.5,78.5,78.5,2780313
2025-10-09,79.25,80.1500015258789,77.69999694824219,78.5,78.5,2785531
2025-10-10,78.55000305175781,79.4000015258789,78.19999694824219,78.80000305175781,78.80000305175781,2264809
2025-10-13,77.9000015258789,79.0999984741211,77.0999984741211,78.5,78.5,3050894
2025-10-14,78.8499984741211,79.19999694824219,76.9000015258789,77.3499984741211,77.3499984741211,2430158
2025-10-15,77.44999694824219,78.25,76.5,77.94999694824219,77.94999694824219,3856969
2025-10-16,77.5999984741211,79.5999984741211,77.4000015258789,77.55000305175781,77.55000305175781,4178435
2025-10-17,77.4000015258789,78.0,75.5,76.55000305175781,76.55000305175781,3523303
2025-10-20,76.69999694824219,78.9000015258789,75.30000305175781,78.25,78.25,4185555
2025-10-21,79.0,79.44999694824219,77.69999694824219,78.55000305175781,78.55000305175781,3161926
2025-10-22,79.0,80.1500015258789,78.69999694824219,79.4000015258789,79.4000015258789,4253555
2025-10-23,79.69999694824219,80.4000015258789,78.3499984741211,79.75,79.75,5100298
2025-10-24,80.0,83.3499984741211,78.5,82.44999694824219,82.44999694824219,10282183
2025-10-27,82.44999694824219,82.6500015258789,80.30000305175781,81.69999694824219,81.69999694824219,5247979
2025-10-28,81.4000015258789,81.4000015258789,80.30000305175781,80.5999984741211,80.5999984741211,1796090
2025-10-30,80.6500015258789,81.55000305175781,79.9000015258789,80.19999694824219,80.19999694824219,3562359
2025-10-31,80.05000305175781,80.94999694824219,79.4000015258789,80.69999694824219,80.69999694824219,4561140
2025-11-03,81.6500015258789,83.5999984741211,81.5999984741211,82.0999984741211,82.0999984741211,5302840
2025-11-04,82.0999984741211,82.6500015258789,80.0999984741211,82.19999694824219,82.19999694824219,4408824
2025-11-05,82.19999694824219,84.5,81.55000305175781,83.4000015258789,83.4000015258789,5690514
2025-11-06,83.5999984741211,85.30000305175781,83.4000015258789,84.4000015258789,84.4000015258789,3967322
2025-11-07,84.5999984741211,84.69999694824219,82.4000015258789,83.5,83.5,3897335
2025-11-10,86.44999694824219,87.1500015258789,85.19999694824219,85.94999694824219,85.94999694824219,7651569
2025-11-11,85.94999694824219,87.8499984741211,82.80000305175781,87.4000015258789,87.4000015258789,11693745
2025-11-12,88.0,89.94999694824219,86.69999694824219,87.55000305175781,87.55000305175781,9549608
2025-11-13,87.55000305175781,89.94999694824219,87.30000305175781,89.55000305175781,89.55000305175781,8515349
2025-11-14,89.5999984741211,90.0,86.0999984741211,87.80000305175781,87.80000305175781,6081680
2025-11-17,88.4000015258789,89.69999694824219,87.6500015258789,88.25,88.25,7166984
2025-11-18,88.69999694824219,93.4000015258789,88.69999694824219,92.0,92.0,15561286
2025-11-19,92.44999694824219,93.5,91.5,92.6500015258789,92.6500015258789,13547115
2025-11-20,93.44999694824219,95.4000015258789,93.0,93.8499984741211,93.8499984741211,13026526
2025-11-21,93.3499984741211,94.5999984741211,92.0,93.80000305175781,93.80000305175781,10007178
2025-11-24,93.80000305175781,95.3499984741211,93.19999694824219,93.8499984741211,93.8499984741211,12391058
2025-11-25,94.69999694824219,95.80000305175781,92.6500015258789,94.0999984741211,94.0999984741211,11908168
2025-11-26,95.5999984741211,97.19999694824219,93.75,95.25,95.25,11012268
2025-11-27,95.5,96.30000305175781,94.94999694824219,95.30000305175781,95.30000305175781,6960593
2025-11-28,94.8499984741211,95.55000305175781,93.25,93.80000305175781,93.80000305175781,7652469
2025-12-01,93.75,95.0999984741211,92.05000305175781,92.9000015258789,92.9000015258789,8050995
2025-12-02,92.9000015258789,94.5,92.30000305175781,93.69999694824219,93.69999694824219,7354195
2025-12-03,94.0,95.6500015258789,93.4000015258789,94.75,94.75,9044644
2025-12-04,94.75,96.30000305175781,94.05000305175781,95.25,95.25,6498706
2025-12-05,95.9000015258789,99.3499984741211,95.6500015258789,98.5999984741211,98.5999984741211,16704972
2025-12-08,99.5,100.69999694824219,98.0999984741211,98.30000305175781,98.30000305175781,10069920
2025-12-09,98.4000015258789,98.69999694824219,95.3499984741211,95.94999694824219,95.94999694824219,9451877
2025-12-10,96.30000305175781,97.1500015258789,94.69999694824219,95.0999984741211,95.0999984741211,7715765
2025-12-11,95.4000015258789,96.6500015258789,95.3499984741211,95.69999694824219,95.69999694824219,5066077
2025-12-12,96.25,98.19999694824219,96.25,97.3499984741211,97.3499984741211,8429085
2025-12-15,97.80000305175781,99.9000015258789,97.0,99.8499984741211,99.8499984741211,7632234
2025-12-16,100.0,101.30000305175781,98.30000305175781,98.75,98.75,7770201
2025-12-17,100.0,101.4000015258789,99.19999694824219,99.94999694824219,99.94999694824219,9854213
2025-12-18,100.0,101.4000015258789,99.25,99.9000015258789,99.9000015258789,8691459
2025-12-19,100.4000015258789,101.19999694824219,99.30000305175781,100.19999694824219,100.19999694824219,8458746
2025-12-22,103.0,105.69999694824219,100.80000305175781,104.30000305175781,104.30000305175781,17766249
2025-12-23,104.19999694824219,104.30000305175781,100.5999984741211,103.80000305175781,103.80000305175781,13308691
2025-12-24,103.5,107.4000015258789,102.5,106.5999984741211,106.5999984741211,15566551
2025-12-25,106.80000305175781,107.80000305175781,105.30000305175781,105.30000305175781,105.30000305175781,6014663
2025-12-26,105.30000305175781,106.0999984741211,103.69999694824219,104.69999694824219,104.69999694824219,8773678
2025-12-29,105.0,106.30000305175781,103.80000305175781,103.80000305175781,103.80000305175781,6206586
2025-12-30,104.0,104.5999984741211,101.19999694824219,101.5,101.5,8095631
2025-12-31,101.9000015258789,103.0,101.5,102.0,102.0,6567971
2026-01-02,102.19999694824219,105.4000015258789,102.19999694824219,105.4000015258789,105.4000015258789,11033581
2026-01-05,106.0,106.19999694824219,104.4000015258789,104.69999694824219,104.69999694824219,8675558
2026-01-06,104.9000015258789,105.9000015258789,104.0,104.69999694824219,104.69999694824219,10099786
2026-01-07,105.19999694824219,105.80000305175781,101.30000305175781,101.69999694824219,101.69999694824219,12661494
2026-01-08,102.9000015258789,103.4000015258789,99.75,103.0999984741211,103.0999984741211,11344651
2026-01-09,103.19999694824219,104.0999984741211,101.0999984741211,101.30000305175781,101.30000305175781,7643599
2026-01-12,101.4000015258789,101.69999694824219,98.5999984741211,98.75,98.75,11209187
2026-01-13,98.6500015258789,101.30000305175781,97.5,101.0,101.0,13296002
2026-01-14,101.5,102.5999984741211,99.80000305175781,102.0,102.0,12162232
2026-01-15,101.0999984741211,104.80000305175781,100.4000015258789,104.80000305175781,104.80000305175781,9947248
2026-01-16,105.19999694824219,106.0,104.0999984741211,105.80000305175781,105.80000305175781,9272455
2026-01-19,107.0,108.0,106.0,106.9000015258789,106.9000015258789,13299277
2026-01-20,106.80000305175781,108.0999984741211,105.0999984741211,105.69999694824219,105.69999694824219,9616398
2026-01-21,106.0,107.5,105.4000015258789,106.9000015258789,106.9000015258789,7994445
2026-01-22,107.30000305175781,112.0,106.19999694824219,111.80000305175781,111.80000305175781,14497093
2026-01-23,111.80000305175781,112.0999984741211,109.80000305175781,110.30000305175781,110.30000305175781,10517791
2026-01-26,109.5,111.0999984741211,108.5,109.5999984741211,109.5999984741211,9517582
2026-01-27,109.5999984741211,110.30000305175781,106.4000015258789,106.5999984741211,106.5999984741211,10732123
2026-01-28,106.5999984741211,108.69999694824219,106.0,107.5999984741211,107.5999984741211,12949143
2026-01-29,107.80000305175781,110.4000015258789,107.4000015258789,109.5,109.5,14672437
2026-01-30,109.5,110.0999984741211,106.30000305175781,108.0,108.0,13862414
2026-02-02,105.5,107.0,103.0999984741211,104.9000015258789,104.9000015258789,10538579
2026-02-03,105.4000015258789,110.19999694824219,105.0999984741211,109.19999694824219,109.19999694824219,11952524
2026-02-04,109.69999694824219,111.4000015258789,109.19999694824219,110.19999694824219,110.19999694824219,15484564
2026-02-05,111.4000015258789,114.30000305175781,109.4000015258789,110.9000015258789,110.9000015258789,18850413
2026-02-06,111.0,112.30000305175781,109.0,111.19999694824219,111.19999694824219,8433613
2026-02-09,112.69999694824219,114.30000305175781,111.80000305175781,114.0999984741211,114.0999984741211,9305830
2026-02-10,114.19999694824219,114.5999984741211,111.9000015258789,112.80000305175781,112.80000305175781,6666986
2026-02-11,111.9000015258789,112.9000015258789,110.0,110.0999984741211,110.0999984741211,9231488
2026-02-12,109.80000305175781,114.5999984741211,109.80000305175781,114.0,114.0,11641366
2026-02-13,114.0,115.5,112.80000305175781,113.80000305175781,113.80000305175781,8064049
2026-02-16,114.69999694824219,117.0,114.5,115.80000305175781,115.80000305175781,9332819
2026-02-17,115.5,115.5999984741211,112.80000305175781,112.80000305175781,112.80000305175781,7579005
2026-02-18,113.0,114.19999694824219,109.0999984741211,110.30000305175781,110.30000305175781,10611461
2026-02-19,110.4000015258789,111.0,104.4000015258789,105.0,105.0,7986476
2026-02-20,105.5999984741211,106.19999694824219,102.80000305175781,104.80000305175781,104.80000305175781,5580189
2026-02-23,106.19999694824219,106.9000015258789,104.4000015258789,105.0999984741211,105.0999984741211,5908656
2026-02-24,105.0,105.0,102.30000305175781,105.0,105.0,6656464
2026-02-25,103.4000015258789,105.9000015258789,102.80000305175781,105.19999694824219,105.19999694824219,9805307
2026-02-26,104.5,106.5,104.30000305175781,104.80000305175781,104.80000305175781,5949514
2026-02-27,105.0,105.80000305175781,101.69999694824219,102.4000015258789,102.4000015258789,9833773
2026-03-02,96.0,101.5999984741211,95.9000015258789,100.69999694824219,100.69999694824219,6395249
2026-03-03,100.0,101.4000015258789,97.94999694824219,97.94999694824219,97.94999694824219,5539896
2026-03-04,98.55000305175781,100.30000305175781,97.75,98.69999694824219,98.69999694824219,5091293
2026-03-05,99.19999694824219,100.4000015258789,97.5,97.5,97.5,4093131
2026-03-06,97.30000305175781,97.80000305175781,93.0,93.05000305175781,93.05000305175781,5765426
2026-03-09,91.0,93.1500015258789,89.69999694824219,92.6500015258789,92.6500015258789,6280529
2026-03-10,95.0,96.8499984741211,93.9000015258789,96.19999694824219,96.19999694824219,6237744
2026-03-11,92.0,94.69999694824219,91.9000015258789,93.44999694824219,93.44999694824219,6964079
2026-03-12,93.0,94.94999694824219,92.25,92.80000305175781,92.80000305175781,5749469
2026-03-13,92.6500015258789,92.69999694824219,89.5999984741211,89.80000305175781,89.80000305175781,6359666
2026-03-16,89.80000305175781,90.5,89.0999984741211,89.0999984741211,89.0999984741211,5122419
2026-03-17,89.5,92.0999984741211,89.5,92.0,92.0,3856587
2026-03-18,92.19999694824219,92.9000015258789,89.44999694824219,90.0,90.0,3362816
2026-03-19,89.5,90.69999694824219,89.0999984741211,89.69999694824219,89.69999694824219,2527316
2026-03-23,88.94999694824219,91.0,86.05000305175781,91.0,91.0,5886891
2026-03-24,90.80000305175781,90.8499984741211,88.69999694824219,89.0999984741211,89.0999984741211,3538234
2026-03-25,90.0,90.5,88.8499984741211,90.0,90.0,6410616
2026-03-26,89.0999984741211,90.05000305175781,87.8499984741211,87.8499984741211,87.8499984741211,2920973
2026-03-27,88.05000305175781,88.44999694824219,86.25,86.94999694824219,86.94999694824219,4042039
2026-03-30,86.80000305175781,88.3499984741211,86.3499984741211,87.75,87.75,3941128
2026-03-31,87.6500015258789,88.4000015258789,86.69999694824219,88.4000015258789,88.4000015258789,4965871
2026-04-01,90.0,90.25,88.69999694824219,89.0,89.0,4485661
2026-04-02,87.80000305175781,89.6500015258789,87.3499984741211,89.44999694824219,89.44999694824219,4040513
2026-04-03,89.5,89.8499984741211,88.4000015258789,89.19999694824219,89.19999694824219,3191256
2026-04-06,89.4000015258789,91.19999694824219,89.30000305175781,91.19999694824219,91.19999694824219,6551241
2026-04-07,90.0999984741211,91.0999984741211,87.19999694824219,87.25,87.25,5545836
2026-04-08,90.75,92.0999984741211,89.75,90.94999694824219,90.94999694824219,12523046
2026-04-09,90.80000305175781,91.4000015258789,90.1500015258789,91.0,91.0,4922412
2026-04-10,92.0,94.0,90.94999694824219,93.94999694824219,93.94999694824219,10547125
2026-04-13,93.0,93.5,91.69999694824219,93.0,93.0,5047883
2026-04-14,94.0,94.5999984741211,92.69999694824219,94.25,94.25,6640708
2026-04-15,94.55000305175781,95.19999694824219,93.9000015258789,94.05000305175781,94.05000305175781,4489734
2026-04-16,95.0999984741211,95.75,92.6500015258789,93.19999694824219,93.19999694824219,5588245
2026-04-17,93.05000305175781,95.94999694824219,92.75,95.55000305175781,95.55000305175781,7369797
2026-04-20,94.30000305175781,94.9000015258789,93.69999694824219,94.4000015258789,94.4000015258789,4578264
2026-04-21,94.8499984741211,96.0999984741211,93.4000015258789,93.9000015258789,93.9000015258789,7626573
2026-04-22,94.5,94.5999984741211,91.6500015258789,92.4000015258789,92.4000015258789,4411550
2026-04-24,92.6500015258789,93.6500015258789,91.9000015258789,93.0,93.0,5814537
2026-04-27,93.75,95.69999694824219,93.69999694824219,95.0999984741211,95.0999984741211,7248344
2026-04-28,96.19999694824219,97.1500015258789,95.3499984741211,96.0999984741211,96.0999984741211,10464828
2026-04-29,96.55000305175781,98.05000305175781,95.69999694824219,97.1500015258789,97.1500015258789,6273040
2026-04-30,96.5999984741211,96.75,94.25,95.6500015258789,95.6500015258789,6037658
2026-05-04,93.94999694824219,95.19999694824219,92.94999694824219,93.4000015258789,93.4000015258789,6481521
2026-05-05,93.3499984741211,95.19999694824219,92.9000015258789,94.6500015258789,94.6500015258789,5938529
2026-05-06,95.44999694824219,100.9000015258789,94.69999694824219,100.30000305175781,100.30000305175781,9812508
2026-05-07,100.69999694824219,102.0999984741211,98.80000305175781,99.94999694824219,99.94999694824219,5740461
2026-05-08,99.6500015258789,100.0,98.0,99.1500015258789,99.1500015258789,5089641
2026-05-11,99.3499984741211,101.5999984741211,99.0,100.9000015258789,100.9000015258789,6145793
2026-05-12,104.0,104.80000305175781,101.0,101.0,101.0,6895452
2026-05-13,101.80000305175781,102.5,99.94999694824219,100.4000015258789,100.4000015258789,3822903
2026-05-14,100.9000015258789,101.0999984741211,97.5999984741211,97.5999984741211,97.5999984741211,4692902
2026-05-15,96.30000305175781,97.80000305175781,95.44999694824219,97.0,97.0,4504046
2026-05-18,96.3499984741211,96.3499984741211,92.8499984741211,92.8499984741211,92.8499984741211,4984428
2026-05-20,92.8499984741211,96.19999694824219,91.69999694824219,95.44999694824219,95.44999694824219,6435875
2026-05-21,95.44999694824219,96.0,90.69999694824219,90.69999694824219,90.69999694824219,3748879
2026-05-22,88.0,96.69999694824219,88.0,96.30000305175781,96.30000305175781,7436064
