Tarih,Açılış,Yüksek,Düşük,Kapanış,Düzeltilmiş_Kapanış,Hacim
2015-10-29,8.873998641967773,8.873998641967773,8.873998641967773,8.873998641967773,6.869566440582275,0
2015-10-30,9.004499435424805,9.069748878479004,8.873998641967773,9.069748878479004,7.021101474761963,28065
2015-11-02,9.500398635864258,9.500398635864258,9.409049034118652,9.461249351501465,7.3241705894470215,75195
2015-11-03,9.39599895477295,9.487348556518555,9.369898796081543,9.448199272155762,7.314068794250488,45463
2015-11-04,9.55259895324707,9.55259895324707,9.500398635864258,9.55259895324707,7.394886493682861,29375
2015-11-05,9.800548553466797,10.100699424743652,9.7483491897583,10.061549186706543,7.788877010345459,346455
2015-11-06,10.100699424743652,10.100699424743652,9.800548553466797,9.983248710632324,7.728263854980469,93329
2015-11-09,9.617849349975586,9.670048713684082,9.526498794555664,9.539548873901367,7.38478422164917,98229
2015-11-10,9.382948875427246,9.448199272155762,9.317699432373047,9.369898796081543,7.253454208374023,59360
2015-11-11,9.448199272155762,9.539548873901367,9.422099113464355,9.500398635864258,7.3544769287109375,37590
2015-11-12,9.578699111938477,9.683098793029785,9.435149192810059,9.683098793029785,7.495908737182617,128616
2015-11-13,9.656998634338379,9.839698791503906,9.617849349975586,9.735299110412598,7.536319255828857,90206
2015-11-16,9.7483491897583,10.022398948669434,9.7483491897583,9.826648712158203,7.607034683227539,115141
2015-11-17,9.891899108886719,9.931049346923828,9.800548553466797,9.8135986328125,7.5969319343566895,46846
2015-11-18,9.735299110412598,9.904949188232422,9.696148872375488,9.735299110412598,7.536319255828857,40547
2015-11-19,9.839698791503906,9.865798950195312,9.7483491897583,9.826648712158203,7.607034683227539,36666
2015-11-20,10.035449028015137,10.113748550415039,9.970198631286621,10.035449028015137,7.76867151260376,94689
2015-11-23,10.72709846496582,10.779297828674316,10.400848388671875,10.439997673034668,8.081842422485352,361498
2015-11-24,10.309497833251953,10.583547592163086,9.917999267578125,10.04849910736084,7.778774261474609,153659
2015-11-25,10.152898788452148,10.309497833251953,10.08764934539795,10.257298469543457,7.940410137176514,69624
2015-11-26,10.49219799041748,10.53134822845459,10.192049026489258,10.23119831085205,7.920206069946289,80823
2015-11-27,10.074599266052246,10.413898468017578,10.035449028015137,10.074599266052246,7.798979759216309,85130
2015-11-30,10.178998947143555,10.225977897644043,9.865798950195312,9.938879013061523,7.693914890289307,85436
2015-12-01,9.959758758544922,10.095479011535645,9.891899108886719,9.959758758544922,7.710078239440918,97122
2015-12-02,9.928439140319824,10.184219360351562,9.928439140319824,10.032838821411133,7.766651153564453,76279
2015-12-03,10.100699424743652,10.178998947143555,9.923218727111816,9.949318885803223,7.701996326446533,45727
2015-12-04,10.027619361877441,10.074599266052246,9.531719207763672,9.792718887329102,7.5807695388793945,54567
2015-12-07,9.865798950195312,9.876238822937012,9.39599895477295,9.625679016113281,7.451458930969238,71505
2015-12-08,9.71963882446289,9.71963882446289,9.453418731689453,9.453418731689453,7.318108081817627,46900
2015-12-09,9.573478698730469,9.594359397888184,9.343798637390137,9.505619049072266,7.358519077301025,46678
2015-12-10,9.495179176330566,10.022398948669434,9.364679336547852,9.422099113464355,7.293863296508789,101344
2015-12-11,9.474299430847168,9.526498794555664,9.0566987991333,9.38555908203125,7.26557731628418,64501
2015-12-14,9.526498794555664,9.526498794555664,9.249838829040527,9.333358764648438,7.225168228149414,52904
2015-12-15,9.432538986206055,9.677879333496094,9.343798637390137,9.63611888885498,7.459541320800781,100601
2015-12-16,9.63611888885498,9.656998634338379,9.390778541564941,9.437759399414062,7.305986404418945,110869
2015-12-17,9.526498794555664,9.630899429321289,9.458639144897461,9.594359397888184,7.427214622497559,72153
2015-12-18,9.578699111938477,9.64655876159668,9.463858604431152,9.547378540039062,7.39084529876709,45348
2015-12-21,9.573478698730469,9.844919204711914,9.573478698730469,9.766618728637695,7.5605645179748535,81835
2015-12-22,9.78749942779541,9.78749942779541,9.578699111938477,9.625679016113281,7.451458930969238,43226
2015-12-23,9.662219047546387,9.860578536987305,9.630899429321289,9.782279014587402,7.572686672210693,71601
2015-12-24,9.78749942779541,9.818819046020508,9.703978538513184,9.7144193649292,7.520156383514404,46448
2015-12-25,9.724859237670898,9.73007869720459,9.526498794555664,9.667439460754395,7.4837870597839355,15249
2015-12-28,9.683098793029785,9.735299110412598,9.604799270629883,9.604799270629883,7.435296058654785,29034
2015-12-29,9.656998634338379,9.656998634338379,9.536938667297363,9.536938667297363,7.382763385772705,35812
2015-12-30,9.536938667297363,9.630899429321289,9.401219367980957,9.416878700256348,7.289822101593018,37256
2015-12-31,9.458639144897461,9.474299430847168,9.249838829040527,9.37511920928955,7.257495880126953,37272
2016-01-01,9.37511920928955,9.37511920928955,9.37511920928955,9.37511920928955,7.257495880126953,0
2016-01-04,9.354239463806152,9.354239463806152,8.795699119567871,8.894879341125488,6.885731220245361,60402
2016-01-05,8.941859245300293,9.004499435424805,8.665199279785156,8.90009880065918,6.889771461486816,62685
2016-01-06,8.821799278259277,8.962738990783691,8.633878707885742,8.884439468383789,6.87764835357666,50501
2016-01-07,8.795699119567871,8.873998641967773,8.701739311218262,8.795699119567871,6.808952808380127,55892
2016-01-08,8.821799278259277,8.884439468383789,8.759159088134766,8.821799278259277,6.829157829284668,23222
2016-01-11,8.821799278259277,8.9679594039917,8.774819374084473,8.858339309692383,6.8574442863464355,53130
2016-01-12,8.88965892791748,8.952299118041992,8.80613899230957,8.879219055175781,6.873607158660889,53210
2016-01-13,8.952299118041992,9.0566987991333,8.90009880065918,9.04103946685791,6.99887752532959,45616
2016-01-14,9.014939308166504,9.014939308166504,8.873998641967773,8.90009880065918,6.889771461486816,61505
2016-01-15,8.90009880065918,9.411659240722656,8.90009880065918,9.15065860748291,7.08373498916626,111459
2016-01-18,9.239398956298828,9.239398956298828,8.952299118041992,8.962738990783691,6.93826150894165,42019
2016-01-19,8.962738990783691,9.114118576049805,8.947078704833984,9.004499435424805,6.970590591430664,51597
2016-01-20,8.926198959350586,9.046258926391602,8.780038833618164,8.827018737792969,6.833198070526123,35383
2016-01-21,8.873998641967773,8.873998641967773,8.46161937713623,8.691299438476562,6.728135585784912,36203
2016-01-22,8.691299438476562,8.691299438476562,8.691299438476562,8.691299438476562,6.728135585784912,0
2016-01-25,8.873998641967773,8.873998641967773,8.753938674926758,8.795699119567871,6.808952808380127,25455
2016-01-26,8.759159088134766,8.952299118041992,8.701739311218262,8.90009880065918,6.889771461486816,44873
2016-01-27,8.90009880065918,9.030598640441895,8.873998641967773,8.957518577575684,6.934221267700195,34183
2016-01-28,8.978399276733398,9.04103946685791,8.97317886352539,8.98361873626709,6.954425811767578,31919
2016-01-29,9.0566987991333,9.166318893432617,9.04103946685791,9.129778861999512,7.067572593688965,47896
2016-02-01,9.155879020690918,9.161099433898926,8.999279022216797,9.009718894958496,6.974631309509277,28298
2016-02-02,9.030598640441895,9.181979179382324,9.004499435424805,9.035819053649902,6.994834899902344,66283
2016-02-03,9.035819053649902,9.13499927520752,8.98361873626709,9.119338989257812,7.059490203857422,44099
2016-02-04,9.187198638916016,9.578699111938477,9.108899116516113,9.437759399414062,7.305986404418945,282505
2016-02-05,9.432538986206055,9.526498794555664,9.307258605957031,9.422099113464355,7.293863296508789,127436
2016-02-08,9.422099113464355,9.526498794555664,8.978399276733398,9.108899116516113,7.051407814025879,137003
2016-02-09,9.067138671875,9.082798957824707,8.884439468383789,8.931419372558594,6.914016246795654,47816
2016-02-10,9.004499435424805,9.0566987991333,8.847899436950684,8.988839149475098,6.958467483520508,45015
2016-02-11,8.920978546142578,9.004499435424805,8.675639152526855,8.821799278259277,6.829157829284668,52440
2016-02-12,8.821799278259277,8.847899436950684,8.743498802185059,8.753938674926758,6.776625156402588,45950
2016-02-15,8.612998962402344,8.612998962402344,8.14319896697998,8.2214994430542,6.364452362060547,115643
2016-02-16,8.341559410095215,8.341559410095215,8.174518585205078,8.174518585205078,6.32808256149292,41475
2016-02-17,8.174518585205078,8.284138679504395,8.14319896697998,8.284138679504395,6.412942886352539,75291
2016-02-18,8.294578552246094,8.346778869628906,8.216279029846191,8.336338996887207,6.453351974487305,78946
2016-02-19,8.357218742370605,8.665199279785156,8.22671890258789,8.47205924987793,6.55841588973999,93011
2016-02-22,8.560798645019531,8.691299438476562,8.477278709411621,8.670418739318848,6.711970806121826,47122
2016-02-23,8.665199279785156,8.80613899230957,8.586898803710938,8.706958770751953,6.740257263183594,107134
2016-02-24,8.743498802185059,8.743498802185059,8.430298805236816,8.445959091186523,6.538211822509766,56858
2016-02-25,8.508599281311035,8.508599281311035,8.419858932495117,8.466838836669922,6.554374694824219,46911
2016-02-26,8.54513931274414,8.670418739318848,8.430298805236816,8.46161937713623,6.550334453582764,124911
2016-02-29,8.46161937713623,8.571239471435547,8.247598648071289,8.477278709411621,6.562456130981445,67432
2016-03-01,8.498159408569336,8.607778549194336,8.498159408569336,8.534699440002441,6.606907367706299,42203
2016-03-02,8.560798645019531,8.691299438476562,8.54513931274414,8.612998962402344,6.667520999908447,68862
2016-03-03,8.691299438476562,8.743498802185059,8.372879028320312,8.430298805236816,6.526088237762451,121873
2016-03-04,8.435519218444824,8.451178550720215,8.278919219970703,8.372879028320312,6.481637954711914,121938
2016-03-07,8.398979187011719,8.477278709411621,8.357218742370605,8.477278709411621,6.562456130981445,83249
2016-03-08,8.482499122619629,8.62865924835205,8.40419864654541,8.581679344177246,6.643274784088135,84570
2016-03-09,8.534699440002441,8.607778549194336,8.529479026794434,8.592119216918945,6.651357173919678,52203
2016-03-10,8.586898803710938,8.612998962402344,8.529479026794434,8.607778549194336,6.663479328155518,47521
2016-03-11,8.612998962402344,8.633878707885742,8.524258613586426,8.550358772277832,6.619029521942139,45670
2016-03-14,8.550358772277832,8.581679344177246,8.456398963928223,8.550358772277832,6.619029521942139,27862
2016-03-15,8.560798645019531,8.612998962402344,8.482499122619629,8.513818740844727,6.590743064880371,33007
2016-03-16,8.534699440002441,8.586898803710938,8.482499122619629,8.513818740844727,6.590743064880371,37934
2016-03-17,8.618219375610352,8.769598960876465,8.571239471435547,8.743498802185059,6.768543243408203,117226
2016-03-18,8.748719215393066,8.978399276733398,8.72261905670166,8.853118896484375,6.853402614593506,166513
2016-03-21,8.769598960876465,9.119338989257812,8.769598960876465,9.093238830566406,7.039284706115723,273409
2016-03-22,9.093238830566406,9.093238830566406,8.795699119567871,8.837458610534668,6.84127950668335,96747
2016-03-23,8.847899436950684,8.957518577575684,8.612998962402344,8.659978866577148,6.703888893127441,52482
2016-03-24,8.659978866577148,8.774819374084473,8.62865924835205,8.774819374084473,6.792789459228516,53865
2016-03-25,8.790478706359863,8.868779182434082,8.774819374084473,8.81657886505127,6.8251166343688965,33950
2016-03-28,8.832239151000977,8.931419372558594,8.827018737792969,8.858339309692383,6.8574442863464355,46034
2016-03-29,9.15065860748291,9.29159927368164,8.936638832092285,9.067138671875,7.019081115722656,297126
2016-03-30,9.088019371032715,9.422099113464355,9.072359085083008,9.422099113464355,7.293863296508789,266578
2016-03-31,9.427318572998047,9.516058921813965,9.270718574523926,9.484739303588867,7.342354774475098,202057
2016-04-01,9.489958763122559,9.505619049072266,9.390778541564941,9.458639144897461,7.322150230407715,149624
2016-04-04,9.500398635864258,10.027619361877441,9.47951889038086,9.970198631286621,7.718160152435303,272486
2016-04-05,9.8031587600708,9.970198631286621,9.735299110412598,9.79793930053711,7.584810256958008,160938
2016-04-06,9.88145923614502,9.88145923614502,9.683098793029785,9.703978538513184,7.512072563171387,161298
2016-04-07,9.7144193649292,9.902338981628418,9.7144193649292,9.8135986328125,7.5969319343566895,130111
2016-04-08,9.777058601379395,10.006738662719727,9.777058601379395,9.907559394836426,7.669670581817627,89245
2016-04-11,9.917999267578125,10.079818725585938,9.907559394836426,9.938879013061523,7.693914890289307,144390
2016-04-12,9.985858917236328,9.985858917236328,9.771839141845703,9.792718887329102,7.5807695388793945,81636
2016-04-13,9.844919204711914,10.027619361877441,9.709198951721191,9.917999267578125,7.6777520179748535,257076
2016-04-14,9.917999267578125,10.03805923461914,9.891899108886719,9.959758758544922,7.710078239440918,150425
2016-04-15,9.970198631286621,10.319937705993652,9.850138664245605,10.14245891571045,7.851511001586914,303682
2016-04-18,10.001519203186035,10.04849910736084,9.735299110412598,9.891899108886719,7.657545566558838,234701
2016-04-19,9.907559394836426,10.022398948669434,9.839698791503906,9.95453929901123,7.706038475036621,139053
2016-04-20,10.017178535461426,10.168559074401855,9.844919204711914,9.96497917175293,7.714118480682373,191026
2016-04-21,10.022398948669434,10.043278694152832,9.824039459228516,9.855359077453613,7.629260063171387,99701
2016-04-22,9.876238822937012,10.001519203186035,9.693538665771484,9.8135986328125,7.5969319343566895,81072
2016-04-25,9.891899108886719,9.891899108886719,9.8135986328125,9.88145923614502,7.6494646072387695,46731
2016-04-26,9.886678695678711,10.001519203186035,9.78749942779541,9.839698791503906,7.617137432098389,51509
2016-04-27,9.876238822937012,10.04849910736084,9.834479331970215,10.006738662719727,7.74644660949707,144390
2016-04-28,10.011959075927734,10.053718566894531,9.855359077453613,9.886678695678711,7.653504848480225,134858
2016-04-29,9.886678695678711,9.891899108886719,9.677879333496094,9.693538665771484,7.50399112701416,69513
2016-05-02,9.761399269104004,9.761399269104004,9.442978858947754,9.547378540039062,7.39084529876709,79831
2016-05-03,9.599578857421875,9.599578857421875,9.12455940246582,9.187198638916016,7.1120219230651855,55356
2016-05-04,9.187198638916016,9.187198638916016,9.025379180908203,9.166318893432617,7.095858573913574,60808
2016-05-05,8.821799278259277,9.286378860473633,8.81657886505127,9.223738670349121,7.1403093338012695,73827
2016-05-06,9.223738670349121,9.474299430847168,9.192419052124023,9.474299430847168,7.334273338317871,55459
2016-05-09,9.23417854309082,9.265499114990234,9.030598640441895,9.082798957824707,7.0312042236328125,206272
2016-05-10,9.108899116516113,9.108899116516113,8.957518577575684,9.009718894958496,6.974631309509277,97432
2016-05-11,9.004499435424805,9.098459243774414,8.941859245300293,9.0566987991333,7.010998249053955,24750
2016-05-12,9.009718894958496,9.093238830566406,8.98361873626709,8.988839149475098,6.958467483520508,33501
2016-05-13,8.9679594039917,9.004499435424805,8.837458610534668,8.837458610534668,6.84127950668335,32620
2016-05-16,8.873998641967773,8.873998641967773,8.764378547668457,8.769598960876465,6.7887492179870605,24911
2016-05-17,8.821799278259277,8.873998641967773,8.717398643493652,8.847899436950684,6.849362373352051,24325
2016-05-18,8.847899436950684,8.847899436950684,8.769598960876465,8.837458610534668,6.84127950668335,16808
2016-05-19,8.837458610534668,8.837458610534668,8.837458610534668,8.837458610534668,6.84127950668335,0
2016-05-20,8.847899436950684,8.858339309692383,8.785259246826172,8.785259246826172,6.8008713722229,24249
2016-05-23,8.519039154052734,8.566019058227539,8.414639472961426,8.414639472961426,6.774206638336182,41490
2016-05-24,8.456398963928223,8.607778549194336,8.393758773803711,8.597338676452637,6.921289920806885,47038
2016-05-25,8.63909912109375,8.659978866577148,8.586898803710938,8.586898803710938,6.912884712219238,45000
2016-05-26,8.592119216918945,8.592119216918945,8.513818740844727,8.586898803710938,6.912884712219238,28160
2016-05-27,8.586898803710938,8.63909912109375,8.534699440002441,8.534699440002441,6.870862007141113,17808
2016-05-30,8.602559089660645,8.602559089660645,8.456398963928223,8.524258613586426,6.86245584487915,15195
2016-05-31,8.524258613586426,8.566019058227539,8.482499122619629,8.524258613586426,6.86245584487915,17559
2016-06-01,8.534699440002441,8.607778549194336,8.37809944152832,8.430298805236816,6.786814212799072,39088
2016-06-02,8.430298805236816,8.451178550720215,8.278919219970703,8.289359092712402,6.673350811004639,50509
2016-06-03,8.336338996887207,8.430298805236816,8.2214994430542,8.393758773803711,6.757397651672363,41777
2016-06-06,8.435519218444824,8.477278709411621,8.351999282836914,8.351999282836914,6.723779201507568,15965
2016-06-07,8.409419059753418,8.508599281311035,8.346778869628906,8.38853931427002,6.753194808959961,57371
2016-06-08,8.409419059753418,8.519039154052734,8.3311185836792,8.503378868103027,6.84564733505249,30547
2016-06-09,8.524258613586426,8.534699440002441,8.38853931427002,8.398979187011719,6.761600494384766,19651
2016-06-10,8.38853931427002,8.398979187011719,8.23715877532959,8.242379188537598,6.635529518127441,26973
2016-06-13,8.22671890258789,8.435519218444824,8.033578872680664,8.15363883972168,6.564088821411133,26295
2016-06-14,8.2214994430542,8.273698806762695,8.090998649597168,8.200618743896484,6.60191011428833,19816
2016-06-15,8.278919219970703,8.278919219970703,8.169299125671387,8.169299125671387,6.576695919036865,7969
2016-06-16,8.169299125671387,8.294578552246094,7.908298969268799,7.908298969268799,6.366578102111816,22885
2016-06-17,8.023138999938965,8.759159088134766,7.950058937072754,8.299798965454102,6.681755065917969,143858
2016-06-20,8.3311185836792,8.419858932495117,8.252819061279297,8.351999282836914,6.723779201507568,58877
2016-06-21,8.351999282836914,8.440738677978516,8.3206787109375,8.372879028320312,6.740588665008545,25773
2016-06-22,8.383318901062012,8.414639472961426,8.294578552246094,8.3311185836792,6.706968784332275,23969
2016-06-23,8.351999282836914,8.40419864654541,8.315459251403809,8.367658615112305,6.736385345458984,24237
2016-06-24,7.699499130249023,8.2214994430542,7.699499130249023,8.2214994430542,6.618720054626465,30501
2016-06-27,8.2214994430542,8.2214994430542,8.012699127197266,8.122319221496582,6.538874626159668,44961
2016-06-28,8.158859252929688,8.273698806762695,8.158859252929688,8.247598648071289,6.6397318840026855,10486
2016-06-29,8.122319221496582,8.325899124145508,8.122319221496582,8.247598648071289,6.6397318840026855,12352
2016-06-30,8.3102388381958,8.3102388381958,8.22671890258789,8.268479347229004,6.656540870666504,17065
2016-07-01,8.278919219970703,8.430298805236816,8.278919219970703,8.351999282836914,6.723779201507568,16842
2016-07-04,8.351999282836914,8.482499122619629,8.351999282836914,8.466838836669922,6.816230297088623,3398
2016-07-05,8.466838836669922,8.466838836669922,8.466838836669922,8.466838836669922,6.816230297088623,0
2016-07-06,8.466838836669922,8.466838836669922,8.466838836669922,8.466838836669922,6.816230297088623,0
2016-07-07,8.466838836669922,8.466838836669922,8.466838836669922,8.466838836669922,6.816230297088623,0
2016-07-08,8.398979187011719,8.586898803710938,8.247598648071289,8.398979187011719,6.761600494384766,7704
2016-07-11,8.456398963928223,8.492938995361328,8.435519218444824,8.456398963928223,6.807826042175293,16800
2016-07-12,8.482499122619629,8.571239471435547,8.46161937713623,8.571239471435547,6.900278091430664,36160
2016-07-13,8.560798645019531,8.612998962402344,8.54513931274414,8.597338676452637,6.921289920806885,22735
2016-07-14,8.597338676452637,8.618219375610352,8.560798645019531,8.607778549194336,6.929694175720215,34559
2016-07-15,8.607778549194336,8.73305892944336,8.48771858215332,8.686079025268555,6.992730617523193,38340
2016-07-18,8.299798965454102,8.519039154052734,7.798678874969482,7.829998970031738,6.303542613983154,103168
2016-07-19,7.803898811340332,8.038799285888672,7.673398971557617,7.829998970031738,6.303542613983154,70134
2016-07-20,7.829998970031738,7.960498809814453,7.574219226837158,7.595098972320557,6.114436149597168,38226
2016-07-21,7.56899881362915,7.56899881362915,7.198379039764404,7.198379039764404,5.795056343078613,29743
2016-07-22,7.2818989753723145,7.464599132537842,7.120079040527344,7.370638847351074,5.93373441696167,39563
2016-07-25,7.370638847351074,7.8143391609191895,7.370638847351074,7.683838844299316,6.18587589263916,74574
2016-07-26,7.699499130249023,7.8143391609191895,7.595098972320557,7.652519226074219,6.1606621742248535,36007
2016-07-27,7.652519226074219,7.751698970794678,7.6264190673828125,7.7255988121032715,6.21949577331543,29459
2016-07-28,7.751698970794678,7.850879192352295,7.730819225311279,7.751698970794678,6.240507125854492,43662
2016-07-29,7.803898811340332,7.8404388427734375,7.709939002990723,7.803898811340332,6.282530307769775,23187
2016-08-01,7.80911922454834,8.080558776855469,7.80911922454834,7.923958778381348,6.379184246063232,54544
2016-08-02,7.908298969268799,7.9552788734436035,7.8143391609191895,7.913518905639648,6.370779991149902,23885
2016-08-03,7.871758937835693,7.908298969268799,7.704719066619873,7.777799129486084,6.261519432067871,38670
2016-08-04,7.751698970794678,7.8560991287231445,7.730819225311279,7.8560991287231445,6.324554443359375,17969
2016-08-05,7.8560991287231445,7.903079032897949,7.803898811340332,7.829998970031738,6.303542613983154,37203
2016-08-08,8.273698806762695,8.743498802185059,8.273698806762695,8.665199279785156,6.975920677185059,383337
2016-08-09,8.701739311218262,8.701739311218262,8.38853931427002,8.451178550720215,6.803623676300049,77325
2016-08-10,8.430298805236816,8.508599281311035,8.38853931427002,8.456398963928223,6.807826042175293,91383
2016-08-11,8.419858932495117,8.727839469909668,8.419858932495117,8.665199279785156,6.975920677185059,127547
2016-08-12,8.743498802185059,8.743498802185059,8.560798645019531,8.612998962402344,6.933896541595459,44846
2016-08-15,8.607778549194336,8.64953899383545,8.508599281311035,8.54513931274414,6.879266262054443,26471
2016-08-16,8.54513931274414,8.727839469909668,8.503378868103027,8.691299438476562,6.996932506561279,144605
2016-08-17,8.743498802185059,9.05147933959961,8.72261905670166,8.926198959350586,7.186038017272949,131168
2016-08-18,8.879219055175781,9.166318893432617,8.879219055175781,9.119338989257812,7.341526031494141,169624
2016-08-19,9.13499927520752,9.140218734741211,8.910538673400879,9.035819053649902,7.274287223815918,110475
2016-08-22,9.004499435424805,9.343798637390137,8.88965892791748,9.30203914642334,7.488608360290527,236038
2016-08-23,9.338579177856445,9.55259895324707,9.249838829040527,9.265499114990234,7.459191799163818,233881
2016-08-24,9.13499927520752,9.13499927520752,8.440738677978516,8.957518577575684,7.211252689361572,175394
2016-08-25,9.04103946685791,9.067138671875,8.780038833618164,8.905319213867188,7.169229507446289,101800
2016-08-26,8.873998641967773,9.030598640441895,8.847899436950684,8.926198959350586,7.186038017272949,42291
2016-08-29,8.717398643493652,8.978399276733398,8.717398643493652,8.847899436950684,7.123002529144287,42421
2016-08-30,8.847899436950684,8.847899436950684,8.847899436950684,8.847899436950684,7.123002529144287,0
2016-08-31,8.790478706359863,8.90009880065918,8.612998962402344,8.62865924835205,6.946503162384033,91413
2016-09-01,8.612998962402344,8.64953899383545,8.513818740844727,8.539918899536133,6.875063896179199,34291
2016-09-02,8.586898803710938,8.738279342651367,8.539918899536133,8.607778549194336,6.929694175720215,65858
2016-09-05,8.654759407043457,8.665199279785156,8.539918899536133,8.55557918548584,6.887670993804932,88482
2016-09-06,8.612998962402344,8.612998962402344,8.503378868103027,8.534699440002441,6.870862007141113,42195
2016-09-07,8.581679344177246,8.654759407043457,8.519039154052734,8.560798645019531,6.891873836517334,85455
2016-09-08,8.55557918548584,8.64953899383545,8.534699440002441,8.586898803710938,6.912884712219238,67532
2016-09-09,8.597338676452637,8.597338676452637,8.508599281311035,8.524258613586426,6.86245584487915,28704
2016-09-12,8.524258613586426,8.524258613586426,8.524258613586426,8.524258613586426,6.86245584487915,0
2016-09-13,8.524258613586426,8.524258613586426,8.524258613586426,8.524258613586426,6.86245584487915,0
2016-09-14,8.524258613586426,8.524258613586426,8.524258613586426,8.524258613586426,6.86245584487915,0
2016-09-15,8.524258613586426,8.524258613586426,8.524258613586426,8.524258613586426,6.86245584487915,0
2016-09-16,8.539918899536133,8.597338676452637,8.346778869628906,8.367658615112305,6.736385345458984,154352
2016-09-19,8.419858932495117,8.419858932495117,8.294578552246094,8.341559410095215,6.71537446975708,55295
2016-09-20,8.341559410095215,8.362439155578613,8.179738998413086,8.299798965454102,6.681755065917969,49459
2016-09-21,8.258039474487305,8.37809944152832,8.247598648071289,8.247598648071289,6.6397318840026855,113785
2016-09-22,8.325899124145508,8.47205924987793,8.325899124145508,8.357218742370605,6.727980613708496,79689
2016-09-23,8.357218742370605,8.477278709411621,8.351999282836914,8.425079345703125,6.782612323760986,35712
2016-09-26,8.169299125671387,8.184959411621094,7.913518905639648,8.111879348754883,6.530470848083496,74291
2016-09-27,8.164078712463379,8.247598648071289,8.117098808288574,8.216279029846191,6.6145172119140625,34295
2016-09-28,8.211058616638184,8.55557918548584,8.205839157104492,8.372879028320312,6.740588665008545,97421
2016-09-29,8.40419864654541,8.425079345703125,8.278919219970703,8.299798965454102,6.681755065917969,46061
2016-09-30,8.273698806762695,8.299798965454102,8.169299125671387,8.289359092712402,6.673350811004639,40015
2016-10-03,8.294578552246094,8.409419059753418,8.231939315795898,8.362439155578613,6.73218297958374,69245
2016-10-04,8.37809944152832,8.456398963928223,8.336338996887207,8.357218742370605,6.727980613708496,93111
2016-10-05,8.351999282836914,8.435519218444824,8.273698806762695,8.367658615112305,6.736385345458984,100237
2016-10-06,8.40419864654541,8.837458610534668,8.40419864654541,8.691299438476562,6.996932506561279,459950
2016-10-07,8.743498802185059,8.847899436950684,8.539918899536133,8.586898803710938,6.912884712219238,159444
2016-10-10,8.586898803710938,8.962738990783691,8.586898803710938,8.858339309692383,7.131407737731934,226206
2016-10-11,8.936638832092285,9.187198638916016,8.795699119567871,9.05147933959961,7.286895275115967,200789
2016-10-12,9.140218734741211,9.161099433898926,8.623438835144043,8.858339309692383,7.131407737731934,76812
2016-10-13,8.800918579101562,8.800918579101562,8.566019058227539,8.576458930969238,6.904479503631592,73325
2016-10-14,8.612998962402344,8.811359405517578,8.586898803710938,8.680858612060547,6.988526821136475,51808
2016-10-17,8.63909912109375,8.686079025268555,8.607778549194336,8.644318580627441,6.959110736846924,25168
2016-10-18,8.64953899383545,8.727839469909668,8.64953899383545,8.686079025268555,6.992730617523193,103471
2016-10-19,8.686079025268555,8.790478706359863,8.680858612060547,8.743498802185059,7.0389556884765625,124107
2016-10-20,8.774819374084473,8.879219055175781,8.769598960876465,8.863558769226074,7.1356096267700195,120471
2016-10-21,8.873998641967773,8.894879341125488,8.743498802185059,8.748719215393066,7.043158531188965,126475
2016-10-24,8.785259246826172,8.858339309692383,8.785259246826172,8.847899436950684,7.123002529144287,111559
2016-10-25,8.847899436950684,9.255059242248535,8.795699119567871,9.082798957824707,7.312110424041748,354007
2016-10-26,9.082798957824707,9.213298797607422,8.999279022216797,9.05147933959961,7.286895275115967,93628
2016-10-27,9.0775785446167,9.0775785446167,8.847899436950684,8.88965892791748,7.156621932983398,59153
2016-10-28,8.894879341125488,8.894879341125488,8.738279342651367,8.769598960876465,7.059967994689941,41000
2016-10-31,8.769598960876465,8.842679023742676,8.586898803710938,8.63909912109375,6.95490837097168,124325
2016-11-01,8.665199279785156,8.696518898010254,8.231939315795898,8.351999282836914,6.723779201507568,100222
2016-11-02,8.341559410095215,8.618219375610352,8.263258934020996,8.529479026794434,6.866659641265869,82812
2016-11-03,8.539918899536133,8.701739311218262,8.498159408569336,8.691299438476562,6.996932506561279,103494
2016-11-04,8.64953899383545,8.64953899383545,8.46161937713623,8.498159408569336,6.841444492340088,42436
2016-11-07,8.769598960876465,9.432538986206055,8.769598960876465,9.359458923339844,7.534833908081055,2197433
2016-11-08,9.422099113464355,9.474299430847168,9.082798957824707,9.13499927520752,7.354133605957031,431229
2016-11-09,8.842679023742676,9.369898796081543,8.837458610534668,9.333358764648438,7.513822078704834,413605
2016-11-10,9.343798637390137,9.782279014587402,9.343798637390137,9.703978538513184,7.812190055847168,773724
2016-11-11,9.703978538513184,9.865798950195312,9.526498794555664,9.604799270629883,7.7323455810546875,402360
2016-11-14,9.656998634338379,9.735299110412598,9.166318893432617,9.260278701782227,7.454990386962891,315509
2016-11-15,9.328139305114746,9.39599895477295,9.13499927520752,9.223738670349121,7.425571918487549,152153
2016-11-16,9.223738670349121,9.260278701782227,8.988839149475098,9.067138671875,7.299501895904541,191509
2016-11-17,9.0566987991333,9.20807933807373,9.020158767700195,9.020158767700195,7.2616801261901855,148023
2016-11-18,9.020158767700195,9.187198638916016,8.941859245300293,9.161099433898926,7.375146389007568,205762
2016-11-21,9.187198638916016,9.197639465332031,9.093238830566406,9.098459243774414,7.324716567993164,141781
2016-11-22,9.082798957824707,9.265499114990234,9.0566987991333,9.176758766174316,7.387751579284668,129877
2016-11-23,9.187198638916016,9.197639465332031,9.004499435424805,9.061919212341309,7.295300006866455,110111
2016-11-24,9.030598640441895,9.119338989257812,8.821799278259277,8.821799278259277,7.101992130279541,130927
2016-11-25,8.795699119567871,8.873998641967773,8.743498802185059,8.753938674926758,7.047359943389893,76674
2016-11-28,8.858339309692383,8.98361873626709,8.80613899230957,8.827018737792969,7.1061930656433105,66827
2016-11-29,8.837458610534668,8.837458610534668,8.675639152526855,8.72261905670166,7.022146224975586,73674
2016-11-30,8.717398643493652,8.774819374084473,8.612998962402344,8.748719215393066,7.043158531188965,80628
2016-12-01,8.790478706359863,8.941859245300293,8.550358772277832,8.550358772277832,6.883468151092529,91413
2016-12-02,8.612998962402344,8.743498802185059,8.351999282836914,8.691299438476562,6.996932506561279,73980
2016-12-05,8.63909912109375,8.858339309692383,8.618219375610352,8.858339309692383,7.131407737731934,46459
2016-12-06,8.873998641967773,9.046258926391602,8.873998641967773,9.04103946685791,7.2784905433654785,80601
2016-12-07,9.082798957824707,9.108899116516113,8.915759086608887,9.025379180908203,7.265884876251221,52482
2016-12-08,9.004499435424805,9.082798957824707,8.858339309692383,8.926198959350586,7.186038017272949,78045
2016-12-09,8.931419372558594,8.952299118041992,8.832239151000977,8.88965892791748,7.156621932983398,46279
2016-12-12,8.863558769226074,8.926198959350586,8.769598960876465,8.926198959350586,7.186038017272949,51222
2016-12-13,8.952299118041992,9.0566987991333,8.926198959350586,8.936638832092285,7.194443225860596,40302
2016-12-14,8.994058609008789,8.994058609008789,8.858339309692383,8.88965892791748,7.156621932983398,30065
2016-12-15,8.847899436950684,9.035819053649902,8.832239151000977,9.035819053649902,7.274287223815918,57076
2016-12-16,9.05147933959961,9.265499114990234,9.046258926391602,9.15065860748291,7.366738796234131,157275
2016-12-19,9.166318893432617,9.197639465332031,9.072359085083008,9.181979179382324,7.3919548988342285,54379
2016-12-20,9.13499927520752,9.213298797607422,9.0775785446167,9.20807933807373,7.412966251373291,59911
2016-12-21,9.21851921081543,9.39599895477295,9.213298797607422,9.317699432373047,7.501215934753418,145789
2016-12-22,9.317699432373047,9.369898796081543,9.265499114990234,9.286378860473633,7.476002216339111,44478
2016-12-23,9.265499114990234,9.286378860473633,9.213298797607422,9.239398956298828,7.438179969787598,32873
2016-12-26,9.239398956298828,9.29159927368164,9.21851921081543,9.270718574523926,7.463394641876221,34256
2016-12-27,9.270718574523926,9.39599895477295,9.223738670349121,9.390778541564941,7.5600481033325195,38800
2016-12-28,9.401219367980957,9.829258918762207,9.317699432373047,9.672658920288086,7.786976337432861,280318
2016-12-29,9.824039459228516,9.876238822937012,9.683098793029785,9.71963882446289,7.824798583984375,154678
2016-12-30,9.818819046020508,9.865798950195312,9.709198951721191,9.745738983154297,7.845809459686279,97233
2017-01-02,9.735299110412598,10.168559074401855,9.656998634338379,10.043278694152832,8.085344314575195,293390
2017-01-03,10.058938980102539,10.100699424743652,9.860578536987305,10.017178535461426,8.0643310546875,192961
2017-01-04,10.04849910736084,10.544398307800293,9.96497917175293,10.439997673034668,8.404722213745117,605237
2017-01-05,10.439997673034668,10.518298149108887,10.116358757019043,10.309497833251953,8.299663543701172,216283
2017-01-06,10.424338340759277,10.76363754272461,10.100699424743652,10.5704984664917,8.509783744812012,341191
2017-01-09,10.685338020324707,11.08205795288086,10.466097831726074,10.888917922973633,8.766125679016113,431674
2017-01-10,10.951558113098145,11.092497825622559,10.75319766998291,10.83671760559082,8.724101066589355,381206
2017-01-11,10.961997985839844,11.718897819519043,10.847158432006836,11.661478042602539,9.388076782226562,463000
2017-01-12,11.666698455810547,12.31397819519043,11.353498458862305,12.115617752075195,9.753681182861328,515854
2017-01-13,12.235677719116211,12.371397972106934,11.656257629394531,11.750218391418457,9.459516525268555,264375
2017-01-16,11.833738327026367,12.120838165283203,11.431797981262207,12.105177879333496,9.74527645111084,265655
2017-01-17,12.110398292541504,12.392277717590332,11.974678039550781,12.084298133850098,9.728466987609863,277183
2017-01-18,12.235677719116211,12.235677719116211,12.005997657775879,12.005997657775879,9.66543197631836,143203
2017-01-19,12.105177879333496,12.105177879333496,11.280418395996094,11.353498458862305,9.140135765075684,394222
2017-01-20,11.431797981262207,11.656257629394531,10.716657638549805,10.961997985839844,8.824958801269531,470724
2017-01-23,11.003758430480957,11.797198295593262,10.99853801727295,11.468338012695312,9.232587814331055,347862
2017-01-24,11.48399829864502,11.64059829711914,11.108158111572266,11.40047836303711,9.177958488464355,284892
2017-01-25,11.4056978225708,11.478777885437012,10.961997985839844,11.014198303222656,8.866983413696289,185252
2017-01-26,11.217778205871582,11.222997665405273,10.97765827178955,11.16557788848877,8.988849639892578,153398
2017-01-27,11.139477729797363,11.301298141479492,10.935897827148438,10.961997985839844,8.824958801269531,140015
2017-01-30,10.98809814453125,11.353498458862305,10.98809814453125,11.275197982788086,9.077101707458496,150429
2017-01-31,11.306517601013184,11.588397979736328,11.196898460388184,11.33261775970459,9.123327255249023,317149
2017-02-01,11.343057632446289,11.562297821044922,11.196898460388184,11.442237854003906,9.211577415466309,78620
2017-02-02,11.494438171386719,11.797198295593262,11.442237854003906,11.791977882385254,9.493133544921875,211862
2017-02-03,11.875497817993164,12.000778198242188,11.390037536621094,11.525757789611816,9.278813362121582,213272
2017-02-06,11.541418075561523,11.692797660827637,11.269977569580078,11.269977569580078,9.072896957397461,138804
2017-02-07,11.431797981262207,12.000778198242188,11.379597663879395,12.000778198242188,9.661229133605957,291731
2017-02-08,11.896377563476562,12.07907772064209,11.74499797821045,12.07907772064209,9.724265098571777,254417
2017-02-09,12.13649845123291,12.256558418273926,12.094738006591797,12.209577560424805,9.829322814941406,207624
2017-02-10,12.261777877807617,12.340078353881836,12.07907772064209,12.261777877807617,9.871346473693848,233088
2017-02-13,13.937397956848145,14.707347869873047,13.663348197937012,14.707347869873047,11.840153694152832,2488632
2017-02-14,14.903098106384277,15.451197624206543,14.289748191833496,14.550747871398926,11.714082717895508,1658390
2017-02-15,14.863947868347168,14.98139762878418,14.015698432922363,14.198397636413574,11.430423736572266,784015
2017-02-16,14.315848350524902,14.994447708129883,14.093997955322266,14.942248344421387,12.02925968170166,1255988
2017-02-17,14.929198265075684,15.17714786529541,14.563797950744629,14.668197631835938,11.808635711669922,682272
2017-02-20,14.668197631835938,14.824797630310059,14.433298110961914,14.746498107910156,11.871672630310059,432992
2017-02-21,14.824797630310059,15.059698104858398,14.485498428344727,14.707347869873047,11.840153694152832,330544
2017-02-22,14.655147552490234,14.850897789001465,14.420248031616211,14.485498428344727,11.661554336547852,423352
2017-02-23,14.615998268127441,14.72039794921875,14.433298110961914,14.511597633361816,11.682564735412598,327712
2017-02-24,14.550747871398926,14.615998268127441,14.407197952270508,14.52464771270752,11.693070411682129,276237
2017-02-27,14.537697792053223,14.95529842376709,14.354997634887695,14.785648345947266,11.903189659118652,637946
2017-02-28,14.837847709655762,16.612648010253906,14.837847709655762,16.208097457885742,13.048332214355469,2589843
2017-03-01,16.390798568725586,16.469097137451172,15.764397621154785,15.93404769897461,12.827707290649414,691954
2017-03-02,15.947097778320312,16.181997299194336,15.803547859191895,15.973197937011719,12.85922622680664,415605
2017-03-03,16.02539825439453,16.02539825439453,15.607797622680664,15.881848335266113,12.785685539245605,357432
2017-03-06,15.881848335266113,17.330398559570312,15.86879825592041,17.01719856262207,13.699700355529785,1012302
2017-03-07,17.01719856262207,17.57834815979004,16.75619888305664,17.35649871826172,13.972851753234863,614417
2017-03-08,17.35649871826172,17.473947525024414,16.92584800720215,17.160747528076172,13.815263748168945,224505
2017-03-09,17.160747528076172,17.774097442626953,16.860597610473633,17.61749839782715,14.182971000671387,395865
2017-03-10,17.63054847717285,17.878498077392578,17.030248641967773,17.343448638916016,13.962347030639648,302321
2017-03-13,17.343448638916016,17.70884895324707,17.343448638916016,17.395647048950195,14.004368782043457,136318
2017-03-14,17.395647048950195,17.53919792175293,17.043298721313477,17.14769744873047,13.804756164550781,198425
2017-03-15,17.4086971282959,17.4217472076416,15.659997940063477,16.012348175048828,12.89074420928955,693076
2017-03-16,16.051498413085938,16.560447692871094,15.659997940063477,15.947097778320312,12.838214874267578,491088
2017-03-17,15.999298095703125,16.10369873046875,15.803547859191895,15.881848335266113,12.785685539245605,190965
2017-03-20,15.881848335266113,15.960147857666016,15.307647705078125,15.659997940063477,12.607085227966309,633555
2017-03-21,15.803547859191895,15.894898414611816,15.503397941589355,15.503397941589355,12.481014251708984,334938
2017-03-22,15.503397941589355,15.607797622680664,15.333747863769531,15.37289810180664,12.375954627990723,206176
2017-03-23,15.581698417663574,15.960147857666016,15.37289810180664,15.803547859191895,12.722649574279785,356505
2017-03-24,15.881848335266113,15.881848335266113,15.451197624206543,15.646947860717773,12.596579551696777,138685
2017-03-27,15.581698417663574,15.907947540283203,15.320697784423828,15.398998260498047,12.396967887878418,379984
2017-03-28,15.43814754486084,15.529498100280762,15.268498420715332,15.268498420715332,12.29190731048584,170195
2017-03-29,15.255448341369629,15.268498420715332,14.850897789001465,14.863947868347168,11.96622371673584,164655
2017-03-30,14.876997947692871,15.516448020935059,14.876997947692871,15.255448341369629,12.281401634216309,235816
2017-03-31,15.41204833984375,15.43814754486084,14.98139762878418,14.98139762878418,12.060776710510254,233858
2017-04-03,15.007497787475586,17.46089744567871,14.994447708129883,16.93889808654785,13.636662483215332,2970341
2017-04-04,17.225997924804688,17.395647048950195,15.960147857666016,15.973197937011719,12.85922622680664,1498574
2017-04-05,16.090648651123047,17.826297760009766,15.999298095703125,17.382598876953125,13.993865013122559,2774950
2017-04-06,17.447847366333008,17.66969871520996,16.964998245239258,17.069398880004883,13.741724014282227,1055988
2017-04-07,17.05634880065918,17.291248321533203,16.599597930908203,16.964998245239258,13.657676696777344,596969
2017-04-10,17.10854721069336,17.31734848022461,16.76924705505371,16.899747848510742,13.605146408081055,653398
2017-04-11,16.951948165893555,17.173797607421875,16.221147537231445,16.390798568725586,13.195415496826172,593685
2017-04-12,16.390798568725586,16.651798248291016,16.28639793395996,16.469097137451172,13.25844955444336,385931
2017-04-13,16.599597930908203,17.382598876953125,16.429948806762695,16.599597930908203,13.363510131835938,786061
2017-04-14,16.5865478515625,16.5865478515625,16.338598251342773,16.377748489379883,13.184908866882324,241126
2017-04-17,16.573497772216797,16.88669776916504,16.377748489379883,16.703998565673828,13.447558403015137,300750
2017-04-18,16.76924705505371,16.951948165893555,16.50824737548828,16.66484832763672,13.416040420532227,345536
2017-04-19,16.703998565673828,16.730098724365234,16.23419761657715,16.36469841003418,13.174403190612793,387203
2017-04-20,16.416898727416992,16.66484832763672,16.36469841003418,16.469097137451172,13.25844955444336,330919
2017-04-21,16.573497772216797,16.638748168945312,16.260297775268555,16.299448013305664,13.12187385559082,537712
2017-04-24,16.482147216796875,16.482147216796875,16.10369873046875,16.142847061157227,12.995802879333496,478042
2017-04-25,16.181997299194336,16.71704864501953,16.051498413085938,16.599597930908203,13.363510131835938,697716
2017-04-26,16.599597930908203,16.873647689819336,16.299448013305664,16.351648330688477,13.163898468017578,292827
2017-04-27,16.377748489379883,16.71704864501953,16.273347854614258,16.40384864807129,13.20592212677002,356559
2017-04-28,16.338598251342773,16.521297454833984,16.338598251342773,16.482147216796875,13.268956184387207,147628
2017-05-01,16.482147216796875,16.482147216796875,16.482147216796875,16.482147216796875,13.268956184387207,0
2017-05-02,16.795347213745117,16.97804832458496,16.495197296142578,16.703998565673828,13.447558403015137,520632
2017-05-03,16.743148803710938,16.821447372436523,16.4429988861084,16.45604705810547,13.247945785522461,307758
2017-05-04,16.482147216796875,16.782297134399414,16.36469841003418,16.429948806762695,13.226933479309082,422547
2017-05-05,16.390798568725586,16.5865478515625,16.299448013305664,16.40384864807129,13.20592212677002,222796
2017-05-08,18.41354751586914,18.831148147583008,17.917648315429688,18.504898071289062,14.897371292114258,2046919
2017-05-09,18.53099822998047,18.870298385620117,18.26999855041504,18.58319854736328,14.960408210754395,620034
2017-05-10,18.570148468017578,19.588048934936523,18.45269775390625,19.57499885559082,15.758857727050781,756685
2017-05-11,19.744647979736328,21.258447647094727,19.157398223876953,20.227497100830078,16.284151077270508,1162452
2017-05-12,20.331897735595703,20.93219757080078,19.83599853515625,20.305797576904297,16.347187042236328,639218
2017-05-15,20.35799789428711,21.401996612548828,20.227497100830078,20.97134780883789,16.88298797607422,687616
2017-05-16,21.114896774291992,21.219297409057617,20.227497100830078,20.227497100830078,16.284151077270508,577226
2017-05-17,20.292747497558594,20.645097732543945,19.83599853515625,20.384098052978516,16.410221099853516,326685
2017-05-18,20.436296463012695,20.553747177124023,19.862098693847656,19.901248931884766,16.021503448486328,220260
2017-05-19,19.901248931884766,19.901248931884766,19.901248931884766,19.901248931884766,16.021503448486328,0
2017-05-22,19.770748138427734,19.770748138427734,19.44449806213379,19.601097106933594,16.257766723632812,162501
2017-05-23,19.66634750366211,20.919147491455078,19.44449806213379,20.61899757385254,17.10204315185547,495858
2017-05-24,20.645097732543945,20.788646697998047,20.09699821472168,20.09699821472168,16.66908073425293,196804
2017-05-25,20.227497100830078,20.50154685974121,19.940397262573242,20.01869773864746,16.604137420654297,293295
2017-05-26,20.01869773864746,20.214448928833008,19.588048934936523,19.653297424316406,16.301061630249023,235724
2017-05-29,19.70549774169922,19.731597900390625,19.340097427368164,19.340097427368164,16.041282653808594,239252
2017-05-30,19.457548141479492,19.83599853515625,19.092147827148438,19.300947189331055,16.008811950683594,233444
2017-05-31,19.32704734802246,19.522798538208008,19.18349838256836,19.313997268676758,16.019634246826172,180938
2017-06-01,19.392297744750977,19.392297744750977,18.935548782348633,19.079097747802734,15.824803352355957,140383
2017-06-02,19.27484893798828,19.653297424316406,19.079097747802734,19.548898696899414,16.214468002319336,183360
2017-06-05,19.614147186279297,19.83599853515625,19.18349838256836,19.27484893798828,15.987163543701172,158490
2017-06-06,19.44449806213379,19.44449806213379,19.092147827148438,19.10519790649414,15.846451759338379,80229
2017-06-07,19.14434814453125,19.418397903442383,18.857248306274414,18.857248306274414,15.640792846679688,133747
2017-06-08,18.88334846496582,19.052997589111328,18.778947830200195,18.7919979095459,15.586670875549316,75555
2017-06-09,18.831148147583008,19.118247985839844,18.831148147583008,19.039947509765625,15.792329788208008,125885
2017-06-12,19.157398223876953,19.157398223876953,18.687597274780273,18.687597274780273,15.500080108642578,205954
2017-06-13,18.778947830200195,18.818098068237305,18.465747833251953,18.517948150634766,15.359368324279785,88486
2017-06-14,18.648448944091797,19.57499885559082,18.53099822998047,19.235698699951172,15.954692840576172,407689
2017-06-15,19.235698699951172,19.44449806213379,18.648448944091797,18.648448944091797,15.467608451843262,198256
2017-06-16,18.700647354125977,18.7919979095459,18.400497436523438,18.596248626708984,15.424312591552734,107590
2017-06-19,18.765897750854492,18.987747192382812,18.62234878540039,18.67454719543457,15.489255905151367,176279
2017-06-20,18.75284767150879,18.831148147583008,18.37439727783203,18.465747833251953,15.316070556640625,125367
2017-06-21,18.504898071289062,18.635398864746094,18.426597595214844,18.596248626708984,15.424312591552734,85091
2017-06-22,18.661497116088867,18.726747512817383,18.478797912597656,18.504898071289062,15.348543167114258,78459
2017-06-23,18.504898071289062,18.8050479888916,18.439647674560547,18.439647674560547,15.294422149658203,183727
2017-06-26,18.439647674560547,18.439647674560547,18.439647674560547,18.439647674560547,15.294422149658203,0
2017-06-27,18.439647674560547,18.439647674560547,18.439647674560547,18.439647674560547,15.294422149658203,0
2017-06-28,18.465747833251953,18.53099822998047,18.283048629760742,18.361347198486328,15.229477882385254,68850
2017-06-29,18.387447357177734,18.387447357177734,17.486997604370117,17.552248001098633,14.558385848999023,380842
2017-06-30,17.643598556518555,17.643598556518555,17.082447052001953,17.252098083496094,14.309432029724121,223643
2017-07-03,17.225997924804688,17.473947525024414,17.095497131347656,17.291248321533203,14.34190559387207,80954
2017-07-04,17.35649871826172,17.46089744567871,17.173797607421875,17.19989776611328,14.266135215759277,157735
2017-07-05,17.212947845458984,17.252098083496094,16.76924705505371,16.782297134399414,13.919764518737793,245256
2017-07-06,16.821447372436523,18.178647994995117,16.75619888305664,17.70884895324707,14.688275337219238,812770
2017-07-07,17.774097442626953,17.787147521972656,17.095497131347656,17.160747528076172,14.233663558959961,215275
2017-07-10,17.225997924804688,17.995948791503906,17.186847686767578,17.80019760131836,14.764042854309082,289850
2017-07-11,17.826297760009766,18.178647994995117,17.682748794555664,17.682748794555664,14.6666259765625,238869
2017-07-12,17.878498077392578,17.982898712158203,17.53919792175293,17.61749839782715,14.612506866455078,174030
2017-07-13,17.826297760009766,18.948598861694336,17.591398239135742,18.739797592163086,15.543375968933105,743318
2017-07-14,18.896398544311523,19.052997589111328,18.256948471069336,18.544048309326172,15.381014823913574,244647
2017-07-17,18.570148468017578,18.648448944091797,18.217798233032227,18.37439727783203,15.240303039550781,256505
2017-07-18,18.478797912597656,18.478797912597656,18.087297439575195,18.1133975982666,15.023820877075195,150743
2017-07-19,18.178647994995117,18.504898071289062,18.1133975982666,18.335248947143555,15.207832336425781,219992
2017-07-20,18.400497436523438,18.857248306274414,18.400497436523438,18.58319854736328,15.413488388061523,240329
2017-07-21,18.596248626708984,18.818098068237305,18.58319854736328,18.687597274780273,15.500080108642578,185291
2017-07-24,19.000797271728516,19.000797271728516,18.596248626708984,18.818098068237305,15.608321189880371,106459
2017-07-25,18.818098068237305,18.896398544311523,18.58319854736328,18.778947830200195,15.575849533081055,119559
2017-07-26,18.8050479888916,18.857248306274414,18.49184799194336,18.596248626708984,15.424312591552734,185639
2017-07-27,18.765897750854492,18.765897750854492,18.53099822998047,18.609298706054688,15.435134887695312,136655
2017-07-28,18.58319854736328,18.648448944091797,18.504898071289062,18.53099822998047,15.370190620422363,99931
2017-07-31,18.661497116088867,19.052997589111328,18.596248626708984,18.948598861694336,15.716562271118164,328915
2017-08-01,19.457548141479492,19.679397583007812,18.935548782348633,19.026897430419922,15.781506538391113,910777
2017-08-02,19.118247985839844,20.384098052978516,18.987747192382812,20.344947814941406,16.874738693237305,1210666
2017-08-03,20.4623966217041,20.61899757385254,19.914297103881836,19.940397262573242,16.5391902923584,424256
2017-08-04,20.01869773864746,20.162248611450195,19.731597900390625,19.783798217773438,16.409303665161133,322390
2017-08-07,19.849048614501953,20.044797897338867,19.640247344970703,19.87514877319336,16.48507308959961,330616
2017-08-08,19.653297424316406,20.044797897338867,19.653297424316406,19.809898376464844,16.430952072143555,258770
2017-08-09,19.783798217773438,19.953447341918945,19.36619758605957,19.379247665405273,16.073755264282227,648544
2017-08-10,19.379247665405273,19.66634750366211,19.000797271728516,19.157398223876953,15.88974666595459,581777
2017-08-11,19.235698699951172,19.235698699951172,18.45269775390625,18.687597274780273,15.500080108642578,367475
2017-08-14,18.7919979095459,19.000797271728516,18.778947830200195,18.88334846496582,15.66244125366211,197888
2017-08-15,18.948598861694336,18.96164894104004,17.9698486328125,18.00899887084961,14.937230110168457,392858
2017-08-16,18.217798233032227,18.217798233032227,17.01719856262207,17.604448318481445,14.601682662963867,347007
2017-08-17,17.747997283935547,18.426597595214844,17.61749839782715,18.335248947143555,15.207832336425781,492846
2017-08-18,18.217798233032227,18.935548782348633,17.995948791503906,18.58319854736328,15.413488388061523,286455
2017-08-21,18.661497116088867,18.8050479888916,18.387447357177734,18.635398864746094,15.456785202026367,111682
2017-08-22,18.765897750854492,18.765897750854492,18.400497436523438,18.426597595214844,15.283599853515625,105130
2017-08-23,18.41354751586914,18.75284767150879,18.400497436523438,18.62234878540039,15.445961952209473,187536
2017-08-24,18.661497116088867,18.778947830200195,18.217798233032227,18.217798233032227,15.110414505004883,278088
2017-08-25,18.19169807434082,18.387447357177734,18.035097122192383,18.217798233032227,15.110414505004883,73260
2017-08-28,18.217798233032227,18.26999855041504,17.76104736328125,17.826297760009766,14.785691261291504,85478
2017-08-29,17.747997283935547,17.878498077392578,17.63054847717285,17.72189712524414,14.6990966796875,71022
2017-08-30,17.72189712524414,17.72189712524414,17.72189712524414,17.72189712524414,14.6990966796875,0
2017-08-31,17.826297760009766,17.956798553466797,17.72189712524414,17.852397918701172,14.80733871459961,17490
2017-09-01,17.852397918701172,17.852397918701172,17.852397918701172,17.852397918701172,14.80733871459961,0
2017-09-04,17.852397918701172,17.852397918701172,17.852397918701172,17.852397918701172,14.80733871459961,0
2017-09-05,17.852397918701172,17.917648315429688,17.434797286987305,17.486997604370117,14.504265785217285,74310
2017-09-06,17.643598556518555,17.695798873901367,17.35649871826172,17.53919792175293,14.547562599182129,50344
2017-09-07,17.643598556518555,18.32219886779785,17.61749839782715,17.956798553466797,14.893932342529297,183800
2017-09-08,18.139497756958008,18.139497756958008,17.878498077392578,17.878498077392578,14.828987121582031,104214
2017-09-11,17.878498077392578,18.022048950195312,17.852397918701172,17.943748474121094,14.883108139038086,115003
2017-09-12,18.00899887084961,18.348297119140625,17.904598236083984,18.06119728088379,14.980525016784668,127371
2017-09-13,18.243898391723633,18.67454719543457,18.1003475189209,18.23084831237793,15.121237754821777,261360
2017-09-14,18.165597915649414,18.204748153686523,17.878498077392578,17.904598236083984,14.850635528564453,126954
2017-09-15,17.904598236083984,18.58319854736328,17.878498077392578,18.26999855041504,15.15371036529541,294835
2017-09-18,18.426597595214844,18.765897750854492,18.126447677612305,18.165597915649414,15.067118644714355,529980
2017-09-19,18.139497756958008,18.139497756958008,17.604448318481445,17.61749839782715,14.612506866455078,131325
2017-09-20,17.61749839782715,17.747997283935547,17.369548797607422,17.486997604370117,14.504265785217285,74586
2017-09-21,17.486997604370117,17.591398239135742,17.01719856262207,17.030248641967773,14.125423431396484,117394
2017-09-22,17.043298721313477,17.382598876953125,17.043298721313477,17.225997924804688,14.2877836227417,114704
2017-09-25,16.97804832458496,17.225997924804688,16.36469841003418,16.651798248291016,13.811525344848633,130900
2017-09-26,16.66484832763672,17.434797286987305,16.66484832763672,17.4086971282959,14.439319610595703,134478
2017-09-27,17.434797286987305,17.72189712524414,17.004148483276367,17.030248641967773,14.125423431396484,295076
2017-09-28,17.160747528076172,18.243898391723633,17.030248641967773,18.048147201538086,14.969700813293457,245494
2017-09-29,18.022048950195312,18.596248626708984,17.956798553466797,18.37439727783203,15.240303039550781,172409
2017-10-02,18.45269775390625,18.71369743347168,18.32219886779785,18.465747833251953,15.316070556640625,42858
2017-10-03,18.58319854736328,18.778947830200195,18.165597915649414,18.283048629760742,15.164533615112305,136954
2017-10-04,18.348297119140625,18.71369743347168,18.348297119140625,18.635398864746094,15.456785202026367,208459
2017-10-05,18.75284767150879,19.026897430419922,18.648448944091797,18.778947830200195,15.575849533081055,358080
2017-10-06,18.831148147583008,19.10519790649414,18.687597274780273,18.96164894104004,15.727385520935059,249777
2017-10-09,17.343448638916016,18.296098709106445,17.343448638916016,18.165597915649414,15.067118644714355,131662
2017-10-10,18.26999855041504,18.84419822692871,18.26999855041504,18.635398864746094,15.456785202026367,268501
2017-10-11,18.635398864746094,19.157398223876953,18.335248947143555,18.335248947143555,15.207832336425781,360988
2017-10-12,18.53099822998047,19.06604766845703,18.53099822998047,19.052997589111328,15.803154945373535,246842
2017-10-13,19.22264862060547,19.561948776245117,19.052997589111328,19.196548461914062,15.922222137451172,294854
2017-10-16,19.340097427368164,19.822948455810547,19.28789710998535,19.783798217773438,16.409303665161133,220019
2017-10-17,19.862098693847656,20.09699821472168,19.4836483001709,19.4836483001709,16.16034698486328,152122
2017-10-18,19.53584861755371,19.70549774169922,19.196548461914062,19.196548461914062,15.922222137451172,94808
2017-10-19,19.353147506713867,19.679397583007812,19.28789710998535,19.44449806213379,16.12787628173828,86521
2017-10-20,19.57499885559082,19.96649742126465,19.522798538208008,19.75769805908203,16.387657165527344,130965
2017-10-23,19.75769805908203,19.87514877319336,19.40534782409668,19.588048934936523,16.24694061279297,117528
2017-10-24,19.653297424316406,19.718547821044922,19.209598541259766,19.209598541259766,15.933042526245117,80314
2017-10-25,19.261798858642578,19.509748458862305,19.18349838256836,19.44449806213379,16.12787628173828,112812
2017-10-26,19.44449806213379,19.901248931884766,19.36619758605957,19.614147186279297,16.268590927124023,120237
2017-10-27,19.614147186279297,19.79684829711914,19.522798538208008,19.731597900390625,16.36600685119629,107498
2017-10-30,19.940397262573242,20.227497100830078,19.783798217773438,20.09699821472168,16.66908073425293,213793
2017-10-31,20.09699821472168,20.149198532104492,19.770748138427734,19.79684829711914,16.420127868652344,134754
2017-11-01,19.83599853515625,19.97954750061035,19.627197265625,19.83599853515625,16.452598571777344,129984
2017-11-02,19.849048614501953,20.227497100830078,19.744647979736328,20.083948135375977,16.65825843811035,138283
2017-11-03,20.09699821472168,20.54069709777832,19.66634750366211,19.770748138427734,16.398479461669922,314647
2017-11-06,20.997446060180664,23.09849739074707,20.61899757385254,21.57164764404297,17.892200469970703,2199678
2017-11-07,21.610797882080078,21.910947799682617,21.1409969329834,21.27149772644043,17.643247604370117,466023
2017-11-08,21.375896453857422,21.584697723388672,21.075746536254883,21.1409969329834,17.535009384155273,238295
2017-11-09,21.349796295166016,22.22414779663086,21.206247329711914,21.610797882080078,17.924673080444336,510996
2017-11-10,21.662996292114258,21.8456974029541,21.19319725036621,21.388946533203125,17.740663528442383,161206
2017-11-13,21.480297088623047,22.31549644470215,21.297597885131836,22.250246047973633,18.455053329467773,384371
2017-11-14,22.32854652404785,22.576496124267578,21.858747482299805,21.92399787902832,18.1844539642334,294042
2017-11-15,21.989246368408203,22.067546844482422,21.1540470123291,21.219297409057617,17.599950790405273,128440
2017-11-16,21.27149772644043,21.610797882080078,21.010496139526367,21.010496139526367,17.42676544189453,131540
2017-11-17,21.088796615600586,21.19319725036621,20.044797897338867,20.423246383666992,16.939680099487305,192245
2017-11-20,20.331897735595703,20.61899757385254,19.431447982788086,19.53584861755371,16.203645706176758,241754
2017-11-21,19.300947189331055,19.940397262573242,19.039947509765625,19.888198852539062,16.495895385742188,158306
2017-11-22,20.044797897338867,20.110048294067383,19.588048934936523,20.083948135375977,16.65825843811035,94766
2017-11-23,20.09699821472168,20.39714813232422,19.731597900390625,20.01869773864746,16.604137420654297,108559
2017-11-24,19.83599853515625,20.35799789428711,19.75769805908203,19.96649742126465,16.56083869934082,106528
2017-11-27,19.96649742126465,20.27969741821289,19.83599853515625,19.888198852539062,16.495895385742188,58762
2017-11-28,19.83599853515625,20.1883487701416,18.92249870300293,19.300947189331055,16.008811950683594,140356
2017-11-29,19.052997589111328,19.418397903442383,18.97469711303711,19.340097427368164,16.041282653808594,82720
2017-11-30,19.379247665405273,19.679397583007812,19.379247665405273,19.627197265625,16.279415130615234,59406
2017-12-01,19.640247344970703,19.640247344970703,19.261798858642578,19.457548141479492,16.138702392578125,64195
2017-12-04,19.601097106933594,20.201398849487305,19.379247665405273,20.05784797668457,16.63661003112793,173463
2017-12-05,20.331897735595703,20.41019630432129,19.731597900390625,19.87514877319336,16.48507308959961,91130
2017-12-06,19.96649742126465,20.1752986907959,19.653297424316406,19.822948455810547,16.441776275634766,114720
2017-12-07,19.901248931884766,20.227497100830078,19.83599853515625,20.1883487701416,16.74485206604004,62727
2017-12-08,20.227497100830078,20.958297729492188,20.1883487701416,20.945247650146484,17.372644424438477,410574
2017-12-11,21.19319725036621,21.36284637451172,20.266647338867188,20.54069709777832,17.037099838256836,385080
2017-12-12,20.61899757385254,20.61899757385254,20.292747497558594,20.436296463012695,16.95050811767578,55298
2017-12-13,20.514596939086914,20.958297729492188,20.488496780395508,20.775596618652344,17.231931686401367,141417
2017-12-14,20.893047332763672,21.428096771240234,20.893047332763672,21.284547805786133,17.654069900512695,189440
2017-12-15,21.284547805786133,21.62384605407715,21.10184669494629,21.584697723388672,17.903026580810547,113854
2017-12-18,21.610797882080078,21.819597244262695,21.075746536254883,21.1409969329834,17.535009384155273,122835
2017-12-19,21.27149772644043,21.45419692993164,20.749496459960938,20.80169677734375,17.253582000732422,131302
2017-12-20,20.84084701538086,20.87999725341797,20.35799789428711,20.76254653930664,17.22110939025879,129942
2017-12-21,20.87999725341797,21.32369613647461,20.775596618652344,20.775596618652344,17.231931686401367,234168
2017-12-22,20.87999725341797,21.245397567749023,20.76254653930664,20.893047332763672,17.329349517822266,58632
2017-12-25,21.010496139526367,21.19319725036621,20.893047332763672,21.010496139526367,17.42676544189453,49919
2017-12-26,21.088796615600586,21.79349708557129,21.06269645690918,21.79349708557129,18.07621192932129,313367
2017-12-27,21.858747482299805,22.380746841430664,21.480297088623047,21.819597244262695,18.09786033630371,230662
2017-12-28,22.01534652709961,22.01534652709961,21.545547485351562,21.871797561645508,18.141155242919922,79685
2017-12-29,21.92399787902832,21.9761962890625,21.67604637145996,21.741296768188477,18.032913208007812,56467
2018-01-01,21.741296768188477,21.741296768188477,21.741296768188477,21.741296768188477,18.032913208007812,0
2018-01-02,21.79349708557129,22.31549644470215,21.767396926879883,22.211097717285156,18.422582626342773,139682
2018-01-03,22.263296127319336,23.294246673583984,22.18499755859375,23.189847946166992,19.23438835144043,309888
2018-01-04,23.189847946166992,24.259946823120117,23.150697708129883,23.829296112060547,19.764766693115234,290467
2018-01-05,23.985897064208984,24.14249610900879,23.62049674987793,23.88149642944336,19.80806541442871,104007
2018-01-08,24.01199722290039,24.064197540283203,23.54219627380371,23.646596908569336,19.613229751586914,90145
2018-01-09,23.58134651184082,24.520946502685547,23.48999786376953,24.103347778320312,19.9920711517334,254432
2018-01-10,24.103347778320312,24.638397216796875,23.555246353149414,24.01199722290039,19.916303634643555,160134
2018-01-11,24.1946964263916,24.40349769592285,23.724897384643555,24.220796585083008,20.08949089050293,135574
2018-01-12,24.1946964263916,24.416547775268555,23.79014778137207,23.829296112060547,19.764766693115234,139478
2018-01-15,23.737947463989258,23.777097702026367,22.981046676635742,23.046297073364258,19.11532211303711,104911
2018-01-16,22.811397552490234,23.39864730834961,22.119747161865234,23.307296752929688,19.33180046081543,227302
2018-01-17,23.333396911621094,23.594396591186523,23.02019691467285,23.242046356201172,19.277681350708008,84601
2018-01-18,23.3594970703125,24.429597854614258,23.3594970703125,24.27299690246582,20.13278579711914,243659
2018-01-19,24.27299690246582,24.481796264648438,23.75099754333496,23.933696746826172,19.851360321044922,127770
2018-01-22,23.88149642944336,24.468746185302734,23.764047622680664,24.27299690246582,20.13278579711914,105704
2018-01-23,24.246896743774414,24.586196899414062,24.168596267700195,24.168596267700195,20.046192169189453,99160
2018-01-24,24.14249610900879,25.055997848510742,24.064197540283203,24.860246658325195,20.619869232177734,172616
2018-01-25,24.8863468170166,25.630197525024414,24.860246658325195,25.082096099853516,20.803874969482422,308260
2018-01-26,25.22564697265625,25.40834617614746,24.899396896362305,25.40834617614746,21.074480056762695,322873
2018-01-29,25.499696731567383,27.639896392822266,25.499696731567383,27.143997192382812,22.514083862304688,333306
2018-01-30,27.404996871948242,27.509397506713867,25.682397842407227,26.086946487426758,21.637332916259766,354302
2018-01-31,26.36099624633789,26.36099624633789,25.212596893310547,25.52579689025879,21.17189598083496,444229
2018-02-01,25.512746810913086,26.334896087646484,25.35614776611328,25.825946807861328,21.42085075378418,169114
2018-02-02,25.799846649169922,25.91729736328125,25.395296096801758,25.760696411132812,21.366731643676758,334325
2018-02-05,25.630197525024414,25.904247283935547,25.316997528076172,25.5649471282959,21.204370498657227,90524
2018-02-06,24.821096420288086,25.316997528076172,24.377397537231445,25.016847610473633,20.749755859375,647869
2018-02-07,25.290897369384766,25.316997528076172,24.755847930908203,24.899396896362305,20.652341842651367,152773
2018-02-08,24.899396896362305,24.92549705505371,24.103347778320312,24.325197219848633,20.17608070373535,163057
2018-02-09,23.998947143554688,25.48664665222168,23.724897384643555,25.48664665222168,21.13942527770996,583203
2018-02-12,25.48664665222168,26.778596878051758,25.22564697265625,26.152196884155273,21.69145393371582,402766
2018-02-13,24.49484634399414,25.055997848510742,22.915796279907227,23.13764762878418,19.191091537475586,1178705
2018-02-14,23.3594970703125,23.633546829223633,22.302446365356445,22.36769676208496,18.552467346191406,771555
2018-02-15,22.472097396850586,22.915796279907227,22.302446365356445,22.680896759033203,18.81224822998047,235099
2018-02-16,22.772247314453125,23.033246994018555,22.211097717285156,22.302446365356445,18.49834632873535,178873
2018-02-19,22.380746841430664,22.472097396850586,21.610797882080078,21.767396926879883,18.0545597076416,220747
2018-02-20,21.79349708557129,22.289396286010742,20.906097412109375,21.06269645690918,17.470062255859375,339636
2018-02-21,21.310646057128906,22.119747161865234,21.310646057128906,21.767396926879883,18.0545597076416,121961
2018-02-22,21.75434684753418,21.75434684753418,21.088796615600586,21.206247329711914,17.589128494262695,134459
2018-02-23,21.27149772644043,21.480297088623047,21.06269645690918,21.206247329711914,17.589128494262695,448455
2018-02-26,21.32369613647461,21.75434684753418,21.32369613647461,21.49334716796875,17.827259063720703,92885
2018-02-27,21.545547485351562,21.71519660949707,21.06269645690918,21.06269645690918,17.470062255859375,169183
2018-02-28,21.06269645690918,21.375896453857422,20.93219757080078,21.206247329711914,17.589128494262695,84708
2018-03-01,21.19319725036621,21.349796295166016,20.97134780883789,20.97134780883789,17.39429473876953,96701
2018-03-02,21.088796615600586,21.088796615600586,20.384098052978516,20.61899757385254,17.10204315185547,205796
2018-03-05,20.67119789123535,21.19319725036621,20.27969741821289,20.697296142578125,17.16698455810547,353118
2018-03-06,20.87999725341797,21.27149772644043,20.749496459960938,20.93219757080078,17.3618221282959,162777
2018-03-07,20.788646697998047,21.010496139526367,20.67119789123535,20.814746856689453,17.264408111572266,344839
2018-03-08,20.93219757080078,21.114896774291992,20.72339630126953,20.72339630126953,17.188636779785156,150647
2018-03-09,20.87999725341797,20.984397888183594,20.749496459960938,20.87999725341797,17.318523406982422,81628
2018-03-12,20.866947174072266,21.27149772644043,20.814746856689453,21.075746536254883,17.480886459350586,362084
2018-03-13,21.1409969329834,21.75434684753418,21.036596298217773,21.610797882080078,17.924673080444336,270183
2018-03-14,21.75434684753418,21.963146209716797,21.088796615600586,21.10184669494629,17.502532958984375,220938
2018-03-15,21.1409969329834,21.27149772644043,20.97134780883789,20.984397888183594,17.40511703491211,90030
2018-03-16,21.10184669494629,21.10184669494629,20.605947494506836,20.67119789123535,17.14533805847168,186839
2018-03-19,20.684246063232422,20.749496459960938,20.305797576904297,20.436296463012695,16.95050811767578,392551
2018-03-20,20.54069709777832,20.61899757385254,20.305797576904297,20.371047973632812,16.896387100219727,93191
2018-03-21,20.423246383666992,20.984397888183594,20.31884765625,20.906097412109375,17.34017562866211,213425
2018-03-22,21.010496139526367,21.1409969329834,20.853897094726562,20.87999725341797,17.318523406982422,342000
2018-03-23,20.592897415161133,20.87999725341797,20.488496780395508,20.814746856689453,17.264408111572266,57440
2018-03-26,20.775596618652344,21.036596298217773,20.775596618652344,20.906097412109375,17.34017562866211,93084
2018-03-27,20.945247650146484,21.871797561645508,20.87999725341797,20.958297729492188,17.38347053527832,643168
2018-03-28,21.088796615600586,21.388946533203125,20.76254653930664,20.76254653930664,17.22110939025879,124226
2018-03-29,20.853897094726562,21.127946853637695,20.749496459960938,20.945247650146484,17.372644424438477,238547
2018-03-30,21.1409969329834,21.27149772644043,20.997446060180664,21.02354621887207,17.437589645385742,52122
2018-04-02,21.075746536254883,21.32369613647461,21.02354621887207,21.036596298217773,17.448413848876953,33942
2018-04-03,21.075746536254883,21.45419692993164,21.06269645690918,21.336746215820312,17.697368621826172,88750
2018-04-04,21.401996612548828,21.480297088623047,21.1540470123291,21.19319725036621,17.57830047607422,105547
2018-04-05,21.19319725036621,21.310646057128906,20.87999725341797,20.87999725341797,17.318523406982422,93570
2018-04-06,20.97134780883789,20.97134780883789,20.788646697998047,20.84084701538086,17.286052703857422,46961
2018-04-09,20.814746856689453,20.906097412109375,20.123098373413086,20.266647338867188,16.80979347229004,123919
2018-04-10,20.292747497558594,20.35799789428711,19.53584861755371,19.822948455810547,16.441776275634766,141662
2018-04-11,19.718547821044922,19.97954750061035,18.765897750854492,18.987747192382812,15.74903392791748,210256
2018-04-12,19.118247985839844,19.87514877319336,18.870298385620117,19.770748138427734,16.398479461669922,118360
2018-04-13,20.214448928833008,20.227497100830078,19.470598220825195,19.4966983795166,16.171175003051758,78858
2018-04-16,19.862098693847656,20.13614845275879,19.692447662353516,19.97954750061035,16.57166290283203,28800
2018-04-17,20.149198532104492,20.39714813232422,19.079097747802734,19.079097747802734,15.824803352355957,145076
2018-04-18,19.27484893798828,19.561948776245117,18.26999855041504,19.340097427368164,16.041282653808594,201705
2018-04-19,19.157398223876953,19.561948776245117,19.157398223876953,19.457548141479492,16.138702392578125,146547
2018-04-20,19.588048934936523,19.731597900390625,19.313997268676758,19.340097427368164,16.041282653808594,77911
2018-04-23,19.340097427368164,19.340097427368164,19.340097427368164,19.340097427368164,16.041282653808594,0
2018-04-24,19.313997268676758,19.457548141479492,19.10519790649414,19.235698699951172,15.954692840576172,66789
2018-04-25,19.313997268676758,19.418397903442383,19.10519790649414,19.40534782409668,16.09540557861328,123398
2018-04-26,19.561948776245117,19.614147186279297,19.196548461914062,19.248748779296875,15.965517044067383,94084
2018-04-27,19.340097427368164,19.640247344970703,19.235698699951172,19.470598220825195,16.14952278137207,72651
2018-04-30,19.57499885559082,20.292747497558594,19.44449806213379,19.470598220825195,16.14952278137207,153804
2018-05-01,19.470598220825195,19.470598220825195,19.470598220825195,19.470598220825195,16.14952278137207,0
2018-05-02,19.522798538208008,19.83599853515625,19.170448303222656,19.32704734802246,16.030460357666016,86636
2018-05-03,19.44449806213379,19.522798538208008,19.06604766845703,19.118247985839844,15.85727596282959,63325
2018-05-04,19.10519790649414,19.28789710998535,18.661497116088867,19.131298065185547,15.868098258972168,89413
2018-05-07,19.235698699951172,19.83599853515625,18.92249870300293,19.300947189331055,16.008811950683594,43785
2018-05-08,19.209598541259766,19.379247665405273,18.58319854736328,18.58319854736328,15.413488388061523,56567
2018-05-09,18.348297119140625,19.026897430419922,17.734947204589844,18.648448944091797,15.467608451843262,111919
2018-05-10,20.123098373413086,20.423246383666992,19.431447982788086,19.770748138427734,16.398479461669922,456666
2018-05-11,19.862098693847656,20.149198532104492,19.379247665405273,19.4966983795166,16.171175003051758,207348
2018-05-14,19.44449806213379,19.809898376464844,19.052997589111328,19.44449806213379,16.12787628173828,122865
2018-05-15,19.313997268676758,19.313997268676758,18.726747512817383,18.778947830200195,15.575849533081055,149486
2018-05-16,18.896398544311523,18.896398544311523,18.387447357177734,18.49184799194336,15.337719917297363,139195
2018-05-17,18.544048309326172,19.170448303222656,18.478797912597656,19.170448303222656,15.900571823120117,140034
2018-05-18,19.170448303222656,19.22264862060547,18.635398864746094,18.831148147583008,15.619146347045898,73762
2018-05-21,18.1003475189209,18.126447677612305,17.93069839477539,18.1133975982666,15.777892112731934,132854
2018-05-22,18.165597915649414,18.570148468017578,18.165597915649414,18.32219886779785,15.959773063659668,135578
2018-05-23,18.243898391723633,18.26999855041504,17.956798553466797,18.035097122192383,15.709689140319824,180701
2018-05-24,18.1003475189209,18.178647994995117,17.212947845458984,17.304298400878906,15.073118209838867,154214
2018-05-25,17.369548797607422,17.473947525024414,16.951948165893555,17.265148162841797,15.039016723632812,137348
2018-05-28,17.447847366333008,17.734947204589844,17.35649871826172,17.513097763061523,15.254996299743652,147329
2018-05-29,17.565298080444336,17.72189712524414,17.330398559570312,17.473947525024414,15.220893859863281,124501
2018-05-30,17.486997604370117,17.734947204589844,17.4086971282959,17.61749839782715,15.345935821533203,169160
2018-05-31,17.747997283935547,17.904598236083984,17.591398239135742,17.643598556518555,15.368671417236328,178417
2018-06-01,17.63054847717285,17.734947204589844,17.134647369384766,17.369548797607422,15.12995433807373,71199
2018-06-04,17.565298080444336,17.565298080444336,17.343448638916016,17.369548797607422,15.12995433807373,42268
2018-06-05,17.369548797607422,17.382598876953125,16.991098403930664,16.991098403930664,14.800302505493164,66172
2018-06-06,16.991098403930664,17.095497131347656,16.71704864501953,16.93889808654785,14.754831314086914,68666
2018-06-07,16.991098403930664,17.14769744873047,16.743148803710938,17.01719856262207,14.82303524017334,47432
2018-06-08,16.951948165893555,17.043298721313477,16.469097137451172,16.495197296142578,14.368341445922852,54620
2018-06-11,16.469097137451172,16.469097137451172,16.181997299194336,16.36469841003418,14.254669189453125,62425
2018-06-12,16.36469841003418,16.677898406982422,16.36469841003418,16.429948806762695,14.311506271362305,67647
2018-06-13,16.351648330688477,16.703998565673828,16.351648330688477,16.50824737548828,14.379707336425781,125938
2018-06-14,16.4429988861084,16.703998565673828,16.36469841003418,16.651798248291016,14.50475025177002,48973
2018-06-15,16.651798248291016,16.651798248291016,16.651798248291016,16.651798248291016,14.50475025177002,0
2018-06-18,16.703998565673828,16.703998565673828,16.312498092651367,16.390798568725586,14.277403831481934,36800
2018-06-19,16.312498092651367,17.043298721313477,16.312498092651367,16.66484832763672,14.516118049621582,89375
2018-06-20,16.651798248291016,16.75619888305664,16.469097137451172,16.54739761352539,14.413809776306152,45371
2018-06-21,16.651798248291016,16.912797927856445,16.54739761352539,16.860597610473633,14.686627388000488,59521
2018-06-22,16.899747848510742,17.225997924804688,16.5865478515625,17.186847686767578,14.97081184387207,78352
2018-06-25,17.66969871520996,17.695798873901367,16.93889808654785,16.964998245239258,14.777566909790039,109011
2018-06-26,17.121597290039062,17.4217472076416,16.743148803710938,17.252098083496094,15.027647972106934,95053
2018-06-27,17.35649871826172,17.813247680664062,17.095497131347656,17.813247680664062,15.516444206237793,150467
2018-06-28,17.865447998046875,18.243898391723633,17.734947204589844,18.217798233032227,15.868834495544434,121199
2018-06-29,18.26999855041504,18.478797912597656,18.087297439575195,18.1133975982666,15.777892112731934,73670
2018-07-02,18.06119728088379,18.256948471069336,17.774097442626953,17.865447998046875,15.561914443969727,77674
2018-07-03,17.982898712158203,18.1003475189209,17.852397918701172,17.995948791503906,15.675590515136719,54927
2018-07-04,17.943748474121094,18.32219886779785,17.943748474121094,18.217798233032227,15.868834495544434,61348
2018-07-05,18.23084831237793,18.739797592163086,18.23084831237793,18.609298706054688,16.20985221862793,96291
2018-07-06,18.661497116088867,18.896398544311523,18.400497436523438,18.661497116088867,16.25532341003418,64620
2018-07-09,18.687597274780273,19.052997589111328,18.517948150634766,18.635398864746094,16.232589721679688,67084
2018-07-10,18.517948150634766,18.517948150634766,17.943748474121094,18.296098709106445,15.937037467956543,139226
2018-07-11,18.26999855041504,18.609298706054688,17.747997283935547,18.048147201538086,15.721056938171387,159275
2018-07-12,17.917648315429688,18.335248947143555,17.434797286987305,17.878498077392578,15.573281288146973,98754
2018-07-13,18.00899887084961,18.15254783630371,17.83934783935547,17.917648315429688,15.607385635375977,48992
2018-07-16,18.035097122192383,18.178647994995117,17.956798553466797,18.035097122192383,15.709689140319824,36877
2018-07-17,18.035097122192383,18.7919979095459,18.00899887084961,18.778947830200195,16.357627868652344,86314
2018-07-18,18.726747512817383,19.36619758605957,18.400497436523438,19.340097427368164,16.84642791748047,93088
2018-07-19,19.300947189331055,19.992597579956055,19.261798858642578,19.744647979736328,17.198814392089844,169486
2018-07-20,19.83599853515625,19.83599853515625,19.431447982788086,19.627197265625,17.096508026123047,51168
2018-07-23,19.627197265625,20.488496780395508,19.561948776245117,20.01869773864746,17.437528610229492,101923
2018-07-24,20.110048294067383,20.253597259521484,19.052997589111328,19.87514877319336,17.312490463256836,82984
2018-07-25,19.87514877319336,20.227497100830078,19.588048934936523,19.87514877319336,17.312490463256836,144636
2018-07-26,19.914297103881836,20.54069709777832,19.83599853515625,19.888198852539062,17.323854446411133,157896
2018-07-27,20.005647659301758,20.253597259521484,19.770748138427734,19.992597579956055,17.414794921875,80038
2018-07-30,19.83599853515625,20.87999725341797,19.83599853515625,20.80169677734375,18.119571685791016,162597
2018-07-31,20.814746856689453,21.245397567749023,20.475446701049805,20.827796936035156,18.142303466796875,148065
2018-08-01,20.76254653930664,21.049646377563477,20.35799789428711,20.61899757385254,17.960426330566406,148823
2018-08-02,19.601097106933594,20.35799789428711,19.601097106933594,20.227497100830078,17.61940574645996,129524
2018-08-03,20.61899757385254,20.684246063232422,20.1883487701416,20.566797256469727,17.914958953857422,94260
2018-08-06,20.592897415161133,20.592897415161133,19.87514877319336,19.953447341918945,17.380691528320312,95521
2018-08-07,19.40534782409668,19.470598220825195,18.426597595214844,19.092147827148438,16.63044548034668,306478
2018-08-08,19.157398223876953,19.170448303222656,18.739797592163086,18.818098068237305,16.39173126220703,86482
2018-08-09,18.609298706054688,18.700647354125977,18.139497756958008,18.243898391723633,15.89156723022461,222570
2018-08-10,17.747997283935547,18.256948471069336,16.40384864807129,17.80019760131836,15.50507640838623,283796
2018-08-13,17.80019760131836,17.878498077392578,16.573497772216797,17.095497131347656,14.891240119934082,141670
2018-08-14,17.14769744873047,17.72189712524414,17.082447052001953,17.473947525024414,15.220893859863281,221785
2018-08-15,17.591398239135742,17.747997283935547,16.534347534179688,16.573497772216797,14.436545372009277,163873
2018-08-16,16.677898406982422,16.964998245239258,16.495197296142578,16.599597930908203,14.459280014038086,124402
2018-08-17,16.573497772216797,16.651798248291016,15.842698097229004,16.24724769592285,14.152361869812012,136421
2018-08-20,16.24724769592285,16.703998565673828,16.181997299194336,16.651798248291016,14.50475025177002,25540
2018-08-21,16.651798248291016,16.651798248291016,16.651798248291016,16.651798248291016,14.50475025177002,0
2018-08-22,16.651798248291016,16.651798248291016,16.651798248291016,16.651798248291016,14.50475025177002,0
2018-08-23,16.651798248291016,16.651798248291016,16.651798248291016,16.651798248291016,14.50475025177002,0
2018-08-24,16.651798248291016,16.651798248291016,16.651798248291016,16.651798248291016,14.50475025177002,0
2018-08-27,16.730098724365234,16.743148803710938,16.390798568725586,16.66484832763672,14.516118049621582,83122
2018-08-28,16.651798248291016,17.591398239135742,16.612648010253906,17.473947525024414,15.220893859863281,114015
2018-08-29,17.434797286987305,17.552248001098633,17.095497131347656,17.252098083496094,15.027647972106934,132076
2018-08-30,17.252098083496094,17.252098083496094,17.252098083496094,17.252098083496094,15.027647972106934,0
2018-08-31,17.304298400878906,18.26999855041504,17.134647369384766,17.747997283935547,15.459607124328613,265839
2018-09-03,17.76104736328125,18.45269775390625,17.70884895324707,18.204748153686523,15.857466697692871,138183
2018-09-04,18.256948471069336,18.37439727783203,17.813247680664062,17.852397918701172,15.550546646118164,107862
2018-09-05,17.826297760009766,17.995948791503906,17.486997604370117,17.565298080444336,15.300467491149902,132701
2018-09-06,17.604448318481445,17.76104736328125,17.50004768371582,17.50004768371582,15.24362850189209,84429
2018-09-07,17.552248001098633,17.604448318481445,17.23904800415039,17.50004768371582,15.24362850189209,65379
2018-09-10,17.486997604370117,17.53919792175293,17.095497131347656,17.121597290039062,14.91397476196289,82532
2018-09-11,17.225997924804688,17.225997924804688,16.76924705505371,16.80839729309082,14.641158103942871,60137
2018-09-12,17.043298721313477,17.225997924804688,16.521297454833984,16.612648010253906,14.470647811889648,158260
2018-09-13,16.690948486328125,16.80839729309082,16.312498092651367,16.690948486328125,14.53885269165039,181130
2018-09-14,16.80839729309082,17.14769744873047,16.638748168945312,16.651798248291016,14.50475025177002,175743
2018-09-17,16.690948486328125,17.173797607421875,16.62569808959961,17.01719856262207,14.82303524017334,189344
2018-09-18,17.14769744873047,17.35649871826172,17.082447052001953,17.121597290039062,14.91397476196289,117187
2018-09-19,17.252098083496094,17.304298400878906,17.121597290039062,17.19989776611328,14.982177734375,96659
2018-09-20,17.225997924804688,17.265148162841797,16.730098724365234,16.84754753112793,14.675259590148926,110532
2018-09-21,16.795347213745117,17.069398880004883,16.795347213745117,17.030248641967773,14.834403991699219,132540
2018-09-24,17.212947845458984,17.343448638916016,17.186847686767578,17.304298400878906,15.073118209838867,197364
2018-09-25,17.330398559570312,17.63054847717285,16.730098724365234,17.01719856262207,14.82303524017334,156881
2018-09-26,17.134647369384766,17.173797607421875,16.651798248291016,16.71704864501953,14.561588287353516,100034
2018-09-27,16.80839729309082,16.951948165893555,16.677898406982422,16.730098724365234,14.572955131530762,162122
2018-09-28,16.743148803710938,16.80839729309082,16.638748168945312,16.730098724365234,14.572955131530762,105379
2018-10-01,16.730098724365234,17.121597290039062,16.677898406982422,16.92584800720215,14.743464469909668,199260
2018-10-02,17.030248641967773,17.643598556518555,16.834497451782227,17.61749839782715,15.345935821533203,257283
2018-10-03,17.747997283935547,18.022048950195312,17.186847686767578,17.330398559570312,15.095853805541992,465360
2018-10-04,17.252098083496094,17.35649871826172,16.964998245239258,17.160747528076172,14.948077201843262,156862
2018-10-05,17.35649871826172,17.35649871826172,16.50824737548828,16.703998565673828,14.55022144317627,311237
2018-10-08,16.66484832763672,16.860597610473633,16.54739761352539,16.782297134399414,14.618423461914062,86697
2018-10-09,16.782297134399414,17.382598876953125,16.782297134399414,17.252098083496094,15.027647972106934,138915
2018-10-10,17.252098083496094,17.2781982421875,16.612648010253906,16.651798248291016,14.50475025177002,85946
2018-10-11,16.62569808959961,16.703998565673828,16.351648330688477,16.521297454833984,14.391075134277344,101459
2018-10-12,16.703998565673828,16.795347213745117,16.299448013305664,16.782297134399414,14.618423461914062,102900
2018-10-15,16.88669776916504,17.10854721069336,16.76924705505371,17.082447052001953,14.87987232208252,98402
2018-10-16,17.082447052001953,17.19989776611328,16.93889808654785,17.01719856262207,14.82303524017334,52731
2018-10-17,17.10854721069336,17.35649871826172,17.10854721069336,17.10854721069336,14.902606964111328,78302
2018-10-18,17.173797607421875,17.23904800415039,16.651798248291016,16.873647689819336,14.697994232177734,93682
2018-10-19,16.964998245239258,16.964998245239258,16.690948486328125,16.795347213745117,14.629791259765625,63636
2018-10-22,16.912797927856445,17.069398880004883,16.4429988861084,16.66484832763672,14.516118049621582,79996
2018-10-23,16.703998565673828,16.92584800720215,16.377748489379883,16.534347534179688,14.402442932128906,94141
2018-10-24,16.599597930908203,16.75619888305664,16.312498092651367,16.4429988861084,14.32287311553955,189996
2018-10-25,16.36469841003418,16.54739761352539,16.32554817199707,16.482147216796875,14.356973648071289,46452
2018-10-26,16.560447692871094,16.612648010253906,16.338598251342773,16.4429988861084,14.32287311553955,67210
2018-10-29,16.4429988861084,16.4429988861084,16.4429988861084,16.4429988861084,14.32287311553955,0
2018-10-30,16.534347534179688,16.534347534179688,16.051498413085938,16.181997299194336,14.095523834228516,70712
2018-10-31,16.273347854614258,16.299448013305664,15.920997619628906,15.93404769897461,13.879545211791992,90643
2018-11-01,16.077598571777344,16.077598571777344,15.581698417663574,15.686098098754883,13.663565635681152,113540
2018-11-02,15.803547859191895,16.66484832763672,15.67304801940918,16.5865478515625,14.447911262512207,115383
2018-11-05,16.482147216796875,16.84754753112793,16.168947219848633,16.84754753112793,14.675259590148926,112659
2018-11-06,17.225997924804688,17.61749839782715,16.964998245239258,17.134647369384766,14.92534351348877,308348
2018-11-07,17.14769744873047,17.173797607421875,16.84754753112793,17.082447052001953,14.87987232208252,130616
2018-11-08,17.14769744873047,17.14769744873047,16.75619888305664,16.873647689819336,14.697994232177734,91367
2018-11-09,16.873647689819336,16.873647689819336,16.495197296142578,16.638748168945312,14.493382453918457,68003
2018-11-12,16.638748168945312,16.821447372436523,16.429948806762695,16.50824737548828,14.379707336425781,62574
2018-11-13,16.651798248291016,16.651798248291016,16.4429988861084,16.54739761352539,14.413809776306152,71693
2018-11-14,16.5865478515625,16.612648010253906,16.390798568725586,16.4429988861084,14.32287311553955,47160
2018-11-15,16.560447692871094,16.873647689819336,16.40384864807129,16.84754753112793,14.675259590148926,57919
2018-11-16,16.964998245239258,17.069398880004883,16.795347213745117,16.964998245239258,14.777566909790039,70218
2018-11-19,16.964998245239258,17.212947845458984,16.88669776916504,17.19989776611328,14.982177734375,47624
2018-11-20,17.069398880004883,17.095497131347656,16.573497772216797,16.651798248291016,14.50475025177002,63421
2018-11-21,16.677898406982422,16.703998565673828,16.4429988861084,16.50824737548828,14.379707336425781,78164
2018-11-22,16.495197296142578,16.560447692871094,16.4429988861084,16.482147216796875,14.356973648071289,49386
2018-11-23,16.50824737548828,16.560447692871094,16.390798568725586,16.482147216796875,14.356973648071289,40858
2018-11-26,16.495197296142578,16.599597930908203,16.4429988861084,16.521297454833984,14.391075134277344,62517
2018-11-27,16.560447692871094,17.10854721069336,16.469097137451172,16.964998245239258,14.777566909790039,123268
2018-11-28,16.964998245239258,17.186847686767578,16.912797927856445,17.095497131347656,14.891240119934082,97072
2018-11-29,17.14769744873047,17.4086971282959,17.069398880004883,17.31734848022461,15.084486961364746,127593
2018-11-30,17.343448638916016,17.382598876953125,17.05634880065918,17.186847686767578,14.97081184387207,70731
2018-12-03,17.2781982421875,17.61749839782715,17.19989776611328,17.31734848022461,15.084486961364746,71371
2018-12-04,17.2781982421875,17.343448638916016,16.93889808654785,16.991098403930664,14.800302505493164,40793
2018-12-05,16.84754753112793,17.082447052001953,16.80839729309082,17.01719856262207,14.82303524017334,55260
2018-12-06,17.160747528076172,17.160747528076172,16.899747848510742,17.004148483276367,14.81166934967041,42065
2018-12-07,17.05634880065918,17.095497131347656,16.991098403930664,17.082447052001953,14.87987232208252,26283
2018-12-10,16.97804832458496,17.095497131347656,16.75619888305664,16.88669776916504,14.709362030029297,57249
2018-12-11,16.912797927856445,16.912797927856445,16.651798248291016,16.75619888305664,14.59568977355957,45505
2018-12-12,16.795347213745117,16.88669776916504,16.260297775268555,16.32554817199707,14.220566749572754,70942
2018-12-13,16.338598251342773,16.573497772216797,16.28639793395996,16.4429988861084,14.32287311553955,70793
2018-12-14,16.4429988861084,16.4429988861084,15.920997619628906,16.090648651123047,14.01595401763916,70329
2018-12-17,16.181997299194336,16.181997299194336,15.960147857666016,16.06454849243164,13.993219375610352,48057
2018-12-18,16.168947219848633,16.260297775268555,15.920997619628906,16.24724769592285,14.152361869812012,57582
2018-12-19,16.19504737854004,16.495197296142578,16.181997299194336,16.469097137451172,14.345606803894043,26030
2018-12-20,16.4429988861084,16.573497772216797,16.181997299194336,16.50824737548828,14.379707336425781,21957
2018-12-21,16.50824737548828,16.703998565673828,16.390798568725586,16.651798248291016,14.50475025177002,30915
2018-12-24,16.651798248291016,16.821447372436523,16.521297454833984,16.599597930908203,14.459280014038086,24494
2018-12-25,16.4429988861084,16.4429988861084,16.273347854614258,16.338598251342773,14.23193359375,34314
2018-12-26,16.351648330688477,16.5865478515625,16.32554817199707,16.40384864807129,14.28877067565918,32478
2018-12-27,16.54739761352539,16.54739761352539,16.208097457885742,16.312498092651367,14.209198951721191,25203
2018-12-28,16.28639793395996,16.390798568725586,16.129798889160156,16.181997299194336,14.095523834228516,32130
2018-12-31,16.19504737854004,16.351648330688477,16.090648651123047,16.273347854614258,14.175097465515137,24988
2019-01-01,16.273347854614258,16.273347854614258,16.273347854614258,16.273347854614258,14.175097465515137,0
2019-01-02,16.338598251342773,16.338598251342773,15.699148178100586,15.790497779846191,13.754504203796387,89467
2019-01-03,15.659997940063477,15.907947540283203,15.294597625732422,15.346797943115234,13.36801528930664,38252
2019-01-04,15.555598258972168,15.555598258972168,14.185347557067871,14.850897789001465,12.936054229736328,245241
2019-01-07,14.837847709655762,14.876997947692871,14.120098114013672,14.3027982711792,12.458626747131348,204406
2019-01-08,14.26364803314209,14.72039794921875,14.237547874450684,14.629048347473145,12.742809295654297,136743
2019-01-09,14.72039794921875,14.837847709655762,14.537697792053223,14.602948188781738,12.720073699951172,76000
2019-01-10,14.498547554016113,14.642098426818848,14.354997634887695,14.498547554016113,12.629135131835938,134651
2019-01-11,14.550747871398926,14.863947868347168,14.498547554016113,14.811747550964355,12.901951789855957,85547
2019-01-14,14.642098426818848,14.655147552490234,14.511597633361816,14.642098426818848,12.754176139831543,49624
2019-01-15,14.68124771118164,14.746498107910156,14.537697792053223,14.642098426818848,12.754176139831543,40168
2019-01-16,14.655147552490234,14.942248344421387,14.629048347473145,14.890048027038574,12.970155715942383,71720
2019-01-17,14.942248344421387,15.17714786529541,14.75954818725586,15.059698104858398,13.117932319641113,79425
2019-01-18,14.811747550964355,15.242398262023926,14.811747550964355,15.1379976272583,13.186136245727539,79306
2019-01-21,15.17714786529541,15.229348182678223,15.059698104858398,15.124947547912598,13.174768447875977,66681
2019-01-22,15.111898422241211,15.294597625732422,15.020547866821289,15.229348182678223,13.265707015991211,84352
2019-01-23,15.255448341369629,15.320697784423828,15.1379976272583,15.242398262023926,13.27707576751709,88459
2019-01-24,15.17714786529541,15.47729778289795,15.151047706604004,15.451197624206543,13.458952903747559,79601
2019-01-25,15.503397941589355,15.881848335266113,15.503397941589355,15.842698097229004,13.799973487854004,86088
2019-01-28,15.947097778320312,15.986248016357422,15.738298416137695,15.842698097229004,13.799973487854004,76114
2019-01-29,15.790497779846191,16.012348175048828,15.686098098754883,15.999298095703125,13.936382293701172,37869
2019-01-30,15.999298095703125,16.129798889160156,15.907947540283203,16.02539825439453,13.959117889404297,38969
2019-01-31,16.038448333740234,16.23419761657715,15.93404769897461,16.012348175048828,13.947749137878418,56544
2019-02-01,16.10369873046875,16.10369873046875,15.699148178100586,15.8296480178833,13.788604736328125,38321
2019-02-04,15.842698097229004,16.703998565673828,15.842698097229004,16.482147216796875,14.356973648071289,152704
2019-02-05,16.429948806762695,17.160747528076172,16.416898727416992,17.004148483276367,14.81166934967041,336390
2019-02-06,17.05634880065918,17.225997924804688,16.495197296142578,16.80839729309082,14.641158103942871,116015
2019-02-07,16.88669776916504,17.186847686767578,16.703998565673828,16.899747848510742,14.72072982788086,64164
2019-02-08,16.88669776916504,17.14769744873047,16.703998565673828,16.703998565673828,14.55022144317627,66222
2019-02-11,16.899747848510742,16.97804832458496,16.651798248291016,16.795347213745117,14.629791259765625,64406
2019-02-12,16.88669776916504,16.88669776916504,16.40384864807129,16.416898727416992,14.300138473510742,77973
2019-02-13,16.429948806762695,16.62569808959961,16.142847061157227,16.390798568725586,14.277403831481934,72333
2019-02-14,18.84419822692871,19.522798538208008,17.50004768371582,17.943748474121094,15.630119323730469,1820364
2019-02-15,18.00899887084961,18.283048629760742,17.225997924804688,17.395647048950195,15.152688026428223,472302
2019-02-18,17.50004768371582,17.904598236083984,17.265148162841797,17.2781982421875,15.050383567810059,152452
2019-02-19,17.369548797607422,17.369548797607422,16.964998245239258,17.10854721069336,14.902606964111328,110432
2019-02-20,17.225997924804688,17.304298400878906,16.92584800720215,17.030248641967773,14.834403991699219,105885
2019-02-21,17.01719856262207,17.695798873901367,16.991098403930664,17.343448638916016,15.107218742370605,249386
2019-02-22,17.4086971282959,17.604448318481445,17.265148162841797,17.4217472076416,15.175423622131348,135950
2019-02-25,17.513097763061523,17.76104736328125,17.14769744873047,17.552248001098633,15.289097785949707,136003
2019-02-26,17.656648635864258,18.23084831237793,17.513097763061523,18.217798233032227,15.868834495544434,209540
2019-02-27,18.283048629760742,18.570148468017578,18.126447677612305,18.504898071289062,16.118915557861328,117375
2019-02-28,18.58319854736328,18.84419822692871,18.400497436523438,18.45269775390625,16.073444366455078,137363
2019-03-01,18.45269775390625,18.478797912597656,18.00899887084961,18.00899887084961,15.686957359313965,101636
2019-03-04,18.06119728088379,18.1003475189209,17.526147842407227,17.70884895324707,15.425507545471191,155229
2019-03-05,17.747997283935547,18.26999855041504,17.473947525024414,17.826297760009766,15.527812004089355,96601
2019-03-06,17.878498077392578,17.917648315429688,17.565298080444336,17.63054847717285,15.357301712036133,123892
2019-03-07,17.695798873901367,18.022048950195312,17.526147842407227,17.656648635864258,15.380038261413574,106954
2019-03-08,17.53919792175293,17.643598556518555,17.304298400878906,17.447847366333008,15.19815731048584,82708
2019-03-11,17.486997604370117,17.552248001098633,17.304298400878906,17.4086971282959,15.164055824279785,51946
2019-03-12,17.473947525024414,17.486997604370117,17.23904800415039,17.330398559570312,15.095853805541992,49505
2019-03-13,17.4217472076416,17.787147521972656,17.2781982421875,17.304298400878906,15.073118209838867,91524
2019-03-14,17.35649871826172,17.434797286987305,17.225997924804688,17.369548797607422,15.12995433807373,62118
2019-03-15,17.31734848022461,17.734947204589844,17.291248321533203,17.604448318481445,15.334567070007324,73268
2019-03-18,17.61749839782715,17.787147521972656,17.565298080444336,17.682748794555664,15.40277099609375,78068
2019-03-19,17.643598556518555,17.76104736328125,17.565298080444336,17.682748794555664,15.40277099609375,48536
2019-03-20,17.66969871520996,17.66969871520996,17.382598876953125,17.46089744567871,15.209527015686035,66203
2019-03-21,17.447847366333008,17.57834815979004,17.31734848022461,17.343448638916016,15.107218742370605,39540
2019-03-22,17.46089744567871,17.46089744567871,16.677898406982422,16.743148803710938,14.584322929382324,132176
2019-03-25,16.730098724365234,16.730098724365234,16.312498092651367,16.534347534179688,14.402442932128906,44528
2019-03-26,16.677898406982422,16.75619888305664,16.521297454833984,16.54739761352539,14.413809776306152,35643
2019-03-27,16.495197296142578,16.651798248291016,15.620847702026367,15.63389778137207,13.618095397949219,109203
2019-03-28,15.581698417663574,16.260297775268555,15.529498100280762,16.116748809814453,14.038688659667969,84011
2019-03-29,16.62569808959961,17.526147842407227,16.521297454833984,16.703998565673828,14.55022144317627,423318
2019-04-01,16.599597930908203,16.743148803710938,16.23419761657715,16.66484832763672,14.516118049621582,93298
2019-04-02,16.782297134399414,16.97804832458496,16.703998565673828,16.84754753112793,14.675259590148926,66950
2019-04-03,16.899747848510742,16.964998245239258,16.599597930908203,16.703998565673828,14.55022144317627,84931
2019-04-04,16.76924705505371,17.330398559570312,16.743148803710938,17.265148162841797,15.039016723632812,151279
2019-04-05,17.304298400878906,17.9698486328125,17.225997924804688,17.591398239135742,15.323200225830078,427754
2019-04-08,17.700000762939453,17.979999542236328,17.100000381469727,17.350000381469727,15.112926483154297,132700
2019-04-09,17.520000457763672,17.719999313354492,17.209999084472656,17.229999542236328,15.008399963378906,80591
2019-04-10,17.25,17.329999923706055,16.950000762939453,17.0,14.808055877685547,66756
2019-04-11,16.899999618530273,16.979999542236328,16.360000610351562,16.530000686645508,14.398656845092773,75746
2019-04-12,16.399999618530273,16.399999618530273,16.010000228881836,16.299999237060547,14.198311805725098,41432
2019-04-15,16.100000381469727,16.25,15.829999923706055,15.9399995803833,13.884730339050293,60784
2019-04-16,15.930000305175781,16.059999465942383,15.829999923706055,15.859999656677246,13.815044403076172,65498
2019-04-17,15.989999771118164,16.309999465942383,15.869999885559082,16.15999984741211,14.076363563537598,162520
2019-04-18,16.239999771118164,16.270000457763672,16.0,16.219999313354492,14.128625869750977,41537
2019-04-19,16.15999984741211,16.219999313354492,16.059999465942383,16.1299991607666,14.05023193359375,19697
2019-04-22,16.09000015258789,16.190000534057617,15.979999542236328,15.989999771118164,13.92828369140625,17952
2019-04-23,15.989999771118164,15.989999771118164,15.989999771118164,15.989999771118164,13.92828369140625,0
2019-04-24,15.930000305175781,15.979999542236328,15.819999694824219,15.880000114440918,13.832466125488281,28530
2019-04-25,15.90999984741211,15.9399995803833,15.539999961853027,15.640000343322754,13.623412132263184,67059
2019-04-26,15.640000343322754,15.65999984741211,15.300000190734863,15.420000076293945,13.431777954101562,48187
2019-04-29,15.4399995803833,15.729999542236328,15.319999694824219,15.5,13.501462936401367,19875
2019-04-30,15.649999618530273,15.850000381469727,15.489999771118164,15.630000114440918,13.614700317382812,61683
2019-05-01,15.630000114440918,15.630000114440918,15.630000114440918,15.630000114440918,13.614700317382812,0
2019-05-02,15.680000305175781,15.75,15.220000267028809,15.300000190734863,13.327250480651855,39339
2019-05-03,15.210000038146973,15.319999694824219,15.020000457763672,15.279999732971191,13.309828758239746,16724
2019-05-06,15.300000190734863,15.300000190734863,14.920000076293945,14.949999809265137,13.022378921508789,27854
2019-05-07,14.75,15.149999618530273,14.75,15.119999885559082,13.17045783996582,35107
2019-05-08,15.140000343322754,15.319999694824219,14.90999984741211,15.0,13.065932273864746,57634
2019-05-09,15.40999984741211,15.779999732971191,15.40999984741211,15.6899995803833,13.666964530944824,213216
2019-05-10,15.739999771118164,15.800000190734863,15.300000190734863,15.40999984741211,13.423067092895508,86697
2019-05-13,15.489999771118164,15.579999923706055,14.90999984741211,15.0,13.065932273864746,49430
2019-05-14,15.140000343322754,15.420000076293945,14.949999809265137,15.270000457763672,13.301117897033691,53438
2019-05-15,15.350000381469727,15.350000381469727,15.020000457763672,15.180000305175781,13.222722053527832,48742
2019-05-16,15.270000457763672,15.5,15.15999984741211,15.3100004196167,13.33596134185791,42119
2019-05-17,15.399999618530273,15.569999694824219,15.1899995803833,15.359999656677246,13.37951374053955,106278
2019-05-20,15.449999809265137,15.699999809265137,15.34000015258789,15.569999694824219,13.5624361038208,55972
2019-05-21,15.619999885559082,15.729999542236328,15.420000076293945,15.600000381469727,13.588568687438965,31374
2019-05-22,15.630000114440918,15.699999809265137,15.40999984741211,15.479999542236328,13.484040260314941,32470
2019-05-23,15.5,15.640000343322754,15.390000343322754,15.470000267028809,13.47533130645752,32076
2019-05-24,15.550000190734863,15.630000114440918,15.4399995803833,15.630000114440918,13.614700317382812,24772
2019-05-27,15.630000114440918,15.800000190734863,14.4399995803833,15.579999923706055,13.571146965026855,39595
2019-05-28,14.819999694824219,14.819999694824219,14.600000381469727,14.739999771118164,13.75308895111084,46552
2019-05-29,14.739999771118164,14.84000015258789,14.600000381469727,14.600000381469727,13.622462272644043,49870
2019-05-30,14.760000228881836,15.0,14.760000228881836,14.899999618530273,13.902374267578125,59902
2019-05-31,14.930000305175781,15.079999923706055,14.819999694824219,15.0,13.99567985534668,26243
2019-06-03,15.0,15.050000190734863,14.920000076293945,15.0,13.99567985534668,7188
2019-06-04,15.0,15.0,15.0,15.0,13.99567985534668,0
2019-06-05,15.0,15.0,15.0,15.0,13.99567985534668,0
2019-06-06,15.0,15.0,15.0,15.0,13.99567985534668,0
2019-06-07,15.0,15.270000457763672,14.899999618530273,15.239999771118164,14.219611167907715,40717
2019-06-10,15.25,15.420000076293945,15.199999809265137,15.319999694824219,14.294254302978516,30707
2019-06-11,15.300000190734863,15.460000038146973,15.300000190734863,15.430000305175781,14.396889686584473,56202
2019-06-12,15.489999771118164,15.5,15.369999885559082,15.390000343322754,14.359567642211914,36051
2019-06-13,15.420000076293945,15.420000076293945,14.899999618530273,15.039999961853027,14.033001899719238,104292
2019-06-14,15.010000228881836,15.09000015258789,14.75,14.850000381469727,13.85572338104248,31134
2019-06-17,14.800000190734863,15.029999732971191,14.75,14.989999771118164,13.986348152160645,23971
2019-06-18,15.029999732971191,15.069999694824219,14.899999618530273,15.0600004196167,14.051663398742676,100684
2019-06-19,15.0,15.029999732971191,14.869999885559082,14.899999618530273,13.902374267578125,91697
2019-06-20,14.9399995803833,15.010000228881836,14.75,14.760000228881836,13.771748542785645,102871
2019-06-21,14.720000267028809,14.789999961853027,14.569999694824219,14.6899995803833,13.706435203552246,29616
2019-06-24,14.850000381469727,14.899999618530273,14.6899995803833,14.75,13.762417793273926,40620
2019-06-25,14.779999732971191,14.779999732971191,14.670000076293945,14.6899995803833,13.706435203552246,36000
2019-06-26,14.699999809265137,14.720000267028809,14.510000228881836,14.550000190734863,13.575809478759766,53193
2019-06-27,14.529999732971191,14.630000114440918,14.489999771118164,14.520000457763672,13.547819137573242,59720
2019-06-28,14.529999732971191,14.59000015258789,14.510000228881836,14.59000015258789,13.613131523132324,60209
2019-07-01,14.729999542236328,14.859999656677246,14.6899995803833,14.829999923706055,13.837061882019043,76394
2019-07-02,14.850000381469727,15.100000381469727,14.850000381469727,15.09000015258789,14.079654693603516,141519
2019-07-03,15.09000015258789,15.199999809265137,14.800000190734863,14.850000381469727,13.85572338104248,89146
2019-07-04,14.84000015258789,14.930000305175781,14.800000190734863,14.8100004196167,13.818401336669922,55391
2019-07-05,14.859999656677246,14.920000076293945,14.6899995803833,14.75,13.762417793273926,86891
2019-07-08,14.600000381469727,14.729999542236328,14.5600004196167,14.649999618530273,13.669114112854004,21217
2019-07-09,14.680000305175781,14.699999809265137,14.460000038146973,14.489999771118164,13.519826889038086,45748
2019-07-10,14.489999771118164,14.550000190734863,14.3100004196167,14.489999771118164,13.519826889038086,24189
2019-07-11,14.460000038146973,14.550000190734863,14.420000076293945,14.470000267028809,13.501165390014648,44886
2019-07-12,14.479999542236328,14.479999542236328,14.229999542236328,14.239999771118164,13.286564826965332,35464
2019-07-15,14.239999771118164,14.239999771118164,14.239999771118164,14.239999771118164,13.286564826965332,0
2019-07-16,14.260000228881836,14.319999694824219,14.15999984741211,14.229999542236328,13.27723503112793,74859
2019-07-17,14.25,14.399999618530273,14.220000267028809,14.34000015258789,13.379870414733887,88687
2019-07-18,14.34000015258789,14.539999961853027,14.34000015258789,14.529999732971191,13.557148933410645,65543
2019-07-19,14.569999694824219,14.699999809265137,14.520000457763672,14.59000015258789,13.613131523132324,89536
2019-07-22,14.59000015258789,14.739999771118164,14.550000190734863,14.600000381469727,13.622462272644043,61599
2019-07-23,14.680000305175781,14.779999732971191,14.619999885559082,14.760000228881836,13.771748542785645,85211
2019-07-24,14.779999732971191,14.779999732971191,14.630000114440918,14.739999771118164,13.75308895111084,60548
2019-07-25,14.75,14.789999961853027,14.550000190734863,14.59000015258789,13.613131523132324,51246
2019-07-26,14.619999885559082,14.640000343322754,14.520000457763672,14.59000015258789,13.613131523132324,43712
2019-07-29,14.649999618530273,14.770000457763672,14.59000015258789,14.75,13.762417793273926,57271
2019-07-30,14.760000228881836,15.050000190734863,14.760000228881836,15.020000457763672,14.0143404006958,125415
2019-07-31,15.050000190734863,15.359999656677246,15.039999961853027,15.300000190734863,14.275593757629395,137408
2019-08-01,15.300000190734863,15.670000076293945,15.289999961853027,15.65999984741211,14.611489295959473,84150
2019-08-02,15.670000076293945,15.960000038146973,15.539999961853027,15.720000267028809,14.667471885681152,144371
2019-08-05,15.859999656677246,15.880000114440918,15.539999961853027,15.59000015258789,14.54617691040039,61674
2019-08-06,15.59000015258789,15.800000190734863,15.59000015258789,15.680000305175781,14.630151748657227,53863
2019-08-07,15.699999809265137,15.779999732971191,15.350000381469727,15.460000038146973,14.424880981445312,79274
2019-08-08,16.5,17.299999237060547,16.309999465942383,16.5,15.395246505737305,1011640
2019-08-09,16.5,17.09000015258789,16.3799991607666,16.809999465942383,15.684489250183105,429276
2019-08-12,16.809999465942383,16.809999465942383,16.809999465942383,16.809999465942383,15.684489250183105,0
2019-08-13,16.809999465942383,16.809999465942383,16.809999465942383,16.809999465942383,15.684489250183105,0
2019-08-14,16.809999465942383,16.809999465942383,16.809999465942383,16.809999465942383,15.684489250183105,0
2019-08-15,16.850000381469727,16.989999771118164,16.399999618530273,16.40999984741211,15.311273574829102,237675
2019-08-16,16.5,16.530000686645508,16.0,16.020000457763672,14.947385787963867,160989
2019-08-19,16.100000381469727,16.709999084472656,16.0,16.440000534057617,15.339265823364258,216360
2019-08-20,16.5,16.979999542236328,16.420000076293945,16.899999618530273,15.768465995788574,153959
2019-08-21,17.020000457763672,17.110000610351562,16.540000915527344,16.6200008392334,15.50721263885498,123062
2019-08-22,16.579999923706055,16.8700008392334,16.579999923706055,16.68000030517578,15.563194274902344,67873
2019-08-23,16.639999389648438,17.09000015258789,16.639999389648438,16.979999542236328,15.843109130859375,164591
2019-08-26,16.90999984741211,18.079999923706055,16.829999923706055,18.020000457763672,16.813474655151367,337220
2019-08-27,18.0,18.420000076293945,17.670000076293945,18.260000228881836,17.03740692138672,238722
2019-08-28,18.290000915527344,18.479999542236328,17.90999984741211,17.979999542236328,16.776155471801758,196471
2019-08-29,17.920000076293945,18.469999313354492,17.920000076293945,18.440000534057617,17.20535659790039,138298
2019-08-30,18.440000534057617,18.440000534057617,18.440000534057617,18.440000534057617,17.20535659790039,0
2019-09-02,18.5,18.780000686645508,18.5,18.649999618530273,17.401294708251953,90361
2019-09-03,18.5,18.780000686645508,18.329999923706055,18.399999618530273,17.168031692504883,108839
2019-09-04,18.43000030517578,18.899999618530273,18.43000030517578,18.68000030517578,17.42928695678711,114726
2019-09-05,18.799999237060547,18.850000381469727,18.479999542236328,18.649999618530273,17.401294708251953,84395
2019-09-06,18.649999618530273,18.700000762939453,18.020000457763672,18.420000076293945,17.186695098876953,67220
2019-09-09,18.350000381469727,18.65999984741211,18.350000381469727,18.459999084472656,17.224016189575195,89093
2019-09-10,18.5,18.510000228881836,17.229999542236328,18.18000030517578,16.962766647338867,67183
2019-09-11,18.200000762939453,18.829999923706055,18.1299991607666,18.709999084472656,17.457277297973633,124484
2019-09-12,18.56999969482422,18.90999984741211,18.56999969482422,18.700000762939453,17.44795036315918,90830
2019-09-13,18.75,18.850000381469727,18.5,18.520000457763672,17.280000686645508,60480
2019-09-16,18.5,18.549999237060547,18.200000762939453,18.280000686645508,17.056068420410156,61157
2019-09-17,18.260000228881836,19.18000030517578,18.09000015258789,18.670000076293945,17.419958114624023,184487
2019-09-18,18.559999465942383,18.790000915527344,18.5,18.549999237060547,17.3079891204834,41440
2019-09-19,18.549999237060547,18.700000762939453,18.290000915527344,18.299999237060547,17.074729919433594,57121
2019-09-20,18.299999237060547,18.969999313354492,18.239999771118164,18.700000762939453,17.44795036315918,137601
2019-09-23,18.809999465942383,18.959999084472656,18.59000015258789,18.93000030517578,17.662546157836914,157162
2019-09-24,19.0,19.3799991607666,18.959999084472656,19.3700008392334,18.073089599609375,236885
2019-09-25,19.389999389648438,19.75,19.389999389648438,19.549999237060547,18.24103546142578,139217
2019-09-26,19.639999389648438,19.729999542236328,19.25,19.5,18.19438362121582,87673
2019-09-27,19.40999984741211,19.799999237060547,19.40999984741211,19.549999237060547,18.24103546142578,93085
2019-09-30,19.549999237060547,19.829999923706055,19.549999237060547,19.579999923706055,18.26902961730957,95906
2019-10-01,19.639999389648438,19.65999984741211,19.299999237060547,19.350000381469727,18.054426193237305,84371
2019-10-02,19.3700008392334,19.600000381469727,19.34000015258789,19.399999618530273,18.10108184814453,44095
2019-10-03,19.399999618530273,19.56999969482422,19.049999237060547,19.280000686645508,17.98911476135254,63107
2019-10-04,19.299999237060547,19.799999237060547,19.299999237060547,19.760000228881836,18.436975479125977,121298
2019-10-07,19.780000686645508,20.020000457763672,19.780000686645508,19.860000610351562,18.53028106689453,191876
2019-10-08,19.34000015258789,20.31999969482422,19.059999465942383,20.139999389648438,18.79153060913086,405251
2019-10-09,20.18000030517578,20.540000915527344,19.670000076293945,19.75,18.42764663696289,209394
2019-10-10,19.68000030517578,19.889999389648438,19.1200008392334,19.75,18.42764663696289,135610
2019-10-11,19.149999618530273,20.020000457763672,19.149999618530273,19.8700008392334,18.53961181640625,110790
2019-10-14,19.549999237060547,19.790000915527344,18.3799991607666,18.799999237060547,17.54125213623047,99137
2019-10-15,19.0,19.170000076293945,18.649999618530273,18.780000686645508,17.52259063720703,51647
2019-10-16,18.5,18.649999618530273,18.40999984741211,18.540000915527344,17.298662185668945,39728
2019-10-17,18.6299991607666,18.65999984741211,18.25,18.3799991607666,17.149372100830078,56992
2019-10-18,18.989999771118164,19.780000686645508,18.770000457763672,19.649999618530273,18.334339141845703,138624
2019-10-21,19.459999084472656,19.719999313354492,19.459999084472656,19.540000915527344,18.231706619262695,65986
2019-10-22,19.56999969482422,19.799999237060547,19.56999969482422,19.739999771118164,18.418315887451172,48917
2019-10-23,19.8799991607666,20.18000030517578,19.809999465942383,20.040000915527344,18.698226928710938,81241
2019-10-24,20.040000915527344,21.299999237060547,20.040000915527344,20.979999542236328,19.575288772583008,484838
2019-10-25,21.020000457763672,22.0,20.780000686645508,21.899999618530273,20.433691024780273,300277
2019-10-28,22.100000381469727,22.6200008392334,21.739999771118164,22.360000610351562,20.86289405822754,79506
2019-10-30,22.34000015258789,23.200000762939453,21.68000030517578,22.920000076293945,21.385398864746094,335329
2019-10-31,22.959999084472656,23.260000228881836,22.0,22.15999984741211,20.676284790039062,215893
2019-11-01,22.18000030517578,22.219999313354492,21.559999465942383,21.84000015258789,20.377710342407227,122101
2019-11-04,21.899999618530273,22.0,21.600000381469727,21.700000762939453,20.247085571289062,94421
2019-11-05,21.860000610351562,22.8799991607666,21.6200008392334,22.5,20.993520736694336,277719
2019-11-06,22.459999084472656,23.81999969482422,21.65999984741211,23.799999237060547,22.206480026245117,357731
2019-11-07,21.5,22.5,21.459999084472656,21.760000228881836,20.30306625366211,845709
2019-11-08,21.84000015258789,21.899999618530273,21.059999465942383,21.15999984741211,19.74323844909668,284241
2019-11-11,21.0,21.700000762939453,20.540000915527344,21.31999969482422,19.892526626586914,224003
2019-11-12,21.299999237060547,21.899999618530273,21.200000762939453,21.34000015258789,19.91118812561035,297433
2019-11-13,21.219999313354492,21.420000076293945,21.0,21.31999969482422,19.892526626586914,153804
2019-11-14,21.3799991607666,21.399999618530273,20.799999237060547,20.860000610351562,19.46332550048828,178251
2019-11-15,21.0,21.100000381469727,20.65999984741211,21.020000457763672,19.612613677978516,179997
2019-11-18,21.040000915527344,21.299999237060547,20.959999084472656,21.079999923706055,19.668598175048828,166937
2019-11-19,21.18000030517578,21.959999084472656,20.920000076293945,21.81999969482422,20.35904884338379,524284
2019-11-20,21.920000076293945,22.260000228881836,21.200000762939453,21.6200008392334,20.172441482543945,260682
2019-11-21,21.739999771118164,21.739999771118164,21.299999237060547,21.520000457763672,20.07913589477539,168098
2019-11-22,21.520000457763672,22.899999618530273,21.5,21.979999542236328,20.508337020874023,578706
2019-11-25,22.100000381469727,22.440000534057617,21.600000381469727,21.65999984741211,20.209762573242188,274548
2019-11-26,21.719999313354492,22.139999389648438,21.440000534057617,21.8799991607666,20.4150333404541,189342
2019-11-27,21.959999084472656,23.3799991607666,21.799999237060547,22.34000015258789,20.8442325592041,1121362
2019-11-28,22.31999969482422,22.700000762939453,22.299999237060547,22.3799991607666,20.881553649902344,285551
2019-11-29,22.5,22.559999465942383,22.280000686645508,22.3799991607666,20.881553649902344,147406
2019-12-02,22.479999542236328,22.959999084472656,22.440000534057617,22.899999618530273,21.36673927307129,325250
2019-12-03,22.8799991607666,24.399999618530273,22.799999237060547,23.84000015258789,22.243799209594727,1193229
2019-12-04,24.0,24.760000228881836,23.940000534057617,24.420000076293945,22.78496551513672,495185
2019-12-05,24.799999237060547,24.959999084472656,24.299999237060547,24.31999969482422,22.69166374206543,228691
2019-12-06,24.34000015258789,26.3799991607666,24.100000381469727,24.760000228881836,23.102203369140625,732453
2019-12-09,24.84000015258789,25.68000030517578,24.639999389648438,25.079999923706055,23.40077781677246,493452
2019-12-10,25.200000762939453,25.520000457763672,24.600000381469727,24.760000228881836,23.102203369140625,302983
2019-12-11,24.979999542236328,24.979999542236328,24.200000762939453,24.219999313354492,22.598356246948242,167504
2019-12-12,24.34000015258789,24.68000030517578,24.34000015258789,24.459999084472656,22.822288513183594,150350
2019-12-13,24.5,24.68000030517578,24.100000381469727,24.200000762939453,22.579696655273438,179539
2019-12-16,24.200000762939453,24.280000686645508,23.719999313354492,23.899999618530273,22.29978370666504,153846
2019-12-17,24.0,24.34000015258789,23.81999969482422,23.8799991607666,22.28112030029297,137368
2019-12-18,23.799999237060547,24.5,23.5,24.31999969482422,22.69166374206543,184211
2019-12-19,24.940000534057617,25.100000381469727,24.420000076293945,24.5,22.85961151123047,137297
2019-12-20,24.34000015258789,24.579999923706055,24.200000762939453,24.360000610351562,22.728981018066406,113655
2019-12-23,24.34000015258789,24.479999542236328,24.139999389648438,24.399999618530273,22.766305923461914,109935
2019-12-24,24.5,25.579999923706055,24.399999618530273,25.540000915527344,23.829980850219727,356736
2019-12-25,25.600000381469727,25.739999771118164,25.139999389648438,25.200000762939453,23.51274299621582,115571
2019-12-26,25.139999389648438,25.440000534057617,24.719999313354492,24.920000076293945,23.251487731933594,159487
2019-12-27,24.84000015258789,25.399999618530273,24.84000015258789,25.100000381469727,23.419437408447266,117253
2019-12-30,25.200000762939453,25.799999237060547,25.200000762939453,25.360000610351562,23.662031173706055,142041
2019-12-31,25.459999084472656,25.5,24.959999084472656,25.059999465942383,23.38211441040039,95215
2020-01-02,24.979999542236328,25.979999542236328,24.979999542236328,25.979999542236328,24.24051856994629,341585
2020-01-03,25.899999618530273,26.15999984741211,24.84000015258789,25.479999542236328,23.77399444580078,600238
2020-01-06,24.899999618530273,25.100000381469727,23.15999984741211,24.200000762939453,22.579696655273438,214324
2020-01-07,24.260000228881836,25.139999389648438,24.260000228881836,25.139999389648438,23.456758499145508,174194
2020-01-08,24.440000534057617,25.15999984741211,23.84000015258789,24.639999389648438,22.990236282348633,271105
2020-01-09,25.239999771118164,25.600000381469727,25.100000381469727,25.559999465942383,23.84864044189453,257759
2020-01-10,25.540000915527344,26.399999618530273,25.420000076293945,26.1200008392334,24.371143341064453,293934
2020-01-13,26.34000015258789,27.040000915527344,26.260000228881836,26.8799991607666,25.080257415771484,288819
2020-01-14,26.860000610351562,27.100000381469727,26.360000610351562,26.700000762939453,24.912311553955078,190339
2020-01-15,26.760000228881836,26.84000015258789,24.3799991607666,26.459999084472656,24.688377380371094,150594
2020-01-16,26.440000534057617,26.899999618530273,25.8799991607666,26.100000381469727,24.35248374938965,214316
2020-01-17,26.100000381469727,26.15999984741211,25.399999618530273,25.559999465942383,23.84864044189453,135892
2020-01-20,25.559999465942383,26.059999465942383,25.280000686645508,25.5,23.79265785217285,136738
2020-01-21,25.5,25.920000076293945,25.280000686645508,25.68000030517578,23.96060562133789,115197
2020-01-22,25.979999542236328,26.059999465942383,25.459999084472656,25.579999923706055,23.86729621887207,142642
2020-01-23,25.600000381469727,26.579999923706055,25.520000457763672,26.15999984741211,24.408466339111328,341286
2020-01-24,26.18000030517578,26.68000030517578,25.81999969482422,26.139999389648438,24.389802932739258,196987
2020-01-27,25.920000076293945,26.5,25.540000915527344,25.799999237060547,24.072568893432617,216540
2020-01-28,26.0,26.280000686645508,25.739999771118164,25.860000610351562,24.12855339050293,148352
2020-01-29,26.059999465942383,26.5,25.639999389648438,25.899999618530273,24.16587257385254,231129
2020-01-30,25.920000076293945,26.200000762939453,25.299999237060547,25.5,23.79265785217285,173588
2020-01-31,25.559999465942383,25.739999771118164,25.34000015258789,25.399999618530273,23.699350357055664,86435
2020-02-03,25.479999542236328,25.5,25.139999389648438,25.280000686645508,23.587387084960938,151745
2020-02-04,25.5,25.81999969482422,25.440000534057617,25.739999771118164,24.01658821105957,184190
2020-02-05,25.84000015258789,26.479999542236328,25.760000228881836,26.020000457763672,24.27783966064453,323547
2020-02-06,26.34000015258789,26.3799991607666,25.799999237060547,26.0,24.259178161621094,198960
2020-02-07,26.15999984741211,26.18000030517578,25.979999542236328,25.979999542236328,24.24051856994629,189270
2020-02-10,25.959999084472656,26.600000381469727,25.079999923706055,25.34000015258789,23.643369674682617,303026
2020-02-11,25.579999923706055,25.940000534057617,25.100000381469727,25.600000381469727,23.885961532592773,127379
2020-02-12,25.700000762939453,27.31999969482422,25.639999389648438,27.219999313354492,25.397491455078125,476071
2020-02-13,27.200000762939453,28.079999923706055,26.8799991607666,27.040000915527344,25.22954750061035,519638
2020-02-14,27.5,27.860000610351562,27.34000015258789,27.479999542236328,25.640087127685547,282886
2020-02-17,25.479999542236328,25.68000030517578,24.440000534057617,24.5,22.85961151123047,873923
2020-02-18,24.5,24.5,23.6200008392334,23.68000030517578,22.094514846801758,386893
2020-02-19,24.0,24.5,21.600000381469727,22.860000610351562,21.32941436767578,402216
2020-02-20,22.899999618530273,23.0,21.360000610351562,21.520000457763672,20.07913589477539,365837
2020-02-21,21.399999618530273,22.280000686645508,20.700000762939453,21.979999542236328,20.508337020874023,297138
2020-02-24,21.399999618530273,21.780000686645508,20.040000915527344,21.459999084472656,20.023151397705078,188696
2020-02-25,21.739999771118164,22.0,21.239999771118164,21.399999618530273,19.9671688079834,169527
2020-02-26,21.459999084472656,21.540000915527344,21.200000762939453,21.420000076293945,19.985830307006836,114088
2020-02-27,21.440000534057617,21.559999465942383,20.579999923706055,20.639999389648438,19.258056640625,181875
2020-02-28,19.0,20.899999618530273,18.0,20.15999984741211,18.810192108154297,119394
2020-03-02,20.739999771118164,21.5,19.5,20.600000381469727,19.220733642578125,162178
2020-03-03,21.0,21.040000915527344,20.65999984741211,20.739999771118164,19.35135841369629,109946
2020-03-04,21.0,21.059999465942383,20.3799991607666,20.5,19.12742805480957,140197
2020-03-05,20.799999237060547,20.860000610351562,20.3799991607666,20.420000076293945,19.052785873413086,126733
2020-03-06,20.6200008392334,20.6200008392334,19.790000915527344,20.100000381469727,18.75421142578125,136849
2020-03-09,19.06999969482422,20.020000457763672,18.729999542236328,19.059999465942383,17.783842086791992,97563
2020-03-10,19.5,20.420000076293945,18.6299991607666,18.850000381469727,17.58790397644043,263279
2020-03-11,18.850000381469727,18.850000381469727,18.850000381469727,18.850000381469727,17.58790397644043,0
2020-03-12,17.579999923706055,17.579999923706055,15.989999771118164,16.18000030517578,15.096673011779785,170045
2020-03-13,16.059999465942383,17.979999542236328,15.720000267028809,17.3799991607666,16.216327667236328,135522
2020-03-16,16.959999084472656,16.959999084472656,15.90999984741211,16.040000915527344,14.966048240661621,167739
2020-03-17,16.030000686645508,16.1299991607666,15.0,15.680000305175781,14.630151748657227,119957
2020-03-18,15.5,15.989999771118164,15.100000381469727,15.40999984741211,14.378227233886719,82503
2020-03-19,14.479999542236328,15.600000381469727,14.279999732971191,15.039999961853027,14.033001899719238,157932
2020-03-20,15.300000190734863,15.649999618530273,14.819999694824219,14.869999885559082,13.874383926391602,112832
2020-03-23,14.350000381469727,14.420000076293945,13.899999618530273,13.970000267028809,13.034643173217773,155239
2020-03-24,14.3100004196167,14.789999961853027,14.109999656677246,14.649999618530273,13.669114112854004,351007
2020-03-25,14.859999656677246,15.15999984741211,14.350000381469727,14.609999656677246,13.631792068481445,313668
2020-03-26,14.65999984741211,16.079999923706055,14.380000114440918,15.680000305175781,14.630151748657227,1117560
2020-03-27,15.899999618530273,16.600000381469727,15.350000381469727,15.800000190734863,14.742116928100586,568365
2020-03-30,15.649999618530273,16.260000228881836,15.529999732971191,15.729999542236328,14.676802635192871,585501
2020-03-31,16.0,16.450000762939453,15.869999885559082,16.200000762939453,15.115335464477539,544652
2020-04-01,16.079999923706055,16.34000015258789,15.800000190734863,16.190000534057617,15.10600471496582,352544
2020-04-02,16.469999313354492,17.56999969482422,16.049999237060547,16.799999237060547,15.675159454345703,1549554
2020-04-03,17.0,17.09000015258789,16.5,16.59000015258789,15.47922134399414,345643
2020-04-06,16.979999542236328,17.5,16.690000534057617,17.110000610351562,15.964407920837402,639265
2020-04-07,17.290000915527344,17.450000762939453,16.899999618530273,17.09000015258789,15.945745468139648,478948
2020-04-08,17.09000015258789,17.1200008392334,16.56999969482422,16.920000076293945,15.787127494812012,377057
2020-04-09,16.899999618530273,17.899999618530273,16.639999389648438,17.420000076293945,16.25364875793457,788888
2020-04-10,17.399999618530273,17.719999313354492,17.100000381469727,17.399999618530273,16.234989166259766,545771
2020-04-13,17.200000762939453,17.479999542236328,17.030000686645508,17.219999313354492,16.067039489746094,254702
2020-04-14,17.350000381469727,17.8799991607666,17.219999313354492,17.479999542236328,16.309633255004883,709451
2020-04-15,17.559999465942383,17.670000076293945,16.510000228881836,16.600000381469727,15.488553047180176,472254
2020-04-16,16.649999618530273,16.780000686645508,16.420000076293945,16.559999465942383,15.4512300491333,245398
2020-04-17,16.979999542236328,17.239999771118164,16.770000457763672,17.020000457763672,15.88043212890625,340675
2020-04-20,17.149999618530273,17.579999923706055,16.989999771118164,17.3700008392334,16.20699691772461,401462
2020-04-21,17.290000915527344,17.290000915527344,16.920000076293945,17.030000686645508,15.889761924743652,220283
2020-04-22,17.15999984741211,17.469999313354492,17.09000015258789,17.170000076293945,16.020389556884766,244093
2020-04-24,17.15999984741211,17.940000534057617,17.139999389648438,17.600000381469727,16.421598434448242,712201
2020-04-27,18.149999618530273,18.889999389648438,18.0,18.530000686645508,17.289331436157227,876978
2020-04-28,18.700000762939453,18.8799991607666,18.100000381469727,18.3799991607666,17.149372100830078,467456
2020-04-29,18.399999618530273,19.18000030517578,18.360000610351562,18.950000762939453,17.681211471557617,613484
2020-04-30,19.040000915527344,20.440000534057617,18.5,19.100000381469727,17.821165084838867,1278915
2020-05-04,18.850000381469727,18.889999389648438,18.309999465942383,18.450000762939453,17.21468734741211,306540
2020-05-05,18.510000228881836,18.649999618530273,18.1299991607666,18.440000534057617,17.20535659790039,253028
2020-05-06,18.600000381469727,19.200000762939453,18.299999237060547,18.729999542236328,17.47593879699707,410789
2020-05-07,18.950000762939453,18.950000762939453,18.3799991607666,18.530000686645508,17.289331436157227,265481
2020-05-08,18.59000015258789,18.719999313354492,18.010000228881836,18.139999389648438,16.92544174194336,262612
2020-05-11,18.219999313354492,18.360000610351562,18.040000915527344,18.110000610351562,16.89745330810547,123381
2020-05-12,18.100000381469727,18.979999542236328,18.079999923706055,18.549999237060547,17.3079891204834,507242
2020-05-13,18.59000015258789,20.399999618530273,18.5,20.399999618530273,19.03412437438965,1228992
2020-05-14,21.219999313354492,21.899999618530273,19.100000381469727,19.25,17.96112060546875,1823066
2020-05-15,19.329999923706055,19.5,19.15999984741211,19.190000534057617,17.905139923095703,384611
2020-05-18,19.280000686645508,19.84000015258789,19.260000228881836,19.510000228881836,18.20371437072754,515096
2020-05-20,19.600000381469727,20.3799991607666,19.530000686645508,20.239999771118164,18.88484001159668,479297
2020-05-21,20.860000610351562,21.360000610351562,19.81999969482422,20.399999618530273,19.03412437438965,612324
2020-05-22,20.459999084472656,20.600000381469727,19.979999542236328,20.219999313354492,18.866174697875977,213372
2020-05-27,20.260000228881836,20.420000076293945,20.0,20.219999313354492,19.295602798461914,263164
2020-05-28,20.15999984741211,20.5,19.8799991607666,19.899999618530273,18.990230560302734,261622
2020-05-29,19.899999618530273,20.200000762939453,19.850000381469727,19.920000076293945,19.00931739807129,215100
2020-06-01,20.0,20.639999389648438,20.0,20.34000015258789,19.41011619567871,583464
2020-06-02,20.5,20.6200008392334,20.079999923706055,20.360000610351562,19.429203033447266,324732
2020-06-03,20.520000457763672,20.65999984741211,20.15999984741211,20.600000381469727,19.658231735229492,470785
2020-06-04,20.700000762939453,20.700000762939453,20.399999618530273,20.559999465942383,19.620058059692383,291785
2020-06-05,20.34000015258789,21.899999618530273,20.020000457763672,21.459999084472656,20.478912353515625,2636689
2020-06-08,21.700000762939453,22.899999618530273,21.0,21.079999923706055,20.11628532409668,1155598
2020-06-09,21.100000381469727,22.200000762939453,20.799999237060547,21.280000686645508,20.30714225769043,2324023
2020-06-10,21.5,21.920000076293945,21.239999771118164,21.280000686645508,20.30714225769043,598393
2020-06-11,21.200000762939453,21.459999084472656,20.860000610351562,21.059999465942383,20.097200393676758,731360
2020-06-12,20.780000686645508,21.940000534057617,20.459999084472656,21.5,20.5170841217041,2623361
2020-06-15,21.440000534057617,21.860000610351562,21.299999237060547,21.399999618530273,20.421655654907227,1253885
2020-06-16,21.600000381469727,21.68000030517578,20.780000686645508,21.540000915527344,20.55525779724121,500834
2020-06-17,21.6200008392334,21.68000030517578,21.260000228881836,21.3799991607666,20.402568817138672,504149
2020-06-18,21.3799991607666,21.739999771118164,21.299999237060547,21.420000076293945,20.44074249267578,691394
2020-06-19,21.5,21.6200008392334,21.18000030517578,21.260000228881836,20.288055419921875,546303
2020-06-22,21.399999618530273,21.700000762939453,21.219999313354492,21.399999618530273,20.421655654907227,569349
2020-06-23,21.579999923706055,22.68000030517578,21.239999771118164,22.100000381469727,21.08965492248535,4067982
2020-06-24,22.299999237060547,22.940000534057617,21.719999313354492,21.84000015258789,20.841541290283203,1749247
2020-06-25,21.780000686645508,22.020000457763672,21.559999465942383,21.600000381469727,20.612512588500977,433624
2020-06-26,21.68000030517578,21.8799991607666,21.5,21.540000915527344,20.55525779724121,270893
2020-06-29,21.520000457763672,21.81999969482422,21.31999969482422,21.540000915527344,20.55525779724121,333987
2020-06-30,21.68000030517578,22.040000915527344,21.6200008392334,21.739999771118164,20.746112823486328,622959
2020-07-01,21.860000610351562,23.239999771118164,21.65999984741211,22.239999771118164,21.22325325012207,2078389
2020-07-02,22.299999237060547,22.739999771118164,22.020000457763672,22.200000762939453,21.18508529663086,1592218
2020-07-03,22.200000762939453,22.34000015258789,22.0,22.040000915527344,21.032400131225586,461726
2020-07-06,22.18000030517578,22.860000610351562,22.18000030517578,22.739999771118164,21.700395584106445,1279965
2020-07-07,22.739999771118164,23.139999389648438,21.719999313354492,22.459999084472656,21.433197021484375,797924
2020-07-08,22.520000457763672,23.239999771118164,22.459999084472656,22.700000762939453,21.6622257232666,806714
2020-07-09,22.8799991607666,23.479999542236328,22.0,22.239999771118164,21.22325325012207,1240393
2020-07-10,22.100000381469727,22.100000381469727,20.5,21.34000015258789,20.364398956298828,492359
2020-07-13,21.719999313354492,22.5,21.420000076293945,22.260000228881836,21.242340087890625,691893
2020-07-14,22.520000457763672,23.440000534057617,22.459999084472656,22.65999984741211,21.624052047729492,915916
2020-07-16,23.219999313354492,23.459999084472656,22.81999969482422,23.0,21.948509216308594,529250
2020-07-17,23.0,23.860000610351562,22.899999618530273,23.700000762939453,22.61650848388672,1069911
2020-07-20,24.399999618530273,24.81999969482422,23.899999618530273,24.040000915527344,22.940963745117188,756236
2020-07-21,24.100000381469727,24.219999313354492,22.899999618530273,23.139999389648438,22.082107543945312,661076
2020-07-22,23.1200008392334,23.520000457763672,22.540000915527344,22.700000762939453,21.6622257232666,401382
2020-07-23,22.920000076293945,24.959999084472656,22.719999313354492,24.520000457763672,23.39902114868164,3372987
2020-07-24,24.1200008392334,24.959999084472656,23.899999618530273,24.100000381469727,22.99822235107422,1136010
2020-07-27,25.3799991607666,25.639999389648438,24.459999084472656,24.860000610351562,23.72347640991211,1598819
2020-07-28,24.979999542236328,24.979999542236328,23.739999771118164,23.739999771118164,22.654678344726562,690640
2020-07-29,23.65999984741211,24.299999237060547,22.479999542236328,23.600000381469727,22.52107810974121,964911
2020-07-30,23.639999389648438,23.84000015258789,23.520000457763672,23.760000228881836,22.673765182495117,143971
2020-08-04,23.940000534057617,24.15999984741211,21.5,22.540000915527344,21.509538650512695,392296
2020-08-05,22.600000381469727,23.0,21.719999313354492,22.540000915527344,21.509538650512695,570043
2020-08-06,22.540000915527344,23.15999984741211,20.3799991607666,20.579999923706055,19.639144897460938,728908
2020-08-07,20.0,21.0,18.440000534057617,20.8799991607666,19.92542839050293,448317
2020-08-10,21.0,21.139999389648438,19.950000762939453,20.84000015258789,19.887256622314453,339841
2020-08-11,20.899999618530273,21.700000762939453,20.860000610351562,21.600000381469727,20.612512588500977,441725
2020-08-12,21.700000762939453,21.84000015258789,21.0,21.559999465942383,20.574342727661133,328957
2020-08-13,21.5,21.700000762939453,21.040000915527344,21.100000381469727,20.135374069213867,223410
2020-08-14,20.799999237060547,20.899999618530273,20.200000762939453,20.420000076293945,19.48645782470703,136182
2020-08-17,20.479999542236328,20.520000457763672,20.0,20.18000030517578,19.257431030273438,115309
2020-08-18,20.239999771118164,20.8799991607666,20.200000762939453,20.520000457763672,19.58188819885254,130008
2020-08-19,20.760000228881836,21.200000762939453,20.3799991607666,21.0,20.03994369506836,431642
2020-08-20,21.280000686645508,23.0,20.719999313354492,22.5,21.47136878967285,1182856
2020-08-21,23.139999389648438,24.360000610351562,22.219999313354492,22.700000762939453,21.6622257232666,1479696
2020-08-24,22.81999969482422,22.979999542236328,21.760000228881836,21.81999969482422,20.82245445251465,430019
2020-08-25,21.979999542236328,22.059999465942383,21.3799991607666,21.5,20.5170841217041,195563
2020-08-26,21.68000030517578,22.18000030517578,21.260000228881836,21.780000686645508,20.784284591674805,292466
2020-08-27,22.0,22.15999984741211,21.739999771118164,21.780000686645508,20.784284591674805,353456
2020-08-28,21.860000610351562,21.979999542236328,21.399999618530273,21.5,20.5170841217041,276371
2020-08-31,21.920000076293945,22.100000381469727,21.399999618530273,21.540000915527344,20.55525779724121,813202
2020-09-01,21.600000381469727,22.639999389648438,20.520000457763672,21.84000015258789,20.841541290283203,1674335
2020-09-02,21.84000015258789,21.920000076293945,21.5,21.6200008392334,20.631601333618164,252756
2020-09-03,21.65999984741211,22.059999465942383,21.399999618530273,21.600000381469727,20.612512588500977,407938
2020-09-04,21.6200008392334,22.399999618530273,21.5,21.899999618530273,20.8987979888916,1265029
2020-09-07,22.139999389648438,22.15999984741211,21.940000534057617,22.040000915527344,21.032400131225586,280225
2020-09-08,22.1200008392334,22.760000228881836,22.059999465942383,22.219999313354492,21.204166412353516,592248
2020-09-09,22.139999389648438,22.959999084472656,22.079999923706055,22.68000030517578,21.643138885498047,899744
2020-09-10,22.84000015258789,23.3799991607666,22.639999389648438,22.760000228881836,21.719480514526367,891058
2020-09-11,22.84000015258789,22.959999084472656,22.700000762939453,22.860000610351562,21.814908981323242,336734
2020-09-14,22.979999542236328,23.8799991607666,22.899999618530273,23.5,22.425649642944336,947229
2020-09-15,23.520000457763672,24.18000030517578,23.260000228881836,23.540000915527344,22.463821411132812,778749
2020-09-16,23.81999969482422,24.280000686645508,23.440000534057617,24.219999313354492,23.112735748291016,845699
2020-09-17,24.020000457763672,24.31999969482422,23.780000686645508,23.920000076293945,22.826448440551758,462634
2020-09-18,23.920000076293945,24.020000457763672,23.520000457763672,23.579999923706055,22.50199317932129,414205
2020-09-21,23.719999313354492,24.0,22.639999389648438,22.760000228881836,21.719480514526367,907233
2020-09-22,22.559999465942383,25.040000915527344,22.540000915527344,24.1200008392334,23.01730728149414,3630393
2020-09-23,24.200000762939453,25.079999923706055,23.700000762939453,23.739999771118164,22.654678344726562,1578696
2020-09-24,23.700000762939453,24.200000762939453,23.459999084472656,23.899999618530273,22.807363510131836,391716
2020-09-25,23.860000610351562,24.600000381469727,23.860000610351562,24.440000534057617,23.322677612304688,697476
2020-09-28,24.5,26.34000015258789,24.5,26.100000381469727,24.90678596496582,1262022
2020-09-29,26.200000762939453,27.399999618530273,26.0,27.1200008392334,25.880155563354492,1543059
2020-09-30,27.459999084472656,29.8799991607666,27.420000076293945,29.8799991607666,28.513975143432617,1661360
2020-10-01,29.8799991607666,29.979999542236328,26.899999618530273,27.639999389648438,26.37638282775879,1251144
2020-10-02,27.780000686645508,28.780000686645508,27.5,28.440000534057617,27.139808654785156,462792
2020-10-05,28.940000534057617,28.940000534057617,27.780000686645508,28.299999237060547,27.006208419799805,753042
2020-10-06,28.559999465942383,28.559999465942383,27.260000228881836,27.299999237060547,26.051925659179688,580970
2020-10-07,27.219999313354492,27.440000534057617,26.959999084472656,27.079999923706055,25.841981887817383,501020
2020-10-08,27.139999389648438,27.899999618530273,26.799999237060547,27.200000762939453,25.956499099731445,525133
2020-10-09,27.5,27.979999542236328,27.18000030517578,27.6200008392334,26.357297897338867,303784
2020-10-12,28.0,28.760000228881836,27.719999313354492,28.3799991607666,27.082550048828125,518855
2020-10-13,28.639999389648438,29.139999389648438,28.059999465942383,28.559999465942383,27.254322052001953,609154
2020-10-14,28.84000015258789,29.639999389648438,28.440000534057617,28.6200008392334,27.311582565307617,541999
2020-10-15,28.700000762939453,28.959999084472656,27.639999389648438,27.899999618530273,26.624494552612305,328998
2020-10-16,28.0,28.239999771118164,27.920000076293945,28.100000381469727,26.815353393554688,177335
2020-10-19,29.040000915527344,29.65999984741211,28.979999542236328,29.059999465942383,27.731462478637695,496129
2020-10-20,29.020000457763672,29.760000228881836,28.799999237060547,29.3799991607666,28.036832809448242,581162
2020-10-21,29.739999771118164,29.8799991607666,29.0,29.18000030517578,27.845977783203125,553901
2020-10-22,29.299999237060547,29.299999237060547,28.399999618530273,28.700000762939453,27.387924194335938,309922
2020-10-23,28.84000015258789,28.920000076293945,27.420000076293945,27.84000015258789,26.56723976135254,237831
2020-10-26,27.68000030517578,27.68000030517578,25.020000457763672,25.020000457763672,23.876161575317383,381194
2020-10-27,24.100000381469727,25.799999237060547,23.979999542236328,25.68000030517578,24.5059871673584,360907
2020-10-28,25.68000030517578,26.399999618530273,25.299999237060547,25.920000076293945,24.735015869140625,175143
2020-10-30,25.700000762939453,26.700000762939453,25.0,26.040000915527344,24.849533081054688,284616
2020-11-02,26.1200008392334,26.559999465942383,25.760000228881836,25.8799991607666,24.69684410095215,162757
2020-11-03,26.5,26.860000610351562,25.200000762939453,26.020000457763672,24.8304443359375,237130
2020-11-04,26.399999618530273,26.799999237060547,26.299999237060547,26.540000915527344,25.32667350769043,279700
2020-11-05,27.0,27.5,26.68000030517578,26.8799991607666,25.651126861572266,313200
2020-11-06,27.100000381469727,27.420000076293945,26.540000915527344,27.15999984741211,25.918325424194336,160815
2020-11-09,27.540000915527344,27.920000076293945,27.100000381469727,27.31999969482422,26.071012496948242,274488
2020-11-10,27.520000457763672,28.6200008392334,27.520000457763672,28.040000915527344,26.75809669494629,356860
2020-11-11,27.899999618530273,28.420000076293945,27.700000762939453,28.020000457763672,26.739009857177734,323055
2020-11-12,28.079999923706055,28.1200008392334,26.5,26.760000228881836,25.53661346435547,253075
2020-11-13,27.020000457763672,27.299999237060547,26.68000030517578,27.1200008392334,25.880155563354492,142600
2020-11-16,27.420000076293945,27.84000015258789,27.0,27.34000015258789,26.090099334716797,322622
2020-11-17,27.18000030517578,27.200000762939453,26.18000030517578,26.299999237060547,25.097640991210938,241904
2020-11-18,26.18000030517578,26.739999771118164,26.18000030517578,26.65999984741211,25.441184997558594,142904
2020-11-19,26.5,27.260000228881836,26.100000381469727,27.079999923706055,25.841981887817383,156420
2020-11-20,27.059999465942383,27.639999389648438,26.899999618530273,27.540000915527344,26.280954360961914,237809
2020-11-23,27.84000015258789,30.239999771118164,27.600000381469727,30.239999771118164,28.857515335083008,1201126
2020-11-24,30.5,33.2599983215332,29.739999771118164,33.2599983215332,31.739452362060547,3094335
2020-11-25,35.0,36.58000183105469,34.5,36.58000183105469,34.90767288208008,1498391
2020-11-26,38.040000915527344,39.5,34.68000030517578,35.119998931884766,33.51441955566406,3586517
2020-11-27,35.619998931884766,37.13999938964844,34.02000045776367,34.65999984741211,33.0754508972168,1012516
2020-11-30,34.02000045776367,34.279998779296875,31.18000030517578,31.18000030517578,29.754545211791992,1326918
2020-12-01,31.399999618530273,33.52000045776367,31.31999969482422,31.979999542236328,30.517969131469727,1676936
2020-12-02,32.2599983215332,32.900001525878906,31.399999618530273,31.559999465942383,30.117170333862305,804879
2020-12-03,31.639999389648438,32.68000030517578,31.100000381469727,32.20000076293945,30.727914810180664,702151
2020-12-04,32.36000061035156,35.560001373291016,32.36000061035156,35.560001373291016,33.93430709838867,1274446
2020-12-07,36.959999084472656,37.900001525878906,34.220001220703125,34.560001373291016,32.98002243041992,1680329
2020-12-08,34.47999954223633,36.119998931884766,33.599998474121094,34.15999984741211,32.598304748535156,667615
2020-12-09,34.119998931884766,36.880001068115234,33.040000915527344,35.20000076293945,33.59076690673828,1324371
2020-12-10,35.5,36.5,34.939998626708984,35.900001525878906,34.258758544921875,623728
2020-12-11,35.70000076293945,36.939998626708984,34.84000015258789,36.439998626708984,34.774070739746094,452754
2020-12-14,37.13999938964844,39.58000183105469,37.13999938964844,37.97999954223633,36.24367141723633,1057042
2020-12-15,38.13999938964844,38.52000045776367,36.7599983215332,37.099998474121094,35.403900146484375,552940
2020-12-16,37.040000915527344,37.939998626708984,36.41999816894531,36.81999969482422,35.13669967651367,589218
2020-12-17,36.7599983215332,37.400001525878906,36.459999084472656,36.79999923706055,35.11761474609375,287032
2020-12-18,36.79999923706055,38.08000183105469,36.68000030517578,37.18000030517578,35.48024368286133,728294
2020-12-21,37.0,37.08000183105469,35.41999816894531,36.0,34.354190826416016,543739
2020-12-22,36.20000076293945,39.560001373291016,36.02000045776367,39.560001373291016,37.75143814086914,1777979
2020-12-23,40.119998931884766,43.5,39.7400016784668,43.5,41.511314392089844,3458134
2020-12-24,44.0,46.959999084472656,41.97999954223633,42.20000076293945,40.270748138427734,3629443
2020-12-25,42.15999984741211,43.900001525878906,40.060001373291016,42.13999938964844,40.21348571777344,984889
2020-12-28,42.65999984741211,42.97999954223633,41.220001220703125,41.47999954223633,39.58366012573242,686937
2020-12-29,41.5,43.5,40.5,42.29999923706055,40.36616897583008,1288669
2020-12-30,42.040000915527344,43.400001525878906,41.29999923706055,41.439998626708984,39.54549026489258,770639
2020-12-31,41.439998626708984,41.86000061035156,40.459999084472656,41.15999984741211,39.278289794921875,371092
2021-01-04,41.0,43.599998474121094,41.0,42.34000015258789,40.40434265136719,841836
2021-01-05,42.34000015258789,42.5,40.2400016784668,41.13999938964844,39.25920104980469,711172
2021-01-06,41.15999984741211,42.70000076293945,40.900001525878906,41.70000076293945,39.793601989746094,700548
2021-01-07,41.7400016784668,42.15999984741211,41.13999938964844,41.70000076293945,39.793601989746094,596804
2021-01-08,41.900001525878906,45.84000015258789,41.900001525878906,45.84000015258789,43.74433517456055,1253594
2021-01-11,46.70000076293945,50.400001525878906,44.65999984741211,48.36000061035156,46.14912796020508,3465398
2021-01-12,50.0,51.29999923706055,46.79999923706055,48.31999969482422,46.11095428466797,1557479
2021-01-13,48.599998474121094,48.97999954223633,46.79999923706055,47.34000015258789,45.175758361816406,844812
2021-01-14,47.20000076293945,47.47999954223633,45.02000045776367,45.68000030517578,43.591651916503906,749239
2021-01-15,44.900001525878906,47.97999954223633,44.15999984741211,44.900001525878906,42.84730911254883,1073824
2021-01-18,45.20000076293945,47.41999816894531,44.0,46.880001068115234,44.736785888671875,1646753
2021-01-19,48.36000061035156,51.400001525878906,47.220001220703125,48.380001068115234,46.168212890625,2003466
2021-01-20,48.5,48.880001068115234,47.0,47.959999084472656,45.76741027832031,689695
2021-01-21,48.13999938964844,52.75,47.81999969482422,49.560001373291016,47.29426574707031,2382231
2021-01-22,49.599998474121094,50.0,48.0,49.040000915527344,46.79804229736328,673861
2021-01-25,49.5,49.79999923706055,48.220001220703125,48.97999954223633,46.74078369140625,777521
2021-01-26,49.0,52.25,47.400001525878906,50.849998474121094,48.52528762817383,1384308
2021-01-27,50.79999923706055,52.5,46.279998779296875,46.65999984741211,44.5268440246582,1215008
2021-01-28,44.380001068115234,48.599998474121094,43.29999923706055,47.720001220703125,45.538387298583984,1221265
2021-01-29,47.0,49.060001373291016,46.599998474121094,48.0,45.80558395385742,679590
2021-02-01,48.13999938964844,49.91999816894531,47.2599983215332,48.880001068115234,46.645355224609375,766774
2021-02-02,49.58000183105469,50.79999923706055,48.560001373291016,48.79999923706055,46.569007873535156,708102
2021-02-03,49.119998931884766,51.5,49.119998931884766,51.5,49.14557647705078,1150743
2021-02-04,52.04999923706055,52.54999923706055,50.25,50.5,48.19129180908203,693844
2021-02-05,51.400001525878906,51.400001525878906,49.720001220703125,50.0,47.714149475097656,376619
2021-02-08,51.400001525878906,55.0,50.20000076293945,55.0,52.48556137084961,2123105
2021-02-09,56.5,60.5,56.04999923706055,60.5,57.73412322998047,2210258
2021-02-10,64.0,66.55000305175781,64.0,66.55000305175781,63.50754165649414,355079
2021-02-11,72.55000305175781,73.19999694824219,66.5999984741211,67.30000305175781,64.22325134277344,4525350
2021-02-12,67.30000305175781,69.0,64.1500015258789,64.80000305175781,61.83754348754883,1100021
2021-02-15,67.0,71.25,67.0,71.25,67.99267578125,669376
2021-02-16,75.5,78.3499984741211,68.05000305175781,73.0999984741211,69.75808715820312,3173691
2021-02-17,74.0,76.5,69.69999694824219,70.0999984741211,66.8952407836914,958787
2021-02-18,71.69999694824219,77.0999984741211,70.75,73.44999694824219,70.09208679199219,2169567
2021-02-19,73.55000305175781,74.94999694824219,70.5999984741211,71.05000305175781,67.80180358886719,788055
2021-02-22,71.5,73.0,66.0,68.0,64.89124298095703,799913
2021-02-23,67.9000015258789,68.25,62.04999923706055,64.80000305175781,61.83754348754883,711771
2021-02-24,58.349998474121094,64.44999694824219,58.349998474121094,60.20000076293945,57.44784164428711,339707
2021-02-25,61.25,63.04999923706055,55.70000076293945,59.349998474121094,56.636695861816406,348566
2021-02-26,56.0,58.5,55.04999923706055,58.29999923706055,55.634700775146484,215283
2021-03-01,59.0,64.0999984741211,56.900001525878906,64.0999984741211,61.16954040527344,281138
2021-03-02,64.0999984741211,70.5,62.150001525878906,67.44999694824219,64.36637878417969,342227
2021-03-03,68.0,68.69999694824219,64.5999984741211,65.55000305175781,62.55325698852539,218099
2021-03-04,65.0,65.0,62.650001525878906,64.05000305175781,61.121829986572266,147517
2021-03-05,61.5,68.0,61.5,67.25,64.175537109375,222785
2021-03-08,67.3499984741211,73.44999694824219,67.3499984741211,71.6500015258789,68.37438201904297,432321
2021-03-09,71.6500015258789,72.44999694824219,69.05000305175781,70.0,66.7998046875,204084
2021-03-10,70.8499984741211,71.69999694824219,69.5,71.0,67.75409698486328,141615
2021-03-11,71.0,73.8499984741211,67.75,67.9000015258789,64.79582214355469,561080
2021-03-12,68.1500015258789,70.19999694824219,65.55000305175781,66.3499984741211,63.316680908203125,430679
2021-03-15,66.4000015258789,68.0,64.3499984741211,65.3499984741211,62.36239242553711,489688
2021-03-16,65.5,67.3499984741211,64.1500015258789,64.80000305175781,61.83754348754883,346083
2021-03-17,65.0,65.05000305175781,62.0,62.599998474121094,59.73811721801758,345661
2021-03-18,63.0,68.8499984741211,63.0,68.8499984741211,65.70237731933594,1527370
2021-03-19,70.0,71.0999984741211,63.20000076293945,64.1500015258789,61.217254638671875,1535522
2021-03-22,59.400001525878906,61.54999923706055,57.75,57.75,55.10984420776367,320621
2021-03-23,53.5,61.95000076293945,52.0,59.349998474121094,56.636695861816406,840925
2021-03-24,62.0,64.5,60.099998474121094,63.45000076293945,60.549259185791016,556886
2021-03-25,63.5,66.44999694824219,61.599998474121094,62.349998474121094,59.49954605102539,458855
2021-03-26,63.5,64.0,59.650001525878906,61.150001525878906,58.35440444946289,438794
2021-03-29,62.400001525878906,62.45000076293945,60.04999923706055,60.5,57.73412322998047,262452
2021-03-30,60.400001525878906,63.5,58.54999923706055,62.150001525878906,59.30868911743164,548252
2021-03-31,62.79999923706055,65.9000015258789,62.75,63.79999923706055,60.88325500488281,624970
2021-04-01,64.44999694824219,65.5999984741211,63.849998474121094,64.44999694824219,61.5035400390625,362597
2021-04-02,65.30000305175781,70.8499984741211,64.5999984741211,69.0,65.84552764892578,1533514
2021-04-05,69.3499984741211,75.9000015258789,69.30000305175781,75.9000015258789,72.43008422851562,660843
2021-04-06,81.94999694824219,83.44999694824219,77.9000015258789,81.5,77.77406311035156,3013095
2021-04-07,83.1500015258789,84.3499984741211,77.30000305175781,79.55000305175781,75.91321563720703,1650125
2021-04-08,81.0,83.05000305175781,76.5999984741211,80.19999694824219,76.53350067138672,1116237
2021-04-09,80.69999694824219,82.0,72.19999694824219,72.80000305175781,69.47180938720703,1877463
2021-04-12,69.0,71.5,66.30000305175781,66.5999984741211,63.55524444580078,282621
2021-04-13,66.0,73.0,62.75,70.80000305175781,67.56324005126953,304813
2021-04-14,69.9000015258789,73.69999694824219,67.05000305175781,69.8499984741211,66.65666961669922,171820
2021-04-15,70.05000305175781,70.75,67.5,67.5999984741211,64.50952911376953,100804
2021-04-16,67.80000305175781,70.0,67.69999694824219,69.05000305175781,65.89324951171875,95964
2021-04-19,70.0,73.05000305175781,68.0,69.0,65.84552764892578,169083
2021-04-20,69.5999984741211,72.0,66.19999694824219,68.0,64.89124298095703,127827
2021-04-21,68.94999694824219,69.0,62.150001525878906,64.75,61.789825439453125,147583
2021-04-22,64.0,67.75,61.5,67.05000305175781,63.984676361083984,137963
2021-04-26,67.0,69.94999694824219,65.80000305175781,69.5,66.32266998291016,121607
2021-04-27,71.0,76.44999694824219,71.0,76.44999694824219,72.95492553710938,718798
2021-04-28,77.1500015258789,79.3499984741211,72.25,72.6500015258789,69.32865905761719,523893
2021-04-29,73.30000305175781,76.5999984741211,72.69999694824219,74.30000305175781,70.90322875976562,318283
2021-04-30,74.80000305175781,75.25,72.0,73.4000015258789,70.04437255859375,222921
2021-05-03,74.19999694824219,80.0,73.3499984741211,78.1500015258789,74.57721710205078,776477
2021-05-04,78.9000015258789,84.1500015258789,77.30000305175781,79.9000015258789,76.2472152709961,1170648
2021-05-05,79.9000015258789,81.30000305175781,77.25,78.19999694824219,74.62493133544922,442763
2021-05-06,79.0,79.19999694824219,75.3499984741211,76.44999694824219,72.95492553710938,397642
2021-05-07,80.0,84.05000305175781,80.0,82.0,78.2511978149414,1941621
2021-05-10,82.5,90.19999694824219,81.69999694824219,87.0,83.02262878417969,2247120
2021-05-11,86.94999694824219,91.4000015258789,84.3499984741211,85.0,81.11405181884766,1440576
2021-05-12,85.19999694824219,85.69999694824219,82.30000305175781,82.9000015258789,79.11006164550781,258121
2021-05-17,83.0999984741211,90.19999694824219,83.0999984741211,88.75,85.62217712402344,1131299
2021-05-18,89.8499984741211,90.4000015258789,84.6500015258789,84.9000015258789,81.9078598022461,1121861
2021-05-20,86.0,87.5,83.0,85.5,82.48670959472656,688025
2021-05-21,86.0,86.44999694824219,83.80000305175781,85.0,82.00432586669922,346830
2021-05-24,85.3499984741211,85.6500015258789,81.0999984741211,83.0,80.07482147216797,515444
2021-05-25,83.05000305175781,83.44999694824219,79.5,80.30000305175781,77.469970703125,527681
2021-05-26,80.69999694824219,86.44999694824219,78.94999694824219,84.0,81.0395736694336,725964
2021-05-27,83.80000305175781,85.5,81.8499984741211,82.69999694824219,79.78538513183594,447918
2021-05-28,82.5999984741211,84.8499984741211,79.9000015258789,82.0,79.11006164550781,440099
2021-05-31,82.1500015258789,83.80000305175781,81.8499984741211,82.5999984741211,79.68891143798828,304514
2021-06-01,82.19999694824219,86.19999694824219,82.05000305175781,83.0,80.07482147216797,680447
2021-06-02,82.0,91.19999694824219,81.0999984741211,86.0,82.9690933227539,1199544
2021-06-03,86.1500015258789,90.94999694824219,86.1500015258789,90.19999694824219,87.02106475830078,944707
2021-06-04,90.3499984741211,99.0,90.3499984741211,97.3499984741211,93.91907501220703,1895395
2021-06-07,99.0,99.75,92.19999694824219,95.9000015258789,92.52017974853516,979958
2021-06-08,97.0,100.19999694824219,94.30000305175781,96.0,92.61666107177734,856554
2021-06-09,96.55000305175781,99.30000305175781,93.25,98.4000015258789,94.93207550048828,982166
2021-06-10,99.5,105.19999694824219,96.75,96.8499984741211,93.43669891357422,1884953
2021-06-11,96.8499984741211,99.69999694824219,95.94999694824219,97.0999984741211,93.67788696289062,511032
2021-06-14,98.75,98.9000015258789,93.8499984741211,94.0,90.68714141845703,424723
2021-06-15,94.0,95.80000305175781,91.55000305175781,93.19999694824219,89.91533660888672,451504
2021-06-16,93.25,94.0,91.0,92.69999694824219,89.43295288085938,301032
2021-06-17,92.05000305175781,93.55000305175781,91.19999694824219,91.9000015258789,88.66114807128906,225677
2021-06-18,92.8499984741211,97.44999694824219,92.5999984741211,96.55000305175781,93.14727020263672,777387
2021-06-21,96.55000305175781,103.19999694824219,94.0,102.4000015258789,98.79110717773438,1077044
2021-06-22,103.0,106.0,98.1500015258789,101.80000305175781,98.21224975585938,893821
2021-06-23,102.9000015258789,102.9000015258789,98.3499984741211,98.80000305175781,95.31797790527344,382332
2021-06-24,98.75,99.5999984741211,96.9000015258789,97.4000015258789,93.96731567382812,351042
2021-06-25,98.0,104.5,95.0,104.5,100.81709289550781,1173233
2021-06-28,105.0,114.9000015258789,102.5999984741211,114.9000015258789,110.8505630493164,1502203
2021-06-29,117.0,124.4000015258789,113.0,118.4000015258789,114.22721099853516,2420926
2021-06-30,119.0,130.1999969482422,118.5,130.1999969482422,125.61133575439453,1797409
2021-07-01,131.5,135.5,119.0,127.0,122.52412414550781,2770830
2021-07-02,128.10000610351562,139.39999389648438,128.10000610351562,136.6999969482422,131.88226318359375,1923522
2021-07-05,139.6999969482422,147.5,137.1999969482422,144.39999389648438,139.31088256835938,1202676
2021-07-06,139.60000610351562,148.6999969482422,135.0,141.6999969482422,136.7060546875,1236489
2021-07-07,141.60000610351562,143.10000610351562,135.0,135.1999969482422,130.43511962890625,682178
2021-07-08,135.0,135.0,121.69999694824219,121.69999694824219,117.41090393066406,1072469
2021-07-09,120.0999984741211,133.8000030517578,116.5,133.8000030517578,129.08447265625,1313067
2021-07-12,135.0,146.89999389648438,134.39999389648438,144.5,139.40736389160156,1429840
2021-07-13,149.1999969482422,151.0,135.5,142.0,136.99546813964844,1560994
2021-07-14,143.10000610351562,146.10000610351562,139.10000610351562,143.3000030517578,138.24966430664062,621465
2021-07-16,143.5,144.5,138.0,140.0,135.06594848632812,500131
2021-07-19,140.0,145.0,137.10000610351562,142.10000610351562,137.09194946289062,240907
2021-07-26,142.10000610351562,143.6999969482422,140.1999969482422,140.8000030517578,135.8377685546875,298889
2021-07-27,140.8000030517578,142.3000030517578,136.3000030517578,136.5,131.68931579589844,287012
2021-07-28,136.0,142.5,129.1999969482422,139.10000610351562,134.19769287109375,703558
2021-07-29,140.0,143.39999389648438,137.5,140.6999969482422,135.7412872314453,313936
2021-07-30,140.6999969482422,143.39999389648438,138.10000610351562,140.6999969482422,135.7412872314453,305988
2021-08-02,142.0,142.3000030517578,137.3000030517578,138.6999969482422,133.811767578125,197579
2021-08-03,138.6999969482422,141.39999389648438,136.8000030517578,138.39999389648438,133.5223388671875,199799
2021-08-04,138.89999389648438,141.10000610351562,138.39999389648438,139.89999389648438,134.969482421875,181516
2021-08-05,139.6999969482422,153.8000030517578,139.39999389648438,152.60000610351562,147.22190856933594,1969625
2021-08-06,156.89999389648438,157.3000030517578,147.0,151.8000030517578,146.45010375976562,931753
2021-08-09,152.0,152.5,144.5,146.8000030517578,141.62631225585938,364652
2021-08-10,146.8000030517578,151.39999389648438,142.6999969482422,146.0,140.8544921875,406343
2021-08-11,146.39999389648438,148.8000030517578,140.0,140.0,135.06594848632812,312604
2021-08-12,142.0,150.3000030517578,142.0,147.1999969482422,142.01219177246094,655097
2021-08-13,147.5,149.0,142.6999969482422,144.0,138.92498779296875,303256
2021-08-16,145.1999969482422,148.8000030517578,144.3000030517578,144.60000610351562,139.50384521484375,236667
2021-08-17,146.0,147.5,142.6999969482422,144.10000610351562,139.021484375,198752
2021-08-18,144.89999389648438,145.89999389648438,142.0,145.0,139.88973999023438,197214
2021-08-19,145.0,149.1999969482422,143.0,145.6999969482422,140.56507873535156,330447
2021-08-20,145.0,147.0,144.10000610351562,144.5,139.40736389160156,152276
2021-08-23,144.1999969482422,144.8000030517578,139.0,139.10000610351562,134.19769287109375,345781
2021-08-24,139.5,140.5,134.0,136.60000610351562,131.78578186035156,411899
2021-08-25,137.60000610351562,145.39999389648438,137.0,137.89999389648438,133.0399627685547,514328
2021-08-26,138.39999389648438,140.5,133.60000610351562,134.89999389648438,130.14569091796875,1730214
2021-08-27,138.39999389648438,140.10000610351562,132.10000610351562,134.39999389648438,129.66331481933594,311099
2021-08-31,135.60000610351562,136.5,131.6999969482422,132.0,127.34790802001953,271607
2021-09-01,132.0,138.0,130.5,133.39999389648438,128.69854736328125,451133
2021-09-02,133.39999389648438,133.89999389648438,131.39999389648438,131.39999389648438,126.76905059814453,164212
2021-09-03,131.0,134.0,130.6999969482422,130.89999389648438,126.28666687011719,212177
2021-09-06,130.89999389648438,131.39999389648438,126.4000015258789,126.9000015258789,122.42765045166016,351798
2021-09-07,126.9000015258789,128.8000030517578,122.0,123.9000015258789,119.53337860107422,400129
2021-09-08,123.5,134.10000610351562,123.0,127.30000305175781,122.81355285644531,1000010
2021-09-09,128.39999389648438,133.10000610351562,127.4000015258789,129.3000030517578,124.7430648803711,363445
2021-09-10,129.8000030517578,131.5,128.0,128.5,123.97126007080078,174384
2021-09-13,128.5,129.89999389648438,125.5,125.5,121.07698059082031,183369
2021-09-14,125.0,125.9000015258789,121.5999984741211,122.30000305175781,117.98976135253906,259169
2021-09-15,122.30000305175781,128.10000610351562,120.9000015258789,123.4000015258789,119.05099487304688,557195
2021-09-16,123.4000015258789,124.0,118.0999984741211,119.69999694824219,115.48139190673828,323275
2021-09-17,120.4000015258789,121.0,108.5,112.5,108.53514099121094,914146
2021-09-20,112.0,114.5999984741211,107.0999984741211,108.9000015258789,105.06202697753906,488719
2021-09-21,110.5,113.4000015258789,107.30000305175781,107.5,103.71136474609375,436394
2021-09-22,108.30000305175781,109.5,101.0,103.80000305175781,100.14176940917969,516539
2021-09-23,103.9000015258789,106.4000015258789,99.05000305175781,101.69999694824219,98.11576843261719,594383
2021-09-24,101.5999984741211,101.5999984741211,95.0999984741211,96.9000015258789,93.48494720458984,694208
2021-09-27,97.19999694824219,102.0999984741211,95.4000015258789,97.0999984741211,93.67788696289062,705454
2021-09-28,97.25,97.3499984741211,92.75,95.4000015258789,92.03780364990234,487369
2021-09-29,96.05000305175781,97.5999984741211,93.5999984741211,93.94999694824219,90.63890075683594,614581
2021-09-30,94.0999984741211,102.30000305175781,93.3499984741211,99.3499984741211,95.84859466552734,1548992
2021-10-01,97.6500015258789,98.3499984741211,95.5,96.1500015258789,92.76136779785156,436693
2021-10-04,96.30000305175781,96.8499984741211,94.0,94.25,90.92832946777344,237333
2021-10-05,94.19999694824219,96.25,92.55000305175781,94.9000015258789,91.555419921875,462844
2021-10-06,95.25,97.5,91.0999984741211,91.0999984741211,87.88934326171875,419429
2021-10-07,92.0999984741211,93.6500015258789,85.5,86.9000015258789,83.83737182617188,788810
2021-10-08,87.0,88.75,84.5,86.6500015258789,83.59618377685547,772400
2021-10-11,86.9000015258789,93.0,86.5999984741211,89.19999694824219,86.05631256103516,1013019
2021-10-12,89.19999694824219,91.0,87.4000015258789,89.44999694824219,86.29749298095703,427101
2021-10-13,89.5,96.5,89.44999694824219,93.55000305175781,90.25300598144531,1351810
2021-10-14,93.0,93.0,89.0,89.0999984741211,85.95983123779297,748381
2021-10-15,89.30000305175781,90.80000305175781,84.80000305175781,85.9000015258789,82.87261199951172,614552
2021-10-18,85.9000015258789,89.19999694824219,85.3499984741211,86.6500015258789,83.59618377685547,580314
2021-10-19,87.0,88.80000305175781,86.1500015258789,86.80000305175781,83.74089813232422,339415
2021-10-20,87.0,87.55000305175781,85.75,85.75,82.72789764404297,276858
2021-10-21,85.75,86.5,82.55000305175781,85.80000305175781,82.77613830566406,2122838
2021-10-22,86.80000305175781,94.3499984741211,86.69999694824219,94.3499984741211,91.02481079101562,958486
2021-10-25,98.75,103.69999694824219,98.0,103.69999694824219,100.04528045654297,2159194
2021-10-26,106.5,114.0,106.5,114.0,109.9822769165039,1180089
2021-10-27,121.0,123.19999694824219,109.5,120.0999984741211,115.8672866821289,2688728
2021-10-28,120.0999984741211,121.19999694824219,114.69999694824219,117.0,112.87654876708984,541355
2021-11-01,117.0,118.0,111.5,111.69999694824219,107.76333618164062,916980
2021-11-02,112.30000305175781,122.80000305175781,108.69999694824219,122.80000305175781,118.47213745117188,1113665
2021-11-03,128.0,135.0,121.5999984741211,135.0,130.24217224121094,2327492
2021-11-04,139.3000030517578,144.39999389648438,132.1999969482422,132.1999969482422,127.54084777832031,1908588
2021-11-05,128.0,139.6999969482422,123.19999694824219,130.0,125.41838836669922,1291444
2021-11-08,130.0,138.0,126.30000305175781,129.39999389648438,124.83953094482422,994932
2021-11-09,129.89999389648438,131.0,123.5,123.5999984741211,119.24394226074219,466724
2021-11-10,123.19999694824219,133.0,117.0999984741211,129.3000030517578,124.7430648803711,1149227
2021-11-11,129.0,135.0,126.0999984741211,127.0999984741211,122.62059020996094,836617
2021-11-12,126.30000305175781,130.89999389648438,124.19999694824219,125.5,121.07698059082031,436218
2021-11-15,125.69999694824219,127.80000305175781,123.5,123.80000305175781,119.43690490722656,467994
2021-11-16,123.9000015258789,127.0,119.80000305175781,120.9000015258789,116.63910675048828,553295
2021-11-17,121.30000305175781,122.30000305175781,117.5,118.5,114.32368469238281,298914
2021-11-18,118.5,124.30000305175781,116.30000305175781,119.0,114.80606842041016,690393
2021-11-19,120.0,121.80000305175781,118.4000015258789,119.0999984741211,114.90254211425781,396945
2021-11-22,120.0999984741211,124.5,119.30000305175781,123.9000015258789,119.53337860107422,605561
2021-11-23,125.0999984741211,133.89999389648438,123.80000305175781,126.9000015258789,122.42765045166016,1487247
2021-11-24,128.0,131.39999389648438,125.5,126.4000015258789,121.94526672363281,564400
2021-11-25,127.5,128.0,125.0,125.5,121.07698059082031,731294
2021-11-26,126.5999984741211,126.5999984741211,120.5,121.5,117.21795654296875,326459
2021-11-29,121.5999984741211,124.4000015258789,119.9000015258789,122.0999984741211,117.79681396484375,316143
2021-11-30,122.0,123.69999694824219,119.5,120.9000015258789,116.63910675048828,283529
2021-12-01,120.9000015258789,127.0999984741211,120.9000015258789,125.0,120.5946044921875,540096
2021-12-02,125.4000015258789,137.5,125.4000015258789,137.5,132.654052734375,1503594
2021-12-03,141.0,151.1999969482422,141.0,144.0,138.92498779296875,1917645
2021-12-06,145.0,147.89999389648438,137.8000030517578,138.8000030517578,133.9082489013672,791005
2021-12-07,142.0,142.3000030517578,136.60000610351562,139.5,134.5835723876953,533697
2021-12-08,140.10000610351562,146.8000030517578,138.39999389648438,145.1999969482422,140.0826873779297,1062244
2021-12-09,145.10000610351562,149.10000610351562,142.8000030517578,143.0,137.96022033691406,570919
2021-12-10,143.0,145.89999389648438,139.5,144.10000610351562,139.021484375,510100
2021-12-13,144.8000030517578,146.6999969482422,142.0,142.89999389648438,137.86375427246094,536673
2021-12-14,142.60000610351562,146.5,141.60000610351562,142.60000610351562,137.57432556152344,617014
2021-12-15,143.10000610351562,144.0,135.3000030517578,136.1999969482422,131.39988708496094,564562
2021-12-16,139.89999389648438,144.5,137.60000610351562,141.10000610351562,136.127197265625,695140
2021-12-17,142.1999969482422,146.5,127.0,127.0,122.52412414550781,971938
2021-12-20,119.5,129.8000030517578,114.30000305175781,118.69999694824219,114.51663970947266,1247011
2021-12-21,128.5,128.5,113.0999984741211,115.80000305175781,111.71884155273438,556224
2021-12-22,116.0,122.5,113.5,118.4000015258789,114.22721099853516,515284
2021-12-23,120.4000015258789,122.9000015258789,115.9000015258789,120.69999694824219,116.4461441040039,417652
2021-12-24,122.80000305175781,122.80000305175781,118.80000305175781,119.5,115.28844451904297,333866
2021-12-27,120.0,124.0999984741211,119.0,119.80000305175781,115.57787322998047,497927
2021-12-28,120.0,120.4000015258789,113.19999694824219,114.0,109.9822769165039,343660
2021-12-29,114.4000015258789,115.30000305175781,111.5999984741211,113.9000015258789,109.88581085205078,316197
2021-12-30,114.4000015258789,117.5,111.0999984741211,111.9000015258789,107.95629119873047,375583
2021-12-31,111.9000015258789,113.30000305175781,110.5999984741211,112.0,108.05276489257812,185276
2022-01-03,112.0,115.5,111.5,115.5,111.42941284179688,275799
2022-01-04,115.9000015258789,116.80000305175781,113.4000015258789,116.30000305175781,112.20122528076172,298845
2022-01-05,116.4000015258789,116.4000015258789,113.30000305175781,114.19999694824219,110.17523193359375,249628
2022-01-06,114.0,115.19999694824219,112.0,112.5,108.53514099121094,235602
2022-01-07,113.0,123.69999694824219,112.4000015258789,123.69999694824219,119.34041595458984,1149910
2022-01-10,128.6999969482422,136.0,128.1999969482422,136.0,131.20692443847656,839780
2022-01-11,140.0,140.8000030517578,126.4000015258789,129.0,124.4536361694336,2008911
2022-01-12,131.0,131.8000030517578,126.0,126.5,122.04174041748047,699345
2022-01-13,126.4000015258789,130.8000030517578,125.19999694824219,125.5,121.07698059082031,544181
2022-01-14,126.4000015258789,133.6999969482422,125.0999984741211,128.0,123.48887634277344,1125669
2022-01-17,129.0,129.1999969482422,126.0,126.0,121.55936431884766,282234
2022-01-18,126.30000305175781,129.89999389648438,120.0,120.0999984741211,115.8672866821289,358301
2022-01-19,120.0,124.5,119.0,122.80000305175781,118.47213745117188,377157
2022-01-20,123.19999694824219,125.80000305175781,119.0,120.30000305175781,116.06025695800781,378247
2022-01-21,120.19999694824219,128.0,118.9000015258789,123.5,119.14747619628906,669971
2022-01-24,123.5999984741211,125.4000015258789,116.19999694824219,116.19999694824219,112.10474395751953,349707
2022-01-25,116.5,119.69999694824219,112.0999984741211,115.19999694824219,111.13998413085938,430204
2022-01-26,116.0,119.19999694824219,115.30000305175781,115.69999694824219,111.62236785888672,351348
2022-01-27,115.5,120.0,114.0999984741211,119.9000015258789,115.67434692382812,417696
2022-01-28,120.9000015258789,122.0999984741211,116.9000015258789,117.5,113.35893249511719,298211
2022-01-31,118.19999694824219,119.5,116.9000015258789,118.30000305175781,114.1307373046875,194957
2022-02-01,118.4000015258789,121.30000305175781,117.80000305175781,119.0,114.80606842041016,300615
2022-02-02,120.19999694824219,120.5,116.69999694824219,117.0,112.87654876708984,186397
2022-02-03,117.5,117.80000305175781,115.4000015258789,116.0,111.91179656982422,165292
2022-02-04,117.80000305175781,121.5999984741211,116.9000015258789,118.19999694824219,114.03426361083984,404828
2022-02-07,118.4000015258789,119.5999984741211,116.9000015258789,118.5,114.32368469238281,196649
2022-02-08,119.0,123.5,117.5999984741211,120.30000305175781,116.06025695800781,430994
2022-02-09,120.9000015258789,122.4000015258789,120.30000305175781,121.30000305175781,117.02500915527344,224792
2022-02-10,122.0,133.0,121.5,131.0,126.38314056396484,1153463
2022-02-11,131.0,132.6999969482422,126.30000305175781,127.30000305175781,122.81355285644531,711663
2022-02-14,123.69999694824219,124.30000305175781,119.0,120.19999694824219,115.9637680053711,498504
2022-02-15,120.19999694824219,126.80000305175781,120.19999694824219,124.0999984741211,119.726318359375,447997
2022-02-16,125.0999984741211,126.5,122.4000015258789,122.4000015258789,118.08624267578125,264246
2022-02-17,125.5,126.5,120.0,120.0999984741211,115.8672866821289,463441
2022-02-18,122.0999984741211,123.9000015258789,119.0999984741211,120.0999984741211,115.8672866821289,208889
2022-02-21,121.80000305175781,122.30000305175781,117.30000305175781,117.5,113.35893249511719,241945
2022-02-22,113.9000015258789,116.30000305175781,109.0,114.4000015258789,110.3681869506836,254947
2022-02-23,116.0,119.80000305175781,114.0,114.0,109.9822769165039,345918
2022-02-24,103.0999984741211,109.0,102.5999984741211,102.5999984741211,98.98404693603516,344059
2022-02-25,104.5,110.0,100.5,109.0,105.15849304199219,599915
2022-02-28,105.5,108.9000015258789,104.0999984741211,104.9000015258789,101.20299530029297,298744
2022-03-01,106.80000305175781,108.80000305175781,104.19999694824219,106.30000305175781,102.55365753173828,325723
2022-03-02,107.0,108.0,104.4000015258789,105.0,101.29946899414062,274041
2022-03-03,105.69999694824219,107.5,105.5,106.4000015258789,102.6501235961914,250690
2022-03-04,105.80000305175781,106.19999694824219,103.0999984741211,103.80000305175781,100.14176940917969,234263
2022-03-07,102.5,103.69999694824219,98.8499984741211,101.80000305175781,98.21224975585938,303002
2022-03-08,101.4000015258789,110.69999694824219,100.80000305175781,106.0,102.26422119140625,714637
2022-03-09,106.4000015258789,111.9000015258789,106.4000015258789,109.0,105.15849304199219,432207
2022-03-10,111.5,113.30000305175781,107.80000305175781,110.19999694824219,106.31620788574219,361781
2022-03-11,109.9000015258789,110.19999694824219,107.9000015258789,108.30000305175781,104.48316955566406,209090
2022-03-14,109.0999984741211,110.5,107.80000305175781,108.69999694824219,104.86906433105469,249895
2022-03-15,110.30000305175781,112.0999984741211,108.0,108.30000305175781,104.48316955566406,352307
2022-03-16,108.30000305175781,109.80000305175781,108.0,108.19999694824219,104.38668060302734,207773
2022-03-17,109.4000015258789,112.80000305175781,108.9000015258789,112.0999984741211,108.14924621582031,485133
2022-03-18,112.19999694824219,112.5,109.80000305175781,110.30000305175781,106.41268157958984,272287
2022-03-21,111.5,112.9000015258789,110.30000305175781,111.69999694824219,107.76333618164062,357421
2022-03-22,111.9000015258789,115.80000305175781,110.69999694824219,114.5,110.46466827392578,598704
2022-03-23,115.69999694824219,119.0999984741211,114.5,115.4000015258789,111.33293914794922,542093
2022-03-24,116.5,116.5,113.4000015258789,113.5,109.4999008178711,262879
2022-03-25,114.0999984741211,116.0,113.19999694824219,113.9000015258789,109.88581085205078,234675
2022-03-28,114.30000305175781,114.5,112.9000015258789,112.9000015258789,108.92105102539062,192407
2022-03-29,114.0,114.0999984741211,112.5,112.5999984741211,108.63162231445312,215038
2022-03-30,112.9000015258789,114.0,111.80000305175781,112.0,108.05276489257812,183135
2022-03-31,112.19999694824219,114.30000305175781,112.0,112.9000015258789,108.92105102539062,209808
2022-04-01,113.0,113.80000305175781,112.0,112.5999984741211,108.63162231445312,140228
2022-04-04,112.69999694824219,115.0,112.5999984741211,114.9000015258789,110.8505630493164,355754
2022-04-05,115.80000305175781,116.5999984741211,112.4000015258789,113.5999984741211,109.59638214111328,414894
2022-04-06,113.69999694824219,116.5,113.0,113.19999694824219,109.2104721069336,520956
2022-04-07,114.5999984741211,114.5999984741211,113.4000015258789,114.0,109.9822769165039,228890
2022-04-08,114.4000015258789,118.5,114.0,116.4000015258789,112.29769134521484,740150
2022-04-11,117.5,123.69999694824219,116.69999694824219,121.19999694824219,116.92852783203125,906946
2022-04-12,121.9000015258789,122.4000015258789,117.80000305175781,120.80000305175781,116.54263305664062,604759
2022-04-13,121.19999694824219,124.69999694824219,118.19999694824219,120.0999984741211,115.8672866821289,653293
2022-04-14,120.80000305175781,121.80000305175781,119.0999984741211,121.0,116.7355728149414,331039
2022-04-15,121.0,124.9000015258789,120.4000015258789,123.0999984741211,118.76155853271484,594688
2022-04-18,123.5,124.0,118.19999694824219,119.19999694824219,114.99901580810547,861123
2022-04-19,120.4000015258789,120.4000015258789,114.4000015258789,114.69999694824219,110.65760803222656,555772
2022-04-20,114.80000305175781,115.5,112.4000015258789,113.0,109.01752471923828,423473
2022-04-21,113.19999694824219,117.5999984741211,112.5999984741211,115.69999694824219,111.62236785888672,590857
2022-04-22,115.5,116.0,111.5,112.5999984741211,108.63162231445312,374230
2022-04-25,112.5999984741211,112.80000305175781,110.0,111.19999694824219,108.80284118652344,223231
2022-04-26,111.80000305175781,113.0999984741211,106.30000305175781,106.80000305175781,104.4977035522461,324810
2022-04-27,107.0,108.9000015258789,105.30000305175781,108.5,106.16105651855469,213431
2022-04-28,108.5999984741211,110.5,107.5999984741211,108.5999984741211,106.2588882446289,182531
2022-04-29,108.0,114.5,108.0,113.0,110.56404113769531,429612
2022-05-05,116.0,116.69999694824219,114.0,114.5,112.03170776367188,255845
2022-05-06,113.9000015258789,114.19999694824219,111.9000015258789,114.0999984741211,111.64032745361328,201483
2022-05-09,114.5999984741211,115.5999984741211,112.5,113.19999694824219,110.75973510742188,222565
2022-05-10,121.30000305175781,124.5,118.0999984741211,121.19999694824219,118.58727264404297,840210
2022-05-11,121.69999694824219,121.80000305175781,115.69999694824219,116.9000015258789,114.37997436523438,600803
2022-05-12,116.0,116.0,111.80000305175781,112.69999694824219,110.2705078125,457251
2022-05-13,113.5999984741211,116.80000305175781,113.0999984741211,115.0,112.52092742919922,380478
2022-05-16,116.19999694824219,116.30000305175781,112.30000305175781,112.5,110.07482147216797,291671
2022-05-17,112.80000305175781,113.80000305175781,109.5999984741211,110.9000015258789,108.50931549072266,307219
2022-05-18,111.0,113.4000015258789,110.0,110.5,108.11793518066406,254245
2022-05-20,110.5,110.5,108.30000305175781,108.5999984741211,106.2588882446289,215414
2022-05-23,109.19999694824219,110.69999694824219,107.5999984741211,108.0,105.67182922363281,250110
2022-05-24,109.4000015258789,112.5,108.4000015258789,109.9000015258789,107.53086853027344,318273
2022-05-25,110.0999984741211,111.0999984741211,108.80000305175781,109.9000015258789,107.53086853027344,169941
2022-05-26,110.69999694824219,111.5999984741211,110.0,110.5999984741211,108.21578216552734,204459
2022-05-27,111.19999694824219,112.30000305175781,110.0,110.80000305175781,108.41146850585938,300783
2022-05-30,111.5999984741211,114.30000305175781,111.4000015258789,113.0,110.56404113769531,411499
2022-05-31,113.69999694824219,114.0,111.5999984741211,112.0,109.5855941772461,243500
2022-06-01,112.0999984741211,116.80000305175781,112.0999984741211,113.80000305175781,111.3468017578125,559672
2022-06-02,114.69999694824219,114.80000305175781,112.69999694824219,113.5999984741211,111.15110778808594,229254
2022-06-03,114.0,115.5,113.0,113.30000305175781,110.85757446289062,287176
2022-06-06,113.4000015258789,116.19999694824219,113.0999984741211,115.30000305175781,112.81446838378906,444518
2022-06-07,116.0,118.5,114.0999984741211,117.5999984741211,115.06487274169922,669554
2022-06-08,118.0,119.5,111.5,111.80000305175781,109.3899154663086,519108
2022-06-09,111.80000305175781,113.5,109.5,111.5999984741211,109.19422149658203,308918
2022-06-10,111.5999984741211,114.5,110.5,111.0,108.60716247558594,332135
2022-06-13,111.0,111.9000015258789,109.5,109.5,107.13948822021484,192380
2022-06-14,110.0,110.80000305175781,108.5,109.0,106.6502685546875,174931
2022-06-15,109.19999694824219,110.4000015258789,108.0,108.5,106.16105651855469,171287
2022-06-16,109.80000305175781,109.9000015258789,105.80000305175781,105.9000015258789,103.61710357666016,253479
2022-06-17,106.5,108.30000305175781,104.69999694824219,107.19999694824219,104.88907623291016,222156
2022-06-20,107.4000015258789,110.0,107.30000305175781,109.19999694824219,106.84595489501953,228110
2022-06-21,109.5,110.30000305175781,109.0,109.30000305175781,106.94380950927734,221069
2022-06-22,109.30000305175781,109.30000305175781,107.19999694824219,107.5999984741211,105.28044891357422,212822
2022-06-23,107.80000305175781,109.30000305175781,107.5,107.5999984741211,105.28044891357422,242505
2022-06-24,107.9000015258789,109.80000305175781,107.9000015258789,109.5,107.13948822021484,219492
2022-06-27,107.4000015258789,107.4000015258789,107.4000015258789,107.4000015258789,105.08476257324219,2301
2022-06-28,109.0,109.30000305175781,105.5,105.9000015258789,103.61710357666016,202674
2022-06-29,106.4000015258789,107.0,101.80000305175781,101.80000305175781,99.60548400878906,215373
2022-06-30,101.9000015258789,103.0,98.3499984741211,100.9000015258789,98.72488403320312,215707
2022-07-01,100.69999694824219,103.4000015258789,98.3499984741211,101.5999984741211,99.40979766845703,166323
2022-07-04,102.0,103.19999694824219,99.5,99.5,97.35506439208984,188269
2022-07-05,100.9000015258789,100.9000015258789,97.80000305175781,97.80000305175781,95.69171905517578,180132
2022-07-06,97.94999694824219,100.5,97.9000015258789,99.0,96.8658447265625,185125
2022-07-07,99.5,102.30000305175781,99.0,101.0999984741211,98.92057037353516,212575
2022-07-08,101.19999694824219,101.80000305175781,99.80000305175781,100.5999984741211,98.43135070800781,62079
2022-07-13,100.5999984741211,110.5999984741211,100.19999694824219,110.5999984741211,108.21578216552734,424434
2022-07-14,115.5999984741211,119.0,111.0,111.0,108.60716247558594,1065888
2022-07-18,113.30000305175781,116.0,110.69999694824219,111.30000305175781,108.90069580078125,333697
2022-07-19,112.0,117.19999694824219,110.4000015258789,114.0,111.54248809814453,710210
2022-07-20,115.5,115.5999984741211,112.5,112.69999694824219,110.2705078125,263742
2022-07-21,112.9000015258789,115.0,111.5999984741211,112.9000015258789,110.46619415283203,325385
2022-07-22,113.5,117.0,113.0,115.0,112.52092742919922,508779
2022-07-25,116.0,123.9000015258789,116.0,120.69999694824219,118.0980453491211,1292511
2022-07-26,121.69999694824219,122.30000305175781,116.30000305175781,116.80000305175781,114.2821273803711,611922
2022-07-27,117.5999984741211,119.30000305175781,114.69999694824219,115.80000305175781,113.30368041992188,583961
2022-07-28,117.0,118.5,115.19999694824219,115.5999984741211,113.10799407958984,379016
2022-07-29,116.0,116.0999984741211,113.80000305175781,114.0999984741211,111.64032745361328,396285
2022-08-01,114.0999984741211,118.0,113.5999984741211,116.0,113.49937438964844,542680
2022-08-02,116.5,116.80000305175781,113.5,114.0,111.54248809814453,350386
2022-08-03,114.19999694824219,116.80000305175781,114.19999694824219,115.9000015258789,113.40152740478516,388257
2022-08-04,116.19999694824219,116.9000015258789,115.0,115.0999984741211,112.61876678466797,416647
2022-08-05,117.30000305175781,123.5,117.30000305175781,120.0,117.41314697265625,1842239
2022-08-08,122.0,122.80000305175781,119.30000305175781,119.80000305175781,117.21745300292969,585249
2022-08-09,120.4000015258789,120.4000015258789,117.0999984741211,117.19999694824219,114.67350006103516,386757
2022-08-10,117.19999694824219,119.4000015258789,116.0,116.80000305175781,114.2821273803711,348791
2022-08-11,117.5999984741211,118.4000015258789,116.0,116.80000305175781,114.2821273803711,319315
2022-08-12,116.4000015258789,117.80000305175781,115.19999694824219,115.80000305175781,113.30368041992188,354488
2022-08-15,116.80000305175781,117.19999694824219,115.0,115.0,112.52092742919922,309721
2022-08-16,115.0999984741211,116.30000305175781,111.19999694824219,114.4000015258789,111.93386840820312,533084
2022-08-17,114.5999984741211,115.19999694824219,113.5999984741211,114.0999984741211,111.64032745361328,324028
2022-08-18,114.4000015258789,115.19999694824219,112.69999694824219,113.69999694824219,111.24894714355469,455911
2022-08-19,113.9000015258789,117.5999984741211,113.9000015258789,115.9000015258789,113.40152740478516,844355
2022-08-22,116.0,119.69999694824219,115.5,118.0999984741211,115.5541000366211,833656
2022-08-23,119.0,120.5,117.0,117.5,114.967041015625,610013
2022-08-24,118.0999984741211,118.69999694824219,115.19999694824219,115.19999694824219,112.71661376953125,519756
2022-08-25,116.0,117.4000015258789,115.5999984741211,115.9000015258789,113.40152740478516,399506
2022-08-26,116.4000015258789,119.0999984741211,114.5,115.5,113.01014709472656,527362
2022-08-29,115.0999984741211,115.80000305175781,114.19999694824219,114.80000305175781,112.32524108886719,319111
2022-08-31,115.0,116.4000015258789,115.0,115.30000305175781,112.81446838378906,333795
2022-09-01,115.30000305175781,116.0,114.69999694824219,114.69999694824219,112.2273941040039,364917
2022-09-02,115.5,123.0,115.0,119.5,116.92391967773438,1431485
2022-09-05,120.4000015258789,128.8000030517578,120.4000015258789,127.69999694824219,124.94715118408203,1334437
2022-09-06,128.39999389648438,129.60000610351562,122.0,123.4000015258789,120.73985290527344,1021220
2022-09-07,124.0999984741211,124.69999694824219,120.5,120.5999984741211,118.00020599365234,537652
2022-09-08,120.69999694824219,123.9000015258789,118.9000015258789,118.9000015258789,116.33685302734375,537539
2022-09-09,120.0,124.0,119.9000015258789,121.5,118.88080596923828,527326
2022-09-12,122.80000305175781,124.30000305175781,120.9000015258789,122.80000305175781,120.15278625488281,661427
2022-09-13,123.9000015258789,123.9000015258789,115.4000015258789,115.69999694824219,113.2058334350586,576035
2022-09-14,115.5,120.5,113.9000015258789,119.5999984741211,117.02176666259766,508277
2022-09-15,120.5,123.0999984741211,118.5,119.19999694824219,116.63038635253906,541817
2022-09-16,119.5,121.0,118.5999984741211,119.0,116.43470001220703,309851
2022-09-19,119.0,122.5,116.0999984741211,116.19999694824219,113.69506072998047,443379
2022-09-20,116.9000015258789,119.0,113.9000015258789,117.5999984741211,115.06487274169922,378514
2022-09-21,117.9000015258789,121.4000015258789,117.0,119.0,116.43470001220703,473617
2022-09-22,119.0999984741211,128.89999389648438,118.69999694824219,127.0,124.26223754882812,1482152
2022-09-23,127.69999694824219,130.89999389648438,124.0,124.5999984741211,121.91397857666016,892931
2022-09-26,124.69999694824219,137.0,124.69999694824219,137.0,134.0466766357422,1391672
2022-09-27,142.0,148.60000610351562,134.3000030517578,139.8000030517578,136.78631591796875,2817985
2022-09-28,141.0,147.1999969482422,138.39999389648438,140.5,137.47122192382812,1660081
2022-09-29,141.1999969482422,142.39999389648438,128.0,133.39999389648438,130.52426147460938,1148995
2022-09-30,135.6999969482422,136.8000030517578,129.6999969482422,132.0,129.1544647216797,743393
2022-10-03,135.0,142.1999969482422,134.10000610351562,140.60000610351562,137.56907653808594,1062988
2022-10-04,141.0,145.0,137.39999389648438,142.8000030517578,139.7216339111328,1189810
2022-10-05,143.6999969482422,144.3000030517578,138.5,139.60000610351562,136.5906219482422,719302
2022-10-06,140.89999389648438,153.5,140.0,153.5,150.19097900390625,1599724
2022-10-07,158.0,165.60000610351562,152.10000610351562,154.60000610351562,151.2672576904297,2384876
2022-10-10,155.5,161.89999389648438,152.89999389648438,159.39999389648438,155.9637908935547,1185178
2022-10-11,159.5,159.89999389648438,153.0,153.0,149.70175170898438,724850
2022-10-12,154.0,162.0,153.5,156.3000030517578,152.9306182861328,1452379
2022-10-13,157.1999969482422,160.39999389648438,154.8000030517578,155.39999389648438,152.05001831054688,860168
2022-10-14,156.5,167.3000030517578,156.0,159.3000030517578,155.86595153808594,1719944
2022-10-17,160.8000030517578,163.89999389648438,158.3000030517578,160.60000610351562,157.13792419433594,1119359
2022-10-18,160.89999389648438,161.39999389648438,153.89999389648438,155.0,151.6586456298828,874032
2022-10-19,156.10000610351562,157.8000030517578,153.8000030517578,153.8000030517578,150.48451232910156,792983
2022-10-20,155.0,155.6999969482422,151.6999969482422,151.89999389648438,148.62547302246094,791598
2022-10-21,152.39999389648438,159.5,151.5,157.60000610351562,154.20260620117188,1267142
2022-10-24,159.0,163.1999969482422,157.60000610351562,159.8000030517578,156.35516357421875,963436
2022-10-25,160.0,160.8000030517578,152.5,153.60000610351562,150.28883361816406,718352
2022-10-26,154.0,162.89999389648438,153.3000030517578,162.6999969482422,159.19264221191406,751749
2022-10-27,162.60000610351562,173.39999389648438,158.1999969482422,169.89999389648438,166.23744201660156,1401881
2022-10-28,169.89999389648438,176.5,165.8000030517578,166.1999969482422,162.61720275878906,717726
2022-10-31,169.0,169.3000030517578,163.8000030517578,165.0,161.4430694580078,824638
2022-11-01,166.89999389648438,173.39999389648438,165.1999969482422,173.0,169.27061462402344,1323625
2022-11-02,161.0,164.5,156.0,157.0,153.61553955078125,1775733
2022-11-03,157.0,160.10000610351562,155.10000610351562,155.5,152.14785766601562,759385
2022-11-04,156.10000610351562,158.39999389648438,152.5,153.39999389648438,150.09312438964844,907982
2022-11-07,154.60000610351562,157.10000610351562,153.6999969482422,154.5,151.16943359375,620437
2022-11-08,154.6999969482422,155.5,151.60000610351562,151.60000610351562,148.33193969726562,557200
2022-11-09,151.5,155.5,149.0,150.6999969482422,147.4513397216797,1072261
2022-11-10,150.89999389648438,153.8000030517578,150.6999969482422,152.6999969482422,149.40823364257812,681367
2022-11-11,155.60000610351562,159.0,153.3000030517578,155.0,151.6586456298828,1225363
2022-11-14,155.0,164.0,153.89999389648438,160.10000610351562,156.64871215820312,1889801
2022-11-15,162.5,162.8000030517578,154.5,156.89999389648438,153.51768493652344,894004
2022-11-16,156.89999389648438,157.0,151.3000030517578,151.5,148.2340850830078,633403
2022-11-17,152.6999969482422,154.60000610351562,145.5,149.1999969482422,145.98367309570312,501453
2022-11-18,148.5,153.3000030517578,147.60000610351562,151.10000610351562,147.8427276611328,367029
2022-11-21,153.8000030517578,157.5,151.5,155.60000610351562,152.24571228027344,591644
2022-11-22,158.3000030517578,161.39999389648438,155.60000610351562,159.6999969482422,156.25730895996094,925036
2022-11-23,159.39999389648438,170.1999969482422,156.39999389648438,166.0,162.4215087890625,1482212
2022-11-24,167.60000610351562,171.0,162.5,167.3000030517578,163.69349670410156,909526
2022-11-25,167.8000030517578,184.0,167.5,184.0,180.03347778320312,1803245
2022-11-28,188.89999389648438,189.0,175.6999969482422,175.6999969482422,171.91241455078125,1431852
2022-11-29,177.6999969482422,179.60000610351562,171.6999969482422,172.89999389648438,169.17276000976562,790877
2022-11-30,170.89999389648438,176.3000030517578,170.10000610351562,172.5,168.78140258789062,684486
2022-12-01,174.8000030517578,183.89999389648438,173.5,180.10000610351562,176.2175750732422,1583502
2022-12-02,181.0,182.10000610351562,175.0,176.3000030517578,172.49948120117188,864508
2022-12-05,177.0,185.0,176.0,177.89999389648438,174.06497192382812,889415
2022-12-06,178.0,179.39999389648438,173.1999969482422,175.1999969482422,171.4231719970703,508046
2022-12-07,176.8000030517578,179.60000610351562,166.60000610351562,168.6999969482422,165.0633087158203,681362
2022-12-08,168.0,168.5,162.0,167.1999969482422,163.59564208984375,489106
2022-12-09,167.10000610351562,174.3000030517578,166.60000610351562,174.1999969482422,170.4447479248047,517716
2022-12-12,177.39999389648438,179.5,174.5,175.8000030517578,172.01026916503906,578905
2022-12-13,178.60000610351562,178.6999969482422,174.0,174.3000030517578,170.54258728027344,486863
2022-12-14,174.3000030517578,184.0,173.60000610351562,175.89999389648438,172.10809326171875,1256340
2022-12-15,177.0,181.60000610351562,172.3000030517578,176.10000610351562,172.3037872314453,678472
2022-12-16,176.10000610351562,188.0,176.10000610351562,184.5,180.52272033691406,536819
2022-12-19,185.89999389648438,189.89999389648438,182.39999389648438,184.5,180.52272033691406,811690
2022-12-20,185.39999389648438,188.1999969482422,183.1999969482422,184.5,180.52272033691406,553884
2022-12-21,186.39999389648438,197.89999389648438,183.89999389648438,190.5,186.39337158203125,1467227
2022-12-22,191.39999389648438,199.1999969482422,186.89999389648438,189.3000030517578,185.21923828125,833986
2022-12-23,190.3000030517578,193.3000030517578,186.89999389648438,187.1999969482422,183.16448974609375,454598
2022-12-26,188.5,193.5,188.0,189.0,184.92568969726562,412927
2022-12-27,191.1999969482422,194.8000030517578,186.1999969482422,186.89999389648438,182.8709716796875,503567
2022-12-28,186.89999389648438,187.5,177.10000610351562,178.8000030517578,174.94558715820312,415621
2022-12-29,179.89999389648438,186.89999389648438,179.0,186.89999389648438,182.8709716796875,305043
2022-12-30,186.5,191.39999389648438,185.3000030517578,186.60000610351562,182.5774383544922,327061
2023-01-02,188.5,197.6999969482422,188.5,197.6999969482422,193.43814086914062,695139
2023-01-03,198.10000610351562,199.89999389648438,187.1999969482422,187.5,183.45803833007812,609420
2023-01-04,188.0,189.60000610351562,180.5,181.39999389648438,177.48953247070312,396537
2023-01-05,183.0,183.60000610351562,165.39999389648438,173.0,169.27061462402344,449621
2023-01-06,166.1999969482422,174.60000610351562,158.10000610351562,173.10000610351562,169.36846923828125,526251
2023-01-09,174.0,175.6999969482422,163.89999389648438,164.8000030517578,161.2473907470703,404280
2023-01-10,163.89999389648438,169.5,159.0,160.89999389648438,157.4314422607422,316672
2023-01-11,162.8000030517578,164.6999969482422,150.0,150.8000030517578,147.5491943359375,316098
2023-01-12,152.10000610351562,157.5,145.0,155.1999969482422,151.85433959960938,445448
2023-01-13,155.5,159.89999389648438,150.0,156.60000610351562,153.22415161132812,331046
2023-01-16,157.5,165.0,155.39999389648438,165.0,161.4430694580078,345200
2023-01-17,164.5,167.0,162.3000030517578,164.39999389648438,160.8560028076172,371263
2023-01-18,166.3000030517578,168.6999969482422,163.0,165.0,161.4430694580078,342174
2023-01-19,164.10000610351562,166.1999969482422,162.39999389648438,162.89999389648438,159.38833618164062,245637
2023-01-20,163.10000610351562,165.1999969482422,161.8000030517578,163.3000030517578,159.77972412109375,231059
2023-01-23,163.5,167.5,160.60000610351562,162.0,158.50775146484375,313989
2023-01-24,161.89999389648438,163.0,154.60000610351562,155.6999969482422,152.3435516357422,286153
2023-01-25,156.0,157.1999969482422,149.0,154.0,150.68019104003906,229470
2023-01-26,154.0,155.6999969482422,151.6999969482422,152.1999969482422,148.9189910888672,159364
2023-01-27,151.0,152.89999389648438,144.8000030517578,147.89999389648438,144.71168518066406,271237
2023-01-30,150.0,159.0,149.1999969482422,149.3000030517578,146.08152770996094,346194
2023-01-31,149.1999969482422,149.1999969482422,143.5,144.10000610351562,140.99362182617188,258483
2023-02-01,146.8000030517578,146.8000030517578,135.0,135.1999969482422,132.2854766845703,253641
2023-02-02,135.1999969482422,137.10000610351562,123.9000015258789,132.89999389648438,130.03504943847656,712745
2023-02-03,131.10000610351562,141.5,131.0,140.0,136.98199462890625,371552
2023-02-06,136.0,141.39999389648438,133.39999389648438,137.5,134.535888671875,103843
2023-02-07,138.89999389648438,138.89999389648438,123.80000305175781,123.80000305175781,121.13123321533203,319010
2023-02-08,114.30000305175781,114.30000305175781,114.30000305175781,114.30000305175781,111.83602142333984,8
2023-02-15,124.0999984741211,136.10000610351562,124.0999984741211,136.10000610351562,133.16607666015625,183164
2023-02-16,143.0,145.0,128.6999969482422,128.6999969482422,125.92559051513672,332336
2023-02-17,129.0,133.3000030517578,122.5999984741211,132.39999389648438,129.5458221435547,165743
2023-02-20,134.0,145.60000610351562,134.0,145.60000610351562,142.46128845214844,418296
2023-02-21,146.3000030517578,160.10000610351562,146.3000030517578,160.10000610351562,156.64871215820312,276231
2023-02-22,167.89999389648438,176.10000610351562,144.10000610351562,145.0,141.8742218017578,810712
2023-02-23,145.0,151.5,142.1999969482422,147.89999389648438,144.71168518066406,303936
2023-02-24,150.10000610351562,159.0,148.0,150.3000030517578,147.05995178222656,398287
2023-02-27,151.39999389648438,155.8000030517578,147.10000610351562,147.60000610351562,144.41818237304688,306745
2023-02-28,149.39999389648438,149.39999389648438,145.8000030517578,146.5,143.3418731689453,188331
2023-03-01,146.6999969482422,150.0,145.0,145.5,142.36343383789062,266932
2023-03-02,145.0,145.0,140.89999389648438,141.3000030517578,138.2539825439453,200963
2023-03-03,141.0,143.5,134.5,137.8000030517578,134.8294219970703,270677
2023-03-06,138.0,141.5,137.10000610351562,139.60000610351562,136.5906219482422,242734
2023-03-07,141.6999969482422,141.8000030517578,138.10000610351562,138.60000610351562,135.6121826171875,169997
2023-03-08,138.60000610351562,139.1999969482422,136.10000610351562,138.3000030517578,135.3186492919922,156116
2023-03-09,138.5,143.39999389648438,138.10000610351562,141.89999389648438,138.84103393554688,318089
2023-03-10,141.8000030517578,142.6999969482422,138.0,139.5,136.49278259277344,174108
2023-03-13,140.10000610351562,144.0,137.0,138.10000610351562,135.1229705810547,192411
2023-03-14,138.5,140.6999969482422,135.0,135.6999969482422,132.7747039794922,202056
2023-03-15,135.6999969482422,136.89999389648438,130.6999969482422,132.89999389648438,130.03504943847656,157319
2023-03-16,133.5,136.10000610351562,131.0,134.3000030517578,131.40487670898438,164767
2023-03-17,135.5,137.5,133.10000610351562,137.5,134.535888671875,190400
2023-03-20,137.60000610351562,138.0,130.3000030517578,130.3000030517578,127.4911117553711,158576
2023-03-21,132.60000610351562,133.8000030517578,127.80000305175781,130.0,127.19757080078125,191532
2023-03-22,131.0,133.3000030517578,128.8000030517578,132.89999389648438,130.03504943847656,206009
2023-03-23,132.3000030517578,135.0,129.89999389648438,132.5,129.6436767578125,232878
2023-03-24,133.0,134.5,130.5,131.60000610351562,128.76307678222656,129547
2023-03-27,132.5,133.5,129.6999969482422,129.6999969482422,126.90404510498047,125390
2023-03-28,129.8000030517578,129.89999389648438,123.0999984741211,124.0,121.32691192626953,149597
2023-03-29,123.69999694824219,123.69999694824219,119.30000305175781,123.4000015258789,120.73985290527344,183916
2023-03-30,125.0,127.0,121.19999694824219,122.0999984741211,119.4678726196289,114648
2023-03-31,122.0999984741211,124.5,120.0999984741211,122.4000015258789,119.76140594482422,111084
2023-04-03,122.9000015258789,123.30000305175781,117.0,119.5999984741211,117.02176666259766,127030
2023-04-04,120.0,123.19999694824219,119.69999694824219,122.5,119.8592529296875,108947
2023-04-05,122.5,125.4000015258789,122.5,122.5,119.8592529296875,164902
2023-04-06,123.5,124.5,121.0,121.30000305175781,118.68512725830078,114154
2023-04-07,122.5999984741211,125.5,121.30000305175781,124.9000015258789,122.20751190185547,162996
2023-04-10,125.5,127.0,125.19999694824219,126.69999694824219,123.96870422363281,169303
2023-04-11,127.19999694824219,130.10000610351562,127.0,128.60000610351562,125.8277587890625,204762
2023-04-12,129.10000610351562,132.10000610351562,128.0,130.0,127.19757080078125,301266
2023-04-13,130.0,131.1999969482422,128.6999969482422,130.39999389648438,127.58894348144531,195175
2023-04-14,130.39999389648438,131.3000030517578,127.69999694824219,128.89999389648438,126.12127685546875,108991
2023-04-17,128.0,129.3000030517578,124.5,124.5,121.81613159179688,108851
2023-04-18,124.5,126.0,123.30000305175781,123.30000305175781,120.64200592041016,93241
2023-04-19,123.80000305175781,132.60000610351562,123.30000305175781,127.69999694824219,124.94715118408203,401413
2023-04-20,127.5999984741211,127.5999984741211,123.80000305175781,124.69999694824219,122.01182556152344,74174
2023-04-24,125.0999984741211,137.10000610351562,125.0,132.10000610351562,129.25230407714844,843556
2023-04-25,132.10000610351562,132.5,125.69999694824219,125.69999694824219,122.9902572631836,257757
2023-04-26,126.4000015258789,126.4000015258789,120.69999694824219,122.0,119.37002563476562,210406
2023-04-27,121.5,122.80000305175781,120.0,120.19999694824219,117.60882568359375,154850
2023-04-28,121.0,122.19999694824219,116.0,118.0,115.45625305175781,150056
2023-05-02,119.0,125.5,109.0999984741211,109.5999984741211,107.23733520507812,162659
2023-05-03,109.0,109.0,101.30000305175781,104.19999694824219,101.95374298095703,214089
2023-05-04,102.9000015258789,106.5999984741211,102.5,103.80000305175781,101.5623779296875,162791
2023-05-05,104.19999694824219,106.0,101.9000015258789,102.5,100.29039764404297,122860
2023-05-08,102.5,104.80000305175781,100.30000305175781,104.5999984741211,103.48088836669922,133224
2023-05-09,104.5999984741211,105.9000015258789,102.5999984741211,104.5999984741211,103.48088836669922,107386
2023-05-10,101.4000015258789,103.9000015258789,100.0,101.5,100.41405487060547,115524
2023-05-11,101.5,107.80000305175781,101.19999694824219,105.0999984741211,103.97553253173828,233248
2023-05-12,105.19999694824219,106.30000305175781,101.69999694824219,103.0,101.89800262451172,194652
2023-05-15,102.4000015258789,104.4000015258789,98.05000305175781,101.4000015258789,100.31512451171875,88059
2023-05-16,101.4000015258789,104.4000015258789,101.0999984741211,103.9000015258789,102.78837585449219,126575
2023-05-17,104.9000015258789,111.9000015258789,104.30000305175781,109.69999694824219,108.52632141113281,521829
2023-05-18,109.69999694824219,112.0999984741211,105.30000305175781,105.5999984741211,104.47018432617188,399298
2023-05-22,105.5999984741211,108.9000015258789,103.0999984741211,104.19999694824219,103.08516693115234,150038
2023-05-23,104.19999694824219,106.0,103.19999694824219,103.80000305175781,102.689453125,82667
2023-05-24,104.0,105.4000015258789,102.19999694824219,102.4000015258789,101.30442810058594,93613
2023-05-25,102.4000015258789,105.5999984741211,102.30000305175781,104.19999694824219,103.08516693115234,76080
2023-05-26,105.0999984741211,107.80000305175781,103.5999984741211,106.0999984741211,104.96483612060547,109918
2023-05-29,106.30000305175781,114.9000015258789,106.30000305175781,113.5,112.2856674194336,216110
2023-05-30,113.69999694824219,116.4000015258789,112.80000305175781,116.0999984741211,114.85784912109375,270158
2023-05-31,116.19999694824219,117.5,113.5,116.30000305175781,115.05570983886719,197176
2023-06-01,116.5,122.19999694824219,116.5,119.5,118.22147369384766,324633
2023-06-02,120.5,129.8000030517578,120.5,125.80000305175781,124.45407104492188,730850
2023-06-05,128.0,129.8000030517578,126.0999984741211,128.39999389648438,127.0262451171875,457993
2023-06-06,128.39999389648438,129.8000030517578,125.5,125.5,124.15727996826172,329186
2023-06-07,127.5,129.5,126.5999984741211,127.0,125.64122772216797,277400
2023-06-08,127.0,129.1999969482422,123.0999984741211,124.69999694824219,123.36583709716797,271784
2023-06-09,126.0,137.10000610351562,125.0,137.10000610351562,135.6331787109375,725374
2023-06-12,142.5,150.8000030517578,138.1999969482422,150.8000030517578,149.1865997314453,1714725
2023-06-13,150.5,151.8000030517578,139.0,141.6999969482422,140.1839599609375,945887
2023-06-14,141.0,155.8000030517578,137.3000030517578,150.89999389648438,149.2855224609375,1717775
2023-06-15,150.1999969482422,154.8000030517578,143.89999389648438,144.0,142.4593505859375,723629
2023-06-16,145.0,155.0,143.60000610351562,144.89999389648438,143.34971618652344,652418
2023-06-19,144.1999969482422,144.89999389648438,135.3000030517578,135.60000610351562,134.14923095703125,337649
2023-06-20,134.60000610351562,135.5,129.6999969482422,130.6999969482422,129.3016357421875,214105
2023-06-21,130.6999969482422,137.6999969482422,130.5,131.3000030517578,129.89523315429688,335374
2023-06-22,131.60000610351562,138.89999389648438,129.60000610351562,136.89999389648438,135.435302734375,297942
2023-06-23,140.60000610351562,141.5,136.3000030517578,138.89999389648438,137.41390991210938,292328
2023-06-26,140.5,142.60000610351562,138.60000610351562,141.1999969482422,139.68930053710938,277371
2023-06-27,142.0,144.5,140.1999969482422,142.60000610351562,141.07432556152344,150667
2023-07-03,144.10000610351562,147.3000030517578,143.1999969482422,146.0,144.4379425048828,339189
2023-07-04,146.39999389648438,147.8000030517578,139.10000610351562,143.0,141.4700469970703,314488
2023-07-05,143.10000610351562,146.0,140.5,143.6999969482422,142.1625518798828,340567
2023-07-06,146.39999389648438,148.10000610351562,144.0,144.89999389648438,143.34971618652344,315718
2023-07-07,145.6999969482422,146.89999389648438,144.10000610351562,145.6999969482422,144.1411590576172,239916
2023-07-10,146.1999969482422,153.10000610351562,145.8000030517578,150.5,148.88980102539062,561172
2023-07-11,153.0,154.8000030517578,147.0,149.8000030517578,148.19729614257812,821113
2023-07-12,149.8000030517578,156.10000610351562,147.10000610351562,150.10000610351562,148.4940948486328,799456
2023-07-13,150.60000610351562,154.39999389648438,148.0,149.1999969482422,147.6037139892578,695567
2023-07-14,149.60000610351562,150.8000030517578,147.10000610351562,148.5,146.9112091064453,318056
2023-07-17,149.8000030517578,155.3000030517578,149.8000030517578,154.89999389648438,153.2427215576172,682713
2023-07-18,155.8000030517578,159.0,147.5,147.5,145.92190551757812,1245669
2023-07-19,147.60000610351562,151.89999389648438,144.5,151.5,149.8791046142578,556018
2023-07-20,153.0,154.5,148.8000030517578,151.10000610351562,149.4833984375,395378
2023-07-21,151.39999389648438,160.39999389648438,149.10000610351562,159.10000610351562,157.39779663085938,927345
2023-07-24,159.0,165.5,154.89999389648438,156.0,154.33096313476562,906085
2023-07-25,156.0,156.5,149.5,149.5,147.90049743652344,411704
2023-07-26,150.0,155.39999389648438,150.0,154.0,152.35235595703125,372680
2023-07-27,155.0,159.0,153.3000030517578,158.6999969482422,157.0020751953125,634471
2023-07-28,158.6999969482422,158.6999969482422,156.10000610351562,157.10000610351562,155.41920471191406,500787
2023-07-31,158.0,169.89999389648438,154.0,166.6999969482422,164.91647338867188,1021416
2023-08-01,165.89999389648438,165.89999389648438,158.8000030517578,160.10000610351562,158.38710021972656,573858
2023-08-02,159.89999389648438,163.1999969482422,158.1999969482422,159.89999389648438,158.18922424316406,352618
2023-08-03,163.0,165.8000030517578,157.0,159.8000030517578,158.09030151367188,733566
2023-08-04,160.0,162.6999969482422,157.39999389648438,159.89999389648438,158.18922424316406,422273
2023-08-07,160.1999969482422,164.89999389648438,160.1999969482422,162.6999969482422,160.9592742919922,455041
2023-08-08,163.5,164.0,157.10000610351562,157.89999389648438,156.21063232421875,362608
2023-08-09,152.10000610351562,153.0,147.0,150.5,148.88980102539062,669341
2023-08-10,152.0,152.89999389648438,143.60000610351562,145.6999969482422,144.1411590576172,355016
2023-08-11,145.6999969482422,149.60000610351562,141.0,149.5,147.90049743652344,286678
2023-08-14,150.0,151.8000030517578,145.60000610351562,145.89999389648438,144.33901977539062,339986
2023-08-15,146.3000030517578,149.39999389648438,144.60000610351562,146.39999389648438,144.8336639404297,201784
2023-08-16,146.39999389648438,151.0,145.6999969482422,149.10000610351562,147.50479125976562,276285
2023-08-17,149.10000610351562,153.3000030517578,147.39999389648438,151.0,149.38446044921875,534296
2023-08-18,151.0,151.8000030517578,142.60000610351562,144.1999969482422,142.65721130371094,345479
2023-08-21,143.0,149.3000030517578,136.0,147.5,145.92190551757812,365243
2023-08-22,148.5,156.1999969482422,148.0,154.0,152.35235595703125,727822
2023-08-23,155.3000030517578,159.5,152.5,152.89999389648438,151.2641143798828,460963
2023-08-24,154.5,157.10000610351562,145.3000030517578,146.10000610351562,144.53688049316406,457662
2023-08-25,147.10000610351562,151.6999969482422,145.10000610351562,150.3000030517578,148.6919403076172,280727
2023-08-28,152.5,154.60000610351562,151.1999969482422,151.39999389648438,149.78016662597656,218970
2023-08-29,151.8000030517578,163.8000030517578,150.60000610351562,158.10000610351562,156.4084930419922,597752
2023-08-31,160.60000610351562,163.89999389648438,158.5,161.10000610351562,159.37640380859375,597315
2023-09-01,163.39999389648438,166.60000610351562,161.10000610351562,163.6999969482422,161.94857788085938,493218
2023-09-04,167.3000030517578,180.0,165.39999389648438,172.39999389648438,170.5554962158203,1783476
2023-09-05,172.39999389648438,175.60000610351562,168.3000030517578,173.10000610351562,171.24801635742188,488792
2023-09-06,173.10000610351562,176.89999389648438,168.0,170.3000030517578,168.47796630859375,438025
2023-09-07,171.5,176.5,171.5,173.89999389648438,172.03944396972656,433668
2023-09-08,174.89999389648438,175.39999389648438,168.1999969482422,169.0,167.19187927246094,318707
2023-09-11,173.5,173.8000030517578,162.8000030517578,163.60000610351562,161.8496551513672,382639
2023-09-12,164.0,165.10000610351562,155.8000030517578,161.6999969482422,159.969970703125,284855
2023-09-13,161.89999389648438,164.0,155.0,156.10000610351562,154.42990112304688,249698
2023-09-14,155.39999389648438,158.60000610351562,150.10000610351562,157.10000610351562,155.41920471191406,253818
2023-09-15,157.1999969482422,160.0,156.1999969482422,156.3000030517578,154.62774658203125,171613
2023-09-18,157.1999969482422,158.6999969482422,150.0,150.89999389648438,149.2855224609375,215005
2023-09-19,151.0,155.0,149.8000030517578,154.6999969482422,153.04486083984375,148639
2023-09-20,154.60000610351562,157.0,152.0,152.3000030517578,150.67054748535156,153459
2023-09-21,152.3000030517578,158.5,150.1999969482422,158.5,156.80421447753906,174593
2023-09-22,158.8000030517578,173.8000030517578,157.5,160.5,158.78282165527344,1032533
2023-09-25,161.39999389648438,173.0,161.3000030517578,170.3000030517578,168.47796630859375,501642
2023-09-26,170.5,187.3000030517578,169.1999969482422,179.3000030517578,177.38168334960938,1345840
2023-09-27,179.39999389648438,187.0,175.5,187.0,184.99929809570312,634568
2023-09-28,193.6999969482422,199.89999389648438,185.6999969482422,185.6999969482422,183.71319580078125,841252
2023-09-29,185.8000030517578,192.5,180.1999969482422,181.5,179.55813598632812,453715
2023-10-02,196.0,199.60000610351562,189.60000610351562,199.60000610351562,197.46449279785156,598888
2023-10-03,203.0,219.5,196.8000030517578,207.39999389648438,205.1810302734375,1780123
2023-10-04,206.1999969482422,217.0,200.5,202.6999969482422,200.53131103515625,741752
2023-10-05,203.60000610351562,207.8000030517578,192.60000610351562,198.6999969482422,196.57411193847656,516513
2023-10-06,197.89999389648438,216.5,195.1999969482422,212.8000030517578,210.52325439453125,788241
2023-10-09,200.0,210.0,196.39999389648438,196.39999389648438,194.29872131347656,595999
2023-10-10,200.0,208.8000030517578,199.6999969482422,205.0,202.8067169189453,547671
2023-10-11,205.0,209.10000610351562,196.39999389648438,196.39999389648438,194.29872131347656,502417
2023-10-12,199.89999389648438,216.0,199.10000610351562,216.0,213.68902587890625,2035053
2023-10-13,219.1999969482422,237.60000610351562,218.39999389648438,237.60000610351562,235.05792236328125,2984462
2023-10-16,250.0,261.29998779296875,243.0,261.29998779296875,258.50433349609375,733033
2023-10-17,274.0,287.3999938964844,236.0,236.0,233.47503662109375,5443871
2023-10-18,228.0,254.39999389648438,221.8000030517578,245.10000610351562,242.47769165039062,2312153
2023-10-19,245.1999969482422,248.6999969482422,228.10000610351562,234.0,231.49644470214844,1314894
2023-10-20,226.1999969482422,232.0,211.1999969482422,215.0,212.69972229003906,791349
2023-10-23,220.0,224.0,203.60000610351562,213.10000610351562,210.82005310058594,1106650
2023-10-24,214.0,234.39999389648438,209.39999389648438,234.39999389648438,231.89215087890625,1365026
2023-10-25,249.0,257.79998779296875,237.60000610351562,243.60000610351562,240.9937286376953,2192385
2023-10-26,243.60000610351562,265.0,235.10000610351562,253.3000030517578,250.58995056152344,2051507
2023-10-27,252.5,270.0,247.5,258.0,255.2396697998047,1234610
2023-10-30,257.6000061035156,266.20001220703125,247.1999969482422,248.39999389648438,245.74237060546875,772513
2023-10-31,245.0,248.60000610351562,232.0,234.89999389648438,232.38681030273438,496361
2023-11-01,236.0,237.0,220.0,229.0,226.54994201660156,467570
2023-11-02,229.0,242.5,225.10000610351562,226.3000030517578,223.8788299560547,750552
2023-11-03,226.3000030517578,228.39999389648438,217.0,219.39999389648438,217.05264282226562,459299
2023-11-06,218.5,235.8000030517578,218.0,225.39999389648438,222.9884490966797,741172
2023-11-07,220.6999969482422,222.6999969482422,213.8000030517578,215.5,213.19436645507812,500396
2023-11-08,215.60000610351562,230.8000030517578,215.60000610351562,223.0,220.6141357421875,828080
2023-11-09,223.0,223.0,214.8000030517578,217.1999969482422,214.8761749267578,332323
2023-11-10,217.1999969482422,220.5,213.60000610351562,214.1999969482422,211.9082794189453,239521
2023-11-13,214.3000030517578,216.10000610351562,203.60000610351562,203.60000610351562,201.42169189453125,307460
2023-11-14,203.60000610351562,208.5,200.0,206.10000610351562,203.8949432373047,393325
2023-11-15,207.8000030517578,211.3000030517578,197.5,204.0,201.81741333007812,282307
2023-11-16,205.6999969482422,224.39999389648438,204.0,211.89999389648438,209.6328887939453,775117
2023-11-17,213.0,215.1999969482422,203.60000610351562,210.5,208.24786376953125,276733
2023-11-20,214.0,221.60000610351562,212.89999389648438,216.5,214.1836700439453,473679
2023-11-21,218.60000610351562,238.10000610351562,216.1999969482422,238.10000610351562,235.55258178710938,840905
2023-11-22,247.0,255.0,235.1999969482422,235.1999969482422,232.68359375,1029523
2023-11-23,236.39999389648438,248.0,231.5,231.5,229.023193359375,461780
2023-11-24,233.0,234.0,225.39999389648438,227.5,225.06597900390625,366327
2023-11-27,230.0,234.39999389648438,227.5,230.5,228.0338897705078,426786
2023-11-28,230.89999389648438,235.0,224.8000030517578,227.0,224.5713348388672,305553
2023-11-29,227.0,227.0,213.0,213.0,210.7211151123047,420946
2023-11-30,213.0,220.0,212.89999389648438,216.3000030517578,213.98580932617188,241281
2023-12-01,217.89999389648438,220.0,211.0,213.0,210.7211151123047,225520
2023-12-04,214.0,232.39999389648438,207.0,216.10000610351562,213.7879638671875,1019253
2023-12-05,215.3000030517578,221.60000610351562,213.39999389648438,214.1999969482422,211.9082794189453,249506
2023-12-06,215.5,229.89999389648438,214.3000030517578,215.89999389648438,213.590087890625,783338
2023-12-07,215.1999969482422,222.5,208.5,222.5,220.11947631835938,401543
2023-12-08,226.89999389648438,233.60000610351562,224.6999969482422,233.5,231.0017852783203,793395
2023-12-11,238.0,248.60000610351562,229.0,229.5,227.04458618164062,1146060
2023-12-12,227.8000030517578,230.0,217.3000030517578,221.1999969482422,218.83338928222656,423791
2023-12-13,222.0,225.89999389648438,214.0,216.1999969482422,213.88687133789062,399340
2023-12-14,220.0,222.0,210.0,219.0,216.65692138671875,443312
2023-12-15,216.8000030517578,223.0,216.8000030517578,220.3000030517578,217.94302368164062,408288
2023-12-18,220.89999389648438,229.0,218.6999969482422,221.89999389648438,219.52589416503906,581107
2023-12-19,223.0,230.8000030517578,218.39999389648438,218.39999389648438,216.06333923339844,656821
2023-12-20,218.39999389648438,223.0,210.3000030517578,212.0,209.7318115234375,296253
2023-12-21,212.0,215.60000610351562,210.0,211.8000030517578,209.53396606445312,261325
2023-12-22,212.5,213.89999389648438,196.6999969482422,198.0,195.88160705566406,521999
2023-12-25,197.10000610351562,197.10000610351562,178.1999969482422,178.1999969482422,176.29344177246094,308262
2023-12-26,177.5,179.39999389648438,160.5,166.89999389648438,165.1143341064453,478928
2023-12-27,167.8000030517578,171.1999969482422,160.0,167.0,165.21327209472656,275319
2023-12-28,167.60000610351562,176.5,167.60000610351562,172.89999389648438,171.05014038085938,248011
2023-12-29,172.89999389648438,181.0,171.39999389648438,177.8000030517578,175.89772033691406,359290
2024-01-02,178.5,183.60000610351562,177.8000030517578,181.3000030517578,179.3602752685547,253896
2024-01-03,181.3000030517578,189.6999969482422,176.5,176.5,174.61163330078125,404628
2024-01-04,176.5,178.39999389648438,174.0,177.8000030517578,175.89772033691406,186418
2024-01-05,178.8000030517578,182.6999969482422,178.1999969482422,180.0,178.07418823242188,191267
2024-01-08,180.0,187.0,180.0,184.3000030517578,182.32818603515625,277247
2024-01-09,184.60000610351562,188.5,180.8000030517578,182.1999969482422,180.25064086914062,309109
2024-01-10,181.10000610351562,183.60000610351562,180.1999969482422,183.0,181.04208374023438,166124
2024-01-11,183.0,185.60000610351562,181.39999389648438,181.89999389648438,179.953857421875,183885
2024-01-12,182.0,186.0,178.1999969482422,184.8000030517578,182.8228302001953,245422
2024-01-15,184.8000030517578,190.0,183.89999389648438,185.60000610351562,183.61427307128906,221551
2024-01-16,186.1999969482422,189.8000030517578,184.8000030517578,186.0,184.00999450683594,210490
2024-01-17,186.5,195.39999389648438,185.0,189.10000610351562,187.0768280029297,358676
2024-01-18,189.3000030517578,192.5,185.5,185.6999969482422,183.71319580078125,212354
2024-01-19,186.60000610351562,204.1999969482422,186.60000610351562,204.1999969482422,202.01527404785156,1717461
2024-01-22,212.1999969482422,224.5,208.0,209.1999969482422,206.96177673339844,1064263
2024-01-23,209.1999969482422,216.1999969482422,204.1999969482422,210.10000610351562,207.85215759277344,730820
2024-01-24,213.0,214.1999969482422,207.10000610351562,209.8000030517578,207.55535888671875,391433
2024-01-25,211.8000030517578,213.0,207.3000030517578,212.0,209.7318115234375,383063
2024-01-26,214.0,227.1999969482422,212.60000610351562,221.39999389648438,219.03123474121094,712926
2024-01-29,222.0,226.39999389648438,215.10000610351562,216.0,213.68902587890625,594730
2024-01-30,216.3000030517578,221.8000030517578,215.10000610351562,215.8000030517578,213.4911651611328,558886
2024-01-31,215.8000030517578,224.0,215.5,218.1999969482422,215.865478515625,552653
2024-02-01,218.3000030517578,225.5,218.1999969482422,222.39999389648438,220.02053833007812,384017
2024-02-02,222.39999389648438,225.89999389648438,218.10000610351562,218.8000030517578,216.4590606689453,319344
2024-02-05,218.0,229.5,217.5,226.10000610351562,223.68096923828125,556401
2024-02-06,226.8000030517578,231.3000030517578,224.0,226.3000030517578,223.8788299560547,429697
2024-02-07,228.3000030517578,229.1999969482422,224.60000610351562,225.3000030517578,222.8895263671875,384655
2024-02-08,225.5,244.1999969482422,225.5,233.1999969482422,230.7050018310547,634620
2024-02-09,233.6999969482422,235.1999969482422,228.8000030517578,229.6999969482422,227.24244689941406,283718
2024-02-12,231.5,239.39999389648438,230.89999389648438,237.5,234.95899963378906,415270
2024-02-13,238.60000610351562,239.39999389648438,226.0,228.0,225.56063842773438,380530
2024-02-14,227.6999969482422,236.10000610351562,223.0,235.5,232.9803924560547,335480
2024-02-15,237.5,259.0,236.5,254.25,251.52978515625,1780430
2024-02-16,255.0,260.75,248.60000610351562,252.0,249.30386352539062,688771
2024-02-19,254.0,262.25,251.25,256.75,254.00303649902344,606792
2024-02-20,259.5,260.0,247.1999969482422,252.0,249.30386352539062,332482
2024-02-21,252.0,253.75,241.5,242.8000030517578,240.20228576660156,339963
2024-02-22,243.10000610351562,248.39999389648438,242.0,246.89999389648438,244.2584228515625,248971
2024-02-23,248.0,248.0,239.60000610351562,242.89999389648438,240.30120849609375,276324
2024-02-26,242.89999389648438,257.0,241.39999389648438,254.25,251.52978515625,583082
2024-02-27,255.0,264.0,245.6999969482422,254.25,251.52978515625,652368
2024-02-28,254.0,255.5,244.0,244.6999969482422,242.0819549560547,490250
2024-02-29,247.0,269.0,243.1999969482422,261.5,258.70220947265625,752090
2024-03-01,261.5,275.0,261.0,265.0,262.1647644042969,573329
2024-03-04,265.0,291.5,259.5,274.0,271.0684814453125,879014
2024-03-05,275.5,301.25,258.0,259.0,256.2289733886719,2000844
2024-03-06,263.25,272.5,241.8000030517578,249.1999969482422,246.5338134765625,644860
2024-03-07,253.0,271.75,251.0,267.25,264.39068603515625,566555
2024-03-08,268.75,276.25,257.5,262.75,259.9388427734375,382018
2024-03-11,269.5,283.25,267.25,274.5,271.5631408691406,627587
2024-03-12,275.25,301.75,273.5,288.5,285.4133605957031,1478526
2024-03-13,293.75,317.25,280.0,312.0,308.66192626953125,1812894
2024-03-14,312.0,339.25,296.5,299.25,296.04833984375,1268671
2024-03-15,303.5,318.25,301.5,312.75,309.4039001464844,817107
2024-03-18,316.75,320.0,283.0,294.25,291.1018371582031,564354
2024-03-19,294.25,309.0,281.25,306.0,302.7261047363281,649666
2024-03-20,306.75,320.75,300.0,310.0,306.6833190917969,663887
2024-03-21,314.0,316.0,291.5,296.0,292.8330993652344,428516
2024-03-22,297.25,298.75,286.0,292.5,289.37054443359375,301145
2024-03-25,290.0,306.5,282.25,284.25,281.2088317871094,543960
2024-03-26,287.25,293.5,266.75,266.75,263.89605712890625,377979
2024-03-27,266.75,273.75,263.5,266.0,263.1540832519531,230396
2024-03-28,266.5,273.75,265.25,267.0,264.14337158203125,222356
2024-03-29,270.75,280.25,268.5,273.75,270.8211669921875,331976
2024-04-01,274.25,277.75,255.0,259.5,256.7236022949219,267272
2024-04-02,259.75,269.5,250.0,252.75,250.04583740234375,226505
2024-04-03,252.0,262.5,246.8000030517578,249.0,246.33595275878906,1151095
2024-04-04,249.10000610351562,253.25,243.10000610351562,243.10000610351562,240.49908447265625,246630
2024-04-05,244.3000030517578,258.5,244.3000030517578,258.5,255.73431396484375,237238
2024-04-08,259.0,272.5,257.5,271.5,268.59521484375,243434
2024-04-15,275.75,290.0,270.0,285.0,281.9508056640625,360043
2024-04-16,285.0,288.75,270.0,275.0,272.0577697753906,268971
2024-04-17,276.0,285.25,265.0,265.0,262.1647644042969,378503
2024-04-18,268.25,270.0,255.0,263.25,260.4335021972656,296382
2024-04-19,263.0,271.25,260.0,270.0,267.11126708984375,202499
2024-04-22,273.5,276.5,262.0,262.75,259.9388427734375,271271
2024-04-24,265.0,266.75,258.0,258.0,255.2396697998047,188182
2024-04-25,258.5,262.5,257.75,258.5,255.73431396484375,145289
2024-04-26,244.89999389648438,244.89999389648438,233.5,234.10000610351562,231.5953826904297,1145316
2024-04-29,234.10000610351562,237.3000030517578,225.8000030517578,226.8000030517578,224.37347412109375,341869
2024-04-30,226.89999389648438,237.0,226.5,229.6999969482422,227.24244689941406,405912
2024-05-02,229.8000030517578,234.3000030517578,227.10000610351562,227.1999969482422,224.76919555664062,304205
2024-05-03,227.10000610351562,228.5,223.10000610351562,224.3000030517578,221.9002227783203,348827
2024-05-06,225.6999969482422,231.5,223.5,229.5,227.04458618164062,329853
2024-05-07,231.3000030517578,232.89999389648438,224.1999969482422,228.60000610351562,226.1542205810547,240731
2024-05-08,229.5,234.0,228.39999389648438,231.10000610351562,228.62747192382812,244891
2024-05-09,231.89999389648438,232.39999389648438,225.39999389648438,227.0,224.5713348388672,197724
2024-05-10,228.39999389648438,230.89999389648438,226.39999389648438,230.3000030517578,227.83602905273438,195312
2024-05-13,231.0,232.0,220.0,221.0,218.63552856445312,249189
2024-05-14,221.0,224.6999969482422,220.39999389648438,221.3000030517578,218.9323272705078,123136
2024-05-15,221.39999389648438,226.0,221.10000610351562,223.60000610351562,221.2077178955078,133583
2024-05-16,223.60000610351562,226.1999969482422,222.0,224.0,221.60342407226562,126536
2024-05-17,224.1999969482422,228.3000030517578,224.10000610351562,227.39999389648438,224.967041015625,159031
2024-05-20,227.39999389648438,228.3000030517578,222.60000610351562,226.60000610351562,224.1756134033203,186554
2024-05-21,229.0,229.10000610351562,220.3000030517578,220.8000030517578,218.4376678466797,211512
2024-05-22,225.10000610351562,242.8000030517578,223.60000610351562,242.8000030517578,240.20228576660156,729755
2024-05-23,254.0,254.5,240.1999969482422,245.0,242.37875366210938,758549
2024-05-24,245.0,249.0,237.89999389648438,237.89999389648438,235.35470581054688,229259
2024-05-27,242.60000610351562,242.89999389648438,228.0,228.5,226.05528259277344,270484
2024-05-28,228.3000030517578,231.3000030517578,224.1999969482422,224.5,222.09808349609375,133098
2024-05-29,224.5,226.5,214.10000610351562,214.10000610351562,211.80935668945312,189829
2024-05-30,214.1999969482422,217.39999389648438,212.8000030517578,216.6999969482422,214.38153076171875,94446
2024-05-31,216.8000030517578,219.10000610351562,214.5,216.6999969482422,214.38153076171875,128111
2024-06-03,216.6999969482422,220.0,213.10000610351562,213.60000610351562,211.31471252441406,99749
2024-06-04,213.6999969482422,222.3000030517578,213.6999969482422,218.0,215.66761779785156,191978
2024-06-05,216.10000610351562,218.10000610351562,210.0,212.6999969482422,210.42433166503906,138600
2024-06-06,212.5,233.89999389648438,211.3000030517578,228.5,226.05528259277344,4592571
2024-06-07,226.0,241.10000610351562,221.0,222.10000610351562,219.72377014160156,493978
2024-06-10,223.3000030517578,224.89999389648438,212.8000030517578,212.8000030517578,210.52325439453125,205243
2024-06-11,212.5,215.10000610351562,211.8000030517578,212.1999969482422,209.92967224121094,169095
2024-06-12,212.39999389648438,218.0,208.1999969482422,210.60000610351562,208.3468017578125,220427
2024-06-13,212.89999389648438,218.39999389648438,211.0,217.5,215.1729736328125,113903
2024-06-14,219.8000030517578,227.0,217.0,223.3000030517578,220.91091918945312,154838
2024-06-20,216.10000610351562,220.60000610351562,215.0,217.0,214.67832946777344,233882
2024-06-21,218.6999969482422,223.5,217.10000610351562,221.5,219.1301727294922,164113
2024-06-24,221.5,222.6999969482422,211.1999969482422,211.89999389648438,209.6328887939453,193682
2024-06-25,211.89999389648438,214.5,210.8000030517578,211.3000030517578,209.039306640625,100855
2024-06-26,210.10000610351562,214.5,204.0,205.0,202.8067169189453,167500
2024-06-27,205.0,211.5,204.60000610351562,209.0,206.763916015625,145861
2024-06-28,209.89999389648438,213.10000610351562,206.6999969482422,209.0,206.763916015625,118583
2024-07-01,209.89999389648438,212.8000030517578,201.0,202.8000030517578,200.6302490234375,141315
2024-07-02,204.1999969482422,206.0,202.39999389648438,204.8000030517578,202.60885620117188,67579
2024-07-03,203.60000610351562,206.5,203.0,204.5,202.3120574951172,122852
2024-07-04,205.60000610351562,208.60000610351562,202.60000610351562,208.60000610351562,206.36819458007812,138446
2024-07-05,209.89999389648438,212.5,206.6999969482422,210.3000030517578,208.0500030517578,128261
2024-07-08,210.10000610351562,212.0,205.39999389648438,205.39999389648438,205.39999389648438,118964
2024-07-09,205.39999389648438,208.6999969482422,204.3000030517578,205.89999389648438,205.89999389648438,79078
2024-07-10,205.89999389648438,211.5,203.10000610351562,208.6999969482422,208.6999969482422,129266
2024-07-11,209.3000030517578,213.60000610351562,208.6999969482422,212.60000610351562,212.60000610351562,127902
2024-07-12,213.0,214.0,208.89999389648438,211.10000610351562,211.10000610351562,117323
2024-07-16,211.10000610351562,213.6999969482422,209.6999969482422,209.89999389648438,209.89999389648438,125358
2024-07-17,209.89999389648438,212.0,208.39999389648438,210.0,210.0,99263
2024-07-18,210.5,216.6999969482422,210.1999969482422,216.3000030517578,216.3000030517578,213331
2024-07-19,216.39999389648438,216.89999389648438,211.8000030517578,212.3000030517578,212.3000030517578,117936
2024-07-22,212.5,216.0,212.0,213.0,213.0,116947
2024-07-23,211.8000030517578,216.89999389648438,211.8000030517578,214.5,214.5,108569
2024-07-24,213.60000610351562,218.0,212.6999969482422,213.89999389648438,213.89999389648438,169192
2024-07-25,214.3000030517578,217.89999389648438,211.10000610351562,212.0,212.0,160159
2024-07-26,211.5,214.5,211.1999969482422,211.5,211.5,77023
2024-07-29,211.5,211.60000610351562,206.0,206.0,206.0,112855
2024-07-30,206.5,209.39999389648438,205.89999389648438,206.5,206.5,98096
2024-07-31,206.5,206.5,198.39999389648438,199.5,199.5,180100
2024-08-01,200.0,205.39999389648438,200.0,203.8000030517578,203.8000030517578,99354
2024-08-02,203.3000030517578,206.60000610351562,199.8000030517578,201.5,201.5,92940
2024-08-05,193.0,196.60000610351562,182.3000030517578,185.39999389648438,185.39999389648438,125424
2024-08-06,189.3000030517578,198.0,187.0,192.1999969482422,192.1999969482422,107523
2024-08-07,192.0,195.5,185.8000030517578,190.39999389648438,190.39999389648438,117874
2024-08-08,190.0,195.0,190.0,192.1999969482422,192.1999969482422,68403
2024-08-09,192.39999389648438,194.0,184.0,187.0,187.0,113659
2024-08-12,188.1999969482422,188.39999389648438,179.60000610351562,180.0,180.0,72185
2024-08-13,180.0,182.39999389648438,172.3000030517578,180.8000030517578,180.8000030517578,85059
2024-08-14,181.3000030517578,186.0,179.89999389648438,180.5,180.5,72831
2024-08-15,180.5,184.89999389648438,177.0,183.39999389648438,183.39999389648438,79402
2024-08-16,184.5,185.3000030517578,180.39999389648438,181.60000610351562,181.60000610351562,88647
2024-08-19,181.60000610351562,183.8000030517578,179.89999389648438,183.39999389648438,183.39999389648438,65361
2024-08-20,182.6999969482422,186.0,179.8000030517578,180.89999389648438,180.89999389648438,75541
2024-08-21,179.89999389648438,183.39999389648438,177.1999969482422,177.1999969482422,177.1999969482422,69029
2024-08-22,179.0,179.6999969482422,176.39999389648438,177.6999969482422,177.6999969482422,65288
2024-08-23,177.0,178.5,173.0,174.3000030517578,174.3000030517578,81283
2024-08-26,174.60000610351562,176.5,168.5,168.5,168.5,65847
2024-08-27,168.5,181.8000030517578,167.6999969482422,173.1999969482422,173.1999969482422,262868
2024-08-28,174.10000610351562,175.60000610351562,171.1999969482422,174.60000610351562,174.60000610351562,116778
2024-08-29,173.6999969482422,176.1999969482422,172.5,176.1999969482422,176.1999969482422,93158
2024-09-02,176.1999969482422,185.5,176.1999969482422,185.5,185.5,156169
2024-09-03,193.0,199.89999389648438,186.0,189.3000030517578,189.3000030517578,383800
2024-09-04,189.0,193.89999389648438,186.1999969482422,188.0,188.0,154718
2024-09-05,189.89999389648438,192.5,187.1999969482422,187.1999969482422,187.1999969482422,128456
2024-09-06,187.6999969482422,189.89999389648438,184.39999389648438,185.89999389648438,185.89999389648438,79054
2024-09-09,193.39999389648438,203.1999969482422,188.10000610351562,203.1999969482422,203.1999969482422,471944
2024-09-10,220.0,220.0,196.60000610351562,199.0,199.0,612354
2024-09-11,203.60000610351562,207.0,192.3000030517578,192.3000030517578,192.3000030517578,169427
2024-09-12,192.89999389648438,197.1999969482422,184.1999969482422,190.0,190.0,149669
2024-09-13,191.10000610351562,194.0,189.3000030517578,193.0,193.0,95657
2024-09-16,193.0,196.8000030517578,190.10000610351562,190.60000610351562,190.60000610351562,92077
2024-09-17,190.8000030517578,194.39999389648438,188.8000030517578,192.39999389648438,192.39999389648438,114368
2024-09-18,192.3000030517578,208.5,190.1999969482422,204.0,204.0,382152
2024-09-19,205.10000610351562,206.6999969482422,201.8000030517578,203.6999969482422,203.6999969482422,173489
2024-09-20,204.0,210.89999389648438,200.8000030517578,208.0,208.0,187754
2024-09-23,206.10000610351562,214.89999389648438,203.3000030517578,203.5,203.5,124481
2024-09-24,204.39999389648438,206.0,200.39999389648438,201.5,201.5,98300
2024-09-25,201.5,207.0,200.6999969482422,200.8000030517578,200.8000030517578,119500
2024-09-26,201.0,210.6999969482422,201.0,207.10000610351562,207.10000610351562,204024
2024-09-27,210.89999389648438,211.0,206.0,207.5,207.5,96665
2024-09-30,206.10000610351562,213.89999389648438,206.10000610351562,207.60000610351562,207.60000610351562,462724
2024-10-01,207.1999969482422,211.60000610351562,197.5,200.89999389648438,200.89999389648438,200418
2024-10-02,199.8000030517578,202.89999389648438,189.1999969482422,189.1999969482422,189.1999969482422,164357
2024-10-03,190.0,193.60000610351562,185.10000610351562,185.3000030517578,185.3000030517578,110898
2024-10-04,185.3000030517578,188.10000610351562,183.0,188.10000610351562,188.10000610351562,52496
2024-10-07,188.10000610351562,191.89999389648438,186.89999389648438,187.39999389648438,187.39999389648438,52135
2024-10-08,187.60000610351562,190.0,185.1999969482422,186.89999389648438,186.89999389648438,53092
2024-10-09,187.10000610351562,197.0,187.10000610351562,190.89999389648438,190.89999389648438,267287
2024-10-10,191.0,193.5,186.60000610351562,187.0,187.0,94516
2024-10-11,187.3000030517578,188.10000610351562,183.0,183.0,183.0,54856
2024-10-14,181.1999969482422,183.89999389648438,179.5,180.8000030517578,180.8000030517578,110874
2024-10-15,180.10000610351562,185.5,180.10000610351562,184.0,184.0,60448
2024-10-16,182.60000610351562,189.0,182.60000610351562,187.5,187.5,60575
2024-10-17,187.5,190.6999969482422,186.39999389648438,188.8000030517578,188.8000030517578,59461
2024-10-18,188.6999969482422,202.89999389648438,188.6999969482422,191.0,191.0,357417
2024-10-21,191.0,193.0,185.1999969482422,185.39999389648438,185.39999389648438,78911
2024-10-22,185.8000030517578,189.60000610351562,185.8000030517578,189.10000610351562,189.10000610351562,75606
2024-10-23,188.6999969482422,191.8000030517578,183.0,184.0,184.0,66054
2024-10-24,185.10000610351562,189.60000610351562,185.10000610351562,188.0,188.0,36950
2024-10-25,188.0,190.8000030517578,187.0,188.1999969482422,188.1999969482422,37309
2024-10-28,188.1999969482422,191.8000030517578,188.1999969482422,188.5,188.5,37911
2024-10-30,188.6999969482422,207.3000030517578,188.6999969482422,197.60000610351562,197.60000610351562,238912
2024-10-31,194.1999969482422,202.10000610351562,194.1999969482422,197.3000030517578,197.3000030517578,100923
2024-11-01,197.3000030517578,199.5,194.3000030517578,195.6999969482422,195.6999969482422,58953
2024-11-04,196.3000030517578,202.6999969482422,193.0,194.89999389648438,194.89999389648438,110571
2024-11-05,195.6999969482422,198.89999389648438,189.39999389648438,190.60000610351562,190.60000610351562,78124
2024-11-06,190.5,193.5,190.0,192.39999389648438,192.39999389648438,61834
2024-11-07,192.0,194.6999969482422,191.1999969482422,194.3000030517578,194.3000030517578,60249
2024-11-08,193.60000610351562,199.1999969482422,193.60000610351562,198.6999969482422,198.6999969482422,78315
2024-11-11,196.60000610351562,196.60000610351562,191.0,194.39999389648438,194.39999389648438,143892
2024-11-12,194.5,194.89999389648438,190.0,190.3000030517578,190.3000030517578,80853
2024-11-13,191.0,192.5,189.10000610351562,189.3000030517578,189.3000030517578,55955
2024-11-14,189.60000610351562,195.10000610351562,189.5,189.8000030517578,189.8000030517578,171980
2024-11-15,189.8000030517578,193.0,189.8000030517578,190.10000610351562,190.10000610351562,95321
2024-11-18,190.10000610351562,192.1999969482422,189.60000610351562,189.60000610351562,189.60000610351562,104464
2024-11-19,189.6999969482422,191.60000610351562,184.0,184.60000610351562,184.60000610351562,119076
2024-11-20,185.0,186.8000030517578,178.89999389648438,180.0,180.0,98155
2024-11-21,181.1999969482422,183.89999389648438,181.1999969482422,183.10000610351562,183.10000610351562,83290
2024-11-22,183.60000610351562,184.8000030517578,182.1999969482422,183.5,183.5,97741
2024-11-25,185.0,186.8000030517578,181.6999969482422,182.89999389648438,182.89999389648438,195499
2024-11-26,183.8000030517578,183.8000030517578,180.0,181.10000610351562,181.10000610351562,121001
2024-11-27,182.10000610351562,184.6999969482422,180.0,180.0,180.0,126130
2024-11-28,180.1999969482422,181.8000030517578,177.6999969482422,178.39999389648438,178.39999389648438,99772
2024-11-29,178.39999389648438,181.89999389648438,178.0,180.0,180.0,116164
2024-12-02,179.8000030517578,182.3000030517578,178.6999969482422,180.6999969482422,180.6999969482422,107787
2024-12-03,181.6999969482422,184.0,180.8000030517578,182.0,182.0,115596
2024-12-04,184.0,184.5,182.5,183.1999969482422,183.1999969482422,117087
2024-12-05,183.6999969482422,189.0,182.1999969482422,186.39999389648438,186.39999389648438,239941
2024-12-06,186.3000030517578,188.3000030517578,184.6999969482422,185.60000610351562,185.60000610351562,87111
2024-12-09,186.1999969482422,197.0,186.10000610351562,192.0,192.0,263970
2024-12-10,192.3000030517578,194.8000030517578,187.3000030517578,188.39999389648438,188.39999389648438,101616
2024-12-11,188.60000610351562,189.8000030517578,184.5,186.39999389648438,186.39999389648438,114793
2024-12-12,186.6999969482422,189.0,185.10000610351562,185.89999389648438,185.89999389648438,71628
2024-12-13,185.89999389648438,189.10000610351562,184.5,189.0,189.0,76029
2024-12-16,193.39999389648438,203.89999389648438,190.60000610351562,196.8000030517578,196.8000030517578,394085
2024-12-17,197.10000610351562,204.8000030517578,193.1999969482422,199.60000610351562,199.60000610351562,277086
2024-12-18,199.8000030517578,201.60000610351562,191.8000030517578,192.39999389648438,192.39999389648438,178110
2024-12-19,192.0,194.89999389648438,190.5,191.5,191.5,102307
2024-12-20,191.5,199.6999969482422,190.1999969482422,192.8000030517578,192.8000030517578,257960
2024-12-23,196.0,197.0,186.3000030517578,187.0,187.0,82361
2024-12-24,187.5,189.89999389648438,185.3000030517578,186.89999389648438,186.89999389648438,61427
2024-12-25,187.5,189.89999389648438,186.89999389648438,187.5,187.5,64944
2024-12-26,188.1999969482422,189.5,185.3000030517578,186.60000610351562,186.60000610351562,85677
2024-12-27,187.10000610351562,190.1999969482422,186.89999389648438,188.39999389648438,188.39999389648438,89108
2024-12-30,189.0,192.0,188.6999969482422,190.10000610351562,190.10000610351562,91217
2024-12-31,190.3000030517578,193.60000610351562,189.10000610351562,191.10000610351562,191.10000610351562,123901
2025-01-02,191.5,193.0,190.0,190.6999969482422,190.6999969482422,63964
2025-01-03,191.6999969482422,196.89999389648438,189.60000610351562,195.0,195.0,136721
2025-01-06,197.0,197.1999969482422,195.0,196.1999969482422,196.1999969482422,94422
2025-01-07,196.5,198.0,193.5,197.3000030517578,197.3000030517578,112317
2025-01-08,197.3000030517578,198.0,190.5,191.60000610351562,191.60000610351562,71086
2025-01-09,191.60000610351562,196.1999969482422,191.60000610351562,195.0,195.0,93353
2025-01-10,194.5,195.0,190.60000610351562,191.5,191.5,68528
2025-01-13,193.0,193.0,185.0,187.10000610351562,187.10000610351562,103151
2025-01-14,190.0,190.0,184.1999969482422,184.6999969482422,184.6999969482422,56566
2025-01-15,184.10000610351562,185.89999389648438,181.8000030517578,185.0,185.0,58268
2025-01-16,185.0,186.60000610351562,183.10000610351562,184.8000030517578,184.8000030517578,57298
2025-01-17,185.0,185.3000030517578,183.6999969482422,185.10000610351562,185.10000610351562,39164
2025-01-20,185.10000610351562,186.89999389648438,184.0,185.5,185.5,48801
2025-01-21,184.0,184.60000610351562,182.10000610351562,182.60000610351562,182.60000610351562,40999
2025-01-22,182.1999969482422,189.89999389648438,182.1999969482422,183.0,183.0,67685
2025-01-23,183.0,185.6999969482422,182.5,183.8000030517578,183.8000030517578,65723
2025-01-24,183.5,184.3000030517578,182.39999389648438,183.6999969482422,183.6999969482422,44338
2025-01-27,182.39999389648438,188.8000030517578,181.1999969482422,181.6999969482422,181.6999969482422,53087
2025-01-28,181.3000030517578,182.6999969482422,179.6999969482422,180.1999969482422,180.1999969482422,69997
2025-01-29,181.3000030517578,181.3000030517578,178.3000030517578,178.3000030517578,178.3000030517578,45685
2025-01-30,178.3000030517578,181.39999389648438,178.1999969482422,179.3000030517578,179.3000030517578,68816
2025-01-31,179.3000030517578,179.39999389648438,175.5,175.89999389648438,175.89999389648438,49349
2025-02-03,173.5,174.0,171.10000610351562,171.10000610351562,171.10000610351562,50937
2025-02-04,171.1999969482422,173.6999969482422,171.1999969482422,172.39999389648438,172.39999389648438,45850
2025-02-05,172.5,175.60000610351562,169.39999389648438,170.8000030517578,170.8000030517578,97299
2025-02-06,171.10000610351562,173.39999389648438,171.10000610351562,172.39999389648438,172.39999389648438,41847
2025-02-07,172.3000030517578,173.60000610351562,171.60000610351562,173.60000610351562,173.60000610351562,33128
2025-02-10,173.10000610351562,175.10000610351562,171.39999389648438,173.10000610351562,173.10000610351562,46807
2025-02-11,172.1999969482422,176.0,170.10000610351562,175.5,175.5,56928
2025-02-12,175.5,184.3000030517578,172.0,176.10000610351562,176.10000610351562,137160
2025-02-13,177.0,178.0,173.39999389648438,173.6999969482422,173.6999969482422,53639
2025-02-14,173.6999969482422,174.60000610351562,171.5,172.60000610351562,172.60000610351562,51787
2025-02-17,171.89999389648438,173.6999969482422,171.89999389648438,172.8000030517578,172.8000030517578,28903
2025-02-18,171.6999969482422,172.6999969482422,169.8000030517578,172.6999969482422,172.6999969482422,43524
2025-02-19,177.6999969482422,186.0,174.5,174.60000610351562,174.60000610351562,355593
2025-02-20,175.0,175.60000610351562,171.3000030517578,173.6999969482422,173.6999969482422,74976
2025-02-21,173.8000030517578,175.10000610351562,169.1999969482422,170.1999969482422,170.1999969482422,60278
2025-02-24,171.0,172.39999389648438,166.3000030517578,168.10000610351562,168.10000610351562,129939
2025-02-25,168.10000610351562,168.8000030517578,165.89999389648438,166.1999969482422,166.1999969482422,47594
2025-02-26,166.39999389648438,167.6999969482422,164.6999969482422,165.60000610351562,165.60000610351562,38701
2025-02-27,165.8000030517578,168.10000610351562,165.0,166.1999969482422,166.1999969482422,47541
2025-02-28,165.5,165.6999969482422,159.10000610351562,160.6999969482422,160.6999969482422,60242
2025-03-03,161.10000610351562,163.6999969482422,161.0,161.39999389648438,161.39999389648438,56273
2025-03-04,161.39999389648438,161.39999389648438,158.0,158.10000610351562,158.10000610351562,53489
2025-03-05,158.1999969482422,162.1999969482422,157.6999969482422,161.0,161.0,63734
2025-03-06,162.0,167.5,161.89999389648438,167.5,167.5,74613
2025-03-07,167.6999969482422,169.8000030517578,164.0,169.8000030517578,169.8000030517578,75654
2025-03-10,169.1999969482422,172.0,168.5,169.0,169.0,48149
2025-03-11,169.10000610351562,171.89999389648438,168.3000030517578,170.3000030517578,170.3000030517578,49629
2025-03-12,170.5,171.10000610351562,167.8000030517578,168.60000610351562,168.60000610351562,61128
2025-03-13,168.60000610351562,174.60000610351562,168.60000610351562,174.3000030517578,174.3000030517578,126096
2025-03-14,174.89999389648438,175.6999969482422,172.5,173.1999969482422,173.1999969482422,71370
2025-03-17,173.3000030517578,182.60000610351562,173.3000030517578,179.60000610351562,179.60000610351562,332197
2025-03-18,179.5,182.8000030517578,172.5,178.5,178.5,208081
2025-03-19,165.10000610351562,172.39999389648438,160.6999969482422,161.1999969482422,161.1999969482422,131092
2025-03-20,162.0,168.39999389648438,159.10000610351562,161.0,161.0,126035
2025-03-21,160.89999389648438,160.89999389648438,150.5,155.0,155.0,134458
2025-03-24,152.5,158.60000610351562,150.0,155.6999969482422,155.6999969482422,97626
2025-03-25,157.6999969482422,166.60000610351562,157.6999969482422,165.1999969482422,165.1999969482422,117924
2025-03-26,160.0,166.89999389648438,160.0,163.6999969482422,163.6999969482422,51829
2025-03-27,165.8000030517578,167.10000610351562,161.60000610351562,162.0,162.0,56646
2025-03-28,166.0,167.60000610351562,161.0,165.5,165.5,119995
2025-04-02,165.8000030517578,169.60000610351562,164.60000610351562,166.3000030517578,166.3000030517578,64371
2025-04-03,167.0,169.10000610351562,164.5,165.3000030517578,165.3000030517578,43803
2025-04-04,165.3000030517578,170.60000610351562,163.39999389648438,169.0,169.0,87351
2025-04-07,165.1999969482422,169.6999969482422,161.0,168.0,168.0,92958
2025-04-08,171.89999389648438,172.0,167.1999969482422,167.6999969482422,167.6999969482422,56594
2025-04-09,166.8000030517578,167.39999389648438,161.5,162.6999969482422,162.6999969482422,59292
2025-04-10,165.8000030517578,166.60000610351562,163.39999389648438,163.89999389648438,163.89999389648438,49290
2025-04-11,163.89999389648438,164.60000610351562,162.8000030517578,164.1999969482422,164.1999969482422,35835
2025-04-14,167.8000030517578,167.89999389648438,164.5,165.39999389648438,165.39999389648438,65558
2025-04-15,165.60000610351562,168.6999969482422,165.3000030517578,165.8000030517578,165.8000030517578,81412
2025-04-16,165.8000030517578,165.89999389648438,160.0,161.5,161.5,50033
2025-04-17,161.60000610351562,164.5,160.0,163.3000030517578,163.3000030517578,62531
2025-04-18,163.0,163.0,160.1999969482422,161.3000030517578,161.3000030517578,28922
2025-04-21,161.60000610351562,165.6999969482422,161.60000610351562,164.60000610351562,164.60000610351562,63370
2025-04-22,164.60000610351562,168.89999389648438,162.1999969482422,168.3000030517578,168.3000030517578,118664
2025-04-24,168.3000030517578,169.89999389648438,160.3000030517578,167.60000610351562,167.60000610351562,91374
2025-04-25,168.1999969482422,173.5,167.10000610351562,169.3000030517578,169.3000030517578,101486
2025-04-28,169.39999389648438,170.8000030517578,163.39999389648438,164.0,164.0,87310
2025-04-29,165.6999969482422,165.6999969482422,162.1999969482422,163.3000030517578,163.3000030517578,52934
2025-04-30,163.3000030517578,164.6999969482422,157.60000610351562,157.60000610351562,157.60000610351562,61275
2025-05-02,157.8000030517578,160.39999389648438,157.1999969482422,159.60000610351562,159.60000610351562,37143
2025-05-05,159.60000610351562,161.0,158.1999969482422,160.3000030517578,160.3000030517578,61655
2025-05-06,160.1999969482422,161.8000030517578,158.89999389648438,159.0,159.0,72334
2025-05-07,159.0,161.6999969482422,155.0,155.0,155.0,88155
2025-05-08,156.0,157.10000610351562,155.0,157.0,157.0,25473
2025-05-09,157.1999969482422,159.39999389648438,153.0,157.89999389648438,157.89999389648438,43816
2025-05-12,158.1999969482422,162.5,158.1999969482422,161.1999969482422,161.1999969482422,74444
2025-05-13,160.39999389648438,161.6999969482422,158.1999969482422,159.89999389648438,159.89999389648438,95608
2025-05-14,159.89999389648438,161.0,157.3000030517578,158.0,158.0,53438
2025-05-15,158.39999389648438,160.10000610351562,155.39999389648438,156.5,156.5,46044
2025-05-16,157.8000030517578,158.5,155.8000030517578,157.39999389648438,157.39999389648438,43245
2025-05-20,158.0,159.60000610351562,155.6999969482422,157.10000610351562,157.10000610351562,50174
2025-05-21,157.10000610351562,158.1999969482422,153.0,153.0,153.0,76394
2025-05-22,155.1999969482422,155.1999969482422,151.1999969482422,152.8000030517578,152.8000030517578,97689
2025-05-23,152.8000030517578,154.5,151.39999389648438,152.5,152.5,53405
2025-05-26,152.60000610351562,154.5,150.10000610351562,153.6999969482422,153.6999969482422,59215
2025-05-27,153.6999969482422,156.5,151.0,151.60000610351562,151.60000610351562,47064
2025-05-28,151.89999389648438,152.6999969482422,145.6999969482422,145.6999969482422,145.6999969482422,81406
2025-05-29,146.5,147.89999389648438,144.89999389648438,145.5,145.5,58479
2025-05-30,146.0,146.10000610351562,142.0,143.6999969482422,143.6999969482422,39041
2025-06-02,143.0,143.0,137.89999389648438,139.3000030517578,139.3000030517578,54573
2025-06-03,139.3000030517578,142.0,139.3000030517578,141.6999969482422,141.6999969482422,34846
2025-06-04,141.5,146.60000610351562,141.0,144.5,144.5,37473
2025-06-05,144.5,151.60000610351562,144.0,149.10000610351562,149.10000610351562,71263
2025-06-10,149.39999389648438,161.0,147.0,156.1999969482422,156.1999969482422,173380
2025-06-11,156.1999969482422,156.6999969482422,151.5,151.8000030517578,151.8000030517578,66740
2025-06-12,151.8000030517578,151.8000030517578,146.10000610351562,146.39999389648438,146.39999389648438,64207
2025-06-13,145.0,145.0,138.0,143.89999389648438,143.89999389648438,55732
2025-06-16,143.60000610351562,145.0,138.0,143.10000610351562,143.10000610351562,42874
2025-06-17,143.10000610351562,145.8000030517578,142.1999969482422,142.1999969482422,142.1999969482422,61350
2025-06-18,142.8000030517578,143.0,139.0,139.1999969482422,139.1999969482422,58266
2025-06-19,140.1999969482422,141.60000610351562,138.0,138.0,138.0,31649
2025-06-20,138.10000610351562,140.8000030517578,138.10000610351562,138.89999389648438,138.89999389648438,28819
2025-06-23,139.6999969482422,140.6999969482422,135.3000030517578,136.5,136.5,35612
2025-06-24,137.1999969482422,144.0,137.1999969482422,140.89999389648438,140.89999389648438,88635
2025-06-25,142.10000610351562,142.8000030517578,140.10000610351562,140.1999969482422,140.1999969482422,31400
2025-06-26,140.3000030517578,144.89999389648438,140.0,140.3000030517578,140.3000030517578,63630
2025-06-27,143.1999969482422,143.3000030517578,138.60000610351562,141.5,141.5,43290
2025-06-30,141.8000030517578,144.3000030517578,140.5,143.8000030517578,143.8000030517578,75244
2025-07-01,144.60000610351562,158.10000610351562,143.5,158.10000610351562,158.10000610351562,247443
2025-07-02,160.10000610351562,173.89999389648438,158.5,161.39999389648438,161.39999389648438,851717
2025-07-03,162.0,165.0,157.89999389648438,162.1999969482422,162.1999969482422,136554
2025-07-04,162.3000030517578,175.10000610351562,161.89999389648438,167.6999969482422,167.6999969482422,311435
2025-07-07,166.89999389648438,166.89999389648438,162.8000030517578,163.1999969482422,163.1999969482422,83783
2025-07-08,163.0,170.60000610351562,162.0,167.60000610351562,167.60000610351562,150969
2025-07-09,168.10000610351562,170.1999969482422,163.3000030517578,168.89999389648438,168.89999389648438,91810
2025-07-10,168.89999389648438,171.60000610351562,165.10000610351562,165.39999389648438,165.39999389648438,118421
2025-07-11,165.5,168.89999389648438,164.5,164.8000030517578,164.8000030517578,44427
2025-07-14,165.0,166.0,161.8000030517578,162.8000030517578,162.8000030517578,48482
2025-07-16,163.0,166.10000610351562,159.8000030517578,163.89999389648438,163.89999389648438,91818
2025-07-17,164.60000610351562,167.10000610351562,164.0,165.89999389648438,165.89999389648438,73106
2025-07-18,165.89999389648438,166.6999969482422,164.0,166.60000610351562,166.60000610351562,62801
2025-07-21,166.60000610351562,169.89999389648438,166.0,168.89999389648438,168.89999389648438,59605
2025-07-22,168.89999389648438,174.1999969482422,168.39999389648438,173.5,173.5,175831
2025-07-23,173.60000610351562,175.1999969482422,168.39999389648438,169.3000030517578,169.3000030517578,120771
2025-07-24,169.5,171.89999389648438,169.3000030517578,170.60000610351562,170.60000610351562,58195
2025-07-25,170.60000610351562,172.6999969482422,168.5,169.39999389648438,169.39999389648438,41593
2025-07-28,169.6999969482422,172.0,168.0,168.60000610351562,168.60000610351562,56477
2025-07-29,168.8000030517578,170.10000610351562,166.39999389648438,166.5,166.5,56923
2025-07-30,167.0,169.8000030517578,165.89999389648438,167.89999389648438,167.89999389648438,70759
2025-07-31,168.10000610351562,169.89999389648438,167.3000030517578,169.39999389648438,169.39999389648438,100887
2025-08-01,171.5,171.89999389648438,168.8000030517578,169.1999969482422,169.1999969482422,71370
2025-08-04,169.5,178.39999389648438,169.0,174.6999969482422,174.6999969482422,333852
2025-08-05,174.6999969482422,186.5,173.0,178.1999969482422,178.1999969482422,470963
2025-08-06,179.60000610351562,185.39999389648438,179.0,180.5,180.5,147774
2025-08-07,178.0,180.6999969482422,173.10000610351562,174.1999969482422,174.1999969482422,198876
2025-08-08,174.1999969482422,177.6999969482422,172.0,175.1999969482422,175.1999969482422,72406
2025-08-11,177.0,181.0,172.39999389648438,176.39999389648438,176.39999389648438,109168
2025-08-12,177.0,177.3000030517578,172.3000030517578,173.6999969482422,173.6999969482422,60780
2025-08-13,174.0,183.0,171.1999969482422,183.0,183.0,122415
2025-08-14,183.89999389648438,187.3000030517578,179.1999969482422,182.39999389648438,182.39999389648438,195196
2025-08-15,182.39999389648438,187.10000610351562,181.39999389648438,183.60000610351562,183.60000610351562,178227
2025-08-18,184.0,186.0,182.39999389648438,184.6999969482422,184.6999969482422,107470
2025-08-19,185.0,185.5,179.89999389648438,181.6999969482422,181.6999969482422,87153
2025-08-20,181.6999969482422,185.0,180.0,182.39999389648438,182.39999389648438,98205
2025-08-21,184.39999389648438,184.39999389648438,182.0,183.10000610351562,183.10000610351562,77261
2025-08-22,184.1999969482422,186.60000610351562,182.8000030517578,183.60000610351562,183.60000610351562,80325
2025-08-25,186.0,187.3000030517578,183.6999969482422,186.6999969482422,186.6999969482422,131541
2025-08-26,186.6999969482422,192.89999389648438,184.0,188.0,188.0,157850
2025-08-27,189.3000030517578,205.5,189.0,192.0,192.0,648745
2025-08-28,192.1999969482422,196.89999389648438,189.39999389648438,191.0,191.0,152229
2025-08-29,191.10000610351562,193.0,187.8000030517578,187.8000030517578,187.8000030517578,87963
2025-09-01,188.60000610351562,191.6999969482422,188.60000610351562,189.60000610351562,189.60000610351562,73864
2025-09-02,191.39999389648438,191.39999389648438,176.6999969482422,180.89999389648438,180.89999389648438,130375
2025-09-03,180.1999969482422,185.89999389648438,178.8000030517578,185.0,185.0,94586
2025-09-04,187.0,199.3000030517578,186.1999969482422,196.6999969482422,196.6999969482422,224656
2025-09-05,195.3000030517578,197.0,190.89999389648438,193.0,193.0,123382
2025-09-08,190.39999389648438,195.0,187.6999969482422,191.89999389648438,191.89999389648438,105760
2025-09-09,195.0,204.0,194.39999389648438,195.10000610351562,195.10000610351562,295403
2025-09-10,201.0,201.0,192.60000610351562,195.1999969482422,195.1999969482422,145497
2025-09-11,195.39999389648438,197.39999389648438,183.8000030517578,184.1999969482422,184.1999969482422,137743
2025-09-12,183.0,183.0,177.1999969482422,177.60000610351562,177.60000610351562,52825
2025-09-15,179.89999389648438,189.39999389648438,176.1999969482422,188.1999969482422,188.1999969482422,127608
2025-09-16,188.5,196.89999389648438,188.0,193.5,193.5,86703
2025-09-17,193.5,195.8000030517578,191.5,192.3000030517578,192.3000030517578,43939
2025-09-18,192.5,195.89999389648438,190.0,190.0,190.0,67095
2025-09-19,191.0,208.39999389648438,190.5,207.8000030517578,207.8000030517578,404733
2025-09-22,209.0,212.1999969482422,202.89999389648438,204.89999389648438,204.89999389648438,177415
2025-09-23,203.89999389648438,208.39999389648438,199.89999389648438,201.60000610351562,201.60000610351562,103144
2025-09-24,202.1999969482422,204.10000610351562,197.60000610351562,200.0,200.0,101942
2025-09-25,202.39999389648438,202.39999389648438,196.0,199.5,199.5,52520
2025-09-26,199.89999389648438,201.0,192.0,192.0,192.0,50380
2025-09-29,192.1999969482422,203.8000030517578,189.39999389648438,190.5,190.5,104748
2025-09-30,191.5,193.5,187.0,189.1999969482422,189.1999969482422,79895
2025-10-01,189.1999969482422,192.3000030517578,184.89999389648438,188.6999969482422,188.6999969482422,78060
2025-10-02,189.89999389648438,193.0,188.1999969482422,189.5,189.5,40953
2025-10-03,189.5,192.0,185.6999969482422,185.89999389648438,185.89999389648438,72044
2025-10-06,186.39999389648438,195.8000030517578,180.0,180.0,180.0,50407
2025-10-07,181.0,187.60000610351562,180.0,183.60000610351562,183.60000610351562,57051
2025-10-08,183.5,189.89999389648438,181.1999969482422,182.39999389648438,182.39999389648438,74809
2025-10-09,182.5,185.1999969482422,181.39999389648438,182.5,182.5,32129
2025-10-10,182.5,185.10000610351562,181.3000030517578,182.1999969482422,182.1999969482422,28317
2025-10-13,182.5,183.0,176.0,178.0,178.0,49230
2025-10-14,178.0,183.6999969482422,175.60000610351562,176.60000610351562,176.60000610351562,64753
2025-10-15,177.39999389648438,184.0,177.39999389648438,181.0,181.0,69553
2025-10-16,182.6999969482422,187.1999969482422,179.10000610351562,179.10000610351562,179.10000610351562,69240
2025-10-17,179.3000030517578,183.5,175.8000030517578,178.8000030517578,178.8000030517578,71984
2025-10-20,180.0,182.1999969482422,177.5,180.39999389648438,180.39999389648438,66625
2025-10-21,181.8000030517578,186.39999389648438,180.39999389648438,183.10000610351562,183.10000610351562,70548
2025-10-22,183.5,187.0,181.3000030517578,182.5,182.5,63323
2025-10-23,182.89999389648438,185.3000030517578,181.5,182.0,182.0,35277
2025-10-24,183.89999389648438,189.5,181.1999969482422,189.0,189.0,74064
2025-10-27,189.0,191.39999389648438,187.0,187.0,187.0,57446
2025-10-28,187.1999969482422,189.89999389648438,184.60000610351562,185.39999389648438,185.39999389648438,24146
2025-10-30,187.89999389648438,192.5,185.8000030517578,190.1999969482422,190.1999969482422,70970
2025-10-31,192.1999969482422,195.1999969482422,190.5,194.5,194.5,82299
2025-11-03,195.39999389648438,204.39999389648438,195.10000610351562,202.0,202.0,101989
2025-11-04,202.5,204.89999389648438,193.0,197.1999969482422,197.1999969482422,107903
2025-11-05,197.1999969482422,200.5,190.0,199.1999969482422,199.1999969482422,72349
2025-11-06,200.1999969482422,201.0,196.10000610351562,196.10000610351562,196.10000610351562,38997
2025-11-07,196.10000610351562,198.89999389648438,194.89999389648438,196.60000610351562,196.60000610351562,53455
2025-11-10,196.60000610351562,202.8000030517578,195.60000610351562,200.5,200.5,113791
2025-11-11,202.5,202.60000610351562,188.0,196.0,196.0,97890
2025-11-12,196.0,196.89999389648438,186.0,186.0,186.0,69897
2025-11-13,186.1999969482422,189.39999389648438,183.10000610351562,183.10000610351562,183.10000610351562,67821
2025-11-14,184.0,187.39999389648438,180.1999969482422,187.39999389648438,187.39999389648438,85940
2025-11-17,188.6999969482422,189.8000030517578,186.3000030517578,189.10000610351562,189.10000610351562,102375
2025-11-18,191.0,193.0,187.5,191.3000030517578,191.3000030517578,88004
2025-11-19,192.0,194.1999969482422,190.3000030517578,190.60000610351562,190.60000610351562,77879
2025-11-20,192.39999389648438,205.0,192.1999969482422,197.89999389648438,197.89999389648438,461052
2025-11-21,199.0,201.0,185.3000030517578,185.60000610351562,185.60000610351562,270458
2025-11-24,184.60000610351562,196.1999969482422,184.1999969482422,189.1999969482422,189.1999969482422,207974
2025-11-25,191.89999389648438,196.89999389648438,184.10000610351562,184.8000030517578,184.8000030517578,131187
2025-11-26,186.8000030517578,188.0,181.89999389648438,182.10000610351562,182.10000610351562,61242
2025-11-27,182.5,185.60000610351562,180.5,181.5,181.5,49788
2025-11-28,181.5,183.5,180.10000610351562,180.5,180.5,34124
2025-12-01,180.6999969482422,184.39999389648438,180.6999969482422,182.89999389648438,182.89999389648438,50104
2025-12-02,183.3000030517578,186.89999389648438,182.1999969482422,182.5,182.5,60639
2025-12-03,182.6999969482422,185.89999389648438,181.0,181.8000030517578,181.8000030517578,45066
2025-12-04,182.39999389648438,184.89999389648438,182.0,182.5,182.5,49786
2025-12-05,182.5,187.89999389648438,181.5,183.39999389648438,183.39999389648438,80657
2025-12-08,183.8000030517578,185.10000610351562,182.39999389648438,183.39999389648438,183.39999389648438,67833
2025-12-09,183.39999389648438,185.0,181.8000030517578,183.1999969482422,183.1999969482422,39749
2025-12-10,183.1999969482422,184.8000030517578,181.6999969482422,182.1999969482422,182.1999969482422,30506
2025-12-11,182.3000030517578,184.0,181.5,183.0,183.0,30881
2025-12-12,183.0,184.10000610351562,182.0,183.8000030517578,183.8000030517578,39653
2025-12-15,184.0,187.89999389648438,184.0,185.89999389648438,185.89999389648438,72436
2025-12-16,185.89999389648438,188.0,182.89999389648438,184.5,184.5,38342
2025-12-17,184.5,185.0,182.60000610351562,183.0,183.0,28574
2025-12-18,183.0,184.60000610351562,182.6999969482422,183.3000030517578,183.3000030517578,27506
2025-12-19,183.3000030517578,184.39999389648438,179.60000610351562,181.6999969482422,181.6999969482422,55722
2025-12-22,181.6999969482422,186.6999969482422,179.6999969482422,181.10000610351562,181.10000610351562,81696
2025-12-23,181.8000030517578,183.0,180.0,180.89999389648438,180.89999389648438,35815
2025-12-24,180.89999389648438,181.89999389648438,178.5,178.6999969482422,178.6999969482422,37353
2025-12-25,180.0,180.89999389648438,178.60000610351562,178.6999969482422,178.6999969482422,32330
2025-12-26,179.0,183.89999389648438,178.60000610351562,182.8000030517578,182.8000030517578,78749
2025-12-29,182.8000030517578,184.0,175.6999969482422,176.6999969482422,176.6999969482422,68424
2025-12-30,176.1999969482422,181.8000030517578,173.0,177.6999969482422,177.6999969482422,96541
2025-12-31,177.6999969482422,181.8000030517578,177.10000610351562,180.0,180.0,65743
2026-01-02,180.0,182.0,179.1999969482422,182.0,182.0,43799
2026-01-05,181.89999389648438,183.6999969482422,180.1999969482422,181.5,181.5,85573
2026-01-06,181.5,183.5,180.10000610351562,183.39999389648438,183.39999389648438,63032
2026-01-07,183.5,190.6999969482422,182.5,185.89999389648438,185.89999389648438,125369
2026-01-08,185.89999389648438,190.0,183.1999969482422,186.8000030517578,186.8000030517578,77915
2026-01-09,186.0,192.39999389648438,186.0,192.3000030517578,192.3000030517578,154080
2026-01-12,192.3000030517578,198.1999969482422,189.5,195.1999969482422,195.1999969482422,132482
2026-01-13,196.6999969482422,196.89999389648438,192.60000610351562,196.0,196.0,105867
2026-01-14,197.10000610351562,198.1999969482422,193.10000610351562,193.5,193.5,74293
2026-01-15,193.5,202.0,193.5,202.0,202.0,135389
2026-01-16,204.3000030517578,204.3000030517578,195.0,199.0,199.0,122795
2026-01-19,199.10000610351562,200.6999969482422,197.6999969482422,198.5,198.5,59921
2026-01-20,198.39999389648438,200.0,195.60000610351562,197.39999389648438,197.39999389648438,107669
2026-01-21,197.39999389648438,197.39999389648438,192.10000610351562,194.3000030517578,194.3000030517578,57212
2026-01-22,194.5,201.5,194.5,200.0,200.0,124674
2026-01-23,200.0,203.0,198.10000610351562,199.6999969482422,199.6999969482422,108764
2026-01-26,199.60000610351562,206.39999389648438,197.10000610351562,205.0,205.0,162600
2026-01-27,205.0,207.0,201.60000610351562,203.0,203.0,76178
2026-01-28,204.0,215.0,204.0,209.8000030517578,209.8000030517578,302355
2026-01-29,215.0,219.60000610351562,211.1999969482422,212.89999389648438,212.89999389648438,252156
2026-01-30,213.0,214.1999969482422,208.1999969482422,209.0,209.0,102686
2026-02-02,207.1999969482422,209.0,202.10000610351562,206.89999389648438,206.89999389648438,100212
2026-02-03,207.39999389648438,217.39999389648438,207.39999389648438,211.39999389648438,211.39999389648438,137415
2026-02-04,212.39999389648438,216.8000030517578,211.10000610351562,211.6999969482422,211.6999969482422,74173
2026-02-05,211.6999969482422,215.0,207.1999969482422,210.0,210.0,98390
2026-02-06,209.60000610351562,212.10000610351562,206.89999389648438,210.10000610351562,210.10000610351562,33929
2026-02-09,210.3000030517578,215.6999969482422,210.3000030517578,214.5,214.5,91754
2026-02-10,214.39999389648438,214.39999389648438,210.1999969482422,212.39999389648438,212.39999389648438,84637
2026-02-11,211.6999969482422,214.8000030517578,208.39999389648438,209.39999389648438,209.39999389648438,86111
2026-02-12,211.39999389648438,214.10000610351562,207.5,211.0,211.0,88541
2026-02-13,212.10000610351562,213.60000610351562,204.0,205.39999389648438,205.39999389648438,155535
2026-02-16,205.6999969482422,212.10000610351562,205.6999969482422,209.1999969482422,209.1999969482422,112068
2026-02-17,211.8000030517578,215.3000030517578,210.0,213.39999389648438,213.39999389648438,193393
2026-02-18,215.10000610351562,217.0,210.0,210.0,210.0,194645
2026-02-19,210.39999389648438,212.6999969482422,189.1999969482422,194.0,194.0,181233
2026-02-20,194.0,196.5,189.6999969482422,190.8000030517578,190.8000030517578,87640
2026-02-23,194.89999389648438,198.6999969482422,191.0,192.5,192.5,76224
2026-02-24,192.5,193.1999969482422,187.0,189.89999389648438,189.89999389648438,67746
2026-02-25,190.0,191.10000610351562,177.6999969482422,179.1999969482422,179.1999969482422,146069
2026-02-26,179.1999969482422,183.0,175.0,179.8000030517578,179.8000030517578,113711
2026-02-27,179.8000030517578,181.8000030517578,175.8000030517578,177.39999389648438,177.39999389648438,71997
2026-03-02,166.0,173.5,162.89999389648438,170.1999969482422,170.1999969482422,89647
2026-03-03,163.89999389648438,175.6999969482422,163.89999389648438,168.0,168.0,82864
2026-03-04,168.1999969482422,172.10000610351562,168.1999969482422,169.5,169.5,56653
2026-03-05,168.6999969482422,178.60000610351562,168.6999969482422,175.1999969482422,175.1999969482422,76499
2026-03-06,175.1999969482422,179.5,174.1999969482422,176.89999389648438,176.89999389648438,81432
2026-03-09,175.6999969482422,179.5,174.5,177.3000030517578,177.3000030517578,64477
2026-03-10,180.3000030517578,184.89999389648438,178.0,180.0,180.0,55428
2026-03-11,181.6999969482422,181.6999969482422,172.8000030517578,174.39999389648438,174.39999389648438,83017
2026-03-12,174.39999389648438,176.39999389648438,172.6999969482422,173.89999389648438,173.89999389648438,54108
2026-03-13,173.1999969482422,174.5,170.0,174.0,174.0,86678
2026-03-16,174.0,177.10000610351562,172.3000030517578,173.0,173.0,47660
2026-03-17,175.1999969482422,183.39999389648438,174.5,180.1999969482422,180.1999969482422,94006
2026-03-18,180.1999969482422,188.39999389648438,179.10000610351562,185.10000610351562,185.10000610351562,118875
2026-03-19,185.0,187.0,183.0,183.0,183.0,18858
2026-03-23,182.6999969482422,185.0,177.39999389648438,181.5,181.5,82246
2026-03-24,181.5,189.0,180.6999969482422,180.8000030517578,180.8000030517578,77381
2026-03-25,182.10000610351562,184.3000030517578,180.8000030517578,181.10000610351562,181.10000610351562,45735
2026-03-26,182.89999389648438,184.1999969482422,179.60000610351562,182.60000610351562,182.60000610351562,56057
2026-03-27,183.10000610351562,185.1999969482422,177.3000030517578,180.89999389648438,180.89999389648438,50037
2026-03-30,181.6999969482422,183.8000030517578,179.10000610351562,179.3000030517578,179.3000030517578,74107
2026-03-31,179.60000610351562,184.89999389648438,179.60000610351562,183.60000610351562,183.60000610351562,60692
2026-04-01,184.0,191.3000030517578,184.0,189.39999389648438,189.39999389648438,78473
2026-04-02,185.0,197.0,184.5,191.6999969482422,191.6999969482422,85401
2026-04-03,191.6999969482422,199.0,191.3000030517578,199.0,199.0,88690
2026-04-06,199.0,202.6999969482422,198.8000030517578,202.1999969482422,202.1999969482422,58249
2026-04-07,202.1999969482422,202.1999969482422,193.89999389648438,195.5,195.5,60801
2026-04-08,196.6999969482422,202.89999389648438,196.6999969482422,201.0,201.0,53929
2026-04-09,200.0,204.1999969482422,199.10000610351562,199.3000030517578,199.3000030517578,38509
2026-04-10,199.60000610351562,205.1999969482422,199.60000610351562,201.8000030517578,201.8000030517578,77456
2026-04-13,201.0,201.0,197.0,199.6999969482422,199.6999969482422,64197
2026-04-14,200.0,202.60000610351562,199.0,201.10000610351562,201.10000610351562,62635
2026-04-15,202.6999969482422,204.0,201.10000610351562,202.39999389648438,202.39999389648438,54585
2026-04-16,202.6999969482422,204.5,192.60000610351562,200.89999389648438,200.89999389648438,81379
2026-04-17,201.8000030517578,206.89999389648438,201.0,205.1999969482422,205.1999969482422,96615
2026-04-20,204.5,204.5,201.0,201.5,201.5,50318
2026-04-21,202.39999389648438,205.5,200.5,201.60000610351562,201.60000610351562,73660
2026-04-22,202.10000610351562,203.89999389648438,198.6999969482422,201.39999389648438,201.39999389648438,51263
2026-04-24,203.0,203.0,194.8000030517578,197.1999969482422,197.1999969482422,51710
2026-04-27,197.1999969482422,202.89999389648438,197.1999969482422,198.3000030517578,198.3000030517578,47722
2026-04-28,198.3000030517578,200.1999969482422,193.39999389648438,194.1999969482422,194.1999969482422,58471
2026-04-29,194.39999389648438,196.89999389648438,192.0,194.0,194.0,47268
2026-04-30,194.0,197.89999389648438,192.0,196.6999969482422,196.6999969482422,44970
2026-05-04,196.6999969482422,207.3000030517578,194.0,205.3000030517578,205.3000030517578,133685
2026-05-05,207.0,212.10000610351562,204.39999389648438,207.89999389648438,207.89999389648438,168497
2026-05-06,208.0,215.1999969482422,208.0,209.89999389648438,209.89999389648438,150291
2026-05-07,213.39999389648438,213.39999389648438,208.3000030517578,211.0,211.0,56962
2026-05-08,211.0,215.6999969482422,209.0,214.8000030517578,214.8000030517578,93266
2026-05-11,216.1999969482422,226.0,216.1999969482422,224.10000610351562,224.10000610351562,242048
2026-05-12,217.89999389648438,226.0,212.6999969482422,212.6999969482422,212.6999969482422,231313
2026-05-13,212.8000030517578,213.6999969482422,202.60000610351562,205.3000030517578,205.3000030517578,127921
2026-05-14,205.3000030517578,210.39999389648438,200.1999969482422,206.5,206.5,77142
2026-05-15,205.0,211.89999389648438,201.8000030517578,203.39999389648438,203.39999389648438,85299
2026-05-18,203.0,203.10000610351562,195.39999389648438,195.5,195.5,86820
2026-05-20,195.39999389648438,195.39999389648438,187.0,187.0,187.0,58202
2026-05-21,187.6999969482422,190.0,177.5,177.5,177.5,52487
2026-05-22,177.5,186.60000610351562,175.60000610351562,183.10000610351562,183.10000610351562,80079
