Tarih,Açılış,Yüksek,Düşük,Kapanış,Düzeltilmiş_Kapanış,Hacim
2015-10-29,3.430000066757202,3.430000066757202,3.430000066757202,3.430000066757202,1.9605506658554077,0
2015-10-30,3.384999990463257,3.440000057220459,3.380000114440918,3.430000066757202,1.9605506658554077,3147690
2015-11-02,3.5299999713897705,3.5399999618530273,3.484999895095825,3.484999895095825,1.9919878244400024,2724310
2015-11-03,3.4749999046325684,3.4800000190734863,3.3949999809265137,3.4200000762939453,1.9548349380493164,3516220
2015-11-04,3.424999952316284,3.434999942779541,3.4100000858306885,3.434999942779541,1.963408350944519,2527860
2015-11-05,3.424999952316284,3.5,3.4200000762939453,3.5,2.0005619525909424,3421840
2015-11-06,3.490000009536743,3.5299999713897705,3.4800000190734863,3.5,2.0005619525909424,2198010
2015-11-09,3.5250000953674316,3.549999952316284,3.5199999809265137,3.5199999809265137,2.011992931365967,2442310
2015-11-10,3.434999942779541,3.4649999141693115,3.424999952316284,3.434999942779541,1.963408350944519,1543630
2015-11-11,3.4600000381469727,3.4749999046325684,3.444999933242798,3.444999933242798,1.9691241979599,622390
2015-11-12,3.4749999046325684,3.494999885559082,3.4549999237060547,3.4700000286102295,1.9834136962890625,1992560
2015-11-13,3.4749999046325684,3.484999895095825,3.440000057220459,3.484999895095825,1.9919878244400024,1246940
2015-11-16,3.4149999618530273,3.4649999141693115,3.4149999618530273,3.450000047683716,1.971982479095459,1826810
2015-11-17,3.484999895095825,3.5299999713897705,3.4800000190734863,3.484999895095825,1.9919878244400024,2050190
2015-11-18,3.490000009536743,3.5,3.4549999237060547,3.484999895095825,1.9919878244400024,1791000
2015-11-19,3.5,3.509999990463257,3.4549999237060547,3.494999885559082,1.9977035522460938,1523270
2015-11-20,3.5199999809265137,3.5299999713897705,3.5,3.5299999713897705,2.017709255218506,1341460
2015-11-23,3.5350000858306885,3.5399999618530273,3.494999885559082,3.5199999809265137,2.011992931365967,989820
2015-11-24,3.490000009536743,3.509999990463257,3.4200000762939453,3.440000057220459,1.96626615524292,2511970
2015-11-25,3.390000104904175,3.4600000381469727,3.365000009536743,3.444999933242798,1.9691241979599,1650790
2015-11-26,3.4000000953674316,3.4100000858306885,3.3399999141693115,3.380000114440918,1.9319710731506348,884870
2015-11-27,3.4000000953674316,3.440000057220459,3.369999885559082,3.369999885559082,1.926255226135254,1167620
2015-11-30,3.3499999046325684,3.4100000858306885,3.2699999809265137,3.2699999809265137,1.8690961599349976,4431540
2015-12-01,3.2980000972747803,3.437999963760376,3.2980000972747803,3.2980000972747803,1.8851006031036377,5090110
2015-12-02,3.4019999504089355,3.4639999866485596,3.3940000534057617,3.3980000019073486,1.942259669303894,2634610
2015-12-03,3.4140000343322754,3.507999897003174,3.3980000019073486,3.4560000896453857,1.9754122495651245,2870740
2015-12-04,3.4760000705718994,3.4760000705718994,3.3340001106262207,3.3959999084472656,1.9411165714263916,3441060
2015-12-07,3.375999927520752,3.375999927520752,3.319999933242798,3.3420000076293945,1.9102506637573242,2797560
2015-12-08,3.3299999237060547,3.3519999980926514,3.25600004196167,3.2660000324249268,1.8668099641799927,2881680
2015-12-09,3.2760000228881836,3.380000114440918,3.2699999809265137,3.3320000171661377,1.9045348167419434,1927070
2015-12-10,3.3399999141693115,3.380000114440918,3.1740000247955322,3.2079999446868896,1.8336577415466309,4372530
2015-12-11,3.2079999446868896,3.2300000190734863,3.0739998817443848,3.0920000076293945,1.7673535346984863,7163520
2015-12-14,3.111999988555908,3.184000015258789,3.0759999752044678,3.0840001106262207,1.7627811431884766,2403220
2015-12-15,3.0880000591278076,3.200000047683716,3.0859999656677246,3.197999954223633,1.8279414176940918,3250250
2015-12-16,3.194000005722046,3.2739999294281006,3.131999969482422,3.2739999294281006,1.8713825941085815,2447220
2015-12-17,3.2799999713897705,3.2960000038146973,3.2079999446868896,3.26200008392334,1.8645236492156982,4396040
2015-12-18,3.2660000324249268,3.2660000324249268,3.1700000762939453,3.2079999446868896,1.8336577415466309,2051960
2015-12-21,3.2179999351501465,3.2880001068115234,3.2179999351501465,3.2860000133514404,1.878242015838623,1967930
2015-12-22,3.2860000133514404,3.2860000133514404,3.1579999923706055,3.2200000286102295,1.8405170440673828,2795540
2015-12-23,3.2339999675750732,3.2760000228881836,3.2300000190734863,3.2660000324249268,1.8668099641799927,3314210
2015-12-24,3.259999990463257,3.2660000324249268,3.2079999446868896,3.2160000801086426,1.8382307291030884,861430
2015-12-25,3.2179999351501465,3.2360000610351562,3.2160000801086426,3.2300000190734863,1.8462330102920532,203090
2015-12-28,3.23799991607666,3.2760000228881836,3.2139999866485596,3.2139999866485596,1.8370870351791382,2074860
2015-12-29,3.2160000801086426,3.2219998836517334,3.1459999084472656,3.1559998989105225,1.803935170173645,3683590
2015-12-30,3.1559998989105225,3.1559998989105225,3.124000072479248,3.134000062942505,1.7913602590560913,2175650
2015-12-31,3.135999917984009,3.1600000858306885,2.9700000286102295,3.0280001163482666,1.7307720184326172,5210830
2016-01-01,3.0280001163482666,3.0280001163482666,3.0280001163482666,3.0280001163482666,1.7307720184326172,0
2016-01-04,3.0,3.0480000972747803,2.946000099182129,3.0339999198913574,1.7342010736465454,2822580
2016-01-05,3.049999952316284,3.063999891281128,2.947999954223633,3.0299999713897705,1.7319152355194092,3247710
2016-01-06,3.0199999809265137,3.058000087738037,2.990000009536743,3.0380001068115234,1.7364879846572876,3735680
2016-01-07,3.0220000743865967,3.049999952316284,2.9519999027252197,3.0439999103546143,1.7399171590805054,5464370
2016-01-08,3.0460000038146973,3.069999933242798,2.990000009536743,3.002000093460083,1.7159106731414795,3011210
2016-01-11,3.0,3.0260000228881836,2.9719998836517334,2.9839999675750732,1.7056218385696411,2683080
2016-01-12,2.990000009536743,3.069999933242798,2.9639999866485596,3.059999942779541,1.7490627765655518,3669710
2016-01-13,3.062000036239624,3.1059999465942383,3.058000087738037,3.0799999237060547,1.7604941129684448,2861660
2016-01-14,3.078000068664551,3.078000068664551,2.9839999675750732,3.0220000743865967,1.7273422479629517,4310000
2016-01-15,3.0220000743865967,3.0380001068115234,2.9820001125335693,3.0139999389648438,1.7227693796157837,4307900
2016-01-18,3.0260000228881836,3.0260000228881836,2.9839999675750732,3.002000093460083,1.7159106731414795,2156000
2016-01-19,3.0439999103546143,3.0920000076293945,3.0380001068115234,3.0759999752044678,1.7582076787948608,2717170
2016-01-20,3.0299999713897705,3.0920000076293945,3.009999990463257,3.0460000038146973,1.741060495376587,4372490
2016-01-21,3.0399999618530273,3.0399999618530273,2.9240000247955322,2.990000009536743,1.709051251411438,3026890
2016-01-22,2.990000009536743,2.990000009536743,2.990000009536743,2.990000009536743,1.709051251411438,0
2016-01-25,3.125999927520752,3.135999917984009,3.0940001010894775,3.119999885559082,1.783358097076416,2368820
2016-01-26,3.0959999561309814,3.194000005722046,3.072000026702881,3.177999973297119,1.8165102005004883,2378390
2016-01-27,3.200000047683716,3.2179999351501465,3.177999973297119,3.2179999351501465,1.839373230934143,4907600
2016-01-28,3.2119998931884766,3.246000051498413,3.194000005722046,3.200000047683716,1.829085111618042,2775390
2016-01-29,3.2200000286102295,3.242000102996826,3.196000099182129,3.2300000190734863,1.8462330102920532,2962790
2016-02-01,3.2300000190734863,3.2860000133514404,3.200000047683716,3.2860000133514404,1.878242015838623,3625690
2016-02-02,3.2639999389648438,3.3299999237060547,3.2639999389648438,3.309999942779541,1.8919600248336792,3051280
2016-02-03,3.2739999294281006,3.299999952316284,3.2200000286102295,3.2799999713897705,1.8748120069503784,4327010
2016-02-04,3.319999933242798,3.3299999237060547,3.0,3.313999891281128,1.8942463397979736,3592220
2016-02-05,3.3299999237060547,3.3299999237060547,3.2820000648498535,3.2960000038146973,1.8839576244354248,2342060
2016-02-08,3.299999952316284,3.328000068664551,3.24399995803833,3.257999897003174,1.8622373342514038,1815300
2016-02-09,3.247999906539917,3.247999906539917,3.111999988555908,3.186000108718872,1.8210831880569458,2648130
2016-02-10,3.186000108718872,3.2799999713897705,3.181999921798706,3.2320001125335693,1.8473762273788452,2317000
2016-02-11,3.2019999027252197,3.2200000286102295,3.114000082015991,3.1579999923706055,1.8050782680511475,2823110
2016-02-12,3.1700000762939453,3.2279999256134033,3.1679999828338623,3.2200000286102295,1.8405170440673828,3640790
2016-02-15,3.2839999198913574,3.3320000171661377,3.181999921798706,3.315999984741211,1.8953893184661865,4578580
2016-02-16,3.3399999141693115,3.4000000953674316,3.3340001106262207,3.3340001106262207,1.9056780338287354,8004450
2016-02-17,3.3340001106262207,3.4860000610351562,3.3259999752044678,3.4800000190734863,1.9891302585601807,9730560
2016-02-18,3.4800000190734863,3.4820001125335693,3.4000000953674316,3.4200000762939453,1.9548349380493164,10835450
2016-02-19,3.4200000762939453,3.4240000247955322,3.3239998817443848,3.359999895095825,1.9205396175384521,5392540
2016-02-22,3.378000020980835,3.4079999923706055,3.371999979019165,3.3980000019073486,1.942259669303894,4178920
2016-02-23,3.3940000534057617,3.4639999866485596,3.3919999599456787,3.4639999866485596,1.9799845218658447,17137670
2016-02-24,3.4760000705718994,3.497999906539917,3.4019999504089355,3.4260001182556152,1.9582645893096924,4297180
2016-02-25,3.431999921798706,3.48799991607666,3.4200000762939453,3.450000047683716,1.971982479095459,3517780
2016-02-26,3.4719998836517334,3.490000009536743,3.4179999828338623,3.450000047683716,1.971982479095459,11597570
2016-02-29,3.4159998893737793,3.5460000038146973,3.3959999084472656,3.490000009536743,1.994845986366272,7555950
2016-03-01,3.4159998893737793,3.49399995803833,3.4159998893737793,3.4739999771118164,1.9857009649276733,3839030
2016-03-02,3.507999897003174,3.559999942779541,3.4719998836517334,3.50600004196167,2.0039913654327393,3460560
2016-03-03,3.507999897003174,3.552000045776367,3.4719998836517334,3.502000093460083,2.0017051696777344,4910040
2016-03-04,3.496000051498413,3.50600004196167,3.4700000286102295,3.502000093460083,2.0017051696777344,2450570
2016-03-07,3.5280001163482666,3.5280001163482666,3.4779999256134033,3.496000051498413,1.9982755184173584,2824160
2016-03-08,3.492000102996826,3.509999990463257,3.447999954223633,3.4839999675750732,1.9914166927337646,3083030
2016-03-09,3.4600000381469727,3.5880000591278076,3.4119999408721924,3.5859999656677246,2.0497186183929443,6250210
2016-03-10,3.5859999656677246,3.5999999046325684,3.5399999618530273,3.549999952316284,2.0291409492492676,4301880
2016-03-11,3.5899999141693115,3.5999999046325684,3.50600004196167,3.553999900817871,2.0314276218414307,3653740
2016-03-14,3.5339999198913574,3.5820000171661377,3.5220000743865967,3.562000036239624,2.0360007286071777,3404970
2016-03-15,3.5739998817443848,3.5899999141693115,3.549999952316284,3.5899999141693115,2.0520052909851074,3175460
2016-03-16,3.5920000076293945,3.5999999046325684,3.5160000324249268,3.5940001010894775,2.054291248321533,3973700
2016-03-17,3.5999999046325684,3.697999954223633,3.5940001010894775,3.681999921798706,2.104590892791748,3851320
2016-03-18,3.686000108718872,3.7899999618530273,3.6519999504089355,3.7639999389648438,2.151461601257324,6859960
2016-03-21,3.7639999389648438,3.8559999465942383,3.687999963760376,3.8499999046325684,2.200618028640747,3362330
2016-03-22,3.802000045776367,3.9179999828338623,3.7899999618530273,3.9019999504089355,2.2303407192230225,10526040
2016-03-23,3.8980000019073486,3.9059998989105225,3.5880000591278076,3.619999885559082,2.069152593612671,14043690
2016-03-24,3.630000114440918,3.6659998893737793,3.562000036239624,3.6419999599456787,2.0817275047302246,8590940
2016-03-25,3.6559998989105225,3.7360000610351562,3.6480000019073486,3.686000108718872,2.106877565383911,2212210
2016-03-28,3.7660000324249268,3.7660000324249268,3.6619999408721924,3.671999931335449,2.0988752841949463,1202280
2016-03-29,3.684000015258789,3.74399995803833,3.684000015258789,3.7300000190734863,2.1320276260375977,4428800
2016-03-30,3.74399995803833,3.8239998817443848,3.690000057220459,3.7279999256134033,2.1308844089508057,12191340
2016-03-31,3.7279999256134033,3.74399995803833,3.690000057220459,3.7139999866485596,2.122882127761841,3628790
2016-04-01,3.700000047683716,3.7079999446868896,3.6540000438690186,3.694000005722046,2.111449718475342,3123630
2016-04-04,3.6700000762939453,3.694000005722046,3.6059999465942383,3.694000005722046,2.170199394226074,3023080
2016-04-05,3.687999963760376,3.687999963760376,3.6059999465942383,3.618000030517578,2.1255502700805664,2956930
2016-04-06,3.630000114440918,3.640000104904175,3.5420000553131104,3.5840001106262207,2.1055750846862793,3174890
2016-04-07,3.5999999046325684,3.6019999980926514,3.5420000553131104,3.562000036239624,2.0926501750946045,2130770
2016-04-08,3.569999933242798,3.6700000762939453,3.558000087738037,3.6440000534057617,2.140824794769287,2904320
2016-04-11,3.6440000534057617,3.700000047683716,3.625999927520752,3.691999912261963,2.1690244674682617,2554390
2016-04-12,3.687999963760376,3.7119998931884766,3.6559998989105225,3.7019999027252197,2.1748993396759033,2520560
2016-04-13,3.7019999027252197,3.9019999504089355,3.680000066757202,3.9000000953674316,2.2912230491638184,8540970
2016-04-14,3.9000000953674316,3.9040000438690186,3.808000087738037,3.8580000400543213,2.2665483951568604,4911460
2016-04-15,3.8420000076293945,3.880000114440918,3.802000045776367,3.812000036239624,2.239523410797119,3299580
2016-04-18,3.7980000972747803,3.9000000953674316,3.7899999618530273,3.871999979019165,2.274773359298706,2760220
2016-04-19,3.8940000534057617,3.950000047683716,3.812000036239624,3.818000078201294,2.2430484294891357,3698740
2016-04-20,3.812000036239624,3.9140000343322754,3.799999952316284,3.885999917984009,2.2829983234405518,4429250
2016-04-21,3.9019999504089355,4.050000190734863,3.885999917984009,3.9719998836517334,2.3335227966308594,6487600
2016-04-22,3.996000051498413,4.01800012588501,3.9560000896453857,4.01800012588501,2.3605477809906006,3480430
2016-04-25,4.010000228881836,4.01200008392334,3.931999921798706,3.9760000705718994,2.3358724117279053,1837640
2016-04-26,3.9739999771118164,3.997999906539917,3.8940000534057617,3.9560000896453857,2.324122428894043,2337480
2016-04-27,3.9560000896453857,3.9739999771118164,3.9260001182556152,3.941999912261963,2.3158974647521973,2125770
2016-04-28,3.936000108718872,3.992000102996826,3.9100000858306885,3.992000102996826,2.3452723026275635,3815660
2016-04-29,3.9600000381469727,3.9600000381469727,3.752000093460083,3.759999990463257,2.2089738845825195,9133090
2016-05-02,3.759999990463257,3.76200008392334,3.681999921798706,3.7060000896453857,2.1772494316101074,5230100
2016-05-03,3.7119998931884766,3.73799991607666,3.562000036239624,3.5759999752044678,2.10087513923645,5650810
2016-05-04,3.5739998817443848,3.5999999046325684,3.509999990463257,3.559999942779541,2.091475248336792,6339110
2016-05-05,3.4700000286102295,3.6040000915527344,3.431999921798706,3.5859999656677246,2.106750249862671,8980600
2016-05-06,3.5859999656677246,3.5859999656677246,3.4579999446868896,3.555999994277954,2.089125394821167,5030610
2016-05-09,3.5439999103546143,3.619999885559082,3.5439999103546143,3.615999937057495,2.1243746280670166,2854810
2016-05-10,3.609999895095825,3.609999895095825,3.50600004196167,3.507999897003174,2.0609254837036133,5182440
2016-05-11,3.507999897003174,3.5199999809265137,3.440000057220459,3.507999897003174,2.0609254837036133,6274860
2016-05-12,3.51200008392334,3.5420000553131104,3.4600000381469727,3.4719998836517334,2.039775848388672,4430870
2016-05-13,3.4679999351501465,3.490000009536743,3.365999937057495,3.430000066757202,2.015101432800293,4804060
2016-05-16,3.4240000247955322,3.446000099182129,3.378000020980835,3.4200000762939453,2.0092263221740723,1979560
2016-05-17,3.4260001182556152,3.5840001106262207,3.388000011444092,3.5399999618530273,2.079725742340088,3459650
2016-05-18,3.5199999809265137,3.5199999809265137,3.384000062942505,3.444000005722046,2.0233263969421387,7259270
2016-05-19,3.444000005722046,3.444000005722046,3.444000005722046,3.444000005722046,2.0233263969421387,0
2016-05-20,3.441999912261963,3.49399995803833,3.390000104904175,3.4760000705718994,2.042126178741455,8162880
2016-05-23,3.4779999256134033,3.4779999256134033,3.374000072479248,3.4040000438690186,1.9998265504837036,4249640
2016-05-24,3.4119999408721924,3.614000082015991,3.390000104904175,3.5899999141693115,2.109099864959717,7682630
2016-05-25,3.609999895095825,3.615999937057495,3.497999906539917,3.5,2.0562257766723633,5109340
2016-05-26,3.4600000381469727,3.5139999389648438,3.430000066757202,3.4760000705718994,2.042126178741455,2330900
2016-05-27,3.4660000801086426,3.5,3.450000047683716,3.5,2.0562257766723633,2652320
2016-05-30,3.5,3.5139999389648438,3.4660000801086426,3.5139999389648438,2.06445050239563,1852350
2016-05-31,3.5239999294281006,3.559999942779541,3.4679999351501465,3.497999906539917,2.055050849914551,7824340
2016-06-01,3.4539999961853027,3.5,3.4240000247955322,3.497999906539917,2.055050849914551,4329150
2016-06-02,3.509999990463257,3.5320000648498535,3.430000066757202,3.434000015258789,2.017451047897339,3142740
2016-06-03,3.4700000286102295,3.6080000400543213,3.4700000286102295,3.565999984741211,2.0950002670288086,3985350
2016-06-06,3.568000078201294,3.618000030517578,3.5420000553131104,3.559999942779541,2.091475248336792,2283840
2016-06-07,3.5859999656677246,3.6679999828338623,3.5859999656677246,3.630000114440918,2.1325995922088623,3823580
2016-06-08,3.6619999408721924,3.6640000343322754,3.5480000972747803,3.611999988555908,2.1220247745513916,2973450
2016-06-09,3.611999988555908,3.614000082015991,3.5179998874664307,3.5179998874664307,2.066800832748413,2308320
2016-06-10,3.5199999809265137,3.562000036239624,3.50600004196167,3.5199999809265137,2.0679752826690674,2049180
2016-06-13,3.5179998874664307,3.5260000228881836,3.4240000247955322,3.502000093460083,2.057401180267334,2689960
2016-06-14,3.502000093460083,3.502000093460083,3.378000020980835,3.388000011444092,1.9904265403747559,5577690
2016-06-15,3.4119999408721924,3.427999973297119,3.302000045776367,3.3480000495910645,1.9669270515441895,7718950
2016-06-16,3.3459999561309814,3.380000114440918,3.2860000133514404,3.2860000133514404,1.9305027723312378,2987090
2016-06-17,3.3239998817443848,3.3399999141693115,3.26200008392334,3.2980000972747803,1.9375526905059814,6501470
2016-06-20,3.3440001010894775,3.447999954223633,3.3340001106262207,3.447999954223633,2.025676727294922,4453900
2016-06-21,3.4600000381469727,3.4719998836517334,3.384000062942505,3.3940000534057617,1.993951439857483,5534470
2016-06-22,3.3940000534057617,3.434000015258789,3.3940000534057617,3.4200000762939453,2.0092263221740723,3152680
2016-06-23,3.447999954223633,3.4579999446868896,3.4000000953674316,3.4560000896453857,2.030376672744751,3268590
2016-06-24,3.259999990463257,3.2920000553131104,3.180000066757202,3.191999912261963,1.8752778768539429,9415920
2016-06-27,3.200000047683716,3.2060000896453857,3.115999937057495,3.115999937057495,1.830628514289856,7064730
2016-06-28,3.1459999084472656,3.2160000801086426,3.121999979019165,3.2139999866485596,1.8882027864456177,8517010
2016-06-29,3.2139999866485596,3.253999948501587,3.1640000343322754,3.1659998893737793,1.860002875328064,10427390
2016-06-30,3.1700000762939453,3.181999921798706,3.0199999809265137,3.059999942779541,1.7977288961410522,16033500
2016-07-01,3.059999942779541,3.190000057220459,3.052000045776367,3.190000057220459,1.8741027116775513,13732810
2016-07-04,3.190000057220459,3.25,3.190000057220459,3.25,1.9093523025512695,2731320
2016-07-05,3.25,3.25,3.25,3.25,1.9093523025512695,0
2016-07-06,3.25,3.25,3.25,3.25,1.9093523025512695,0
2016-07-07,3.25,3.25,3.25,3.25,1.9093523025512695,0
2016-07-08,3.257999897003174,3.315999984741211,3.2339999675750732,3.2880001068115234,1.9316773414611816,6438170
2016-07-11,3.302000045776367,3.328000068664551,3.2699999809265137,3.2799999713897705,1.9269771575927734,5115440
2016-07-12,3.2939999103546143,3.3359999656677246,3.2799999713897705,3.3299999237060547,1.95635187625885,5467250
2016-07-13,3.3499999046325684,3.380000114440918,3.3259999752044678,3.3519999980926514,1.9692769050598145,6543420
2016-07-14,3.359999895095825,3.4140000343322754,3.3440001010894775,3.4140000343322754,2.0057013034820557,8868710
2016-07-15,3.4000000953674316,3.4000000953674316,3.309999942779541,3.3499999046325684,1.9681016206741333,7574850
2016-07-18,3.259999990463257,3.3259999752044678,3.191999912261963,3.2320001125335693,1.8987778425216675,6951630
2016-07-19,3.2200000286102295,3.299999952316284,3.1740000247955322,3.200000047683716,1.8799777030944824,6355110
2016-07-20,3.200000047683716,3.2039999961853027,3.0460000038146973,3.062000036239624,1.7989039421081543,8921340
2016-07-21,3.0239999294281006,3.0299999713897705,2.888000011444092,2.9719998836517334,1.7460293769836426,10263740
2016-07-22,3.0,3.0199999809265137,2.880000114440918,3.009999990463257,1.7683539390563965,8289370
2016-07-25,3.0220000743865967,3.0799999237060547,3.0199999809265137,3.049999952316284,1.791853904724121,8800960
2016-07-26,3.0799999237060547,3.1040000915527344,3.0299999713897705,3.1040000915527344,1.8235785961151123,6459140
2016-07-27,3.0999999046325684,3.2300000190734863,3.0999999046325684,3.2300000190734863,1.8976025581359863,5885450
2016-07-28,3.240000009536743,3.2799999713897705,3.194000005722046,3.2219998836517334,1.8929026126861572,4695750
2016-07-29,3.2320001125335693,3.2880001068115234,3.2039999961853027,3.253999948501587,1.9117025136947632,3139870
2016-08-01,3.303999900817871,3.3540000915527344,3.2920000553131104,3.3499999046325684,1.9681016206741333,5271270
2016-08-02,3.3499999046325684,3.3580000400543213,3.240000009536743,3.252000093460083,1.9105274677276611,6651860
2016-08-03,3.2980000972747803,3.309999942779541,3.246000051498413,3.26200008392334,1.9164024591445923,4829250
2016-08-04,3.2739999294281006,3.308000087738037,3.2179999351501465,3.308000087738037,1.943427562713623,2521580
2016-08-05,3.309999942779541,3.364000082015991,3.200000047683716,3.2860000133514404,1.9305027723312378,3481280
2016-08-08,3.322000026702881,3.3459999561309814,3.2780001163482666,3.299999952316284,1.9387272596359253,3774660
2016-08-09,3.299999952316284,3.3299999237060547,3.2679998874664307,3.3299999237060547,1.95635187625885,4779610
2016-08-10,3.3299999237060547,3.3299999237060547,3.2639999389648438,3.2939999103546143,1.93520188331604,3940050
2016-08-11,3.2939999103546143,3.3559999465942383,3.2699999809265137,3.3480000495910645,1.9669270515441895,8198660
2016-08-12,3.359999895095825,3.385999917984009,3.2820000648498535,3.309999942779541,1.9446020126342773,4045990
2016-08-15,3.3459999561309814,3.3940000534057617,3.328000068664551,3.385999917984009,1.9892513751983643,4118870
2016-08-16,3.4119999408721924,3.4119999408721924,3.3519999980926514,3.381999969482422,1.9869015216827393,2265120
2016-08-17,3.3980000019073486,3.4579999446868896,3.378000020980835,3.431999921798706,2.0162761211395264,6221030
2016-08-18,3.450000047683716,3.497999906539917,3.4059998989105225,3.4140000343322754,2.0057013034820557,6727090
2016-08-19,3.450000047683716,3.450000047683716,3.371999979019165,3.385999917984009,1.9892513751983643,2905100
2016-08-22,3.380000114440918,3.4260001182556152,3.3519999980926514,3.4119999408721924,2.004526138305664,2024140
2016-08-23,3.4119999408721924,3.427999973297119,3.3359999656677246,3.3359999656677246,1.9598768949508667,2736990
2016-08-24,3.299999952316284,3.313999891281128,3.240000009536743,3.2960000038146973,1.9363771677017212,3441230
2016-08-25,3.3299999237060547,3.3459999561309814,3.2899999618530273,3.3340001106262207,1.9587020874023438,2485250
2016-08-26,3.313999891281128,3.3440001010894775,3.2839999198913574,3.3340001106262207,1.9587020874023438,1786690
2016-08-29,3.309999942779541,3.3299999237060547,3.2799999713897705,3.2799999713897705,1.9269771575927734,797020
2016-08-30,3.2799999713897705,3.2799999713897705,3.2799999713897705,3.2799999713897705,1.9269771575927734,0
2016-08-31,3.2780001163482666,3.313999891281128,3.2039999961853027,3.2079999446868896,1.884677767753601,5329370
2016-09-01,3.2100000381469727,3.26200008392334,3.2039999961853027,3.2300000190734863,1.8976025581359863,2573740
2016-09-02,3.2279999256134033,3.240000009536743,3.184000015258789,3.2160000801086426,1.8893778324127197,3583430
2016-09-05,3.2260000705718994,3.240000009536743,3.2119998931884766,3.2300000190734863,1.8976025581359863,1813730
2016-09-06,3.2339999675750732,3.24399995803833,3.2060000896453857,3.240000009536743,1.903477430343628,1964830
2016-09-07,3.25,3.257999897003174,3.2200000286102295,3.240000009536743,1.903477430343628,2587380
2016-09-08,3.259999990463257,3.259999990463257,3.2019999027252197,3.2219998836517334,1.8929026126861572,3100480
2016-09-09,3.2239999771118164,3.2239999771118164,3.200000047683716,3.2200000286102295,1.8917278051376343,1625300
2016-09-12,3.2200000286102295,3.2200000286102295,3.2200000286102295,3.2200000286102295,1.8917278051376343,0
2016-09-13,3.2200000286102295,3.2200000286102295,3.2200000286102295,3.2200000286102295,1.8917278051376343,0
2016-09-14,3.2200000286102295,3.2200000286102295,3.2200000286102295,3.2200000286102295,1.8917278051376343,0
2016-09-15,3.2200000286102295,3.2200000286102295,3.2200000286102295,3.2200000286102295,1.8917278051376343,0
2016-09-16,3.2200000286102295,3.2200000286102295,3.0739998817443848,3.0840001106262207,1.811828851699829,6044450
2016-09-19,3.0999999046325684,3.1459999084472656,3.0739998817443848,3.138000011444092,1.8435531854629517,3697480
2016-09-20,3.130000114440918,3.1500000953674316,3.0920000076293945,3.111999988555908,1.8282781839370728,3872840
2016-09-21,3.111999988555908,3.184000015258789,3.111999988555908,3.1600000858306885,1.8564780950546265,3372760
2016-09-22,3.200000047683716,3.2660000324249268,3.180000066757202,3.2660000324249268,1.9187523126602173,3961600
2016-09-23,3.246000051498413,3.2860000133514404,3.2200000286102295,3.259999990463257,1.9152274131774902,3983180
2016-09-26,3.121999979019165,3.196000099182129,3.1080000400543213,3.1519999504089355,1.8517781496047974,3798990
2016-09-27,3.1480000019073486,3.190000057220459,3.1059999465942383,3.1679999828338623,1.861177682876587,2858510
2016-09-28,3.1679999828338623,3.2179999351501465,3.1419999599456787,3.2179999351501465,1.8905526399612427,2864670
2016-09-29,3.2139999866485596,3.2179999351501465,3.1579999923706055,3.200000047683716,1.8799777030944824,3325390
2016-09-30,3.171999931335449,3.184000015258789,3.1419999599456787,3.1659998893737793,1.860002875328064,2695020
2016-10-03,3.180000066757202,3.197999954223633,3.1659998893737793,3.197999954223633,1.878803014755249,1513670
2016-10-04,3.197999954223633,3.197999954223633,3.1459999084472656,3.1659998893737793,1.860002875328064,3007190
2016-10-05,3.1500000953674316,3.190000057220459,3.138000011444092,3.184000015258789,1.8705782890319824,2489870
2016-10-06,3.196000099182129,3.2360000610351562,3.187999963760376,3.200000047683716,1.8799777030944824,3540070
2016-10-07,3.191999912261963,3.2160000801086426,3.1760001182556152,3.186000108718872,1.871753454208374,3662620
2016-10-10,3.200000047683716,3.2679998874664307,3.184000015258789,3.257999897003174,1.9140523672103882,4255750
2016-10-11,3.2360000610351562,3.253999948501587,3.2019999027252197,3.2279999256134033,1.8964272737503052,3351980
2016-10-12,3.2339999675750732,3.2339999675750732,3.1559998989105225,3.191999912261963,1.8752778768539429,4811210
2016-10-13,3.187999963760376,3.2239999771118164,3.1559998989105225,3.2239999771118164,1.8940776586532593,3802990
2016-10-14,3.2239999771118164,3.259999990463257,3.2019999027252197,3.242000102996826,1.904652714729309,2476270
2016-10-17,3.242000102996826,3.2679998874664307,3.2119998931884766,3.2639999389648438,1.9175775051116943,2785020
2016-10-18,3.2780001163482666,3.2839999198913574,3.252000093460083,3.2660000324249268,1.9187523126602173,3799190
2016-10-19,3.259999990463257,3.315999984741211,3.259999990463257,3.313999891281128,1.9469521045684814,3954050
2016-10-20,3.312000036239624,3.318000078201294,3.2739999294281006,3.2920000553131104,1.934027075767517,4396290
2016-10-21,3.2980000972747803,3.315999984741211,3.2699999809265137,3.2699999809265137,1.9211022853851318,9772870
2016-10-24,3.2780001163482666,3.312000036239624,3.253999948501587,3.2920000553131104,1.934027075767517,4232840
2016-10-25,3.2899999618530273,3.308000087738037,3.2699999809265137,3.2720000743865967,1.9222776889801025,2130540
2016-10-26,3.2820000648498535,3.2839999198913574,3.2239999771118164,3.25,1.9093523025512695,3247850
2016-10-27,3.2639999389648438,3.2639999389648438,3.194000005722046,3.2079999446868896,1.884677767753601,2430510
2016-10-28,3.2079999446868896,3.2160000801086426,3.171999931335449,3.190000057220459,1.8741027116775513,787540
2016-10-31,3.190000057220459,3.2100000381469727,3.1640000343322754,3.1640000343322754,1.8588284254074097,2174420
2016-11-01,3.1600000858306885,3.2239999771118164,3.1500000953674316,3.1679999828338623,1.861177682876587,4290520
2016-11-02,3.1559998989105225,3.1640000343322754,3.0959999561309814,3.111999988555908,1.8282781839370728,3315830
2016-11-03,3.124000072479248,3.1579999923706055,3.1019999980926514,3.131999969482422,1.8400280475616455,4313400
2016-11-04,3.111999988555908,3.111999988555908,3.052000045776367,3.0920000076293945,1.8165282011032104,2912470
2016-11-07,3.0959999561309814,3.128000020980835,3.069999933242798,3.0739998817443848,1.8059539794921875,3216320
2016-11-08,3.068000078201294,3.115999937057495,3.0439999103546143,3.115999937057495,1.830628514289856,3557180
2016-11-09,3.049999952316284,3.0999999046325684,3.003999948501587,3.0999999046325684,1.8212287425994873,2928670
2016-11-10,3.119999885559082,3.130000114440918,3.0480000972747803,3.0480000972747803,1.790678858757019,2570200
2016-11-11,3.0460000038146973,3.059999942779541,2.9700000286102295,2.9700000286102295,1.7448546886444092,7801050
2016-11-14,2.98799991607666,2.98799991607666,2.936000108718872,2.936000108718872,1.7248796224594116,3801360
2016-11-15,2.946000099182129,2.9560000896453857,2.9000000953674316,2.9019999504089355,1.7049046754837036,4703540
2016-11-16,2.9100000858306885,2.9240000247955322,2.869999885559082,2.9019999504089355,1.7049046754837036,4701490
2016-11-17,2.9179999828338623,2.950000047683716,2.9100000858306885,2.937999963760376,1.7260544300079346,5148630
2016-11-18,2.930000066757202,2.9519999027252197,2.890000104904175,2.937999963760376,1.7260544300079346,3021920
2016-11-21,2.950000047683716,2.9579999446868896,2.8980000019073486,2.9240000247955322,1.717829942703247,6252590
2016-11-22,2.9000000953674316,2.9000000953674316,2.8459999561309814,2.875999927520752,1.7426728010177612,6421020
2016-11-23,2.8940000534057617,2.8940000534057617,2.8440001010894775,2.8580000400543213,1.7317661046981812,5023490
2016-11-24,2.8540000915527344,2.937999963760376,2.8480000495910645,2.8940000534057617,1.7535799741744995,3035170
2016-11-25,2.8919999599456787,2.8919999599456787,2.8540000915527344,2.880000114440918,1.745097041130066,1882930
2016-11-28,2.884000062942505,2.9200000762939453,2.874000072479248,2.880000114440918,1.745097041130066,2083700
2016-11-29,2.880000114440918,2.884000062942505,2.8519999980926514,2.880000114440918,1.745097041130066,3937390
2016-11-30,2.8919999599456787,2.9000000953674316,2.808000087738037,2.885999917984009,1.7487328052520752,4041940
2016-12-01,2.861999988555908,2.868000030517578,2.7660000324249268,2.7780001163482666,1.6832914352416992,5582570
2016-12-02,2.7899999618530273,2.828000068664551,2.742000102996826,2.813999891281128,1.7051047086715698,4696370
2016-12-05,2.803999900817871,2.861999988555908,2.799999952316284,2.8320000171661377,1.716011881828308,3190720
2016-12-06,2.8480000495910645,2.9860000610351562,2.8480000495910645,2.9860000610351562,1.809326171875,7205570
2016-12-07,2.9860000610351562,3.009999990463257,2.9539999961853027,3.007999897003174,1.8226567506790161,4524620
2016-12-08,3.007999897003174,3.0160000324249268,2.937999963760376,2.9700000286102295,1.799631118774414,3299100
2016-12-09,2.9700000286102295,2.9719998836517334,2.930000066757202,2.9539999961853027,1.7899361848831177,2957140
2016-12-12,2.927999973297119,2.996000051498413,2.9119999408721924,2.996000051498413,1.8153855800628662,2271960
2016-12-13,3.002000093460083,3.0239999294281006,2.9679999351501465,2.98799991607666,1.8105378150939941,4191580
2016-12-14,2.9800000190734863,2.98799991607666,2.9260001182556152,2.9539999961853027,1.7899361848831177,5692510
2016-12-15,2.944000005722046,3.0,2.9000000953674316,3.0,1.8178091049194336,2519120
2016-12-16,3.0,3.052000045776367,2.9820001125335693,3.052000045776367,1.849318027496338,3215160
2016-12-19,3.052000045776367,3.052000045776367,3.01200008392334,3.0439999103546143,1.8444701433181763,2351490
2016-12-20,3.0339999198913574,3.058000087738037,3.009999990463257,3.0460000038146973,1.8456822633743286,5464840
2016-12-21,3.049999952316284,3.052000045776367,3.0199999809265137,3.0239999294281006,1.8323516845703125,2583430
2016-12-22,3.0320000648498535,3.0320000648498535,2.9779999256134033,2.990000009536743,1.8117501735687256,1814240
2016-12-23,2.98799991607666,3.0380001068115234,2.9719998836517334,3.0179998874664307,1.8287160396575928,3224390
2016-12-26,3.0160000324249268,3.0439999103546143,3.009999990463257,3.0179998874664307,1.8287160396575928,794710
2016-12-27,3.0199999809265137,3.0280001163482666,3.007999897003174,3.007999897003174,1.8226567506790161,990660
2016-12-28,3.009999990463257,3.0320000648498535,2.99399995803833,3.0220000743865967,1.8311400413513184,2235840
2016-12-29,3.0160000324249268,3.053999900817871,3.003999948501587,3.053999900817871,1.850529670715332,1730800
2016-12-30,3.053999900817871,3.058000087738037,3.0339999198913574,3.058000087738037,1.8529536724090576,2185040
2017-01-02,3.052000045776367,3.052000045776367,3.0179998874664307,3.0199999809265137,1.8299275636672974,1670660
2017-01-03,3.0199999809265137,3.0239999294281006,2.941999912261963,2.9600000381469727,1.7935717105865479,4426470
2017-01-04,2.9600000381469727,2.9779999256134033,2.9079999923706055,2.934000015258789,1.7778174877166748,3265850
2017-01-05,2.941999912261963,2.9660000801086426,2.9200000762939453,2.946000099182129,1.7850887775421143,2995140
2017-01-06,2.9519999027252197,3.009999990463257,2.936000108718872,3.007999897003174,1.8226567506790161,2577530
2017-01-09,3.0,3.0220000743865967,2.9719998836517334,3.007999897003174,1.8226567506790161,2453550
2017-01-10,2.996000051498413,3.003999948501587,2.9719998836517334,2.992000102996826,1.8129619359970093,2249640
2017-01-11,2.9820001125335693,3.0239999294281006,2.940000057220459,3.0199999809265137,1.8299275636672974,3573080
2017-01-12,3.0299999713897705,3.109999895095825,3.0199999809265137,3.0999999046325684,1.8784029483795166,6580680
2017-01-13,3.0999999046325684,3.1600000858306885,3.069999933242798,3.1540000438690186,1.9111233949661255,4661620
2017-01-16,3.1540000438690186,3.196000099182129,3.140000104904175,3.1700000762939453,1.9208184480667114,4913270
2017-01-17,3.184000015258789,3.186000108718872,3.1480000019073486,3.180000066757202,1.926877737045288,6519050
2017-01-18,3.177999973297119,3.2260000705718994,3.1619999408721924,3.2260000705718994,1.954750657081604,4581820
2017-01-19,3.2260000705718994,3.26200008392334,3.2039999961853027,3.2300000190734863,1.9571747779846191,5207980
2017-01-20,3.2179999351501465,3.2839999198913574,3.2100000381469727,3.2839999198913574,1.989895224571228,3414320
2017-01-23,3.2860000133514404,3.3239998817443848,3.2720000743865967,3.2920000553131104,1.994742751121521,4333670
2017-01-24,3.2899999618530273,3.3519999980926514,3.2760000228881836,3.3519999980926514,2.0310988426208496,3912490
2017-01-25,3.3580000400543213,3.359999895095825,3.2899999618530273,3.3320000171661377,2.0189802646636963,6209540
2017-01-26,3.3399999141693115,3.3919999599456787,3.312000036239624,3.364000082015991,2.0383706092834473,7209930
2017-01-27,3.359999895095825,3.4000000953674316,3.3459999561309814,3.4000000953674316,2.0601840019226074,4047370
2017-01-30,3.390000104904175,3.490000009536743,3.390000104904175,3.490000009536743,2.114718198776245,6237560
2017-01-31,3.4719998836517334,3.50600004196167,3.4600000381469727,3.492000102996826,2.1159303188323975,6530610
2017-02-01,3.492000102996826,3.49399995803833,3.4539999961853027,3.4760000705718994,2.1062350273132324,2599600
2017-02-02,3.4779999256134033,3.5399999618530273,3.4700000286102295,3.509999990463257,2.1268367767333984,5204110
2017-02-03,3.5199999809265137,3.5199999809265137,3.4600000381469727,3.5,2.1207773685455322,4305300
2017-02-06,3.5320000648498535,3.5380001068115234,3.4600000381469727,3.4600000381469727,2.0965402126312256,4218690
2017-02-07,3.4519999027252197,3.5179998874664307,3.369999885559082,3.5,2.1207773685455322,4377310
2017-02-08,3.497999906539917,3.509999990463257,3.4679999351501465,3.4839999675750732,2.111081838607788,3004060
2017-02-09,3.4739999771118164,3.549999952316284,3.4719998836517334,3.5339999198913574,2.1413793563842773,3312630
2017-02-10,3.5380001068115234,3.569999933242798,3.497999906539917,3.507999897003174,2.125624895095825,3452890
2017-02-13,3.502000093460083,3.5360000133514404,3.502000093460083,3.5260000228881836,2.1365318298339844,1481650
2017-02-14,3.5399999618530273,3.5399999618530273,3.4800000190734863,3.5,2.1207773685455322,3847300
2017-02-15,3.509999990463257,3.549999952316284,3.490000009536743,3.5,2.1207773685455322,5478670
2017-02-16,3.5160000324249268,3.5380001068115234,3.4779999256134033,3.5380001068115234,2.143803119659424,3992840
2017-02-17,3.5380001068115234,3.634000062942505,3.5339999198913574,3.614000082015991,2.189854145050049,8620820
2017-02-20,3.634000062942505,3.6519999504089355,3.5840001106262207,3.6080000400543213,2.1862189769744873,2042750
2017-02-21,3.618000030517578,3.625999927520752,3.5759999752044678,3.625999927520752,2.1971254348754883,3150240
2017-02-22,3.624000072479248,3.6700000762939453,3.558000087738037,3.6559998989105225,2.215303421020508,6140120
2017-02-23,3.671999931335449,3.700000047683716,3.640000104904175,3.700000047683716,2.241964817047119,4575850
2017-02-24,3.700000047683716,3.7100000381469727,3.6640000343322754,3.700000047683716,2.241964817047119,3771490
2017-02-27,3.7079999446868896,3.7139999866485596,3.6760001182556152,3.694000005722046,2.2383291721343994,1954810
2017-02-28,3.680000066757202,3.694000005722046,3.6440000534057617,3.6619999408721924,2.2189390659332275,4368510
2017-03-01,3.6700000762939453,3.697999954223633,3.6459999084472656,3.671999931335449,2.2249982357025146,2854420
2017-03-02,3.6700000762939453,3.687999963760376,3.640000104904175,3.6760001182556152,2.2274227142333984,4521650
2017-03-03,3.681999921798706,3.687999963760376,3.6480000019073486,3.671999931335449,2.2249982357025146,2890090
2017-03-06,3.681999921798706,3.8499999046325684,3.680000066757202,3.8299999237060547,2.3207364082336426,5449240
2017-03-07,3.8299999237060547,3.8380000591278076,3.746000051498413,3.7760000228881836,2.288015604019165,3549870
2017-03-08,3.7960000038146973,3.7960000038146973,3.696000099182129,3.7019999027252197,2.2431771755218506,3541460
2017-03-09,3.7019999027252197,3.7699999809265137,3.700000047683716,3.7320001125335693,2.261354684829712,3222370
2017-03-10,3.7320001125335693,3.808000087738037,3.7260000705718994,3.7839999198913574,2.292863130569458,2680780
2017-03-13,3.7780001163482666,3.7920000553131104,3.7219998836517334,3.752000093460083,2.2734737396240234,2592890
2017-03-14,3.759999990463257,3.76200008392334,3.700000047683716,3.7279999256134033,2.2589306831359863,3931300
2017-03-15,3.73799991607666,3.759999990463257,3.7079999446868896,3.7219998836517334,2.2552950382232666,3226480
2017-03-16,3.753999948501587,3.7839999198913574,3.747999906539917,3.752000093460083,2.2734737396240234,2130260
2017-03-17,3.753999948501587,3.799999952316284,3.746000051498413,3.7920000553131104,2.297711133956909,5015430
2017-03-20,3.7899999618530273,3.7960000038146973,3.7699999809265137,3.7920000553131104,2.297711133956909,2677530
2017-03-21,3.809999942779541,3.8440001010894775,3.7260000705718994,3.74399995803833,2.2686259746551514,5096210
2017-03-22,3.7260000705718994,3.76200008392334,3.6540000438690186,3.691999912261963,2.237117290496826,5891960
2017-03-23,3.7039999961853027,3.7160000801086426,3.6440000534057617,3.6559998989105225,2.215303421020508,3755150
2017-03-24,3.671999931335449,3.7139999866485596,3.6600000858306885,3.677999973297119,2.2286338806152344,2670980
2017-03-27,3.680000066757202,3.696000099182129,3.640000104904175,3.6419999599456787,2.206820249557495,3352220
2017-03-28,3.6559998989105225,3.6700000762939453,3.6040000915527344,3.615999937057495,2.191066026687622,3132900
2017-03-29,3.618000030517578,3.6600000858306885,3.6040000915527344,3.6540000438690186,2.2140915393829346,3141150
2017-03-30,3.6600000858306885,3.6619999408721924,3.624000072479248,3.6419999599456787,2.206820249557495,3848920
2017-03-31,3.631999969482422,3.6540000438690186,3.4200000762939453,3.559999942779541,2.1571335792541504,3835120
2017-04-03,3.446000099182129,3.5999999046325684,3.446000099182129,3.5739998817443848,2.2372593879699707,4676700
2017-04-04,3.569999933242798,3.630000114440918,3.502000093460083,3.5420000553131104,2.2172281742095947,4574930
2017-04-05,3.559999942779541,3.5959999561309814,3.5239999294281006,3.549999952316284,2.222235918045044,6951770
2017-04-06,3.5199999809265137,3.609999895095825,3.5,3.5999999046325684,2.2535347938537598,3227090
2017-04-07,3.5899999141693115,3.630000114440918,3.572000026702881,3.6040000915527344,2.2560386657714844,2479280
2017-04-10,3.618000030517578,3.73799991607666,3.5899999141693115,3.73799991607666,2.3399202823638916,4372630
2017-04-11,3.75,3.799999952316284,3.747999906539917,3.7960000038146973,2.376227617263794,4210980
2017-04-12,3.7980000972747803,3.813999891281128,3.752000093460083,3.7980000972747803,2.377479314804077,3213700
2017-04-13,3.7980000972747803,3.7980000972747803,3.7339999675750732,3.757999897003174,2.3524398803710938,2820880
2017-04-14,3.752000093460083,3.7699999809265137,3.700000047683716,3.700000047683716,2.3161330223083496,467620
2017-04-17,3.7079999446868896,3.7799999713897705,3.677999973297119,3.696000099182129,2.313628673553467,1603260
2017-04-18,3.686000108718872,3.799999952316284,3.6600000858306885,3.7739999294281006,2.3624558448791504,5677080
2017-04-19,3.799999952316284,3.802000045776367,3.7119998931884766,3.7260000705718994,2.3324086666107178,3700870
2017-04-20,3.7279999256134033,3.7639999389648438,3.690000057220459,3.740000009536743,2.341172695159912,3304050
2017-04-21,3.75,3.7760000228881836,3.7360000610351562,3.7760000228881836,2.3637075424194336,1840310
2017-04-24,3.803999900817871,3.861999988555908,3.7939999103546143,3.8459999561309814,2.407526731491089,4840210
2017-04-25,3.865999937057495,3.881999969482422,3.819999933242798,3.881999969482422,2.4300615787506104,3323090
2017-04-26,3.881999969482422,3.881999969482422,3.7980000972747803,3.809999942779541,2.384991407394409,3698190
2017-04-27,3.8299999237060547,3.880000114440918,3.8299999237060547,3.8480000495910645,2.408778429031372,5250750
2017-04-28,3.859999895095825,3.950000047683716,3.8499999046325684,3.950000047683716,2.472628593444824,4530500
2017-05-01,3.950000047683716,3.950000047683716,3.950000047683716,3.950000047683716,2.472628593444824,0
2017-05-02,3.950000047683716,4.004000186920166,3.890000104904175,3.9159998893737793,2.4513449668884277,3300720
2017-05-03,3.9159998893737793,3.950000047683716,3.9000000953674316,3.9260001182556152,2.4576048851013184,2955180
2017-05-04,3.930000066757202,3.944000005722046,3.9059998989105225,3.936000108718872,2.463865280151367,3045570
2017-05-05,3.921999931335449,3.934000015258789,3.8420000076293945,3.8959999084472656,2.4388253688812256,3729570
2017-05-08,3.9240000247955322,3.950000047683716,3.8540000915527344,3.8580000400543213,2.4150381088256836,3080430
2017-05-09,3.8480000495910645,3.9140000343322754,3.802000045776367,3.9140000343322754,2.4500930309295654,9096870
2017-05-10,3.8940000534057617,4.035999774932861,3.861999988555908,4.0,2.5039279460906982,4967520
2017-05-11,4.0,4.0,3.937999963760376,3.9779999256134033,2.4901556968688965,2787040
2017-05-12,3.9800000190734863,3.98799991607666,3.869999885559082,3.880000114440918,2.4288101196289062,2094610
2017-05-15,3.9000000953674316,3.9560000896453857,3.8499999046325684,3.880000114440918,2.4288101196289062,1475690
2017-05-16,3.9119999408721924,3.931999921798706,3.881999969482422,3.9260001182556152,2.4576048851013184,1658330
2017-05-17,3.9059998989105225,3.9059998989105225,3.7899999618530273,3.819999933242798,2.3912508487701416,4240500
2017-05-18,3.7899999618530273,3.809999942779541,3.740000009536743,3.7720000743865967,2.36120343208313,4198790
2017-05-19,3.7720000743865967,3.7720000743865967,3.7720000743865967,3.7720000743865967,2.36120343208313,0
2017-05-22,3.808000087738037,3.8940000534057617,3.7899999618530273,3.8940000534057617,2.4375739097595215,3497380
2017-05-23,3.8559999465942383,3.950000047683716,3.8320000171661377,3.950000047683716,2.472628593444824,3749170
2017-05-24,3.950000047683716,4.03000020980835,3.9040000438690186,4.0279998779296875,2.5214555263519287,4791140
2017-05-25,4.010000228881836,4.047999858856201,3.884000062942505,3.9059998989105225,2.4450855255126953,6570280
2017-05-26,3.9059998989105225,3.9679999351501465,3.890000104904175,3.9679999351501465,2.483896017074585,2391490
2017-05-29,3.9679999351501465,4.03000020980835,3.941999912261963,3.9600000381469727,2.4788882732391357,2353490
2017-05-30,3.9539999961853027,4.0,3.940000057220459,4.0,2.5039279460906982,2677410
2017-05-31,4.099999904632568,4.099999904632568,4.01200008392334,4.044000148773193,2.531471014022827,6886720
2017-06-01,4.070000171661377,4.072000026702881,3.9739999771118164,4.072000026702881,2.5489985942840576,2829130
2017-06-02,4.0920000076293945,4.196000099182129,4.050000190734863,4.196000099182129,2.626620292663574,5943350
2017-06-05,4.199999809265137,4.199999809265137,4.035999774932861,4.116000175476074,2.5765419006347656,2885150
2017-06-06,4.099999904632568,4.150000095367432,4.056000232696533,4.119999885559082,2.579045534133911,2306050
2017-06-07,4.119999885559082,4.242000102996826,4.076000213623047,4.242000102996826,2.6554155349731445,5420150
2017-06-08,4.239999771118164,4.239999771118164,4.171999931335449,4.223999977111816,2.6441476345062256,3172140
2017-06-09,4.21999979019165,4.25,4.211999893188477,4.239999771118164,2.654163360595703,1881210
2017-06-12,4.25,4.285999774932861,4.2179999351501465,4.251999855041504,2.661674976348877,2051030
2017-06-13,4.245999813079834,4.303999900817871,4.2220001220703125,4.303999900817871,2.6942262649536133,2460190
2017-06-14,4.291999816894531,4.386000156402588,4.257999897003174,4.289999961853027,2.685462713241577,3686390
2017-06-15,4.269999980926514,4.3480000495910645,4.26800012588501,4.331999778747559,2.7117533683776855,4115830
2017-06-16,4.303999900817871,4.349999904632568,4.260000228881836,4.320000171661377,2.70424222946167,5052850
2017-06-19,4.349999904632568,4.394000053405762,4.288000106811523,4.300000190734863,2.6917223930358887,3260460
2017-06-20,4.320000171661377,4.389999866485596,4.2820000648498535,4.363999843597412,2.7317850589752197,2777030
2017-06-21,4.349999904632568,4.349999904632568,4.306000232696533,4.329999923706055,2.7105016708374023,1273680
2017-06-22,4.360000133514404,4.360000133514404,4.302000045776367,4.3379998207092285,2.7155096530914307,1022790
2017-06-23,4.3420000076293945,4.380000114440918,4.311999797821045,4.368000030517578,2.7342891693115234,1181880
2017-06-26,4.368000030517578,4.368000030517578,4.368000030517578,4.368000030517578,2.7342891693115234,0
2017-06-27,4.368000030517578,4.368000030517578,4.368000030517578,4.368000030517578,2.7342891693115234,0
2017-06-28,4.335999965667725,4.335999965667725,4.257999897003174,4.27400016784668,2.6754465103149414,5862740
2017-06-29,4.288000106811523,4.331999778747559,4.26800012588501,4.289999961853027,2.685462713241577,4013170
2017-06-30,4.251999855041504,4.303999900817871,4.251999855041504,4.296000003814697,2.689218521118164,8108140
2017-07-03,4.296000003814697,4.322000026702881,4.28000020980835,4.28000020980835,2.6792023181915283,4250950
2017-07-04,4.297999858856201,4.297999858856201,4.25600004196167,4.260000228881836,2.6666829586029053,1263420
2017-07-05,4.260000228881836,4.28000020980835,4.223999977111816,4.239999771118164,2.654163360595703,1932760
2017-07-06,4.242000102996826,4.254000186920166,4.216000080108643,4.236000061035156,2.6516592502593994,1661810
2017-07-07,4.236000061035156,4.236000061035156,4.156000137329102,4.184000015258789,2.619108200073242,2062980
2017-07-10,4.184000015258789,4.216000080108643,4.165999889373779,4.190000057220459,2.622864246368408,6264700
2017-07-11,4.197999954223633,4.210000038146973,4.177999973297119,4.190000057220459,2.622864246368408,6299590
2017-07-12,4.199999809265137,4.199999809265137,4.1539998054504395,4.185999870300293,2.6203603744506836,6717610
2017-07-13,4.199999809265137,4.263999938964844,4.191999912261963,4.263999938964844,2.669186592102051,5356840
2017-07-14,4.263999938964844,4.400000095367432,4.263999938964844,4.392000198364258,2.74931263923645,7155840
2017-07-17,4.392000198364258,4.458000183105469,4.369999885559082,4.452000141143799,2.7868711948394775,1812800
2017-07-18,4.452000141143799,4.513999938964844,4.414000034332275,4.46999979019165,2.7981388568878174,3986060
2017-07-19,4.47599983215332,4.519999980926514,4.47599983215332,4.5,2.8169186115264893,1411770
2017-07-20,4.5,4.52400016784668,4.455999851226807,4.507999897003174,2.8219263553619385,1776870
2017-07-21,4.461999893188477,4.5980000495910645,4.461999893188477,4.564000129699707,2.8569815158843994,3234830
2017-07-24,4.564000129699707,4.570000171661377,4.48799991607666,4.526000022888184,2.8331942558288574,3172530
2017-07-25,4.5279998779296875,4.625999927520752,4.521999835968018,4.570000171661377,2.8607373237609863,3269270
2017-07-26,4.570000171661377,4.605999946594238,4.552000045776367,4.605999946594238,2.883272647857666,1691430
2017-07-27,4.5920000076293945,4.605999946594238,4.553999900817871,4.584000110626221,2.8695013523101807,3599060
2017-07-28,4.573999881744385,4.581999778747559,4.5320000648498535,4.535999774932861,2.839454412460327,1993760
2017-07-31,4.53000020980835,4.559999942779541,4.46999979019165,4.5,2.8169186115264893,2715440
2017-08-01,4.519999980926514,4.593999862670898,4.498000144958496,4.585999965667725,2.870753049850464,4932040
2017-08-02,4.584000110626221,4.618000030517578,4.573999881744385,4.616000175476074,2.8895328044891357,2170540
2017-08-03,4.619999885559082,4.639999866485596,4.550000190734863,4.550000190734863,2.8482179641723633,3094480
2017-08-04,4.526000022888184,4.550000190734863,4.460000038146973,4.507999897003174,2.8219263553619385,3437170
2017-08-07,4.550000190734863,4.618000030517578,4.533999919891357,4.610000133514404,2.8857762813568115,3628000
2017-08-08,4.645999908447266,4.78000020980835,4.611999988555908,4.78000020980835,2.992194175720215,5772820
2017-08-09,4.8460001945495605,4.8460001945495605,4.659999847412109,4.690000057220459,2.9358553886413574,1752720
2017-08-10,4.699999809265137,4.710000038146973,4.6020002365112305,4.6020002365112305,2.8807690143585205,2186350
2017-08-11,4.630000114440918,4.769999980926514,4.5980000495910645,4.74399995803833,2.969658374786377,3921090
2017-08-14,4.78000020980835,4.814000129699707,4.760000228881836,4.794000148773193,3.000957489013672,1747060
2017-08-15,4.760000228881836,4.820000171661377,4.630000114440918,4.639999866485596,2.9045565128326416,2771120
2017-08-16,4.624000072479248,4.77400016784668,4.619999885559082,4.673999786376953,2.925839424133301,3407250
2017-08-17,4.673999786376953,4.76800012588501,4.673999786376953,4.71999979019165,2.954634189605713,1259430
2017-08-18,4.748000144958496,4.820000171661377,4.670000076293945,4.817999839782715,3.0159804821014404,1148190
2017-08-21,4.814000129699707,4.932000160217285,4.745999813079834,4.932000160217285,3.0873429775238037,1717340
2017-08-22,4.926000118255615,4.926000118255615,4.809999942779541,4.868000030517578,3.0472800731658936,2023300
2017-08-23,4.866000175476074,4.889999866485596,4.820000171661377,4.840000152587891,3.029752016067505,1777840
2017-08-24,4.820000171661377,4.857999801635742,4.788000106811523,4.817999839782715,3.0159804821014404,1240060
2017-08-25,4.817999839782715,4.826000213623047,4.75600004196167,4.78000020980835,2.992194175720215,2311710
2017-08-28,4.796000003814697,4.796000003814697,4.716000080108643,4.742000102996826,2.9684062004089355,1492720
2017-08-29,4.739999771118164,4.785999774932861,4.679999828338623,4.785999774932861,2.9959497451782227,1953240
2017-08-30,4.785999774932861,4.785999774932861,4.785999774932861,4.785999774932861,2.9959497451782227,0
2017-08-31,4.78000020980835,4.78000020980835,4.659999847412109,4.754000186920166,2.9759185314178467,2661980
2017-09-01,4.754000186920166,4.754000186920166,4.754000186920166,4.754000186920166,2.9759185314178467,0
2017-09-04,4.754000186920166,4.754000186920166,4.754000186920166,4.754000186920166,2.9759185314178467,0
2017-09-05,4.730000019073486,4.854000091552734,4.711999893188477,4.8460001945495605,3.033508062362671,1529500
2017-09-06,4.829999923706055,4.909999847412109,4.771999835968018,4.9039998054504395,3.069814682006836,3104420
2017-09-07,4.900000095367432,5.0,4.857999801635742,5.0,3.1299095153808594,1963790
2017-09-08,5.03000020980835,5.050000190734863,4.900000095367432,4.98799991607666,3.1223978996276855,3594310
2017-09-11,4.978000164031982,4.998000144958496,4.857999801635742,4.861999988555908,3.0435242652893066,2110530
2017-09-12,4.861999988555908,4.9019999504089355,4.820000171661377,4.8480000495910645,3.034759998321533,1348580
2017-09-13,4.857999801635742,4.880000114440918,4.809999942779541,4.814000129699707,3.013477087020874,1385770
2017-09-14,4.809999942779541,4.849999904632568,4.734000205993652,4.783999919891357,2.9946975708007812,1585860
2017-09-15,4.814000129699707,4.861999988555908,4.797999858856201,4.829999923706055,3.0234930515289307,3414880
2017-09-18,4.829999923706055,4.914000034332275,4.809999942779541,4.857999801635742,3.041019916534424,2050460
2017-09-19,4.868000030517578,4.900000095367432,4.77400016784668,4.829999923706055,3.0234930515289307,1756840
2017-09-20,4.829999923706055,4.829999923706055,4.754000186920166,4.769999980926514,2.985933542251587,1321510
2017-09-21,4.789999961853027,4.823999881744385,4.760000228881836,4.800000190734863,3.004713296890259,2670480
2017-09-22,4.800000190734863,4.800000190734863,4.699999809265137,4.765999794006348,2.9834296703338623,3135600
2017-09-25,4.757999897003174,4.757999897003174,4.604000091552734,4.644000053405762,2.907060384750366,1769840
2017-09-26,4.642000198364258,4.699999809265137,4.50600004196167,4.50600004196167,2.820674419403076,5796120
2017-09-27,4.513999938964844,4.519999980926514,4.223999977111816,4.28000020980835,2.6792023181915283,8956760
2017-09-28,4.291999816894531,4.539999961853027,4.283999919891357,4.46999979019165,2.7981388568878174,5772230
2017-09-29,4.593999862670898,4.593999862670898,4.48799991607666,4.559999942779541,2.8544771671295166,3388890
2017-10-02,4.599999904632568,4.6579999923706055,4.559999942779541,4.630000114440918,2.898296594619751,2763310
2017-10-03,4.639999866485596,4.710000038146973,4.619999885559082,4.691999912261963,2.9371073246002197,2245470
2017-10-04,4.691999912261963,4.728000164031982,4.668000221252441,4.714000225067139,2.950878858566284,2694060
2017-10-05,4.714000225067139,4.760000228881836,4.599999904632568,4.642000198364258,2.905808210372925,2277740
2017-10-06,4.6539998054504395,4.728000164031982,4.644000053405762,4.688000202178955,2.934603452682495,2299610
2017-10-09,4.624000072479248,4.684000015258789,4.5,4.679999828338623,2.9295949935913086,2713080
2017-10-10,4.679999828338623,4.8420000076293945,4.679999828338623,4.77400016784668,2.9884369373321533,3507470
2017-10-11,4.771999835968018,4.8379998207092285,4.659999847412109,4.760000228881836,2.9796741008758545,6730360
2017-10-12,4.776000022888184,4.861999988555908,4.77400016784668,4.860000133514404,3.0422723293304443,4000760
2017-10-13,4.886000156402588,4.926000118255615,4.797999858856201,4.9019999504089355,3.068563461303711,3240860
2017-10-16,4.9039998054504395,4.941999912261963,4.861999988555908,4.909999847412109,3.0735714435577393,2951770
2017-10-17,5.0,5.050000190734863,4.915999889373779,4.986000061035156,3.1211462020874023,2770840
2017-10-18,4.986000061035156,5.074999809265137,4.966000080108643,5.010000228881836,3.136169195175171,4253380
2017-10-19,5.005000114440918,5.019999980926514,4.872000217437744,4.892000198364258,3.0623037815093994,3780120
2017-10-20,4.8979997634887695,4.9679999351501465,4.8520002365112305,4.894000053405762,3.0635557174682617,6221120
2017-10-23,4.900000095367432,4.980000019073486,4.860000133514404,4.949999809265137,3.0986104011535645,1810150
2017-10-24,4.989999771118164,5.09499979019165,4.949999809265137,5.0,3.1299095153808594,4112400
2017-10-25,5.045000076293945,5.190000057220459,4.984000205993652,5.184999942779541,3.245715856552124,4213520
2017-10-26,5.159999847412109,5.21999979019165,5.105000019073486,5.110000133514404,3.198767900466919,3606130
2017-10-27,5.119999885559082,5.244999885559082,5.099999904632568,5.150000095367432,3.2238070964813232,3402410
2017-10-30,5.199999809265137,5.304999828338623,5.09499979019165,5.175000190734863,3.2394564151763916,3427750
2017-10-31,5.170000076293945,5.400000095367432,5.065000057220459,5.355000019073486,3.4256105422973633,7308700
2017-11-01,5.380000114440918,5.5,5.264999866485596,5.434999942779541,3.4767868518829346,4275430
2017-11-02,5.525000095367432,5.525000095367432,5.414999961853027,5.5,3.518367290496826,2475240
2017-11-03,5.5,5.59499979019165,5.434999942779541,5.534999847412109,3.5407557487487793,4594240
2017-11-06,5.599999904632568,5.599999904632568,5.494999885559082,5.494999885559082,3.5151684284210205,2095200
2017-11-07,5.585000038146973,5.585000038146973,5.454999923706055,5.5,3.518367290496826,3518960
2017-11-08,5.574999809265137,5.739999771118164,5.5,5.739999771118164,3.67189621925354,3175570
2017-11-09,5.739999771118164,5.84499979019165,5.684999942779541,5.829999923706055,3.729468822479248,3667090
2017-11-10,5.829999923706055,5.829999923706055,5.554999828338623,5.554999828338623,3.5535504817962646,3184140
2017-11-13,5.559999942779541,5.639999866485596,5.414999961853027,5.465000152587891,3.4959771633148193,1727070
2017-11-14,5.494999885559082,5.565000057220459,5.425000190734863,5.425000190734863,3.470388889312744,2291670
2017-11-15,5.425000190734863,5.599999904632568,5.425000190734863,5.505000114440918,3.5215654373168945,3094390
2017-11-16,5.5,5.574999809265137,5.40500020980835,5.46999979019165,3.4991753101348877,3037580
2017-11-17,5.5,5.5,5.34499979019165,5.414999961853027,3.463992118835449,2120630
2017-11-20,5.53000020980835,5.565000057220459,5.434999942779541,5.5,3.518367290496826,2997500
2017-11-21,5.5,5.550000190734863,5.409999847412109,5.550000190734863,3.5503525733947754,5275870
2017-11-22,5.550000190734863,5.684999942779541,5.454999923706055,5.460000038146973,3.492778778076172,5948390
2017-11-23,5.480000019073486,5.525000095367432,5.315000057220459,5.454999923706055,3.489579916000366,1463710
2017-11-24,5.434999942779541,5.465000152587891,5.409999847412109,5.434999942779541,3.4767868518829346,355990
2017-11-27,5.460000038146973,5.5,5.400000095367432,5.460000038146973,3.492778778076172,1324340
2017-11-28,5.420000076293945,5.485000133514404,5.289999961853027,5.335000038146973,3.412815809249878,3844500
2017-11-29,5.340000152587891,5.440000057220459,5.295000076293945,5.360000133514404,3.4288086891174316,3490900
2017-11-30,5.360000133514404,5.610000133514404,5.360000133514404,5.505000114440918,3.5215654373168945,8432820
2017-12-01,5.550000190734863,5.610000133514404,5.489999771118164,5.570000171661377,3.5631461143493652,4757140
2017-12-04,5.59499979019165,5.755000114440918,5.590000152587891,5.735000133514404,3.6686975955963135,2088570
2017-12-05,5.710000038146973,5.775000095367432,5.585000038146973,5.610000133514404,3.5887348651885986,3083310
2017-12-06,5.625,5.90500020980835,5.605000019073486,5.849999904632568,3.7422635555267334,3346630
2017-12-07,5.900000095367432,6.0,5.800000190734863,5.954999923706055,3.8094325065612793,3969650
2017-12-08,5.994999885559082,6.050000190734863,5.945000171661377,6.050000190734863,3.870203971862793,2405040
2017-12-11,6.045000076293945,6.09499979019165,5.949999809265137,6.09499979019165,3.8989899158477783,3111090
2017-12-12,6.105000019073486,6.195000171661377,6.054999828338623,6.195000171661377,3.9629602432250977,2432640
2017-12-13,6.25,6.300000190734863,6.019999980926514,6.079999923706055,3.889394760131836,2820620
2017-12-14,6.119999885559082,6.119999885559082,5.945000171661377,5.960000038146973,3.8126304149627686,2875190
2017-12-15,5.96999979019165,6.085000038146973,5.800000190734863,6.0,3.8382177352905273,6829130
2017-12-18,6.085000038146973,6.170000076293945,5.994999885559082,6.170000076293945,3.946967840194702,2378360
2017-12-19,6.170000076293945,6.190000057220459,6.0,6.014999866485596,3.847813844680786,1318400
2017-12-20,5.980000019073486,6.005000114440918,5.90500020980835,5.925000190734863,3.79024076461792,1171430
2017-12-21,5.920000076293945,5.980000019073486,5.900000095367432,5.929999828338623,3.7934389114379883,847630
2017-12-22,5.980000019073486,5.980000019073486,5.914999961853027,5.929999828338623,3.7934389114379883,575210
2017-12-25,5.849999904632568,5.945000171661377,5.849999904632568,5.934999942779541,3.796638011932373,102650
2017-12-26,5.934999942779541,5.980000019073486,5.90500020980835,5.96999979019165,3.8190271854400635,174800
2017-12-27,5.96999979019165,6.045000076293945,5.885000228881836,6.010000228881836,3.8446156978607178,765540
2017-12-28,6.010000228881836,6.045000076293945,5.894999980926514,5.949999809265137,3.8062336444854736,1310960
2017-12-29,5.954999923706055,6.125,5.954999923706055,6.025000095367432,3.85421085357666,1540120
2018-01-01,6.025000095367432,6.025000095367432,6.025000095367432,6.025000095367432,3.85421085357666,0
2018-01-02,6.03000020980835,6.335000038146973,6.03000020980835,6.295000076293945,4.026930809020996,2465720
2018-01-03,6.295000076293945,6.34499979019165,6.065000057220459,6.065000057220459,3.879798650741577,1581820
2018-01-04,6.039999961853027,6.175000190734863,5.900000095367432,5.985000133514404,3.8286235332489014,3023960
2018-01-05,5.989999771118164,6.059999942779541,5.690000057220459,6.010000228881836,3.8446156978607178,2610840
2018-01-08,6.070000171661377,6.070000171661377,5.960000038146973,5.960000038146973,3.8126304149627686,1434170
2018-01-09,5.989999771118164,5.994999885559082,5.84499979019165,5.84499979019165,3.7390642166137695,2152690
2018-01-10,5.809999942779541,5.820000171661377,5.71999979019165,5.78000020980835,3.6974847316741943,2775970
2018-01-11,5.824999809265137,5.840000152587891,5.724999904632568,5.724999904632568,3.6623003482818604,2184870
2018-01-12,5.755000114440918,5.789999961853027,5.699999809265137,5.704999923706055,3.649505376815796,2651100
2018-01-15,5.715000152587891,5.78000020980835,5.599999904632568,5.670000076293945,3.6271166801452637,1328040
2018-01-16,5.599999904632568,5.820000171661377,5.409999847412109,5.795000076293945,3.7070791721343994,2430940
2018-01-17,5.795000076293945,6.0,5.75,5.96999979019165,3.8190271854400635,2208720
2018-01-18,5.96999979019165,6.099999904632568,5.960000038146973,6.099999904632568,3.902189254760742,5170360
2018-01-19,6.099999904632568,6.15500020980835,5.90500020980835,5.96999979019165,3.8190271854400635,2241510
2018-01-22,6.014999866485596,6.079999923706055,5.900000095367432,6.045000076293945,3.8670053482055664,1436650
2018-01-23,6.059999942779541,6.25,6.050000190734863,6.25,3.998143434524536,3842210
2018-01-24,6.25,6.389999866485596,6.139999866485596,6.275000095367432,4.0141377449035645,2415510
2018-01-25,6.335000038146973,6.335000038146973,6.204999923706055,6.315000057220459,4.039725303649902,2151450
2018-01-26,6.239999771118164,6.349999904632568,6.210000038146973,6.340000152587891,4.055717468261719,1415810
2018-01-29,6.340000152587891,6.355000019073486,6.179999828338623,6.289999961853027,4.0237321853637695,2161320
2018-01-30,6.28000020980835,6.324999809265137,6.170000076293945,6.199999809265137,3.966158151626587,2254650
2018-01-31,6.224999904632568,6.25,6.0,6.0,3.8382177352905273,2605650
2018-02-01,6.070000171661377,6.255000114440918,6.045000076293945,6.184999942779541,3.95656418800354,1854370
2018-02-02,6.224999904632568,6.224999904632568,6.0,6.105000019073486,3.9053878784179688,1752440
2018-02-05,6.110000133514404,6.110000133514404,5.960000038146973,6.079999923706055,3.889394760131836,1670270
2018-02-06,5.954999923706055,6.059999942779541,5.869999885559082,5.940000057220459,3.7998359203338623,2076490
2018-02-07,6.005000114440918,6.085000038146973,5.909999847412109,6.019999980926514,3.8510119915008545,4248910
2018-02-08,6.099999904632568,6.099999904632568,5.800000190734863,5.800000190734863,3.7102785110473633,2594030
2018-02-09,5.755000114440918,5.840000152587891,5.630000114440918,5.664999961853027,3.623918294906616,3327180
2018-02-12,5.730000019073486,5.914999961853027,5.699999809265137,5.78000020980835,3.6974847316741943,2295560
2018-02-13,5.900000095367432,5.965000152587891,5.744999885559082,5.744999885559082,3.67509388923645,2022820
2018-02-14,5.775000095367432,5.84499979019165,5.699999809265137,5.75,3.678292989730835,1653140
2018-02-15,5.78000020980835,5.925000190734863,5.78000020980835,5.885000228881836,3.764652729034424,1652960
2018-02-16,5.889999866485596,5.989999771118164,5.815000057220459,5.875,3.7582552433013916,1319900
2018-02-19,5.875,5.945000171661377,5.775000095367432,5.840000152587891,3.735866069793701,760690
2018-02-20,5.840000152587891,5.974999904632568,5.800000190734863,5.889999866485596,3.7678511142730713,2663660
2018-02-21,5.985000133514404,5.985000133514404,5.860000133514404,5.949999809265137,3.8062336444854736,1814870
2018-02-22,5.989999771118164,6.184999942779541,5.954999923706055,6.119999885559082,3.914983034133911,3629150
2018-02-23,6.195000171661377,6.195000171661377,6.014999866485596,6.130000114440918,3.921379804611206,2890320
2018-02-26,6.139999866485596,6.295000076293945,6.135000228881836,6.195000171661377,3.9629602432250977,2567220
2018-02-27,6.215000152587891,6.400000095367432,6.179999828338623,6.295000076293945,4.026930809020996,4705010
2018-02-28,6.269999980926514,6.364999771118164,6.235000133514404,6.28000020980835,4.017335891723633,2902630
2018-03-01,6.269999980926514,6.389999866485596,6.050000190734863,6.144999980926514,3.9309756755828857,3212570
2018-03-02,6.110000133514404,6.199999809265137,6.03000020980835,6.085000038146973,3.892592668533325,1491980
2018-03-05,6.150000095367432,6.199999809265137,6.070000171661377,6.150000095367432,3.934174060821533,2382100
2018-03-06,6.195000171661377,6.204999923706055,6.090000152587891,6.105000019073486,3.9053878784179688,1243770
2018-03-07,6.099999904632568,6.184999942779541,6.085000038146973,6.159999847412109,3.9405720233917236,3100200
2018-03-08,6.15500020980835,6.25,6.130000114440918,6.25,3.998143434524536,1505510
2018-03-09,6.25,6.324999809265137,6.164999961853027,6.199999809265137,3.966158151626587,2838540
2018-03-12,6.239999771118164,6.300000190734863,6.199999809265137,6.28000020980835,4.017335891723633,2251900
2018-03-13,6.304999828338623,6.425000190734863,6.28000020980835,6.369999885559082,4.0749077796936035,3814560
2018-03-14,6.389999866485596,6.46999979019165,6.340000152587891,6.434999942779541,4.116489410400391,4118630
2018-03-15,6.400000095367432,6.449999809265137,6.329999923706055,6.369999885559082,4.0749077796936035,2936800
2018-03-16,6.315000057220459,6.400000095367432,6.300000190734863,6.360000133514404,4.068511486053467,1270570
2018-03-19,6.380000114440918,6.420000076293945,6.260000228881836,6.309999942779541,4.036526203155518,3354630
2018-03-20,6.304999828338623,6.329999923706055,6.175000190734863,6.235000133514404,3.9885480403900146,2520850
2018-03-21,6.224999904632568,6.369999885559082,6.199999809265137,6.210000038146973,3.9725561141967773,2827000
2018-03-22,6.28000020980835,6.320000171661377,6.164999961853027,6.195000171661377,3.9629602432250977,2424880
2018-03-23,6.195000171661377,6.195000171661377,6.079999923706055,6.105000019073486,3.9053878784179688,2809930
2018-03-26,6.144999980926514,6.309999942779541,6.074999809265137,6.25,3.998143434524536,3533170
2018-03-27,6.269999980926514,6.574999809265137,6.269999980926514,6.550000190734863,4.1900553703308105,3916530
2018-03-28,6.590000152587891,6.675000190734863,6.135000228881836,6.139999866485596,3.927776575088501,3577360
2018-03-29,6.144999980926514,6.184999942779541,5.965000152587891,6.175000190734863,3.9501659870147705,4537800
2018-03-30,6.150000095367432,6.215000152587891,6.135000228881836,6.204999923706055,3.9693572521209717,652970
2018-04-02,6.144999980926514,6.15500020980835,6.025000095367432,6.130000114440918,4.070964813232422,666350
2018-04-03,6.125,6.130000114440918,5.974999904632568,6.039999961853027,4.011195659637451,3315310
2018-04-04,6.130000114440918,6.139999866485596,6.0,6.039999961853027,4.011195659637451,1767470
2018-04-05,6.150000095367432,6.150000095367432,6.079999923706055,6.099999904632568,4.0510430335998535,1850380
2018-04-06,6.099999904632568,6.110000133514404,6.005000114440918,6.059999942779541,4.024477958679199,1032180
2018-04-09,6.099999904632568,6.119999885559082,6.019999980926514,6.065000057220459,4.027798652648926,1286550
2018-04-10,6.105000019073486,6.135000228881836,6.025000095367432,6.119999885559082,4.064324378967285,2248900
2018-04-11,6.130000114440918,6.130000114440918,5.945000171661377,6.125,4.067645072937012,1845920
2018-04-12,6.139999866485596,6.144999980926514,6.050000190734863,6.090000152587891,4.044402599334717,2952450
2018-04-13,6.125,6.230000019073486,6.010000228881836,6.195000171661377,4.114133358001709,2416440
2018-04-16,6.239999771118164,6.25,6.150000095367432,6.179999828338623,4.104170322418213,1467180
2018-04-17,6.164999961853027,6.184999942779541,5.965000152587891,5.994999885559082,3.981311321258545,3233550
2018-04-18,6.074999809265137,6.190000057220459,5.96999979019165,6.125,4.067645072937012,2859950
2018-04-19,6.150000095367432,6.150000095367432,6.010000228881836,6.010000228881836,3.9912726879119873,1897190
2018-04-20,6.03000020980835,6.059999942779541,5.960000038146973,6.014999866485596,3.9945929050445557,1529940
2018-04-23,6.014999866485596,6.014999866485596,6.014999866485596,6.014999866485596,3.9945929050445557,0
2018-04-24,6.010000228881836,6.03000020980835,5.90500020980835,5.929999828338623,3.9381442070007324,1848880
2018-04-25,5.925000190734863,5.96999979019165,5.554999828338623,5.559999942779541,3.692425489425659,4584920
2018-04-26,5.570000171661377,5.619999885559082,5.414999961853027,5.440000057220459,3.6127333641052246,5289280
2018-04-27,5.5,5.695000171661377,5.474999904632568,5.619999885559082,3.732271432876587,5829580
2018-04-30,5.670000076293945,5.864999771118164,5.570000171661377,5.574999809265137,3.702387571334839,4856200
2018-05-01,5.574999809265137,5.574999809265137,5.574999809265137,5.574999809265137,3.702387571334839,0
2018-05-02,5.614999771118164,5.824999809265137,5.599999904632568,5.789999961853027,3.845170259475708,4432370
2018-05-03,5.885000228881836,5.885000228881836,5.710000038146973,5.730000019073486,3.805323839187622,3428610
2018-05-04,5.800000190734863,5.804999828338623,5.619999885559082,5.715000152587891,3.7953617572784424,4436830
2018-05-07,5.699999809265137,5.760000228881836,5.610000133514404,5.739999771118164,3.811964750289917,2170200
2018-05-08,5.699999809265137,5.760000228881836,5.59499979019165,5.639999866485596,3.745553970336914,2827480
2018-05-09,5.605000019073486,5.65500020980835,5.429999828338623,5.590000152587891,3.712348461151123,3109150
2018-05-10,5.625,5.684999942779541,5.489999771118164,5.675000190734863,3.7687978744506836,1269660
2018-05-11,5.690000057220459,5.820000171661377,5.619999885559082,5.630000114440918,3.738912343978882,2315080
2018-05-14,5.684999942779541,5.789999961853027,5.635000228881836,5.744999885559082,3.815284490585327,1031480
2018-05-15,5.699999809265137,5.710000038146973,5.570000171661377,5.625,3.7355921268463135,3412200
2018-05-16,5.635000228881836,5.900000095367432,5.635000228881836,5.75,3.818605661392212,3507890
2018-05-17,5.695000171661377,5.980000019073486,5.695000171661377,5.849999904632568,3.885016441345215,3620360
2018-05-18,5.920000076293945,6.010000228881836,5.869999885559082,5.985000133514404,3.97467041015625,2721620
2018-05-21,6.03000020980835,6.070000171661377,5.889999866485596,5.909999847412109,3.9248626232147217,2050350
2018-05-22,5.940000057220459,6.065000057220459,5.880000114440918,6.059999942779541,4.024477958679199,3199490
2018-05-23,6.085000038146973,6.159999847412109,6.059999942779541,6.15500020980835,4.087568283081055,6004470
2018-05-24,6.139999866485596,6.340000152587891,6.139999866485596,6.309999942779541,4.190504550933838,5559290
2018-05-25,6.300000190734863,6.340000152587891,6.215000152587891,6.255000114440918,4.153979301452637,3760680
2018-05-28,6.300000190734863,6.670000076293945,6.295000076293945,6.599999904632568,4.383095741271973,3587510
2018-05-29,6.579999923706055,6.644999980926514,6.510000228881836,6.614999771118164,4.393056392669678,4358130
2018-05-30,6.559999942779541,6.659999847412109,6.369999885559082,6.565000057220459,4.359852313995361,4828040
2018-05-31,6.585000038146973,6.585000038146973,6.400000095367432,6.449999809265137,4.2834792137146,5120480
2018-06-01,6.449999809265137,6.659999847412109,6.409999847412109,6.630000114440918,4.403017520904541,4975790
2018-06-04,6.599999904632568,6.695000171661377,6.505000114440918,6.559999942779541,4.356531143188477,3575210
2018-06-05,6.599999904632568,6.650000095367432,6.400000095367432,6.440000057220459,4.276838779449463,5081580
2018-06-06,6.550000190734863,6.570000171661377,6.260000228881836,6.375,4.233671188354492,3809630
2018-06-07,6.380000114440918,6.539999961853027,6.230000019073486,6.385000228881836,4.240312099456787,4872770
2018-06-08,6.324999809265137,6.369999885559082,6.210000038146973,6.320000171661377,4.197145462036133,2724170
2018-06-11,6.335000038146973,6.599999904632568,6.079999923706055,6.480000019073486,4.303402423858643,7888680
2018-06-12,6.449999809265137,6.559999942779541,6.355000019073486,6.460000038146973,4.290121078491211,2540370
2018-06-13,6.454999923706055,6.635000228881836,6.065000057220459,6.09499979019165,4.047720909118652,6529090
2018-06-14,6.074999809265137,6.400000095367432,5.96999979019165,6.239999771118164,4.144016742706299,3991950
2018-06-15,6.239999771118164,6.239999771118164,6.239999771118164,6.239999771118164,4.144016742706299,0
2018-06-18,6.260000228881836,6.420000076293945,6.175000190734863,6.409999847412109,4.256915092468262,4358810
2018-06-19,6.324999809265137,6.494999885559082,6.204999923706055,6.400000095367432,4.250274181365967,3655280
2018-06-20,6.489999771118164,6.489999771118164,6.269999980926514,6.380000114440918,4.236990928649902,3914960
2018-06-21,6.309999942779541,6.625,6.300000190734863,6.570000171661377,4.3631720542907715,5056460
2018-06-22,6.690000057220459,7.03000020980835,6.659999847412109,6.985000133514404,4.63877534866333,6062180
2018-06-25,7.005000114440918,7.074999809265137,6.300000190734863,6.315000057220459,4.1938252449035645,4819700
2018-06-26,6.300000190734863,6.449999809265137,6.195000171661377,6.255000114440918,4.153979301452637,3748740
2018-06-27,6.255000114440918,6.340000152587891,6.179999828338623,6.204999923706055,4.1207733154296875,3422960
2018-06-28,6.195000171661377,6.195000171661377,6.005000114440918,6.019999980926514,3.9979145526885986,3599520
2018-06-29,6.050000190734863,6.204999923706055,6.034999847412109,6.119999885559082,4.064324378967285,4412310
2018-07-02,6.139999866485596,6.199999809265137,6.050000190734863,6.135000228881836,4.074286460876465,1333390
2018-07-03,6.150000095367432,6.175000190734863,5.965000152587891,6.019999980926514,3.9979145526885986,3066980
2018-07-04,6.065000057220459,6.085000038146973,5.96999979019165,6.050000190734863,4.017837047576904,1473940
2018-07-05,6.09499979019165,6.099999904632568,5.994999885559082,6.0,3.9846315383911133,3886340
2018-07-06,6.019999980926514,6.059999942779541,5.940000057220459,5.980000019073486,3.9713501930236816,2071350
2018-07-09,5.985000133514404,6.03000020980835,5.954999923706055,6.005000114440918,3.987952709197998,2962030
2018-07-10,6.010000228881836,6.110000133514404,5.954999923706055,6.079999923706055,4.037759780883789,3799950
2018-07-11,6.099999904632568,6.099999904632568,5.800000190734863,5.960000038146973,3.9580678939819336,3976570
2018-07-12,6.019999980926514,6.019999980926514,5.704999923706055,5.769999980926514,3.83188796043396,5827950
2018-07-13,5.800000190734863,6.0,5.800000190734863,5.84499979019165,3.88169527053833,2358900
2018-07-16,5.880000114440918,5.945000171661377,5.824999809265137,5.824999809265137,3.868412494659424,2298670
2018-07-17,5.889999866485596,6.0,5.840000152587891,5.929999828338623,3.9381442070007324,904180
2018-07-18,5.974999904632568,5.974999904632568,5.715000152587891,5.815000057220459,3.8617727756500244,4437640
2018-07-19,5.849999904632568,6.15500020980835,5.849999904632568,6.144999980926514,4.08092737197876,3266380
2018-07-20,6.085000038146973,6.139999866485596,6.005000114440918,6.079999923706055,4.037759780883789,2412030
2018-07-23,6.110000133514404,6.135000228881836,6.050000190734863,6.09499979019165,4.047720909118652,1657350
2018-07-24,6.079999923706055,6.09499979019165,5.809999942779541,6.03000020980835,4.004554748535156,4929940
2018-07-25,5.989999771118164,5.989999771118164,5.829999923706055,5.869999885559082,3.8982977867126465,5808730
2018-07-26,5.885000228881836,5.954999923706055,5.755000114440918,5.784999847412109,3.8418490886688232,2531980
2018-07-27,5.855000019073486,5.90500020980835,5.775000095367432,5.840000152587891,3.87837553024292,4689950
2018-07-30,5.875,5.949999809265137,5.860000133514404,5.900000095367432,3.9182217121124268,3192230
2018-07-31,5.90500020980835,5.920000076293945,5.860000133514404,5.900000095367432,3.9182217121124268,4753640
2018-08-01,5.909999847412109,5.974999904632568,5.860000133514404,5.909999847412109,3.9248626232147217,3385510
2018-08-02,5.914999961853027,5.914999961853027,5.764999866485596,5.775000095367432,3.835207939147949,3178620
2018-08-03,5.775000095367432,5.940000057220459,5.769999980926514,5.84499979019165,3.88169527053833,5497640
2018-08-06,5.889999866485596,5.889999866485596,5.619999885559082,5.71999979019165,3.798682451248169,2797520
2018-08-07,5.735000133514404,5.84499979019165,5.735000133514404,5.789999961853027,3.845170259475708,1747290
2018-08-08,5.849999904632568,5.869999885559082,5.795000076293945,5.860000133514404,3.8916573524475098,1900540
2018-08-09,5.849999904632568,5.875,5.71999979019165,5.78000020980835,3.838528871536255,2114380
2018-08-10,5.675000190734863,5.849999904632568,5.260000228881836,5.659999847412109,3.758835792541504,6576720
2018-08-13,5.710000038146973,5.815000057220459,5.590000152587891,5.789999961853027,3.845170259475708,9026850
2018-08-14,5.760000228881836,6.014999866485596,5.739999771118164,5.925000190734863,3.9348244667053223,10421330
2018-08-15,5.960000038146973,6.074999809265137,5.775000095367432,5.920000076293945,3.9315037727355957,8135940
2018-08-16,5.849999904632568,5.925000190734863,5.315000057220459,5.385000228881836,3.576206922531128,6257620
2018-08-17,5.349999904632568,5.545000076293945,5.199999809265137,5.505000114440918,3.6558990478515625,5660200
2018-08-20,5.474999904632568,5.559999942779541,5.465000152587891,5.465000152587891,3.629335403442383,810750
2018-08-21,5.465000152587891,5.465000152587891,5.465000152587891,5.465000152587891,3.629335403442383,0
2018-08-22,5.465000152587891,5.465000152587891,5.465000152587891,5.465000152587891,3.629335403442383,0
2018-08-23,5.465000152587891,5.465000152587891,5.465000152587891,5.465000152587891,3.629335403442383,0
2018-08-24,5.465000152587891,5.465000152587891,5.465000152587891,5.465000152587891,3.629335403442383,0
2018-08-27,5.465000152587891,5.739999771118164,5.445000171661377,5.565000057220459,3.6957461833953857,5043020
2018-08-28,5.559999942779541,5.980000019073486,5.525000095367432,5.900000095367432,3.9182217121124268,7645440
2018-08-29,5.760000228881836,6.304999828338623,5.760000228881836,6.179999828338623,4.104170322418213,6682300
2018-08-30,6.179999828338623,6.179999828338623,6.179999828338623,6.179999828338623,4.104170322418213,0
2018-08-31,6.125,7.065000057220459,6.054999828338623,6.695000171661377,4.446186065673828,12886790
2018-09-03,6.699999809265137,7.050000190734863,6.550000190734863,6.579999923706055,4.369812965393066,6142580
2018-09-04,6.514999866485596,6.985000133514404,6.505000114440918,6.755000114440918,4.486031532287598,13290240
2018-09-05,6.78000020980835,6.875,6.599999904632568,6.635000228881836,4.406338214874268,9323700
2018-09-06,6.619999885559082,6.744999885559082,6.559999942779541,6.625,4.399698257446289,3308970
2018-09-07,6.590000152587891,6.699999809265137,6.375,6.445000171661377,4.280158996582031,3760560
2018-09-10,6.445000171661377,6.474999904632568,6.199999809265137,6.210000038146973,4.124094009399414,5690120
2018-09-11,6.190000057220459,6.454999923706055,6.105000019073486,6.324999809265137,4.200466632843018,7835870
2018-09-12,6.340000152587891,6.510000228881836,6.284999847412109,6.375,4.233671188354492,6182160
2018-09-13,6.5,6.5,6.309999942779541,6.349999904632568,4.217068672180176,6599160
2018-09-14,6.380000114440918,6.425000190734863,6.110000133514404,6.150000095367432,4.084248065948486,7949330
2018-09-17,6.195000171661377,6.204999923706055,5.78000020980835,5.954999923706055,3.9547481536865234,10433080
2018-09-18,5.96999979019165,6.070000171661377,5.940000057220459,6.039999961853027,4.011195659637451,4557410
2018-09-19,6.039999961853027,6.349999904632568,6.039999961853027,6.21999979019165,4.130735397338867,5164940
2018-09-20,6.340000152587891,6.349999904632568,6.034999847412109,6.065000057220459,4.027798652648926,5302670
2018-09-21,6.079999923706055,6.190000057220459,6.025000095367432,6.179999828338623,4.104170322418213,5133220
2018-09-24,6.264999866485596,6.300000190734863,6.130000114440918,6.144999980926514,4.08092737197876,3576280
2018-09-25,6.199999809265137,6.210000038146973,6.135000228881836,6.190000057220459,4.110812664031982,2430700
2018-09-26,6.230000019073486,6.360000133514404,6.230000019073486,6.349999904632568,4.217068672180176,5033650
2018-09-27,6.385000228881836,6.699999809265137,6.380000114440918,6.65500020980835,4.419620513916016,6960140
2018-09-28,6.699999809265137,6.699999809265137,6.364999771118164,6.565000057220459,4.359852313995361,5071560
2018-10-01,6.625,6.675000190734863,6.409999847412109,6.630000114440918,4.403017520904541,2830470
2018-10-02,6.550000190734863,6.670000076293945,6.505000114440918,6.659999847412109,4.4229416847229,3575990
2018-10-03,6.605000019073486,6.619999885559082,6.429999828338623,6.550000190734863,4.349889755249023,3347750
2018-10-04,6.559999942779541,6.820000171661377,6.554999828338623,6.695000171661377,4.446186065673828,4933870
2018-10-05,6.730000019073486,6.940000057220459,6.724999904632568,6.894999980926514,4.579007148742676,3649500
2018-10-08,6.84499979019165,6.940000057220459,6.789999961853027,6.880000114440918,4.56904411315918,1857380
2018-10-09,6.894999980926514,6.974999904632568,6.775000095367432,6.800000190734863,4.51591682434082,3204660
2018-10-10,6.764999866485596,6.804999828338623,6.5,6.505000114440918,4.320005416870117,2496970
2018-10-11,6.449999809265137,6.664999961853027,6.425000190734863,6.550000190734863,4.349889755249023,1624150
2018-10-12,6.619999885559082,6.815000057220459,6.539999961853027,6.739999771118164,4.476069927215576,2406540
2018-10-15,6.710000038146973,6.744999885559082,6.425000190734863,6.425000190734863,4.266876697540283,3383080
2018-10-16,6.429999828338623,6.510000228881836,6.320000171661377,6.440000057220459,4.276838779449463,2955090
2018-10-17,6.445000171661377,6.5,6.375,6.440000057220459,4.276838779449463,2793220
2018-10-18,6.5,6.505000114440918,6.394999980926514,6.420000076293945,4.263556480407715,2306510
2018-10-19,6.449999809265137,6.449999809265137,6.394999980926514,6.414999961853027,4.26023530960083,3544020
2018-10-22,6.510000228881836,6.635000228881836,6.420000076293945,6.525000095367432,4.333286762237549,2060380
2018-10-23,6.525000095367432,6.550000190734863,6.385000228881836,6.505000114440918,4.320005416870117,2508090
2018-10-24,6.559999942779541,6.559999942779541,6.409999847412109,6.525000095367432,4.333286762237549,1699580
2018-10-25,6.559999942779541,6.559999942779541,6.329999923706055,6.465000152587891,4.293440818786621,2550180
2018-10-26,6.300000190734863,6.304999828338623,5.650000095367432,5.684999942779541,3.775439500808716,13197770
2018-10-29,5.684999942779541,5.684999942779541,5.684999942779541,5.684999942779541,3.775439500808716,0
2018-10-30,5.809999942779541,5.835000038146973,5.5,5.625,3.7355921268463135,4678470
2018-10-31,5.644999980926514,6.105000019073486,5.59499979019165,5.974999904632568,3.968029499053955,4945890
2018-11-01,6.050000190734863,6.119999885559082,5.795000076293945,5.989999771118164,3.9779911041259766,2737020
2018-11-02,6.050000190734863,6.170000076293945,5.960000038146973,6.159999847412109,4.090888977050781,3184480
2018-11-05,6.195000171661377,6.244999885559082,6.025000095367432,6.105000019073486,4.054362773895264,5207070
2018-11-06,6.110000133514404,6.114999771118164,5.755000114440918,5.795000076293945,3.848489999771118,4152980
2018-11-07,5.800000190734863,5.980000019073486,5.800000190734863,5.900000095367432,3.9182217121124268,1916310
2018-11-08,5.960000038146973,5.985000133514404,5.800000190734863,5.875,3.901618480682373,2288180
2018-11-09,5.864999771118164,5.920000076293945,5.614999771118164,5.664999961853027,3.762155532836914,2491180
2018-11-12,5.710000038146973,5.855000019073486,5.429999828338623,5.445000171661377,3.616054058074951,2632920
2018-11-13,5.409999847412109,5.570000171661377,5.409999847412109,5.425000190734863,3.602771043777466,1801980
2018-11-14,5.420000076293945,5.465000152587891,5.295000076293945,5.349999904632568,3.5529632568359375,2872300
2018-11-15,5.364999771118164,5.440000057220459,5.309999942779541,5.409999847412109,3.5928099155426025,1481450
2018-11-16,5.394999980926514,5.445000171661377,5.335000038146973,5.409999847412109,3.5928099155426025,1929280
2018-11-19,5.449999809265137,5.494999885559082,5.329999923706055,5.389999866485596,3.5795278549194336,2309910
2018-11-20,5.360000133514404,5.360000133514404,5.039999961853027,5.070000171661377,3.517094135284424,2195690
2018-11-21,5.114999771118164,5.159999847412109,5.039999961853027,5.114999771118164,3.548311233520508,1733580
2018-11-22,5.090000152587891,5.179999828338623,5.065000057220459,5.179999828338623,3.5934016704559326,1413560
2018-11-23,5.190000057220459,5.320000171661377,5.135000228881836,5.320000171661377,3.690521001815796,2202090
2018-11-26,5.329999923706055,5.394999980926514,5.255000114440918,5.300000190734863,3.6766464710235596,1849260
2018-11-27,5.289999961853027,5.300000190734863,5.184999942779541,5.264999866485596,3.6523666381835938,3047440
2018-11-28,5.264999866485596,5.550000190734863,5.244999885559082,5.525000095367432,3.832730531692505,3815650
2018-11-29,5.545000076293945,5.635000228881836,5.505000114440918,5.550000190734863,3.8500733375549316,3286190
2018-11-30,5.5,5.53000020980835,5.264999866485596,5.355000019073486,3.7148008346557617,8074050
2018-12-03,5.449999809265137,5.5,5.264999866485596,5.304999828338623,3.6801156997680664,2967320
2018-12-04,5.260000228881836,5.309999942779541,5.179999828338623,5.275000095367432,3.65930438041687,3068590
2018-12-05,5.269999980926514,5.329999923706055,5.21999979019165,5.300000190734863,3.6766464710235596,2607060
2018-12-06,5.25,5.309999942779541,5.139999866485596,5.175000190734863,3.589933395385742,2324640
2018-12-07,5.164999961853027,5.199999809265137,5.105000019073486,5.125,3.5552475452423096,1792190
2018-12-10,5.15500020980835,5.170000076293945,5.054999828338623,5.074999809265137,3.5205624103546143,1958970
2018-12-11,5.110000133514404,5.110000133514404,4.8420000076293945,4.9039998054504395,3.4019389152526855,6477980
2018-12-12,4.9079999923706055,4.927999973297119,4.742000102996826,4.888000011444092,3.3908393383026123,6894130
2018-12-13,4.880000114440918,5.074999809265137,4.8460001945495605,4.995999813079834,3.4657599925994873,4258890
2018-12-14,4.955999851226807,5.119999885559082,4.921999931335449,4.995999813079834,3.4657599925994873,2921770
2018-12-17,5.065000057220459,5.130000114440918,4.892000198364258,5.014999866485596,3.478940010070801,2401230
2018-12-18,5.070000171661377,5.119999885559082,4.992000102996826,5.105000019073486,3.5413737297058105,1817760
2018-12-19,5.130000114440918,5.230000019073486,5.110000133514404,5.179999828338623,3.5934016704559326,3326170
2018-12-20,5.125,5.210000038146973,5.110000133514404,5.135000228881836,3.562185049057007,1651540
2018-12-21,5.159999847412109,5.364999771118164,5.119999885559082,5.264999866485596,3.6523666381835938,3611370
2018-12-24,5.300000190734863,5.320000171661377,5.074999809265137,5.085000038146973,3.5274996757507324,1582300
2018-12-25,5.074999809265137,5.074999809265137,5.0,5.014999866485596,3.478940010070801,289450
2018-12-26,5.059999942779541,5.079999923706055,5.010000228881836,5.025000095367432,3.485877513885498,242320
2018-12-27,5.15500020980835,5.164999961853027,5.019999980926514,5.054999828338623,3.506688117980957,964390
2018-12-28,5.054999828338623,5.054999828338623,4.9679999351501465,5.019999980926514,3.4824087619781494,895140
2018-12-31,5.050000190734863,5.21999979019165,5.045000076293945,5.150000095367432,3.5725910663604736,1123950
2019-01-01,5.150000095367432,5.150000095367432,5.150000095367432,5.150000095367432,3.5725910663604736,0
2019-01-02,4.97599983215332,4.98799991607666,4.75,4.9019999504089355,3.4005513191223145,11638360
2019-01-03,4.8520002365112305,4.926000118255615,4.794000148773193,4.814000129699707,3.339505434036255,4137290
2019-01-04,4.826000213623047,4.927999973297119,4.703999996185303,4.914000034332275,3.4088757038116455,5594370
2019-01-07,4.920000076293945,5.050000190734863,4.815999984741211,5.03000020980835,3.4893457889556885,3394620
2019-01-08,5.03000020980835,5.039999961853027,4.9019999504089355,5.005000114440918,3.47200345993042,4808930
2019-01-09,5.03000020980835,5.289999961853027,4.980000019073486,5.21999979019165,3.6211495399475098,5782080
2019-01-10,5.25,5.630000114440918,5.230000019073486,5.614999771118164,3.895164728164673,8434190
2019-01-11,5.614999771118164,5.639999866485596,5.425000190734863,5.534999847412109,3.839667320251465,3313130
2019-01-14,5.559999942779541,5.690000057220459,5.554999828338623,5.574999809265137,3.867417097091675,3541050
2019-01-15,5.574999809265137,5.664999961853027,5.53000020980835,5.605000019073486,3.8882272243499756,4580230
2019-01-16,5.590000152587891,5.644999980926514,5.519999980926514,5.619999885559082,3.898632764816284,3946760
2019-01-17,5.625,5.695000171661377,5.579999923706055,5.585000038146973,3.8743529319763184,4316830
2019-01-18,5.545000076293945,5.760000228881836,5.440000057220459,5.735000133514404,3.9784090518951416,6462410
2019-01-21,5.715000152587891,5.764999866485596,5.574999809265137,5.659999847412109,3.9263811111450195,2364400
2019-01-22,5.610000133514404,5.764999866485596,5.610000133514404,5.715000152587891,3.9645352363586426,3709070
2019-01-23,5.690000057220459,5.724999904632568,5.599999904632568,5.614999771118164,3.895164728164673,3402090
2019-01-24,5.635000228881836,5.800000190734863,5.585000038146973,5.769999980926514,4.002689838409424,2449950
2019-01-25,5.795000076293945,5.920000076293945,5.735000133514404,5.90500020980835,4.096339702606201,5877780
2019-01-28,5.900000095367432,6.050000190734863,5.864999771118164,5.985000133514404,4.1518354415893555,5109420
2019-01-29,5.974999904632568,6.074999809265137,5.940000057220459,6.074999809265137,4.214269638061523,4488580
2019-01-30,6.059999942779541,6.295000076293945,5.954999923706055,6.079999923706055,4.217737674713135,4642150
2019-01-31,6.105000019073486,6.25,6.010000228881836,6.025000095367432,4.17958402633667,3581010
2019-02-01,5.985000133514404,6.079999923706055,5.775000095367432,5.809999942779541,4.030437469482422,3374480
2019-02-04,5.824999809265137,5.934999942779541,5.619999885559082,5.690000057220459,3.9471917152404785,4003120
2019-02-05,5.715000152587891,5.84499979019165,5.559999942779541,5.804999828338623,4.026968002319336,3728140
2019-02-06,5.800000190734863,5.869999885559082,5.699999809265137,5.804999828338623,4.026968002319336,2165540
2019-02-07,5.820000171661377,5.824999809265137,5.650000095367432,5.699999809265137,3.9541287422180176,2494930
2019-02-08,5.730000019073486,5.75,5.605000019073486,5.690000057220459,3.9471917152404785,2473940
2019-02-11,5.75,5.809999942779541,5.695000171661377,5.809999942779541,4.030437469482422,1882750
2019-02-12,5.78000020980835,5.929999828338623,5.619999885559082,5.894999980926514,4.089402675628662,6427060
2019-02-13,5.894999980926514,5.894999980926514,5.474999904632568,5.550000190734863,3.8500733375549316,10994610
2019-02-14,5.574999809265137,5.590000152587891,5.409999847412109,5.420000076293945,3.7598917484283447,4042110
2019-02-15,5.425000190734863,5.440000057220459,5.275000095367432,5.329999923706055,3.697457790374756,5582610
2019-02-18,5.340000152587891,5.425000190734863,5.269999980926514,5.409999847412109,3.7529542446136475,2782320
2019-02-19,5.429999828338623,5.534999847412109,5.324999809265137,5.434999942779541,3.7702977657318115,1921470
2019-02-20,5.465000152587891,5.53000020980835,5.414999961853027,5.445000171661377,3.7772345542907715,3968820
2019-02-21,5.480000019073486,5.545000076293945,5.425000190734863,5.454999923706055,3.784170627593994,4598230
2019-02-22,5.480000019073486,5.525000095367432,5.449999809265137,5.489999771118164,3.8084511756896973,2900700
2019-02-25,5.545000076293945,5.800000190734863,5.545000076293945,5.775000095367432,4.006157398223877,4699430
2019-02-26,5.760000228881836,5.855000019073486,5.670000076293945,5.840000152587891,4.051248550415039,2404990
2019-02-27,5.820000171661377,5.829999923706055,5.65500020980835,5.724999904632568,3.9714720249176025,3486490
2019-02-28,5.739999771118164,5.739999771118164,5.554999828338623,5.630000114440918,3.905569553375244,4066760
2019-03-01,5.545000076293945,5.644999980926514,5.510000228881836,5.610000133514404,3.8916962146759033,2068400
2019-03-04,5.599999904632568,5.614999771118164,5.434999942779541,5.46999979019165,3.79457688331604,2428380
2019-03-05,5.425000190734863,5.429999828338623,5.300000190734863,5.360000133514404,3.718269109725952,4737750
2019-03-06,5.400000095367432,5.525000095367432,5.315000057220459,5.514999866485596,3.825793504714966,3821810
2019-03-07,5.5,5.505000114440918,5.340000152587891,5.364999771118164,3.72173810005188,3341900
2019-03-08,5.369999885559082,5.369999885559082,5.224999904632568,5.349999904632568,3.711332082748413,2988160
2019-03-11,5.340000152587891,5.364999771118164,5.050000190734863,5.105000019073486,3.5413737297058105,2689850
2019-03-12,5.110000133514404,5.210000038146973,5.054999828338623,5.170000076293945,3.5864651203155518,2424930
2019-03-13,5.179999828338623,5.179999828338623,4.9720001220703125,5.03000020980835,3.4893457889556885,3696730
2019-03-14,4.992000102996826,5.054999828338623,4.961999893188477,5.025000095367432,3.485877513885498,2069440
2019-03-15,5.054999828338623,5.119999885559082,5.039999961853027,5.099999904632568,3.537905693054199,3505770
2019-03-18,5.130000114440918,5.210000038146973,5.039999961853027,5.090000152587891,3.530968427658081,5648780
2019-03-19,5.059999942779541,5.130000114440918,5.034999847412109,5.09499979019165,3.5344362258911133,3140550
2019-03-20,5.070000171661377,5.085000038146973,4.932000160217285,4.946000099182129,3.431074380874634,3143340
2019-03-21,5.005000114440918,5.045000076293945,4.8460001945495605,4.8460001945495605,3.361703872680664,9815320
2019-03-22,4.920000076293945,5.025000095367432,4.817999839782715,4.923999786376953,3.4158129692077637,7447250
2019-03-25,4.940000057220459,5.125,4.940000057220459,5.03000020980835,3.4893457889556885,5537170
2019-03-26,4.980000019073486,5.050000190734863,4.861999988555908,4.894000053405762,3.3950014114379883,5814780
2019-03-27,4.921999931335449,5.005000114440918,4.473999977111816,4.504000186920166,3.1244564056396484,9743760
2019-03-28,4.5980000495910645,4.800000190734863,4.515999794006348,4.665999889373779,3.2368361949920654,9600930
2019-03-29,4.624000072479248,4.831999778747559,4.624000072479248,4.765999794006348,3.3062074184417725,7280970
2019-04-01,4.650000095367432,4.74399995803833,4.544000148773193,4.644000053405762,3.394655227661133,6076600
2019-04-02,4.613999843597412,4.875999927520752,4.578000068664551,4.835999965667725,3.5350029468536377,5755390
2019-04-03,4.800000190734863,4.9120001792907715,4.791999816894531,4.855999946594238,3.5496222972869873,3131540
2019-04-04,4.894000053405762,4.984000205993652,4.834000110626221,4.947999954223633,3.616872549057007,2999940
2019-04-05,5.09499979019165,5.179999828338623,4.98199987411499,5.114999771118164,3.7389447689056396,6315860
2019-04-08,5.110000133514404,5.130000114440918,5.019999980926514,5.059999942779541,3.698741912841797,2485790
2019-04-09,5.144999980926514,5.144999980926514,5.065000057220459,5.099999904632568,3.7279810905456543,2228970
2019-04-10,5.144999980926514,5.144999980926514,5.025000095367432,5.045000076293945,3.687777519226074,2826940
2019-04-11,5.03000020980835,5.125,5.03000020980835,5.090000152587891,3.720670461654663,3779710
2019-04-12,5.070000171661377,5.079999923706055,5.034999847412109,5.054999828338623,3.6950864791870117,1581730
2019-04-15,5.15500020980835,5.164999961853027,4.986000061035156,5.005000114440918,3.6585378646850586,2584460
2019-04-16,5.014999866485596,5.090000152587891,5.005000114440918,5.014999866485596,3.6658480167388916,3487010
2019-04-17,5.019999980926514,5.21999979019165,5.019999980926514,5.199999809265137,3.8010785579681396,3362960
2019-04-18,5.179999828338623,5.295000076293945,5.125,5.284999847412109,3.8632116317749023,3481250
2019-04-19,5.289999961853027,5.295000076293945,5.224999904632568,5.255000114440918,3.8412821292877197,521480
2019-04-22,5.25,5.28000020980835,5.170000076293945,5.230000019073486,3.8230082988739014,697910
2019-04-23,5.230000019073486,5.230000019073486,5.230000019073486,5.230000019073486,3.8230082988739014,0
2019-04-24,5.170000076293945,5.335000038146973,5.054999828338623,5.25,3.837627410888672,8269340
2019-04-25,5.21999979019165,5.275000095367432,5.09499979019165,5.119999885559082,3.7425999641418457,4315330
2019-04-26,5.135000228881836,5.28000020980835,5.054999828338623,5.269999980926514,3.8522467613220215,4835900
2019-04-29,5.269999980926514,5.420000076293945,5.260000228881836,5.420000076293945,3.9618935585021973,4548780
2019-04-30,5.445000171661377,5.519999980926514,5.264999866485596,5.275000095367432,3.8559019565582275,7345000
2019-05-01,5.275000095367432,5.275000095367432,5.275000095367432,5.275000095367432,3.8559019565582275,0
2019-05-02,5.300000190734863,5.364999771118164,5.224999904632568,5.28000020980835,3.8595566749572754,4019790
2019-05-03,5.304999828338623,5.480000019073486,5.304999828338623,5.454999923706055,3.9874770641326904,7279270
2019-05-06,5.425000190734863,5.454999923706055,5.275000095367432,5.409999847412109,3.9545838832855225,4194930
2019-05-07,5.300000190734863,5.369999885559082,5.215000152587891,5.324999809265137,3.8924508094787598,3563330
2019-05-08,5.320000171661377,5.364999771118164,5.239999771118164,5.264999866485596,3.8485915660858154,2559600
2019-05-09,5.275000095367432,5.289999961853027,5.114999771118164,5.139999866485596,3.757219076156616,2602700
2019-05-10,5.159999847412109,5.235000133514404,5.059999942779541,5.164999961853027,3.77549409866333,2363900
2019-05-13,5.150000095367432,5.170000076293945,4.980000019073486,5.070000171661377,3.7060515880584717,2428850
2019-05-14,5.059999942779541,5.239999771118164,5.050000190734863,5.114999771118164,3.7389447689056396,2097570
2019-05-15,5.110000133514404,5.21999979019165,5.010000228881836,5.210000038146973,3.8083882331848145,1985330
2019-05-16,5.21999979019165,5.269999980926514,5.070000171661377,5.079999923706055,3.7133610248565674,3323030
2019-05-17,5.070000171661377,5.074999809265137,4.949999809265137,5.0,3.65488338470459,3921070
2019-05-20,5.025000095367432,5.125,5.025000095367432,5.099999904632568,3.7279810905456543,1783760
2019-05-21,5.065000057220459,5.105000019073486,4.998000144958496,5.059999942779541,3.698741912841797,3166630
2019-05-22,5.034999847412109,5.059999942779541,4.849999904632568,4.938000202178955,3.609562397003174,2693660
2019-05-23,4.8979997634887695,4.978000164031982,4.8979997634887695,4.9019999504089355,3.583247184753418,1827120
2019-05-24,4.920000076293945,5.130000114440918,4.914000034332275,5.110000133514404,3.7352914810180664,3771930
2019-05-27,5.119999885559082,5.224999904632568,5.065000057220459,5.210000038146973,3.8083882331848145,1466910
2019-05-28,5.130000114440918,5.425000190734863,5.130000114440918,5.309999942779541,3.881486415863037,3618200
2019-05-29,5.355000019073486,5.46999979019165,5.28000020980835,5.320000171661377,3.8887951374053955,3033260
2019-05-30,5.320000171661377,5.539999961853027,5.320000171661377,5.440000057220459,3.9765119552612305,6866130
2019-05-31,5.460000038146973,5.525000095367432,5.329999923706055,5.494999885559082,4.016716003417969,3140970
2019-06-03,5.494999885559082,5.534999847412109,5.380000114440918,5.429999828338623,3.9692025184631348,688570
2019-06-04,5.429999828338623,5.429999828338623,5.429999828338623,5.429999828338623,3.9692025184631348,0
2019-06-05,5.429999828338623,5.429999828338623,5.429999828338623,5.429999828338623,3.9692025184631348,0
2019-06-06,5.429999828338623,5.429999828338623,5.429999828338623,5.429999828338623,3.9692025184631348,0
2019-06-07,5.400000095367432,5.715000152587891,5.25,5.695000171661377,4.162911891937256,4896090
2019-06-10,5.664999961853027,5.84499979019165,5.599999904632568,5.710000038146973,4.1738762855529785,3918220
2019-06-11,5.730000019073486,5.775000095367432,5.585000038146973,5.635000228881836,4.119054317474365,2298390
2019-06-12,5.610000133514404,5.739999771118164,5.570000171661377,5.675000190734863,4.148292064666748,3159890
2019-06-13,5.690000057220459,5.690000057220459,5.539999961853027,5.605000019073486,4.097124099731445,2958070
2019-06-14,5.585000038146973,5.744999885559082,5.554999828338623,5.735000133514404,4.192151069641113,2009410
2019-06-17,5.679999828338623,5.829999923706055,5.59499979019165,5.800000190734863,4.2396650314331055,3485540
2019-06-18,5.78000020980835,5.994999885559082,5.71999979019165,5.900000095367432,4.312762260437012,5961220
2019-06-19,5.909999847412109,6.130000114440918,5.885000228881836,6.045000076293945,4.418753623962402,3880250
2019-06-20,6.025000095367432,6.150000095367432,5.909999847412109,5.914999961853027,4.323726177215576,4738940
2019-06-21,5.900000095367432,6.045000076293945,5.869999885559082,5.994999885559082,4.382204532623291,2704420
2019-06-24,6.050000190734863,6.175000190734863,5.900000095367432,5.989999771118164,4.378550052642822,3472130
2019-06-25,6.010000228881836,6.244999885559082,5.90500020980835,6.079999923706055,4.444337844848633,3780320
2019-06-26,6.079999923706055,6.164999961853027,6.005000114440918,6.039999961853027,4.415098667144775,2085620
2019-06-27,6.150000095367432,6.235000133514404,6.099999904632568,6.125,4.477231502532959,2422770
2019-06-28,6.135000228881836,6.28000020980835,6.130000114440918,6.21999979019165,4.5466742515563965,2913760
2019-07-01,6.320000171661377,6.355000019073486,6.090000152587891,6.119999885559082,4.473577499389648,5303970
2019-07-02,6.119999885559082,6.179999828338623,6.079999923706055,6.119999885559082,4.473577499389648,1911560
2019-07-03,6.150000095367432,6.224999904632568,6.105000019073486,6.179999828338623,4.517435550689697,2188600
2019-07-04,6.159999847412109,6.199999809265137,5.989999771118164,6.070000171661377,4.437028408050537,2063130
2019-07-05,6.010000228881836,6.110000133514404,5.934999942779541,5.965000152587891,4.360275745391846,2568840
2019-07-08,5.965000152587891,6.09499979019165,5.914999961853027,6.03000020980835,4.4077887535095215,2903370
2019-07-09,6.0,6.045000076293945,5.914999961853027,6.045000076293945,4.418753623962402,1659680
2019-07-10,6.039999961853027,6.130000114440918,6.005000114440918,6.074999809265137,4.440682888031006,2274810
2019-07-11,6.054999828338623,6.190000057220459,6.054999828338623,6.130000114440918,4.480886459350586,1079840
2019-07-12,6.105000019073486,6.195000171661377,5.960000038146973,5.974999904632568,4.367584705352783,2791050
2019-07-15,5.974999904632568,5.974999904632568,5.974999904632568,5.974999904632568,4.367584705352783,0
2019-07-16,5.96999979019165,6.170000076293945,5.949999809265137,6.065000057220459,4.433372974395752,1945020
2019-07-17,6.070000171661377,6.289999961853027,6.070000171661377,6.255000114440918,4.572258949279785,2145650
2019-07-18,6.235000133514404,6.335000038146973,6.105000019073486,6.315000057220459,4.616116523742676,3074050
2019-07-19,6.320000171661377,6.349999904632568,6.204999923706055,6.239999771118164,4.5612945556640625,2854680
2019-07-22,6.25,6.295000076293945,6.09499979019165,6.230000019073486,4.55398416519165,4018160
2019-07-23,6.215000152587891,6.275000095367432,6.139999866485596,6.255000114440918,4.572258949279785,1840090
2019-07-24,6.25,6.46999979019165,6.235000133514404,6.34499979019165,4.6380462646484375,4167300
2019-07-25,6.380000114440918,6.440000057220459,6.25,6.309999942779541,4.612462520599365,2674180
2019-07-26,6.335000038146973,6.364999771118164,6.21999979019165,6.25,4.568603515625,3192420
2019-07-29,6.269999980926514,6.275000095367432,6.110000133514404,6.170000076293945,4.510125637054443,2920980
2019-07-30,6.179999828338623,6.25,6.034999847412109,6.159999847412109,4.502815246582031,2673300
2019-07-31,6.170000076293945,6.170000076293945,6.005000114440918,6.105000019073486,4.462612628936768,2842430
2019-08-01,6.059999942779541,6.090000152587891,5.960000038146973,6.059999942779541,4.429718017578125,2883820
2019-08-02,6.054999828338623,6.074999809265137,5.840000152587891,5.875,4.294487476348877,3016620
2019-08-05,5.849999904632568,5.960000038146973,5.809999942779541,5.855000019073486,4.2798686027526855,1862200
2019-08-06,5.840000152587891,5.940000057220459,5.800000190734863,5.860000133514404,4.283522129058838,5107470
2019-08-07,5.885000228881836,5.889999866485596,5.695000171661377,5.695000171661377,4.162911891937256,2683480
2019-08-08,5.744999885559082,5.824999809265137,5.710000038146973,5.75,4.203115940093994,3441900
2019-08-09,5.739999771118164,5.824999809265137,5.670000076293945,5.755000114440918,4.206770420074463,2237890
2019-08-12,5.755000114440918,5.755000114440918,5.755000114440918,5.755000114440918,4.206770420074463,0
2019-08-13,5.755000114440918,5.755000114440918,5.755000114440918,5.755000114440918,4.206770420074463,0
2019-08-14,5.755000114440918,5.755000114440918,5.755000114440918,5.755000114440918,4.206770420074463,0
2019-08-15,5.71999979019165,5.875,5.650000095367432,5.829999923706055,4.261592864990234,4441040
2019-08-16,5.824999809265137,6.090000152587891,5.820000171661377,6.059999942779541,4.429718017578125,3760160
2019-08-19,6.059999942779541,6.085000038146973,5.925000190734863,5.974999904632568,4.367584705352783,2555400
2019-08-20,5.989999771118164,6.070000171661377,5.849999904632568,5.880000114440918,4.298142433166504,2558970
2019-08-21,5.880000114440918,5.909999847412109,5.815000057220459,5.849999904632568,4.276212692260742,2040400
2019-08-22,5.875,5.875,5.679999828338623,5.739999771118164,4.195805549621582,2734010
2019-08-23,5.730000019073486,5.965000152587891,5.675000190734863,5.914999961853027,4.323726177215576,2553220
2019-08-26,5.760000228881836,5.894999980926514,5.755000114440918,5.840000152587891,4.2689032554626465,1911020
2019-08-27,5.840000152587891,5.925000190734863,5.744999885559082,5.920000076293945,4.327382564544678,5910860
2019-08-28,5.914999961853027,5.914999961853027,5.755000114440918,5.820000171661377,4.254284381866455,2949430
2019-08-29,5.824999809265137,5.909999847412109,5.795000076293945,5.864999771118164,4.287177562713623,3733740
2019-08-30,5.864999771118164,5.864999771118164,5.864999771118164,5.864999771118164,4.287177562713623,0
2019-09-02,5.864999771118164,5.980000019073486,5.860000133514404,5.914999961853027,4.323726177215576,1710810
2019-09-03,5.889999866485596,6.099999904632568,5.880000114440918,6.039999961853027,4.415098667144775,2236240
2019-09-04,6.085000038146973,6.090000152587891,5.960000038146973,5.980000019073486,4.371240139007568,3014370
2019-09-05,6.050000190734863,6.050000190734863,5.875,5.949999809265137,4.349311351776123,2765080
2019-09-06,5.945000171661377,5.945000171661377,5.809999942779541,5.849999904632568,4.276212692260742,4044530
2019-09-09,5.880000114440918,5.949999809265137,5.869999885559082,5.880000114440918,4.298142433166504,3891140
2019-09-10,5.829999923706055,5.934999942779541,5.829999923706055,5.925000190734863,4.331035614013672,4057270
2019-09-11,5.954999923706055,6.065000057220459,5.900000095367432,6.050000190734863,4.422408103942871,2248850
2019-09-12,6.079999923706055,6.079999923706055,5.974999904632568,5.974999904632568,4.367584705352783,2793280
2019-09-13,6.014999866485596,6.074999809265137,5.965000152587891,6.070000171661377,4.437028408050537,1548170
2019-09-16,6.0,6.199999809265137,6.0,6.175000190734863,4.51378059387207,2988940
2019-09-17,6.199999809265137,6.204999923706055,6.0,6.034999847412109,4.411443710327148,2208780
2019-09-18,6.054999828338623,6.059999942779541,5.940000057220459,5.96999979019165,4.3639302253723145,2550850
2019-09-19,5.96999979019165,5.980000019073486,5.75,5.800000190734863,4.2396650314331055,5198440
2019-09-20,5.789999961853027,5.855000019073486,5.71999979019165,5.809999942779541,4.246973991394043,3792310
2019-09-23,5.84499979019165,5.860000133514404,5.730000019073486,5.760000228881836,4.21042537689209,2743060
2019-09-24,5.860000133514404,5.96999979019165,5.84499979019165,5.880000114440918,4.298142433166504,3730360
2019-09-25,5.840000152587891,5.96999979019165,5.820000171661377,5.929999828338623,4.334691524505615,4762890
2019-09-26,6.039999961853027,6.105000019073486,5.929999828338623,5.954999923706055,4.35296630859375,3562010
2019-09-27,5.954999923706055,6.085000038146973,5.954999923706055,6.054999828338623,4.426063537597656,3759620
2019-09-30,6.070000171661377,6.099999904632568,5.889999866485596,5.914999961853027,4.323726177215576,5684410
2019-10-01,5.945000171661377,5.974999904632568,5.889999866485596,5.920000076293945,4.327382564544678,3460700
2019-10-02,5.945000171661377,5.960000038146973,5.84499979019165,5.934999942779541,4.338346481323242,4267360
2019-10-03,5.960000038146973,6.034999847412109,5.885000228881836,5.980000019073486,4.371240139007568,3293370
2019-10-04,6.005000114440918,6.025000095367432,5.900000095367432,5.954999923706055,4.35296630859375,2884490
2019-10-07,5.929999828338623,6.110000133514404,5.889999866485596,6.039999961853027,4.415098667144775,9971720
2019-10-08,5.965000152587891,6.269999980926514,5.920000076293945,6.099999904632568,4.458957195281982,4127710
2019-10-09,6.050000190734863,6.105000019073486,5.96999979019165,6.0,4.385859489440918,3238130
2019-10-10,6.090000152587891,6.195000171661377,5.809999942779541,5.900000095367432,4.312762260437012,5516780
2019-10-11,5.889999866485596,5.965000152587891,5.860000133514404,5.940000057220459,4.342001438140869,1998160
2019-10-14,5.869999885559082,5.945000171661377,5.690000057220459,5.914999961853027,4.323726177215576,5099280
2019-10-15,5.945000171661377,6.119999885559082,5.90500020980835,6.070000171661377,4.437028408050537,3252570
2019-10-16,6.059999942779541,6.119999885559082,5.945000171661377,5.945000171661377,4.345656394958496,4135230
2019-10-17,5.980000019073486,6.150000095367432,5.914999961853027,6.065000057220459,4.433372974395752,3244500
2019-10-18,6.139999866485596,6.224999904632568,6.065000057220459,6.119999885559082,4.473577499389648,3673170
2019-10-21,6.164999961853027,6.210000038146973,6.019999980926514,6.045000076293945,4.418753623962402,1944060
2019-10-22,6.054999828338623,6.125,5.994999885559082,6.019999980926514,4.400479316711426,2413530
2019-10-23,6.070000171661377,6.130000114440918,6.025000095367432,6.114999771118164,4.469921588897705,3326970
2019-10-24,6.190000057220459,6.449999809265137,6.119999885559082,6.449999809265137,4.714798450469971,11490610
2019-10-25,6.449999809265137,6.525000095367432,6.360000133514404,6.489999771118164,4.7440385818481445,2878920
2019-10-28,6.465000152587891,6.514999866485596,6.375,6.389999866485596,4.67094087600708,1395970
2019-10-30,6.315000057220459,6.525000095367432,6.244999885559082,6.480000019073486,4.736728191375732,3590680
2019-10-31,6.385000228881836,6.579999923706055,6.385000228881836,6.480000019073486,4.736728191375732,4027880
2019-11-01,6.474999904632568,6.545000076293945,6.440000057220459,6.489999771118164,4.7440385818481445,1935330
2019-11-04,6.539999961853027,6.784999847412109,6.480000019073486,6.715000152587891,4.908507823944092,2852220
2019-11-05,6.71999979019165,6.800000190734863,6.579999923706055,6.75,4.934092044830322,3364880
2019-11-06,6.800000190734863,6.875,6.710000038146973,6.829999923706055,4.992570400238037,2300660
2019-11-07,6.909999847412109,7.175000190734863,6.860000133514404,7.0,5.1168365478515625,6317030
2019-11-08,7.010000228881836,7.065000057220459,6.769999980926514,6.789999961853027,4.96333122253418,4716690
2019-11-11,6.760000228881836,6.815000057220459,6.570000171661377,6.610000133514404,4.831755638122559,4099360
2019-11-12,6.635000228881836,6.679999828338623,6.570000171661377,6.570000171661377,4.802515983581543,5797040
2019-11-13,6.574999809265137,6.659999847412109,6.494999885559082,6.605000019073486,4.828100204467773,6638700
2019-11-14,6.619999885559082,6.695000171661377,6.525000095367432,6.679999828338623,4.882923603057861,4624040
2019-11-15,6.730000019073486,6.809999942779541,6.639999866485596,6.769999980926514,4.948711395263672,4356480
2019-11-18,6.849999904632568,6.914999961853027,6.784999847412109,6.795000076293945,4.966986656188965,3816370
2019-11-19,6.815000057220459,6.815000057220459,6.610000133514404,6.635000228881836,4.925818920135498,4469570
2019-11-20,6.625,6.625,6.539999961853027,6.550000190734863,4.862716197967529,4121160
2019-11-21,6.545000076293945,6.579999923706055,6.5,6.505000114440918,4.82930850982666,2421260
2019-11-22,6.510000228881836,6.545000076293945,6.480000019073486,6.5,4.825596332550049,1584200
2019-11-25,6.579999923706055,6.635000228881836,6.454999923706055,6.465000152587891,4.799612522125244,2703840
2019-11-26,6.434999942779541,6.485000133514404,6.315000057220459,6.355000019073486,4.7179484367370605,4827720
2019-11-27,6.315000057220459,6.40500020980835,6.289999961853027,6.309999942779541,4.684539794921875,3673650
2019-11-28,6.300000190734863,6.429999828338623,6.295000076293945,6.329999923706055,4.69938850402832,2633100
2019-11-29,6.340000152587891,6.40500020980835,6.320000171661377,6.349999904632568,4.714236259460449,3161760
2019-12-02,6.454999923706055,6.465000152587891,6.385000228881836,6.40500020980835,4.755068302154541,3284930
2019-12-03,6.420000076293945,6.434999942779541,6.315000057220459,6.320000171661377,4.691964626312256,3303490
2019-12-04,6.329999923706055,6.34499979019165,6.284999847412109,6.309999942779541,4.684539794921875,2619610
2019-12-05,6.349999904632568,6.619999885559082,6.349999904632568,6.610000133514404,4.907260894775391,5194220
2019-12-06,6.565000057220459,6.619999885559082,6.409999847412109,6.480000019073486,4.810749053955078,2773170
2019-12-09,6.465000152587891,6.5,6.355000019073486,6.429999828338623,4.7736287117004395,2998930
2019-12-10,6.449999809265137,6.494999885559082,6.369999885559082,6.394999980926514,4.747643947601318,3694630
2019-12-11,6.360000133514404,6.425000190734863,6.309999942779541,6.394999980926514,4.747643947601318,1973830
2019-12-12,6.420000076293945,6.550000190734863,6.420000076293945,6.539999961853027,4.855292320251465,2975600
2019-12-13,6.599999904632568,6.744999885559082,6.599999904632568,6.724999904632568,4.992636203765869,5728370
2019-12-16,6.860000133514404,6.940000057220459,6.809999942779541,6.889999866485596,5.115131378173828,3320260
2019-12-17,6.880000114440918,6.880000114440918,6.65500020980835,6.684999942779541,4.962940216064453,4032890
2019-12-18,6.670000076293945,6.670000076293945,6.574999809265137,6.635000228881836,4.925818920135498,2739200
2019-12-19,6.664999961853027,6.71999979019165,6.644999980926514,6.699999809265137,4.974075794219971,3353120
2019-12-20,6.690000057220459,6.760000228881836,6.605000019073486,6.730000019073486,4.996348857879639,2699710
2019-12-23,6.739999771118164,6.784999847412109,6.699999809265137,6.769999980926514,5.026043891906738,1807660
2019-12-24,6.795000076293945,6.864999771118164,6.764999866485596,6.800000190734863,5.04831600189209,1610000
2019-12-25,6.800000190734863,6.829999923706055,6.744999885559082,6.824999809265137,5.066876411437988,980890
2019-12-26,6.855000019073486,7.014999866485596,6.855000019073486,6.965000152587891,5.170811653137207,4044370
2019-12-27,6.880000114440918,7.014999866485596,6.880000114440918,6.925000190734863,5.141116142272949,1933980
2019-12-30,6.994999885559082,7.03000020980835,6.96999979019165,7.025000095367432,5.21535587310791,3041060
2019-12-31,7.045000076293945,7.15500020980835,7.019999980926514,7.119999885559082,5.285883903503418,1405690
2020-01-02,7.099999904632568,7.119999885559082,6.974999904632568,7.010000228881836,5.204219818115234,3239220
2020-01-03,6.994999885559082,7.065000057220459,6.755000114440918,6.84499979019165,5.081723690032959,6198230
2020-01-06,6.894999980926514,6.914999961853027,6.809999942779541,6.914999961853027,5.133691310882568,2088030
2020-01-07,7.0,7.135000228881836,6.949999809265137,7.135000228881836,5.297020435333252,3199680
2020-01-08,7.110000133514404,7.159999847412109,7.0,7.130000114440918,5.293307781219482,2374300
2020-01-09,7.284999847412109,7.324999809265137,7.159999847412109,7.320000171661377,5.434364318847656,3654860
2020-01-10,7.389999866485596,7.389999866485596,7.179999828338623,7.295000076293945,5.415803909301758,4522390
2020-01-13,7.349999904632568,7.429999828338623,7.25,7.40500020980835,5.497467994689941,5987170
2020-01-14,7.400000095367432,7.489999771118164,7.335000038146973,7.489999771118164,5.560571670532227,4187800
2020-01-15,7.514999866485596,7.625,7.389999866485596,7.590000152587891,5.634812355041504,5631550
2020-01-16,7.610000133514404,7.764999866485596,7.480000019073486,7.480000019073486,5.553147792816162,6550710
2020-01-17,7.510000228881836,7.670000076293945,7.300000190734863,7.59499979019165,5.638523101806641,2911710
2020-01-20,7.619999885559082,7.699999809265137,7.574999809265137,7.699999809265137,5.716475963592529,3817420
2020-01-21,7.619999885559082,7.864999771118164,7.599999904632568,7.800000190734863,5.79071569442749,3435780
2020-01-22,7.849999904632568,7.889999866485596,7.59499979019165,7.630000114440918,5.664507865905762,3167470
2020-01-23,7.639999866485596,7.724999904632568,7.505000114440918,7.550000190734863,5.6051154136657715,4401760
2020-01-24,7.635000228881836,7.639999866485596,7.369999885559082,7.409999847412109,5.5011796951293945,5316870
2020-01-27,7.409999847412109,7.409999847412109,7.315000057220459,7.400000095367432,5.493756294250488,2926380
2020-01-28,7.40500020980835,7.489999771118164,7.340000152587891,7.465000152587891,5.542011260986328,3409580
2020-01-29,7.46999979019165,7.610000133514404,7.46999979019165,7.574999809265137,5.623676300048828,2830990
2020-01-30,7.619999885559082,7.619999885559082,7.40500020980835,7.519999980926514,5.582844257354736,4108880
2020-01-31,7.570000171661377,7.590000152587891,7.400000095367432,7.5,5.567996025085449,3947270
2020-02-03,7.505000114440918,7.599999904632568,7.394999980926514,7.440000057220459,5.523452281951904,2336490
2020-02-04,7.474999904632568,7.53000020980835,7.409999847412109,7.465000152587891,5.542011260986328,4105490
2020-02-05,7.53000020980835,7.574999809265137,7.445000171661377,7.465000152587891,5.542011260986328,3150310
2020-02-06,7.480000019073486,7.545000076293945,7.414999961853027,7.445000171661377,5.527163505554199,4276850
2020-02-07,7.400000095367432,7.449999809265137,7.34499979019165,7.394999980926514,5.490042686462402,3356230
2020-02-10,7.375,7.400000095367432,7.15500020980835,7.260000228881836,5.389820575714111,3842730
2020-02-11,7.329999923706055,7.380000114440918,7.195000171661377,7.315000057220459,5.430651664733887,4427870
2020-02-12,7.380000114440918,7.71999979019165,7.239999771118164,7.65500020980835,5.683067798614502,8816340
2020-02-13,7.639999866485596,8.194999694824219,7.610000133514404,8.125,6.0319952964782715,9732240
2020-02-14,8.109999656677246,8.199999809265137,7.940000057220459,7.96999979019165,5.9169230461120605,3881070
2020-02-17,8.005000114440918,8.125,7.960000038146973,7.994999885559082,5.935483455657959,2654460
2020-02-18,7.96999979019165,7.994999885559082,7.800000190734863,7.835000038146973,5.816699504852295,4360360
2020-02-19,7.900000095367432,8.0649995803833,7.889999866485596,8.0600004196167,5.983739852905273,5291630
2020-02-20,8.114999771118164,8.244999885559082,7.869999885559082,7.929999828338623,5.887227535247803,6735310
2020-02-21,7.880000114440918,8.024999618530273,7.835000038146973,7.960000038146973,5.909499168395996,3024280
2020-02-24,7.880000114440918,7.994999885559082,7.690000057220459,7.744999885559082,5.74988317489624,4292640
2020-02-25,7.755000114440918,7.849999904632568,7.650000095367432,7.710000038146973,5.723900318145752,3446150
2020-02-26,7.690000057220459,8.010000228881836,7.644999980926514,7.954999923706055,5.905787467956543,7488440
2020-02-27,7.90500020980835,7.929999828338623,7.695000171661377,7.730000019073486,5.738748073577881,6622520
2020-02-28,7.400000095367432,7.824999809265137,7.070000171661377,7.574999809265137,5.623676300048828,5347580
2020-03-02,7.840000152587891,8.079999923706055,7.690000057220459,8.0,5.939195156097412,4190300
2020-03-03,8.0649995803833,8.095000267028809,7.715000152587891,7.775000095367432,5.772156238555908,5156440
2020-03-04,7.829999923706055,7.829999923706055,7.585000038146973,7.605000019073486,5.645947456359863,4807510
2020-03-05,7.730000019073486,7.789999961853027,7.625,7.695000171661377,5.712764263153076,2518870
2020-03-06,7.75,7.760000228881836,7.5,7.735000133514404,5.742460250854492,2546540
2020-03-09,7.590000152587891,7.599999904632568,7.289999961853027,7.46999979019165,5.5457234382629395,2755700
2020-03-10,7.579999923706055,7.760000228881836,7.050000190734863,7.164999961853027,5.319291591644287,3110820
2020-03-11,7.059999942779541,7.150000095367432,6.840000152587891,7.039999961853027,5.226492404937744,3486610
2020-03-12,6.960000038146973,7.099999904632568,6.570000171661377,6.684999942779541,4.962940216064453,3857800
2020-03-13,6.525000095367432,6.849999904632568,6.264999866485596,6.324999809265137,4.695676326751709,5062850
2020-03-16,6.269999980926514,6.269999980926514,5.650000095367432,5.650000095367432,4.194557189941406,2899310
2020-03-17,5.789999961853027,5.789999961853027,5.085000038146973,5.09499979019165,3.7825253009796143,6448770
2020-03-18,4.861999988555908,5.159999847412109,4.6539998054504395,4.670000076293945,3.4670052528381348,6055750
2020-03-19,4.565999984741211,4.5960001945495605,4.210000038146973,4.360000133514404,3.2368617057800293,9689590
2020-03-20,4.5879998207092285,4.745999813079834,4.429999828338623,4.665999889373779,3.4640355110168457,8650640
2020-03-23,4.432000160217285,4.736000061035156,4.03000020980835,4.452000141143799,3.5420045852661133,8975320
2020-03-24,4.823999881744385,5.005000114440918,4.638000011444092,4.860000133514404,3.8666083812713623,9076220
2020-03-25,5.184999942779541,5.184999942779541,4.849999904632568,4.900000095367432,3.898432493209839,8478640
2020-03-26,4.900000095367432,4.929999828338623,4.814000129699707,4.889999866485596,3.890476942062378,5169530
2020-03-27,4.9019999504089355,5.025000095367432,4.742000102996826,4.855999946594238,3.8634259700775146,6490280
2020-03-30,4.869999885559082,4.869999885559082,4.6519999504089355,4.751999855041504,3.780683755874634,5560580
2020-03-31,4.849999904632568,4.849999904632568,4.748000144958496,4.785999774932861,3.8077337741851807,4171520
2020-04-01,4.900000095367432,5.150000095367432,4.803999900817871,5.03000020980835,4.00186014175415,6346520
2020-04-02,5.119999885559082,5.21999979019165,4.961999893188477,5.195000171661377,4.133134365081787,5394520
2020-04-03,5.349999904632568,5.480000019073486,5.150000095367432,5.480000019073486,4.359879493713379,3896510
2020-04-06,5.5,5.784999847412109,5.420000076293945,5.704999923706055,4.538889408111572,7269940
2020-04-07,5.809999942779541,6.360000133514404,5.809999942779541,5.909999847412109,4.701986789703369,11833190
2020-04-08,5.920000076293945,6.045000076293945,5.885000228881836,5.900000095367432,4.694031238555908,3819530
2020-04-09,5.864999771118164,5.90500020980835,5.659999847412109,5.690000057220459,4.526956081390381,7926410
2020-04-10,5.699999809265137,5.755000114440918,5.59499979019165,5.704999923706055,4.538889408111572,3036950
2020-04-13,5.684999942779541,5.684999942779541,5.539999961853027,5.554999828338623,4.419549942016602,3317550
2020-04-14,5.559999942779541,5.650000095367432,5.559999942779541,5.599999904632568,4.455352306365967,5118290
2020-04-15,5.619999885559082,5.639999866485596,5.21999979019165,5.434999942779541,4.324077129364014,4507940
2020-04-16,5.494999885559082,5.675000190734863,5.400000095367432,5.630000114440918,4.479219436645508,4722420
2020-04-17,5.710000038146973,5.869999885559082,5.710000038146973,5.78000020980835,4.598559379577637,5407790
2020-04-20,5.900000095367432,6.019999980926514,5.829999923706055,6.005000114440918,4.777568817138672,4552030
2020-04-21,5.965000152587891,5.989999771118164,5.800000190734863,5.985000133514404,4.761657238006592,3844710
2020-04-22,5.985000133514404,6.0,5.90500020980835,5.934999942779541,4.721877098083496,3900330
2020-04-24,5.920000076293945,5.920000076293945,5.800000190734863,5.824999809265137,4.6343607902526855,3311200
2020-04-27,5.949999809265137,6.175000190734863,5.914999961853027,6.099999904632568,4.853150367736816,3994700
2020-04-28,6.105000019073486,6.239999771118164,5.980000019073486,6.150000095367432,4.89293098449707,4093570
2020-04-29,6.170000076293945,6.235000133514404,6.090000152587891,6.215000152587891,4.944644451141357,2963840
2020-04-30,6.215000152587891,6.445000171661377,6.119999885559082,6.320000171661377,5.028182029724121,4100960
2020-05-04,6.300000190734863,6.300000190734863,6.019999980926514,6.065000057220459,4.8253045082092285,3476490
2020-05-05,6.300000190734863,6.369999885559082,5.900000095367432,6.079999923706055,4.837238311767578,5224710
2020-05-06,6.099999904632568,6.114999771118164,5.860000133514404,5.934999942779541,4.721877098083496,3097570
2020-05-07,5.909999847412109,5.925000190734863,5.644999980926514,5.684999942779541,4.522977352142334,5397260
2020-05-08,5.75,5.75,5.480000019073486,5.5,4.375792026519775,5273360
2020-05-11,5.590000152587891,5.659999847412109,5.5,5.539999961853027,4.4076151847839355,3324160
2020-05-12,5.550000190734863,5.760000228881836,5.514999866485596,5.75,4.574690818786621,3218300
2020-05-13,5.815000057220459,5.84499979019165,5.75,5.840000152587891,4.646295070648193,3057620
2020-05-14,5.744999885559082,5.800000190734863,5.670000076293945,5.764999866485596,4.586624622344971,3187320
2020-05-15,5.840000152587891,5.894999980926514,5.800000190734863,5.815000057220459,4.626405239105225,2001620
2020-05-18,5.860000133514404,6.010000228881836,5.849999904632568,5.989999771118164,4.765634059906006,4688690
2020-05-20,6.010000228881836,6.150000095367432,6.010000228881836,6.085000038146973,4.841216564178467,4271980
2020-05-21,6.110000133514404,6.139999866485596,5.900000095367432,5.974999904632568,4.7537007331848145,3586630
2020-05-22,5.925000190734863,6.079999923706055,5.864999771118164,6.054999828338623,4.817348957061768,2865540
2020-05-27,6.110000133514404,6.315000057220459,6.079999923706055,6.289999961853027,5.00431489944458,5743550
2020-05-28,6.474999904632568,6.900000095367432,6.400000095367432,6.465000152587891,5.143544673919678,5535180
2020-05-29,6.409999847412109,6.434999942779541,6.164999961853027,6.210000038146973,4.940666675567627,6505220
2020-06-01,6.215000152587891,6.409999847412109,6.215000152587891,6.385000228881836,5.079897403717041,4987310
2020-06-02,6.445000171661377,6.599999904632568,6.425000190734863,6.599999904632568,5.250949382781982,5629830
2020-06-03,6.699999809265137,6.764999866485596,6.630000114440918,6.675000190734863,5.310619831085205,6330500
2020-06-04,6.739999771118164,6.75,6.579999923706055,6.619999885559082,5.266861915588379,3804760
2020-06-05,6.75,6.75,6.639999866485596,6.724999904632568,5.350399494171143,2852750
2020-06-08,6.724999904632568,6.840000152587891,6.650000095367432,6.78000020980835,5.394157886505127,3416100
2020-06-09,6.824999809265137,6.885000228881836,6.650000095367432,6.755000114440918,5.374268531799316,2758750
2020-06-10,6.75,6.900000095367432,6.414999961853027,6.78000020980835,5.394157886505127,4741950
2020-06-11,6.739999771118164,6.989999771118164,6.715000152587891,6.840000152587891,5.441893577575684,8250360
2020-06-12,6.795000076293945,7.125,6.739999771118164,7.099999904632568,5.648748874664307,6945830
2020-06-15,7.090000152587891,7.090000152587891,6.880000114440918,6.900000095367432,5.489629745483398,3579280
2020-06-16,6.960000038146973,7.03000020980835,6.940000057220459,6.949999809265137,5.529408931732178,3518680
2020-06-17,7.050000190734863,7.085000038146973,6.974999904632568,7.039999961853027,5.60101318359375,3152180
2020-06-18,6.974999904632568,7.0,6.880000114440918,6.945000171661377,5.525432109832764,3697700
2020-06-19,6.96999979019165,7.025000095367432,6.929999828338623,6.980000019073486,5.553277015686035,2701580
2020-06-22,6.949999809265137,7.21999979019165,6.929999828338623,7.164999961853027,5.70046329498291,6926430
2020-06-23,7.119999885559082,7.264999866485596,7.085000038146973,7.125,5.668639659881592,3976950
2020-06-24,7.130000114440918,7.15500020980835,7.019999980926514,7.065000057220459,5.6209025382995605,1967120
2020-06-25,7.135000228881836,7.15500020980835,6.974999904632568,7.005000114440918,5.573167324066162,2924090
2020-06-26,7.005000114440918,7.170000076293945,7.005000114440918,7.15500020980835,5.692507266998291,2548900
2020-06-29,7.105000019073486,7.179999828338623,7.059999942779541,7.114999771118164,5.6606831550598145,5388530
2020-06-30,7.135000228881836,7.199999809265137,7.114999771118164,7.125,5.668639659881592,2227090
2020-07-01,7.090000152587891,7.215000152587891,7.085000038146973,7.130000114440918,5.672617435455322,4222110
2020-07-02,7.130000114440918,7.519999980926514,7.130000114440918,7.414999961853027,5.899362087249756,4041020
2020-07-03,7.445000171661377,7.449999809265137,7.255000114440918,7.304999828338623,5.811846733093262,3852350
2020-07-06,7.304999828338623,7.385000228881836,7.284999847412109,7.34499979019165,5.84367036819458,1664760
2020-07-07,7.360000133514404,7.554999828338623,7.315000057220459,7.5,5.966989040374756,4682660
2020-07-08,7.519999980926514,7.625,7.204999923706055,7.289999961853027,5.799912929534912,3005370
2020-07-09,7.329999923706055,7.474999904632568,7.179999828338623,7.224999904632568,5.748198509216309,4392920
2020-07-10,7.340000152587891,7.340000152587891,7.099999904632568,7.235000133514404,5.7561540603637695,3187090
2020-07-13,7.409999847412109,7.460000038146973,7.335000038146973,7.414999961853027,5.899362087249756,2221140
2020-07-14,7.440000057220459,7.440000057220459,7.364999771118164,7.409999847412109,5.895384311676025,2159860
2020-07-16,7.539999961853027,7.880000114440918,7.53000020980835,7.804999828338623,6.209646224975586,7638920
2020-07-17,7.860000133514404,8.010000228881836,7.860000133514404,7.949999809265137,6.32500696182251,3612970
2020-07-20,7.949999809265137,8.029999732971191,7.880000114440918,7.974999904632568,6.344897270202637,3262700
2020-07-21,8.0,8.029999732971191,7.675000190734863,7.784999847412109,6.1937336921691895,6235530
2020-07-22,7.760000228881836,7.909999847412109,7.744999885559082,7.849999904632568,6.245448112487793,2360780
2020-07-23,7.809999942779541,7.84499979019165,7.789999961853027,7.824999809265137,6.225558280944824,1190590
2020-07-24,7.800000190734863,7.840000152587891,7.724999904632568,7.760000228881836,6.173844337463379,1535610
2020-07-27,7.760000228881836,7.860000133514404,7.699999809265137,7.809999942779541,6.213624000549316,2472700
2020-07-28,7.820000171661377,8.5,7.804999828338623,8.0,6.364788055419922,13979060
2020-07-29,8.199999809265137,8.625,8.050000190734863,8.204999923706055,6.5278849601745605,13683720
2020-07-30,8.260000228881836,8.300000190734863,8.005000114440918,8.300000190734863,6.603466987609863,4537850
2020-08-04,8.350000381469727,9.045000076293945,7.809999942779541,8.255000114440918,6.5676655769348145,16638240
2020-08-05,8.25,8.600000381469727,7.559999942779541,7.875,6.26533842086792,10812460
2020-08-06,7.900000095367432,8.119999885559082,7.514999866485596,7.565000057220459,6.018702030181885,8858470
2020-08-07,7.565000057220459,7.840000152587891,7.195000171661377,7.715000152587891,6.138042449951172,7559040
2020-08-10,7.664999961853027,8.234999656677246,7.289999961853027,8.199999809265137,6.523907661437988,8190380
2020-08-11,8.25,8.96500015258789,8.25,8.949999809265137,7.120606422424316,6783060
2020-08-12,8.8149995803833,9.0,8.574999809265137,9.0,7.160386085510254,6297190
2020-08-13,9.0,9.140000343322754,8.869999885559082,9.085000038146973,7.228011608123779,3445480
2020-08-14,9.0600004196167,9.085000038146973,8.609999656677246,8.765000343322754,6.9734206199646,2942650
2020-08-17,8.8100004196167,8.895000457763672,8.664999961853027,8.729999542236328,6.9455742835998535,1067600
2020-08-18,8.699999809265137,8.819999694824219,8.585000038146973,8.770000457763672,6.977398872375488,1833200
2020-08-19,8.949999809265137,9.164999961853027,8.819999694824219,9.135000228881836,7.267791748046875,4322480
2020-08-20,9.170000076293945,9.260000228881836,8.930000305175781,9.119999885559082,7.255857467651367,2834800
2020-08-21,9.199999809265137,9.239999771118164,8.770000457763672,8.9350004196167,7.108672618865967,2617070
2020-08-24,8.949999809265137,8.975000381469727,8.739999771118164,8.819999694824219,7.017178535461426,1356910
2020-08-25,8.880000114440918,9.024999618530273,8.640000343322754,8.71500015258789,6.933640480041504,2345990
2020-08-26,8.649999618530273,8.774999618530273,8.600000381469727,8.625,6.86203670501709,1518530
2020-08-27,8.635000228881836,8.680000305175781,8.470000267028809,8.579999923706055,6.826234340667725,3860870
2020-08-28,8.65999984741211,8.8100004196167,8.600000381469727,8.720000267028809,6.937619209289551,6968820
2020-08-31,8.770000457763672,8.770000457763672,8.350000381469727,8.364999771118164,6.655180931091309,5073110
2020-09-01,8.404999732971191,8.404999732971191,8.1850004196167,8.255000114440918,6.5676655769348145,2723310
2020-09-02,8.199999809265137,8.369999885559082,8.109999656677246,8.194999694824219,6.519928932189941,2795820
2020-09-03,8.199999809265137,8.289999961853027,7.934999942779541,7.989999771118164,6.356831073760986,5326310
2020-09-04,7.920000076293945,8.550000190734863,7.920000076293945,8.4350004196167,6.710873126983643,5844830
2020-09-07,8.46500015258789,8.914999961853027,8.46500015258789,8.720000267028809,6.937619209289551,3950370
2020-09-08,8.710000038146973,8.850000381469727,8.585000038146973,8.75,6.96148681640625,2643840
2020-09-09,8.800000190734863,8.819999694824219,8.600000381469727,8.645000457763672,6.877949237823486,1389570
2020-09-10,8.645000457763672,8.675000190734863,8.579999923706055,8.654999732971191,6.885904788970947,1923720
2020-09-11,8.675000190734863,8.729999542236328,8.600000381469727,8.649999618530273,6.881926536560059,799110
2020-09-14,8.619999885559082,8.774999618530273,8.604999542236328,8.710000038146973,6.929662704467773,4762220
2020-09-15,8.699999809265137,9.289999961853027,8.699999809265137,9.225000381469727,7.339395999908447,7694140
2020-09-16,9.140000343322754,9.210000038146973,9.020000457763672,9.095000267028809,7.235966682434082,3113010
2020-09-17,8.90999984741211,9.050000190734863,8.869999885559082,8.920000076293945,7.096738815307617,2238760
2020-09-18,9.140000343322754,9.140000343322754,8.975000381469727,9.010000228881836,7.168342590332031,1602790
2020-09-21,8.989999771118164,9.050000190734863,8.800000190734863,8.864999771118164,7.052980422973633,1703000
2020-09-22,8.84000015258789,8.975000381469727,8.774999618530273,8.819999694824219,7.017178535461426,1889920
2020-09-23,8.8100004196167,8.930000305175781,8.704999923706055,8.779999732971191,6.985354423522949,3026270
2020-09-24,8.664999961853027,8.989999771118164,8.640000343322754,8.829999923706055,7.025134563446045,3337510
2020-09-25,8.904999732971191,9.015000343322754,8.779999732971191,8.8100004196167,7.009222984313965,1259950
2020-09-28,8.720000267028809,8.805000305175781,8.65999984741211,8.699999809265137,6.9217071533203125,2124010
2020-09-29,8.725000381469727,8.850000381469727,8.635000228881836,8.699999809265137,6.9217071533203125,3024990
2020-09-30,8.739999771118164,8.770000457763672,8.65999984741211,8.760000228881836,6.969442844390869,2517860
2020-10-01,8.800000190734863,8.84000015258789,8.619999885559082,8.675000190734863,6.9018168449401855,3686180
2020-10-02,8.649999618530273,8.6850004196167,8.5649995803833,8.600000381469727,6.842147350311279,2537770
2020-10-05,8.595000267028809,8.609999656677246,8.545000076293945,8.545000076293945,6.798388481140137,3832310
2020-10-06,8.600000381469727,8.640000343322754,8.529999732971191,8.539999961853027,6.794410705566406,2681570
2020-10-07,8.5,8.600000381469727,8.380000114440918,8.390000343322754,6.675070762634277,3994460
2020-10-08,8.399999618530273,8.444999694824219,8.164999961853027,8.225000381469727,6.543797969818115,8441430
2020-10-09,8.34000015258789,8.600000381469727,8.279999732971191,8.59000015258789,6.83419132232666,6587610
2020-10-12,8.699999809265137,8.845000267028809,8.619999885559082,8.795000076293945,6.997289180755615,6361280
2020-10-13,8.885000228881836,8.984999656677246,8.645000457763672,8.96500015258789,7.132541179656982,5375820
2020-10-14,9.020000457763672,9.3149995803833,8.96500015258789,9.274999618530273,7.379175186157227,7800910
2020-10-15,9.274999618530273,9.494999885559082,9.149999618530273,9.15999984741211,7.287681579589844,4175200
2020-10-16,9.300000190734863,9.375,9.0600004196167,9.119999885559082,7.255857467651367,3942300
2020-10-19,9.170000076293945,9.274999618530273,9.079999923706055,9.260000228881836,7.367242336273193,2631430
2020-10-20,9.279999732971191,9.359999656677246,9.210000038146973,9.28499984741211,7.387132167816162,1937650
2020-10-21,9.574999809265137,9.970000267028809,9.555000305175781,9.694999694824219,7.713326930999756,10291490
2020-10-22,9.630000114440918,9.725000381469727,9.515000343322754,9.614999771118164,7.6496782302856445,4739660
2020-10-23,9.699999809265137,9.84000015258789,9.670000076293945,9.779999732971191,7.780953884124756,4955880
2020-10-26,9.850000381469727,10.199999809265137,9.600000381469727,9.78499984741211,7.784930229187012,8000000
2020-10-27,10.010000228881836,10.350000381469727,9.619999885559082,10.180000305175781,8.099191665649414,9942130
2020-10-28,10.199999809265137,10.25,9.9399995803833,10.079999923706055,8.019633293151855,1857730
2020-10-30,10.0,10.720000267028809,9.59000015258789,10.579999923706055,8.417431831359863,9374980
2020-11-02,11.0,11.699999809265137,10.619999885559082,11.239999771118164,8.942525863647461,12987450
2020-11-03,11.1899995803833,11.300000190734863,10.640000343322754,10.859999656677246,8.640198707580566,6411610
2020-11-04,10.800000190734863,11.59000015258789,10.800000190734863,11.270000457763672,8.966395378112793,9085260
2020-11-05,11.510000228881836,11.569999694824219,11.140000343322754,11.350000381469727,9.030043601989746,4891100
2020-11-06,11.40999984741211,12.3100004196167,11.3100004196167,11.890000343322754,9.45966625213623,9506200
2020-11-09,11.899999618530273,12.609999656677246,11.899999618530273,11.979999542236328,9.531268119812012,7409880
2020-11-10,12.0,12.399999618530273,11.550000190734863,11.630000114440918,9.25281047821045,11150040
2020-11-11,11.8100004196167,11.989999771118164,11.220000267028809,11.220000267028809,8.926613807678223,6695960
2020-11-12,11.25,11.640000343322754,10.739999771118164,10.84000015258789,8.624287605285645,9694120
2020-11-13,11.029999732971191,11.880000114440918,11.010000228881836,11.550000190734863,9.189162254333496,11056040
2020-11-16,11.920000076293945,12.300000190734863,11.699999809265137,12.170000076293945,9.682433128356934,14030410
2020-11-17,12.1899995803833,12.199999809265137,11.640000343322754,11.789999961853027,9.380106925964355,4926260
2020-11-18,11.739999771118164,11.979999542236328,11.449999809265137,11.619999885559082,9.244853973388672,6492820
2020-11-19,11.649999618530273,11.819999694824219,11.520000457763672,11.65999984741211,9.276677131652832,5540750
2020-11-20,11.770000457763672,11.890000343322754,11.65999984741211,11.75,9.348281860351562,5450440
2020-11-23,11.710000038146973,12.069999694824219,11.579999923706055,11.899999618530273,9.467621803283691,6566900
2020-11-24,12.079999923706055,13.09000015258789,11.989999771118164,12.5,9.944981575012207,12275720
2020-11-25,12.489999771118164,12.859999656677246,12.199999809265137,12.329999923706055,9.809728622436523,8663770
2020-11-26,12.4399995803833,12.529999732971191,11.9399995803833,12.229999542236328,9.730169296264648,6052690
2020-11-27,12.510000228881836,12.510000228881836,11.890000343322754,11.979999542236328,9.531268119812012,3078030
2020-11-30,11.979999542236328,12.020000457763672,10.789999961853027,10.84000015258789,8.624287605285645,12697190
2020-12-01,10.920000076293945,11.5,10.920000076293945,11.4399995803833,9.101645469665527,13886120
2020-12-02,11.520000457763672,12.09000015258789,11.460000038146973,11.6899995803833,9.300545692443848,16300040
2020-12-03,11.890000343322754,11.949999809265137,11.4399995803833,11.529999732971191,9.173249244689941,6924830
2020-12-04,11.960000038146973,12.529999732971191,11.869999885559082,12.1899995803833,9.698343276977539,23779550
2020-12-07,12.4399995803833,12.779999732971191,12.40999984741211,12.699999809265137,10.104100227355957,12466840
2020-12-08,12.699999809265137,12.710000038146973,12.25,12.380000114440918,9.849508285522461,11344360
2020-12-09,12.489999771118164,12.600000381469727,12.1899995803833,12.319999694824219,9.801773071289062,9218760
2020-12-10,12.319999694824219,12.460000038146973,12.210000038146973,12.390000343322754,9.857464790344238,6212690
2020-12-11,12.390000343322754,12.470000267028809,12.25,12.4399995803833,9.89724349975586,4085600
2020-12-14,12.449999809265137,12.5,12.34000015258789,12.420000076293945,9.881333351135254,6063670
2020-12-15,12.380000114440918,12.699999809265137,12.359999656677246,12.6899995803833,10.096145629882812,7589400
2020-12-16,12.800000190734863,12.869999885559082,12.260000228881836,12.399999618530273,9.8654203414917,6067960
2020-12-17,12.390000343322754,12.470000267028809,12.34000015258789,12.420000076293945,9.881333351135254,4590760
2020-12-18,12.350000381469727,12.699999809265137,12.34000015258789,12.609999656677246,10.032495498657227,5210300
2020-12-21,12.569999694824219,13.079999923706055,12.270000457763672,12.359999656677246,9.833595275878906,8810800
2020-12-22,12.460000038146973,12.619999885559082,12.399999618530273,12.470000267028809,9.921113967895508,3973540
2020-12-23,12.529999732971191,12.600000381469727,12.420000076293945,12.4399995803833,9.89724349975586,3608020
2020-12-24,12.529999732971191,12.529999732971191,12.350000381469727,12.350000381469727,9.825640678405762,2580230
2020-12-25,12.390000343322754,12.40999984741211,12.279999732971191,12.300000190734863,9.78586196899414,1552250
2020-12-28,12.449999809265137,12.550000190734863,12.300000190734863,12.430000305175781,9.889288902282715,4841350
2020-12-29,12.520000457763672,13.079999923706055,12.4399995803833,12.640000343322754,10.056364059448242,14095640
2020-12-30,12.640000343322754,12.800000190734863,12.449999809265137,12.520000457763672,9.960893630981445,5083670
2020-12-31,12.529999732971191,12.59000015258789,12.369999885559082,12.5,9.944981575012207,3011400
2021-01-04,12.600000381469727,12.710000038146973,12.479999542236328,12.609999656677246,10.032495498657227,3735230
2021-01-05,12.550000190734863,13.550000190734863,12.5,13.3100004196167,10.58941650390625,18224140
2021-01-06,13.649999618530273,14.149999618530273,13.600000381469727,13.699999809265137,10.899698257446289,14815160
2021-01-07,14.0,14.069999694824219,13.289999961853027,13.399999618530273,10.661019325256348,9907550
2021-01-08,13.600000381469727,13.670000076293945,13.319999694824219,13.5600004196167,10.788315773010254,5748570
2021-01-11,13.5,14.850000381469727,13.3100004196167,14.850000381469727,11.81463623046875,20861120
2021-01-12,15.319999694824219,16.329999923706055,15.319999694824219,15.890000343322754,12.642060279846191,39757220
2021-01-13,16.0,17.25,15.449999809265137,16.0,12.729576110839844,33087460
2021-01-14,15.890000343322754,16.549999237060547,15.3100004196167,15.579999923706055,12.395423889160156,16015460
2021-01-15,15.329999923706055,15.970000267028809,14.970000267028809,15.140000343322754,12.045360565185547,13308910
2021-01-18,15.140000343322754,16.639999389648438,14.960000038146973,16.639999389648438,13.238757133483887,20793910
2021-01-19,17.299999237060547,17.860000610351562,16.59000015258789,16.899999618530273,13.445613861083984,24378780
2021-01-20,16.950000762939453,17.3799991607666,16.280000686645508,16.670000076293945,13.262626647949219,17847360
2021-01-21,17.0,17.139999389648438,16.309999465942383,16.389999389648438,13.039857864379883,8129290
2021-01-22,16.270000457763672,16.270000457763672,15.699999809265137,15.899999618530273,12.65001392364502,9748450
2021-01-25,16.149999618530273,16.520000457763672,15.949999809265137,16.190000534057617,12.880739212036133,11266080
2021-01-26,16.290000915527344,16.34000015258789,15.819999694824219,16.010000228881836,12.737530708312988,8232340
2021-01-27,16.049999237060547,16.170000076293945,15.010000228881836,15.010000228881836,11.941933631896973,9498620
2021-01-28,14.75,15.75,14.399999618530273,15.550000190734863,12.371556282043457,18420640
2021-01-29,15.229999542236328,15.260000228881836,14.390000343322754,14.390000343322754,11.448661804199219,24309370
2021-02-01,14.569999694824219,15.819999694824219,14.539999961853027,15.819999694824219,12.5863676071167,39497130
2021-02-02,16.209999084472656,16.739999771118164,16.0,16.06999969482422,12.785266876220703,23321190
2021-02-03,16.190000534057617,16.299999237060547,15.619999885559082,15.75,12.53067684173584,10184210
2021-02-04,15.819999694824219,16.520000457763672,15.819999694824219,16.040000915527344,12.761399269104004,13703510
2021-02-05,16.149999618530273,16.239999771118164,15.649999618530273,15.6899995803833,12.482938766479492,7331420
2021-02-08,16.020000457763672,16.100000381469727,15.640000343322754,15.899999618530273,12.65001392364502,8169660
2021-02-09,15.930000305175781,17.010000228881836,15.90999984741211,16.270000457763672,12.944387435913086,31893630
2021-02-10,16.489999771118164,16.899999618530273,16.100000381469727,16.100000381469727,12.809136390686035,13235290
2021-02-11,16.5,17.3799991607666,16.299999237060547,16.520000457763672,13.143287658691406,35397150
2021-02-12,16.530000686645508,16.920000076293945,16.1299991607666,16.239999771118164,12.92051887512207,12705580
2021-02-15,16.459999084472656,16.600000381469727,16.100000381469727,16.15999984741211,12.856870651245117,8713980
2021-02-16,16.229999542236328,16.299999237060547,15.470000267028809,15.720000267028809,12.50680923461914,10453780
2021-02-17,15.8100004196167,16.90999984741211,15.5600004196167,16.65999984741211,13.254670143127441,40392110
2021-02-18,16.719999313354492,18.31999969482422,16.510000228881836,18.31999969482422,14.575363159179688,45859250
2021-02-19,18.84000015258789,19.75,18.670000076293945,19.200000762939453,15.275493621826172,41888350
2021-02-22,19.450000762939453,21.1200008392334,19.450000762939453,21.1200008392334,16.80303955078125,36879590
2021-02-23,21.959999084472656,22.030000686645508,19.010000228881836,19.299999237060547,15.35505199432373,31675570
2021-02-24,18.809999465942383,19.350000381469727,18.329999923706055,18.399999618530273,14.63901138305664,14499080
2021-02-25,19.149999618530273,19.5,17.43000030517578,17.799999237060547,14.161652565002441,22895320
2021-02-26,17.0,18.350000381469727,16.8700008392334,17.510000228881836,13.930928230285645,23253650
2021-03-01,18.049999237060547,19.260000228881836,17.850000381469727,19.260000228881836,15.323227882385254,15508000
2021-03-02,19.399999618530273,20.3799991607666,18.790000915527344,19.260000228881836,15.323227882385254,21670980
2021-03-03,19.43000030517578,19.770000457763672,18.440000534057617,18.59000015258789,14.790176391601562,15096100
2021-03-04,18.579999923706055,18.59000015258789,17.600000381469727,17.729999542236328,14.105960845947266,17684680
2021-03-05,17.65999984741211,18.299999237060547,17.479999542236328,17.719999313354492,14.098003387451172,20095700
2021-03-08,18.1299991607666,18.350000381469727,17.639999389648438,17.780000686645508,14.145742416381836,14433780
2021-03-09,17.969999313354492,18.049999237060547,17.489999771118164,17.6200008392334,14.01844596862793,10582760
2021-03-10,17.6200008392334,17.790000915527344,17.3700008392334,17.600000381469727,14.002532958984375,14005040
2021-03-11,17.719999313354492,18.25,17.6200008392334,17.950000762939453,14.28099536895752,20068610
2021-03-12,18.049999237060547,18.1200008392334,17.739999771118164,17.940000534057617,14.273037910461426,7786470
2021-03-15,18.020000457763672,19.520000457763672,17.979999542236328,18.950000762939453,15.07658863067627,34467980
2021-03-16,19.399999618530273,20.84000015258789,18.729999542236328,20.84000015258789,16.58026885986328,53478030
2021-03-17,22.270000457763672,22.920000076293945,22.059999465942383,22.920000076293945,18.235116958618164,24120920
2021-03-18,23.959999084472656,24.959999084472656,21.0,21.200000762939453,16.866687774658203,113847330
2021-03-19,21.100000381469727,23.31999969482422,20.649999618530273,22.84000015258789,18.17146873474121,116628290
2021-03-22,21.600000381469727,21.8799991607666,20.559999465942383,20.559999465942383,16.357505798339844,50597610
2021-03-23,19.5,22.350000381469727,18.510000228881836,20.950000762939453,16.667789459228516,125090550
2021-03-24,20.969999313354492,21.280000686645508,20.5,20.719999313354492,17.005937576293945,46157030
2021-03-25,20.799999237060547,21.100000381469727,19.81999969482422,19.81999969482422,16.267263412475586,35871070
2021-03-26,20.219999313354492,20.25,19.06999969482422,19.06999969482422,15.651700973510742,37750830
2021-03-29,18.920000076293945,19.299999237060547,18.43000030517578,18.5,15.183874130249023,29022700
2021-03-30,18.5,20.239999771118164,18.469999313354492,19.770000457763672,16.226226806640625,91824290
2021-03-31,19.989999771118164,20.110000610351562,19.290000915527344,19.329999923706055,15.865096092224121,36573160
2021-04-01,19.600000381469727,20.760000228881836,19.510000228881836,20.389999389648438,16.735088348388672,54103000
2021-04-02,20.489999771118164,21.100000381469727,20.31999969482422,20.40999984741211,16.75150489807129,27782310
2021-04-05,20.5,20.84000015258789,20.43000030517578,20.479999542236328,16.808956146240234,14142670
2021-04-06,20.549999237060547,20.56999969482422,19.600000381469727,19.690000534057617,16.160568237304688,25275400
2021-04-07,19.719999313354492,19.809999465942383,19.280000686645508,19.549999237060547,16.045658111572266,19926130
2021-04-08,19.639999389648438,19.950000762939453,19.290000915527344,19.299999237060547,15.840472221374512,14965890
2021-04-09,19.299999237060547,19.489999771118164,18.34000015258789,18.729999542236328,15.372642517089844,23981070
2021-04-12,18.889999389648438,18.989999771118164,18.270000457763672,18.399999618530273,15.101797103881836,18559520
2021-04-13,18.479999542236328,18.959999084472656,17.899999618530273,18.829999923706055,15.454719543457031,31229430
2021-04-14,19.100000381469727,19.190000534057617,18.469999313354492,18.75,15.389060974121094,16354740
2021-04-15,18.0,18.1200008392334,17.56999969482422,17.780000686645508,14.592933654785156,22141770
2021-04-16,17.610000610351562,18.84000015258789,17.420000076293945,18.520000457763672,15.200288772583008,30640700
2021-04-19,18.510000228881836,18.559999465942383,17.3700008392334,17.530000686645508,14.38774585723877,15057390
2021-04-20,17.559999465942383,18.09000015258789,17.389999389648438,17.65999984741211,14.494441986083984,18395140
2021-04-21,17.639999389648438,17.65999984741211,16.309999465942383,16.799999237060547,13.78859806060791,17817970
2021-04-22,16.5,17.170000076293945,16.40999984741211,16.84000015258789,13.821429252624512,17552070
2021-04-26,16.829999923706055,17.559999465942383,16.790000915527344,17.399999618530273,14.281048774719238,12471890
2021-04-27,17.43000030517578,17.90999984741211,17.420000076293945,17.829999923706055,14.633967399597168,16948780
2021-04-28,17.809999465942383,18.040000915527344,17.56999969482422,17.860000610351562,14.65859317779541,12558740
2021-04-29,17.90999984741211,18.040000915527344,17.6299991607666,17.719999313354492,14.543685913085938,9618110
2021-04-30,17.700000762939453,18.100000381469727,17.579999923706055,17.579999923706055,14.428781509399414,12357780
2021-05-03,17.899999618530273,18.0,17.360000610351562,17.389999389648438,14.272839546203613,13591650
2021-05-04,17.40999984741211,17.450000762939453,16.850000381469727,16.889999389648438,13.862465858459473,15466500
2021-05-05,16.950000762939453,18.0,16.90999984741211,17.700000762939453,14.527273178100586,33419180
2021-05-06,17.639999389648438,17.84000015258789,17.440000534057617,17.649999618530273,14.486235618591309,15449620
2021-05-07,17.739999771118164,18.81999969482422,17.649999618530273,18.200000762939453,14.93764877319336,25004180
2021-05-10,18.229999542236328,18.459999084472656,17.940000534057617,18.0,14.773497581481934,9734310
2021-05-11,17.799999237060547,18.329999923706055,17.670000076293945,17.8700008392334,14.666800498962402,12012370
2021-05-12,17.81999969482422,18.0,17.65999984741211,17.700000762939453,14.527273178100586,3607050
2021-05-17,17.719999313354492,17.8799991607666,17.450000762939453,17.450000762939453,14.3220853805542,8473830
2021-05-18,17.549999237060547,18.059999465942383,17.540000915527344,17.959999084472656,14.740666389465332,12847740
2021-05-20,17.799999237060547,17.850000381469727,17.43000030517578,17.450000762939453,14.3220853805542,9713590
2021-05-21,17.520000457763672,17.65999984741211,17.219999313354492,17.219999313354492,14.133312225341797,9525980
2021-05-24,17.309999465942383,17.43000030517578,16.950000762939453,16.979999542236328,13.936333656311035,7583480
2021-05-25,17.1299991607666,17.559999465942383,16.5,16.56999969482422,13.599824905395508,16909650
2021-05-26,16.809999465942383,17.0,16.40999984741211,16.8700008392334,13.846051216125488,11585840
2021-05-27,16.940000534057617,17.40999984741211,16.84000015258789,17.229999542236328,14.141520500183105,15870810
2021-05-28,17.239999771118164,17.709999084472656,17.030000686645508,17.200000762939453,14.116898536682129,14955010
2021-05-31,17.200000762939453,17.579999923706055,16.940000534057617,17.389999389648438,14.272839546203613,10079790
2021-06-01,17.40999984741211,17.799999237060547,17.209999084472656,17.219999313354492,14.133312225341797,9692440
2021-06-02,17.079999923706055,17.670000076293945,16.989999771118164,17.450000762939453,14.3220853805542,9602450
2021-06-03,17.450000762939453,17.649999618530273,17.170000076293945,17.459999084472656,14.330291748046875,6475860
2021-06-04,17.489999771118164,18.0,17.43000030517578,17.899999618530273,14.691423416137695,12470690
2021-06-07,17.920000076293945,18.059999465942383,17.65999984741211,17.68000030517578,14.510857582092285,6929890
2021-06-08,17.75,17.93000030517578,17.559999465942383,17.709999084472656,14.535479545593262,5723860
2021-06-09,17.719999313354492,18.309999465942383,17.670000076293945,18.149999618530273,14.89660930633545,17232670
2021-06-10,18.170000076293945,18.31999969482422,17.920000076293945,17.950000762939453,14.732462882995605,8753230
2021-06-11,18.030000686645508,18.549999237060547,17.8700008392334,18.440000534057617,15.134628295898438,11067470
2021-06-14,18.469999313354492,18.600000381469727,17.799999237060547,17.8799991607666,14.675007820129395,12466840
2021-06-15,17.8799991607666,18.010000228881836,17.5,17.520000457763672,14.379538536071777,6262520
2021-06-16,17.530000686645508,17.860000610351562,17.299999237060547,17.670000076293945,14.50265121459961,12877690
2021-06-17,17.540000915527344,17.68000030517578,17.18000030517578,17.209999084472656,14.125103950500488,6503830
2021-06-18,17.299999237060547,17.5,16.93000030517578,17.030000686645508,13.977370262145996,5879150
2021-06-21,16.979999542236328,17.239999771118164,16.770000457763672,17.15999984741211,14.084067344665527,5826180
2021-06-22,17.239999771118164,17.3799991607666,16.969999313354492,17.260000228881836,14.166143417358398,5649600
2021-06-23,17.299999237060547,17.489999771118164,17.149999618530273,17.170000076293945,14.092275619506836,5426890
2021-06-24,17.209999084472656,17.40999984741211,17.06999969482422,17.209999084472656,14.125103950500488,5743340
2021-06-25,17.260000228881836,17.290000915527344,16.719999313354492,16.729999542236328,13.731144905090332,6781090
2021-06-28,16.780000686645508,17.049999237060547,16.540000915527344,16.649999618530273,13.665483474731445,6906870
2021-06-29,16.610000610351562,17.25,16.5,17.059999465942383,14.001992225646973,14263080
2021-06-30,16.989999771118164,17.3700008392334,16.760000228881836,17.020000457763672,13.969162940979004,18226040
2021-07-01,16.899999618530273,17.3700008392334,16.889999389648438,17.299999237060547,14.19897174835205,11813040
2021-07-02,17.299999237060547,17.6299991607666,17.100000381469727,17.420000076293945,14.297462463378906,10219220
2021-07-05,17.420000076293945,17.520000457763672,17.200000762939453,17.399999618530273,14.281048774719238,6477510
2021-07-06,17.420000076293945,17.559999465942383,17.010000228881836,17.010000228881836,13.960955619812012,7250700
2021-07-07,17.100000381469727,17.43000030517578,17.09000015258789,17.360000610351562,14.248217582702637,7769610
2021-07-08,17.229999542236328,17.469999313354492,17.040000915527344,17.290000915527344,14.190766334533691,9337740
2021-07-09,17.290000915527344,17.549999237060547,17.219999313354492,17.440000534057617,14.313879013061523,7707890
2021-07-12,17.399999618530273,17.579999923706055,17.079999923706055,17.270000457763672,14.174351692199707,6424950
2021-07-13,17.280000686645508,17.299999237060547,16.81999969482422,16.8799991607666,13.854256629943848,5941540
2021-07-14,17.0,17.549999237060547,17.0,17.549999237060547,14.404158592224121,13987710
2021-07-16,17.549999237060547,17.780000686645508,17.110000610351562,17.18000030517578,14.100482940673828,7741690
2021-07-19,17.1299991607666,17.209999084472656,16.969999313354492,16.989999771118164,13.944540023803711,1829330
2021-07-26,17.170000076293945,17.350000381469727,16.899999618530273,16.920000076293945,13.887086868286133,6550950
2021-07-27,16.899999618530273,17.0,16.65999984741211,16.93000030517578,13.895296096801758,5669820
2021-07-28,16.920000076293945,17.209999084472656,16.799999237060547,16.850000381469727,13.829636573791504,8883020
2021-07-29,16.959999084472656,17.25,16.959999084472656,17.09000015258789,14.02661418914795,7668490
2021-07-30,17.049999237060547,17.280000686645508,16.959999084472656,17.280000686645508,14.182558059692383,6763220
2021-08-02,17.309999465942383,17.8700008392334,17.309999465942383,17.40999984741211,14.289255142211914,9616240
2021-08-03,17.530000686645508,17.59000015258789,17.110000610351562,17.520000457763672,14.379538536071777,10915060
2021-08-04,17.6299991607666,17.829999923706055,17.420000076293945,17.420000076293945,14.297462463378906,12017230
2021-08-05,17.43000030517578,18.040000915527344,17.3700008392334,18.040000915527344,14.806327819824219,19056100
2021-08-06,18.149999618530273,18.18000030517578,17.700000762939453,17.729999542236328,14.551895141601562,18934640
2021-08-09,17.84000015258789,18.100000381469727,17.350000381469727,17.350000381469727,14.240010261535645,19082960
2021-08-10,17.3799991607666,17.579999923706055,17.360000610351562,17.440000534057617,14.313879013061523,12179740
2021-08-11,17.459999084472656,17.540000915527344,17.15999984741211,17.15999984741211,14.084067344665527,10732330
2021-08-12,17.260000228881836,17.950000762939453,17.260000228881836,17.8799991607666,14.675007820129395,16551880
2021-08-13,18.100000381469727,18.149999618530273,17.770000457763672,18.1299991607666,14.880192756652832,13844640
2021-08-16,18.170000076293945,18.270000457763672,17.610000610351562,17.760000228881836,14.576518058776855,10148190
2021-08-17,17.780000686645508,18.030000686645508,17.600000381469727,17.860000610351562,14.65859317779541,11332310
2021-08-18,17.899999618530273,17.920000076293945,17.329999923706055,17.329999923706055,14.22359561920166,12121830
2021-08-19,17.260000228881836,17.260000228881836,17.0,17.09000015258789,14.02661418914795,10470020
2021-08-20,17.0,17.18000030517578,16.989999771118164,17.079999923706055,14.018406867980957,8091910
2021-08-23,17.200000762939453,17.260000228881836,16.979999542236328,16.989999771118164,13.944540023803711,6459750
2021-08-24,17.049999237060547,17.110000610351562,16.950000762939453,16.950000762939453,13.911709785461426,6381360
2021-08-25,16.959999084472656,17.079999923706055,16.790000915527344,16.989999771118164,13.944540023803711,10861350
2021-08-26,17.0,17.100000381469727,16.75,16.760000228881836,13.755767822265625,6576770
2021-08-27,16.81999969482422,16.90999984741211,16.670000076293945,16.8799991607666,13.854256629943848,10433240
2021-08-31,16.940000534057617,17.18000030517578,16.920000076293945,17.18000030517578,14.100482940673828,13234850
2021-09-01,17.25,17.280000686645508,16.979999542236328,17.010000228881836,13.960955619812012,7068950
2021-09-02,17.010000228881836,17.170000076293945,16.979999542236328,17.030000686645508,13.977370262145996,6275720
2021-09-03,17.030000686645508,17.059999465942383,16.850000381469727,17.010000228881836,13.960955619812012,7046590
2021-09-06,17.100000381469727,17.100000381469727,16.959999084472656,16.989999771118164,13.944540023803711,4307360
2021-09-07,16.989999771118164,17.100000381469727,16.729999542236328,16.729999542236328,13.731144905090332,5394400
2021-09-08,16.760000228881836,16.799999237060547,16.469999313354492,16.579999923706055,13.608033180236816,6515900
2021-09-09,16.600000381469727,16.989999771118164,16.530000686645508,16.959999084472656,13.919918060302734,13033480
2021-09-10,17.020000457763672,17.450000762939453,16.959999084472656,17.1200008392334,14.051238059997559,20771560
2021-09-13,17.15999984741211,17.190000534057617,16.8799991607666,17.0,13.952747344970703,6019920
2021-09-14,17.030000686645508,17.06999969482422,16.739999771118164,16.8799991607666,13.854256629943848,8930390
2021-09-15,16.81999969482422,17.06999969482422,16.639999389648438,16.639999389648438,13.65727710723877,9962200
2021-09-16,16.690000534057617,16.950000762939453,16.520000457763672,16.729999542236328,13.731144905090332,10611290
2021-09-17,16.799999237060547,16.860000610351562,16.559999465942383,16.610000610351562,13.63265609741211,8910280
2021-09-20,16.530000686645508,16.649999618530273,16.290000915527344,16.520000457763672,13.558788299560547,7603550
2021-09-21,16.600000381469727,16.709999084472656,16.010000228881836,16.010000228881836,13.140205383300781,10994420
2021-09-22,16.040000915527344,16.239999771118164,15.949999809265137,16.229999542236328,13.320768356323242,6743370
2021-09-23,16.18000030517578,16.420000076293945,16.049999237060547,16.260000228881836,13.345393180847168,9708800
2021-09-24,16.170000076293945,16.18000030517578,15.970000267028809,15.979999542236328,13.115582466125488,6686490
2021-09-27,16.079999923706055,16.420000076293945,16.0,16.170000076293945,13.271526336669922,11072520
2021-09-28,16.170000076293945,16.3799991607666,15.989999771118164,15.989999771118164,13.12378978729248,7189460
2021-09-29,16.149999618530273,16.280000686645508,16.079999923706055,16.100000381469727,13.21407413482666,7973830
2021-09-30,16.100000381469727,16.719999313354492,16.100000381469727,16.709999084472656,13.714730262756348,16329620
2021-10-01,16.68000030517578,16.68000030517578,16.229999542236328,16.270000457763672,13.353599548339844,13074680
2021-10-04,16.290000915527344,16.3700008392334,16.0,16.0,13.131999015808105,9675790
2021-10-05,16.030000686645508,16.030000686645508,15.520000457763672,15.520000457763672,12.738039016723633,11942180
2021-10-06,15.529999732971191,15.609999656677246,15.199999809265137,15.199999809265137,12.475397109985352,11370620
2021-10-07,15.300000190734863,15.630000114440918,15.300000190734863,15.369999885559082,12.614925384521484,15633780
2021-10-08,15.399999618530273,15.630000114440918,15.329999923706055,15.430000305175781,12.664170265197754,10306930
2021-10-11,15.4399995803833,16.209999084472656,15.4399995803833,16.139999389648438,13.246903419494629,19415830
2021-10-12,16.1200008392334,16.360000610351562,16.049999237060547,16.149999618530273,13.255110740661621,21746090
2021-10-13,16.290000915527344,17.760000228881836,16.25,17.760000228881836,14.576518058776855,95547330
2021-10-14,17.790000915527344,18.139999389648438,16.920000076293945,17.030000686645508,13.977370262145996,68878020
2021-10-15,17.1299991607666,17.3700008392334,16.540000915527344,16.540000915527344,13.575203895568848,34455380
2021-10-18,16.56999969482422,16.81999969482422,16.5,16.639999389648438,13.65727710723877,22798960
2021-10-19,16.75,17.469999313354492,16.75,17.020000457763672,13.969162940979004,51443630
2021-10-20,17.139999389648438,17.739999771118164,16.920000076293945,17.68000030517578,14.510857582092285,39224320
2021-10-21,17.649999618530273,19.440000534057617,17.530000686645508,18.860000610351562,15.47934341430664,99202640
2021-10-22,18.899999618530273,19.219999313354492,18.479999542236328,18.700000762939453,15.3480224609375,40236440
2021-10-25,18.600000381469727,19.309999465942383,18.520000457763672,18.860000610351562,15.47934341430664,36039920
2021-10-26,19.100000381469727,19.149999618530273,18.84000015258789,18.899999618530273,15.512173652648926,24852700
2021-10-27,18.950000762939453,19.459999084472656,18.729999542236328,18.81999969482422,15.446511268615723,38821410
2021-10-28,18.899999618530273,19.040000915527344,18.549999237060547,18.559999465942383,15.233119010925293,13007610
2021-11-01,18.59000015258789,19.309999465942383,18.510000228881836,19.25,15.799437522888184,32860450
2021-11-02,19.270000457763672,19.56999969482422,19.059999465942383,19.309999465942383,15.848677635192871,39346820
2021-11-03,19.360000610351562,20.270000457763672,18.90999984741211,20.200000762939453,16.579145431518555,69361990
2021-11-04,20.34000015258789,20.559999465942383,20.1200008392334,20.139999389648438,16.5299015045166,21714430
2021-11-05,20.200000762939453,20.360000610351562,19.8799991607666,19.940000534057617,16.365753173828125,15365640
2021-11-08,19.889999389648438,20.09000015258789,19.530000686645508,19.93000030517578,16.357545852661133,19202130
2021-11-09,20.079999923706055,20.75,19.979999542236328,20.43000030517578,16.767921447753906,27653400
2021-11-10,20.5,20.56999969482422,20.06999969482422,20.350000381469727,16.702259063720703,19880220
2021-11-11,20.350000381469727,21.200000762939453,20.31999969482422,20.950000762939453,17.194711685180664,26979250
2021-11-12,21.079999923706055,21.420000076293945,20.90999984741211,21.40999984741211,17.572256088256836,17960880
2021-11-15,21.84000015258789,22.549999237060547,21.770000457763672,22.030000686645508,18.08112144470215,26437950
2021-11-16,22.06999969482422,22.3700008392334,21.229999542236328,21.229999542236328,17.42452049255371,20062900
2021-11-17,21.260000228881836,22.290000915527344,21.25,22.260000228881836,18.269893646240234,23940170
2021-11-18,22.350000381469727,22.649999618530273,21.760000228881836,22.549999237060547,18.507909774780273,29407590
2021-11-19,22.5,22.610000610351562,21.90999984741211,22.299999237060547,18.609716415405273,18392550
2021-11-22,22.459999084472656,23.309999465942383,22.329999923706055,23.239999771118164,19.394166946411133,25841630
2021-11-23,23.239999771118164,24.889999389648438,22.90999984741211,23.75,19.819766998291016,45069310
2021-11-24,24.200000762939453,24.559999465942383,22.739999771118164,23.399999618530273,19.52768898010254,33162870
2021-11-25,23.420000076293945,24.5,23.170000076293945,24.34000015258789,20.3121337890625,30385130
2021-11-26,24.290000915527344,24.450000762939453,23.639999389648438,23.899999618530273,19.944948196411133,24430230
2021-11-29,24.010000228881836,24.760000228881836,23.739999771118164,24.649999618530273,20.570833206176758,17282110
2021-11-30,24.700000762939453,24.850000381469727,24.270000457763672,24.600000381469727,20.529109954833984,16585750
2021-12-01,24.760000228881836,25.65999984741211,24.389999389648438,24.600000381469727,20.529109954833984,24102480
2021-12-02,25.09000015258789,25.739999771118164,24.899999618530273,25.350000381469727,21.154996871948242,22514090
2021-12-03,25.559999465942383,26.100000381469727,25.479999542236328,26.0,21.697431564331055,19493870
2021-12-06,26.049999237060547,26.209999084472656,25.31999969482422,25.40999984741211,21.20506477355957,16234000
2021-12-07,25.579999923706055,25.969999313354492,25.399999618530273,25.809999465942383,21.53887367248535,17715220
2021-12-08,25.950000762939453,26.079999923706055,25.479999542236328,25.760000228881836,21.497148513793945,15377460
2021-12-09,25.799999237060547,26.799999237060547,25.700000762939453,26.270000457763672,21.92275047302246,20759170
2021-12-10,26.280000686645508,26.280000686645508,25.3700008392334,25.850000381469727,21.572254180908203,13583390
2021-12-13,26.200000762939453,26.760000228881836,26.110000610351562,26.709999084472656,22.289936065673828,16279900
2021-12-14,26.959999084472656,28.229999542236328,26.959999084472656,28.229999542236328,23.55840492248535,18056860
2021-12-15,28.600000381469727,28.93000030517578,27.799999237060547,28.15999984741211,23.49998664855957,19383470
2021-12-16,28.59000015258789,29.950000762939453,28.1299991607666,29.950000762939453,24.993772506713867,21196980
2021-12-17,30.520000457763672,31.540000915527344,26.959999084472656,26.959999084472656,22.49856948852539,32983020
2021-12-20,26.0,28.290000915527344,24.760000228881836,27.950000762939453,23.324737548828125,23314170
2021-12-21,27.950000762939453,28.510000228881836,25.15999984741211,25.15999984741211,20.996440887451172,16118260
2021-12-22,24.0,25.139999389648438,22.649999618530273,22.649999618530273,18.90180015563965,27259510
2021-12-23,22.8700008392334,23.5,20.510000228881836,22.200000762939453,18.526268005371094,23321690
2021-12-24,22.34000015258789,24.309999465942383,21.860000610351562,24.309999465942383,20.287099838256836,16876290
2021-12-27,24.309999465942383,25.43000030517578,23.8799991607666,24.40999984741211,20.37055015563965,17399440
2021-12-28,24.649999618530273,24.8799991607666,23.420000076293945,23.809999465942383,19.86983871459961,9728750
2021-12-29,24.190000534057617,24.5,23.639999389648438,24.290000915527344,20.270408630371094,10539480
2021-12-30,24.450000762939453,24.68000030517578,23.760000228881836,23.940000534057617,19.978328704833984,10552020
2021-12-31,24.0,24.309999465942383,23.65999984741211,23.809999465942383,19.86983871459961,7537860
2022-01-03,24.0,25.389999389648438,23.950000762939453,25.18000030517578,21.01312828063965,16634340
2022-01-04,25.290000915527344,25.959999084472656,24.969999313354492,25.459999084472656,21.246788024902344,16272460
2022-01-05,25.5,26.15999984741211,25.299999237060547,26.09000015258789,21.772537231445312,11462940
2022-01-06,25.760000228881836,26.40999984741211,25.549999237060547,25.8799991607666,21.5972900390625,15769410
2022-01-07,26.049999237060547,26.34000015258789,25.219999313354492,25.690000534057617,21.438732147216797,11447940
2022-01-10,25.81999969482422,26.139999389648438,25.270000457763672,25.270000457763672,21.08823585510254,8789540
2022-01-11,25.549999237060547,25.649999618530273,24.59000015258789,25.450000762939453,21.238447189331055,13515470
2022-01-12,25.709999084472656,25.90999984741211,25.229999542236328,25.389999389648438,21.188377380371094,9200450
2022-01-13,25.5,27.65999984741211,25.5,27.559999465942383,22.99927520751953,29349300
2022-01-14,27.559999465942383,27.8700008392334,26.559999465942383,27.260000228881836,22.748924255371094,20856500
2022-01-17,27.399999618530273,27.600000381469727,26.610000610351562,26.6299991607666,22.223175048828125,13836270
2022-01-18,26.530000686645508,26.81999969482422,25.270000457763672,25.270000457763672,21.08823585510254,12398190
2022-01-19,25.1299991607666,27.1299991607666,24.979999542236328,27.040000915527344,22.56532859802246,26835420
2022-01-20,27.06999969482422,27.34000015258789,25.889999389648438,26.309999465942383,21.95612907409668,19887300
2022-01-21,26.209999084472656,26.40999984741211,25.530000686645508,25.760000228881836,21.497148513793945,15277480
2022-01-24,25.59000015258789,25.59000015258789,23.8700008392334,23.93000030517578,19.969980239868164,17864210
2022-01-25,24.239999771118164,25.0,23.350000381469727,24.790000915527344,20.687664031982422,19783110
2022-01-26,24.850000381469727,25.18000030517578,24.299999237060547,24.299999237060547,20.278751373291016,13315630
2022-01-27,23.809999465942383,25.020000457763672,23.5,25.020000457763672,20.879606246948242,13701720
2022-01-28,25.110000610351562,25.3799991607666,24.649999618530273,24.860000610351562,20.746084213256836,11982110
2022-01-31,25.139999389648438,25.329999923706055,24.799999237060547,24.799999237060547,20.696012496948242,7774760
2022-02-01,24.969999313354492,25.670000076293945,24.90999984741211,25.239999771118164,21.06319808959961,11625240
2022-02-02,25.399999618530273,25.459999084472656,24.459999084472656,24.469999313354492,20.420621871948242,11049390
2022-02-03,24.5,24.770000457763672,23.790000915527344,23.989999771118164,20.020051956176758,8153750
2022-02-04,24.1200008392334,24.270000457763672,23.450000762939453,23.579999923706055,19.677902221679688,8411360
2022-02-07,23.579999923706055,24.290000915527344,22.799999237060547,24.290000915527344,20.270408630371094,15869230
2022-02-08,24.290000915527344,24.700000762939453,24.020000457763672,24.459999084472656,20.412277221679688,17648340
2022-02-09,24.690000534057617,25.25,24.530000686645508,24.899999618530273,20.779462814331055,15926900
2022-02-10,25.09000015258789,25.209999084472656,24.229999542236328,24.489999771118164,20.43731117248535,12306620
2022-02-11,24.290000915527344,25.139999389648438,24.149999618530273,25.09000015258789,20.938024520874023,14526020
2022-02-14,24.639999389648438,24.940000534057617,23.899999618530273,24.219999313354492,20.211992263793945,14858910
2022-02-15,24.299999237060547,25.93000030517578,24.299999237060547,25.3700008392334,21.171688079833984,24366560
2022-02-16,26.100000381469727,26.649999618530273,25.780000686645508,26.469999313354492,22.08965301513672,31096290
2022-02-17,26.700000762939453,27.219999313354492,26.190000534057617,26.190000534057617,21.855987548828125,26112370
2022-02-18,26.489999771118164,26.719999313354492,25.850000381469727,26.489999771118164,22.10634422302246,13004310
2022-02-21,26.600000381469727,27.309999465942383,26.43000030517578,27.0,22.53194808959961,29671140
2022-02-22,26.260000228881836,26.899999618530273,25.969999313354492,26.739999771118164,22.31497573852539,21688520
2022-02-23,26.979999542236328,27.149999618530273,26.299999237060547,26.469999313354492,22.08965301513672,15012170
2022-02-24,24.299999237060547,25.0,23.829999923706055,23.829999923706055,19.88652992248535,18923010
2022-02-25,24.549999237060547,26.15999984741211,24.40999984741211,26.0,21.697431564331055,18902510
2022-02-28,25.799999237060547,27.600000381469727,25.489999771118164,26.959999084472656,22.49856948852539,28686910
2022-03-01,27.200000762939453,27.5,26.219999313354492,26.389999389648438,22.02289581298828,16451110
2022-03-02,26.399999618530273,26.670000076293945,25.530000686645508,25.700000762939453,21.44707679748535,13530680
2022-03-03,26.0,26.350000381469727,25.649999618530273,26.030000686645508,21.722469329833984,14154980
2022-03-04,25.93000030517578,25.93000030517578,24.989999771118164,24.989999771118164,20.854572296142578,11363100
2022-03-07,24.989999771118164,25.049999237060547,24.030000686645508,24.610000610351562,20.53745460510254,14907910
2022-03-08,24.299999237060547,24.59000015258789,24.079999923706055,24.079999923706055,20.095163345336914,14289020
2022-03-09,24.34000015258789,24.81999969482422,24.239999771118164,24.270000457763672,20.25371742248535,17551230
2022-03-10,24.489999771118164,24.799999237060547,23.510000228881836,23.75,19.819766998291016,27109090
2022-03-11,23.81999969482422,24.56999969482422,23.809999465942383,24.389999389648438,20.35386085510254,23048450
2022-03-14,24.920000076293945,26.81999969482422,24.81999969482422,26.81999969482422,22.381732940673828,47042370
2022-03-15,27.239999771118164,28.299999237060547,26.469999313354492,27.31999969482422,22.798992156982422,81444470
2022-03-16,27.700000762939453,28.649999618530273,27.56999969482422,28.649999618530273,23.908899307250977,47652640
2022-03-17,28.899999618530273,31.100000381469727,28.600000381469727,30.31999969482422,25.30254364013672,60781920
2022-03-18,30.31999969482422,30.760000228881836,29.459999084472656,29.459999084472656,24.58485984802246,32819110
2022-03-21,29.700000762939453,30.100000381469727,29.1299991607666,29.950000762939453,24.993772506713867,23372840
2022-03-22,30.049999237060547,31.190000534057617,29.75,31.190000534057617,26.028573989868164,34999890
2022-03-23,31.56999969482422,32.279998779296875,30.68000030517578,31.600000381469727,26.370725631713867,38841270
2022-03-24,30.600000381469727,30.790000915527344,29.719999313354492,29.799999237060547,25.935564041137695,27518290
2022-03-25,29.850000381469727,30.399999618530273,29.299999237060547,29.299999237060547,25.500402450561523,19926850
2022-03-28,29.3700008392334,29.829999923706055,28.920000076293945,29.100000381469727,25.326339721679688,22171220
2022-03-29,29.299999237060547,29.989999771118164,29.260000228881836,29.709999084472656,25.857234954833984,22241830
2022-03-30,29.950000762939453,30.31999969482422,29.65999984741211,30.170000076293945,26.257583618164062,19486190
2022-03-31,30.299999237060547,30.440000534057617,29.809999465942383,29.8700008392334,25.99648666381836,11212230
2022-04-01,29.989999771118164,30.229999542236328,29.739999771118164,30.1200008392334,26.214065551757812,12377090
2022-04-04,30.350000381469727,31.0,30.309999465942383,31.0,26.979949951171875,24830670
2022-04-05,31.350000381469727,32.290000915527344,30.969999313354492,31.389999389648438,27.31937599182129,28800180
2022-04-06,31.5,32.18000030517578,31.229999542236328,31.530000686645508,27.441221237182617,32643320
2022-04-07,31.790000915527344,31.889999389648438,31.170000076293945,31.190000534057617,27.145313262939453,30169970
2022-04-08,31.3799991607666,31.420000076293945,30.559999465942383,30.809999465942383,26.814590454101562,22085250
2022-04-11,30.889999389648438,30.889999389648438,30.3700008392334,30.600000381469727,26.631824493408203,24462150
2022-04-12,30.59000015258789,31.040000915527344,30.270000457763672,30.549999237060547,26.58830451965332,27510050
2022-04-13,30.610000610351562,30.959999084472656,30.110000610351562,30.200000762939453,26.283693313598633,28438910
2022-04-14,30.399999618530273,30.610000610351562,30.190000534057617,30.229999542236328,26.30980110168457,12818310
2022-04-15,30.290000915527344,30.84000015258789,30.290000915527344,30.600000381469727,26.631824493408203,16412710
2022-04-18,30.84000015258789,31.450000762939453,30.790000915527344,31.209999084472656,27.162715911865234,33610440
2022-04-19,31.309999465942383,31.360000610351562,30.739999771118164,30.969999313354492,26.953838348388672,18895720
2022-04-20,30.989999771118164,31.389999389648438,30.579999923706055,31.100000381469727,27.066980361938477,19726910
2022-04-21,31.219999313354492,31.670000076293945,31.15999984741211,31.25,27.197528839111328,17989420
2022-04-22,31.1200008392334,31.309999465942383,29.950000762939453,30.139999389648438,26.231473922729492,15204140
2022-04-25,30.0,30.709999084472656,29.360000610351562,30.489999771118164,26.536087036132812,16888860
2022-04-26,30.649999618530273,30.959999084472656,29.540000915527344,29.969999313354492,26.083518981933594,21232110
2022-04-27,30.170000076293945,30.450000762939453,29.809999465942383,30.450000762939453,26.50127410888672,14946800
2022-04-28,30.450000762939453,30.8799991607666,29.610000610351562,29.700000762939453,25.848533630371094,20289800
2022-04-29,29.899999618530273,30.149999618530273,29.459999084472656,29.889999389648438,26.013893127441406,14703920
2022-05-05,30.18000030517578,30.40999984741211,29.809999465942383,29.93000030517578,26.048707962036133,16726880
2022-05-06,29.920000076293945,30.110000610351562,29.209999084472656,29.5,25.674467086791992,16383240
2022-05-09,29.510000228881836,29.81999969482422,29.149999618530273,29.59000015258789,25.752798080444336,15153320
2022-05-10,29.75,29.850000381469727,29.559999465942383,29.75,25.892047882080078,2619020
2022-05-11,30.299999237060547,30.3700008392334,29.25,29.360000610351562,25.552623748779297,18119270
2022-05-12,29.100000381469727,29.100000381469727,27.90999984741211,28.479999542236328,24.786741256713867,17657730
2022-05-13,28.75,28.850000381469727,28.139999389648438,28.200000762939453,24.54305076599121,13496520
2022-05-16,28.200000762939453,28.489999771118164,27.68000030517578,27.979999542236328,24.351579666137695,21994940
2022-05-17,28.040000915527344,28.229999542236328,27.799999237060547,27.899999618530273,24.281953811645508,15858070
2022-05-18,27.899999618530273,28.299999237060547,27.75,27.8700008392334,24.25584602355957,13469050
2022-05-20,27.8700008392334,27.8700008392334,27.350000381469727,27.350000381469727,23.80327606201172,9579550
2022-05-23,27.5,28.389999389648438,27.329999923706055,28.389999389648438,24.708410263061523,16683250
2022-05-24,28.479999542236328,28.860000610351562,28.030000686645508,28.1200008392334,24.473424911499023,18686530
2022-05-25,28.209999084472656,28.5,28.040000915527344,28.329999923706055,24.656190872192383,13033150
2022-05-26,28.3700008392334,28.6200008392334,28.290000915527344,28.299999237060547,24.630083084106445,13062740
2022-05-27,28.360000610351562,29.040000915527344,28.100000381469727,28.510000228881836,24.812850952148438,21793520
2022-05-30,28.68000030517578,30.5,28.559999465942383,30.100000381469727,26.19666290283203,46018740
2022-05-31,30.239999771118164,31.399999618530273,30.139999389648438,30.959999084472656,26.94513511657715,41018270
2022-06-01,31.0,31.309999465942383,30.559999465942383,30.600000381469727,26.631824493408203,23549620
2022-06-02,30.719999313354492,31.549999237060547,30.56999969482422,31.290000915527344,27.232343673706055,26877380
2022-06-03,31.389999389648438,31.649999618530273,31.049999237060547,31.1200008392334,27.084392547607422,19589380
2022-06-06,31.25,31.860000610351562,31.15999984741211,31.649999618530273,27.545658111572266,23138360
2022-06-07,31.700000762939453,31.729999542236328,30.719999313354492,31.020000457763672,26.99735450744629,24399300
2022-06-08,31.200000762939453,31.8799991607666,29.639999389648438,29.639999389648438,25.79631233215332,29452010
2022-06-09,29.75,30.459999084472656,29.25,29.719999313354492,25.86594009399414,20846420
2022-06-10,29.399999618530273,30.43000030517578,29.219999313354492,29.75,25.892047882080078,17375190
2022-06-13,29.75,29.829999923706055,28.700000762939453,28.700000762939453,24.978212356567383,16084720
2022-06-14,28.989999771118164,29.200000762939453,28.5,28.860000610351562,25.117464065551758,12461240
2022-06-15,28.950000762939453,29.440000534057617,28.829999923706055,29.399999618530273,25.587434768676758,10224040
2022-06-16,29.5,29.670000076293945,28.43000030517578,28.56999969482422,24.865068435668945,13586240
2022-06-17,28.700000762939453,29.15999984741211,28.489999771118164,29.15999984741211,25.378559112548828,11276590
2022-06-20,29.43000030517578,29.6299991607666,28.979999542236328,29.309999465942383,25.509105682373047,10918150
2022-06-21,29.520000457763672,30.34000015258789,29.43000030517578,30.270000457763672,26.344615936279297,13816340
2022-06-22,30.200000762939453,31.84000015258789,29.979999542236328,30.959999084472656,26.94513511657715,39594720
2022-06-23,31.0,31.270000457763672,30.200000762939453,30.200000762939453,26.283693313598633,16498100
2022-06-24,30.34000015258789,30.600000381469727,29.770000457763672,29.899999618530273,26.022598266601562,12380200
2022-06-27,29.299999237060547,30.18000030517578,28.920000076293945,29.989999771118164,26.10092544555664,13421510
2022-06-28,30.0,30.299999237060547,28.6200008392334,28.799999237060547,25.065244674682617,22888810
2022-06-29,28.790000915527344,28.790000915527344,27.110000610351562,27.110000610351562,23.594402313232422,21177800
2022-06-30,27.149999618530273,27.280000686645508,26.329999923706055,26.700000762939453,23.237571716308594,23231410
2022-07-01,27.25,27.68000030517578,26.860000610351562,27.149999618530273,23.629215240478516,17014570
2022-07-04,27.450000762939453,27.790000915527344,26.559999465942383,26.559999465942383,23.115726470947266,15577930
2022-07-05,26.760000228881836,26.850000381469727,25.530000686645508,25.6200008392334,22.297624588012695,19670060
2022-07-06,25.799999237060547,26.440000534057617,25.6299991607666,26.43000030517578,23.002586364746094,15917420
2022-07-07,26.450000762939453,27.100000381469727,26.239999771118164,27.010000228881836,23.507369995117188,15549170
2022-07-08,26.989999771118164,27.530000686645508,26.860000610351562,27.399999618530273,23.84679412841797,5530760
2022-07-13,27.389999389648438,27.600000381469727,26.030000686645508,26.25,22.84592628479004,21761720
2022-07-14,26.170000076293945,26.31999969482422,25.579999923706055,25.799999237060547,22.454280853271484,14074130
2022-07-18,26.079999923706055,26.299999237060547,25.959999084472656,26.1299991607666,22.741485595703125,15890700
2022-07-19,26.1299991607666,26.389999389648438,25.950000762939453,26.139999389648438,22.750186920166016,18771980
2022-07-20,26.219999313354492,26.299999237060547,25.940000534057617,26.170000076293945,22.77629852294922,21305830
2022-07-21,26.25,27.100000381469727,26.229999542236328,26.579999923706055,23.13313102722168,27893840
2022-07-22,26.739999771118164,27.1299991607666,26.5,26.600000381469727,23.15053939819336,16179260
2022-07-25,26.719999313354492,27.940000534057617,26.56999969482422,27.549999237060547,23.977344512939453,23966250
2022-07-26,27.8700008392334,28.670000076293945,27.510000228881836,28.600000381469727,24.891178131103516,28705410
2022-07-27,28.670000076293945,29.149999618530273,28.079999923706055,28.1299991607666,24.482128143310547,24576230
2022-07-28,28.469999313354492,28.8700008392334,28.31999969482422,28.5,24.804147720336914,21086490
2022-07-29,28.809999465942383,30.5,28.739999771118164,30.280000686645508,26.353321075439453,47707330
2022-08-01,30.450000762939453,30.780000686645508,30.170000076293945,30.309999465942383,26.37942886352539,23805910
2022-08-02,30.34000015258789,31.350000381469727,30.190000534057617,30.959999084472656,26.94513511657715,32480070
2022-08-03,31.059999465942383,31.219999313354492,30.5,30.790000915527344,26.797182083129883,19807530
2022-08-04,31.079999923706055,31.59000015258789,31.020000457763672,31.209999084472656,27.162715911865234,24772610
2022-08-05,31.290000915527344,31.6200008392334,30.799999237060547,31.43000030517578,27.35418701171875,21764670
2022-08-08,31.5,32.5,31.329999923706055,32.400001525878906,28.198402404785156,26736240
2022-08-09,32.5099983215332,32.83000183105469,31.850000381469727,32.08000183105469,27.919898986816406,21086510
2022-08-10,32.400001525878906,33.06999969482422,31.969999313354492,32.93000030517578,28.659669876098633,25224980
2022-08-11,33.220001220703125,33.56999969482422,32.58000183105469,32.970001220703125,28.694480895996094,17253060
2022-08-12,32.970001220703125,33.9900016784668,32.470001220703125,33.81999969482422,29.434255599975586,26038690
2022-08-15,34.099998474121094,34.36000061035156,33.0099983215332,33.099998474121094,28.807621002197266,16630970
2022-08-16,33.220001220703125,33.880001068115234,32.099998474121094,33.849998474121094,29.46036148071289,24986880
2022-08-17,34.099998474121094,34.20000076293945,33.310001373291016,33.77000045776367,29.3907413482666,16918270
2022-08-18,33.790000915527344,34.70000076293945,32.970001220703125,34.380001068115234,29.921634674072266,33278840
2022-08-19,34.380001068115234,34.5,33.470001220703125,33.47999954223633,29.138341903686523,20021730
2022-08-22,33.470001220703125,33.66999816894531,32.63999938964844,33.22999954223633,28.920764923095703,20044280
2022-08-23,33.22999954223633,34.400001525878906,33.16999816894531,33.88999938964844,29.49517822265625,25079140
2022-08-24,34.099998474121094,34.099998474121094,33.04999923706055,33.04999923706055,28.764108657836914,17830610
2022-08-25,33.2400016784668,33.79999923706055,33.06999969482422,33.5099983215332,29.16445541381836,21492180
2022-08-26,33.58000183105469,34.16999816894531,33.31999969482422,33.88999938964844,29.49517822265625,23068120
2022-08-29,33.880001068115234,34.34000015258789,33.41999816894531,33.869998931884766,29.47776985168457,17447070
2022-08-31,33.900001525878906,34.47999954223633,33.189998626708984,33.189998626708984,28.88595199584961,20945870
2022-09-01,33.20000076293945,33.56999969482422,32.5,32.779998779296875,28.52911949157715,18967880
2022-09-02,32.79999923706055,33.689998626708984,32.79999923706055,33.45000076293945,29.11223602294922,21492800
2022-09-05,33.56999969482422,34.04999923706055,33.380001068115234,33.599998474121094,29.24278450012207,29760210
2022-09-06,33.79999923706055,34.59000015258789,33.29999923706055,33.65999984741211,29.295001983642578,40345050
2022-09-07,33.70000076293945,33.959999084472656,33.15999984741211,33.79999923706055,29.416845321655273,23526120
2022-09-08,34.0,36.34000015258789,34.0,35.099998474121094,30.548263549804688,51339800
2022-09-09,35.400001525878906,36.150001525878906,34.86000061035156,35.099998474121094,30.548263549804688,31931730
2022-09-12,35.5,36.040000915527344,35.18000030517578,35.540000915527344,30.93120574951172,32874120
2022-09-13,36.04999923706055,36.650001525878906,34.33000183105469,34.33000183105469,29.878122329711914,45130150
2022-09-14,34.27000045776367,35.59000015258789,33.5,35.59000015258789,30.97472381591797,26269280
2022-09-15,35.70000076293945,36.209999084472656,35.20000076293945,35.380001068115234,30.79195785522461,18251200
2022-09-16,35.470001220703125,36.119998931884766,35.349998474121094,35.380001068115234,30.79195785522461,16389610
2022-09-19,35.560001373291016,35.560001373291016,33.709999084472656,33.709999084472656,29.338518142700195,12398770
2022-09-20,33.70000076293945,34.900001525878906,33.40999984741211,34.459999084472656,29.991260528564453,17529970
2022-09-21,34.70000076293945,34.95000076293945,33.90999984741211,33.970001220703125,29.564804077148438,12374790
2022-09-22,34.0099983215332,35.5,34.0099983215332,34.810001373291016,30.29587173461914,16578120
2022-09-23,34.86000061035156,34.91999816894531,34.09000015258789,34.279998779296875,29.8346004486084,10199180
2022-09-26,34.20000076293945,34.33000183105469,33.38999938964844,33.59000015258789,29.234081268310547,11650390
2022-09-27,33.59000015258789,34.130001068115234,33.540000915527344,33.650001525878906,29.286300659179688,10200360
2022-09-28,33.599998474121094,33.84000015258789,32.58000183105469,32.81999969482422,28.563932418823242,16575720
2022-09-29,33.0,33.13999938964844,31.350000381469727,32.310001373291016,28.120071411132812,16936260
2022-09-30,32.31999969482422,33.20000076293945,32.209999084472656,32.70000076293945,28.459495544433594,12965350
2022-10-03,32.810001373291016,34.36000061035156,32.79999923706055,34.36000061035156,29.90422821044922,20346060
2022-10-04,34.70000076293945,35.130001068115234,33.880001068115234,34.650001525878906,30.15662384033203,24425280
2022-10-05,35.02000045776367,35.66999816894531,33.810001373291016,34.16999816894531,29.738868713378906,26377660
2022-10-06,34.400001525878906,35.2400016784668,34.400001525878906,34.84000015258789,30.321983337402344,20813710
2022-10-07,34.849998474121094,35.380001068115234,34.41999816894531,35.09000015258789,30.53955841064453,23640800
2022-10-10,35.310001373291016,36.36000061035156,35.310001373291016,35.68000030517578,31.053054809570312,22407150
2022-10-11,35.77000045776367,35.83000183105469,34.720001220703125,34.849998474121094,30.330686569213867,18721360
2022-10-12,34.88999938964844,35.04999923706055,33.5,33.5,29.15575408935547,20142790
2022-10-13,33.70000076293945,34.47999954223633,33.43000030517578,34.220001220703125,29.78238296508789,18749220
2022-10-14,34.790000915527344,34.970001220703125,34.459999084472656,34.54999923706055,30.06958770751953,16951730
2022-10-17,34.849998474121094,36.20000076293945,34.720001220703125,35.900001525878906,31.24452781677246,35134220
2022-10-18,35.900001525878906,37.34000015258789,35.15999984741211,36.81999969482422,32.04521942138672,42396370
2022-10-19,37.20000076293945,37.34000015258789,36.619998931884766,36.619998931884766,31.871150970458984,27139860
2022-10-20,36.70000076293945,37.099998474121094,36.150001525878906,36.540000915527344,31.80152702331543,27090840
2022-10-21,36.900001525878906,37.130001068115234,36.13999938964844,36.22999954223633,31.531726837158203,21821090
2022-10-24,36.400001525878906,38.459999084472656,36.380001068115234,37.56999969482422,32.697959899902344,44926490
2022-10-25,37.68000030517578,37.779998779296875,36.81999969482422,36.83000183105469,32.05392074584961,28028250
2022-10-26,37.09000015258789,37.38999938964844,36.33000183105469,36.529998779296875,31.79281997680664,21233740
2022-10-27,36.689998626708984,37.02000045776367,35.68000030517578,36.06999969482422,31.39247703552246,20856680
2022-10-28,35.9900016784668,36.2400016784668,35.66999816894531,35.689998626708984,31.061756134033203,7692740
2022-10-31,36.08000183105469,36.5,35.619998931884766,36.29999923706055,31.592649459838867,19585550
2022-11-01,36.470001220703125,37.099998474121094,36.36000061035156,36.779998779296875,32.01040267944336,23172730
2022-11-02,36.95000076293945,37.47999954223633,36.58000183105469,37.20000076293945,32.37594223022461,24135850
2022-11-03,35.31999969482422,35.970001220703125,35.279998779296875,35.41999816894531,30.826766967773438,49244550
2022-11-04,35.4900016784668,36.13999938964844,35.4900016784668,36.0,31.331554412841797,29710930
2022-11-07,36.2400016784668,37.54999923706055,36.220001220703125,36.959999084472656,32.16706085205078,40227130
2022-11-08,37.0,37.400001525878906,36.470001220703125,36.529998779296875,31.79281997680664,32149350
2022-11-09,36.54999923706055,36.9900016784668,35.97999954223633,36.38999938964844,31.670982360839844,25041440
2022-11-10,36.439998626708984,37.06999969482422,36.29999923706055,36.79999923706055,32.02781295776367,33537580
2022-11-11,37.209999084472656,38.20000076293945,36.95000076293945,37.15999984741211,32.341129302978516,43738130
2022-11-14,37.36000061035156,39.369998931884766,37.36000061035156,39.349998474121094,34.24713134765625,40049680
2022-11-15,39.599998474121094,41.58000183105469,39.599998474121094,40.20000076293945,34.98690414428711,52516230
2022-11-16,40.5,42.939998626708984,39.63999938964844,41.93000030517578,36.492557525634766,68689850
2022-11-17,41.900001525878906,41.95000076293945,39.810001373291016,40.22999954223633,35.01301193237305,40001600
2022-11-18,40.2599983215332,42.849998474121094,40.20000076293945,42.560001373291016,37.04086685180664,32065290
2022-11-21,43.63999938964844,44.130001068115234,42.15999984741211,43.459999084472656,37.82414627075195,34267440
2022-11-22,43.869998931884766,44.790000915527344,43.81999969482422,44.290000915527344,38.546512603759766,28894830
2022-11-23,44.400001525878906,45.08000183105469,43.900001525878906,44.56999969482422,38.79020690917969,29055330
2022-11-24,45.029998779296875,45.209999084472656,43.599998474121094,44.18000030517578,38.450775146484375,28826360
2022-11-25,44.18000030517578,44.900001525878906,43.5,44.7599983215332,38.95556640625,27070620
2022-11-28,45.099998474121094,45.189998626708984,44.470001220703125,44.59000015258789,38.80760955810547,24160230
2022-11-29,44.81999969482422,44.939998626708984,43.849998474121094,44.380001068115234,38.624847412109375,21511600
2022-11-30,44.0,44.959999084472656,43.84000015258789,44.4900016784668,39.224361419677734,26887190
2022-12-01,44.970001220703125,45.369998931884766,44.2599983215332,44.560001373291016,39.286075592041016,25638200
2022-12-02,44.560001373291016,44.81999969482422,43.970001220703125,44.099998474121094,38.880516052246094,27487120
2022-12-05,44.310001373291016,44.47999954223633,42.4900016784668,42.61000061035156,37.56686782836914,45624360
2022-12-06,42.630001068115234,43.380001068115234,42.459999084472656,42.970001220703125,37.88425827026367,28642850
2022-12-07,43.099998474121094,43.41999816894531,41.150001525878906,41.75,36.80865478515625,31936540
2022-12-08,41.75,42.029998779296875,40.849998474121094,41.630001068115234,36.702857971191406,26213310
2022-12-09,41.720001220703125,43.20000076293945,41.70000076293945,42.880001068115234,37.80491256713867,22806590
2022-12-12,43.099998474121094,44.220001220703125,43.099998474121094,44.04999923706055,38.83643341064453,28842000
2022-12-13,44.189998626708984,44.81999969482422,43.79999923706055,44.25,39.01276779174805,32039730
2022-12-14,44.25,44.68000030517578,42.040000915527344,42.13999938964844,37.152496337890625,34946210
2022-12-15,42.849998474121094,43.369998931884766,41.68000030517578,42.52000045776367,37.487518310546875,23917130
2022-12-16,42.79999923706055,43.689998626708984,42.68000030517578,43.15999984741211,38.05177307128906,11539840
2022-12-19,44.869998931884766,47.0,44.869998931884766,46.9900016784668,41.4284782409668,39878990
2022-12-20,47.0,49.25,46.33000183105469,48.58000183105469,42.830284118652344,44094020
2022-12-21,48.599998474121094,49.599998474121094,48.29999923706055,48.349998474121094,42.627506256103516,35122430
2022-12-22,48.900001525878906,49.400001525878906,48.13999938964844,48.209999084472656,42.50407791137695,21351360
2022-12-23,48.34000015258789,48.459999084472656,47.459999084472656,48.04999923706055,42.36301803588867,18680690
2022-12-26,48.88999938964844,49.45000076293945,48.7400016784668,49.369998931884766,43.52678298950195,20725800
2022-12-27,49.400001525878906,49.689998626708984,48.63999938964844,48.84000015258789,43.059513092041016,16733060
2022-12-28,49.04999923706055,50.65999984741211,47.959999084472656,49.06999969482422,43.26229476928711,37976540
2022-12-29,49.81999969482422,52.599998474121094,49.4900016784668,52.400001525878906,46.19817352294922,49543680
2022-12-30,52.54999923706055,53.220001220703125,52.029998779296875,52.45000076293945,46.24224853515625,32131490
2023-01-02,53.2400016784668,54.529998779296875,52.95000076293945,53.95000076293945,47.564720153808594,25533920
2023-01-03,54.2599983215332,54.5,52.310001373291016,52.63999938964844,46.409759521484375,24238360
2023-01-04,52.63999938964844,52.79999923706055,51.099998474121094,51.15999984741211,45.10493087768555,21145560
2023-01-05,51.31999969482422,51.599998474121094,49.099998474121094,50.11000061035156,44.179203033447266,27483830
2023-01-06,48.70000076293945,50.900001525878906,47.720001220703125,50.11000061035156,44.179203033447266,35318470
2023-01-09,50.09000015258789,50.119998931884766,47.86000061035156,48.29999923706055,42.58342742919922,32461590
2023-01-10,48.279998779296875,48.720001220703125,46.7599983215332,47.900001525878906,42.230770111083984,26145250
2023-01-11,47.900001525878906,48.52000045776367,45.7400016784668,45.849998474121094,40.42339324951172,27014440
2023-01-12,46.66999816894531,47.81999969482422,44.52000045776367,47.560001373291016,41.93101119995117,31439160
2023-01-13,47.560001373291016,48.70000076293945,46.7599983215332,47.25,41.6577033996582,24865470
2023-01-16,47.43000030517578,49.650001525878906,47.11000061035156,49.56999969482422,43.7031135559082,23741310
2023-01-17,49.7400016784668,51.310001373291016,49.650001525878906,51.099998474121094,45.052024841308594,29825630
2023-01-18,51.29999923706055,52.029998779296875,50.4900016784668,51.40999984741211,45.325340270996094,30021310
2023-01-19,51.0,52.09000015258789,50.709999084472656,50.900001525878906,44.87570571899414,26305370
2023-01-20,51.20000076293945,51.45000076293945,50.7599983215332,51.279998779296875,45.210723876953125,15742630
2023-01-23,51.5,53.2400016784668,50.88999938964844,51.52000045776367,45.422325134277344,37488040
2023-01-24,51.599998474121094,52.060001373291016,50.209999084472656,51.27000045776367,45.20191192626953,25763010
2023-01-25,51.4900016784668,51.97999954223633,48.83000183105469,50.63999938964844,44.6464729309082,31707750
2023-01-26,50.63999938964844,51.83000183105469,49.439998626708984,51.290000915527344,45.21954345703125,25663240
2023-01-27,50.79999923706055,52.13999938964844,50.150001525878906,52.11000061035156,45.94248962402344,31574580
2023-01-30,52.220001220703125,53.45000076293945,51.88999938964844,52.900001525878906,46.63899230957031,32659550
2023-01-31,52.619998931884766,52.779998779296875,51.0099983215332,51.0099983215332,44.972679138183594,29739170
2023-02-01,51.209999084472656,51.41999816894531,48.59000015258789,48.59000015258789,42.83910369873047,26310290
2023-02-02,48.599998474121094,51.060001373291016,47.900001525878906,50.900001525878906,44.87570571899414,49161150
2023-02-03,51.029998779296875,53.529998779296875,50.27000045776367,53.5,47.1679801940918,36269800
2023-02-06,52.5,54.38999938964844,50.970001220703125,53.79999923706055,47.432464599609375,10501680
2023-02-07,53.599998474121094,53.599998474121094,48.41999816894531,49.060001373291016,43.253475189208984,24215140
2023-02-08,46.09000015258789,46.09000015258789,46.09000015258789,46.09000015258789,40.63499450683594,10
2023-02-15,53.70000076293945,53.959999084472656,51.02000045776367,53.959999084472656,47.57353210449219,16238760
2023-02-16,58.9900016784668,59.0,54.0,55.29999923706055,48.75493621826172,35090180
2023-02-17,55.119998931884766,56.400001525878906,54.0,54.88999938964844,48.39345932006836,21403200
2023-02-20,54.88999938964844,55.77000045776367,53.9900016784668,55.45000076293945,48.88718032836914,16532900
2023-02-21,55.150001525878906,55.29999923706055,53.779998779296875,53.79999923706055,47.432464599609375,19306050
2023-02-22,54.970001220703125,55.5,53.29999923706055,53.599998474121094,47.25613784790039,22082130
2023-02-23,53.56999969482422,54.63999938964844,53.400001525878906,54.040000915527344,47.64406967163086,13616600
2023-02-24,54.040000915527344,54.2599983215332,53.470001220703125,53.52000045776367,47.185611724853516,10180640
2023-02-27,53.56999969482422,55.70000076293945,52.400001525878906,55.54999923706055,48.9753532409668,19330640
2023-02-28,55.650001525878906,56.06999969482422,54.61000061035156,55.11000061035156,48.587425231933594,19154570
2023-03-01,55.560001373291016,58.849998474121094,55.43000030517578,58.43000030517578,51.51448440551758,24818950
2023-03-02,59.20000076293945,59.560001373291016,58.150001525878906,58.91999816894531,51.94648742675781,19845360
2023-03-03,58.400001525878906,59.619998931884766,56.56999969482422,58.84000015258789,51.87595748901367,28567400
2023-03-06,58.900001525878906,62.279998779296875,58.68000030517578,61.68000030517578,54.379825592041016,24161310
2023-03-07,61.70000076293945,63.400001525878906,61.36000061035156,61.709999084472656,54.406280517578125,17837200
2023-03-08,61.720001220703125,63.25,61.099998474121094,62.58000183105469,55.17330551147461,15063860
2023-03-09,62.599998474121094,62.9900016784668,60.529998779296875,61.150001525878906,53.91255569458008,16035490
2023-03-10,61.18000030517578,61.59000015258789,60.650001525878906,61.5,54.22113037109375,14977510
2023-03-13,60.40999984741211,60.939998626708984,59.400001525878906,60.790000915527344,54.86646270751953,15234930
2023-03-14,60.779998779296875,60.790000915527344,58.04999923706055,58.20000076293945,52.528839111328125,15388290
2023-03-15,58.2400016784668,58.77000045776367,57.29999923706055,58.290000915527344,52.610069274902344,14125090
2023-03-16,58.439998626708984,58.689998626708984,57.22999954223633,58.400001525878906,52.7093505859375,14163030
2023-03-17,58.79999923706055,59.040000915527344,56.959999084472656,57.09000015258789,51.527000427246094,14249390
2023-03-20,56.959999084472656,56.959999084472656,55.279998779296875,55.599998474121094,50.182186126708984,12551950
2023-03-21,55.79999923706055,58.0099983215332,55.36000061035156,56.689998626708984,51.16597366333008,19185520
2023-03-22,57.0,59.36000061035156,56.63999938964844,59.150001525878906,53.386268615722656,16293840
2023-03-23,59.13999938964844,60.56999969482422,58.61000061035156,60.47999954223633,54.586666107177734,16487860
2023-03-24,60.7599983215332,60.849998474121094,58.84000015258789,60.189998626708984,54.32492446899414,14240590
2023-03-27,60.2400016784668,60.7599983215332,59.18000030517578,60.34000015258789,54.46031188964844,11943940
2023-03-28,60.29999923706055,61.08000183105469,58.79999923706055,59.0099983215332,53.25990676879883,18881400
2023-03-29,58.9900016784668,60.40999984741211,57.54999923706055,60.310001373291016,54.433231353759766,15799980
2023-03-30,60.22999954223633,60.90999984741211,59.79999923706055,59.79999923706055,53.97292709350586,11074200
2023-03-31,59.790000915527344,59.790000915527344,58.20000076293945,58.4900016784668,52.79058074951172,11388520
2023-04-03,58.47999954223633,59.040000915527344,56.459999084472656,58.529998779296875,52.82667922973633,15763840
2023-04-04,58.43000030517578,60.900001525878906,58.349998474121094,60.5099983215332,54.61374282836914,14496270
2023-04-05,60.880001068115234,61.529998779296875,59.72999954223633,59.790000915527344,53.96390151977539,16212460
2023-04-06,59.439998626708984,61.15999984741211,59.439998626708984,60.900001525878906,54.96574783325195,15777290
2023-04-07,61.040000915527344,61.189998626708984,60.040000915527344,60.130001068115234,54.270774841308594,8092130
2023-04-10,60.41999816894531,61.119998931884766,60.209999084472656,60.7599983215332,54.83938217163086,14314620
2023-04-11,60.86000061035156,60.91999816894531,60.220001220703125,60.45000076293945,54.559593200683594,13099830
2023-04-12,60.689998626708984,61.70000076293945,60.400001525878906,60.599998474121094,54.694969177246094,21421650
2023-04-13,60.70000076293945,60.880001068115234,60.13999938964844,60.13999938964844,54.2797966003418,15715140
2023-04-14,60.29999923706055,61.400001525878906,60.2599983215332,60.540000915527344,54.64082336425781,15953520
2023-04-17,60.560001373291016,60.79999923706055,59.36000061035156,59.36000061035156,53.575809478759766,13360790
2023-04-18,59.41999816894531,60.38999938964844,59.31999969482422,59.369998931884766,53.5848274230957,9692350
2023-04-19,59.529998779296875,59.77000045776367,58.31999969482422,58.849998474121094,53.11549377441406,13905740
2023-04-20,58.849998474121094,58.849998474121094,57.7599983215332,58.29999923706055,52.61909484863281,6150880
2023-04-24,58.52000045776367,59.08000183105469,57.83000183105469,58.099998474121094,52.43857955932617,23748770
2023-04-25,58.310001373291016,58.5,56.529998779296875,56.65999984741211,51.13890075683594,17753950
2023-04-26,56.720001220703125,56.790000915527344,55.40999984741211,55.86000061035156,50.41685485839844,13784270
2023-04-27,55.86000061035156,57.47999954223633,55.79999923706055,57.29999923706055,51.71653366088867,16807880
2023-04-28,55.599998474121094,56.02000045776367,53.150001525878906,53.7400016784668,48.50343322753906,21458010
2023-05-02,54.0,54.54999923706055,52.439998626708984,52.599998474121094,47.474517822265625,17484750
2023-05-03,52.70000076293945,53.20000076293945,50.560001373291016,52.900001525878906,47.74528121948242,18769720
2023-05-04,52.70000076293945,53.9900016784668,52.0099983215332,52.790000915527344,47.64600372314453,11959580
2023-05-05,52.849998474121094,52.939998626708984,51.59000015258789,51.65999984741211,46.6261100769043,9259000
2023-05-08,51.9900016784668,53.029998779296875,51.380001068115234,53.0,47.835540771484375,11572510
2023-05-09,53.0,54.220001220703125,52.540000915527344,52.81999969482422,47.67307662963867,14387770
2023-05-10,53.0,53.25,51.91999816894531,52.310001373291016,47.21277618408203,9516620
2023-05-11,52.310001373291016,57.540000915527344,52.310001373291016,57.540000915527344,51.93315124511719,26895100
2023-05-12,57.709999084472656,58.97999954223633,55.70000076293945,56.130001068115234,50.660545349121094,18819810
2023-05-15,53.0,55.7599983215332,51.54999923706055,51.939998626708984,46.87882995605469,13876620
2023-05-16,51.939998626708984,55.040000915527344,51.869998931884766,54.75,49.415016174316406,18794070
2023-05-17,54.70000076293945,55.650001525878906,54.27000045776367,55.20000076293945,49.8211669921875,12741130
2023-05-18,55.20000076293945,56.77000045776367,53.970001220703125,54.0099983215332,48.74712371826172,17207580
2023-05-22,54.22999954223633,54.59000015258789,52.369998931884766,53.52000045776367,48.30487060546875,10386940
2023-05-23,53.5,53.77000045776367,52.439998626708984,52.5,47.38425827026367,7130400
2023-05-24,52.5,53.220001220703125,51.83000183105469,51.95000076293945,46.887855529785156,9694680
2023-05-25,52.119998931884766,52.619998931884766,51.09000015258789,51.09000015258789,46.11165237426758,8664380
2023-05-26,51.150001525878906,53.5099983215332,51.099998474121094,53.20000076293945,48.01605224609375,10993710
2023-05-29,53.54999923706055,56.349998474121094,53.54999923706055,55.70000076293945,50.27244567871094,15286810
2023-05-30,56.65999984741211,58.31999969482422,56.47999954223633,57.130001068115234,51.56310272216797,16839650
2023-05-31,57.540000915527344,58.29999923706055,56.20000076293945,57.31999969482422,51.734588623046875,18330190
2023-06-01,57.5,59.439998626708984,57.5,58.630001068115234,52.91693878173828,11913130
2023-06-02,59.56999969482422,60.29999923706055,59.29999923706055,60.029998779296875,54.18051528930664,13636370
2023-06-05,61.34000015258789,63.93000030517578,60.70000076293945,63.220001220703125,57.05967330932617,19573710
2023-06-06,63.209999084472656,67.62999725341797,62.7400016784668,66.30000305175781,59.83955383300781,33058330
2023-06-07,68.30000305175781,70.69999694824219,68.30000305175781,68.69999694824219,62.00568771362305,23157590
2023-06-08,68.94000244140625,69.66000366210938,67.7300033569336,69.27999877929688,62.529170989990234,17610950
2023-06-09,69.9000015258789,70.22000122070312,68.94999694824219,69.2300033569336,62.484046936035156,19716750
2023-06-12,69.55000305175781,70.0,68.55000305175781,68.66999816894531,61.978614807128906,16256620
2023-06-13,68.66999816894531,68.77999877929688,65.7699966430664,66.76000213623047,60.254730224609375,18939040
2023-06-14,66.83000183105469,67.79000091552734,64.95999908447266,64.95999908447266,58.630126953125,15552130
2023-06-15,65.5,68.56999969482422,65.5,68.5,61.82517623901367,20308820
2023-06-16,68.62000274658203,68.87000274658203,66.9000015258789,67.41999816894531,60.85041427612305,11858410
2023-06-19,68.0999984741211,68.22000122070312,65.5,65.69999694824219,59.29801940917969,13906420
2023-06-20,65.69999694824219,67.26000213623047,65.13999938964844,66.63999938964844,60.14642333984375,11450240
2023-06-21,66.70999908447266,69.5,66.5999984741211,68.12999725341797,61.49123001098633,21707360
2023-06-22,68.62999725341797,73.22000122070312,67.25,73.19999694824219,66.06719970703125,34445930
2023-06-23,74.30000305175781,75.51000213623047,73.47000122070312,75.3499984741211,68.00769805908203,21751740
2023-06-26,75.79000091552734,78.13999938964844,74.66000366210938,76.5,69.0456314086914,18704080
2023-06-27,76.5199966430664,77.69999694824219,76.0999984741211,76.0999984741211,68.68460845947266,7521400
2023-07-03,77.0,79.29000091552734,76.98999786376953,77.51000213623047,69.95722961425781,16784820
2023-07-04,77.55000305175781,77.98999786376953,76.04000091552734,76.08000183105469,68.66656494140625,15782690
2023-07-05,76.5,80.3499984741211,76.30000305175781,80.30000305175781,72.47535705566406,28541220
2023-07-06,80.30000305175781,84.30999755859375,79.5999984741211,83.7699966430664,75.60722351074219,22930940
2023-07-07,83.7699966430664,85.9000015258789,82.47000122070312,84.0999984741211,75.90507507324219,17655700
2023-07-10,84.5,85.04000091552734,82.41000366210938,82.5199966430664,74.4790267944336,16247240
2023-07-11,83.80000305175781,83.93000030517578,81.80000305175781,83.41000366210938,75.28230285644531,14659690
2023-07-12,83.4000015258789,83.47000122070312,80.83999633789062,81.80000305175781,73.82919311523438,17158080
2023-07-13,81.75,81.98999786376953,79.80000305175781,80.37000274658203,72.53854370117188,16131940
2023-07-14,80.69000244140625,83.27999877929688,80.0,82.81999969482422,74.74979400634766,18833910
2023-07-17,83.29000091552734,83.5,81.79000091552734,82.0199966430664,74.02774810791016,16189430
2023-07-18,82.22000122070312,82.95999908447266,80.0,80.0,72.20458221435547,20329930
2023-07-19,80.19000244140625,83.83000183105469,79.94999694824219,83.5,75.36354064941406,22970090
2023-07-20,84.0999984741211,88.33000183105469,83.01000213623047,87.80000305175781,79.24454498291016,26236730
2023-07-21,88.5,94.29000091552734,87.45999908447266,91.5999984741211,82.67424774169922,34110730
2023-07-24,92.77999877929688,92.8499984741211,89.05999755859375,90.0,81.23015594482422,20281790
2023-07-25,90.12000274658203,90.5999984741211,87.69999694824219,88.33999633789062,79.73191833496094,19270790
2023-07-26,88.5,92.87000274658203,88.48999786376953,92.52999877929688,83.51363372802734,18622290
2023-07-27,95.0,96.6500015258789,93.55999755859375,96.5,87.09678649902344,18865590
2023-07-28,95.0,98.19999694824219,93.69000244140625,95.69999694824219,86.3747329711914,31313210
2023-07-31,95.81999969482422,98.77999877929688,94.93000030517578,94.95999908447266,85.70684051513672,33506410
2023-08-01,94.95999908447266,96.31999969482422,93.7300033569336,94.6500015258789,85.42706298828125,18795770
2023-08-02,94.80000305175781,97.76000213623047,94.70999908447266,96.37999725341797,86.98847961425781,19085770
2023-08-03,96.4000015258789,97.1500015258789,94.44999694824219,94.69000244140625,85.4631576538086,15590300
2023-08-04,94.9000015258789,96.54000091552734,93.94999694824219,95.5999984741211,86.28448486328125,14761270
2023-08-07,95.66000366210938,96.94000244140625,94.91999816894531,95.6500015258789,86.3296127319336,13685420
2023-08-08,95.68000030517578,96.69000244140625,94.0,94.37999725341797,85.18336486816406,14018030
2023-08-09,94.4000015258789,96.4000015258789,93.5199966430664,96.05000305175781,86.69062805175781,17598520
2023-08-10,96.80999755859375,96.91000366210938,92.61000061035156,92.73999786376953,83.70317077636719,19736060
2023-08-11,92.80000305175781,94.98999786376953,92.2699966430664,94.81999969482422,85.58048248291016,15662420
2023-08-14,95.0,95.30000305175781,92.58000183105469,92.5999984741211,83.5768051147461,16295110
2023-08-15,92.69999694824219,93.19999694824219,89.54000091552734,90.83000183105469,81.97927856445312,16687270
2023-08-16,91.4000015258789,92.58000183105469,90.13999938964844,90.5,81.68144226074219,18087100
2023-08-17,90.72000122070312,92.12000274658203,89.94000244140625,91.44999694824219,82.53887176513672,15184310
2023-08-18,91.48999786376953,91.62000274658203,88.06999969482422,89.2699966430664,80.57129669189453,13408600
2023-08-21,88.80000305175781,92.16999816894531,87.6500015258789,91.0199966430664,82.15076446533203,17502750
2023-08-22,91.22000122070312,93.37999725341797,89.80000305175781,91.38999938964844,82.48472595214844,20577710
2023-08-23,92.01000213623047,92.19999694824219,89.80000305175781,89.80000305175781,81.0496597290039,12879970
2023-08-24,89.80000305175781,91.94999694824219,85.94999694824219,85.94999694824219,77.57479858398438,25557280
2023-08-25,86.0,87.30000305175781,83.19999694824219,86.0199966430664,77.63797760009766,23188100
2023-08-28,87.0199966430664,88.16000366210938,85.62000274658203,87.25,78.74813079833984,17233060
2023-08-29,87.30000305175781,87.41999816894531,85.5999984741211,85.75,77.394287109375,13822600
2023-08-31,86.13999938964844,86.58999633789062,84.81999969482422,86.2699966430664,77.86361694335938,12062940
2023-09-01,86.41999816894531,92.4000015258789,85.72000122070312,92.08000183105469,83.10748291015625,23873760
2023-09-04,92.30000305175781,92.47000122070312,90.0,90.0,81.23015594482422,15145110
2023-09-05,90.06999969482422,90.08000183105469,87.52999877929688,89.31999969482422,80.61642456054688,14595350
2023-09-06,89.4000015258789,89.63999938964844,87.51000213623047,87.9000015258789,79.33479309082031,13213330
2023-09-07,88.0,88.69999694824219,87.36000061035156,88.0,79.425048828125,12600220
2023-09-08,88.11000061035156,90.98999786376953,87.58999633789062,90.58999633789062,81.76266479492188,18369230
2023-09-11,90.69999694824219,91.5,88.4000015258789,88.98999786376953,80.31857299804688,14944520
2023-09-12,88.98999786376953,89.6500015258789,87.1500015258789,87.5,78.97377014160156,15799210
2023-09-13,87.5,89.05000305175781,86.5,87.27999877929688,78.77520751953125,14107820
2023-09-14,87.5,91.0999984741211,86.31999969482422,91.0999984741211,82.22296905517578,19134040
2023-09-15,91.22000122070312,91.29000091552734,87.33000183105469,87.33000183105469,78.82032775878906,13595020
2023-09-18,87.33000183105469,87.33000183105469,84.23999786376953,84.69999694824219,76.44660186767578,11225660
2023-09-19,84.69999694824219,85.7699966430664,83.62000274658203,84.29000091552734,76.0765609741211,11267930
2023-09-20,84.36000061035156,85.80000305175781,81.48999786376953,82.62000274658203,74.56929016113281,16988570
2023-09-21,82.61000061035156,85.01000213623047,81.54000091552734,84.94999694824219,76.6722412109375,15751000
2023-09-22,84.94999694824219,85.44999694824219,83.4800033569336,83.94000244140625,75.76065826416016,12787730
2023-09-25,84.33999633789062,85.88999938964844,82.75,85.0199966430664,76.73541259765625,16145160
2023-09-26,85.9000015258789,86.0,83.5,83.5,75.36354064941406,14008800
2023-09-27,83.75,84.05999755859375,82.91000366210938,82.91000366210938,74.83103942871094,10372370
2023-09-28,84.0,85.05999755859375,83.26000213623047,83.37000274658203,75.24620056152344,14961260
2023-09-29,83.80000305175781,85.26000213623047,83.43000030517578,84.5,76.26609802246094,15035460
2023-10-02,84.75,85.75,84.16000366210938,84.81999969482422,76.55491638183594,15185450
2023-10-03,88.5,93.30000305175781,88.41000366210938,91.87000274658203,82.9179458618164,54412220
2023-10-04,92.0,92.73999786376953,89.01000213623047,89.91999816894531,81.157958984375,18828320
2023-10-05,90.0,90.56999969482422,87.02999877929688,89.69999694824219,80.95938873291016,18484600
2023-10-06,89.45999908447266,92.11000061035156,88.4000015258789,91.69999694824219,82.7645034790039,20606310
2023-10-09,90.0,90.33000183105469,87.4000015258789,87.4000015258789,78.88350677490234,18940080
2023-10-10,88.48999786376953,89.61000061035156,87.97000122070312,88.9000015258789,80.23735046386719,13764330
2023-10-11,88.9000015258789,89.04000091552734,86.97000122070312,87.5,78.97377014160156,13100080
2023-10-12,87.9000015258789,88.87999725341797,84.75,86.41999816894531,77.99900817871094,15916460
2023-10-13,86.41999816894531,88.0,85.33999633789062,88.0,79.425048828125,15360180
2023-10-16,88.5999984741211,88.80000305175781,86.66000366210938,87.80999755859375,79.2535629272461,17041840
2023-10-17,88.25,88.61000061035156,86.11000061035156,88.1500015258789,79.56043243408203,14367010
2023-10-18,87.0,87.06999969482422,84.5,84.5,76.26609802246094,13979560
2023-10-19,84.79000091552734,87.7300033569336,84.63999938964844,86.0,77.61993408203125,13851840
2023-10-20,85.80999755859375,86.81999969482422,83.41000366210938,83.69999694824219,75.54405212402344,15204720
2023-10-23,85.0999984741211,87.63999938964844,84.23999786376953,86.56999969482422,78.13439178466797,12494950
2023-10-24,86.88999938964844,87.83999633789062,86.37000274658203,87.2300033569336,78.7300796508789,12784020
2023-10-25,87.8499984741211,88.63999938964844,83.27999877929688,84.88999938964844,76.61809539794922,18778060
2023-10-26,85.5999984741211,86.5,83.44000244140625,85.25,76.9430160522461,27136300
2023-10-27,85.38999938964844,85.98999786376953,83.48999786376953,84.9000015258789,76.62712097167969,21265280
2023-10-30,83.0,83.0,81.25,81.41000366210938,76.1463623046875,14282930
2023-10-31,81.5999984741211,82.0,78.62999725341797,78.62999725341797,73.54609680175781,11870020
2023-11-01,78.95999908447266,80.05000305175781,77.02999877929688,79.27999877929688,74.15406799316406,16152480
2023-11-02,80.0,80.62999725341797,78.83000183105469,79.44000244140625,74.30372619628906,12679440
2023-11-03,79.44000244140625,80.93000030517578,79.0,80.83000183105469,75.60385131835938,11912700
2023-11-06,83.80000305175781,86.5999984741211,82.9000015258789,85.44999694824219,79.92514038085938,18109420
2023-11-07,85.4000015258789,85.8499984741211,84.3499984741211,84.80000305175781,79.31716918945312,7013220
2023-11-08,85.0,85.5999984741211,83.25,83.55000305175781,78.14798736572266,7458160
2023-11-09,83.44999694824219,84.25,81.5,83.55000305175781,78.14798736572266,7321700
2023-11-10,83.55000305175781,83.69999694824219,82.19999694824219,82.30000305175781,76.97881317138672,4491070
2023-11-13,81.19999694824219,81.5,79.69999694824219,79.69999694824219,74.54691314697266,10197030
2023-11-14,80.05000305175781,81.5999984741211,79.1500015258789,81.5,76.23053741455078,8310910
2023-11-15,81.5999984741211,82.25,80.5999984741211,81.5,76.23053741455078,6132450
2023-11-16,81.5,83.69999694824219,81.0999984741211,83.0999984741211,77.72708129882812,8110910
2023-11-17,83.19999694824219,85.94999694824219,82.5,84.9000015258789,79.41070556640625,10138650
2023-11-20,85.3499984741211,85.6500015258789,84.0,84.1500015258789,78.70919799804688,7780200
2023-11-21,84.5,84.94999694824219,83.5,84.0,78.56889343261719,7414260
2023-11-22,84.05000305175781,84.94999694824219,83.4000015258789,83.4000015258789,78.00769805908203,6409720
2023-11-23,83.5999984741211,83.80000305175781,81.44999694824219,81.44999694824219,76.18376159667969,6975520
2023-11-24,81.5,82.55000305175781,81.0,81.94999694824219,76.65143585205078,7653760
2023-11-27,82.25,82.80000305175781,81.44999694824219,82.25,76.93204498291016,9509420
2023-11-28,82.3499984741211,84.4000015258789,82.25,84.4000015258789,78.94303131103516,8978260
2023-11-29,84.4000015258789,84.5999984741211,83.5,84.19999694824219,78.7559585571289,8131940
2023-11-30,84.0999984741211,85.19999694824219,83.25,84.0999984741211,78.66242218017578,11288520
2023-12-01,85.8499984741211,85.9000015258789,83.25,83.3499984741211,77.9609146118164,10337380
2023-12-04,83.55000305175781,86.0999984741211,82.75,85.25,79.73807525634766,12835300
2023-12-05,85.25,85.55000305175781,82.5,82.94999694824219,77.58678436279297,8729580
2023-12-06,83.0,83.1500015258789,79.05000305175781,79.05000305175781,73.9389419555664,16220620
2023-12-07,79.0999984741211,81.0,78.55000305175781,81.0,75.76285552978516,10635700
2023-12-08,81.19999694824219,82.44999694824219,80.5999984741211,80.94999694824219,75.7160873413086,7689550
2023-12-11,81.05000305175781,81.5,79.4000015258789,79.4000015258789,74.26631927490234,13223610
2023-12-12,79.44999694824219,80.55000305175781,79.0,79.80000305175781,74.64044952392578,7819730
2023-12-13,79.4000015258789,79.80000305175781,74.69999694824219,75.0999984741211,70.24433135986328,15491900
2023-12-14,75.8499984741211,77.5,75.0,77.0999984741211,72.11502075195312,11038330
2023-12-15,77.0999984741211,80.75,76.8499984741211,80.1500015258789,74.96781921386719,13237800
2023-12-18,79.44999694824219,79.75,75.5,77.19999694824219,72.20854187011719,11701360
2023-12-19,77.19999694824219,77.30000305175781,75.5,76.9000015258789,71.92794799804688,9958730
2023-12-20,76.9000015258789,77.4000015258789,75.5,76.30000305175781,71.36674499511719,9980830
2023-12-21,76.25,77.44999694824219,75.5999984741211,77.05000305175781,72.0682601928711,10453010
2023-12-22,77.05000305175781,77.19999694824219,74.6500015258789,74.6500015258789,69.82343292236328,6544190
2023-12-25,74.5,75.0,72.80000305175781,72.80000305175781,68.0930404663086,8276620
2023-12-26,72.94999694824219,74.5999984741211,72.80000305175781,73.5999984741211,68.84130859375,9835310
2023-12-27,73.5999984741211,74.5999984741211,73.25,73.25,68.51394653320312,9130550
2023-12-28,73.9000015258789,75.4000015258789,73.8499984741211,74.69999694824219,69.87019348144531,7041640
2023-12-29,74.75,75.75,73.94999694824219,73.94999694824219,69.16868591308594,7954430
2024-01-02,74.6500015258789,76.5,74.44999694824219,76.5,71.55381774902344,9619610
2024-01-03,76.55000305175781,76.55000305175781,74.0,74.0,69.2154541015625,11447590
2024-01-04,74.0999984741211,75.0,73.3499984741211,75.0,70.15079498291016,9067720
2024-01-05,75.0,75.5999984741211,73.9000015258789,74.55000305175781,69.72988891601562,12137830
2024-01-08,76.0999984741211,78.25,76.0999984741211,77.3499984741211,72.3488540649414,18656090
2024-01-09,77.44999694824219,77.5,75.0,75.44999694824219,70.57169342041016,14110540
2024-01-10,75.44999694824219,77.25,75.0,76.80000305175781,71.83441925048828,14633660
2024-01-11,77.19999694824219,78.5999984741211,76.75,77.80000305175781,72.76976013183594,11785200
2024-01-12,76.80000305175781,79.4000015258789,76.5999984741211,78.69999694824219,73.61156463623047,12366250
2024-01-15,78.80000305175781,81.5,78.5999984741211,81.19999694824219,75.9499282836914,15672770
2024-01-16,81.5,81.9000015258789,80.94999694824219,81.80000305175781,76.51113891601562,8302000
2024-01-17,81.4000015258789,81.75,79.80000305175781,80.0999984741211,74.92105102539062,8410860
2024-01-18,80.94999694824219,81.0,79.80000305175781,79.80000305175781,74.64044952392578,7548810
2024-01-19,80.0,80.25,79.3499984741211,79.69999694824219,74.54691314697266,5366960
2024-01-22,79.69999694824219,80.0999984741211,79.19999694824219,79.6500015258789,74.50015258789062,6173710
2024-01-23,80.30000305175781,82.0,80.19999694824219,80.75,75.52902221679688,12246740
2024-01-24,80.9000015258789,82.75,80.69999694824219,82.75,77.39971160888672,7830670
2024-01-25,83.75,84.30000305175781,82.94999694824219,83.9000015258789,78.4753646850586,11544030
2024-01-26,84.0,86.4000015258789,83.80000305175781,86.0999984741211,80.53311920166016,12646050
2024-01-29,86.75,87.30000305175781,85.5,86.25,80.67341613769531,12262510
2024-01-30,86.25,86.8499984741211,85.3499984741211,85.69999694824219,80.15897369384766,9524510
2024-01-31,85.8499984741211,89.6500015258789,85.5999984741211,88.19999694824219,82.4973373413086,13308510
2024-02-01,88.5,89.3499984741211,88.0,88.69999694824219,82.96501159667969,8937900
2024-02-02,89.6500015258789,90.44999694824219,88.69999694824219,89.80000305175781,83.99388122558594,8915750
2024-02-05,89.80000305175781,91.80000305175781,89.5999984741211,91.3499984741211,85.44367218017578,9481470
2024-02-06,91.80000305175781,94.75,91.5999984741211,93.80000305175781,87.73526763916016,12951660
2024-02-07,94.0,94.19999694824219,91.8499984741211,92.0,86.05165100097656,9909830
2024-02-08,92.05000305175781,94.0,91.6500015258789,93.30000305175781,87.26759338378906,7160800
2024-02-09,93.3499984741211,96.5999984741211,93.0999984741211,95.5999984741211,89.41888427734375,15252250
2024-02-12,96.4000015258789,99.69999694824219,96.25,98.55000305175781,92.17814636230469,14561780
2024-02-13,98.5999984741211,99.80000305175781,95.44999694824219,95.44999694824219,89.27857971191406,13652800
2024-02-14,95.44999694824219,97.3499984741211,95.30000305175781,97.0,90.72836303710938,10088960
2024-02-15,97.0999984741211,97.3499984741211,95.9000015258789,95.94999694824219,89.74625396728516,14673350
2024-02-16,96.19999694824219,97.3499984741211,95.5999984741211,96.44999694824219,90.21392059326172,11147320
2024-02-19,96.69999694824219,98.1500015258789,95.5999984741211,95.94999694824219,89.74625396728516,12700030
2024-02-20,96.0,99.75,95.8499984741211,98.5999984741211,92.22491455078125,13145600
2024-02-21,98.75,99.80000305175781,97.5999984741211,98.19999694824219,91.85077667236328,10792340
2024-02-22,99.30000305175781,102.5,98.80000305175781,102.4000015258789,95.77922058105469,11264370
2024-02-23,102.4000015258789,104.69999694824219,100.9000015258789,101.30000305175781,94.75035095214844,13606460
2024-02-26,102.0,103.5999984741211,100.69999694824219,102.69999694824219,96.05982971191406,9904630
2024-02-27,102.80000305175781,103.5999984741211,100.30000305175781,103.19999694824219,96.52749633789062,10603490
2024-02-28,103.19999694824219,104.4000015258789,101.9000015258789,103.4000015258789,96.71456909179688,10490820
2024-02-29,104.0,104.4000015258789,100.5999984741211,101.69999694824219,95.12447357177734,11881900
2024-03-01,102.0,102.5,100.5,100.80000305175781,94.28267669677734,8535590
2024-03-04,100.80000305175781,101.30000305175781,98.0999984741211,98.30000305175781,91.94432067871094,7588980
2024-03-05,98.3499984741211,100.80000305175781,97.4000015258789,99.1500015258789,92.7393569946289,17131560
2024-03-06,102.19999694824219,107.5,100.5999984741211,104.19999694824219,97.46283721923828,29122690
2024-03-07,104.5,106.5,102.69999694824219,105.69999694824219,98.86585235595703,20574550
2024-03-08,106.69999694824219,111.4000015258789,106.5,111.0,103.82318115234375,18270190
2024-03-11,112.5999984741211,115.80000305175781,110.30000305175781,112.69999694824219,105.41326904296875,18167930
2024-03-12,112.5999984741211,112.69999694824219,109.5,111.19999694824219,104.01024627685547,7872350
2024-03-13,111.30000305175781,111.5,107.0999984741211,108.4000015258789,101.39128875732422,12485210
2024-03-14,108.80000305175781,110.80000305175781,108.0,110.5,103.35549926757812,8250020
2024-03-15,110.5999984741211,112.0999984741211,108.0999984741211,108.0999984741211,101.11067962646484,10363250
2024-03-18,109.0,109.19999694824219,106.80000305175781,106.80000305175781,99.89474487304688,8129800
2024-03-19,106.80000305175781,111.30000305175781,105.9000015258789,111.0,103.82318115234375,11958580
2024-03-20,111.0,115.30000305175781,109.5999984741211,113.4000015258789,106.06800842285156,15846380
2024-03-21,114.30000305175781,120.69999694824219,114.30000305175781,120.69999694824219,112.89601135253906,19658080
2024-03-22,120.5999984741211,120.5999984741211,113.0,114.4000015258789,107.00335693359375,10917560
2024-03-25,114.4000015258789,115.30000305175781,110.69999694824219,110.69999694824219,103.54257202148438,11609380
2024-03-26,111.0,111.9000015258789,108.69999694824219,110.5999984741211,103.44904327392578,9761320
2024-03-27,110.9000015258789,111.0999984741211,108.9000015258789,109.5999984741211,102.5136947631836,6606540
2024-03-28,110.30000305175781,115.80000305175781,109.30000305175781,115.5,108.03221893310547,12057910
2024-03-29,115.80000305175781,116.0999984741211,111.69999694824219,113.19999694824219,105.88093566894531,10715890
2024-04-01,114.5999984741211,116.19999694824219,112.0,114.9000015258789,107.47102355957031,7890810
2024-04-02,114.80000305175781,116.19999694824219,112.5,113.0,105.6938705444336,8297340
2024-04-03,113.0,114.5,112.0999984741211,113.9000015258789,106.53568267822266,5039690
2024-04-04,114.30000305175781,117.4000015258789,113.30000305175781,116.5,108.96757507324219,10907570
2024-04-05,118.9000015258789,121.9000015258789,116.19999694824219,121.9000015258789,114.01842498779297,13068200
2024-04-08,118.0,119.5,116.0,116.69999694824219,113.17471313476562,10734170
2024-04-09,116.69999694824219,116.69999694824219,116.69999694824219,116.69999694824219,113.17471313476562,0
2024-04-15,116.0,116.19999694824219,113.9000015258789,114.30000305175781,110.84721374511719,9173730
2024-04-16,114.19999694824219,116.80000305175781,113.19999694824219,115.30000305175781,111.81700897216797,10159870
2024-04-17,115.80000305175781,117.4000015258789,111.80000305175781,111.80000305175781,108.4227294921875,11018620
2024-04-18,112.5,113.4000015258789,111.30000305175781,111.69999694824219,108.32575225830078,7912960
2024-04-19,110.80000305175781,114.5,109.80000305175781,112.0,108.61669158935547,10127070
2024-04-22,112.5999984741211,114.30000305175781,111.5,112.19999694824219,108.81063842773438,8142430
2024-04-24,112.4000015258789,113.0999984741211,110.19999694824219,110.5,107.16199493408203,9112050
2024-04-25,110.5999984741211,111.19999694824219,108.5999984741211,109.0999984741211,105.80429077148438,8042070
2024-04-26,109.4000015258789,111.5999984741211,109.4000015258789,110.9000015258789,107.54991912841797,8555800
2024-04-29,112.0,112.0,108.4000015258789,110.5999984741211,107.25897979736328,11511710
2024-04-30,110.9000015258789,112.9000015258789,110.19999694824219,111.4000015258789,108.03482055664062,15968490
2024-05-02,112.9000015258789,115.4000015258789,112.5,113.9000015258789,110.45929718017578,10484920
2024-05-03,114.0999984741211,115.0999984741211,112.4000015258789,113.30000305175781,109.8774185180664,6301110
2024-05-06,113.30000305175781,115.69999694824219,112.19999694824219,114.69999694824219,111.23512268066406,9822060
2024-05-07,115.0999984741211,116.30000305175781,113.0999984741211,114.69999694824219,111.23512268066406,9225830
2024-05-08,114.69999694824219,115.0,111.9000015258789,112.0,108.61669158935547,7023830
2024-05-09,112.0999984741211,114.5,112.0999984741211,114.0999984741211,110.65324401855469,8260700
2024-05-10,114.19999694824219,116.5,114.19999694824219,114.9000015258789,111.42908477783203,8581850
2024-05-13,115.4000015258789,116.9000015258789,113.69999694824219,114.5,111.04116821289062,8333090
2024-05-14,115.5,119.0999984741211,114.19999694824219,118.5999984741211,115.01731872558594,11872070
2024-05-15,118.5999984741211,119.5,116.80000305175781,119.0999984741211,115.50220489501953,7942380
2024-05-16,119.30000305175781,120.19999694824219,116.5,120.19999694824219,116.56897735595703,9227050
2024-05-17,120.30000305175781,120.9000015258789,118.80000305175781,120.69999694824219,117.05387115478516,13961410
2024-05-20,120.69999694824219,122.0,119.5,121.4000015258789,117.73273468017578,10024990
2024-05-21,121.5,124.9000015258789,120.5,121.5,117.8297119140625,15932760
2024-05-22,121.19999694824219,124.30000305175781,120.5,122.19999694824219,118.5085678100586,8463080
2024-05-23,122.5,123.0,116.80000305175781,116.80000305175781,113.27169036865234,10864800
2024-05-24,117.5,118.19999694824219,111.69999694824219,112.30000305175781,108.90763092041016,13487690
2024-05-27,112.5999984741211,113.69999694824219,111.5999984741211,112.19999694824219,108.81063842773438,6783660
2024-05-28,112.4000015258789,113.0999984741211,110.19999694824219,111.5999984741211,108.22876739501953,9865560
2024-05-29,111.4000015258789,111.80000305175781,108.80000305175781,108.80000305175781,105.51335906982422,12258940
2024-05-30,108.80000305175781,110.0999984741211,107.19999694824219,108.19999694824219,104.93147277832031,11150890
2024-05-31,109.0999984741211,111.4000015258789,108.19999694824219,109.30000305175781,105.99825286865234,10388640
2024-06-03,109.5,109.80000305175781,107.5999984741211,108.0,104.73751831054688,8176260
2024-06-04,108.0,109.19999694824219,101.19999694824219,102.0,98.91876983642578,19779980
2024-06-05,102.80000305175781,107.5,102.0999984741211,104.69999694824219,101.53720092773438,17644270
2024-06-06,104.9000015258789,105.5999984741211,101.30000305175781,101.5999984741211,98.53085327148438,12806030
2024-06-07,102.0,103.80000305175781,101.30000305175781,102.5,99.4036636352539,8064340
2024-06-10,103.19999694824219,103.5,101.0999984741211,101.9000015258789,98.82179260253906,7896340
2024-06-11,101.9000015258789,102.69999694824219,100.30000305175781,100.80000305175781,97.75502014160156,9870000
2024-06-12,103.80000305175781,108.5,103.0999984741211,106.5,103.2828369140625,15393490
2024-06-13,108.19999694824219,109.80000305175781,105.5,105.69999694824219,102.50699615478516,10040720
2024-06-14,107.9000015258789,108.9000015258789,105.5,107.9000015258789,104.64054107666016,13009420
2024-06-20,109.69999694824219,110.9000015258789,107.9000015258789,109.5,106.19221496582031,8444050
2024-06-21,109.5999984741211,109.9000015258789,108.19999694824219,108.30000305175781,105.02845764160156,8656440
2024-06-24,108.5999984741211,109.5999984741211,106.9000015258789,108.69999694824219,105.41637420654297,12135840
2024-06-25,109.0,112.80000305175781,108.30000305175781,111.9000015258789,108.51970672607422,20754340
2024-06-26,111.9000015258789,113.9000015258789,110.19999694824219,110.19999694824219,106.87105560302734,11713830
2024-06-27,110.30000305175781,113.9000015258789,110.19999694824219,113.0999984741211,109.68346405029297,9520870
2024-06-28,113.19999694824219,114.4000015258789,112.4000015258789,112.4000015258789,109.00460815429688,11705860
2024-07-01,112.69999694824219,114.4000015258789,108.5,110.0,106.6771011352539,9064250
2024-07-02,110.0,110.5,107.9000015258789,110.30000305175781,106.96804809570312,6899430
2024-07-03,110.30000305175781,111.5,109.0999984741211,111.5,108.13179016113281,7645110
2024-07-04,111.5,113.30000305175781,111.19999694824219,112.5999984741211,109.19856262207031,9547580
2024-07-05,112.5999984741211,113.5,111.30000305175781,112.30000305175781,108.90763092041016,6527080
2024-07-08,112.30000305175781,112.9000015258789,110.19999694824219,110.5,107.16199493408203,6799060
2024-07-09,110.30000305175781,110.9000015258789,106.5,106.5999984741211,103.37980651855469,10467910
2024-07-10,106.5999984741211,106.80000305175781,103.0999984741211,103.9000015258789,100.7613754272461,14040450
2024-07-11,104.30000305175781,108.0999984741211,103.69999694824219,107.80000305175781,104.54357147216797,9752980
2024-07-12,107.80000305175781,108.19999694824219,106.30000305175781,106.9000015258789,103.67074584960938,8832330
2024-07-16,107.19999694824219,109.4000015258789,105.30000305175781,105.69999694824219,102.50699615478516,13117940
2024-07-17,106.0999984741211,106.5,104.4000015258789,105.30000305175781,102.11907958984375,10013500
2024-07-18,105.5,107.0,105.0,105.80000305175781,102.6039810180664,6836190
2024-07-19,106.0,106.0,104.4000015258789,104.9000015258789,101.73117065429688,5813480
2024-07-22,105.30000305175781,106.80000305175781,104.69999694824219,106.0999984741211,102.89491271972656,10521470
2024-07-23,106.0999984741211,106.0999984741211,103.9000015258789,104.0,100.85835266113281,8341800
2024-07-24,104.0,104.30000305175781,101.0,101.0,97.948974609375,9431190
2024-07-25,100.80000305175781,101.69999694824219,99.8499984741211,99.9000015258789,96.88220977783203,6594010
2024-07-26,100.0,101.4000015258789,99.55000305175781,100.19999694824219,97.17314147949219,7581470
2024-07-29,100.19999694824219,100.19999694824219,98.1500015258789,98.44999694824219,95.47600555419922,6390300
2024-07-30,98.44999694824219,99.6500015258789,98.30000305175781,99.44999694824219,96.44580078125,7851520
2024-07-31,99.0,100.30000305175781,98.1500015258789,99.4000015258789,96.39730834960938,7433930
2024-08-01,99.9000015258789,101.0,98.3499984741211,98.6500015258789,95.66996765136719,9100560
2024-08-02,97.9000015258789,98.19999694824219,94.55000305175781,94.8499984741211,91.98475646972656,9532870
2024-08-05,88.0,91.8499984741211,88.0,89.0,86.31147766113281,11480910
2024-08-06,90.6500015258789,92.3499984741211,89.5,90.44999694824219,87.71766662597656,11983090
2024-08-07,89.80000305175781,89.80000305175781,86.55000305175781,88.0,85.34168243408203,24272330
2024-08-08,88.0,89.69999694824219,87.5,89.69999694824219,86.99032592773438,15841450
2024-08-09,89.75,91.1500015258789,86.9000015258789,86.9000015258789,84.27491760253906,9638200
2024-08-12,87.0999984741211,88.3499984741211,85.5,86.30000305175781,83.69303894042969,10203250
2024-08-13,87.19999694824219,88.75,86.75,88.0,85.34168243408203,14778650
2024-08-14,88.44999694824219,89.19999694824219,87.5999984741211,88.0,85.34168243408203,9155230
2024-08-15,88.55000305175781,89.3499984741211,87.1500015258789,89.0,86.31147766113281,8671570
2024-08-16,89.19999694824219,90.30000305175781,88.44999694824219,88.44999694824219,85.77808380126953,9050150
2024-08-19,88.80000305175781,92.3499984741211,88.6500015258789,91.8499984741211,89.07537841796875,8475000
2024-08-20,91.55000305175781,93.44999694824219,90.80000305175781,92.75,89.94819641113281,8196670
2024-08-21,92.80000305175781,96.0,92.5999984741211,93.80000305175781,90.96647644042969,12988990
2024-08-22,94.30000305175781,95.0999984741211,93.19999694824219,93.75,90.91798400878906,8425820
2024-08-23,93.75,94.3499984741211,90.0,90.5,87.76616668701172,11022450
2024-08-26,90.9000015258789,91.6500015258789,88.55000305175781,88.69999694824219,86.02053833007812,7437180
2024-08-27,88.5999984741211,90.5999984741211,87.9000015258789,90.3499984741211,87.62069702148438,7264680
2024-08-28,90.30000305175781,92.5999984741211,90.0,92.0,89.2208480834961,8198390
2024-08-29,92.0,96.4000015258789,91.19999694824219,96.4000015258789,93.4879379272461,12457010
2024-09-02,96.30000305175781,98.44999694824219,95.5,95.75,92.8575668334961,10813460
2024-09-03,96.0999984741211,96.80000305175781,93.4000015258789,93.5999984741211,90.77251434326172,8066720
2024-09-04,92.0,93.6500015258789,91.30000305175781,92.9000015258789,90.09366607666016,7819580
2024-09-05,92.94999694824219,95.9000015258789,92.0,94.75,91.88777923583984,9213070
2024-09-06,94.75,96.5,93.19999694824219,93.3499984741211,90.53006744384766,8772310
2024-09-09,93.3499984741211,93.4000015258789,91.19999694824219,91.69999694824219,88.9299087524414,5608400
2024-09-10,91.80000305175781,92.5,89.44999694824219,89.44999694824219,86.74787902832031,8507110
2024-09-11,89.25,89.5,85.94999694824219,85.94999694824219,83.35360717773438,12361740
2024-09-12,88.0,90.0,86.0,88.55000305175781,85.87506866455078,14922330
2024-09-13,88.55000305175781,91.75,87.44999694824219,91.5999984741211,88.83293151855469,11682630
2024-09-16,91.30000305175781,91.3499984741211,89.25,89.44999694824219,86.74787902832031,7670130
2024-09-17,89.44999694824219,92.0999984741211,89.44999694824219,91.25,88.4935073852539,7194110
2024-09-18,91.25,92.5999984741211,91.0999984741211,91.6500015258789,88.88143157958984,5979310
2024-09-19,92.30000305175781,93.05000305175781,91.94999694824219,92.6500015258789,89.85121154785156,6342590
2024-09-20,92.75,92.8499984741211,91.0999984741211,91.4000015258789,88.63897705078125,8401980
2024-09-23,92.0,92.5,90.94999694824219,91.19999694824219,88.44501495361328,7181550
2024-09-24,91.0999984741211,93.4000015258789,90.6500015258789,92.4000015258789,89.60877227783203,9561880
2024-09-25,92.80000305175781,93.44999694824219,91.19999694824219,91.30000305175781,88.54199981689453,10836470
2024-09-26,91.5999984741211,93.75,91.5999984741211,92.80000305175781,89.99668884277344,11125830
2024-09-27,93.0,93.5999984741211,92.25,93.1500015258789,90.33611297607422,7547980
2024-09-30,92.8499984741211,92.8499984741211,90.75,91.80000305175781,89.02690124511719,9411760
2024-10-01,91.69999694824219,91.69999694824219,89.30000305175781,89.6500015258789,86.94184112548828,8968640
2024-10-02,89.4000015258789,90.25,88.0,88.0,85.34168243408203,8727060
2024-10-03,88.0,88.5999984741211,86.0,86.05000305175781,83.45059204101562,10027540
2024-10-04,86.19999694824219,88.30000305175781,85.94999694824219,88.30000305175781,85.63262176513672,7028590
2024-10-07,88.69999694824219,93.0,88.4000015258789,91.44999694824219,88.68746185302734,13202670
2024-10-08,91.05000305175781,94.75,90.94999694824219,93.19999694824219,90.38459777832031,13060810
2024-10-09,93.19999694824219,96.4000015258789,92.4000015258789,96.30000305175781,93.39096069335938,12801070
2024-10-10,96.19999694824219,97.25,95.0,95.44999694824219,92.5666275024414,9635610
2024-10-11,95.5,97.19999694824219,93.44999694824219,93.80000305175781,90.96647644042969,10447550
2024-10-14,93.80000305175781,94.25,90.69999694824219,90.69999694824219,87.96012115478516,8920180
2024-10-15,90.80000305175781,93.0,89.8499984741211,91.1500015258789,88.39653015136719,11481110
2024-10-16,91.1500015258789,92.4000015258789,90.3499984741211,91.55000305175781,88.7844467163086,7183200
2024-10-17,91.75,97.1500015258789,91.5,96.80000305175781,93.8758544921875,14584680
2024-10-18,95.3499984741211,98.25,94.9000015258789,96.75,93.82736206054688,14282220
2024-10-21,96.80000305175781,97.25,94.55000305175781,96.25,93.34246063232422,10576310
2024-10-22,96.25,101.4000015258789,96.1500015258789,99.5999984741211,96.59127044677734,16867810
2024-10-23,99.5999984741211,100.9000015258789,99.0999984741211,100.0,96.97918701171875,12849690
2024-10-24,100.30000305175781,102.0999984741211,100.19999694824219,101.0999984741211,98.04595184326172,9874990
2024-10-25,101.19999694824219,101.5999984741211,99.05000305175781,101.5,98.43387603759766,9812590
2024-10-28,101.5,101.5999984741211,100.0,100.4000015258789,97.36710357666016,2249080
2024-10-30,100.4000015258789,100.4000015258789,97.80000305175781,98.19999694824219,95.23355865478516,12643240
2024-10-31,98.30000305175781,99.1500015258789,96.94999694824219,97.8499984741211,94.89413452148438,8112760
2024-11-01,97.8499984741211,98.94999694824219,97.44999694824219,97.44999694824219,94.50621795654297,6576810
2024-11-04,97.44999694824219,98.3499984741211,95.5,96.80000305175781,93.8758544921875,8172980
2024-11-05,97.5,99.0999984741211,96.19999694824219,97.5999984741211,94.65168762207031,7451900
2024-11-06,96.5999984741211,99.25,94.69999694824219,98.8499984741211,95.86392974853516,20570730
2024-11-07,98.8499984741211,100.80000305175781,97.30000305175781,100.5,97.46408081054688,11363880
2024-11-08,100.5,106.0999984741211,100.0,105.0,101.82814025878906,13935780
2024-11-11,105.9000015258789,106.5999984741211,103.30000305175781,103.69999694824219,100.56741333007812,7214720
2024-11-12,103.80000305175781,107.0999984741211,101.5,107.0999984741211,103.86470794677734,14077890
2024-11-13,107.0,112.0,106.0999984741211,110.0,106.6771011352539,15035340
2024-11-14,110.0,112.5,109.0,111.69999694824219,108.32575225830078,15482660
2024-11-15,111.5999984741211,112.0,107.69999694824219,107.69999694824219,104.44657897949219,11511470
2024-11-18,108.0999984741211,111.0,107.0999984741211,109.9000015258789,106.58012390136719,11910980
2024-11-19,111.30000305175781,112.69999694824219,105.0,105.0,101.82814025878906,33618800
2024-11-20,106.0,107.5,99.0,99.0,96.0093994140625,19467920
2024-11-21,99.4000015258789,102.0999984741211,99.0,101.69999694824219,98.6278305053711,13714330
2024-11-22,100.80000305175781,100.80000305175781,99.4000015258789,100.0999984741211,98.45570373535156,12995920
2024-11-25,100.5,101.4000015258789,99.05000305175781,99.30000305175781,97.66885375976562,14215670
2024-11-26,99.30000305175781,100.5,99.0999984741211,99.19999694824219,97.57048797607422,9242550
2024-11-27,100.0,100.0999984741211,97.30000305175781,97.30000305175781,95.70170593261719,11824200
2024-11-28,98.0,99.30000305175781,96.5,96.80000305175781,95.20991516113281,10869200
2024-11-29,96.9000015258789,98.0,96.0,96.69999694824219,95.11155700683594,11596930
2024-12-02,96.6500015258789,98.05000305175781,95.4000015258789,97.5999984741211,95.99677276611328,9865610
2024-12-03,98.0999984741211,100.80000305175781,97.9000015258789,99.44999694824219,97.8163833618164,14915780
2024-12-04,99.8499984741211,102.9000015258789,99.5,99.6500015258789,98.01309967041016,17827290
2024-12-05,100.0999984741211,100.4000015258789,98.5,99.3499984741211,97.71802520751953,8525610
2024-12-06,99.94999694824219,100.5999984741211,99.3499984741211,99.80000305175781,98.16063690185547,9744070
2024-12-09,100.0999984741211,100.5,99.0,99.1500015258789,97.52131652832031,8990100
2024-12-10,99.25,99.25,97.6500015258789,97.9000015258789,96.2918472290039,10937510
2024-12-11,100.19999694824219,101.0999984741211,99.5,99.5,97.86556243896484,19118970
2024-12-12,99.69999694824219,100.30000305175781,98.44999694824219,98.69999694824219,97.07870483398438,7815340
2024-12-13,98.5,99.25,98.4000015258789,99.25,97.61966705322266,5923300
2024-12-16,99.25,99.75,97.94999694824219,98.0999984741211,96.48855590820312,7761460
2024-12-17,98.0999984741211,98.5,96.75,97.30000305175781,95.70170593261719,7574490
2024-12-18,97.30000305175781,97.5,95.69999694824219,95.69999694824219,94.12798309326172,6382310
2024-12-19,95.69999694824219,96.3499984741211,95.0999984741211,95.25,93.68537902832031,6107170
2024-12-20,95.30000305175781,96.05000305175781,94.1500015258789,94.94999694824219,93.39029693603516,7411460
2024-12-23,95.0,95.4000015258789,92.75,93.05000305175781,91.52151489257812,7423490
2024-12-24,93.0999984741211,93.9000015258789,92.3499984741211,93.25,91.71823120117188,6368840
2024-12-25,94.0,94.19999694824219,93.55000305175781,93.94999694824219,92.40673065185547,4318080
2024-12-26,94.4000015258789,95.8499984741211,94.1500015258789,94.94999694824219,93.39029693603516,7725360
2024-12-27,95.4000015258789,96.19999694824219,94.94999694824219,95.55000305175781,93.98045349121094,7261410
2024-12-30,95.5999984741211,95.94999694824219,93.9000015258789,93.94999694824219,92.40673065185547,5743700
2024-12-31,94.25,95.0,93.5,93.69999694824219,92.16083526611328,8079090
2025-01-02,94.0999984741211,94.30000305175781,93.25,94.05000305175781,92.50508880615234,9007040
2025-01-03,94.5,95.5,94.25,95.1500015258789,93.58702087402344,9809540
2025-01-06,95.3499984741211,96.69999694824219,94.5999984741211,94.69999694824219,93.1444091796875,12921550
2025-01-07,95.0,95.5999984741211,94.3499984741211,94.4000015258789,92.8493423461914,12017620
2025-01-08,94.4000015258789,95.55000305175781,93.55000305175781,94.0999984741211,92.55426788330078,11981600
2025-01-09,94.55000305175781,95.19999694824219,93.5999984741211,94.25,92.7018051147461,8499110
2025-01-10,94.30000305175781,94.3499984741211,92.0,92.25,90.73465728759766,9768580
2025-01-13,92.25,93.8499984741211,91.19999694824219,91.4000015258789,89.89862060546875,15259750
2025-01-14,91.69999694824219,92.5,90.5,90.9000015258789,89.40682983398438,9436030
2025-01-15,91.0,91.19999694824219,89.55000305175781,91.19999694824219,89.70189666748047,10593410
2025-01-16,92.4000015258789,92.94999694824219,91.0,92.3499984741211,90.8330078125,10788210
2025-01-17,92.4000015258789,93.0,91.69999694824219,92.19999694824219,90.68547058105469,7971850
2025-01-20,92.25,93.25,91.5999984741211,92.30000305175781,90.7838363647461,10653150
2025-01-21,92.25,92.8499984741211,91.69999694824219,92.69999694824219,91.17726135253906,8318810
2025-01-22,93.0,93.0,92.0,92.75,91.2264404296875,7736390
2025-01-23,93.0,95.80000305175781,92.5,95.5999984741211,94.02962493896484,17930640
2025-01-24,95.5999984741211,95.75,93.1500015258789,93.25,91.71823120117188,9731830
2025-01-27,93.25,93.25,91.0999984741211,91.4000015258789,89.89862060546875,9180560
2025-01-28,91.5,92.3499984741211,90.75,91.9000015258789,90.3904037475586,8953090
2025-01-29,92.25,93.75,91.75,92.1500015258789,90.63629913330078,11913560
2025-01-30,92.69999694824219,94.94999694824219,92.25,94.0999984741211,92.55426788330078,13615140
2025-01-31,94.1500015258789,94.19999694824219,92.44999694824219,92.94999694824219,91.42315673828125,9701410
2025-02-03,91.94999694824219,91.94999694824219,87.9000015258789,88.4000015258789,86.9478988647461,22814620
2025-02-04,88.80000305175781,90.9000015258789,88.0999984741211,89.6500015258789,88.1773681640625,16618650
2025-02-05,89.69999694824219,92.19999694824219,89.5999984741211,91.0,89.50518798828125,17640950
2025-02-06,91.44999694824219,92.5999984741211,90.6500015258789,91.9000015258789,90.3904037475586,13032520
2025-02-07,91.9000015258789,92.44999694824219,91.19999694824219,92.25,90.73465728759766,8644070
2025-02-10,92.3499984741211,93.6500015258789,91.75,91.80000305175781,90.29205322265625,16144670
2025-02-11,91.80000305175781,92.75,90.94999694824219,91.8499984741211,90.34122467041016,12590370
2025-02-12,91.9000015258789,92.0,89.69999694824219,89.8499984741211,88.37407684326172,13683240
2025-02-13,90.1500015258789,92.05000305175781,90.1500015258789,91.5,89.9969711303711,14509520
2025-02-14,91.5,92.55000305175781,90.8499984741211,91.5999984741211,90.09532928466797,9907660
2025-02-17,91.5999984741211,92.25,90.69999694824219,90.75,89.25929260253906,10396690
2025-02-18,91.05000305175781,93.94999694824219,90.75,93.44999694824219,91.9149398803711,25884980
2025-02-19,93.80000305175781,95.5,93.4000015258789,93.5,91.96411895751953,19953960
2025-02-20,93.8499984741211,94.5,91.0,91.69999694824219,90.19368743896484,13684700
2025-02-21,91.80000305175781,92.30000305175781,89.1500015258789,90.4000015258789,88.91504669189453,14878550
2025-02-24,91.30000305175781,91.69999694824219,89.19999694824219,89.19999694824219,87.73475646972656,9827450
2025-02-25,89.4000015258789,90.1500015258789,88.44999694824219,88.8499984741211,87.3905029296875,11058180
2025-02-26,88.94999694824219,89.9000015258789,88.30000305175781,88.94999694824219,87.48886108398438,10206040
2025-02-27,88.94999694824219,89.5,88.5999984741211,89.05000305175781,87.58721923828125,13861160
2025-02-28,89.0,89.69999694824219,87.80000305175781,88.25,86.80036163330078,14711060
2025-03-03,88.55000305175781,90.4000015258789,88.55000305175781,89.0999984741211,87.63639831542969,21093420
2025-03-04,89.19999694824219,90.0,88.6500015258789,88.6500015258789,87.19379425048828,9972700
2025-03-05,89.0999984741211,93.6500015258789,89.0999984741211,93.0,91.47233581542969,19383240
2025-03-06,94.0,97.4000015258789,93.19999694824219,97.4000015258789,95.80005645751953,18793170
2025-03-07,97.3499984741211,98.94999694824219,96.69999694824219,98.30000305175781,96.6852798461914,13555680
2025-03-10,98.3499984741211,100.0,97.94999694824219,99.30000305175781,97.66885375976562,12663460
2025-03-11,100.5999984741211,104.0999984741211,100.19999694824219,102.5,100.8162841796875,17935020
2025-03-12,102.5,104.0999984741211,101.69999694824219,103.0999984741211,101.40642547607422,11080090
2025-03-13,103.4000015258789,104.69999694824219,102.9000015258789,104.69999694824219,102.98014068603516,9658230
2025-03-14,104.69999694824219,105.9000015258789,104.0999984741211,105.19999694824219,103.47193145751953,9502450
2025-03-17,106.0,106.9000015258789,105.0,106.5,104.75057983398438,7627830
2025-03-18,105.80000305175781,108.19999694824219,104.5,107.19999694824219,105.43907928466797,12349310
2025-03-19,98.9000015258789,106.5,98.9000015258789,101.30000305175781,99.63600158691406,27026130
2025-03-20,101.0999984741211,107.30000305175781,100.5,105.30000305175781,103.5702896118164,23445050
2025-03-21,105.19999694824219,105.19999694824219,98.05000305175781,99.55000305175781,97.91474151611328,21999710
2025-03-24,99.5999984741211,104.5,99.5999984741211,104.19999694824219,102.48835754394531,20278630
2025-03-25,105.4000015258789,107.69999694824219,102.0,104.4000015258789,102.68507385253906,15970790
2025-03-26,103.0,107.0,101.5999984741211,103.4000015258789,101.70149993896484,20651900
2025-03-27,104.0,104.5,102.4000015258789,102.80000305175781,101.11135864257812,12952510
2025-03-28,102.80000305175781,105.9000015258789,101.69999694824219,105.9000015258789,104.16043853759766,9910790
2025-04-02,104.69999694824219,105.5999984741211,102.69999694824219,104.0999984741211,102.38999938964844,12455120
2025-04-03,104.19999694824219,109.30000305175781,104.19999694824219,107.5999984741211,107.5999984741211,14891390
2025-04-04,107.5999984741211,107.69999694824219,104.19999694824219,104.80000305175781,104.80000305175781,10783340
2025-04-07,102.80000305175781,105.5,101.19999694824219,103.5999984741211,103.5999984741211,12225410
2025-04-08,104.80000305175781,105.9000015258789,102.5999984741211,103.19999694824219,103.19999694824219,10168900
2025-04-09,102.5999984741211,103.4000015258789,99.80000305175781,99.80000305175781,99.80000305175781,10183500
2025-04-10,103.5,103.5999984741211,99.94999694824219,100.5,100.5,9101970
2025-04-11,100.5999984741211,100.80000305175781,98.94999694824219,99.3499984741211,99.3499984741211,8622630
2025-04-14,99.5999984741211,100.4000015258789,98.94999694824219,99.5999984741211,99.5999984741211,6023740
2025-04-15,99.69999694824219,100.5,94.80000305175781,95.19999694824219,95.19999694824219,12082560
2025-04-16,95.19999694824219,95.3499984741211,90.69999694824219,91.0999984741211,91.0999984741211,16781460
2025-04-17,91.0999984741211,93.8499984741211,90.19999694824219,91.75,91.75,18699980
2025-04-18,92.0,93.05000305175781,91.0,91.55000305175781,91.55000305175781,12244390
2025-04-21,91.6500015258789,93.6500015258789,91.0999984741211,92.3499984741211,92.3499984741211,15706040
2025-04-22,92.4000015258789,93.44999694824219,91.19999694824219,91.4000015258789,91.4000015258789,6627380
2025-04-24,91.55000305175781,92.8499984741211,91.05000305175781,92.19999694824219,92.19999694824219,9708350
2025-04-25,92.19999694824219,93.4000015258789,91.94999694824219,92.80000305175781,92.80000305175781,8207730
2025-04-28,92.94999694824219,93.44999694824219,92.0999984741211,92.0999984741211,92.0999984741211,7191110
2025-04-29,91.5999984741211,92.1500015258789,90.55000305175781,91.5,91.5,7491630
2025-04-30,91.5,92.0,88.5,88.55000305175781,88.55000305175781,12630090
2025-05-02,89.5,91.44999694824219,89.0999984741211,89.5999984741211,89.5999984741211,11081080
2025-05-05,89.69999694824219,90.30000305175781,87.30000305175781,88.19999694824219,88.19999694824219,8675370
2025-05-06,88.5999984741211,90.3499984741211,87.19999694824219,87.75,87.75,14615020
2025-05-07,87.5999984741211,89.5,86.25,87.25,87.25,11483716
2025-05-08,87.25,91.69999694824219,86.5999984741211,90.94999694824219,90.94999694824219,9947869
2025-05-09,90.9000015258789,92.5999984741211,89.80000305175781,91.5,91.5,10120489
2025-05-12,93.25,98.5999984741211,93.25,97.94999694824219,97.94999694824219,14760362
2025-05-13,97.94999694824219,100.4000015258789,95.0999984741211,97.75,97.75,13610285
2025-05-14,97.55000305175781,100.19999694824219,96.55000305175781,96.55000305175781,96.55000305175781,9606118
2025-05-15,96.25,97.69999694824219,92.6500015258789,93.5,93.5,9925309
2025-05-16,93.3499984741211,96.75,93.3499984741211,96.75,96.75,8154400
2025-05-20,96.80000305175781,97.05000305175781,91.69999694824219,91.94999694824219,91.94999694824219,14283341
2025-05-21,91.5,93.1500015258789,89.69999694824219,89.75,89.75,10429966
2025-05-22,89.8499984741211,91.19999694824219,87.5999984741211,88.4000015258789,88.4000015258789,15330007
2025-05-23,88.4000015258789,89.5,86.44999694824219,86.9000015258789,86.9000015258789,11354524
2025-05-26,87.55000305175781,88.4000015258789,85.30000305175781,88.19999694824219,88.19999694824219,14416536
2025-05-27,88.3499984741211,88.94999694824219,85.25,86.1500015258789,86.1500015258789,14186464
2025-05-28,86.1500015258789,86.94999694824219,85.0,85.3499984741211,85.3499984741211,9317637
2025-05-29,86.0,86.4000015258789,84.25,84.4000015258789,84.4000015258789,10409192
2025-05-30,84.4000015258789,84.5999984741211,80.1500015258789,80.1500015258789,80.1500015258789,18105724
2025-06-02,80.1500015258789,81.69999694824219,78.8499984741211,81.25,81.25,11363108
2025-06-03,81.9000015258789,85.75,81.8499984741211,85.19999694824219,85.19999694824219,12426190
2025-06-04,85.19999694824219,88.0999984741211,84.30000305175781,87.94999694824219,87.94999694824219,8635717
2025-06-05,87.6500015258789,87.80000305175781,86.75,87.55000305175781,87.55000305175781,2883459
2025-06-10,88.5999984741211,89.0,86.3499984741211,86.75,86.75,12728394
2025-06-11,86.75,89.1500015258789,86.1500015258789,86.5,86.5,18400169
2025-06-12,85.5999984741211,86.25,82.80000305175781,83.44999694824219,83.44999694824219,15134940
2025-06-13,79.80000305175781,82.75,79.5,82.75,82.75,13495602
2025-06-16,82.6500015258789,83.8499984741211,81.05000305175781,83.19999694824219,83.19999694824219,8195575
2025-06-17,83.19999694824219,84.8499984741211,82.69999694824219,84.0999984741211,84.0999984741211,10597477
2025-06-18,84.0,84.0,81.3499984741211,82.94999694824219,82.94999694824219,7964097
2025-06-19,82.94999694824219,83.5,81.25,81.69999694824219,81.69999694824219,7898311
2025-06-20,82.25,83.6500015258789,82.25,83.6500015258789,83.6500015258789,10275648
2025-06-23,82.6500015258789,85.69999694824219,81.30000305175781,85.0,85.0,10941383
2025-06-24,88.0,88.5999984741211,85.5,86.5999984741211,86.5999984741211,12263914
2025-06-25,87.69999694824219,88.30000305175781,86.69999694824219,86.80000305175781,86.80000305175781,11158754
2025-06-26,86.80000305175781,86.9000015258789,84.5,84.55000305175781,84.55000305175781,7662375
2025-06-27,84.6500015258789,84.8499984741211,82.4000015258789,84.1500015258789,84.1500015258789,11010975
2025-06-30,84.19999694824219,89.25,83.69999694824219,89.25,89.25,24183382
2025-07-01,89.25,91.5999984741211,88.0,90.1500015258789,90.1500015258789,16707792
2025-07-02,90.80000305175781,95.0999984741211,90.80000305175781,93.9000015258789,93.9000015258789,18672476
2025-07-03,94.80000305175781,95.80000305175781,92.05000305175781,93.05000305175781,93.05000305175781,12080431
2025-07-04,93.19999694824219,93.75,92.0,93.5,93.5,8753329
2025-07-07,92.0,93.5,91.19999694824219,92.5,92.5,8912687
2025-07-08,93.25,94.4000015258789,91.30000305175781,92.8499984741211,92.8499984741211,12559371
2025-07-09,94.0,95.30000305175781,93.55000305175781,94.80000305175781,94.80000305175781,15392268
2025-07-10,95.0999984741211,96.69999694824219,95.0999984741211,96.3499984741211,96.3499984741211,9545940
2025-07-11,97.30000305175781,98.75,95.19999694824219,95.30000305175781,95.30000305175781,11157535
2025-07-14,95.0999984741211,97.80000305175781,94.6500015258789,96.05000305175781,96.05000305175781,10601795
2025-07-16,96.05000305175781,96.5,92.69999694824219,95.5,95.5,13620812
2025-07-17,95.5,95.6500015258789,92.25,94.4000015258789,94.4000015258789,22990933
2025-07-18,94.44999694824219,94.69999694824219,92.0,92.0,92.0,17714231
2025-07-21,92.0999984741211,93.19999694824219,92.0,92.44999694824219,92.44999694824219,16430680
2025-07-22,92.5999984741211,94.75,92.30000305175781,93.75,93.75,21176101
2025-07-23,94.19999694824219,95.0999984741211,93.3499984741211,93.3499984741211,93.3499984741211,14517942
2025-07-24,93.55000305175781,95.75,92.44999694824219,94.30000305175781,94.30000305175781,21256696
2025-07-25,94.5,94.55000305175781,92.30000305175781,92.4000015258789,92.4000015258789,10657635
2025-07-28,92.8499984741211,94.55000305175781,92.75,92.94999694824219,92.94999694824219,12366896
2025-07-29,93.05000305175781,93.75,91.5,91.5,91.5,7895439
2025-07-30,91.5,96.19999694824219,91.19999694824219,95.44999694824219,95.44999694824219,22061566
2025-07-31,95.94999694824219,97.0,93.75,95.1500015258789,95.1500015258789,20032676
2025-08-01,95.1500015258789,98.0,95.1500015258789,97.44999694824219,97.44999694824219,17139410
2025-08-04,98.80000305175781,101.0,98.3499984741211,100.5,100.5,15204116
2025-08-05,101.0,102.69999694824219,100.0999984741211,101.5999984741211,101.5999984741211,12789911
2025-08-06,102.0999984741211,104.5,101.0999984741211,102.4000015258789,102.4000015258789,13727166
2025-08-07,102.4000015258789,107.0999984741211,101.80000305175781,106.30000305175781,106.30000305175781,16902222
2025-08-08,106.5999984741211,108.4000015258789,104.69999694824219,104.9000015258789,104.9000015258789,11589651
2025-08-11,105.5999984741211,106.80000305175781,104.5,106.19999694824219,106.19999694824219,8708966
2025-08-12,106.19999694824219,107.5,104.9000015258789,106.30000305175781,106.30000305175781,9508345
2025-08-13,106.30000305175781,107.19999694824219,104.5,105.0999984741211,105.0999984741211,7315470
2025-08-14,104.19999694824219,106.19999694824219,103.69999694824219,104.80000305175781,104.80000305175781,9463355
2025-08-15,104.5,106.0,103.0999984741211,105.19999694824219,105.19999694824219,9091696
2025-08-18,105.30000305175781,107.5,103.9000015258789,107.0,107.0,11853085
2025-08-19,107.5,111.0,106.5,111.0,111.0,15629766
2025-08-20,110.30000305175781,115.19999694824219,110.19999694824219,114.0,114.0,18224673
2025-08-21,114.30000305175781,115.69999694824219,113.0999984741211,114.19999694824219,114.19999694824219,8849344
2025-08-22,114.4000015258789,116.5,113.4000015258789,114.5,114.5,10236379
2025-08-25,115.0999984741211,117.0,114.69999694824219,115.69999694824219,115.69999694824219,12199286
2025-08-26,116.19999694824219,118.30000305175781,115.0999984741211,118.30000305175781,118.30000305175781,12305108
2025-08-27,118.0,118.0,113.19999694824219,113.4000015258789,113.4000015258789,11719379
2025-08-28,113.4000015258789,115.19999694824219,111.80000305175781,111.80000305175781,111.80000305175781,9244403
2025-08-29,112.30000305175781,113.19999694824219,111.19999694824219,111.69999694824219,111.69999694824219,10973332
2025-09-01,111.69999694824219,112.0999984741211,108.4000015258789,110.80000305175781,110.80000305175781,9997518
2025-09-02,111.0,112.19999694824219,101.0,104.9000015258789,104.9000015258789,17243323
2025-09-03,105.0999984741211,105.5,102.5999984741211,105.19999694824219,105.19999694824219,10480292
2025-09-04,105.5,106.30000305175781,104.4000015258789,104.5999984741211,104.5999984741211,10520162
2025-09-05,104.80000305175781,108.69999694824219,103.80000305175781,107.0,107.0,16062718
2025-09-08,105.9000015258789,106.5999984741211,103.4000015258789,105.5999984741211,105.5999984741211,12893157
2025-09-09,105.5999984741211,105.69999694824219,101.69999694824219,102.9000015258789,102.9000015258789,14856349
2025-09-10,103.30000305175781,103.5,101.0,102.69999694824219,102.69999694824219,12170993
2025-09-11,102.69999694824219,105.30000305175781,100.80000305175781,101.0,101.0,17141091
2025-09-12,100.9000015258789,102.0999984741211,99.4000015258789,100.80000305175781,100.80000305175781,14017198
2025-09-15,100.5,106.5,98.4000015258789,105.30000305175781,105.30000305175781,24524276
2025-09-16,106.5999984741211,108.4000015258789,105.80000305175781,108.4000015258789,108.4000015258789,15358705
2025-09-17,108.80000305175781,109.5,104.5999984741211,105.0,105.0,16236947
2025-09-18,105.4000015258789,106.5,103.5,104.0999984741211,104.0999984741211,17536361
2025-09-19,104.30000305175781,105.9000015258789,102.9000015258789,105.80000305175781,105.80000305175781,15779130
2025-09-22,110.0,110.0,105.0,105.0999984741211,105.0999984741211,19156951
2025-09-23,104.30000305175781,104.30000305175781,101.30000305175781,101.69999694824219,101.69999694824219,14905430
2025-09-24,102.0,102.4000015258789,99.9000015258789,101.0,101.0,12136103
2025-09-25,102.19999694824219,103.5,101.69999694824219,103.0999984741211,103.0999984741211,15049014
2025-09-26,102.9000015258789,103.69999694824219,100.5,100.69999694824219,100.69999694824219,15927208
2025-09-29,100.5999984741211,102.30000305175781,99.19999694824219,99.4000015258789,99.4000015258789,12156847
2025-09-30,99.5999984741211,100.30000305175781,97.5999984741211,99.05000305175781,99.05000305175781,15693359
2025-10-01,99.05000305175781,101.5,97.0,100.30000305175781,100.30000305175781,21962925
2025-10-02,100.30000305175781,101.19999694824219,98.9000015258789,99.9000015258789,99.9000015258789,13756295
2025-10-03,100.5,100.69999694824219,98.69999694824219,98.80000305175781,98.80000305175781,13134473
2025-10-06,98.80000305175781,99.19999694824219,96.44999694824219,96.55000305175781,96.55000305175781,12975491
2025-10-07,96.55000305175781,98.1500015258789,96.25,97.3499984741211,97.3499984741211,14474506
2025-10-08,97.3499984741211,98.5,95.75,95.9000015258789,95.9000015258789,14235527
2025-10-09,96.80000305175781,97.5999984741211,93.25,94.05000305175781,94.05000305175781,14283582
2025-10-10,94.1500015258789,94.55000305175781,93.19999694824219,93.55000305175781,93.55000305175781,13663388
2025-10-13,92.4000015258789,94.44999694824219,91.0,92.6500015258789,92.6500015258789,17438694
2025-10-14,92.5999984741211,93.44999694824219,91.44999694824219,92.44999694824219,92.44999694824219,12074791
2025-10-15,92.44999694824219,92.69999694824219,90.4000015258789,91.75,91.75,16939727
2025-10-16,91.75,92.19999694824219,89.80000305175781,90.55000305175781,90.55000305175781,16762827
2025-10-17,90.1500015258789,94.19999694824219,89.69999694824219,92.80000305175781,92.80000305175781,19673186
2025-10-20,92.80000305175781,97.30000305175781,92.55000305175781,96.5,96.5,19549592
2025-10-21,98.25,98.8499984741211,96.69999694824219,98.0,98.0,17719239
2025-10-22,98.80000305175781,99.8499984741211,97.05000305175781,97.69999694824219,97.69999694824219,16764548
2025-10-23,97.55000305175781,98.55000305175781,96.3499984741211,96.94999694824219,96.94999694824219,15185047
2025-10-24,98.0,101.9000015258789,96.9000015258789,100.0,100.0,30668408
2025-10-27,100.0,100.0,97.3499984741211,98.3499984741211,89.2284164428711,14599604
2025-10-28,98.3499984741211,98.55000305175781,97.0999984741211,97.5,88.4572525024414,7150507
2025-10-30,97.5,97.69999694824219,95.8499984741211,96.25,87.32318878173828,11151178
2025-10-31,97.0,100.4000015258789,96.69999694824219,99.25,90.0449447631836,25897595
2025-11-03,99.4000015258789,101.80000305175781,99.4000015258789,100.0999984741211,90.81610870361328,13022631
2025-11-04,100.0999984741211,100.5999984741211,97.4000015258789,98.5,89.36450958251953,12807446
2025-11-05,98.5,99.80000305175781,97.4000015258789,99.30000305175781,90.09031677246094,13749181
2025-11-06,101.0,101.4000015258789,97.4000015258789,97.9000015258789,88.82015991210938,20899881
2025-11-07,97.9000015258789,97.9000015258789,94.9000015258789,97.0999984741211,88.09435272216797,17546214
2025-11-10,97.30000305175781,98.94999694824219,96.44999694824219,96.44999694824219,87.50463104248047,17111313
2025-11-11,96.5,97.8499984741211,93.5,94.4000015258789,85.64476776123047,22344573
2025-11-12,95.0,95.94999694824219,94.25,94.3499984741211,85.59940338134766,10601542
2025-11-13,94.80000305175781,95.30000305175781,93.5,94.69999694824219,85.91693878173828,10807019
2025-11-14,94.19999694824219,94.69999694824219,92.69999694824219,94.69999694824219,85.91693878173828,8711132
2025-11-17,95.1500015258789,95.80000305175781,93.75,94.5999984741211,85.82621765136719,13170438
2025-11-18,94.5,95.30000305175781,93.44999694824219,94.19999694824219,85.46331024169922,11276808
2025-11-19,94.55000305175781,95.80000305175781,93.75,95.05000305175781,86.23448944091797,14509351
2025-11-20,95.5,95.9000015258789,94.6500015258789,95.44999694824219,86.59738159179688,10480946
2025-11-21,95.0,95.0,93.3499984741211,94.05000305175781,85.32723236083984,10851043
2025-11-24,93.8499984741211,94.19999694824219,93.05000305175781,94.19999694824219,85.46331024169922,12852808
2025-11-25,94.30000305175781,95.80000305175781,93.80000305175781,94.44999694824219,85.69012451171875,13316484
2025-11-26,94.9000015258789,95.75,94.3499984741211,95.0,86.18911743164062,12834067
2025-11-27,95.44999694824219,96.55000305175781,95.05000305175781,95.1500015258789,86.32521057128906,15188501
2025-11-28,95.19999694824219,96.05000305175781,94.25,94.5999984741211,85.82621765136719,11820595
2025-12-01,94.5999984741211,96.75,94.05000305175781,96.6500015258789,87.68608856201172,19472039
2025-12-02,96.69999694824219,99.0,96.25,98.19999694824219,89.09233093261719,26118744
2025-12-03,93.80000305175781,93.80000305175781,90.19999694824219,90.19999694824219,87.20703125,31288317
2025-12-04,90.3499984741211,90.8499984741211,89.8499984741211,90.3499984741211,87.35205841064453,13795142
2025-12-05,90.4000015258789,93.05000305175781,90.19999694824219,90.80000305175781,87.7871322631836,24452112
2025-12-08,91.0999984741211,93.25,91.0999984741211,92.25,89.18901062011719,20096529
2025-12-09,92.5,92.94999694824219,90.6500015258789,91.3499984741211,88.31887817382812,14791581
2025-12-10,91.4000015258789,92.05000305175781,90.3499984741211,90.5,87.49707794189453,16845037
2025-12-11,90.69999694824219,94.19999694824219,90.69999694824219,93.6500015258789,90.54256439208984,26615299
2025-12-12,94.80000305175781,97.0999984741211,94.1500015258789,96.9000015258789,93.68472290039062,22877575
2025-12-15,97.0,99.9000015258789,96.5,99.30000305175781,96.00508880615234,19229964
2025-12-16,99.25,99.25,97.19999694824219,97.4000015258789,94.16812896728516,13308144
2025-12-17,97.4000015258789,97.9000015258789,96.05000305175781,97.25,94.02310943603516,10962136
2025-12-18,97.25,97.25,95.0999984741211,96.05000305175781,92.86293029785156,16444112
2025-12-19,96.05000305175781,96.1500015258789,94.6500015258789,95.3499984741211,92.18614959716797,12706645
2025-12-22,95.75,96.0,94.5,94.5,91.3643569946289,9779905
2025-12-23,94.44999694824219,95.4000015258789,93.9000015258789,94.44999694824219,91.31600952148438,10724916
2025-12-24,94.25,95.69999694824219,93.80000305175781,95.44999694824219,92.28282928466797,9637712
2025-12-25,95.69999694824219,96.1500015258789,95.0,95.0999984741211,91.94444274902344,4525227
2025-12-26,95.0999984741211,95.1500015258789,93.8499984741211,94.30000305175781,91.1709976196289,7919876
2025-12-29,94.30000305175781,94.4000015258789,90.94999694824219,91.05000305175781,88.0288314819336,14775405
2025-12-30,91.1500015258789,92.80000305175781,90.75,92.6500015258789,89.57574462890625,15516418
2025-12-31,92.6500015258789,93.5,92.30000305175781,92.6500015258789,89.57574462890625,9173654
2026-01-02,92.9000015258789,95.5999984741211,92.80000305175781,95.5999984741211,92.4278564453125,11143630
2026-01-05,95.5999984741211,96.8499984741211,94.6500015258789,96.19999694824219,93.00794219970703,16664893
2026-01-06,96.30000305175781,98.3499984741211,96.0,98.25,94.98992156982422,18203266
2026-01-07,99.1500015258789,99.25,97.05000305175781,97.55000305175781,94.31315612792969,16924475
2026-01-08,97.55000305175781,98.5,96.0999984741211,98.0999984741211,94.84490203857422,15482817
2026-01-09,98.55000305175781,99.5999984741211,97.69999694824219,98.44999694824219,95.18328857421875,16609632
2026-01-12,98.5,99.69999694824219,97.8499984741211,98.80000305175781,95.52167510986328,19155230
2026-01-13,98.75,101.4000015258789,98.19999694824219,100.9000015258789,97.55199432373047,26670413
2026-01-14,101.4000015258789,104.0,100.4000015258789,101.5999984741211,98.22876739501953,23310211
2026-01-15,101.5,105.30000305175781,100.4000015258789,104.30000305175781,100.83917999267578,25501044
2026-01-16,104.5,107.69999694824219,103.5,105.4000015258789,101.90267944335938,23559661
2026-01-19,106.0,106.69999694824219,103.5,103.69999694824219,100.25908660888672,16678453
2026-01-20,103.4000015258789,104.30000305175781,102.30000305175781,103.0,99.58231353759766,13606014
2026-01-21,103.0,104.30000305175781,100.9000015258789,103.0999984741211,99.67899322509766,16829441
2026-01-22,104.0999984741211,105.0,102.19999694824219,103.9000015258789,100.45245361328125,18249970
2026-01-23,104.5999984741211,106.0,104.5999984741211,105.0999984741211,101.61263275146484,16388543
2026-01-26,104.0999984741211,108.0999984741211,103.5999984741211,107.80000305175781,104.2230453491211,21764383
2026-01-27,109.9000015258789,112.0,107.9000015258789,109.19999694824219,105.57658386230469,30433473
2026-01-28,109.9000015258789,110.69999694824219,108.30000305175781,110.30000305175781,106.64009094238281,24065255
2026-01-29,112.0,113.30000305175781,110.4000015258789,112.0999984741211,108.38036346435547,23141852
2026-01-30,112.80000305175781,115.5,110.9000015258789,113.69999694824219,109.9272689819336,28055221
2026-02-02,112.69999694824219,115.5,111.0999984741211,113.80000305175781,110.02395629882812,27580196
2026-02-03,114.5999984741211,117.4000015258789,114.30000305175781,116.5,112.63436126708984,24195365
2026-02-04,117.0999984741211,117.4000015258789,115.19999694824219,115.80000305175781,111.95759582519531,16417015
2026-02-05,115.80000305175781,118.19999694824219,114.69999694824219,115.19999694824219,111.37749481201172,20186149
2026-02-06,114.9000015258789,117.30000305175781,114.4000015258789,115.69999694824219,111.86090850830078,18213099
2026-02-09,116.80000305175781,120.30000305175781,116.19999694824219,119.4000015258789,115.43814086914062,23719238
2026-02-10,118.0,118.4000015258789,115.30000305175781,115.9000015258789,112.05427551269531,29452264
2026-02-11,115.0,121.0,114.0999984741211,120.19999694824219,116.21158599853516,26262678
2026-02-12,120.30000305175781,127.19999694824219,119.9000015258789,127.19999694824219,122.97931671142578,20866029
2026-02-13,127.4000015258789,129.0,126.0,129.0,124.71959686279297,14641188
2026-02-16,131.0,135.39999389648438,130.0,134.3000030517578,129.84373474121094,25437506
2026-02-17,134.0,134.0,127.80000305175781,127.80000305175781,123.55941772460938,24247700
2026-02-18,128.1999969482422,128.60000610351562,123.30000305175781,123.9000015258789,119.78882598876953,24942007
2026-02-19,125.0999984741211,125.19999694824219,119.80000305175781,120.80000305175781,116.79168701171875,20531683
2026-02-20,120.80000305175781,121.69999694824219,119.69999694824219,121.30000305175781,117.27509307861328,12234686
2026-02-23,123.5,123.9000015258789,119.69999694824219,120.5999984741211,116.59832000732422,19620689
2026-02-24,120.0,120.30000305175781,118.0999984741211,119.5999984741211,115.63150024414062,11239165
2026-02-25,120.30000305175781,121.0,117.0999984741211,117.0999984741211,113.2144546508789,11549630
2026-02-26,117.0999984741211,119.5,116.0999984741211,118.5999984741211,114.66468048095703,11811512
2026-02-27,118.5999984741211,119.5999984741211,113.5999984741211,115.9000015258789,112.05427551269531,20584615
2026-03-02,106.4000015258789,112.9000015258789,106.30000305175781,111.69999694824219,107.9936294555664,12792189
2026-03-03,111.5,112.9000015258789,108.4000015258789,108.5,104.89981842041016,9127332
2026-03-04,108.5,109.19999694824219,105.69999694824219,107.80000305175781,104.2230453491211,14707685
2026-03-05,112.19999694824219,113.0,109.4000015258789,111.4000015258789,107.7035903930664,11061522
2026-03-06,110.80000305175781,111.69999694824219,108.0,108.5,104.89981842041016,9780415
2026-03-09,105.69999694824219,109.0,104.19999694824219,108.9000015258789,105.28654479980469,12365452
2026-03-10,112.5999984741211,112.9000015258789,109.30000305175781,112.0999984741211,108.38036346435547,19430184
2026-03-11,111.69999694824219,113.19999694824219,110.5999984741211,111.5999984741211,107.8969497680664,12361125
2026-03-12,111.19999694824219,113.80000305175781,110.69999694824219,112.0,108.28367614746094,12887941
2026-03-13,111.69999694824219,111.80000305175781,108.0999984741211,109.69999694824219,106.05999755859375,11431831
2026-03-16,108.30000305175781,108.30000305175781,104.80000305175781,105.5999984741211,105.5999984741211,7014624
2026-03-17,107.0999984741211,108.19999694824219,104.9000015258789,107.9000015258789,107.9000015258789,8779332
2026-03-18,108.9000015258789,109.4000015258789,105.5999984741211,105.69999694824219,105.69999694824219,8836224
2026-03-19,105.4000015258789,109.80000305175781,104.5,109.80000305175781,109.80000305175781,5828486
2026-03-23,107.5999984741211,108.9000015258789,102.0,108.9000015258789,108.9000015258789,20577527
2026-03-24,107.0,107.19999694824219,104.19999694824219,104.19999694824219,104.19999694824219,9155385
2026-03-25,106.0,106.9000015258789,104.5999984741211,104.5999984741211,104.5999984741211,9534607
2026-03-26,104.5999984741211,105.4000015258789,102.69999694824219,102.69999694824219,102.69999694824219,6551435
2026-03-27,103.0999984741211,103.9000015258789,102.0,103.80000305175781,103.80000305175781,5790049
2026-03-30,103.0,103.30000305175781,100.0,100.0,100.0,9007723
2026-03-31,100.30000305175781,102.80000305175781,99.25,101.0999984741211,101.0999984741211,16038889
2026-04-01,103.5,103.9000015258789,101.80000305175781,102.5,102.5,8554914
2026-04-02,101.0,101.4000015258789,100.0,100.69999694824219,100.69999694824219,9273155
2026-04-03,100.9000015258789,101.4000015258789,99.5999984741211,99.5999984741211,99.5999984741211,8412158
2026-04-06,99.5999984741211,101.0,99.4000015258789,100.4000015258789,100.4000015258789,8428115
2026-04-07,100.0999984741211,100.5,96.55000305175781,96.69999694824219,96.69999694824219,15131398
2026-04-08,101.5,102.9000015258789,100.5,101.80000305175781,101.80000305175781,24371970
2026-04-09,101.0999984741211,102.80000305175781,100.80000305175781,102.19999694824219,102.19999694824219,17776135
2026-04-10,103.0,105.30000305175781,102.30000305175781,105.30000305175781,105.30000305175781,18845923
2026-04-13,106.0,106.30000305175781,104.19999694824219,104.9000015258789,104.9000015258789,23746054
2026-04-14,106.0,107.5999984741211,104.0999984741211,106.0999984741211,106.0999984741211,25658021
2026-04-15,107.0,108.0999984741211,106.30000305175781,106.80000305175781,106.80000305175781,15993938
2026-04-16,107.69999694824219,109.19999694824219,105.5,105.9000015258789,105.9000015258789,15347554
2026-04-17,106.30000305175781,109.30000305175781,104.30000305175781,109.30000305175781,109.30000305175781,23426487
2026-04-20,107.30000305175781,108.9000015258789,106.4000015258789,107.5,107.5,13291780
2026-04-21,107.80000305175781,108.30000305175781,103.4000015258789,103.5,103.5,18703841
2026-04-22,103.69999694824219,104.30000305175781,100.9000015258789,102.30000305175781,102.30000305175781,17534011
2026-04-24,102.30000305175781,105.80000305175781,102.0999984741211,104.5,104.5,28419060
2026-04-27,104.9000015258789,105.30000305175781,102.19999694824219,102.5999984741211,102.5999984741211,17923899
2026-04-28,102.4000015258789,102.69999694824219,99.0,99.1500015258789,99.1500015258789,17993585
2026-04-29,99.5999984741211,100.5,98.05000305175781,98.05000305175781,98.05000305175781,14001184
2026-04-30,98.0999984741211,99.25,97.5,98.0,98.0,15950299
2026-05-04,98.55000305175781,98.94999694824219,95.8499984741211,96.0,96.0,17224809
2026-05-05,96.05000305175781,98.55000305175781,95.6500015258789,98.05000305175781,98.05000305175781,21241367
2026-05-06,99.0,99.80000305175781,97.44999694824219,99.0,99.0,40692044
2026-05-07,99.4000015258789,99.9000015258789,98.5999984741211,98.9000015258789,98.9000015258789,24442411
2026-05-08,98.9000015258789,98.94999694824219,97.0999984741211,97.5,97.5,27707789
2026-05-11,97.5,98.0,96.30000305175781,97.0,97.0,27754998
2026-05-12,97.0,97.30000305175781,94.0,94.0999984741211,94.0999984741211,19341242
2026-05-13,94.1500015258789,94.30000305175781,91.05000305175781,93.44999694824219,93.44999694824219,31411999
2026-05-14,93.55000305175781,94.9000015258789,92.80000305175781,93.44999694824219,93.44999694824219,17732807
2026-05-15,92.80000305175781,92.8499984741211,90.75,91.44999694824219,91.44999694824219,19519846
2026-05-18,91.3499984741211,91.3499984741211,87.3499984741211,87.3499984741211,87.3499984741211,40638833
2026-05-20,87.3499984741211,87.3499984741211,85.44999694824219,86.6500015258789,86.6500015258789,41170289
2026-05-21,86.6500015258789,87.05000305175781,82.3499984741211,82.3499984741211,82.3499984741211,35428002
2026-05-22,82.3499984741211,87.6500015258789,81.6500015258789,86.8499984741211,86.8499984741211,38740356
