Tarih,Açılış,Yüksek,Düşük,Kapanış,Düzeltilmiş_Kapanış,Hacim
2015-10-29,0.8712170124053955,0.8712170124053955,0.8712170124053955,0.8712170124053955,0.6459118723869324,0
2015-10-30,0.8694170117378235,0.8964179754257202,0.8676170110702515,0.8964179754257202,0.6645956039428711,130913119
2015-11-02,0.9702190160751343,0.9720190167427063,0.9594190120697021,0.9666190147399902,0.7166419625282288,224755747
2015-11-03,0.94861900806427,0.9540190100669861,0.943219006061554,0.945019006729126,0.7006279826164246,156094969
2015-11-04,0.9522190093994141,0.9576190114021301,0.946819007396698,0.9522190093994141,0.7059659361839294,108890761
2015-11-05,0.9378190040588379,0.945019006729126,0.9342179894447327,0.9342179894447327,0.6926202178001404,101130429
2015-11-06,0.9324179887771606,0.9342179894447327,0.9216179847717285,0.9234179854393005,0.6846131682395935,105909460
2015-11-09,0.9234179854393005,0.9378190040588379,0.9180179834365845,0.9306179881095886,0.6899511814117432,144422872
2015-11-10,0.9288179874420166,0.9288179874420166,0.9198179841041565,0.9216179847717285,0.6832786798477173,82395310
2015-11-11,0.9342179894447327,0.9396190047264099,0.9306179881095886,0.9342179894447327,0.6926202178001404,122692925
2015-11-12,0.9396190047264099,0.9396190047264099,0.9252179861068726,0.9378190040588379,0.6952899098396301,101177095
2015-11-13,0.9396190047264099,0.945019006729126,0.9306179881095886,0.9396190047264099,0.6966244578361511,149127699
2015-11-16,0.9360190033912659,0.9378190040588379,0.9306179881095886,0.9342179894447327,0.6926202178001404,85723881
2015-11-17,0.9396190047264099,0.9414190053939819,0.9306179881095886,0.9306179881095886,0.6899511814117432,91078256
2015-11-18,0.9306179881095886,0.9342179894447327,0.9198179841041565,0.9216179847717285,0.6832786798477173,99642232
2015-11-19,0.9306179881095886,0.9306179881095886,0.9126179814338684,0.9162179827690125,0.6792751550674438,113931131
2015-11-20,0.9288179874420166,0.9288179874420166,0.9198179841041565,0.9288179874420166,0.6886167526245117,74746671
2015-11-23,0.9216179847717285,0.9234179854393005,0.9126179814338684,0.9162179827690125,0.6792751550674438,72329697
2015-11-24,0.9000179767608643,0.9108179807662964,0.8532170057296753,0.8658170104026794,0.6419082880020142,296783757
2015-11-25,0.8766170144081116,0.8802170157432556,0.8658170104026794,0.8730170130729675,0.6472463011741638,151406975
2015-11-26,0.8694170117378235,0.8730170130729675,0.8460170030593872,0.8460170030593872,0.6272289156913757,123542819
2015-11-27,0.8658170104026794,0.8694170117378235,0.8532170057296753,0.8532170057296753,0.6325668692588806,160257329
2015-11-30,0.8550170063972473,0.8658170104026794,0.8496170043945312,0.8514170050621033,0.6312323808670044,174322238
2015-12-01,0.8532170057296753,0.8784170150756836,0.8532170057296753,0.8532170057296753,0.6325668692588806,299101904
2015-12-02,0.8838170170783997,0.8928179740905762,0.8712170124053955,0.8748170137405396,0.6485809087753296,287874187
2015-12-03,0.8784170150756836,0.8874179720878601,0.8586170077323914,0.8586170077323914,0.6365704536437988,198654532
2015-12-04,0.8640170097351074,0.8658170104026794,0.8352159857749939,0.8514170050621033,0.6312323808670044,229332854
2015-12-07,0.8532170057296753,0.8532170057296753,0.8388170003890991,0.8460170030593872,0.6272289156913757,211754061
2015-12-08,0.8460170030593872,0.8532170057296753,0.8352159857749939,0.8370159864425659,0.6205555200576782,237968740
2015-12-09,0.8406170010566711,0.8622170090675354,0.8352159857749939,0.8604170083999634,0.6379048228263855,204869923
2015-12-10,0.8568170070648193,0.8766170144081116,0.8172159790992737,0.8226159811019897,0.6098795533180237,400682186
2015-12-11,0.8244159817695618,0.8280159831047058,0.7920160293579102,0.7920160293579102,0.5871930122375488,347209499
2015-12-14,0.8028159737586975,0.8136159777641296,0.7794150114059448,0.7794150114059448,0.5778507590293884,281274738
2015-12-15,0.7884160280227661,0.8334159851074219,0.7848150134086609,0.8262159824371338,0.6125485301017761,395634099
2015-12-16,0.8262159824371338,0.8424170017242432,0.8172159790992737,0.8406170010566711,0.6232253909111023,237489616
2015-12-17,0.8514170050621033,0.8550170063972473,0.8352159857749939,0.8496170043945312,0.6298978924751282,259572951
2015-12-18,0.8442170023918152,0.8460170030593872,0.8280159831047058,0.8316159844398499,0.6165520548820496,203004816
2015-12-21,0.8388170003890991,0.8496170043945312,0.8352159857749939,0.8442170023918152,0.62589430809021,161663389
2015-12-22,0.8424170017242432,0.8478170037269592,0.8244159817695618,0.8370159864425659,0.6205555200576782,181696905
2015-12-23,0.8424170017242432,0.8514170050621033,0.8406170010566711,0.8442170023918152,0.62589430809021,179845153
2015-12-24,0.8460170030593872,0.8496170043945312,0.8424170017242432,0.8424170017242432,0.6245598196983337,73108909
2015-12-25,0.8442170023918152,0.8460170030593872,0.8388170003890991,0.8442170023918152,0.62589430809021,28702928
2015-12-28,0.8496170043945312,0.8604170083999634,0.8460170030593872,0.8514170050621033,0.6312323808670044,180986086
2015-12-29,0.8532170057296753,0.8586170077323914,0.8496170043945312,0.8514170050621033,0.6312323808670044,143547318
2015-12-30,0.8496170043945312,0.8532170057296753,0.8388170003890991,0.8442170023918152,0.62589430809021,68222364
2015-12-31,0.8442170023918152,0.8478170037269592,0.8280159831047058,0.8280159831047058,0.6138830184936523,99461997
2016-01-01,0.8280159831047058,0.8280159831047058,0.8280159831047058,0.8280159831047058,0.6138830184936523,0
2016-01-04,0.8100159764289856,0.8190159797668457,0.8028159737586975,0.8154159784317017,0.6045414805412292,159436934
2016-01-05,0.8226159811019897,0.8262159824371338,0.8010159730911255,0.8118159770965576,0.6018725633621216,183947825
2016-01-06,0.8064159750938416,0.8172159790992737,0.7992159724235535,0.8154159784317017,0.6045414805412292,279528235
2016-01-07,0.8046159744262695,0.8388170003890991,0.8010159730911255,0.8352159857749939,0.6192210912704468,279260385
2016-01-08,0.8370159864425659,0.8388170003890991,0.8154159784317017,0.8208159804344177,0.6085450649261475,225259937
2016-01-11,0.8172159790992737,0.8334159851074219,0.8136159777641296,0.8244159817695618,0.6112139821052551,231482588
2016-01-12,0.8226159811019897,0.8370159864425659,0.8172159790992737,0.8316159844398499,0.6165520548820496,376994411
2016-01-13,0.8370159864425659,0.8442170023918152,0.8334159851074219,0.8334159851074219,0.6178865432739258,364527403
2016-01-14,0.8298159837722778,0.8334159851074219,0.8226159811019897,0.8298159837722778,0.6152175664901733,333772361
2016-01-15,0.8280159831047058,0.8334159851074219,0.8136159777641296,0.8226159811019897,0.6098795533180237,304054481
2016-01-18,0.8280159831047058,0.8280159831047058,0.8172159790992737,0.8172159790992737,0.6058760285377502,144551170
2016-01-19,0.8244159817695618,0.8262159824371338,0.8118159770965576,0.8154159784317017,0.6045414805412292,232493762
2016-01-20,0.8082159757614136,0.8100159764289856,0.7830150127410889,0.7830150127410889,0.5805197954177856,387752282
2016-01-21,0.7848150134086609,0.7884160280227661,0.7668150067329407,0.7722150087356567,0.5725127458572388,346323095
2016-01-22,0.7722150087356567,0.7722150087356567,0.7722150087356567,0.7722150087356567,0.5725127458572388,0
2016-01-25,0.8028159737586975,0.8028159737586975,0.7848150134086609,0.7956159710884094,0.5898619294166565,183061749
2016-01-26,0.7920160293579102,0.8136159777641296,0.7848150134086609,0.8136159777641296,0.603206992149353,295294998
2016-01-27,0.8100159764289856,0.8262159824371338,0.8082159757614136,0.8136159777641296,0.603206992149353,293960131
2016-01-28,0.8172159790992737,0.8262159824371338,0.8118159770965576,0.8154159784317017,0.6045414805412292,187128061
2016-01-29,0.8280159831047058,0.8334159851074219,0.8244159817695618,0.8316159844398499,0.6165520548820496,226677147
2016-02-01,0.8316159844398499,0.8334159851074219,0.8154159784317017,0.8244159817695618,0.6112139821052551,256257413
2016-02-02,0.8298159837722778,0.8316159844398499,0.8010159730911255,0.8010159730911255,0.5938653945922852,354595433
2016-02-03,0.7974159717559814,0.8172159790992737,0.7920160293579102,0.8100159764289856,0.6005379557609558,356858164
2016-02-04,0.8208159804344177,0.8280159831047058,0.8154159784317017,0.8208159804344177,0.6085450649261475,349775208
2016-02-05,0.8208159804344177,0.8226159811019897,0.8118159770965576,0.8154159784317017,0.6045414805412292,253769541
2016-02-08,0.8172159790992737,0.8208159804344177,0.7938159704208374,0.7938159704208374,0.588527500629425,259589923
2016-02-09,0.7884160280227661,0.7938159704208374,0.7740150094032288,0.7848150134086609,0.5818542838096619,349116861
2016-02-10,0.7884160280227661,0.7956159710884094,0.7794150114059448,0.7884160280227661,0.5845239162445068,224936910
2016-02-11,0.7794150114059448,0.7848150134086609,0.7596150040626526,0.7776150107383728,0.5765162706375122,321679623
2016-02-12,0.7812150120735168,0.7848150134086609,0.7740150094032288,0.7740150094032288,0.5738471746444702,179525465
2016-02-15,0.7776150107383728,0.7812150120735168,0.7524150013923645,0.7740150094032288,0.5738471746444702,270161364
2016-02-16,0.7830150127410889,0.7866150140762329,0.7740150094032288,0.7758150100708008,0.5751817226409912,191271010
2016-02-17,0.7722150087356567,0.7992159724235535,0.7704150080680847,0.7992159724235535,0.5925310254096985,280439972
2016-02-18,0.7956159710884094,0.8028159737586975,0.7884160280227661,0.7938159704208374,0.588527500629425,256214686
2016-02-19,0.7902160286903381,0.7920160293579102,0.7794150114059448,0.7866150140762329,0.5831887722015381,201805957
2016-02-22,0.7938159704208374,0.8190159797668457,0.7920160293579102,0.8136159777641296,0.603206992149353,361227754
2016-02-23,0.8118159770965576,0.8280159831047058,0.8082159757614136,0.8172159790992737,0.6058760285377502,377138942
2016-02-24,0.8190159797668457,0.8208159804344177,0.7884160280227661,0.7902160286903381,0.5858585834503174,277294802
2016-02-25,0.7956159710884094,0.8064159750938416,0.7884160280227661,0.8010159730911255,0.5938653945922852,302351305
2016-02-26,0.8064159750938416,0.8136159777641296,0.7992159724235535,0.8010159730911255,0.5938653945922852,224242885
2016-02-29,0.7992159724235535,0.8154159784317017,0.7956159710884094,0.8136159777641296,0.603206992149353,259559401
2016-03-01,0.8154159784317017,0.8226159811019897,0.8136159777641296,0.8190159797668457,0.6072105169296265,220748228
2016-03-02,0.8280159831047058,0.8370159864425659,0.8262159824371338,0.8352159857749939,0.6192210912704468,280167194
2016-03-03,0.8388170003890991,0.8460170030593872,0.8316159844398499,0.8388170003890991,0.6218907237052917,263579547
2016-03-04,0.8406170010566711,0.8460170030593872,0.8334159851074219,0.8460170030593872,0.6272289156913757,210836885
2016-03-07,0.8478170037269592,0.8586170077323914,0.8424170017242432,0.8496170043945312,0.6298978924751282,203231667
2016-03-08,0.8424170017242432,0.8568170070648193,0.8406170010566711,0.8532170057296753,0.6325668692588806,286306691
2016-03-09,0.8532170057296753,0.8730170130729675,0.8478170037269592,0.8730170130729675,0.6472463011741638,289595325
2016-03-10,0.8712170124053955,0.8892179727554321,0.8640170097351074,0.8712170124053955,0.6459118723869324,439544802
2016-03-11,0.8820170164108276,0.8820170164108276,0.8694170117378235,0.8766170144081116,0.6499153971672058,192078055
2016-03-14,0.8730170130729675,0.8820170164108276,0.8676170110702515,0.8766170144081116,0.6499153971672058,250075049
2016-03-15,0.8748170137405396,0.8748170137405396,0.8514170050621033,0.8532170057296753,0.6325668692588806,235541995
2016-03-16,0.8550170063972473,0.8604170083999634,0.8388170003890991,0.8532170057296753,0.6325668692588806,161473404
2016-03-17,0.8694170117378235,0.8730170130729675,0.8604170083999634,0.8712170124053955,0.6459118723869324,344491388
2016-03-18,0.8730170130729675,0.8802170157432556,0.8658170104026794,0.8784170150756836,0.651249885559082,238744579
2016-03-21,0.8766170144081116,0.8982179760932922,0.8712170124053955,0.8928179740905762,0.6619266271591187,297114600
2016-03-22,0.8874179720878601,0.8874179720878601,0.8550170063972473,0.8640170097351074,0.6405739188194275,379406223
2016-03-23,0.8568170070648193,0.8568170070648193,0.8280159831047058,0.8352159857749939,0.6192210912704468,413605151
2016-03-24,0.8280159831047058,0.8424170017242432,0.8208159804344177,0.8406170010566711,0.6232253909111023,342760051
2016-03-25,0.8406170010566711,0.8496170043945312,0.8406170010566711,0.8406170010566711,0.6232253909111023,96003433
2016-03-28,0.8406170010566711,0.8424170017242432,0.8298159837722778,0.8352159857749939,0.6192210912704468,73871150
2016-03-29,0.8406170010566711,0.8514170050621033,0.8406170010566711,0.8478170037269592,0.6285632252693176,180551672
2016-03-30,0.8316159844398499,0.8370159864425659,0.8244159817695618,0.8316159844398499,0.6398168206214905,221880127
2016-03-31,0.8316159844398499,0.8406170010566711,0.8298159837722778,0.8388170003890991,0.6453570127487183,185407290
2016-04-01,0.8352159857749939,0.8370159864425659,0.8118159770965576,0.8154159784317017,0.6273530721664429,283693483
2016-04-04,0.8208159804344177,0.8316159844398499,0.8154159784317017,0.8262159824371338,0.6356622576713562,341058191
2016-04-05,0.8244159817695618,0.8352159857749939,0.8172159790992737,0.8244159817695618,0.63427734375,289682012
2016-04-06,0.8280159831047058,0.8316159844398499,0.8154159784317017,0.8190159797668457,0.6301227807998657,220240227
2016-04-07,0.8244159817695618,0.8280159831047058,0.8118159770965576,0.8136159777641296,0.6259682178497314,160458908
2016-04-08,0.8154159784317017,0.8226159811019897,0.8100159764289856,0.8190159797668457,0.6301227807998657,180326677
2016-04-11,0.8208159804344177,0.8568170070648193,0.8190159797668457,0.8478170037269592,0.6522813439369202,323984615
2016-04-12,0.8478170037269592,0.8586170077323914,0.8316159844398499,0.8406170010566711,0.6467419266700745,256125349
2016-04-13,0.8496170043945312,0.8748170137405396,0.8478170037269592,0.8748170137405396,0.6730542778968811,337809390
2016-04-14,0.8730170130729675,0.8820170164108276,0.8640170097351074,0.8784170150756836,0.675823986530304,231658073
2016-04-15,0.8820170164108276,0.8928179740905762,0.8730170130729675,0.8910179734230042,0.6855186223983765,271990593
2016-04-18,0.8838170170783997,0.9054179787635803,0.8820170164108276,0.9000179767608643,0.6924429535865784,296335693
2016-04-19,0.9036179780960083,0.9054179787635803,0.8910179734230042,0.8946179747581482,0.6882883906364441,252486050
2016-04-20,0.8946179747581482,0.9126179814338684,0.8802170157432556,0.8892179727554321,0.6841338276863098,355784042
2016-04-21,0.8964179754257202,0.9018179774284363,0.8856170177459717,0.8910179734230042,0.6855186223983765,213871157
2016-04-22,0.8928179740905762,0.8964179754257202,0.8802170157432556,0.8892179727554321,0.6841338276863098,228230199
2016-04-25,0.8874179720878601,0.8928179740905762,0.8784170150756836,0.8802170157432556,0.6772088408470154,131205841
2016-04-26,0.8856170177459717,0.8982179760932922,0.8748170137405396,0.8946179747581482,0.6882883906364441,188798088
2016-04-27,0.8946179747581482,0.9018179774284363,0.8892179727554321,0.8910179734230042,0.6855186223983765,122611532
2016-04-28,0.8910179734230042,0.8964179754257202,0.8802170157432556,0.8838170170783997,0.6799784898757935,180044216
2016-04-29,0.8856170177459717,0.8892179727554321,0.8802170157432556,0.8838170170783997,0.6799784898757935,153864064
2016-05-02,0.8802170157432556,0.8856170177459717,0.8640170097351074,0.8640170097351074,0.6647450923919678,124695073
2016-05-03,0.8676170110702515,0.8712170124053955,0.8190159797668457,0.8244159817695618,0.63427734375,320013296
2016-05-04,0.8244159817695618,0.8280159831047058,0.8064159750938416,0.8136159777641296,0.6259682178497314,291373461
2016-05-05,0.7956159710884094,0.8154159784317017,0.7812150120735168,0.7956159710884094,0.6121196150779724,317727792
2016-05-06,0.7974159717559814,0.8010159730911255,0.7686150074005127,0.7794150114059448,0.5996552109718323,306101090
2016-05-09,0.7866150140762329,0.7974159717559814,0.7848150134086609,0.7920160293579102,0.6093499660491943,169795063
2016-05-10,0.7938159704208374,0.7974159717559814,0.7848150134086609,0.7902160286903381,0.6079651117324829,197519083
2016-05-11,0.7920160293579102,0.7956159710884094,0.7812150120735168,0.7920160293579102,0.6093499660491943,185479494
2016-05-12,0.7920160293579102,0.7992159724235535,0.7866150140762329,0.7884160280227661,0.6065802574157715,170575047
2016-05-13,0.7866150140762329,0.7938159704208374,0.7830150127410889,0.7866150140762329,0.6051945686340332,144516965
2016-05-16,0.7884160280227661,0.7920160293579102,0.7740150094032288,0.7758150100708008,0.5968854427337646,139858293
2016-05-17,0.7812150120735168,0.7848150134086609,0.7740150094032288,0.7794150114059448,0.5996552109718323,112549592
2016-05-18,0.7776150107383728,0.7902160286903381,0.7704150080680847,0.7884160280227661,0.6065802574157715,171100453
2016-05-19,0.7884160280227661,0.7884160280227661,0.7884160280227661,0.7884160280227661,0.6065802574157715,0
2016-05-20,0.7884160280227661,0.7956159710884094,0.7686150074005127,0.7686150074005127,0.591346025466919,144652862
2016-05-23,0.7722150087356567,0.7794150114059448,0.7668150067329407,0.7758150100708008,0.5968854427337646,119024616
2016-05-24,0.7740150094032288,0.8100159764289856,0.7722150087356567,0.8100159764289856,0.6231985092163086,320906439
2016-05-25,0.8136159777641296,0.8190159797668457,0.8028159737586975,0.8046159744262695,0.6190439462661743,179415079
2016-05-26,0.7974159717559814,0.8136159777641296,0.7902160286903381,0.8100159764289856,0.6231985092163086,143771397
2016-05-27,0.8100159764289856,0.8154159784317017,0.8010159730911255,0.8064159750938416,0.6204288005828857,143186614
2016-05-30,0.8064159750938416,0.8136159777641296,0.8010159730911255,0.8082159757614136,0.6218136548995972,97772331
2016-05-31,0.8118159770965576,0.8226159811019897,0.8100159764289856,0.8118159770965576,0.62458336353302,208438923
2016-06-01,0.8136159777641296,0.8172159790992737,0.7938159704208374,0.7992159724235535,0.6148893237113953,214825376
2016-06-02,0.8028159737586975,0.8064159750938416,0.7830150127410889,0.7866150140762329,0.6051945686340332,141469249
2016-06-03,0.7884160280227661,0.8118159770965576,0.7848150134086609,0.8028159737586975,0.6176591515541077,191935452
2016-06-06,0.8082159757614136,0.8172159790992737,0.8064159750938416,0.8082159757614136,0.6218136548995972,137660821
2016-06-07,0.8118159770965576,0.8208159804344177,0.8046159744262695,0.8082159757614136,0.6218136548995972,176607002
2016-06-08,0.8100159764289856,0.8172159790992737,0.7992159724235535,0.8154159784317017,0.6273530721664429,206174835
2016-06-09,0.8154159784317017,0.8190159797668457,0.8010159730911255,0.8028159737586975,0.6176591515541077,240346836
2016-06-10,0.8028159737586975,0.8064159750938416,0.7884160280227661,0.7938159704208374,0.610734760761261,186658226
2016-06-13,0.7884160280227661,0.7920160293579102,0.7776150107383728,0.7884160280227661,0.6065802574157715,163857206
2016-06-14,0.7866150140762329,0.7956159710884094,0.7812150120735168,0.7866150140762329,0.6051945686340332,176068108
2016-06-15,0.7938159704208374,0.8028159737586975,0.7920160293579102,0.8028159737586975,0.6176591515541077,136876098
2016-06-16,0.7992159724235535,0.8010159730911255,0.7794150114059448,0.7794150114059448,0.5996552109718323,146096405
2016-06-17,0.7884160280227661,0.7938159704208374,0.7812150120735168,0.7884160280227661,0.6065802574157715,196202460
2016-06-20,0.7992159724235535,0.8118159770965576,0.7992159724235535,0.8082159757614136,0.6218136548995972,188560021
2016-06-21,0.8100159764289856,0.8208159804344177,0.8064159750938416,0.8136159777641296,0.6259682178497314,212789345
2016-06-22,0.8154159784317017,0.8208159804344177,0.8118159770965576,0.8154159784317017,0.6273530721664429,128521506
2016-06-23,0.8190159797668457,0.8388170003890991,0.8154159784317017,0.8280159831047058,0.6370471119880676,250560001
2016-06-24,0.7884160280227661,0.8028159737586975,0.7812150120735168,0.7956159710884094,0.6121196150779724,216899362
2016-06-27,0.7956159710884094,0.8064159750938416,0.7902160286903381,0.7938159704208374,0.610734760761261,234009615
2016-06-28,0.8010159730911255,0.8082159757614136,0.7992159724235535,0.8064159750938416,0.6204288005828857,226250716
2016-06-29,0.8046159744262695,0.8082159757614136,0.7920160293579102,0.7956159710884094,0.6121196150779724,172009523
2016-06-30,0.7974159717559814,0.8208159804344177,0.7956159710884094,0.8208159804344177,0.6315076947212219,322156008
2016-07-01,0.8244159817695618,0.8316159844398499,0.8208159804344177,0.8262159824371338,0.6356622576713562,123514675
2016-07-04,0.8298159837722778,0.8316159844398499,0.8226159811019897,0.8316159844398499,0.6398168206214905,50570145
2016-07-05,0.8316159844398499,0.8316159844398499,0.8316159844398499,0.8316159844398499,0.6398168206214905,0
2016-07-06,0.8316159844398499,0.8316159844398499,0.8316159844398499,0.8316159844398499,0.6398168206214905,0
2016-07-07,0.8316159844398499,0.8316159844398499,0.8316159844398499,0.8316159844398499,0.6398168206214905,0
2016-07-08,0.8280159831047058,0.8316159844398499,0.8226159811019897,0.8298159837722778,0.6384319067001343,79002156
2016-07-11,0.8352159857749939,0.8586170077323914,0.8352159857749939,0.8568170070648193,0.6592056155204773,210319662
2016-07-12,0.8604170083999634,0.8802170157432556,0.8568170070648193,0.8784170150756836,0.675823986530304,398410421
2016-07-13,0.8802170157432556,0.8910179734230042,0.8730170130729675,0.8820170164108276,0.678593635559082,223292221
2016-07-14,0.8874179720878601,0.8946179747581482,0.8766170144081116,0.8874179720878601,0.6827489733695984,188319748
2016-07-15,0.8856170177459717,0.9036179780960083,0.8856170177459717,0.9036179780960083,0.6952127814292908,290997774
2016-07-18,0.8748170137405396,0.8802170157432556,0.8154159784317017,0.8406170010566711,0.6467419266700745,413118717
2016-07-19,0.8334159851074219,0.8586170077323914,0.8046159744262695,0.8262159824371338,0.6356622576713562,397914892
2016-07-20,0.8334159851074219,0.8370159864425659,0.8046159744262695,0.8046159744262695,0.6190439462661743,262165732
2016-07-21,0.7992159724235535,0.8028159737586975,0.7560150027275085,0.7578150033950806,0.5830368399620056,336849804
2016-07-22,0.7686150074005127,0.7776150107383728,0.7488150000572205,0.7686150074005127,0.591346025466919,203476912
2016-07-25,0.7776150107383728,0.7992159724235535,0.7776150107383728,0.7956159710884094,0.6121196150779724,169674121
2016-07-26,0.7992159724235535,0.8046159744262695,0.7866150140762329,0.8028159737586975,0.6176591515541077,185029981
2016-07-27,0.8046159744262695,0.8244159817695618,0.7992159724235535,0.8244159817695618,0.63427734375,164316113
2016-07-28,0.8352159857749939,0.8370159864425659,0.8136159777641296,0.8226159811019897,0.6328926086425781,122733452
2016-07-29,0.8262159824371338,0.8298159837722778,0.8136159777641296,0.8280159831047058,0.6370471119880676,166069016
2016-08-01,0.8352159857749939,0.8496170043945312,0.8334159851074219,0.8424170017242432,0.6481267809867859,120223781
2016-08-02,0.8388170003890991,0.8442170023918152,0.8262159824371338,0.8262159824371338,0.6356622576713562,173084790
2016-08-03,0.8244159817695618,0.8280159831047058,0.8064159750938416,0.8208159804344177,0.6315076947212219,185058647
2016-08-04,0.8280159831047058,0.8532170057296753,0.8208159804344177,0.8496170043945312,0.6536661982536316,236357189
2016-08-05,0.8550170063972473,0.8604170083999634,0.8226159811019897,0.8424170017242432,0.6481267809867859,187332801
2016-08-08,0.8604170083999634,0.8802170157432556,0.8514170050621033,0.8748170137405396,0.6730542778968811,267899782
2016-08-09,0.8766170144081116,0.8838170170783997,0.8676170110702515,0.8766170144081116,0.6744391322135925,261193168
2016-08-10,0.8784170150756836,0.8802170157432556,0.8514170050621033,0.8586170077323914,0.6605905294418335,149947938
2016-08-11,0.8586170077323914,0.8766170144081116,0.8568170070648193,0.8748170137405396,0.6730542778968811,161024508
2016-08-12,0.8784170150756836,0.8820170164108276,0.8640170097351074,0.8640170097351074,0.6647450923919678,133689252
2016-08-15,0.8694170117378235,0.8802170157432556,0.8676170110702515,0.8694170117378235,0.668899655342102,86348318
2016-08-16,0.8748170137405396,0.8784170150756836,0.8622170090675354,0.8622170090675354,0.6633602976799011,126585929
2016-08-17,0.8640170097351074,0.8838170170783997,0.8640170097351074,0.8820170164108276,0.678593635559082,144146017
2016-08-18,0.8892179727554321,0.8928179740905762,0.8712170124053955,0.8784170150756836,0.675823986530304,145809122
2016-08-19,0.8784170150756836,0.8802170157432556,0.8676170110702515,0.8802170157432556,0.6772088408470154,104571376
2016-08-22,0.8730170130729675,0.8766170144081116,0.8676170110702515,0.8748170137405396,0.6730542778968811,77494804
2016-08-23,0.8784170150756836,0.8838170170783997,0.8694170117378235,0.8694170117378235,0.668899655342102,115338919
2016-08-24,0.8604170083999634,0.8604170083999634,0.8442170023918152,0.8496170043945312,0.6536661982536316,155279046
2016-08-25,0.8550170063972473,0.8730170130729675,0.8532170057296753,0.8730170130729675,0.6716693639755249,104037037
2016-08-26,0.8712170124053955,0.8784170150756836,0.8586170077323914,0.8784170150756836,0.675823986530304,102851500
2016-08-29,0.8676170110702515,0.8748170137405396,0.8550170063972473,0.8550170063972473,0.6578208208084106,98583848
2016-08-30,0.8550170063972473,0.8550170063972473,0.8550170063972473,0.8550170063972473,0.6578208208084106,0
2016-08-31,0.8550170063972473,0.8658170104026794,0.8514170050621033,0.8658170104026794,0.6661299467086792,144701756
2016-09-01,0.8658170104026794,0.8676170110702515,0.8568170070648193,0.8568170070648193,0.6592056155204773,115448189
2016-09-02,0.8586170077323914,0.8712170124053955,0.8568170070648193,0.8694170117378235,0.668899655342102,145583393
2016-09-05,0.8748170137405396,0.8802170157432556,0.8676170110702515,0.8766170144081116,0.6744391322135925,207609712
2016-09-06,0.8784170150756836,0.8820170164108276,0.8694170117378235,0.8694170117378235,0.668899655342102,139971630
2016-09-07,0.8730170130729675,0.8730170130729675,0.8568170070648193,0.8604170083999634,0.6619753837585449,146790013
2016-09-08,0.8622170090675354,0.8766170144081116,0.8604170083999634,0.8748170137405396,0.6730542778968811,200092642
2016-09-09,0.8712170124053955,0.8766170144081116,0.8658170104026794,0.8694170117378235,0.668899655342102,122120398
2016-09-12,0.8694170117378235,0.8694170117378235,0.8694170117378235,0.8694170117378235,0.668899655342102,0
2016-09-13,0.8694170117378235,0.8694170117378235,0.8694170117378235,0.8694170117378235,0.668899655342102,0
2016-09-14,0.8694170117378235,0.8694170117378235,0.8694170117378235,0.8694170117378235,0.668899655342102,0
2016-09-15,0.8694170117378235,0.8694170117378235,0.8694170117378235,0.8694170117378235,0.668899655342102,0
2016-09-16,0.8730170130729675,0.8748170137405396,0.8586170077323914,0.8640170097351074,0.6647450923919678,101302037
2016-09-19,0.8730170130729675,0.8784170150756836,0.8676170110702515,0.8748170137405396,0.6730542778968811,133070809
2016-09-20,0.8748170137405396,0.8784170150756836,0.8640170097351074,0.8712170124053955,0.6702845096588135,94903706
2016-09-21,0.8712170124053955,0.8802170157432556,0.8676170110702515,0.8784170150756836,0.675823986530304,120583401
2016-09-22,0.8910179734230042,0.9000179767608643,0.8874179720878601,0.8946179747581482,0.6882883906364441,324179211
2016-09-23,0.8964179754257202,0.9018179774284363,0.8892179727554321,0.8892179727554321,0.6841338276863098,159076786
2016-09-26,0.8442170023918152,0.8532170057296753,0.8352159857749939,0.8460170030593872,0.6508964896202087,189587178
2016-09-27,0.8514170050621033,0.8568170070648193,0.8442170023918152,0.8550170063972473,0.6578208208084106,142464979
2016-09-28,0.8568170070648193,0.8784170150756836,0.8550170063972473,0.8784170150756836,0.675823986530304,212347527
2016-09-29,0.8766170144081116,0.8784170150756836,0.8586170077323914,0.8658170104026794,0.6661299467086792,135375623
2016-09-30,0.8604170083999634,0.8622170090675354,0.8514170050621033,0.8550170063972473,0.6578208208084106,93383720
2016-10-03,0.8586170077323914,0.8712170124053955,0.8586170077323914,0.8694170117378235,0.668899655342102,102022622
2016-10-04,0.8694170117378235,0.8748170137405396,0.8586170077323914,0.8622170090675354,0.6633602976799011,120713771
2016-10-05,0.8586170077323914,0.8820170164108276,0.8550170063972473,0.8766170144081116,0.6744391322135925,161695022
2016-10-06,0.8820170164108276,0.8892179727554321,0.8640170097351074,0.8694170117378235,0.668899655342102,134557739
2016-10-07,0.8712170124053955,0.8802170157432556,0.8658170104026794,0.8712170124053955,0.6702845096588135,97903934
2016-10-10,0.8748170137405396,0.8784170150756836,0.8658170104026794,0.8676170110702515,0.6675147414207458,72405490
2016-10-11,0.8658170104026794,0.8676170110702515,0.8550170063972473,0.8586170077323914,0.6605905294418335,90285888
2016-10-12,0.8622170090675354,0.8676170110702515,0.8568170070648193,0.8586170077323914,0.6605905294418335,89992322
2016-10-13,0.8586170077323914,0.8622170090675354,0.8442170023918152,0.8478170037269592,0.6522813439369202,125361904
2016-10-14,0.8514170050621033,0.8640170097351074,0.8478170037269592,0.8586170077323914,0.6605905294418335,131846756
2016-10-17,0.8550170063972473,0.8604170083999634,0.8514170050621033,0.8568170070648193,0.6592056155204773,55841505
2016-10-18,0.8640170097351074,0.8784170150756836,0.8640170097351074,0.8730170130729675,0.6716693639755249,157794290
2016-10-19,0.8784170150756836,0.8820170164108276,0.8748170137405396,0.8802170157432556,0.6772088408470154,100322201
2016-10-20,0.8820170164108276,0.8856170177459717,0.8748170137405396,0.8802170157432556,0.6772088408470154,117432526
2016-10-21,0.8802170157432556,0.8802170157432556,0.8730170130729675,0.8784170150756836,0.675823986530304,49582170
2016-10-24,0.8820170164108276,0.9000179767608643,0.8802170157432556,0.8982179760932922,0.6910580396652222,139134174
2016-10-25,0.8982179760932922,0.9090179800987244,0.8910179734230042,0.8928179740905762,0.6869035363197327,136618309
2016-10-26,0.8946179747581482,0.9036179780960083,0.8928179740905762,0.8982179760932922,0.6910580396652222,103853213
2016-10-27,0.8946179747581482,0.9036179780960083,0.8892179727554321,0.8910179734230042,0.6855186223983765,108452042
2016-10-28,0.8910179734230042,0.9000179767608643,0.8874179720878601,0.9000179767608643,0.6924429535865784,66024664
2016-10-31,0.9018179774284363,0.9036179780960083,0.8910179734230042,0.9036179780960083,0.6952127814292908,95250538
2016-11-01,0.9090179800987244,0.9162179827690125,0.8802170157432556,0.8820170164108276,0.678593635559082,160502168
2016-11-02,0.8838170170783997,0.8910179734230042,0.8784170150756836,0.8784170150756836,0.675823986530304,130388157
2016-11-03,0.8820170164108276,0.8892179727554321,0.8712170124053955,0.8748170137405396,0.6730542778968811,127066669
2016-11-04,0.8658170104026794,0.8676170110702515,0.8442170023918152,0.8496170043945312,0.6536661982536316,171768239
2016-11-07,0.8640170097351074,0.8712170124053955,0.8604170083999634,0.8676170110702515,0.6675147414207458,117132027
2016-11-08,0.8676170110702515,0.8748170137405396,0.8586170077323914,0.8748170137405396,0.6730542778968811,130902130
2016-11-09,0.8514170050621033,0.8820170164108276,0.8496170043945312,0.8820170164108276,0.678593635559082,121062002
2016-11-10,0.8892179727554321,0.9054179787635803,0.8820170164108276,0.8838170170783997,0.6799784898757935,153563531
2016-11-11,0.8820170164108276,0.8910179734230042,0.8694170117378235,0.8694170117378235,0.668899655342102,175019390
2016-11-14,0.8730170130729675,0.8784170150756836,0.8622170090675354,0.8658170104026794,0.6661299467086792,97765681
2016-11-15,0.8730170130729675,0.8838170170783997,0.8640170097351074,0.8730170130729675,0.6716693639755249,166932665
2016-11-16,0.8748170137405396,0.8784170150756836,0.8568170070648193,0.8604170083999634,0.6619753837585449,163713731
2016-11-17,0.8640170097351074,0.8784170150756836,0.8622170090675354,0.8658170104026794,0.6661299467086792,159729328
2016-11-18,0.8640170097351074,0.8802170157432556,0.8550170063972473,0.8784170150756836,0.675823986530304,161804592
2016-11-21,0.8820170164108276,0.8838170170783997,0.8676170110702515,0.8694170117378235,0.668899655342102,137709114
2016-11-22,0.8712170124053955,0.8802170157432556,0.8676170110702515,0.8748170137405396,0.6730542778968811,129184176
2016-11-23,0.8784170150756836,0.8802170157432556,0.8676170110702515,0.8730170130729675,0.6716693639755249,129550736
2016-11-24,0.8694170117378235,0.8856170177459717,0.8532170057296753,0.8622170090675354,0.6633602976799011,172429048
2016-11-25,0.8586170077323914,0.8658170104026794,0.8532170057296753,0.8586170077323914,0.6605905294418335,115559103
2016-11-28,0.8712170124053955,0.8892179727554321,0.8658170104026794,0.8892179727554321,0.6841338276863098,269020331
2016-11-29,0.8838170170783997,0.8928179740905762,0.8784170150756836,0.8856170177459717,0.6813634037971497,166901211
2016-11-30,0.8874179720878601,0.8910179734230042,0.8658170104026794,0.8676170110702515,0.6675147414207458,138086462
2016-12-01,0.8694170117378235,0.8712170124053955,0.8496170043945312,0.8568170070648193,0.6592056155204773,159517244
2016-12-02,0.8586170077323914,0.8676170110702515,0.8478170037269592,0.8622170090675354,0.6633602976799011,159287637
2016-12-05,0.8568170070648193,0.8712170124053955,0.8568170070648193,0.8622170090675354,0.6633602976799011,134915143
2016-12-06,0.8694170117378235,0.8910179734230042,0.8676170110702515,0.8892179727554321,0.6841338276863098,154903121
2016-12-07,0.8892179727554321,0.9072179794311523,0.8838170170783997,0.9018179774284363,0.6938278079032898,167066268
2016-12-08,0.9072179794311523,0.9108179807662964,0.8946179747581482,0.9090179800987244,0.6993672847747803,143811168
2016-12-09,0.9126179814338684,0.9180179834365845,0.9018179774284363,0.9036179780960083,0.6952127814292908,107958563
2016-12-12,0.8982179760932922,0.9144179821014404,0.8874179720878601,0.9126179814338684,0.7021369934082031,131728797
2016-12-13,0.9144179821014404,0.9252179861068726,0.9108179807662964,0.9234179854393005,0.7104461193084717,172103516
2016-12-14,0.9198179841041565,0.9270179867744446,0.9108179807662964,0.9162179827690125,0.704906702041626,122444935
2016-12-15,0.9090179800987244,0.9324179887771606,0.9036179780960083,0.9324179887771606,0.7173704504966736,187471226
2016-12-16,0.9342179894447327,0.9360190033912659,0.9234179854393005,0.9252179861068726,0.7118309736251831,93515090
2016-12-19,0.9288179874420166,0.9342179894447327,0.9198179841041565,0.9252179861068726,0.7118309736251831,72065264
2016-12-20,0.9234179854393005,0.9360190033912659,0.9198179841041565,0.9360190033912659,0.7201409339904785,109686972
2016-12-21,0.9378190040588379,0.943219006061554,0.9252179861068726,0.9270179867744446,0.7132158875465393,117090027
2016-12-22,0.9288179874420166,0.9306179881095886,0.9216179847717285,0.9216179847717285,0.7090612649917603,63476899
2016-12-23,0.9234179854393005,0.9252179861068726,0.9126179814338684,0.9198179841041565,0.707676351070404,50067477
2016-12-26,0.9216179847717285,0.9234179854393005,0.9198179841041565,0.9216179847717285,0.7090612649917603,8590820
2016-12-27,0.9216179847717285,0.9270179867744446,0.9162179827690125,0.9180179834365845,0.7062915563583374,38954786
2016-12-28,0.9180179834365845,0.9342179894447327,0.9126179814338684,0.9324179887771606,0.7173704504966736,87588288
2016-12-29,0.9324179887771606,0.9414190053939819,0.9306179881095886,0.9378190040588379,0.7215257883071899,55121980
2016-12-30,0.9396190047264099,0.9414190053939819,0.9288179874420166,0.9324179887771606,0.7173704504966736,60501565
2017-01-02,0.9288179874420166,0.9324179887771606,0.9234179854393005,0.9252179861068726,0.7118309736251831,46767661
2017-01-03,0.9270179867744446,0.9306179881095886,0.9054179787635803,0.9054179787635803,0.6965976357460022,176366396
2017-01-04,0.9090179800987244,0.9126179814338684,0.8964179754257202,0.9000179767608643,0.6924429535865784,121565759
2017-01-05,0.9036179780960083,0.9090179800987244,0.8910179734230042,0.9000179767608643,0.6924429535865784,176712378
2017-01-06,0.9000179767608643,0.9144179821014404,0.8964179754257202,0.9144179821014404,0.7035217881202698,126853701
2017-01-09,0.9090179800987244,0.9306179881095886,0.9054179787635803,0.9270179867744446,0.7132158875465393,136664897
2017-01-10,0.9234179854393005,0.9324179887771606,0.9144179821014404,0.9288179874420166,0.7146008014678955,187531414
2017-01-11,0.9198179841041565,0.9234179854393005,0.9090179800987244,0.9216179847717285,0.7090612649917603,215893893
2017-01-12,0.9234179854393005,0.9828190207481384,0.9216179847717285,0.9720190167427063,0.7478381395339966,333950191
2017-01-13,0.9702190160751343,0.9828190207481384,0.9522190093994141,0.9774190187454224,0.7519927024841309,231001742
2017-01-16,0.9774190187454224,0.9846190214157104,0.9666190147399902,0.9684190154075623,0.745068371295929,84471356
2017-01-17,0.9738190174102783,0.9918199777603149,0.9684190154075623,0.9864199757575989,0.7589178085327148,188290693
2017-01-18,0.9882199764251709,1.011620044708252,0.9846190214157104,1.008020043373108,0.775536060333252,256100333
2017-01-19,1.008020043373108,1.0278199911117554,0.995419979095459,1.002619981765747,0.7713813781738281,283094446
2017-01-20,1.0044200420379639,1.0134199857711792,0.999019980430603,1.0098199844360352,0.7769209742546082,131457958
2017-01-23,1.0170199871063232,1.0170199871063232,1.002619981765747,1.002619981765747,0.7713813781738281,87352387
2017-01-24,1.008020043373108,1.0278199911117554,1.002619981765747,1.0260200500488281,0.7893847227096558,149389533
2017-01-25,1.0260200500488281,1.0260200500488281,1.0008200407028198,1.0062199831008911,0.7741511464118958,118534920
2017-01-26,1.011620044708252,1.0242199897766113,1.008020043373108,1.0206199884414673,0.7852300405502319,121254048
2017-01-27,1.01882004737854,1.0332200527191162,1.015220046043396,1.0296200513839722,0.7921543121337891,139397469
2017-01-30,1.0260200500488281,1.0782209634780884,1.0260200500488281,1.0746209621429443,0.8267765641212463,236069945
2017-01-31,1.0764210224151611,1.0782209634780884,1.0602209568023682,1.072821021080017,0.8253917098045349,150646435
2017-02-01,1.072821021080017,1.0836219787597656,1.0566209554672241,1.0818209648132324,0.832315981388092,159777833
2017-02-02,1.0872219800949097,1.0944219827651978,1.0710209608078003,1.072821021080017,0.8253917098045349,202131395
2017-02-03,1.0800210237503052,1.1016219854354858,1.069221019744873,1.1016219854354858,0.8475501537322998,217341403
2017-02-06,1.108821988105774,1.128622055053711,1.0782209634780884,1.0800210237503052,0.8309310674667358,229614893
2017-02-07,1.0782209634780884,1.0962220430374146,1.072821021080017,1.0890220403671265,0.8378562927246094,127851442
2017-02-08,1.0908219814300537,1.1178220510482788,1.0854220390319824,1.116021990776062,0.8586291074752808,184688855
2017-02-09,1.1178220510482788,1.1466230154037476,1.1142220497131348,1.1430230140686035,0.879402756690979,285588078
2017-02-10,1.1448229551315308,1.155622959136963,1.1070220470428467,1.1070220470428467,0.8517048954963684,260611430
2017-02-13,1.1106220483779907,1.1394230127334595,1.1106220483779907,1.1268219947814941,0.8669382333755493,155575768
2017-02-14,1.1340229511260986,1.1520229578018188,1.116021990776062,1.1376229524612427,0.8752481937408447,188020909
2017-02-15,1.1394230127334595,1.1502230167388916,1.125022053718567,1.132222056388855,0.8710927963256836,146863384
2017-02-16,1.1358230113983154,1.1412229537963867,1.125022053718567,1.1358230113983154,0.8738632202148438,138765537
2017-02-17,1.1358230113983154,1.1448229551315308,1.128622055053711,1.1394230127334595,0.8766329884529114,124299103
2017-02-20,1.1484229564666748,1.1520229578018188,1.116021990776062,1.125022053718567,0.8655533194541931,203690280
2017-02-21,1.125022053718567,1.1394230127334595,1.125022053718567,1.1268219947814941,0.8669382333755493,146812424
2017-02-22,1.1268219947814941,1.1340229511260986,1.125022053718567,1.125022053718567,0.8655533194541931,97265630
2017-02-23,1.128622055053711,1.1610230207443237,1.128622055053711,1.1520229578018188,0.8863269090652466,192023967
2017-02-24,1.1502230167388916,1.159222960472107,1.1304219961166382,1.1430230140686035,0.879402756690979,179393090
2017-02-27,1.1448229551315308,1.159222960472107,1.1358230113983154,1.1430230140686035,0.879402756690979,130113157
2017-02-28,1.1430230140686035,1.1520229578018188,1.1358230113983154,1.1394230127334595,0.8766329884529114,199712228
2017-03-01,1.1430230140686035,1.1934239864349365,1.1430230140686035,1.1880240440368652,0.9140248894691467,290738218
2017-03-02,1.1880240440368652,1.2150239944458008,1.1880240440368652,1.2150239944458008,0.9347978234291077,188889397
2017-03-03,1.2150239944458008,1.2150239944458008,1.1970239877700806,1.2042239904403687,0.9264887571334839,133807644
2017-03-06,1.2078239917755127,1.2186239957809448,1.1934239864349365,1.2006239891052246,0.9237189292907715,145183574
2017-03-07,1.2078239917755127,1.2096240520477295,1.1718230247497559,1.173622965812683,0.9029452800750732,221348810
2017-03-08,1.1754230260849,1.1754230260849,1.1394230127334595,1.166422963142395,0.8974059224128723,270475113
2017-03-09,1.155622959136963,1.173622965812683,1.1412229537963867,1.1682230234146118,0.898790717124939,113324415
2017-03-10,1.1754230260849,1.1934239864349365,1.1754230260849,1.1898239850997925,0.9154099225997925,99558856
2017-03-13,1.1880240440368652,1.1880240440368652,1.1718230247497559,1.1772229671478271,0.9057149887084961,64909931
2017-03-14,1.1772229671478271,1.1826239824295044,1.1610230207443237,1.166422963142395,0.8974059224128723,79239163
2017-03-15,1.170022964477539,1.1880240440368652,1.1682230234146118,1.1862239837646484,0.9126400947570801,69893836
2017-03-16,1.2060240507125854,1.2060240507125854,1.1898239850997925,1.1898239850997925,0.9154099225997925,74650211
2017-03-17,1.1970239877700806,1.2024240493774414,1.1808229684829712,1.1916240453720093,0.9167947173118591,89742116
2017-03-20,1.1898239850997925,1.1952240467071533,1.1826239824295044,1.1952240467071533,0.919564425945282,42776592
2017-03-21,1.2006239891052246,1.2096240520477295,1.1826239824295044,1.1862239837646484,0.9126400947570801,79515424
2017-03-22,1.1808229684829712,1.1898239850997925,1.1682230234146118,1.1862239837646484,0.9126400947570801,77449888
2017-03-23,1.1916240453720093,1.1952240467071533,1.1754230260849,1.179023027420044,0.9071000218391418,59218936
2017-03-24,1.1826239824295044,1.2060240507125854,1.1772229671478271,1.2060240507125854,0.9278734922409058,80646923
2017-03-27,1.2042239904403687,1.2042239904403687,1.1862239837646484,1.2006239891052246,0.9237189292907715,72344475
2017-03-28,1.2042239904403687,1.2132240533828735,1.1916240453720093,1.2042239904403687,0.9264887571334839,80378828
2017-03-29,1.1952240467071533,1.2114239931106567,1.1898239850997925,1.2042239904403687,0.9264887571334839,89265676
2017-03-30,1.2096240520477295,1.2150239944458008,1.1970239877700806,1.2042239904403687,0.9264887571334839,102475980
2017-03-31,1.2042239904403687,1.2060240507125854,1.1898239850997925,1.1934239864349365,0.918179452419281,91214975
2017-04-03,1.1988240480422974,1.2042239904403687,1.1898239850997925,1.2042239904403687,0.9264887571334839,71502259
2017-04-04,1.1574230194091797,1.1646230220794678,1.1466230154037476,1.1502230167388916,0.9208938479423523,122338204
2017-04-05,1.1520229578018188,1.1772229671478271,1.1502230167388916,1.173622965812683,0.9396284818649292,128520995
2017-04-06,1.1682230234146118,1.1808229684829712,1.166422963142395,1.1718230247497559,0.938187301158905,91044779
2017-04-07,1.1646230220794678,1.1808229684829712,1.1646230220794678,1.1808229684829712,0.9453930258750916,66672790
2017-04-10,1.1862239837646484,1.2708250284194946,1.1862239837646484,1.2636250257492065,1.0116859674453735,268158093
2017-04-11,1.2636250257492065,1.2672250270843506,1.2384250164031982,1.2402249574661255,0.9929515719413757,166833223
2017-04-12,1.2456250190734863,1.2582249641418457,1.225823998451233,1.229423999786377,0.9843040704727173,121138801
2017-04-13,1.2330249547958374,1.2384250164031982,1.1970239877700806,1.2006239891052246,0.9612460732460022,131698586
2017-04-14,1.1988240480422974,1.225823998451233,1.1898239850997925,1.2006239891052246,0.9612460732460022,111319900
2017-04-17,1.2168240547180176,1.2312250137329102,1.1934239864349365,1.2186239957809448,0.9756573438644409,139177607
2017-04-18,1.2114239931106567,1.2438249588012695,1.2114239931106567,1.2402249574661255,0.9929515719413757,165832093
2017-04-19,1.2420250177383423,1.2492250204086304,1.2114239931106567,1.2186239957809448,0.9756573438644409,179162034
2017-04-20,1.2240240573883057,1.2420250177383423,1.2222239971160889,1.2330249547958374,0.9871870279312134,113199345
2017-04-21,1.2510249614715576,1.2510249614715576,1.2312250137329102,1.2348250150680542,0.9886281490325928,78944191
2017-04-24,1.2492250204086304,1.2744250297546387,1.2438249588012695,1.2744250297546387,1.0203328132629395,143904300
2017-04-25,1.276224970817566,1.27982497215271,1.2474249601364136,1.2690249681472778,1.0160093307495117,163475141
2017-04-26,1.2672250270843506,1.2726249694824219,1.2564250230789185,1.2564250230789185,1.005921483039856,129274397
2017-04-27,1.2618249654769897,1.2654249668121338,1.2474249601364136,1.2492250204086304,1.000157117843628,75731984
2017-04-28,1.2546249628067017,1.2654249668121338,1.2474249601364136,1.2618249654769897,1.0102450847625732,104242838
2017-05-01,1.2618249654769897,1.2618249654769897,1.2618249654769897,1.2618249654769897,1.0102450847625732,0
2017-05-02,1.2654249668121338,1.2726249694824219,1.2492250204086304,1.2528250217437744,1.0030394792556763,145505462
2017-05-03,1.2528250217437744,1.2582249641418457,1.2348250150680542,1.2402249574661255,0.9929515719413757,105763607
2017-05-04,1.2402249574661255,1.2546249628067017,1.2330249547958374,1.2348250150680542,0.9886281490325928,88533552
2017-05-05,1.2366249561309814,1.2600250244140625,1.2330249547958374,1.2546249628067017,1.0044806003570557,149589579
2017-05-08,1.2582249641418457,1.2654249668121338,1.2474249601364136,1.2492250204086304,1.000157117843628,86344352
2017-05-09,1.2456250190734863,1.2672250270843506,1.2438249588012695,1.2636250257492065,1.0116859674453735,100517014
2017-05-10,1.2564250230789185,1.2654249668121338,1.2510249614715576,1.2636250257492065,1.0116859674453735,116443207
2017-05-11,1.2654249668121338,1.2744250297546387,1.2438249588012695,1.2438249588012695,0.9958337545394897,134554578
2017-05-12,1.2492250204086304,1.2636250257492065,1.2402249574661255,1.2492250204086304,1.000157117843628,99728063
2017-05-15,1.2582249641418457,1.2654249668121338,1.2492250204086304,1.2636250257492065,1.0116859674453735,65152493
2017-05-16,1.2690249681472778,1.276224970817566,1.2582249641418457,1.2726249694824219,1.0188915729522705,89138290
2017-05-17,1.2636250257492065,1.276224970817566,1.2546249628067017,1.2690249681472778,1.0160093307495117,138638434
2017-05-18,1.2636250257492065,1.2672250270843506,1.2438249588012695,1.2564250230789185,1.005921483039856,80481026
2017-05-19,1.2564250230789185,1.2564250230789185,1.2564250230789185,1.2564250230789185,1.005921483039856,0
2017-05-22,1.2690249681472778,1.2726249694824219,1.2618249654769897,1.2726249694824219,1.0188915729522705,80771771
2017-05-23,1.2672250270843506,1.2996259927749634,1.2654249668121338,1.2888259887695312,1.031862497329712,142795322
2017-05-24,1.2924259901046753,1.3086260557174683,1.2780250310897827,1.2816259860992432,1.0260980129241943,145348054
2017-05-25,1.287026047706604,1.287026047706604,1.2636250257492065,1.2708250284194946,1.0174505710601807,145171118
2017-05-26,1.2708250284194946,1.276224970817566,1.2618249654769897,1.2618249654769897,1.0102450847625732,88080822
2017-05-29,1.2654249668121338,1.2744250297546387,1.2636250257492065,1.2654249668121338,1.0131272077560425,63715056
2017-05-30,1.2672250270843506,1.2690249681472778,1.2456250190734863,1.2474249601364136,0.9987159967422485,140936915
2017-05-31,1.2528250217437744,1.2690249681472778,1.2510249614715576,1.2618249654769897,1.0102450847625732,185423890
2017-06-01,1.2708250284194946,1.2708250284194946,1.2492250204086304,1.2546249628067017,1.0044806003570557,91917605
2017-06-02,1.2654249668121338,1.276224970817566,1.2636250257492065,1.276224970817566,1.0217739343643188,77287575
2017-06-05,1.27982497215271,1.2888259887695312,1.2654249668121338,1.2726249694824219,1.0188915729522705,116038354
2017-06-06,1.2690249681472778,1.276224970817566,1.2636250257492065,1.2690249681472778,1.0160093307495117,55342254
2017-06-07,1.2708250284194946,1.28342604637146,1.2654249668121338,1.2690249681472778,1.0160093307495117,84128097
2017-06-08,1.2708250284194946,1.2726249694824219,1.2564250230789185,1.2654249668121338,1.0131272077560425,67284983
2017-06-09,1.2690249681472778,1.2888259887695312,1.2654249668121338,1.2780250310897827,1.0232150554656982,113889804
2017-06-12,1.27982497215271,1.3014260530471802,1.2780250310897827,1.294226050376892,1.03618586063385,100032818
2017-06-13,1.2978260517120361,1.3014260530471802,1.2708250284194946,1.27982497215271,1.0246562957763672,91117999
2017-06-14,1.2816259860992432,1.3014260530471802,1.2780250310897827,1.3014260530471802,1.0419503450393677,95140062
2017-06-15,1.2960259914398193,1.3014260530471802,1.27982497215271,1.287026047706604,1.0304213762283325,73527718
2017-06-16,1.2852259874343872,1.2924259901046753,1.2744250297546387,1.2852259874343872,1.0289802551269531,65404427
2017-06-19,1.290626049041748,1.3032259941101074,1.2888259887695312,1.3032259941101074,1.0433915853500366,46760389
2017-06-20,1.3086260557174683,1.3140259981155396,1.2978260517120361,1.3050260543823242,1.044832706451416,50049139
2017-06-21,1.3050260543823242,1.3050260543823242,1.290626049041748,1.2996259927749634,1.0405093431472778,37228744
2017-06-22,1.3032259941101074,1.3086260557174683,1.2960259914398193,1.3050260543823242,1.044832706451416,36034246
2017-06-23,1.3068259954452515,1.3068259954452515,1.294226050376892,1.3068259954452515,1.0462737083435059,44104909
2017-06-26,1.3068259954452515,1.3068259954452515,1.3068259954452515,1.3068259954452515,1.0462737083435059,0
2017-06-27,1.3068259954452515,1.3068259954452515,1.3068259954452515,1.3068259954452515,1.0462737083435059,0
2017-06-28,1.3068259954452515,1.330227017402649,1.3014260530471802,1.326625943183899,1.0621259212493896,71445432
2017-06-29,1.3320269584655762,1.3356269598007202,1.3194259405136108,1.333827018737793,1.067891240119934,49498444
2017-06-30,1.333827018737793,1.341027021408081,1.3284260034561157,1.341027021408081,1.0736558437347412,74420183
2017-07-03,1.3428269624710083,1.344627022743225,1.3320269584655762,1.337427020072937,1.0707736015319824,55867776
2017-07-04,1.333827018737793,1.3482270240783691,1.3320269584655762,1.344627022743225,1.0765380859375,51572308
2017-07-05,1.344627022743225,1.3464269638061523,1.333827018737793,1.344627022743225,1.0765380859375,46012076
2017-07-06,1.344627022743225,1.3572269678115845,1.3356269598007202,1.3464269638061523,1.0779790878295898,65394177
2017-07-07,1.344627022743225,1.3518270254135132,1.3356269598007202,1.3356269598007202,1.069332480430603,72295659
2017-07-10,1.3428269624710083,1.3572269678115845,1.3428269624710083,1.3554270267486572,1.0851848125457764,45769053
2017-07-11,1.3554270267486572,1.407628059387207,1.3500269651412964,1.3986279964447021,1.1197725534439087,131160331
2017-07-12,1.396828055381775,1.407628059387207,1.380627989768982,1.395027995109558,1.1168901920318604,142958830
2017-07-13,1.3896280527114868,1.396828055381775,1.3734270334243774,1.3770270347595215,1.102478265762329,106824269
2017-07-14,1.380627989768982,1.38782799243927,1.3752269744873047,1.3824280500411987,1.1068023443222046,75540627
2017-07-17,1.3824280500411987,1.4202280044555664,1.3788269758224487,1.4166280031204224,1.1341837644577026,75238938
2017-07-18,1.4166280031204224,1.4202280044555664,1.400428056716919,1.4058279991149902,1.1255369186401367,51711988
2017-07-19,1.4112279415130615,1.438228964805603,1.4094280004501343,1.4328290224075317,1.1471545696258545,78720018
2017-07-20,1.4364290237426758,1.438228964805603,1.4148279428482056,1.4148279428482056,1.1327424049377441,45825647
2017-07-21,1.4166280031204224,1.434628963470459,1.4094280004501343,1.4130280017852783,1.1313014030456543,49468673
2017-07-24,1.4184279441833496,1.4220279455184937,1.4022279977798462,1.4022279977798462,1.122654676437378,72054520
2017-07-25,1.4058279991149902,1.4166280031204224,1.3986279964447021,1.407628059387207,1.1269780397415161,71925539
2017-07-26,1.404028058052063,1.4130280017852783,1.3860280513763428,1.3932280540466309,1.1154491901397705,68625945
2017-07-27,1.404028058052063,1.4148279428482056,1.395027995109558,1.395027995109558,1.1168901920318604,96869166
2017-07-28,1.3932280540466309,1.404028058052063,1.3860280513763428,1.3860280513763428,1.109684705734253,62395405
2017-07-31,1.384227991104126,1.384227991104126,1.3500269651412964,1.3626270294189453,1.090949296951294,103673661
2017-08-01,1.3644269704818726,1.3698270320892334,1.3284260034561157,1.3392269611358643,1.0722146034240723,132636317
2017-08-02,1.3392269611358643,1.3464269638061523,1.3284260034561157,1.330227017402649,1.0650091171264648,94209598
2017-08-03,1.3320269584655762,1.333827018737793,1.3176259994506836,1.3230259418487549,1.0592437982559204,68966871
2017-08-04,1.3248260021209717,1.3590270280838013,1.3248260021209717,1.3554270267486572,1.0851848125457764,90896948
2017-08-07,1.3644269704818726,1.384227991104126,1.3644269704818726,1.384227991104126,1.108243465423584,89169622
2017-08-08,1.395027995109558,1.3986279964447021,1.384227991104126,1.384227991104126,1.108243465423584,77151644
2017-08-09,1.380627989768982,1.38782799243927,1.3698270320892334,1.3860280513763428,1.109684705734253,75102013
2017-08-10,1.38782799243927,1.395027995109558,1.3536269664764404,1.3572269678115845,1.0866258144378662,74128083
2017-08-11,1.3464269638061523,1.3608269691467285,1.330227017402649,1.344627022743225,1.0765380859375,80742599
2017-08-14,1.3608269691467285,1.395027995109558,1.3608269691467285,1.395027995109558,1.1168901920318604,65610795
2017-08-15,1.396828055381775,1.396828055381775,1.3626270294189453,1.3626270294189453,1.090949296951294,72106369
2017-08-16,1.3680269718170166,1.384227991104126,1.3356269598007202,1.3734270334243774,1.0995960235595703,78759945
2017-08-17,1.3788269758224487,1.3788269758224487,1.337427020072937,1.344627022743225,1.0765380859375,80709083
2017-08-18,1.337427020072937,1.3392269611358643,1.3194259405136108,1.3284260034561157,1.0635672807693481,69155762
2017-08-21,1.330227017402649,1.3698270320892334,1.330227017402649,1.3608269691467285,1.0895081758499146,88243730
2017-08-22,1.3680269718170166,1.3734270334243774,1.3536269664764404,1.3536269664764404,1.0837438106536865,60578214
2017-08-23,1.3554270267486572,1.3662270307540894,1.3482270240783691,1.3518270254135132,1.082302451133728,82229846
2017-08-24,1.3554270267486572,1.3932280540466309,1.3554270267486572,1.3788269758224487,1.1039193868637085,118987345
2017-08-25,1.3770270347595215,1.3932280540466309,1.3734270334243774,1.3752269744873047,1.1010371446609497,47593805
2017-08-28,1.3788269758224487,1.3824280500411987,1.3626270294189453,1.3662270307540894,1.0938315391540527,89993844
2017-08-29,1.3626270294189453,1.3644269704818726,1.3482270240783691,1.3590270280838013,1.0880669355392456,72265338
2017-08-30,1.3590270280838013,1.3590270280838013,1.3590270280838013,1.3590270280838013,1.0880669355392456,0
2017-08-31,1.3626270294189453,1.3644269704818726,1.3464269638061523,1.3482270240783691,1.0794203281402588,39104539
2017-09-01,1.3482270240783691,1.3482270240783691,1.3482270240783691,1.3482270240783691,1.0794203281402588,0
2017-09-04,1.3482270240783691,1.3482270240783691,1.3482270240783691,1.3482270240783691,1.0794203281402588,0
2017-09-05,1.3536269664764404,1.3554270267486572,1.3248260021209717,1.3320269584655762,1.0664502382278442,91664088
2017-09-06,1.3320269584655762,1.333827018737793,1.3230259418487549,1.330227017402649,1.0650091171264648,88646294
2017-09-07,1.330227017402649,1.3320269584655762,1.3104259967803955,1.3194259405136108,1.056361436843872,87551300
2017-09-08,1.3230259418487549,1.3230259418487549,1.290626049041748,1.3032259941101074,1.0433915853500366,66100718
2017-09-11,1.3122260570526123,1.337427020072937,1.3122260570526123,1.3248260021209717,1.0606850385665894,55866910
2017-09-12,1.3284260034561157,1.3320269584655762,1.3122260570526123,1.3176259994506836,1.0549204349517822,42539225
2017-09-13,1.3176259994506836,1.330227017402649,1.3122260570526123,1.3158260583877563,1.0534794330596924,47242157
2017-09-14,1.3158260583877563,1.326625943183899,1.3086260557174683,1.3104259967803955,1.0491560697555542,63798565
2017-09-15,1.3194259405136108,1.3284260034561157,1.3122260570526123,1.3176259994506836,1.0549204349517822,59224702
2017-09-18,1.3194259405136108,1.3230259418487549,1.294226050376892,1.294226050376892,1.03618586063385,55852038
2017-09-19,1.294226050376892,1.3086260557174683,1.27982497215271,1.27982497215271,1.0246562957763672,53702159
2017-09-20,1.2852259874343872,1.3050260543823242,1.2816259860992432,1.3050260543823242,1.044832706451416,48980894
2017-09-21,1.294226050376892,1.2996259927749634,1.2672250270843506,1.2708250284194946,1.0174505710601807,75297565
2017-09-22,1.276224970817566,1.2816259860992432,1.2636250257492065,1.2726249694824219,1.0188915729522705,71633145
2017-09-25,1.2744250297546387,1.2744250297546387,1.2312250137329102,1.2474249601364136,0.9987159967422485,49291138
2017-09-26,1.2582249641418457,1.2636250257492065,1.2366249561309814,1.2636250257492065,1.0116859674453735,75527921
2017-09-27,1.2618249654769897,1.2636250257492065,1.2186239957809448,1.225823998451233,0.9814217686653137,99632249
2017-09-28,1.225823998451233,1.2420250177383423,1.2222239971160889,1.2348250150680542,0.9886281490325928,58310765
2017-09-29,1.2402249574661255,1.2438249588012695,1.2204240560531616,1.2204240560531616,0.9770983457565308,70865516
2017-10-02,1.2204240560531616,1.2384250164031982,1.2186239957809448,1.2348250150680542,0.9886281490325928,53538518
2017-10-03,1.2330249547958374,1.2402249574661255,1.2204240560531616,1.2204240560531616,0.9770983457565308,110759562
2017-10-04,1.225823998451233,1.2384250164031982,1.225823998451233,1.2384250164031982,0.9915104508399963,64143175
2017-10-05,1.2420250177383423,1.2492250204086304,1.2276240587234497,1.2276240587234497,0.9828628897666931,55843110
2017-10-06,1.225823998451233,1.2420250177383423,1.2150239944458008,1.2402249574661255,0.9929515719413757,72554082
2017-10-09,1.1808229684829712,1.2186239957809448,1.179023027420044,1.2150239944458008,0.9727750420570374,82071277
2017-10-10,1.229423999786377,1.2510249614715576,1.2168240547180176,1.2330249547958374,0.9871870279312134,69044903
2017-10-11,1.229423999786377,1.2438249588012695,1.2204240560531616,1.225823998451233,0.9814217686653137,131868050
2017-10-12,1.2456250190734863,1.2492250204086304,1.229423999786377,1.2384250164031982,0.9915104508399963,88254107
2017-10-13,1.2384250164031982,1.2528250217437744,1.229423999786377,1.2528250217437744,1.0030394792556763,87630515
2017-10-16,1.2564250230789185,1.2582249641418457,1.2384250164031982,1.2438249588012695,0.9958337545394897,67352132
2017-10-17,1.2438249588012695,1.2546249628067017,1.2348250150680542,1.2402249574661255,0.9929515719413757,101135874
2017-10-18,1.2474249601364136,1.2474249601364136,1.2276240587234497,1.2276240587234497,0.9828628897666931,53744014
2017-10-19,1.2330249547958374,1.2672250270843506,1.229423999786377,1.2672250270843506,1.0145684480667114,108029184
2017-10-20,1.2744250297546387,1.290626049041748,1.2528250217437744,1.2618249654769897,1.0102450847625732,82940376
2017-10-23,1.2564250230789185,1.2564250230789185,1.2330249547958374,1.2330249547958374,0.9871870279312134,47510740
2017-10-24,1.2348250150680542,1.2510249614715576,1.2276240587234497,1.2492250204086304,1.000157117843628,79381532
2017-10-25,1.2492250204086304,1.2852259874343872,1.2456250190734863,1.28342604637146,1.0275392532348633,97400305
2017-10-26,1.2780250310897827,1.2780250310897827,1.2420250177383423,1.2438249588012695,0.9958337545394897,107601676
2017-10-27,1.2420250177383423,1.2420250177383423,1.225823998451233,1.2384250164031982,0.9915104508399963,85238508
2017-10-30,1.2510249614715576,1.2654249668121338,1.2456250190734863,1.2600250244140625,1.0088037252426147,68081600
2017-10-31,1.2672250270843506,1.290626049041748,1.2564250230789185,1.2852259874343872,1.0289802551269531,129729943
2017-11-01,1.290626049041748,1.3626270294189453,1.290626049041748,1.333827018737793,1.067891240119934,149102039
2017-11-02,1.3500269651412964,1.3608269691467285,1.3320269584655762,1.3428269624710083,1.0750969648361206,130683635
2017-11-03,1.344627022743225,1.3464269638061523,1.2744250297546387,1.2888259887695312,1.031862497329712,127872209
2017-11-06,1.2960259914398193,1.3248260021209717,1.2708250284194946,1.3230259418487549,1.0592437982559204,157360682
2017-11-07,1.3176259994506836,1.3176259994506836,1.2708250284194946,1.2726249694824219,1.0188915729522705,114499597
2017-11-08,1.2780250310897827,1.2816259860992432,1.2384250164031982,1.2510249614715576,1.0015981197357178,154006117
2017-11-09,1.2618249654769897,1.2618249654769897,1.2222239971160889,1.2276240587234497,0.9828628897666931,112389823
2017-11-10,1.2276240587234497,1.2330249547958374,1.1970239877700806,1.2042239904403687,0.9641284346580505,109272436
2017-11-13,1.2096240520477295,1.2222239971160889,1.1862239837646484,1.2132240533828735,0.9713340401649475,127244527
2017-11-14,1.2204240560531616,1.2492250204086304,1.2096240520477295,1.2420250177383423,0.9943926930427551,167526709
2017-11-15,1.2384250164031982,1.2438249588012695,1.2006239891052246,1.2006239891052246,0.9612460732460022,110764467
2017-11-16,1.2042239904403687,1.2078239917755127,1.173622965812683,1.179023027420044,0.9439519643783569,115605124
2017-11-17,1.1844240427017212,1.1880240440368652,1.1358230113983154,1.1430230140686035,0.9151294827461243,171124914
2017-11-20,1.1430230140686035,1.1538230180740356,1.0998220443725586,1.1016219854354858,0.8819828629493713,158864046
2017-11-21,1.0944219827651978,1.125022053718567,1.0800210237503052,1.112421989440918,0.8906296491622925,144265581
2017-11-22,1.1142220497131348,1.1484229564666748,1.0980219841003418,1.1412229537963867,0.9136883020401001,167754021
2017-11-23,1.1466230154037476,1.1520229578018188,1.1034220457077026,1.1034220457077026,0.8834241032600403,156571798
2017-11-24,1.0944219827651978,1.125022053718567,1.0908219814300537,1.1106220483779907,0.8891884684562683,74647339
2017-11-27,1.112421989440918,1.1304219961166382,1.0980219841003418,1.112421989440918,0.8906296491622925,115863164
2017-11-28,1.1106220483779907,1.1430230140686035,1.0854220390319824,1.0854220390319824,0.8690128326416016,167636834
2017-11-29,1.0926220417022705,1.1034220457077026,1.0746209621429443,1.0944219827651978,0.8762184381484985,88633505
2017-11-30,1.1070220470428467,1.12322199344635,1.0800210237503052,1.1106220483779907,0.8891884684562683,256375233
2017-12-01,1.108821988105774,1.1808229684829712,1.0962220430374146,1.125022053718567,0.9007173776626587,225933673
2017-12-04,1.12322199344635,1.1970239877700806,1.119621992111206,1.1718230247497559,0.938187301158905,218127359
2017-12-05,1.1844240427017212,1.1988240480422974,1.1610230207443237,1.1718230247497559,0.938187301158905,140029501
2017-12-06,1.1718230247497559,1.173622965812683,1.1538230180740356,1.1646230220794678,0.932422935962677,101355730
2017-12-07,1.166422963142395,1.2114239931106567,1.155622959136963,1.1934239864349365,0.9554815292358398,126476409
2017-12-08,1.1952240467071533,1.2402249574661255,1.1880240440368652,1.2078239917755127,0.967010498046875,214694318
2017-12-11,1.2168240547180176,1.2582249641418457,1.2024240493774414,1.2024240493774414,0.9626871943473816,227711231
2017-12-12,1.2024240493774414,1.2024240493774414,1.1610230207443237,1.1862239837646484,0.9497171640396118,233574051
2017-12-13,1.1880240440368652,1.1952240467071533,1.1448229551315308,1.1520229578018188,0.9223349690437317,161751332
2017-12-14,1.1646230220794678,1.179023027420044,1.1520229578018188,1.173622965812683,0.9396284818649292,199726166
2017-12-15,1.1754230260849,1.1844240427017212,1.1574230194091797,1.173622965812683,0.9396284818649292,174992035
2017-12-18,1.1880240440368652,1.1970239877700806,1.173622965812683,1.179023027420044,0.9439519643783569,129913506
2017-12-19,1.1844240427017212,1.1916240453720093,1.1772229671478271,1.1808229684829712,0.9453930258750916,94391905
2017-12-20,1.179023027420044,1.1862239837646484,1.170022964477539,1.1754230260849,0.9410696625709534,68898828
2017-12-21,1.179023027420044,1.2096240520477295,1.1772229671478271,1.2006239891052246,0.9612460732460022,132781831
2017-12-22,1.2096240520477295,1.2186239957809448,1.2042239904403687,1.2078239917755127,0.967010498046875,87354092
2017-12-25,1.2168240547180176,1.2186239957809448,1.2060240507125854,1.2096240520477295,0.9684516191482544,33084739
2017-12-26,1.2132240533828735,1.2510249614715576,1.2078239917755127,1.2168240547180176,0.9742161631584167,157036116
2017-12-27,1.2186239957809448,1.2348250150680542,1.2150239944458008,1.2348250150680542,0.9886281490325928,69858475
2017-12-28,1.2402249574661255,1.2564250230789185,1.2348250150680542,1.2564250230789185,1.005921483039856,127711406
2017-12-29,1.2600250244140625,1.2744250297546387,1.2510249614715576,1.2546249628067017,1.0044806003570557,202891413
2018-01-01,1.2546249628067017,1.2546249628067017,1.2546249628067017,1.2546249628067017,1.0044806003570557,0
2018-01-02,1.2636250257492065,1.2888259887695312,1.2582249641418457,1.2780250310897827,1.0232150554656982,166328028
2018-01-03,1.2780250310897827,1.2888259887695312,1.2600250244140625,1.2600250244140625,1.0088037252426147,105250657
2018-01-04,1.2600250244140625,1.276224970817566,1.2456250190734863,1.2474249601364136,0.9987159967422485,113029760
2018-01-05,1.2564250230789185,1.2708250284194946,1.2312250137329102,1.2456250190734863,0.9972748756408691,194469923
2018-01-08,1.2564250230789185,1.2636250257492065,1.2420250177383423,1.2438249588012695,0.9958337545394897,96441125
2018-01-09,1.2474249601364136,1.2510249614715576,1.225823998451233,1.229423999786377,0.9843040704727173,99194946
2018-01-10,1.225823998451233,1.229423999786377,1.2024240493774414,1.2222239971160889,0.9785394668579102,137810057
2018-01-11,1.2330249547958374,1.2600250244140625,1.2150239944458008,1.2600250244140625,1.0088037252426147,110269105
2018-01-12,1.2600250244140625,1.2690249681472778,1.2492250204086304,1.2690249681472778,1.0160093307495117,123654622
2018-01-15,1.2654249668121338,1.2726249694824219,1.2366249561309814,1.2366249561309814,0.9900692701339722,84655947
2018-01-16,1.2348250150680542,1.2528250217437744,1.2114239931106567,1.2528250217437744,1.0030394792556763,170052641
2018-01-17,1.2474249601364136,1.27982497215271,1.2366249561309814,1.2708250284194946,1.0174505710601807,135816175
2018-01-18,1.2852259874343872,1.3068259954452515,1.2708250284194946,1.290626049041748,1.0333036184310913,219282608
2018-01-19,1.287026047706604,1.2996259927749634,1.2780250310897827,1.2924259901046753,1.0347448587417603,120598334
2018-01-22,1.3032259941101074,1.3176259994506836,1.2852259874343872,1.3176259994506836,1.0549204349517822,102833067
2018-01-23,1.330227017402649,1.344627022743225,1.3176259994506836,1.3248260021209717,1.0606850385665894,182252982
2018-01-24,1.326625943183899,1.3824280500411987,1.326625943183899,1.3824280500411987,1.1068023443222046,255508345
2018-01-25,1.3824280500411987,1.4454289674758911,1.3716269731521606,1.4238280057907104,1.1399481296539307,291314229
2018-01-26,1.431028962135315,1.4814300537109375,1.4292290210723877,1.4796299934387207,1.1846243143081665,230804896
2018-01-29,1.4886300563812256,1.4904299974441528,1.447229027748108,1.4724290370941162,1.1788591146469116,160125220
2018-01-30,1.461629033088684,1.4886300563812256,1.431028962135315,1.438228964805603,1.1514776945114136,115466116
2018-01-31,1.4490289688110352,1.497630000114441,1.4436290264129639,1.4490289688110352,1.160124659538269,202402734
2018-02-01,1.4634289741516113,1.4760290384292603,1.431028962135315,1.431028962135315,1.1457133293151855,161532525
2018-02-02,1.438228964805603,1.447229027748108,1.4058279991149902,1.4166280031204224,1.1341837644577026,100757065
2018-02-05,1.4112279415130615,1.4112279415130615,1.3428269624710083,1.3482270240783691,1.0794203281402588,206557805
2018-02-06,1.2978260517120361,1.3626270294189453,1.2888259887695312,1.341027021408081,1.0736558437347412,262616028
2018-02-07,1.3518270254135132,1.4166280031204224,1.3392269611358643,1.3536269664764404,1.0837438106536865,208647441
2018-02-08,1.3554270267486572,1.3734270334243774,1.3284260034561157,1.3284260034561157,1.0635672807693481,103711171
2018-02-09,1.3194259405136108,1.3428269624710083,1.3032259941101074,1.3122260570526123,1.0505971908569336,128711253
2018-02-12,1.330227017402649,1.3788269758224487,1.330227017402649,1.3644269704818726,1.0923902988433838,105727975
2018-02-13,1.3770270347595215,1.391427993774414,1.344627022743225,1.344627022743225,1.0765380859375,105250579
2018-02-14,1.3626270294189453,1.3662270307540894,1.2996259927749634,1.3104259967803955,1.0491560697555542,139343359
2018-02-15,1.337427020072937,1.3464269638061523,1.3284260034561157,1.344627022743225,1.0765380859375,81546383
2018-02-16,1.3518270254135132,1.3770270347595215,1.3518270254135132,1.3680269718170166,1.0952726602554321,100854502
2018-02-19,1.3788269758224487,1.3824280500411987,1.3212260007858276,1.330227017402649,1.0650091171264648,132927156
2018-02-20,1.341027021408081,1.3482270240783691,1.2492250204086304,1.2600250244140625,1.0088037252426147,124497794
2018-02-21,1.2978260517120361,1.3356269598007202,1.294226050376892,1.3356269598007202,1.069332480430603,139829082
2018-02-22,1.3356269598007202,1.3356269598007202,1.3122260570526123,1.3356269598007202,1.069332480430603,99428169
2018-02-23,1.3428269624710083,1.3680269718170166,1.341027021408081,1.3518270254135132,1.082302451133728,110249772
2018-02-26,1.3626270294189453,1.3752269744873047,1.3554270267486572,1.3608269691467285,1.0895081758499146,79342711
2018-02-27,1.3698270320892334,1.3770270347595215,1.3500269651412964,1.3554270267486572,1.0851848125457764,106058840
2018-02-28,1.3482270240783691,1.3752269744873047,1.344627022743225,1.3752269744873047,1.1010371446609497,150683929
2018-03-01,1.3626270294189453,1.3734270334243774,1.3572269678115845,1.3590270280838013,1.0880669355392456,97067201
2018-03-02,1.3500269651412964,1.3590270280838013,1.341027021408081,1.3500269651412964,1.0808614492416382,73787018
2018-03-05,1.3590270280838013,1.3716269731521606,1.3482270240783691,1.3590270280838013,1.0880669355392456,62631689
2018-03-06,1.3698270320892334,1.3860280513763428,1.3608269691467285,1.3770270347595215,1.102478265762329,73846083
2018-03-07,1.3680269718170166,1.3986279964447021,1.3662270307540894,1.391427993774414,1.1140079498291016,69366285
2018-03-08,1.3932280540466309,1.396828055381775,1.3734270334243774,1.3860280513763428,1.109684705734253,61078498
2018-03-09,1.3860280513763428,1.38782799243927,1.3626270294189453,1.3698270320892334,1.096713662147522,47155325
2018-03-12,1.380627989768982,1.3986279964447021,1.380627989768982,1.3932280540466309,1.1154491901397705,61272061
2018-03-13,1.3860280513763428,1.3932280540466309,1.3662270307540894,1.3752269744873047,1.1010371446609497,53961309
2018-03-14,1.3752269744873047,1.3860280513763428,1.333827018737793,1.3464269638061523,1.0779790878295898,72664741
2018-03-15,1.3572269678115845,1.3572269678115845,1.3248260021209717,1.3320269584655762,1.0664502382278442,70478352
2018-03-16,1.3320269584655762,1.344627022743225,1.3248260021209717,1.333827018737793,1.067891240119934,45301046
2018-03-19,1.3392269611358643,1.3464269638061523,1.2654249668121338,1.2816259860992432,1.0260980129241943,131163736
2018-03-20,1.2924259901046753,1.3104259967803955,1.2708250284194946,1.2996259927749634,1.0405093431472778,135827391
2018-03-21,1.2996259927749634,1.3140259981155396,1.2960259914398193,1.3104259967803955,1.0491560697555542,80587696
2018-03-22,1.326625943183899,1.3320269584655762,1.2978260517120361,1.3014260530471802,1.0419503450393677,72892764
2018-03-23,1.28342604637146,1.3122260570526123,1.27982497215271,1.3014260530471802,1.0419503450393677,70797073
2018-03-26,1.3086260557174683,1.3104259967803955,1.27982497215271,1.28342604637146,1.0275392532348633,68758164
2018-03-27,1.2978260517120361,1.3050260543823242,1.2816259860992432,1.28342604637146,1.0275392532348633,54552797
2018-03-28,1.276224970817566,1.27982497215271,1.2492250204086304,1.2546249628067017,1.0044806003570557,118203416
2018-03-29,1.2564250230789185,1.2852259874343872,1.2492250204086304,1.2816259860992432,1.0260980129241943,75349819
2018-03-30,1.294226050376892,1.3032259941101074,1.2852259874343872,1.2888259887695312,1.031862497329712,35792095
2018-04-02,1.2888259887695312,1.294226050376892,1.2780250310897827,1.2780250310897827,1.0232150554656982,26725229
2018-04-03,1.2402249574661255,1.2456250190734863,1.2168240547180176,1.2222239971160889,1.0209420919418335,67036811
2018-04-04,1.2276240587234497,1.2312250137329102,1.2078239917755127,1.2132240533828735,1.0134243965148926,82133748
2018-04-05,1.2132240533828735,1.2330249547958374,1.2060240507125854,1.2168240547180176,1.016431450843811,133464889
2018-04-06,1.2132240533828735,1.2276240587234497,1.2096240520477295,1.2132240533828735,1.0134243965148926,61327738
2018-04-09,1.2222239971160889,1.2222239971160889,1.1844240427017212,1.1916240453720093,0.9953815340995789,70517062
2018-04-10,1.2006239891052246,1.2006239891052246,1.155622959136963,1.170022964477539,0.9773378968238831,107441401
2018-04-11,1.162822961807251,1.1862239837646484,1.1304219961166382,1.155622959136963,0.9653093814849854,106025524
2018-04-12,1.1520229578018188,1.1754230260849,1.1412229537963867,1.1610230207443237,0.969819962978363,87002005
2018-04-13,1.1754230260849,1.1826239824295044,1.1610230207443237,1.173622965812683,0.9803449511528015,108305434
2018-04-16,1.1772229671478271,1.1988240480422974,1.1718230247497559,1.1754230260849,0.9818485975265503,94863412
2018-04-17,1.1844240427017212,1.1898239850997925,1.1394230127334595,1.1538230180740356,0.9638057947158813,148335171
2018-04-18,1.1538230180740356,1.1952240467071533,1.1448229551315308,1.1898239850997925,0.9938780069351196,205797765
2018-04-19,1.1880240440368652,1.2006239891052246,1.1808229684829712,1.1862239837646484,0.9908708333969116,119824061
2018-04-20,1.179023027420044,1.1844240427017212,1.1484229564666748,1.1538230180740356,0.9638057947158813,116739040
2018-04-23,1.1538230180740356,1.1538230180740356,1.1538230180740356,1.1538230180740356,0.9638057947158813,0
2018-04-24,1.1520229578018188,1.1610230207443237,1.1430230140686035,1.1484229564666748,0.9592949748039246,104258577
2018-04-25,1.1538230180740356,1.1610230207443237,1.1070220470428467,1.112421989440918,0.9292228817939758,142226867
2018-04-26,1.116021990776062,1.1304219961166382,1.1016219854354858,1.125022053718567,0.9397477507591248,85174942
2018-04-27,1.128622055053711,1.1574230194091797,1.12322199344635,1.1448229551315308,0.9562878608703613,76155092
2018-04-30,1.1520229578018188,1.155622959136963,1.0998220443725586,1.1070220470428467,0.9247123003005981,100197859
2018-05-01,1.1070220470428467,1.1070220470428467,1.1070220470428467,1.1070220470428467,0.9247123003005981,0
2018-05-02,1.1142220497131348,1.1214220523834229,1.0836219787597656,1.108821988105774,0.9262157082557678,127020281
2018-05-03,1.1034220457077026,1.108821988105774,1.058421015739441,1.0638209581375122,0.8886256217956543,200662558
2018-05-04,1.0638209581375122,1.0908219814300537,1.0548210144042969,1.0782209634780884,0.9006541967391968,148716624
2018-05-07,1.0782209634780884,1.0872219800949097,1.0638209581375122,1.0638209581375122,0.8886256217956543,72157773
2018-05-08,1.069221019744873,1.072821021080017,1.0350209474563599,1.038620948791504,0.8675756454467773,115616457
2018-05-09,1.0314199924468994,1.0836219787597656,1.0296200513839722,1.072821021080017,0.8961435556411743,129321601
2018-05-10,1.0818209648132324,1.0926220417022705,1.0548210144042969,1.0854220390319824,0.9066693782806396,183622215
2018-05-11,1.0818209648132324,1.0854220390319824,1.05302095413208,1.0602209568023682,0.8856185674667358,133083775
2018-05-14,1.069221019744873,1.1052219867706299,1.0674209594726562,1.0980219841003418,0.9171943068504333,121790882
2018-05-15,1.0818209648132324,1.0998220443725586,1.0710209608078003,1.0746209621429443,0.8976470828056335,114909555
2018-05-16,1.0764210224151611,1.119621992111206,1.065621018409729,1.108821988105774,0.9262157082557678,273574806
2018-05-17,1.112421989440918,1.116021990776062,1.0872219800949097,1.1016219854354858,0.9202014207839966,71667883
2018-05-18,1.0980219841003418,1.1268219947814941,1.0980219841003418,1.1178220510482788,0.9337335824966431,149516880
2018-05-21,1.1142220497131348,1.1430230140686035,1.1070220470428467,1.1214220523834229,0.9367406964302063,131321927
2018-05-22,1.125022053718567,1.1448229551315308,1.12322199344635,1.1412229537963867,0.9532807469367981,129250792
2018-05-23,1.1358230113983154,1.1520229578018188,1.116021990776062,1.132222056388855,0.9457620978355408,163107565
2018-05-24,1.1538230180740356,1.1610230207443237,1.1052219867706299,1.116021990776062,0.9322300553321838,132149672
2018-05-25,1.1268219947814941,1.1412229537963867,1.1178220510482788,1.1340229511260986,0.9472665190696716,110609781
2018-05-28,1.1520229578018188,1.1808229684829712,1.1520229578018188,1.173622965812683,0.9803449511528015,164631968
2018-05-29,1.173622965812683,1.179023027420044,1.159222960472107,1.1646230220794678,0.9728271961212158,114477353
2018-05-30,1.1646230220794678,1.1826239824295044,1.1304219961166382,1.132222056388855,0.9457620978355408,206809622
2018-05-31,1.1412229537963867,1.1430230140686035,1.072821021080017,1.0782209634780884,0.9006541967391968,162752811
2018-06-01,1.0782209634780884,1.0800210237503052,1.0404210090637207,1.049420952796936,0.8765971064567566,185962779
2018-06-04,1.0476210117340088,1.069221019744873,1.042220950126648,1.045820951461792,0.8735899925231934,142957558
2018-06-05,1.049420952796936,1.0566209554672241,1.0206199884414673,1.0242199897766113,0.8555463552474976,122389303
2018-06-06,1.0296200513839722,1.049420952796936,1.0008200407028198,1.0440210103988647,0.8720864653587341,175517658
2018-06-07,1.042220950126648,1.0746209621429443,1.0404210090637207,1.069221019744873,0.8931364417076111,111243852
2018-06-08,1.058421015739441,1.0602209568023682,1.0314199924468994,1.0350209474563599,0.8645685911178589,95874403
2018-06-11,1.0350209474563599,1.049420952796936,1.0044200420379639,1.045820951461792,0.8735899925231934,164104417
2018-06-12,1.0368210077285767,1.05302095413208,1.0242199897766113,1.038620948791504,0.8675756454467773,96801089
2018-06-13,1.0314199924468994,1.049420952796936,1.0278199911117554,1.0314199924468994,0.861560583114624,120625511
2018-06-14,1.0278199911117554,1.058421015739441,1.0242199897766113,1.049420952796936,0.8765971064567566,58163557
2018-06-15,1.049420952796936,1.049420952796936,1.049420952796936,1.049420952796936,0.8765971064567566,0
2018-06-18,1.0404210090637207,1.042220950126648,1.0134199857711792,1.01882004737854,0.8510357141494751,100192182
2018-06-19,1.011620044708252,1.05302095413208,1.008020043373108,1.042220950126648,0.8705828189849854,103970994
2018-06-20,1.038620948791504,1.0764210224151611,1.038620948791504,1.05302095413208,0.8796042799949646,104163373
2018-06-21,1.049420952796936,1.0764210224151611,1.0440210103988647,1.0710209608078003,0.8946399092674255,158739726
2018-06-22,1.0746209621429443,1.0962220430374146,1.069221019744873,1.0800210237503052,0.902157723903656,130293215
2018-06-25,1.12322199344635,1.12322199344635,1.0062199831008911,1.0170199871063232,0.8495320677757263,254283258
2018-06-26,1.0206199884414673,1.0314199924468994,1.002619981765747,1.0044200420379639,0.8390071392059326,215484680
2018-06-27,1.002619981765747,1.038620948791504,1.002619981765747,1.0332200527191162,0.8630642890930176,252481701
2018-06-28,1.0242199897766113,1.0440210103988647,1.0206199884414673,1.0296200513839722,0.8600570559501648,208787038
2018-06-29,1.0368210077285767,1.042220950126648,1.0260200500488281,1.0260200500488281,0.8570500612258911,127017559
2018-07-02,1.0170199871063232,1.0368210077285767,1.0134199857711792,1.0296200513839722,0.8600570559501648,153121463
2018-07-03,1.0332200527191162,1.0350209474563599,1.011620044708252,1.0134199857711792,0.8465249538421631,143075478
2018-07-04,1.0134199857711792,1.038620948791504,1.0098199844360352,1.0314199924468994,0.861560583114624,188657258
2018-07-05,1.0350209474563599,1.049420952796936,1.0332200527191162,1.0440210103988647,0.8720864653587341,160822356
2018-07-06,1.038620948791504,1.045820951461792,1.0206199884414673,1.0296200513839722,0.8600570559501648,126418166
2018-07-09,1.0350209474563599,1.058421015739441,1.0350209474563599,1.0440210103988647,0.8720864653587341,218478591
2018-07-10,1.0206199884414673,1.0350209474563599,0.9882199764251709,0.9900199770927429,0.8269785642623901,223044065
2018-07-11,0.9810190200805664,0.9810190200805664,0.9144179821014404,0.9162179827690125,0.7653306722640991,250135387
2018-07-12,0.9216179847717285,0.9342179894447327,0.8784170150756836,0.8982179760932922,0.7502949237823486,333217067
2018-07-13,0.9036179780960083,0.9108179807662964,0.8838170170783997,0.8982179760932922,0.7502949237823486,114897166
2018-07-16,0.9036179780960083,0.9072179794311523,0.8568170070648193,0.8622170090675354,0.7202229499816895,178235403
2018-07-17,0.8532170057296753,0.8712170124053955,0.8442170023918152,0.8604170083999634,0.7187193036079407,207748742
2018-07-18,0.8568170070648193,0.8766170144081116,0.8478170037269592,0.8730170130729675,0.7292442321777344,227728520
2018-07-19,0.8802170157432556,0.8856170177459717,0.8586170077323914,0.8604170083999634,0.7187193036079407,140036639
2018-07-20,0.8586170077323914,0.8910179734230042,0.8550170063972473,0.8838170170783997,0.7382656335830688,136305193
2018-07-23,0.8946179747581482,0.9180179834365845,0.8946179747581482,0.9054179787635803,0.7563093304634094,177259622
2018-07-24,0.9036179780960083,0.9072179794311523,0.8586170077323914,0.8604170083999634,0.7187193036079407,178490503
2018-07-25,0.8568170070648193,0.9000179767608643,0.8550170063972473,0.8964179754257202,0.7487914562225342,279405332
2018-07-26,0.9054179787635803,0.9126179814338684,0.8712170124053955,0.8838170170783997,0.7382656335830688,249817521
2018-07-27,0.8820170164108276,0.8982179760932922,0.8640170097351074,0.8838170170783997,0.7382656335830688,145835144
2018-07-30,0.8748170137405396,0.8964179754257202,0.8730170130729675,0.8892179727554321,0.7427771687507629,150491060
2018-07-31,0.8892179727554321,0.9108179807662964,0.8856170177459717,0.9108179807662964,0.7608199715614319,161569458
2018-08-01,0.9162179827690125,0.9198179841041565,0.8982179760932922,0.9018179774284363,0.7533021569252014,126061901
2018-08-02,0.8820170164108276,0.8892179727554321,0.8712170124053955,0.8856170177459717,0.7397692799568176,153718773
2018-08-03,0.8838170170783997,0.9072179794311523,0.8820170164108276,0.8946179747581482,0.7472878694534302,117052595
2018-08-06,0.8928179740905762,0.9018179774284363,0.8712170124053955,0.8802170157432556,0.7352585792541504,112647557
2018-08-07,0.8820170164108276,0.9000179767608643,0.8766170144081116,0.8982179760932922,0.7502949237823486,200406841
2018-08-08,0.9018179774284363,0.9090179800987244,0.8964179754257202,0.9000179767608643,0.7517985701560974,154612632
2018-08-09,0.8838170170783997,0.9162179827690125,0.8784170150756836,0.8856170177459717,0.7397692799568176,268774075
2018-08-10,0.8766170144081116,0.8784170150756836,0.7542150020599365,0.8136159777641296,0.6796256899833679,474700027
2018-08-13,0.7992159724235535,0.7992159724235535,0.6930140256881714,0.7110139727592468,0.5939206480979919,967429967
2018-08-14,0.7434149980545044,0.7488150000572205,0.7128139734268188,0.723613977432251,0.6044456362724304,562566037
2018-08-15,0.7398149967193604,0.7434149980545044,0.6984140276908875,0.7128139734268188,0.595424234867096,450463119
2018-08-16,0.727213978767395,0.729013979434967,0.6912140250205994,0.6930140256881714,0.5788850784301758,380813434
2018-08-17,0.6912140250205994,0.6966140270233154,0.671413004398346,0.6966140270233154,0.581892192363739,301916247
2018-08-20,0.7128139734268188,0.727213978767395,0.7110139727592468,0.7110139727592468,0.5939206480979919,236499647
2018-08-21,0.7110139727592468,0.7110139727592468,0.7110139727592468,0.7110139727592468,0.5939206480979919,0
2018-08-22,0.7110139727592468,0.7110139727592468,0.7110139727592468,0.7110139727592468,0.5939206480979919,0
2018-08-23,0.7110139727592468,0.7110139727592468,0.7110139727592468,0.7110139727592468,0.5939206480979919,0
2018-08-24,0.7110139727592468,0.7110139727592468,0.7110139727592468,0.7110139727592468,0.5939206480979919,0
2018-08-27,0.721813976764679,0.723613977432251,0.7092139720916748,0.7128139734268188,0.595424234867096,307797166
2018-08-28,0.7164139747619629,0.7416149973869324,0.7128139734268188,0.7398149967193604,0.617978572845459,419351712
2018-08-29,0.7308139801025391,0.7470149993896484,0.725413978099823,0.7398149967193604,0.617978572845459,368267794
2018-08-30,0.7398149967193604,0.7398149967193604,0.7398149967193604,0.7398149967193604,0.617978572845459,0
2018-08-31,0.7398149967193604,0.7452149987220764,0.7146139740943909,0.7200139760971069,0.6014384627342224,622801387
2018-09-03,0.7182139754295349,0.7326139807701111,0.7110139727592468,0.725413978099823,0.6059492230415344,405210633
2018-09-04,0.721813976764679,0.7362139821052551,0.7182139754295349,0.723613977432251,0.6044456362724304,292195566
2018-09-05,0.721813976764679,0.727213978767395,0.7146139740943909,0.725413978099823,0.6059492230415344,229411786
2018-09-06,0.725413978099823,0.7308139801025391,0.7182139754295349,0.721813976764679,0.6029421091079712,163979675
2018-09-07,0.7200139760971069,0.721813976764679,0.7146139740943909,0.7200139760971069,0.6014384627342224,248300024
2018-09-10,0.7182139754295349,0.7200139760971069,0.7020140290260315,0.7038140296936035,0.5879064202308655,236883251
2018-09-11,0.7002140283584595,0.7200139760971069,0.6966140270233154,0.7128139734268188,0.595424234867096,277669306
2018-09-12,0.7164139747619629,0.723613977432251,0.7128139734268188,0.7146139740943909,0.5969278216362,254272114
2018-09-13,0.7128139734268188,0.7452149987220764,0.7128139734268188,0.7308139801025391,0.6104599237442017,382238644
2018-09-14,0.7380139827728271,0.7722150087356567,0.7326139807701111,0.7506150007247925,0.6269999742507935,444290545
2018-09-17,0.723613977432251,0.725413978099823,0.6948140263557434,0.7020140290260315,0.5864028930664062,712475016
2018-09-18,0.7056139707565308,0.7200139760971069,0.7038140296936035,0.7128139734268188,0.595424234867096,416211681
2018-09-19,0.7164139747619629,0.7524150013923645,0.7128139734268188,0.7488150000572205,0.6254964470863342,482754891
2018-09-20,0.7488150000572205,0.7668150067329407,0.7182139754295349,0.7200139760971069,0.6014384627342224,651140917
2018-09-21,0.725413978099823,0.7434149980545044,0.725413978099823,0.7344139814376831,0.6134670376777649,358482270
2018-09-24,0.7398149967193604,0.7794150114059448,0.7362139821052551,0.7704150080680847,0.643539309501648,569206230
2018-09-25,0.7794150114059448,0.7830150127410889,0.7434149980545044,0.7488150000572205,0.6254964470863342,387516070
2018-09-26,0.7524150013923645,0.7668150067329407,0.7452149987220764,0.7542150020599365,0.6300072073936462,250303206
2018-09-27,0.7560150027275085,0.7974159717559814,0.7542150020599365,0.7956159710884094,0.6645900011062622,617283138
2018-09-28,0.7992159724235535,0.8064159750938416,0.7812150120735168,0.7992159724235535,0.6675971150398254,500858207
2018-10-01,0.7956159710884094,0.8028159737586975,0.7776150107383728,0.7812150120735168,0.6525607109069824,278638514
2018-10-02,0.7704150080680847,0.7812150120735168,0.7596150040626526,0.7704150080680847,0.643539309501648,224455503
2018-10-03,0.7758150100708008,0.7812150120735168,0.7470149993896484,0.7488150000572205,0.6254964470863342,259758564
2018-10-04,0.7470149993896484,0.7488150000572205,0.7092139720916748,0.7092139720916748,0.5924170613288879,234547965
2018-10-05,0.7110139727592468,0.7362139821052551,0.7056139707565308,0.7326139807701111,0.6119634509086609,251993816
2018-10-08,0.725413978099823,0.7668150067329407,0.7200139760971069,0.7578150033950806,0.6330142617225647,337317089
2018-10-09,0.7596150040626526,0.7704150080680847,0.7434149980545044,0.7506150007247925,0.6269999742507935,276768263
2018-10-10,0.7578150033950806,0.7704150080680847,0.7452149987220764,0.7452149987220764,0.622489333152771,310381269
2018-10-11,0.725413978099823,0.7380139827728271,0.7110139727592468,0.725413978099823,0.6059492230415344,338019858
2018-10-12,0.7362139821052551,0.7542150020599365,0.7182139754295349,0.7380139827728271,0.6164741516113281,386347782
2018-10-15,0.7380139827728271,0.7668150067329407,0.7380139827728271,0.7578150033950806,0.6330142617225647,497328934
2018-10-16,0.7560150027275085,0.7812150120735168,0.7542150020599365,0.7650150060653687,0.6390285491943359,367256042
2018-10-17,0.7758150100708008,0.7866150140762329,0.7704150080680847,0.7812150120735168,0.6525607109069824,367508998
2018-10-18,0.7830150127410889,0.7974159717559814,0.7650150060653687,0.7722150087356567,0.645042896270752,331689592
2018-10-19,0.7758150100708008,0.7812150120735168,0.7506150007247925,0.7506150007247925,0.6269999742507935,222336702
2018-10-22,0.7560150027275085,0.7596150040626526,0.727213978767395,0.7308139801025391,0.6104599237442017,167187255
2018-10-23,0.721813976764679,0.7308139801025391,0.7164139747619629,0.723613977432251,0.6044456362724304,285121099
2018-10-24,0.729013979434967,0.7380139827728271,0.7200139760971069,0.723613977432251,0.6044456362724304,232276844
2018-10-25,0.7200139760971069,0.7308139801025391,0.7164139747619629,0.729013979434967,0.6089563369750977,209725863
2018-10-26,0.725413978099823,0.727213978767395,0.7074139714241028,0.7092139720916748,0.5924170613288879,133676052
2018-10-29,0.7092139720916748,0.7092139720916748,0.7092139720916748,0.7092139720916748,0.5924170613288879,0
2018-10-30,0.7110139727592468,0.723613977432251,0.7038140296936035,0.723613977432251,0.6044456362724304,193081518
2018-10-31,0.727213978767395,0.7416149973869324,0.7110139727592468,0.7182139754295349,0.5999349355697632,220811932
2018-11-01,0.721813976764679,0.7596150040626526,0.7164139747619629,0.7524150013923645,0.6285035610198975,176488266
2018-11-02,0.7596150040626526,0.7686150074005127,0.7470149993896484,0.7614150047302246,0.6360214352607727,310823666
2018-11-05,0.7686150074005127,0.7902160286903381,0.7632150053977966,0.7902160286903381,0.6600793600082397,389353127
2018-11-06,0.7938159704208374,0.7938159704208374,0.7524150013923645,0.7614150047302246,0.6360214352607727,249546649
2018-11-07,0.7614150047302246,0.7758150100708008,0.7560150027275085,0.7650150060653687,0.6390285491943359,242573085
2018-11-08,0.7614150047302246,0.7650150060653687,0.725413978099823,0.7308139801025391,0.6104599237442017,298765239
2018-11-09,0.7308139801025391,0.7326139807701111,0.7128139734268188,0.725413978099823,0.6059492230415344,279576911
2018-11-12,0.725413978099823,0.7344139814376831,0.7146139740943909,0.7146139740943909,0.5969278216362,250890816
2018-11-13,0.7146139740943909,0.7416149973869324,0.7146139740943909,0.7380139827728271,0.6164741516113281,329769953
2018-11-14,0.7380139827728271,0.7398149967193604,0.725413978099823,0.727213978767395,0.6074528098106384,204585879
2018-11-15,0.729013979434967,0.7380139827728271,0.723613977432251,0.729013979434967,0.6089563369750977,168695002
2018-11-16,0.7344139814376831,0.7434149980545044,0.725413978099823,0.7326139807701111,0.6119634509086609,206754790
2018-11-19,0.7326139807701111,0.7380139827728271,0.727213978767395,0.7362139821052551,0.6149705648422241,232182152
2018-11-20,0.7344139814376831,0.7434149980545044,0.7182139754295349,0.7200139760971069,0.6014384627342224,325403842
2018-11-21,0.723613977432251,0.729013979434967,0.7200139760971069,0.729013979434967,0.6089563369750977,144264715
2018-11-22,0.729013979434967,0.7326139807701111,0.721813976764679,0.729013979434967,0.6089563369750977,116507800
2018-11-23,0.727213978767395,0.7344139814376831,0.727213978767395,0.7326139807701111,0.6119634509086609,118562614
2018-11-26,0.7380139827728271,0.7542150020599365,0.7362139821052551,0.7470149993896484,0.6239928603172302,296345332
2018-11-27,0.7470149993896484,0.7488150000572205,0.7362139821052551,0.7452149987220764,0.622489333152771,151711986
2018-11-28,0.7434149980545044,0.7560150027275085,0.7434149980545044,0.7452149987220764,0.622489333152771,143525063
2018-11-29,0.7578150033950806,0.7632150053977966,0.7524150013923645,0.7596150040626526,0.6345179080963135,198858217
2018-11-30,0.7596150040626526,0.7686150074005127,0.7506150007247925,0.7614150047302246,0.6360214352607727,197763173
2018-12-03,0.7776150107383728,0.7830150127410889,0.7578150033950806,0.7614150047302246,0.6360214352607727,196260742
2018-12-04,0.7596150040626526,0.7704150080680847,0.7470149993896484,0.7524150013923645,0.6285035610198975,173426589
2018-12-05,0.7452149987220764,0.7470149993896484,0.725413978099823,0.7380139827728271,0.6164741516113281,224605967
2018-12-06,0.7362139821052551,0.7398149967193604,0.727213978767395,0.7344139814376831,0.6134670376777649,153672307
2018-12-07,0.7380139827728271,0.7416149973869324,0.7308139801025391,0.7398149967193604,0.617978572845459,153808882
2018-12-10,0.7344139814376831,0.7434149980545044,0.7308139801025391,0.7344139814376831,0.6134670376777649,111946515
2018-12-11,0.7344139814376831,0.7380139827728271,0.7308139801025391,0.7380139827728271,0.6164741516113281,180010011
2018-12-12,0.7398149967193604,0.7434149980545044,0.723613977432251,0.725413978099823,0.6059492230415344,137554229
2018-12-13,0.723613977432251,0.7362139821052551,0.723613977432251,0.7326139807701111,0.6119634509086609,103930011
2018-12-14,0.7326139807701111,0.7434149980545044,0.727213978767395,0.7380139827728271,0.6164741516113281,136424140
2018-12-17,0.7380139827728271,0.7470149993896484,0.7362139821052551,0.7452149987220764,0.622489333152771,74371589
2018-12-18,0.7398149967193604,0.7614150047302246,0.7398149967193604,0.7578150033950806,0.6330142617225647,134828401
2018-12-19,0.7614150047302246,0.7830150127410889,0.7596150040626526,0.7794150114059448,0.6510571241378784,173338213
2018-12-20,0.7686150074005127,0.7758150100708008,0.7578150033950806,0.7740150094032288,0.6465463638305664,119351576
2018-12-21,0.7722150087356567,0.7830150127410889,0.7632150053977966,0.7794150114059448,0.6510571241378784,139184134
2018-12-24,0.7812150120735168,0.7902160286903381,0.7740150094032288,0.7848150134086609,0.6555678248405457,90574994
2018-12-25,0.7830150127410889,0.7956159710884094,0.7812150120735168,0.7938159704208374,0.6630864143371582,67359054
2018-12-26,0.7992159724235535,0.8118159770965576,0.7938159704208374,0.8118159770965576,0.6781221032142639,74653367
2018-12-27,0.8190159797668457,0.8262159824371338,0.7866150140762329,0.7920160293579102,0.661582887172699,181436471
2018-12-28,0.7956159710884094,0.7974159717559814,0.7758150100708008,0.7884160280227661,0.6585757732391357,134391598
2018-12-31,0.7938159704208374,0.8244159817695618,0.7920160293579102,0.8172159790992737,0.6826327443122864,143390238
2019-01-01,0.8172159790992737,0.8172159790992737,0.8172159790992737,0.8172159790992737,0.6826327443122864,0
2019-01-02,0.8118159770965576,0.8118159770965576,0.7704150080680847,0.7740150094032288,0.6465463638305664,185599892
2019-01-03,0.7686150074005127,0.7830150127410889,0.7344139814376831,0.7416149973869324,0.6194822192192078,189625605
2019-01-04,0.7488150000572205,0.7650150060653687,0.7452149987220764,0.7614150047302246,0.6360214352607727,134696548
2019-01-07,0.7668150067329407,0.7740150094032288,0.7614150047302246,0.7650150060653687,0.6390285491943359,125920387
2019-01-08,0.7650150060653687,0.7686150074005127,0.7542150020599365,0.7614150047302246,0.6360214352607727,122267200
2019-01-09,0.7614150047302246,0.7632150053977966,0.7434149980545044,0.7488150000572205,0.6254964470863342,127518971
2019-01-10,0.7542150020599365,0.7650150060653687,0.7452149987220764,0.7596150040626526,0.6345179080963135,119930892
2019-01-11,0.7632150053977966,0.7686150074005127,0.7596150040626526,0.7650150060653687,0.6390285491943359,104236616
2019-01-14,0.7578150033950806,0.7776150107383728,0.7506150007247925,0.7740150094032288,0.6465463638305664,133849487
2019-01-15,0.7848150134086609,0.8028159737586975,0.7794150114059448,0.7992159724235535,0.6675971150398254,177698463
2019-01-16,0.8046159744262695,0.8658170104026794,0.8028159737586975,0.8640170097351074,0.7217264771461487,371270944
2019-01-17,0.8658170104026794,0.9342179894447327,0.8640170097351074,0.9108179807662964,0.7608199715614319,446502128
2019-01-18,0.9162179827690125,0.9306179881095886,0.9054179787635803,0.9162179827690125,0.7653306722640991,221657432
2019-01-21,0.9180179834365845,0.945019006729126,0.9072179794311523,0.9216179847717285,0.7698413729667664,251170449
2019-01-22,0.9180179834365845,0.9594190120697021,0.9144179821014404,0.9558190107345581,0.7984100580215454,227093344
2019-01-23,0.9612190127372742,1.0044200420379639,0.9558190107345581,0.9846190214157104,0.8224670886993408,364204615
2019-01-24,0.9900199770927429,1.002619981765747,0.9720190167427063,0.9756190180778503,0.8149492144584656,309759865
2019-01-25,0.9900199770927429,0.9900199770927429,0.9594190120697021,0.9774190187454224,0.8164528012275696,218251357
2019-01-28,0.9846190214157104,0.9918199777603149,0.9648190140724182,0.9666190147399902,0.8074313998222351,163077833
2019-01-29,0.9648190140724182,1.049420952796936,0.9612190127372742,1.045820951461792,0.8735899925231934,361812069
2019-01-30,1.0512210130691528,1.0764210224151611,1.0134199857711792,1.0314199924468994,0.861560583114624,328683659
2019-01-31,1.062021017074585,1.0746209621429443,1.002619981765747,1.0242199897766113,0.8555463552474976,277402900
2019-02-01,1.0260200500488281,1.05302095413208,1.008020043373108,1.0476210117340088,0.8750935792922974,202378251
2019-02-04,1.0512210130691528,1.0674209594726562,1.0278199911117554,1.0368210077285767,0.8660721778869629,185065758
2019-02-05,1.049420952796936,1.072821021080017,0.9522190093994141,0.9702190160751343,0.8104385137557983,815096271
2019-02-06,0.9756190180778503,0.9882199764251709,0.94861900806427,0.9576190114021301,0.7999135255813599,421117187
2019-02-07,0.9612190127372742,0.9720190167427063,0.94861900806427,0.9522190093994141,0.7954028248786926,319388664
2019-02-08,0.9540190100669861,0.9828190207481384,0.950419008731842,0.9756190180778503,0.8149492144584656,224925771
2019-02-11,0.9882199764251709,1.0062199831008911,0.9810190200805664,0.9864199757575989,0.8239715099334717,357488702
2019-02-12,0.9900199770927429,1.0314199924468994,0.9900199770927429,1.011620044708252,0.8450214862823486,424066978
2019-02-13,1.022420048713684,1.0350209474563599,0.9594190120697021,0.9684190154075623,0.8089349865913391,389104021
2019-02-14,0.9666190147399902,1.015220046043396,0.9576190114021301,1.0062199831008911,0.8405106663703918,346116644
2019-02-15,1.0062199831008911,1.0440210103988647,0.9864199757575989,1.038620948791504,0.8675756454467773,277719449
2019-02-18,1.0440210103988647,1.0476210117340088,1.0134199857711792,1.01882004737854,0.8510357141494751,215246012
2019-02-19,1.015220046043396,1.022420048713684,0.9900199770927429,1.0044200420379639,0.8390071392059326,228656929
2019-02-20,1.008020043373108,1.0278199911117554,0.9918199777603149,0.995419979095459,0.8314893245697021,296120548
2019-02-21,0.993619978427887,1.0098199844360352,0.9900199770927429,0.999019980430603,0.8344964385032654,232427830
2019-02-22,1.0062199831008911,1.015220046043396,0.995419979095459,1.0008200407028198,0.8360000252723694,151506790
2019-02-25,1.0062199831008911,1.0260200500488281,1.0062199831008911,1.0134199857711792,0.8465249538421631,210997432
2019-02-26,1.011620044708252,1.0368210077285767,1.0062199831008911,1.0296200513839722,0.8600570559501648,174269005
2019-02-27,1.038620948791504,1.0476210117340088,1.0260200500488281,1.0296200513839722,0.8600570559501648,157347788
2019-02-28,1.0278199911117554,1.0512210130691528,1.0242199897766113,1.049420952796936,0.8765971064567566,194874465
2019-03-01,1.0332200527191162,1.049420952796936,1.0260200500488281,1.042220950126648,0.8705828189849854,222914190
2019-03-04,1.042220950126648,1.0746209621429443,1.0350209474563599,1.0710209608078003,0.8946399092674255,199947995
2019-03-05,1.0638209581375122,1.0962220430374146,1.0512210130691528,1.0602209568023682,0.8856185674667358,417388685
2019-03-06,1.0674209594726562,1.0944219827651978,1.065621018409729,1.0836219787597656,0.9051657319068909,221914588
2019-03-07,1.0872219800949097,1.108821988105774,1.065621018409729,1.0836219787597656,0.9051657319068909,257645273
2019-03-08,1.0818209648132324,1.0926220417022705,1.058421015739441,1.0764210224151611,0.8991506695747375,191409868
2019-03-11,1.0782209634780884,1.0944219827651978,1.0764210224151611,1.0872219800949097,0.9081728458404541,151075176
2019-03-12,1.0962220430374146,1.0980219841003418,1.0638209581375122,1.0818209648132324,0.9036613702774048,168667430
2019-03-13,1.0746209621429443,1.0980219841003418,1.072821021080017,1.0962220430374146,0.9156907796859741,177410047
2019-03-14,1.0926220417022705,1.116021990776062,1.0908219814300537,1.1016219854354858,0.9202014207839966,177644703
2019-03-15,1.1016219854354858,1.128622055053711,1.0998220443725586,1.125022053718567,0.9397477507591248,159106480
2019-03-18,1.1340229511260986,1.1844240427017212,1.132222056388855,1.1844240427017212,0.9893671870231628,155860618
2019-03-19,1.1916240453720093,1.2042239904403687,1.1520229578018188,1.1754230260849,0.9818485975265503,214594687
2019-03-20,1.1538230180740356,1.1754230260849,1.1448229551315308,1.155622959136963,0.9653093814849854,156797266
2019-03-21,1.170022964477539,1.1826239824295044,1.1394230127334595,1.1466230154037476,0.9577915072441101,219168610
2019-03-22,1.155622959136963,1.1610230207443237,1.0710209608078003,1.0800210237503052,0.902157723903656,290226990
2019-03-25,1.0746209621429443,1.0782209634780884,1.0098199844360352,1.049420952796936,0.8765971064567566,320345445
2019-03-26,1.0566209554672241,1.065621018409729,1.0134199857711792,1.01882004737854,0.8510357141494751,269728834
2019-03-27,1.0278199911117554,1.0440210103988647,0.9342179894447327,0.9378190040588379,0.7833743095397949,372639872
2019-03-28,0.9666190147399902,1.015220046043396,0.9576190114021301,0.993619978427887,0.8299857378005981,399280386
2019-03-29,0.9792190194129944,1.0098199844360352,0.9684190154075623,0.999019980430603,0.8344964385032654,277661550
2019-04-01,0.995419979095459,1.01882004737854,0.950419008731842,0.997219979763031,0.8329929113388062,298612842
2019-04-02,1.015220046043396,1.0332200527191162,0.999019980430603,1.0170199871063232,0.8495320677757263,158457971
2019-04-03,1.0098199844360352,1.0350209474563599,1.008020043373108,1.022420048713684,0.8540428876876831,151181596
2019-04-04,1.0206199884414673,1.0512210130691528,1.015220046043396,1.0476210117340088,0.8750935792922974,186509479
2019-04-05,1.072821021080017,1.0944219827651978,1.0332200527191162,1.069221019744873,0.8931364417076111,279572489
2019-04-08,1.062021017074585,1.0710209608078003,1.022420048713684,1.0404210090637207,0.8690793514251709,179242538
2019-04-09,1.0566209554672241,1.069221019744873,1.0368210077285767,1.0404210090637207,0.8690793514251709,138264070
2019-04-10,1.062021017074585,1.0638209581375122,1.038620948791504,1.042220950126648,0.8705828189849854,105991508
2019-04-11,1.042220950126648,1.0566209554672241,1.0296200513839722,1.0368210077285767,0.8660721778869629,127763233
2019-04-12,1.0098199844360352,1.0134199857711792,0.9900199770927429,1.008020043373108,0.8420143127441406,143576840
2019-04-15,1.0044200420379639,1.022420048713684,1.002619981765747,1.008020043373108,0.8420143127441406,140737231
2019-04-16,1.01882004737854,1.0548210144042969,1.01882004737854,1.0512210130691528,0.8781006932258606,176782188
2019-04-17,1.0602209568023682,1.108821988105774,1.0602209568023682,1.0962220430374146,0.9156907796859741,295783149
2019-04-18,1.0944219827651978,1.0944219827651978,1.0674209594726562,1.0746209621429443,0.8976470828056335,141828875
2019-04-19,1.0818209648132324,1.0854220390319824,1.058421015739441,1.065621018409729,0.8901292681694031,55075803
2019-04-22,1.0566209554672241,1.058421015739441,1.042220950126648,1.045820951461792,0.8735899925231934,66580292
2019-04-23,1.045820951461792,1.045820951461792,1.045820951461792,1.045820951461792,0.8735899925231934,0
2019-04-24,1.0404210090637207,1.062021017074585,1.0278199911117554,1.042220950126648,0.8705828189849854,203081159
2019-04-25,1.0512210130691528,1.05302095413208,0.9846190214157104,0.995419979095459,0.8314893245697021,217662996
2019-04-26,1.0008200407028198,1.008020043373108,0.9720190167427063,0.9900199770927429,0.8269785642623901,201076833
2019-04-29,0.9900199770927429,0.993619978427887,0.94861900806427,0.950419008731842,0.7938992977142334,258456518
2019-04-30,0.9522190093994141,0.9666190147399902,0.94861900806427,0.9612190127372742,0.8029206991195679,262924066
2019-05-01,0.9612190127372742,0.9612190127372742,0.9612190127372742,0.9612190127372742,0.8029206991195679,0
2019-05-02,0.9666190147399902,0.9720190167427063,0.9324179887771606,0.9342179894447327,0.7803663611412048,139125141
2019-05-03,0.9324179887771606,0.945019006729126,0.9252179861068726,0.9360190033912659,0.7818707227706909,131127220
2019-05-06,0.9144179821014404,0.9522190093994141,0.9072179794311523,0.945019006729126,0.7893885970115662,148249873
2019-05-07,0.9054179787635803,0.9306179881095886,0.9036179780960083,0.9126179814338684,0.7623235583305359,239102911
2019-05-08,0.9162179827690125,0.945019006729126,0.9126179814338684,0.9360190033912659,0.7818707227706909,233287390
2019-05-09,0.945019006729126,0.94861900806427,0.9126179814338684,0.9144179821014404,0.7638270854949951,193114667
2019-05-10,0.9252179861068726,0.9360190033912659,0.9108179807662964,0.9162179827690125,0.7653306722640991,135660845
2019-05-13,0.9180179834365845,0.9234179854393005,0.8874179720878601,0.8910179734230042,0.7442806959152222,264009655
2019-05-14,0.8946179747581482,0.9270179867744446,0.8946179747581482,0.9234179854393005,0.7713449001312256,222993783
2019-05-15,0.9252179861068726,0.9270179867744446,0.8964179754257202,0.9108179807662964,0.7608199715614319,186963259
2019-05-16,0.9090179800987244,0.9234179854393005,0.8964179754257202,0.9000179767608643,0.7517985701560974,243788371
2019-05-17,0.8928179740905762,0.9072179794311523,0.8892179727554321,0.8982179760932922,0.7502949237823486,188067231
2019-05-20,0.8964179754257202,0.9090179800987244,0.8946179747581482,0.9036179780960083,0.7548057436943054,168527639
2019-05-21,0.9072179794311523,0.9126179814338684,0.8856170177459717,0.8946179747581482,0.7472878694534302,178775669
2019-05-22,0.8892179727554321,0.9036179780960083,0.8748170137405396,0.8766170144081116,0.7322514057159424,145972469
2019-05-23,0.8676170110702515,0.8802170157432556,0.8622170090675354,0.8766170144081116,0.7322514057159424,145680247
2019-05-24,0.8856170177459717,0.9126179814338684,0.8820170164108276,0.9072179794311523,0.7578127980232239,249434190
2019-05-27,0.9144179821014404,0.9270179867744446,0.8856170177459717,0.8928179740905762,0.7457842826843262,134464464
2019-05-28,0.8982179760932922,0.9180179834365845,0.8982179760932922,0.9018179774284363,0.7533021569252014,156086247
2019-05-29,0.8964179754257202,0.9036179780960083,0.8838170170783997,0.8856170177459717,0.7397692799568176,223488256
2019-05-30,0.8964179754257202,0.9342179894447327,0.8964179754257202,0.9306179881095886,0.7773592472076416,272241844
2019-05-31,0.9306179881095886,0.9342179894447327,0.9126179814338684,0.9162179827690125,0.7653306722640991,238047488
2019-06-03,0.8892179727554321,0.9000179767608643,0.8784170150756836,0.8874179720878601,0.7412735819816589,187817208
2019-06-04,0.8874179720878601,0.8874179720878601,0.8874179720878601,0.8874179720878601,0.7412735819816589,0
2019-06-05,0.8874179720878601,0.8874179720878601,0.8874179720878601,0.8874179720878601,0.7412735819816589,0
2019-06-06,0.8874179720878601,0.8874179720878601,0.8874179720878601,0.8874179720878601,0.7412735819816589,0
2019-06-07,0.8892179727554321,0.9378190040588379,0.8892179727554321,0.9324179887771606,0.7788627743721008,250597205
2019-06-10,0.9360190033912659,0.9594190120697021,0.9270179867744446,0.950419008731842,0.7938992977142334,266968584
2019-06-11,0.9540190100669861,0.9594190120697021,0.9180179834365845,0.9252179861068726,0.7728484869003296,266570487
2019-06-12,0.9252179861068726,0.9360190033912659,0.9144179821014404,0.9198179841041565,0.7683377861976624,205717006
2019-06-13,0.9108179807662964,0.9126179814338684,0.8928179740905762,0.8946179747581482,0.7472878694534302,174588304
2019-06-14,0.9000179767608643,0.9180179834365845,0.8964179754257202,0.9126179814338684,0.7623235583305359,215496052
2019-06-17,0.9108179807662964,0.94861900806427,0.9090179800987244,0.945019006729126,0.7893885970115662,186881366
2019-06-18,0.943219006061554,0.9900199770927429,0.943219006061554,0.9864199757575989,0.8239715099334717,259187020
2019-06-19,0.9810190200805664,1.0044200420379639,0.9666190147399902,0.995419979095459,0.8314893245697021,253490324
2019-06-20,1.0134199857711792,1.0260200500488281,0.995419979095459,0.999019980430603,0.8344964385032654,299503490
2019-06-21,0.995419979095459,1.0206199884414673,0.9828190207481384,1.011620044708252,0.8450214862823486,186568772
2019-06-24,1.0800210237503052,1.0818209648132324,1.0368210077285767,1.049420952796936,0.8765971064567566,390059196
2019-06-25,1.0440210103988647,1.0836219787597656,1.038620948791504,1.0710209608078003,0.8946399092674255,418095193
2019-06-26,1.0710209608078003,1.0764210224151611,1.0512210130691528,1.062021017074585,0.8871221542358398,100123816
2019-06-27,1.065621018409729,1.0836219787597656,1.0602209568023682,1.0674209594726562,0.8916327357292175,133515394
2019-06-28,1.0746209621429443,1.0962220430374146,1.0674209594726562,1.0908219814300537,0.9111800789833069,134497618
2019-07-01,1.119621992111206,1.1520229578018188,1.119621992111206,1.1412229537963867,0.9532807469367981,167926762
2019-07-02,1.1358230113983154,1.1574230194091797,1.1268219947814941,1.1448229551315308,0.9562878608703613,148360626
2019-07-03,1.1430230140686035,1.1466230154037476,1.1268219947814941,1.1376229524612427,0.9502736330032349,97546174
2019-07-04,1.1394230127334595,1.1448229551315308,1.1214220523834229,1.1358230113983154,0.9487699866294861,103445116
2019-07-05,1.132222056388855,1.1916240453720093,1.125022053718567,1.1844240427017212,0.9893671870231628,294576329
2019-07-08,1.166422963142395,1.1844240427017212,1.1574230194091797,1.1718230247497559,0.9788413643836975,134766091
2019-07-09,1.1646230220794678,1.1772229671478271,1.1304219961166382,1.132222056388855,0.9457620978355408,189339872
2019-07-10,1.128622055053711,1.173622965812683,1.1214220523834229,1.170022964477539,0.9773378968238831,223467006
2019-07-11,1.179023027420044,1.1844240427017212,1.132222056388855,1.1430230140686035,0.9547843337059021,176670390
2019-07-12,1.1430230140686035,1.1682230234146118,1.0944219827651978,1.0998220443725586,0.9186978936195374,206650881
2019-07-15,1.0998220443725586,1.0998220443725586,1.0998220443725586,1.0998220443725586,0.9186978936195374,0
2019-07-16,1.112421989440918,1.1268219947814941,1.0980219841003418,1.108821988105774,0.9262157082557678,136345081
2019-07-17,1.116021990776062,1.1430230140686035,1.0998220443725586,1.1358230113983154,0.9487699866294861,127651769
2019-07-18,1.1358230113983154,1.162822961807251,1.128622055053711,1.159222960472107,0.968316376209259,135534231
2019-07-19,1.170022964477539,1.1808229684829712,1.1430230140686035,1.155622959136963,0.9653093814849854,160262868
2019-07-22,1.1502230167388916,1.159222960472107,1.119621992111206,1.119621992111206,0.9352371096611023,140112810
2019-07-23,1.119621992111206,1.1484229564666748,1.1142220497131348,1.1358230113983154,0.9487699866294861,177759762
2019-07-24,1.1340229511260986,1.162822961807251,1.12322199344635,1.1574230194091797,0.9668129086494446,163373593
2019-07-25,1.159222960472107,1.170022964477539,1.1268219947814941,1.1394230127334595,0.9517771601676941,244250590
2019-07-26,1.1466230154037476,1.1646230220794678,1.1340229511260986,1.155622959136963,0.9653093814849854,153996056
2019-07-29,1.1574230194091797,1.166422963142395,1.1502230167388916,1.1538230180740356,0.9638057947158813,114532185
2019-07-30,1.1574230194091797,1.1610230207443237,1.128622055053711,1.1394230127334595,0.9517771601676941,107001232
2019-07-31,1.1412229537963867,1.1412229537963867,1.1070220470428467,1.125022053718567,0.9397477507591248,120788247
2019-08-01,1.1052219867706299,1.132222056388855,1.1034220457077026,1.12322199344635,0.9382442235946655,148555905
2019-08-02,1.116021990776062,1.119621992111206,1.0818209648132324,1.0854220390319824,0.9066693782806396,121352613
2019-08-05,1.0782209634780884,1.0926220417022705,1.0674209594726562,1.0764210224151611,0.8991506695747375,122715963
2019-08-06,1.0800210237503052,1.0944219827651978,1.069221019744873,1.0764210224151611,0.8991506695747375,180684447
2019-08-07,1.0836219787597656,1.0944219827651978,1.05302095413208,1.069221019744873,0.8931364417076111,216913501
2019-08-08,1.0764210224151611,1.0782209634780884,1.0350209474563599,1.058421015739441,0.8841149806976318,178027318
2019-08-09,1.0566209554672241,1.0566209554672241,1.0242199897766113,1.038620948791504,0.8675756454467773,196320019
2019-08-12,1.038620948791504,1.038620948791504,1.038620948791504,1.038620948791504,0.8675756454467773,0
2019-08-13,1.038620948791504,1.038620948791504,1.038620948791504,1.038620948791504,0.8675756454467773,0
2019-08-14,1.038620948791504,1.038620948791504,1.038620948791504,1.038620948791504,0.8675756454467773,0
2019-08-15,1.0170199871063232,1.01882004737854,0.9720190167427063,0.9738190174102783,0.8134456276893616,232855027
2019-08-16,0.9810190200805664,0.9846190214157104,0.9576190114021301,0.9666190147399902,0.8074313998222351,190848330
2019-08-19,0.9756190180778503,0.995419979095459,0.9648190140724182,0.9702190160751343,0.8104385137557983,154225623
2019-08-20,0.9684190154075623,0.9882199764251709,0.9594190120697021,0.9630190134048462,0.8044242858886719,215232568
2019-08-21,0.9612190127372742,0.9666190147399902,0.943219006061554,0.9594190120697021,0.8014171123504639,178047595
2019-08-22,0.9612190127372742,0.9774190187454224,0.9522190093994141,0.9630190134048462,0.8044242858886719,153378935
2019-08-23,0.9666190147399902,0.9918199777603149,0.9612190127372742,0.9882199764251709,0.8254749774932861,186283661
2019-08-26,0.9684190154075623,1.002619981765747,0.9684190154075623,0.995419979095459,0.8314893245697021,192954598
2019-08-27,0.995419979095459,0.997219979763031,0.9774190187454224,0.9810190200805664,0.8194599747657776,213163682
2019-08-28,0.9846190214157104,0.9918199777603149,0.9774190187454224,0.9882199764251709,0.8254749774932861,135722221
2019-08-29,0.9846190214157104,1.0044200420379639,0.9828190207481384,0.9900199770927429,0.8269785642623901,150526615
2019-08-30,0.9900199770927429,0.9900199770927429,0.9900199770927429,0.9900199770927429,0.8269785642623901,0
2019-09-02,0.9918199777603149,1.0242199897766113,0.9918199777603149,1.01882004737854,0.8510357141494751,167100362
2019-09-03,1.0134199857711792,1.0566209554672241,1.011620044708252,1.038620948791504,0.8675756454467773,212479535
2019-09-04,1.0512210130691528,1.0908219814300537,1.0512210130691528,1.0872219800949097,0.9081728458404541,223769645
2019-09-05,1.0890220403671265,1.0962220430374146,1.069221019744873,1.0818209648132324,0.9036613702774048,198355988
2019-09-06,1.069221019744873,1.072821021080017,1.049420952796936,1.05302095413208,0.8796042799949646,190951405
2019-09-09,1.0638209581375122,1.0854220390319824,1.062021017074585,1.0710209608078003,0.8946399092674255,198341539
2019-09-10,1.069221019744873,1.0908219814300537,1.0674209594726562,1.0764210224151611,0.8991506695747375,158232025
2019-09-11,1.0818209648132324,1.1052219867706299,1.0782209634780884,1.0854220390319824,0.9066693782806396,167658373
2019-09-12,1.0908219814300537,1.132222056388855,1.0908219814300537,1.1178220510482788,0.9337335824966431,241502712
2019-09-13,1.119621992111206,1.128622055053711,1.1070220470428467,1.125022053718567,0.9397477507591248,143625005
2019-09-16,1.1106220483779907,1.1376229524612427,1.1106220483779907,1.1268219947814941,0.9412513971328735,174508339
2019-09-17,1.125022053718567,1.128622055053711,1.0854220390319824,1.0998220443725586,0.9186978936195374,191331064
2019-09-18,1.0890220403671265,1.0908219814300537,1.065621018409729,1.0800210237503052,0.902157723903656,265482042
2019-09-19,1.0800210237503052,1.0818209648132324,1.045820951461792,1.049420952796936,0.8765971064567566,200803517
2019-09-20,1.0512210130691528,1.0674209594726562,1.045820951461792,1.0548210144042969,0.8811078071594238,188782333
2019-09-23,1.0566209554672241,1.062021017074585,1.0368210077285767,1.042220950126648,0.8705828189849854,150008298
2019-09-24,1.0602209568023682,1.0764210224151611,1.0566209554672241,1.0674209594726562,0.8916327357292175,188326920
2019-09-25,1.062021017074585,1.0872219800949097,1.062021017074585,1.0854220390319824,0.9066693782806396,211890625
2019-09-26,1.0872219800949097,1.1034220457077026,1.0818209648132324,1.0854220390319824,0.9066693782806396,156638247
2019-09-27,1.0890220403671265,1.1682230234146118,1.0890220403671265,1.1430230140686035,0.9547843337059021,386172869
2019-09-30,1.1520229578018188,1.1574230194091797,1.125022053718567,1.1304219961166382,0.9442585706710815,201885189
2019-10-01,1.1304219961166382,1.1394230127334595,1.0980219841003418,1.108821988105774,0.9262157082557678,191203767
2019-10-02,1.1034220457077026,1.1142220497131348,1.0908219814300537,1.1016219854354858,0.9202014207839966,170368129
2019-10-03,1.1052219867706299,1.119621992111206,1.0818209648132324,1.0944219827651978,0.9141871929168701,192631499
2019-10-04,1.0998220443725586,1.112421989440918,1.0962220430374146,1.1070220470428467,0.9247123003005981,138882241
2019-10-07,1.0980219841003418,1.125022053718567,1.0836219787597656,1.0890220403671265,0.9096765518188477,262859784
2019-10-08,1.0782209634780884,1.0926220417022705,1.0476210117340088,1.0764210224151611,0.8991506695747375,289124006
2019-10-09,1.0782209634780884,1.0854220390319824,1.0440210103988647,1.045820951461792,0.8735899925231934,210211853
2019-10-10,1.045820951461792,1.069221019744873,1.0314199924468994,1.0674209594726562,0.8916327357292175,236410160
2019-10-11,1.0746209621429443,1.0854220390319824,1.065621018409729,1.0746209621429443,0.8976470828056335,120588279
2019-10-14,1.0548210144042969,1.062021017074585,1.008020043373108,1.008020043373108,0.8420143127441406,252565960
2019-10-15,1.0368210077285767,1.0440210103988647,1.0170199871063232,1.0260200500488281,0.8570500612258911,203315093
2019-10-16,0.9846190214157104,1.038620948791504,0.9846190214157104,1.0260200500488281,0.8570500612258911,68605245
2019-10-17,1.0260200500488281,1.0566209554672241,1.008020043373108,1.05302095413208,0.8796042799949646,23652703
2019-10-18,1.0890220403671265,1.0980219841003418,1.0854220390319824,1.0926220417022705,0.9126836061477661,34761688
2019-10-21,1.0908219814300537,1.0908219814300537,1.0638209581375122,1.069221019744873,0.8931364417076111,52558182
2019-10-22,1.072821021080017,1.0962220430374146,1.0638209581375122,1.0800210237503052,0.902157723903656,89998583
2019-10-23,1.0926220417022705,1.0998220443725586,1.0836219787597656,1.0944219827651978,0.9141871929168701,106553141
2019-10-24,1.1052219867706299,1.108821988105774,1.0836219787597656,1.0890220403671265,0.9096765518188477,123825363
2019-10-25,1.0854220390319824,1.0944219827651978,1.0836219787597656,1.0872219800949097,0.9081728458404541,41392720
2019-10-28,1.0818209648132324,1.0854220390319824,1.0764210224151611,1.0764210224151611,0.8991506695747375,21885655
2019-10-30,1.058421015739441,1.072821021080017,1.0548210144042969,1.058421015739441,0.8841149806976318,69327858
2019-10-31,1.0602209568023682,1.065621018409729,1.0368210077285767,1.045820951461792,0.8735899925231934,75042915
2019-11-01,1.045820951461792,1.05302095413208,1.0350209474563599,1.0476210117340088,0.8750935792922974,61555005
2019-11-04,1.0638209581375122,1.0782209634780884,1.0602209568023682,1.0710209608078003,0.8946399092674255,66742894
2019-11-05,1.072821021080017,1.0782209634780884,1.069221019744873,1.072821021080017,0.8961435556411743,60079318
2019-11-06,1.0746209621429443,1.0962220430374146,1.0710209608078003,1.0908219814300537,0.9111800789833069,82335839
2019-11-07,1.1106220483779907,1.1214220523834229,1.1070220470428467,1.1178220510482788,0.9337335824966431,149156171
2019-11-08,1.1142220497131348,1.119621992111206,1.108821988105774,1.1106220483779907,0.927719235420227,93136258
2019-11-11,1.0980219841003418,1.1142220497131348,1.0962220430374146,1.1070220470428467,0.9247123003005981,77701322
2019-11-12,1.108821988105774,1.1304219961166382,1.108821988105774,1.12322199344635,0.9382442235946655,110982640
2019-11-13,1.12322199344635,1.128622055053711,1.119621992111206,1.128622055053711,0.9427549242973328,70411020
2019-11-14,1.1178220510482788,1.128622055053711,1.1052219867706299,1.112421989440918,0.9292228817939758,93850038
2019-11-15,1.1178220510482788,1.132222056388855,1.1142220497131348,1.1268219947814941,0.9412513971328735,104811477
2019-11-18,1.1340229511260986,1.1484229564666748,1.1340229511260986,1.1484229564666748,0.9592949748039246,99451475
2019-11-19,1.1448229551315308,1.1538230180740356,1.1394230127334595,1.1502230167388916,0.9607985019683838,76402243
2019-11-20,1.1466230154037476,1.155622959136963,1.132222056388855,1.1358230113983154,0.9487699866294861,113944108
2019-11-21,1.1304219961166382,1.1376229524612427,1.12322199344635,1.1304219961166382,0.9442585706710815,57665851
2019-11-22,1.132222056388855,1.1430230140686035,1.119621992111206,1.125022053718567,0.9397477507591248,63939946
2019-11-25,1.1304219961166382,1.1340229511260986,1.0836219787597656,1.0944219827651978,0.9141871929168701,111369271
2019-11-26,1.0872219800949097,1.116021990776062,1.0872219800949097,1.112421989440918,0.9292228817939758,112778271
2019-11-27,1.108821988105774,1.1106220483779907,1.0962220430374146,1.1034220457077026,0.9217051267623901,56208714
2019-11-28,1.1034220457077026,1.1142220497131348,1.1034220457077026,1.1106220483779907,0.927719235420227,50767630
2019-11-29,1.1178220510482788,1.125022053718567,1.1052219867706299,1.1070220470428467,0.9247123003005981,64079526
2019-12-02,1.1142220497131348,1.1178220510482788,1.108821988105774,1.112421989440918,0.9292228817939758,62275668
2019-12-03,1.1070220470428467,1.12322199344635,1.0980219841003418,1.0980219841003418,0.9171943068504333,81583382
2019-12-04,1.0962220430374146,1.112421989440918,1.0962220430374146,1.108821988105774,0.9262157082557678,54804070
2019-12-05,1.1178220510482788,1.128622055053711,1.112421989440918,1.1268219947814941,0.9412513971328735,83624168
2019-12-06,1.125022053718567,1.128622055053711,1.112421989440918,1.1178220510482788,0.9337335824966431,93326004
2019-12-09,1.112421989440918,1.1142220497131348,1.1016219854354858,1.1052219867706299,0.9232085347175598,58347187
2019-12-10,1.1016219854354858,1.1106220483779907,1.0908219814300537,1.0962220430374146,0.9156907796859741,69994312
2019-12-11,1.0944219827651978,1.1016219854354858,1.0890220403671265,1.0908219814300537,0.9111800789833069,60927812
2019-12-12,1.0998220443725586,1.116021990776062,1.0980219841003418,1.1142220497131348,0.9307264685630798,104833026
2019-12-13,1.1304219961166382,1.1466230154037476,1.119621992111206,1.12322199344635,0.9382442235946655,250156498
2019-12-16,1.1214220523834229,1.1304219961166382,1.1178220510482788,1.119621992111206,0.9352371096611023,94409138
2019-12-17,1.12322199344635,1.1304219961166382,1.1052219867706299,1.1070220470428467,0.9247123003005981,112906424
2019-12-18,1.0998220443725586,1.116021990776062,1.0980219841003418,1.1070220470428467,0.9247123003005981,48066568
2019-12-19,1.112421989440918,1.1178220510482788,1.1034220457077026,1.1052219867706299,0.9232085347175598,48589663
2019-12-20,1.108821988105774,1.1106220483779907,1.1034220457077026,1.1070220470428467,0.9247123003005981,65942677
2019-12-23,1.108821988105774,1.1142220497131348,1.1052219867706299,1.112421989440918,0.9292228817939758,47383348
2019-12-24,1.119621992111206,1.1304219961166382,1.116021990776062,1.128622055053711,0.9427549242973328,252031649
2019-12-25,1.128622055053711,1.1412229537963867,1.1268219947814941,1.1394230127334595,0.9517771601676941,96029916
2019-12-26,1.1412229537963867,1.1484229564666748,1.1268219947814941,1.1358230113983154,0.9487699866294861,141364585
2019-12-27,1.1412229537963867,1.1412229537963867,1.125022053718567,1.128622055053711,0.9427549242973328,70860394
2019-12-30,1.132222056388855,1.1682230234146118,1.132222056388855,1.159222960472107,0.968316376209259,205536854
2019-12-31,1.159222960472107,1.1826239824295044,1.1502230167388916,1.1538230180740356,0.9638057947158813,171220717
2020-01-02,1.159222960472107,1.173622965812683,1.1574230194091797,1.173622965812683,0.9803449511528015,108623355
2020-01-03,1.159222960472107,1.170022964477539,1.1268219947814941,1.1358230113983154,0.9487699866294861,161730565
2020-01-06,1.116021990776062,1.1268219947814941,1.0998220443725586,1.1070220470428467,0.9247123003005981,98042714
2020-01-07,1.1214220523834229,1.128622055053711,1.1052219867706299,1.1106220483779907,0.927719235420227,106591685
2020-01-08,1.0926220417022705,1.12322199344635,1.0908219814300537,1.116021990776062,0.9322300553321838,127253149
2020-01-09,1.1448229551315308,1.2024240493774414,1.1430230140686035,1.1970239877700806,0.9998921751976013,343782708
2020-01-10,1.2006239891052246,1.229423999786377,1.1934239864349365,1.1988240480422974,1.0013957023620605,284856104
2020-01-13,1.2114239931106567,1.2312250137329102,1.2114239931106567,1.2150239944458008,1.014927864074707,183101332
2020-01-14,1.2132240533828735,1.2510249614715576,1.2060240507125854,1.2402249574661255,1.0359786748886108,241262006
2020-01-15,1.2402249574661255,1.2528250217437744,1.2132240533828735,1.2384250164031982,1.0344750881195068,180191418
2020-01-16,1.2456250190734863,1.290626049041748,1.2438249588012695,1.2690249681472778,1.0600355863571167,236802047
2020-01-17,1.27982497215271,1.290626049041748,1.2492250204086304,1.2744250297546387,1.0645464658737183,94002957
2020-01-20,1.27982497215271,1.3122260570526123,1.27982497215271,1.287026047706604,1.075072169303894,86734477
2020-01-21,1.2726249694824219,1.3086260557174683,1.2726249694824219,1.3050260543823242,1.0901079177856445,136285788
2020-01-22,1.3158260583877563,1.3320269584655762,1.2924259901046753,1.3014260530471802,1.0871007442474365,141927612
2020-01-23,1.2924259901046753,1.3212260007858276,1.2888259887695312,1.3086260557174683,1.093114972114563,113456279
2020-01-24,1.3248260021209717,1.3392269611358643,1.2960259914398193,1.3212260007858276,1.1036399602890015,166771746
2020-01-27,1.3050260543823242,1.326625943183899,1.3014260530471802,1.3086260557174683,1.093114972114563,85133743
2020-01-28,1.3194259405136108,1.3212260007858276,1.294226050376892,1.3050260543823242,1.0901079177856445,84483028
2020-01-29,1.3104259967803955,1.3158260583877563,1.2924259901046753,1.2960259914398193,1.082590103149414,66943629
2020-01-30,1.2852259874343872,1.3086260557174683,1.2744250297546387,1.2996259927749634,1.085597276687622,99857794
2020-01-31,1.3050260543823242,1.3464269638061523,1.2960259914398193,1.3122260570526123,1.0961222648620605,256063483
2020-02-03,1.3086260557174683,1.3230259418487549,1.294226050376892,1.3158260583877563,1.099129319190979,94574296
2020-02-04,1.3356269598007202,1.3680269718170166,1.3320269584655762,1.3626270294189453,1.1382229328155518,132818253
2020-02-05,1.3644269704818726,1.3788269758224487,1.3536269664764404,1.3554270267486572,1.1322085857391357,152476498
2020-02-06,1.3662270307540894,1.3752269744873047,1.3464269638061523,1.3500269651412964,1.1276979446411133,102183064
2020-02-07,1.3590270280838013,1.3716269731521606,1.341027021408081,1.341027021408081,1.1201801300048828,79216613
2020-02-10,1.330227017402649,1.3464269638061523,1.2924259901046753,1.3194259405136108,1.102136254310608,125165047
2020-02-11,1.333827018737793,1.337427020072937,1.2996259927749634,1.330227017402649,1.1111586093902588,115170500
2020-02-12,1.3248260021209717,1.3284260034561157,1.294226050376892,1.294226050376892,1.0810863971710205,181195059
2020-02-13,1.2780250310897827,1.28342604637146,1.2420250177383423,1.2744250297546387,1.0645464658737183,147966673
2020-02-14,1.27982497215271,1.290626049041748,1.2564250230789185,1.2582249641418457,1.0510143041610718,103997416
2020-02-17,1.2546249628067017,1.2654249668121338,1.2456250190734863,1.2492250204086304,1.0434964895248413,58812722
2020-02-18,1.2402249574661255,1.2564250230789185,1.2168240547180176,1.2420250177383423,1.0374822616577148,86711750
2020-02-19,1.2420250177383423,1.2510249614715576,1.2240240573883057,1.2348250150680542,1.0314679145812988,65296307
2020-02-20,1.2276240587234497,1.2384250164031982,1.159222960472107,1.1754230260849,0.9818485975265503,180619349
2020-02-21,1.1646230220794678,1.1844240427017212,1.1412229537963867,1.1646230220794678,0.9728271961212158,181618456
2020-02-24,1.1466230154037476,1.1466230154037476,1.116021990776062,1.1304219961166382,0.9442585706710815,104002249
2020-02-25,1.1376229524612427,1.1430230140686035,1.116021990776062,1.1214220523834229,0.9367406964302063,90009294
2020-02-26,1.116021990776062,1.1412229537963867,1.108821988105774,1.1376229524612427,0.9502736330032349,126800580
2020-02-27,1.1214220523834229,1.1376229524612427,1.0944219827651978,1.0998220443725586,0.9186978936195374,109128672
2020-02-28,1.008020043373108,1.0674209594726562,0.999019980430603,1.0404210090637207,0.8690793514251709,121264554
2020-03-02,1.0476210117340088,1.0674209594726562,1.0350209474563599,1.045820951461792,0.8735899925231934,98448689
2020-03-03,1.058421015739441,1.0980219841003418,1.058421015739441,1.0890220403671265,0.9096765518188477,140292540
2020-03-04,1.0944219827651978,1.1466230154037476,1.0908219814300537,1.1070220470428467,0.9247123003005981,161194060
2020-03-05,1.1304219961166382,1.132222056388855,1.1052219867706299,1.108821988105774,0.9262157082557678,103425238
2020-03-06,1.108821988105774,1.1142220497131348,1.0548210144042969,1.0800210237503052,0.902157723903656,117090611
2020-03-09,1.05302095413208,1.05302095413208,1.011620044708252,1.022420048713684,0.8540428876876831,111655821
2020-03-10,1.038620948791504,1.0602209568023682,1.008020043373108,1.0170199871063232,0.8495320677757263,100404844
2020-03-11,1.0170199871063232,1.0170199871063232,1.0170199871063232,1.0170199871063232,0.8495320677757263,0
2020-03-12,0.9792190194129944,0.9864199757575989,0.9288179874420166,0.946819007396698,0.7908921837806702,117438665
2020-03-13,0.9324179887771606,1.0062199831008911,0.9198179841041565,0.9666190147399902,0.8074313998222351,158892623
2020-03-16,0.9270179867744446,0.9342179894447327,0.8928179740905762,0.9090179800987244,0.7593163847923279,161217231
2020-03-17,0.9072179794311523,0.9288179874420166,0.8280159831047058,0.9252179861068726,0.7728484869003296,216513698
2020-03-18,0.9000179767608643,0.943219006061554,0.8892179727554321,0.9054179787635803,0.7563093304634094,402766904
2020-03-19,0.8910179734230042,0.9126179814338684,0.8604170083999634,0.8820170164108276,0.7367621064186096,223891659
2020-03-20,0.8982179760932922,0.9036179780960083,0.8658170104026794,0.8730170130729675,0.7292442321777344,133682007
2020-03-23,0.8496170043945312,0.8766170144081116,0.8154159784317017,0.8190159797668457,0.6841363906860352,212812573
2020-03-24,0.8478170037269592,0.8748170137405396,0.8334159851074219,0.8694170117378235,0.7262371778488159,286799198
2020-03-25,0.8820170164108276,0.8928179740905762,0.8478170037269592,0.8550170063972473,0.7142086029052734,280663878
2020-03-26,0.8496170043945312,0.8766170144081116,0.8424170017242432,0.8730170130729675,0.7292442321777344,280125989
2020-03-27,0.8730170130729675,0.8766170144081116,0.8406170010566711,0.8460170030593872,0.706690788269043,188167962
2020-03-30,0.8406170010566711,0.8532170057296753,0.8280159831047058,0.8424170017242432,0.703683614730835,176215210
2020-03-31,0.8550170063972473,0.8604170083999634,0.8406170010566711,0.8514170050621033,0.7112014889717102,166086355
2020-04-01,0.8316159844398499,0.8442170023918152,0.8280159831047058,0.8316159844398499,0.6946613788604736,176007909
2020-04-02,0.8406170010566711,0.8406170010566711,0.8208159804344177,0.8298159837722778,0.6931577324867249,118596802
2020-04-03,0.8316159844398499,0.8316159844398499,0.8208159804344177,0.8226159811019897,0.6871435642242432,98020554
2020-04-06,0.8352159857749939,0.8604170083999634,0.8298159837722778,0.8568170070648193,0.7157121300697327,174310571
2020-04-07,0.8676170110702515,0.8802170157432556,0.8532170057296753,0.8550170063972473,0.7142086029052734,290247734
2020-04-08,0.8478170037269592,0.8532170057296753,0.8406170010566711,0.8514170050621033,0.7112014889717102,132924389
2020-04-09,0.8676170110702515,0.9054179787635803,0.8604170083999634,0.9054179787635803,0.7563093304634094,427986742
2020-04-10,0.9054179787635803,0.9360190033912659,0.8910179734230042,0.9162179827690125,0.7653306722640991,353278832
2020-04-13,0.9000179767608643,0.9162179827690125,0.8892179727554321,0.9036179780960083,0.7548057436943054,249512094
2020-04-14,0.9126179814338684,0.9162179827690125,0.9036179780960083,0.9072179794311523,0.7578127980232239,222071607
2020-04-15,0.9090179800987244,0.9090179800987244,0.8640170097351074,0.8694170117378235,0.7262371778488159,231874130
2020-04-16,0.8694170117378235,0.8766170144081116,0.8604170083999634,0.8694170117378235,0.7262371778488159,149887867
2020-04-17,0.8964179754257202,0.9036179780960083,0.8820170164108276,0.8910179734230042,0.7442806959152222,230023868
2020-04-20,0.8928179740905762,0.9036179780960083,0.8874179720878601,0.8946179747581482,0.7472878694534302,164805270
2020-04-21,0.8856170177459717,0.8892179727554321,0.8712170124053955,0.8730170130729675,0.7292442321777344,165423752
2020-04-22,0.8784170150756836,0.8874179720878601,0.8640170097351074,0.8658170104026794,0.7232300043106079,166916877
2020-04-24,0.8640170097351074,0.8802170157432556,0.8568170070648193,0.8730170130729675,0.7292442321777344,195344605
2020-04-27,0.8838170170783997,0.8982179760932922,0.8838170170783997,0.8964179754257202,0.7487914562225342,288277740
2020-04-28,0.9018179774284363,0.9162179827690125,0.8946179747581482,0.8982179760932922,0.7502949237823486,308838867
2020-04-29,0.8964179754257202,0.9018179774284363,0.8892179727554321,0.9018179774284363,0.7533021569252014,199397695
2020-04-30,0.9072179794311523,0.9090179800987244,0.8820170164108276,0.8928179740905762,0.7457842826843262,309550853
2020-05-04,0.8802170157432556,0.8838170170783997,0.8730170130729675,0.8766170144081116,0.7322514057159424,128873494
2020-05-05,0.8820170164108276,0.8946179747581482,0.8784170150756836,0.8838170170783997,0.7382656335830688,198113243
2020-05-06,0.8820170164108276,0.8910179734230042,0.8766170144081116,0.8784170150756836,0.7337549924850464,162330314
2020-05-07,0.8784170150756836,0.8874179720878601,0.8748170137405396,0.8820170164108276,0.7367621064186096,147924374
2020-05-08,0.8874179720878601,0.8946179747581482,0.8748170137405396,0.8766170144081116,0.7322514057159424,234601614
2020-05-11,0.8802170157432556,0.8838170170783997,0.8712170124053955,0.8766170144081116,0.7322514057159424,141328796
2020-05-12,0.8766170144081116,0.8910179734230042,0.8730170130729675,0.8874179720878601,0.7412735819816589,211527465
2020-05-13,0.8856170177459717,0.9000179767608643,0.8820170164108276,0.8856170177459717,0.7397692799568176,227993037
2020-05-14,0.8730170130729675,0.8766170144081116,0.8676170110702515,0.8694170117378235,0.7262371778488159,229435524
2020-05-15,0.8730170130729675,0.8766170144081116,0.8550170063972473,0.8622170090675354,0.7202229499816895,150565248
2020-05-18,0.8676170110702515,0.8730170130729675,0.8604170083999634,0.8658170104026794,0.7232300043106079,118616358
2020-05-20,0.8712170124053955,0.8748170137405396,0.8676170110702515,0.8676170110702515,0.7247335314750671,119501595
2020-05-21,0.8676170110702515,0.8766170144081116,0.8676170110702515,0.8676170110702515,0.7247335314750671,117868278
2020-05-22,0.8658170104026794,0.8712170124053955,0.8622170090675354,0.8640170097351074,0.7217264771461487,79925871
2020-05-27,0.8766170144081116,0.8874179720878601,0.8748170137405396,0.8784170150756836,0.7337549924850464,230500691
2020-05-28,0.8838170170783997,0.9018179774284363,0.8802170157432556,0.8892179727554321,0.7427771687507629,298362052
2020-05-29,0.8874179720878601,0.9000179767608643,0.8874179720878601,0.8910179734230042,0.7442806959152222,256052711
2020-06-01,0.9000179767608643,0.9144179821014404,0.8982179760932922,0.9144179821014404,0.7638270854949951,211234560
2020-06-02,0.9162179827690125,0.9252179861068726,0.9072179794311523,0.9162179827690125,0.7653306722640991,207393877
2020-06-03,0.9180179834365845,0.9270179867744446,0.9162179827690125,0.9234179854393005,0.7713449001312256,238433269
2020-06-04,0.9252179861068726,0.9270179867744446,0.9162179827690125,0.9180179834365845,0.7668342590332031,224377049
2020-06-05,0.9198179841041565,0.9252179861068726,0.9162179827690125,0.9252179861068726,0.7728484869003296,187132000
2020-06-08,0.9270179867744446,0.9360190033912659,0.9216179847717285,0.9234179854393005,0.7713449001312256,205556098
2020-06-09,0.9288179874420166,0.9306179881095886,0.9144179821014404,0.9198179841041565,0.7683377861976624,129802542
2020-06-10,0.9198179841041565,0.9306179881095886,0.9180179834365845,0.9234179854393005,0.7713449001312256,311711509
2020-06-11,0.9144179821014404,0.9288179874420166,0.9090179800987244,0.9180179834365845,0.7668342590332031,206767295
2020-06-12,0.9126179814338684,0.9270179867744446,0.9090179800987244,0.9270179867744446,0.7743520736694336,171540116
2020-06-15,0.9180179834365845,0.9198179841041565,0.9126179814338684,0.9180179834365845,0.7668342590332031,110448262
2020-06-16,0.9252179861068726,0.9396190047264099,0.9234179854393005,0.9306179881095886,0.7773592472076416,272953735
2020-06-17,0.9306179881095886,0.9306179881095886,0.9180179834365845,0.9216179847717285,0.7698413729667664,157683187
2020-06-18,0.9198179841041565,0.9288179874420166,0.9180179834365845,0.9270179867744446,0.7743520736694336,162232555
2020-06-19,0.9342179894447327,0.9594190120697021,0.9288179874420166,0.9522190093994141,0.7954028248786926,446852115
2020-06-22,0.9792190194129944,1.0062199831008911,0.9684190154075623,0.9900199770927429,0.8269785642623901,470269962
2020-06-23,1.0008200407028198,1.0062199831008911,0.9774190187454224,0.9810190200805664,0.8194599747657776,198435076
2020-06-24,0.9810190200805664,0.9846190214157104,0.9630190134048462,0.9630190134048462,0.8044242858886719,202433328
2020-06-25,0.9558190107345581,0.9702190160751343,0.9522190093994141,0.9594190120697021,0.8014171123504639,158613773
2020-06-26,0.9648190140724182,0.9720190167427063,0.9594190120697021,0.9648190140724182,0.8059278130531311,111947849
2020-06-29,0.9666190147399902,1.011620044708252,0.9630190134048462,1.002619981765747,0.8375035524368286,321100735
2020-06-30,1.011620044708252,1.0170199871063232,0.995419979095459,1.008020043373108,0.8420143127441406,269187272
2020-07-01,1.008020043373108,1.0098199844360352,0.9774190187454224,0.9828190207481384,0.8209635019302368,300635673
2020-07-02,0.9828190207481384,0.999019980430603,0.9810190200805664,0.9864199757575989,0.8239715099334717,435048821
2020-07-03,0.9882199764251709,0.9900199770927429,0.9612190127372742,0.9666190147399902,0.8074313998222351,269141979
2020-07-06,0.9810190200805664,0.9918199777603149,0.9720190167427063,0.9846190214157104,0.8224670886993408,230574812
2020-07-07,0.9882199764251709,0.9900199770927429,0.9684190154075623,0.9702190160751343,0.8104385137557983,291335356
2020-07-08,0.9684190154075623,0.9738190174102783,0.9630190134048462,0.9684190154075623,0.8089349865913391,187553241
2020-07-09,0.9684190154075623,0.9900199770927429,0.9612190127372742,0.9630190134048462,0.8044242858886719,311131976
2020-07-10,0.9540190100669861,0.9576190114021301,0.9270179867744446,0.946819007396698,0.7908921837806702,253269168
2020-07-13,0.9558190107345581,0.9684190154075623,0.946819007396698,0.9684190154075623,0.8089349865913391,235606138
2020-07-14,0.9612190127372742,0.9666190147399902,0.950419008731842,0.9540190100669861,0.7969064712524414,178166998
2020-07-16,0.9576190114021301,0.9756190180778503,0.9576190114021301,0.9630190134048462,0.8044242858886719,206676375
2020-07-17,0.9648190140724182,0.9684190154075623,0.9558190107345581,0.9576190114021301,0.7999135255813599,115375523
2020-07-20,0.9540190100669861,0.9648190140724182,0.9522190093994141,0.9576190114021301,0.7999135255813599,139403213
2020-07-21,0.9630190134048462,0.9774190187454224,0.94861900806427,0.9558190107345581,0.7984100580215454,297623778
2020-07-22,0.9558190107345581,0.9630190134048462,0.9522190093994141,0.9558190107345581,0.7984100580215454,183895554
2020-07-23,0.9594190120697021,0.9648190140724182,0.9540190100669861,0.9576190114021301,0.7999135255813599,110819105
2020-07-24,0.9522190093994141,0.9558190107345581,0.946819007396698,0.9522190093994141,0.7954028248786926,84650358
2020-07-27,0.9558190107345581,0.9576190114021301,0.9414190053939819,0.9414190053939819,0.7863814830780029,123157993
2020-07-28,0.943219006061554,0.946819007396698,0.9054179787635803,0.9072179794311523,0.7578127980232239,154834206
2020-07-29,0.9054179787635803,0.9090179800987244,0.8658170104026794,0.8766170144081116,0.7322514057159424,326698849
2020-07-30,0.8766170144081116,0.8784170150756836,0.8604170083999634,0.8640170097351074,0.7217264771461487,119561350
2020-08-04,0.8712170124053955,0.8820170164108276,0.8280159831047058,0.8406170010566711,0.7021800875663757,367569080
2020-08-05,0.8370159864425659,0.8676170110702515,0.8316159844398499,0.8640170097351074,0.7217264771461487,314851723
2020-08-06,0.8532170057296753,0.8694170117378235,0.8280159831047058,0.8298159837722778,0.6931577324867249,321407390
2020-08-07,0.8298159837722778,0.8496170043945312,0.7992159724235535,0.8478170037269592,0.7081943154335022,382758305
2020-08-10,0.8514170050621033,0.8694170117378235,0.8388170003890991,0.8568170070648193,0.7157121300697327,238308161
2020-08-11,0.8676170110702515,0.9180179834365845,0.8676170110702515,0.9162179827690125,0.7653306722640991,292160678
2020-08-12,0.9180179834365845,0.9252179861068726,0.8928179740905762,0.9108179807662964,0.7608199715614319,279648116
2020-08-13,0.9072179794311523,0.9180179834365845,0.8892179727554321,0.8910179734230042,0.7442806959152222,178699460
2020-08-14,0.8838170170783997,0.8874179720878601,0.8658170104026794,0.8730170130729675,0.7292442321777344,152537074
2020-08-17,0.8676170110702515,0.8874179720878601,0.8604170083999634,0.8748170137405396,0.7307478785514832,179542065
2020-08-18,0.8730170130729675,0.8964179754257202,0.8694170117378235,0.8892179727554321,0.7427771687507629,187014924
2020-08-19,0.8946179747581482,0.9180179834365845,0.8946179747581482,0.9162179827690125,0.7653306722640991,232322221
2020-08-20,0.9162179827690125,0.9198179841041565,0.8964179754257202,0.9072179794311523,0.7578127980232239,230403288
2020-08-21,0.9180179834365845,0.9396190047264099,0.9018179774284363,0.9036179780960083,0.7548057436943054,453758441
2020-08-24,0.9054179787635803,0.9108179807662964,0.8928179740905762,0.8964179754257202,0.7487914562225342,153502716
2020-08-25,0.9000179767608643,0.9036179780960083,0.8712170124053955,0.8748170137405396,0.7307478785514832,170499482
2020-08-26,0.8856170177459717,0.9000179767608643,0.8784170150756836,0.8928179740905762,0.7457842826843262,268948572
2020-08-27,0.9036179780960083,0.9216179847717285,0.9018179774284363,0.9126179814338684,0.7623235583305359,207915150
2020-08-28,0.9216179847717285,0.9252179861068726,0.8982179760932922,0.9090179800987244,0.7593163847923279,158546069
2020-08-31,0.9054179787635803,0.9144179821014404,0.8856170177459717,0.8892179727554321,0.7427771687507629,159566532
2020-09-01,0.8838170170783997,0.9054179787635803,0.8820170164108276,0.9054179787635803,0.7563093304634094,390264547
2020-09-02,0.9054179787635803,0.9162179827690125,0.8982179760932922,0.9018179774284363,0.7533021569252014,201526963
2020-09-03,0.9054179787635803,0.9108179807662964,0.8982179760932922,0.8982179760932922,0.7502949237823486,194129480
2020-09-04,0.8964179754257202,0.9090179800987244,0.8946179747581482,0.9000179767608643,0.7517985701560974,168213412
2020-09-07,0.9018179774284363,0.9108179807662964,0.8982179760932922,0.9072179794311523,0.7578127980232239,147294670
2020-09-08,0.9126179814338684,0.9144179821014404,0.8982179760932922,0.9018179774284363,0.7533021569252014,213971721
2020-09-09,0.8982179760932922,0.9090179800987244,0.8964179754257202,0.9054179787635803,0.7563093304634094,113995368
2020-09-10,0.9054179787635803,0.9270179867744446,0.9036179780960083,0.9162179827690125,0.7653306722640991,312556931
2020-09-11,0.9180179834365845,0.9252179861068726,0.9090179800987244,0.9108179807662964,0.7608199715614319,154777096
2020-09-14,0.9126179814338684,0.9162179827690125,0.9036179780960083,0.9054179787635803,0.7563093304634094,114033578
2020-09-15,0.9072179794311523,0.9126179814338684,0.9000179767608643,0.9054179787635803,0.7563093304634094,102950620
2020-09-16,0.9054179787635803,0.9108179807662964,0.9000179767608643,0.9036179780960083,0.7548057436943054,92951851
2020-09-17,0.8982179760932922,0.9036179780960083,0.8928179740905762,0.9000179767608643,0.7517985701560974,181211964
2020-09-18,0.9000179767608643,0.9054179787635803,0.8946179747581482,0.8964179754257202,0.7487914562225342,94984315
2020-09-21,0.8946179747581482,0.9000179767608643,0.8676170110702515,0.8712170124053955,0.7277407050132751,187737754
2020-09-22,0.8748170137405396,0.8892179727554321,0.8748170137405396,0.8838170170783997,0.7382656335830688,163137337
2020-09-23,0.8874179720878601,0.9072179794311523,0.8856170177459717,0.9018179774284363,0.7533021569252014,148499229
2020-09-24,0.8946179747581482,0.945019006729126,0.8946179747581482,0.9414190053939819,0.7863814830780029,578759720
2020-09-25,0.9612190127372742,0.9684190154075623,0.9396190047264099,0.943219006061554,0.7878850698471069,345610265
2020-09-28,0.943219006061554,0.950419008731842,0.9234179854393005,0.9324179887771606,0.7788627743721008,195093827
2020-09-29,0.9360190033912659,0.9522190093994141,0.9216179847717285,0.9342179894447327,0.7803663611412048,227882961
2020-09-30,0.94861900806427,0.9684190154075623,0.9414190053939819,0.9630190134048462,0.8044242858886719,303120678
2020-10-01,0.9648190140724182,0.9828190207481384,0.950419008731842,0.9684190154075623,0.8089349865913391,295997195
2020-10-02,0.9666190147399902,0.9846190214157104,0.9576190114021301,0.9720190167427063,0.8119421601295471,360774896
2020-10-05,0.9666190147399902,0.9720190167427063,0.9630190134048462,0.9666190147399902,0.8074313998222351,243143107
2020-10-06,0.9666190147399902,0.9720190167427063,0.950419008731842,0.9522190093994141,0.7954028248786926,239243803
2020-10-07,0.9414190053939819,0.945019006729126,0.9342179894447327,0.9414190053939819,0.7863814830780029,149665516
2020-10-08,0.945019006729126,0.94861900806427,0.9288179874420166,0.9378190040588379,0.7833743095397949,152472476
2020-10-09,0.9396190047264099,0.9594190120697021,0.9396190047264099,0.9576190114021301,0.7999135255813599,138520931
2020-10-12,0.9594190120697021,0.9738190174102783,0.9558190107345581,0.9702190160751343,0.8104385137557983,153382213
2020-10-13,0.9702190160751343,0.9756190180778503,0.9594190120697021,0.9666190147399902,0.8074313998222351,198971982
2020-10-14,0.9648190140724182,0.9720190167427063,0.9576190114021301,0.9720190167427063,0.8119421601295471,156434179
2020-10-15,0.9684190154075623,0.9702190160751343,0.94861900806427,0.9594190120697021,0.8014171123504639,135481532
2020-10-16,0.9594190120697021,0.9846190214157104,0.9558190107345581,0.9810190200805664,0.8194599747657776,250571073
2020-10-19,0.9900199770927429,1.0350209474563599,0.9900199770927429,1.0332200527191162,0.8630642890930176,381242514
2020-10-20,1.0350209474563599,1.05302095413208,1.0260200500488281,1.038620948791504,0.8675756454467773,282449736
2020-10-21,1.049420952796936,1.05302095413208,1.0332200527191162,1.0440210103988647,0.8720864653587341,236064017
2020-10-22,1.038620948791504,1.0440210103988647,0.9882199764251709,0.9882199764251709,0.8254749774932861,311567379
2020-10-23,0.9864199757575989,0.997219979763031,0.9666190147399902,0.9720190167427063,0.8119421601295471,178299612
2020-10-26,0.9540190100669861,0.9558190107345581,0.9198179841041565,0.9216179847717285,0.7698413729667664,317891011
2020-10-27,0.9144179821014404,0.946819007396698,0.9126179814338684,0.946819007396698,0.7908921837806702,263988917
2020-10-28,0.9414190053939819,0.9522190093994141,0.9324179887771606,0.9378190040588379,0.7833743095397949,98997656
2020-10-30,0.9180179834365845,0.9342179894447327,0.9144179821014404,0.9198179841041565,0.7683377861976624,261734307
2020-11-02,0.9252179861068726,0.943219006061554,0.9216179847717285,0.9270179867744446,0.7743520736694336,163836945
2020-11-03,0.9324179887771606,0.9846190214157104,0.9252179861068726,0.9738190174102783,0.8134456276893616,218091032
2020-11-04,0.9720190167427063,0.993619978427887,0.9612190127372742,0.9810190200805664,0.8194599747657776,309993055
2020-11-05,0.9810190200805664,0.997219979763031,0.9684190154075623,0.9756190180778503,0.8149492144584656,165564088
2020-11-06,0.9720190167427063,0.9846190214157104,0.9684190154075623,0.9774190187454224,0.8164528012275696,171733190
2020-11-09,1.0350209474563599,1.0764210224151611,1.022420048713684,1.0548210144042969,0.8811078071594238,748219918
2020-11-10,1.038620948791504,1.1106220483779907,1.0332200527191162,1.1106220483779907,0.927719235420227,643060164
2020-11-11,1.1214220523834229,1.2222239971160889,1.1214220523834229,1.2222239971160889,1.0209420919418335,993852319
2020-11-12,1.2222239971160889,1.287026047706604,1.2024240493774414,1.2312250137329102,1.0284607410430908,849277555
2020-11-13,1.2330249547958374,1.2510249614715576,1.2222239971160889,1.2438249588012695,1.0389857292175293,409396270
2020-11-16,1.2636250257492065,1.2690249681472778,1.2276240587234497,1.2348250150680542,1.0314679145812988,312477060
2020-11-17,1.2240240573883057,1.2402249574661255,1.170022964477539,1.179023027420044,0.9848557710647583,475009943
2020-11-18,1.1898239850997925,1.2402249574661255,1.1808229684829712,1.2312250137329102,1.0284607410430908,531157953
2020-11-19,1.229423999786377,1.294226050376892,1.1934239864349365,1.2474249601364136,1.0419929027557373,1741102085
2020-11-20,1.2402249574661255,1.2456250190734863,1.2168240547180176,1.2276240587234497,1.0254528522491455,442348556
2020-11-23,1.2276240587234497,1.229423999786377,1.166422963142395,1.170022964477539,0.9773378968238831,346251452
2020-11-24,1.173622965812683,1.2042239904403687,1.1574230194091797,1.1754230260849,0.9818485975265503,597652203
2020-11-25,1.179023027420044,1.2222239971160889,1.179023027420044,1.2042239904403687,1.005906581878662,528896288
2020-11-26,1.2186239957809448,1.229423999786377,1.2042239904403687,1.2240240573883057,1.0224456787109375,252123247
2020-11-27,1.2312250137329102,1.2456250190734863,1.2096240520477295,1.2276240587234497,1.0254528522491455,311037128
2020-11-30,1.2060240507125854,1.2114239931106567,1.1718230247497559,1.179023027420044,0.9848557710647583,218911754
2020-12-01,1.1898239850997925,1.2222239971160889,1.1682230234146118,1.2204240560531616,1.0194385051727295,341994361
2020-12-02,1.2168240547180176,1.229423999786377,1.2024240493774414,1.2096240520477295,1.010417103767395,217762339
2020-12-03,1.2078239917755127,1.2132240533828735,1.1826239824295044,1.2006239891052246,1.0028992891311646,295150417
2020-12-04,1.2114239931106567,1.2132240533828735,1.1880240440368652,1.1934239864349365,0.9968849420547485,139721696
2020-12-07,1.1754230260849,1.1826239824295044,1.1484229564666748,1.155622959136963,0.9653093814849854,199380995
2020-12-08,1.1574230194091797,1.1754230260849,1.1538230180740356,1.1538230180740356,0.9638057947158813,172002474
2020-12-09,1.1574230194091797,1.1934239864349365,1.1538230180740356,1.1772229671478271,0.9833520650863647,341982555
2020-12-10,1.1754230260849,1.2042239904403687,1.166422963142395,1.1772229671478271,0.9833520650863647,369913210
2020-12-11,1.1646230220794678,1.1880240440368652,1.1484229564666748,1.1826239824295044,0.9878636598587036,236073500
2020-12-14,1.1970239877700806,1.2132240533828735,1.1916240453720093,1.1988240480422974,1.0013957023620605,241194169
2020-12-15,1.2042239904403687,1.2186239957809448,1.1988240480422974,1.2114239931106567,1.011920690536499,212173347
2020-12-16,1.2186239957809448,1.2276240587234497,1.2006239891052246,1.2078239917755127,1.008913516998291,251137272
2020-12-17,1.2168240547180176,1.2204240560531616,1.1970239877700806,1.2096240520477295,1.010417103767395,137457231
2020-12-18,1.2006239891052246,1.2222239971160889,1.2006239891052246,1.2168240547180176,1.016431450843811,139705829
2020-12-21,1.2024240493774414,1.2060240507125854,1.1772229671478271,1.1844240427017212,0.9893671870231628,201015168
2020-12-22,1.1916240453720093,1.2150239944458008,1.1880240440368652,1.2042239904403687,1.005906581878662,158350245
2020-12-23,1.2096240520477295,1.2150239944458008,1.1988240480422974,1.2096240520477295,1.010417103767395,160772641
2020-12-24,1.2114239931106567,1.229423999786377,1.2024240493774414,1.2060240507125854,1.007409930229187,262573951
2020-12-25,1.2024240493774414,1.225823998451233,1.2006239891052246,1.2132240533828735,1.0134243965148926,122348871
2020-12-28,1.225823998451233,1.2366249561309814,1.2186239957809448,1.229423999786377,1.0269564390182495,164604685
2020-12-29,1.2330249547958374,1.2438249588012695,1.2150239944458008,1.2384250164031982,1.0344750881195068,247756463
2020-12-30,1.2492250204086304,1.2726249694824219,1.2438249588012695,1.2618249654769897,1.0540215969085693,263568287
2020-12-31,1.2600250244140625,1.2672250270843506,1.2420250177383423,1.2618249654769897,1.0540215969085693,179586508
2021-01-04,1.2654249668121338,1.2816259860992432,1.2636250257492065,1.2672250270843506,1.0585322380065918,168008766
2021-01-05,1.2564250230789185,1.27982497215271,1.2240240573883057,1.2420250177383423,1.0374822616577148,370224849
2021-01-06,1.2582249641418457,1.2636250257492065,1.2384250164031982,1.2600250244140625,1.0525177717208862,321413179
2021-01-07,1.2708250284194946,1.28342604637146,1.2636250257492065,1.2816259860992432,1.070561408996582,291586651
2021-01-08,1.2960259914398193,1.326625943183899,1.294226050376892,1.326625943183899,1.1081504821777344,369318911
2021-01-11,1.3158260583877563,1.3248260021209717,1.2816259860992432,1.294226050376892,1.0810863971710205,216902923
2021-01-12,1.3032259941101074,1.3068259954452515,1.2780250310897827,1.27982497215271,1.0690572261810303,159900642
2021-01-13,1.287026047706604,1.2924259901046753,1.2654249668121338,1.2780250310897827,1.0675535202026367,182981540
2021-01-14,1.2780250310897827,1.290626049041748,1.2636250257492065,1.2690249681472778,1.0600355863571167,152494109
2021-01-15,1.2600250244140625,1.2672250270843506,1.2240240573883057,1.2312250137329102,1.0284607410430908,206219995
2021-01-18,1.225823998451233,1.2546249628067017,1.2042239904403687,1.2402249574661255,1.0359786748886108,255155202
2021-01-19,1.2528250217437744,1.2708250284194946,1.2456250190734863,1.2546249628067017,1.0480072498321533,178843474
2021-01-20,1.2564250230789185,1.2582249641418457,1.225823998451233,1.2348250150680542,1.0314679145812988,159462356
2021-01-21,1.2366249561309814,1.2654249668121338,1.2330249547958374,1.2420250177383423,1.0374822616577148,303187838
2021-01-22,1.2276240587234497,1.2384250164031982,1.1916240453720093,1.1988240480422974,1.0013957023620605,311485608
2021-01-25,1.2060240507125854,1.2096240520477295,1.1682230234146118,1.173622965812683,0.9803449511528015,218963331
2021-01-26,1.1682230234146118,1.1826239824295044,1.1538230180740356,1.166422963142395,0.9743307828903198,361647023
2021-01-27,1.159222960472107,1.170022964477539,1.1142220497131348,1.125022053718567,0.9397477507591248,308180497
2021-01-28,1.112421989440918,1.1340229511260986,1.0980219841003418,1.1340229511260986,0.9472665190696716,407856001
2021-01-29,1.116021990776062,1.1268219947814941,1.1034220457077026,1.1052219867706299,0.9232085347175598,310941169
2021-02-01,1.112421989440918,1.1376229524612427,1.1034220457077026,1.116021990776062,0.9322300553321838,336996401
2021-02-02,1.1268219947814941,1.1448229551315308,1.125022053718567,1.1340229511260986,0.9472665190696716,254099457
2021-02-03,1.1376229524612427,1.170022964477539,1.1376229524612427,1.166422963142395,0.9743307828903198,291904172
2021-02-04,1.166422963142395,1.1718230247497559,1.1466230154037476,1.155622959136963,0.9653093814849854,286042825
2021-02-05,1.1646230220794678,1.1808229684829712,1.1484229564666748,1.1484229564666748,0.9592949748039246,239501514
2021-02-08,1.1574230194091797,1.162822961807251,1.1340229511260986,1.1412229537963867,0.9532807469367981,236176543
2021-02-09,1.1430230140686035,1.1718230247497559,1.1394230127334595,1.1574230194091797,0.9668129086494446,421295928
2021-02-10,1.1754230260849,1.1826239824295044,1.1502230167388916,1.162822961807251,0.9713234901428223,283473488
2021-02-11,1.1610230207443237,1.1646230220794678,1.1466230154037476,1.1484229564666748,0.9592949748039246,112963411
2021-02-12,1.1448229551315308,1.1754230260849,1.1430230140686035,1.170022964477539,0.9773378968238831,358036079
2021-02-15,1.179023027420044,1.1844240427017212,1.162822961807251,1.1754230260849,0.9818485975265503,272515194
2021-02-16,1.1808229684829712,1.1862239837646484,1.1394230127334595,1.1520229578018188,0.9623020887374878,386124876
2021-02-17,1.155622959136963,1.162822961807251,1.1214220523834229,1.125022053718567,0.9397477507591248,470962642
2021-02-18,1.1304219961166382,1.132222056388855,1.0782209634780884,1.0872219800949097,0.9081728458404541,678058576
2021-02-19,1.0836219787597656,1.0998220443725586,1.072821021080017,1.0908219814300537,0.9111800789833069,492010820
2021-02-22,1.0962220430374146,1.0962220430374146,1.0764210224151611,1.0872219800949097,0.9081728458404541,389120043
2021-02-23,1.0926220417022705,1.0962220430374146,1.065621018409729,1.065621018409729,0.8901292681694031,315833014
2021-02-24,1.05302095413208,1.0638209581375122,1.0260200500488281,1.0260200500488281,0.8570500612258911,468594712
2021-02-25,1.038620948791504,1.042220950126648,1.015220046043396,1.0368210077285767,0.8660721778869629,286284625
2021-02-26,1.008020043373108,1.0314199924468994,1.008020043373108,1.0314199924468994,0.861560583114624,405530854
2021-03-01,1.0368210077285767,1.058421015739441,1.0296200513839722,1.058421015739441,0.8841149806976318,296013183
2021-03-02,1.05302095413208,1.0638209581375122,1.0404210090637207,1.042220950126648,0.8705828189849854,304009538
2021-03-03,1.049420952796936,1.0764210224151611,1.038620948791504,1.0404210090637207,0.8690793514251709,345185396
2021-03-04,1.0350209474563599,1.0638209581375122,1.0296200513839722,1.0638209581375122,0.8886256217956543,375654805
2021-03-05,1.0566209554672241,1.072821021080017,1.0476210117340088,1.069221019744873,0.8931364417076111,284492578
2021-03-08,1.0710209608078003,1.0710209608078003,1.0314199924468994,1.0332200527191162,0.8630642890930176,661503573
2021-03-09,1.0404210090637207,1.0548210144042969,1.0368210077285767,1.045820951461792,0.8735899925231934,267976341
2021-03-10,1.042220950126648,1.0602209568023682,1.042220950126648,1.0566209554672241,0.8826113343238831,224442081
2021-03-11,1.0638209581375122,1.0674209594726562,1.0368210077285767,1.038620948791504,0.8675756454467773,268704354
2021-03-12,1.0476210117340088,1.062021017074585,1.0404210090637207,1.05302095413208,0.8796042799949646,375617784
2021-03-15,1.049420952796936,1.0566209554672241,1.0368210077285767,1.0404210090637207,0.8690793514251709,216703688
2021-03-16,1.042220950126648,1.0566209554672241,1.0404210090637207,1.0476210117340088,0.8750935792922974,223122674
2021-03-17,1.045820951461792,1.0548210144042969,1.0314199924468994,1.0332200527191162,0.8630642890930176,285254157
2021-03-18,1.0368210077285767,1.0854220390319824,1.0350209474563599,1.062021017074585,0.8871221542358398,550394051
2021-03-19,1.0548210144042969,1.0566209554672241,1.0260200500488281,1.0314199924468994,0.861560583114624,305111999
2021-03-22,0.9558190107345581,0.9702190160751343,0.9288179874420166,0.9288179874420166,0.7758557200431824,384033046
2021-03-23,0.8820170164108276,0.9018179774284363,0.8388170003890991,0.8658170104026794,0.7232300043106079,589711542
2021-03-24,0.8820170164108276,0.9090179800987244,0.8730170130729675,0.8910179734230042,0.7442806959152222,396708822
2021-03-25,0.8928179740905762,0.9018179774284363,0.8712170124053955,0.8784170150756836,0.7337549924850464,236899139
2021-03-26,0.8838170170783997,0.8982179760932922,0.8658170104026794,0.8712170124053955,0.7277407050132751,331732658
2021-03-29,0.8730170130729675,0.8784170150756836,0.8676170110702515,0.8712170124053955,0.7277407050132751,176597119
2021-03-30,0.8712170124053955,0.8784170150756836,0.8622170090675354,0.8676170110702515,0.7247335314750671,264910098
2021-03-31,0.8694170117378235,0.8784170150756836,0.8658170104026794,0.8676170110702515,0.7247335314750671,243599981
2021-04-01,0.8730170130729675,0.9198179841041565,0.8712170124053955,0.9198179841041565,0.7683377861976624,338128484
2021-04-02,0.9000179767608643,0.9144179821014404,0.8946179747581482,0.8982179760932922,0.7731962203979492,229049543
2021-04-05,0.8946179747581482,0.9036179780960083,0.8946179747581482,0.9000179767608643,0.7747457027435303,94057340
2021-04-06,0.8982179760932922,0.9036179780960083,0.8838170170783997,0.8838170170783997,0.7607997059822083,162103719
2021-04-07,0.8802170157432556,0.8964179754257202,0.8730170130729675,0.8964179754257202,0.7716467976570129,206406836
2021-04-08,0.8964179754257202,0.9000179767608643,0.8766170144081116,0.8874179720878601,0.7638995051383972,151585360
2021-04-09,0.8802170157432556,0.8838170170783997,0.8640170097351074,0.8712170124053955,0.74995356798172,238112453
2021-04-12,0.8694170117378235,0.8766170144081116,0.8568170070648193,0.8622170090675354,0.7422062158584595,142200240
2021-04-13,0.8640170097351074,0.8766170144081116,0.8514170050621033,0.8712170124053955,0.74995356798172,215551056
2021-04-14,0.8784170150756836,0.9054179787635803,0.8784170150756836,0.9036179780960083,0.7778446674346924,223766223
2021-04-15,0.9072179794311523,0.9360190033912659,0.8964179754257202,0.9054179787635803,0.7793940901756287,598694032
2021-04-16,0.9018179774284363,0.9018179774284363,0.8802170157432556,0.8838170170783997,0.7607997059822083,350693117
2021-04-19,0.8838170170783997,0.8874179720878601,0.8622170090675354,0.8622170090675354,0.7422062158584595,221523951
2021-04-20,0.8622170090675354,0.8838170170783997,0.8604170083999634,0.8694170117378235,0.7484040260314941,236080661
2021-04-21,0.8694170117378235,0.8730170130729675,0.8514170050621033,0.8586170077323914,0.7391073107719421,240752261
2021-04-22,0.8496170043945312,0.8748170137405396,0.8496170043945312,0.8748170137405396,0.7530524730682373,221627883
2021-04-26,0.8712170124053955,0.8838170170783997,0.8658170104026794,0.8730170130729675,0.7515029907226562,189792585
2021-04-27,0.8748170137405396,0.8784170150756836,0.8658170104026794,0.8694170117378235,0.7484040260314941,241968375
2021-04-28,0.8694170117378235,0.8820170164108276,0.8676170110702515,0.8748170137405396,0.7530524730682373,200253617
2021-04-29,0.8766170144081116,0.8856170177459717,0.8748170137405396,0.8802170157432556,0.7577008605003357,186409742
2021-04-30,0.8784170150756836,0.8856170177459717,0.8766170144081116,0.8766170144081116,0.7546018958091736,184297924
2021-05-03,0.8766170144081116,0.8982179760932922,0.8748170137405396,0.8982179760932922,0.7731962203979492,237635719
2021-05-04,0.9036179780960083,0.9054179787635803,0.8838170170783997,0.8892179727554321,0.7654488682746887,211142046
2021-05-05,0.8892179727554321,0.8928179740905762,0.8820170164108276,0.8910179734230042,0.7669983506202698,143233963
2021-05-06,0.8910179734230042,0.9000179767608643,0.8874179720878601,0.8928179740905762,0.7685478329658508,330074375
2021-05-07,0.8964179754257202,0.9270179867744446,0.8910179734230042,0.9144179821014404,0.7871413230895996,619503920
2021-05-10,0.9180179834365845,0.9216179847717285,0.9054179787635803,0.9180179834365845,0.7902403473854065,349105116
2021-05-11,0.9090179800987244,0.9126179814338684,0.9018179774284363,0.9072179794311523,0.7809435129165649,202490455
2021-05-12,0.9036179780960083,0.9072179794311523,0.9000179767608643,0.9036179780960083,0.7778446674346924,66969617
2021-05-17,0.9090179800987244,0.9162179827690125,0.9054179787635803,0.9162179827690125,0.7886908650398254,226639831
2021-05-18,0.9234179854393005,0.9288179874420166,0.9216179847717285,0.9252179861068726,0.7964381575584412,262843090
2021-05-20,0.9198179841041565,0.9324179887771606,0.9090179800987244,0.9324179887771606,0.8026359677314758,402766321
2021-05-21,0.9360190033912659,0.9396190047264099,0.9234179854393005,0.9270179867744446,0.7979875802993774,201934771
2021-05-24,0.9270179867744446,0.9270179867744446,0.9126179814338684,0.9252179861068726,0.7964381575584412,227231280
2021-05-25,0.9288179874420166,0.9378190040588379,0.9036179780960083,0.9036179780960083,0.7778446674346924,472614814
2021-05-26,0.9090179800987244,0.9288179874420166,0.9036179780960083,0.9288179874420166,0.7995370626449585,271379589
2021-05-27,0.9252179861068726,0.9342179894447327,0.9180179834365845,0.9216179847717285,0.7933392524719238,248882163
2021-05-28,0.9162179827690125,0.9198179841041565,0.9054179787635803,0.9180179834365845,0.7902403473854065,307111158
2021-05-31,0.9162179827690125,0.9252179861068726,0.9144179821014404,0.9162179827690125,0.7886908650398254,149662661
2021-06-01,0.9198179841041565,0.9378190040588379,0.9180179834365845,0.9360190033912659,0.8057357668876648,277794320
2021-06-02,0.9234179854393005,0.9324179887771606,0.9198179841041565,0.9252179861068726,0.7964381575584412,231654435
2021-06-03,0.9270179867744446,0.9342179894447327,0.9162179827690125,0.9252179861068726,0.7964381575584412,296718513
2021-06-04,0.9252179861068726,0.9324179887771606,0.9216179847717285,0.9324179887771606,0.8026359677314758,201302895
2021-06-07,0.9324179887771606,0.9522190093994141,0.9306179881095886,0.950419008731842,0.8181314468383789,278519122
2021-06-08,0.94861900806427,0.9522190093994141,0.9396190047264099,0.946819007396698,0.8150326013565063,196564153
2021-06-09,0.946819007396698,0.950419008731842,0.9414190053939819,0.94861900806427,0.8165820240974426,206880526
2021-06-10,0.950419008731842,0.9684190154075623,0.946819007396698,0.9612190127372742,0.8274282217025757,345494784
2021-06-11,0.9630190134048462,0.9702190160751343,0.9576190114021301,0.9612190127372742,0.8274282217025757,227040278
2021-06-14,0.9648190140724182,0.9666190147399902,0.9540190100669861,0.9558190107345581,0.8227798342704773,154514018
2021-06-15,0.950419008731842,0.9612190127372742,0.9414190053939819,0.9594190120697021,0.8258787393569946,239189976
2021-06-16,0.9594190120697021,0.9612190127372742,0.945019006729126,0.945019006729126,0.8134831190109253,129113806
2021-06-17,0.9396190047264099,0.9522190093994141,0.9252179861068726,0.9270179867744446,0.7979875802993774,211913119
2021-06-18,0.9306179881095886,0.9360190033912659,0.9180179834365845,0.9180179834365845,0.7902403473854065,194117080
2021-06-21,0.9180179834365845,0.9324179887771606,0.9126179814338684,0.9324179887771606,0.8026359677314758,161022469
2021-06-22,0.9324179887771606,0.945019006729126,0.9270179867744446,0.943219006061554,0.8119336366653442,149157604
2021-06-23,0.946819007396698,0.9522190093994141,0.9324179887771606,0.9342179894447327,0.8041853904724121,200627131
2021-06-24,0.9360190033912659,0.9558190107345581,0.9360190033912659,0.9540190100669861,0.821230411529541,197020260
2021-06-25,0.9558190107345581,0.9594190120697021,0.9378190040588379,0.9396190047264099,0.8088347315788269,124376913
2021-06-28,0.943219006061554,0.943219006061554,0.9288179874420166,0.9288179874420166,0.7995370626449585,176659901
2021-06-29,0.9306179881095886,0.9378190040588379,0.9180179834365845,0.9270179867744446,0.7979875802993774,236286340
2021-06-30,0.9288179874420166,0.9342179894447327,0.9126179814338684,0.9180179834365845,0.7902403473854065,203434846
2021-07-01,0.9216179847717285,0.9306179881095886,0.9198179841041565,0.9288179874420166,0.7995370626449585,143382438
2021-07-02,0.9306179881095886,0.9324179887771606,0.9234179854393005,0.9270179867744446,0.7979875802993774,122171958
2021-07-05,0.9252179861068726,0.945019006729126,0.9234179854393005,0.945019006729126,0.8134831190109253,178128899
2021-07-06,0.945019006729126,0.9576190114021301,0.9396190047264099,0.9396190047264099,0.8088347315788269,233006757
2021-07-07,0.9396190047264099,0.9522190093994141,0.9396190047264099,0.94861900806427,0.8165820240974426,193317985
2021-07-08,0.945019006729126,0.9594190120697021,0.9414190053939819,0.9540190100669861,0.821230411529541,204911594
2021-07-09,0.9522190093994141,0.9558190107345581,0.9414190053939819,0.94861900806427,0.8165820240974426,145132903
2021-07-12,0.94861900806427,0.9630190134048462,0.943219006061554,0.94861900806427,0.8165820240974426,217939207
2021-07-13,0.946819007396698,0.94861900806427,0.9306179881095886,0.9360190033912659,0.8057357668876648,155767864
2021-07-14,0.9360190033912659,0.9522190093994141,0.9360190033912659,0.946819007396698,0.8150326013565063,150158478
2021-07-16,0.94861900806427,0.950419008731842,0.9324179887771606,0.9360190033912659,0.8057357668876648,142305788
2021-07-19,0.9288179874420166,0.9306179881095886,0.9162179827690125,0.9198179841041565,0.7917897701263428,117522896
2021-07-26,0.9216179847717285,0.9234179854393005,0.9072179794311523,0.9126179814338684,0.7855919003486633,162860826
2021-07-27,0.9090179800987244,0.9270179867744446,0.9054179787635803,0.9234179854393005,0.7948886752128601,150722633
2021-07-28,0.9216179847717285,0.9288179874420166,0.9144179821014404,0.9180179834365845,0.7902403473854065,137366460
2021-07-29,0.9252179861068726,0.9360190033912659,0.9234179854393005,0.9360190033912659,0.8057357668876648,176138445
2021-07-30,0.9324179887771606,0.94861900806427,0.9306179881095886,0.94861900806427,0.8165820240974426,180340015
2021-08-02,0.9522190093994141,0.9648190140724182,0.945019006729126,0.9576190114021301,0.8243292570114136,187600407
2021-08-03,0.9558190107345581,0.9774190187454224,0.946819007396698,0.9684190154075623,0.8336260914802551,361057346
2021-08-04,0.9720190167427063,0.9792190194129944,0.9630190134048462,0.9648190140724182,0.8305271863937378,307108797
2021-08-05,0.9576190114021301,0.9810190200805664,0.950419008731842,0.9810190200805664,0.844472348690033,365366658
2021-08-06,0.9774190187454224,0.9882199764251709,0.9666190147399902,0.9792190194129944,0.8429228067398071,316435474
2021-08-09,0.9756190180778503,0.9846190214157104,0.9684190154075623,0.9702190160751343,0.8351755142211914,230734931
2021-08-10,0.9702190160751343,0.9864199757575989,0.9684190154075623,0.9864199757575989,0.8491215109825134,241761857
2021-08-11,0.9882199764251709,0.9882199764251709,0.9558190107345581,0.9558190107345581,0.8227798342704773,327607258
2021-08-12,0.9630190134048462,0.9810190200805664,0.9612190127372742,0.9792190194129944,0.8429228067398071,341674784
2021-08-13,0.9792190194129944,0.9828190207481384,0.9720190167427063,0.9738190174102783,0.8382744193077087,176527626
2021-08-16,0.9756190180778503,1.0062199831008911,0.9756190180778503,0.997219979763031,0.8584182858467102,446903353
2021-08-17,0.995419979095459,1.0098199844360352,0.9846190214157104,1.0098199844360352,0.869264543056488,322412386
2021-08-18,1.011620044708252,1.0260200500488281,1.008020043373108,1.0170199871063232,0.8754623532295227,407725426
2021-08-19,1.008020043373108,1.0098199844360352,0.993619978427887,0.997219979763031,0.8584182858467102,219972250
2021-08-20,0.993619978427887,1.0062199831008911,0.9810190200805664,1.002619981765747,0.8630666732788086,302144637
2021-08-23,1.0098199844360352,1.01882004737854,1.008020043373108,1.0134199857711792,0.8723634481430054,193995038
2021-08-24,1.0170199871063232,1.0260200500488281,1.0134199857711792,1.0170199871063232,0.8754623532295227,246525883
2021-08-25,1.015220046043396,1.022420048713684,1.0062199831008911,1.0062199831008911,0.8661655783653259,227207669
2021-08-26,1.0098199844360352,1.0206199884414673,1.0044200420379639,1.008020043373108,0.8677151203155518,303201198
2021-08-27,1.0098199844360352,1.015220046043396,1.0008200407028198,1.015220046043396,0.8739129304885864,235462235
2021-08-31,1.0242199897766113,1.0368210077285767,1.0206199884414673,1.0350209474563599,0.890957772731781,341542314
2021-09-01,1.0368210077285767,1.0404210090637207,1.0278199911117554,1.0296200513839722,0.8863086104393005,281366764
2021-09-02,1.0296200513839722,1.0440210103988647,1.0278199911117554,1.0350209474563599,0.890957772731781,179584297
2021-09-03,1.0350209474563599,1.0368210077285767,1.01882004737854,1.0242199897766113,0.8816601634025574,190423394
2021-09-06,1.0278199911117554,1.0404210090637207,1.0260200500488281,1.0350209474563599,0.890957772731781,164158472
2021-09-07,1.0350209474563599,1.038620948791504,1.0044200420379639,1.0098199844360352,0.869264543056488,253340344
2021-09-08,1.008020043373108,1.0098199844360352,0.9828190207481384,0.9828190207481384,0.8460217714309692,287538828
2021-09-09,0.9774190187454224,0.997219979763031,0.9756190180778503,0.997219979763031,0.8584182858467102,215917587
2021-09-10,1.0008200407028198,1.002619981765747,0.9756190180778503,0.9756190180778503,0.8398239016532898,232425197
2021-09-13,0.9756190180778503,0.9846190214157104,0.9684190154075623,0.9738190174102783,0.8382744193077087,219533508
2021-09-14,0.9774190187454224,0.9846190214157104,0.9702190160751343,0.9738190174102783,0.8382744193077087,277498743
2021-09-15,0.9720190167427063,0.9756190180778503,0.9612190127372742,0.9666190147399902,0.8320766091346741,245979144
2021-09-16,0.9684190154075623,0.9756190180778503,0.9558190107345581,0.9612190127372742,0.8274282217025757,197123758
2021-09-17,0.9648190140724182,0.9666190147399902,0.94861900806427,0.94861900806427,0.8165820240974426,245970344
2021-09-20,0.9360190033912659,0.9414190053939819,0.9252179861068726,0.9270179867744446,0.7979875802993774,253583450
2021-09-21,0.9324179887771606,0.9378190040588379,0.9252179861068726,0.9270179867744446,0.7979875802993774,207735920
2021-09-22,0.9342179894447327,0.946819007396698,0.9288179874420166,0.946819007396698,0.8150326013565063,249543432
2021-09-23,0.945019006729126,0.9576190114021301,0.9234179854393005,0.9306179881095886,0.8010865449905396,462013179
2021-09-24,0.9270179867744446,0.9288179874420166,0.9000179767608643,0.9090179800987244,0.782492995262146,350110624
2021-09-27,0.9162179827690125,0.9234179854393005,0.9054179787635803,0.9234179854393005,0.7948886752128601,302768391
2021-09-28,0.9234179854393005,0.9234179854393005,0.9090179800987244,0.9144179821014404,0.7871413230895996,296398137
2021-09-29,0.9198179841041565,0.9288179874420166,0.9144179821014404,0.9252179861068726,0.7964381575584412,326009685
2021-09-30,0.9270179867744446,0.9396190047264099,0.9180179834365845,0.9342179894447327,0.8041853904724121,399063419
2021-10-01,0.9306179881095886,0.9360190033912659,0.9252179861068726,0.9288179874420166,0.7995370626449585,197451857
2021-10-04,0.9288179874420166,0.9342179894447327,0.9234179854393005,0.9270179867744446,0.7979875802993774,283096973
2021-10-05,0.9270179867744446,0.9324179887771606,0.9216179847717285,0.9270179867744446,0.7979875802993774,165434163
2021-10-06,0.9252179861068726,0.9306179881095886,0.9180179834365845,0.9234179854393005,0.7948886752128601,276320650
2021-10-07,0.9306179881095886,0.9378190040588379,0.9288179874420166,0.9378190040588379,0.8072852492332458,200322554
2021-10-08,0.9378190040588379,0.9414190053939819,0.9306179881095886,0.9342179894447327,0.8041853904724121,177642431
2021-10-11,0.9360190033912659,0.945019006729126,0.9342179894447327,0.9414190053939819,0.8103841543197632,182322264
2021-10-12,0.9378190040588379,0.950419008731842,0.9360190033912659,0.9414190053939819,0.8103841543197632,241136442
2021-10-13,0.945019006729126,0.94861900806427,0.9306179881095886,0.9342179894447327,0.8041853904724121,302434136
2021-10-14,0.9324179887771606,0.9414190053939819,0.9288179874420166,0.9360190033912659,0.8057357668876648,279596567
2021-10-15,0.9396190047264099,0.9414190053939819,0.9162179827690125,0.9252179861068726,0.7964381575584412,401466664
2021-10-18,0.9234179854393005,0.9252179861068726,0.9126179814338684,0.9198179841041565,0.7917897701263428,269474800
2021-10-19,0.9252179861068726,0.9414190053939819,0.9252179861068726,0.9414190053939819,0.8103841543197632,251099056
2021-10-20,0.9378190040588379,0.9612190127372742,0.9324179887771606,0.9612190127372742,0.8274282217025757,283394751
2021-10-21,0.9576190114021301,0.9684190154075623,0.9342179894447327,0.9612190127372742,0.8274282217025757,449652836
2021-10-22,0.9594190120697021,0.9828190207481384,0.9540190100669861,0.9774190187454224,0.8413733839988708,334106749
2021-10-25,0.9738190174102783,0.9828190207481384,0.9648190140724182,0.9774190187454224,0.8413733839988708,442022980
2021-10-26,0.9828190207481384,0.993619978427887,0.9810190200805664,0.9846190214157104,0.8475712537765503,359546954
2021-10-27,0.9882199764251709,1.0170199871063232,0.9846190214157104,1.0098199844360352,0.869264543056488,526638661
2021-10-28,1.008020043373108,1.01882004737854,0.995419979095459,1.0134199857711792,0.8723634481430054,340135571
2021-11-01,1.0206199884414673,1.038620948791504,1.0134199857711792,1.0350209474563599,0.890957772731781,474355390
2021-11-02,1.0368210077285767,1.05302095413208,1.0350209474563599,1.0476210117340088,0.9018040299415588,518374101
2021-11-03,1.045820951461792,1.072821021080017,1.0206199884414673,1.072821021080017,0.9234964847564697,830905117
2021-11-04,1.0890220403671265,1.116021990776062,1.0800210237503052,1.112421989440918,0.9575855135917664,861334276
2021-11-05,1.112421989440918,1.128622055053711,1.0962220430374146,1.128622055053711,0.9715306162834167,470561733
2021-11-08,1.1394230127334595,1.1430230140686035,1.1106220483779907,1.12322199344635,0.9668822884559631,819767298
2021-11-09,1.1214220523834229,1.1412229537963867,1.1142220497131348,1.119621992111206,0.963783323764801,677064490
2021-11-10,1.119621992111206,1.1358230113983154,1.112421989440918,1.128622055053711,0.9715306162834167,470229574
2021-11-11,1.1268219947814941,1.1340229511260986,1.112421989440918,1.1142220497131348,0.9591349959373474,414558809
2021-11-12,1.128622055053711,1.1466230154037476,1.128622055053711,1.1448229551315308,0.9854766130447388,504940091
2021-11-15,1.225823998451233,1.2582249641418457,1.2096240520477295,1.2582249641418457,1.0830943584442139,742794206
2021-11-16,1.27982497215271,1.3104259967803955,1.2276240587234497,1.229423999786377,1.0583021640777588,1221459125
2021-11-17,1.225823998451233,1.2528250217437744,1.2240240573883057,1.2456250190734863,1.072248101234436,500521303
2021-11-18,1.2456250190734863,1.3392269611358643,1.2420250177383423,1.2978260517120361,1.1171833276748657,1197563077
2021-11-19,1.3032259941101074,1.3086260557174683,1.2780250310897827,1.2852259874343872,1.106337070465088,398065755
2021-11-22,1.2924259901046753,1.3050260543823242,1.2672250270843506,1.27982497215271,1.101688027381897,322599127
2021-11-23,1.276224970817566,1.287026047706604,1.2222239971160889,1.2474249601364136,1.0737977027893066,861262511
2021-11-24,1.2546249628067017,1.2960259914398193,1.2474249601364136,1.276224970817566,1.0985890626907349,839131011
2021-11-25,1.2816259860992432,1.2852259874343872,1.2474249601364136,1.2474249601364136,1.0737977027893066,420957668
2021-11-26,1.2240240573883057,1.229423999786377,1.1862239837646484,1.2060240507125854,1.0381592512130737,456729025
2021-11-29,1.2114239931106567,1.2114239931106567,1.1754230260849,1.1934239864349365,1.0273128747940063,425334663
2021-11-30,1.1898239850997925,1.1952240467071533,1.173622965812683,1.1826239824295044,1.0180162191390991,587664795
2021-12-01,1.1916240453720093,1.2276240587234497,1.1916240453720093,1.2240240573883057,1.0536537170410156,470450380
2021-12-02,1.2276240587234497,1.2456250190734863,1.2276240587234497,1.2402249574661255,1.0675997734069824,368658675
2021-12-03,1.2582249641418457,1.2672250270843506,1.2420250177383423,1.2618249654769897,1.086193323135376,321284331
2021-12-06,1.2636250257492065,1.3140259981155396,1.2618249654769897,1.3140259981155396,1.1311285495758057,414441651
2021-12-07,1.3230259418487549,1.341027021408081,1.2960259914398193,1.330227017402649,1.145074486732483,791852298
2021-12-08,1.3392269611358643,1.384227991104126,1.337427020072937,1.3788269758224487,1.1869100332260132,794300165
2021-12-09,1.3860280513763428,1.45802903175354,1.3860280513763428,1.4022279977798462,1.207053780555725,920854701
2021-12-10,1.404028058052063,1.4112279415130615,1.3536269664764404,1.3716269731521606,1.180712103843689,646882548
2021-12-13,1.3770270347595215,1.4490289688110352,1.3680269718170166,1.4256279468536377,1.2271968126296997,760292389
2021-12-14,1.434628963470459,1.5318310260772705,1.434628963470459,1.5156300067901611,1.3046714067459106,968898187
2021-12-15,1.5660309791564941,1.5732309818267822,1.4922300577163696,1.508430004119873,1.2984737157821655,756789160
2021-12-16,1.5210299491882324,1.602031946182251,1.5210299491882324,1.602031946182251,1.3790472745895386,1058441474
2021-12-17,1.6272330284118652,1.7028340101242065,1.441828966140747,1.441828966140747,1.2411426305770874,1322389809
2021-12-20,1.341027021408081,1.4634289741516113,1.2978260517120361,1.3680269718170166,1.1776132583618164,1032594293
2021-12-21,1.4940299987792969,1.497630000114441,1.3104259967803955,1.3518270254135132,1.1636680364608765,1009079693
2021-12-22,1.341027021408081,1.4166280031204224,1.3230259418487549,1.384227991104126,1.1915591955184937,692273648
2021-12-23,1.4094280004501343,1.4202280044555664,1.3392269611358643,1.3932280540466309,1.199306607246399,525438591
2021-12-24,1.396828055381775,1.4094280004501343,1.384227991104126,1.3986279964447021,1.203954815864563,339332226
2021-12-27,1.396828055381775,1.4364290237426758,1.396828055381775,1.434628963470459,1.2349449396133423,478057865
2021-12-28,1.4256279468536377,1.4256279468536377,1.330227017402649,1.3428269624710083,1.1559207439422607,537009690
2021-12-29,1.3284260034561157,1.3644269704818726,1.3032259941101074,1.3428269624710083,1.1559207439422607,480778748
2021-12-30,1.3482270240783691,1.3716269731521606,1.3284260034561157,1.3284260034561157,1.143524169921875,504393241
2021-12-31,1.3356269598007202,1.3428269624710083,1.2852259874343872,1.294226050376892,1.1140844821929932,351138936
2022-01-03,1.2960259914398193,1.333827018737793,1.290626049041748,1.326625943183899,1.1419745683670044,227045123
2022-01-04,1.3320269584655762,1.3536269664764404,1.2960259914398193,1.3176259994506836,1.1342273950576782,315235876
2022-01-05,1.3158260583877563,1.344627022743225,1.3086260557174683,1.3428269624710083,1.1559207439422607,214377452
2022-01-06,1.3284260034561157,1.3536269664764404,1.326625943183899,1.330227017402649,1.145074486732483,328300428
2022-01-07,1.337427020072937,1.395027995109558,1.333827018737793,1.395027995109558,1.2008559703826904,505826062
2022-01-10,1.4202280044555664,1.4328290224075317,1.4022279977798462,1.4022279977798462,1.207053780555725,259392288
2022-01-11,1.4130280017852783,1.4292290210723877,1.3734270334243774,1.4022279977798462,1.207053780555725,380254912
2022-01-12,1.4184279441833496,1.4274280071258545,1.396828055381775,1.4112279415130615,1.2148010730743408,313197873
2022-01-13,1.4130280017852783,1.4364290237426758,1.4112279415130615,1.4220279455184937,1.224097728729248,375163493
2022-01-14,1.4238280057907104,1.4490289688110352,1.396828055381775,1.4328290224075317,1.2333955764770508,326000419
2022-01-17,1.4598289728164673,1.4850300550460815,1.454429030418396,1.4832299947738647,1.2767813205718994,396798376
2022-01-18,1.4796299934387207,1.5192300081253052,1.4058279991149902,1.4058279991149902,1.2101527452468872,554798862
2022-01-19,1.4238280057907104,1.5030299425125122,1.4184279441833496,1.5030299425125122,1.2938252687454224,604608873
2022-01-20,1.5192300081253052,1.5372309684753418,1.4454289674758911,1.4742289781570435,1.2690329551696777,795853173
2022-01-21,1.4688290357589722,1.4922300577163696,1.454429030418396,1.4814300537109375,1.2752318382263184,423952330
2022-01-24,1.4760290384292603,1.504830002784729,1.4130280017852783,1.4166280031204224,1.219449520111084,492746605
2022-01-25,1.434628963470459,1.4652290344238281,1.400428056716919,1.4562289714813232,1.2535384893417358,281940380
2022-01-26,1.461629033088684,1.4742289781570435,1.4454289674758911,1.454429030418396,1.2519891262054443,181114194
2022-01-27,1.4238280057907104,1.4688290357589722,1.4166280031204224,1.4670289754867554,1.2628352642059326,241792679
2022-01-28,1.4706289768218994,1.4886300563812256,1.4562289714813232,1.4598289728164673,1.2566373348236084,205068597
2022-01-31,1.4706289768218994,1.5030299425125122,1.4688290357589722,1.5030299425125122,1.2938252687454224,295829793
2022-02-01,1.508430004119873,1.5300309658050537,1.5030299425125122,1.5066299438476562,1.296924114227295,274969811
2022-02-02,1.5300309658050537,1.56243097782135,1.5228300094604492,1.558830976486206,1.3418593406677246,404227636
2022-02-03,1.5408309698104858,1.5732309818267822,1.4940299987792969,1.501230001449585,1.2922757863998413,329267791
2022-02-04,1.501230001449585,1.5102299451828003,1.4688290357589722,1.4778300523757935,1.2721328735351562,241489057
2022-02-07,1.4724290370941162,1.4958300590515137,1.404028058052063,1.4940299987792969,1.2860780954360962,556210128
2022-02-08,1.4940299987792969,1.5354310274124146,1.4904299974441528,1.5300309658050537,1.3170679807662964,397678136
2022-02-09,1.5570310354232788,1.56243097782135,1.5336309671401978,1.551630973815918,1.33566153049469,376900480
2022-02-10,1.5534310340881348,1.5894320011138916,1.548030972480774,1.56243097782135,1.3449583053588867,548811033
2022-02-11,1.548030972480774,1.5894320011138916,1.5282310247421265,1.5894320011138916,1.3682011365890503,425259426
2022-02-14,1.5660309791564941,1.575031042098999,1.5174299478530884,1.5444309711456299,1.3294636011123657,627905839
2022-02-15,1.551630973815918,1.5840320587158203,1.5444309711456299,1.575031042098999,1.3558045625686646,319424369
2022-02-16,1.5768320560455322,1.5786319971084595,1.5570310354232788,1.5570310354232788,1.3403100967407227,177916798
2022-02-17,1.5606310367584229,1.5786319971084595,1.5336309671401978,1.5336309671401978,1.3201669454574585,300379584
2022-02-18,1.555230975151062,1.555230975151062,1.5264300107955933,1.5462310314178467,1.3310132026672363,209518984
2022-02-21,1.5570310354232788,1.5660309791564941,1.5228300094604492,1.5390310287475586,1.3248153924942017,271754554
2022-02-22,1.5102299451828003,1.555230975151062,1.4940299987792969,1.5354310274124146,1.3217164278030396,329552108
2022-02-23,1.5372309684753418,1.5444309711456299,1.5102299451828003,1.5210299491882324,1.3093198537826538,254872685
2022-02-24,1.404028058052063,1.4364290237426758,1.3698270320892334,1.3698270320892334,1.179162621498108,312597858
2022-02-25,1.3860280513763428,1.438228964805603,1.3626270294189453,1.4256279468536377,1.2271968126296997,374136475
2022-02-28,1.5066299438476562,1.5066299438476562,1.4166280031204224,1.4328290224075317,1.2333955764770508,537716314
2022-03-01,1.4436290264129639,1.504830002784729,1.4400290250778198,1.4490289688110352,1.2473405599594116,430319867
2022-03-02,1.4526289701461792,1.4814300537109375,1.4436290264129639,1.4598289728164673,1.2566373348236084,252211217
2022-03-03,1.4742289781570435,1.4832299947738647,1.45802903175354,1.4652290344238281,1.2612857818603516,268725404
2022-03-04,1.4526289701461792,1.4634289741516113,1.4364290237426758,1.438228964805603,1.2380437850952148,249629831
2022-03-07,1.4166280031204224,1.4292290210723877,1.404028058052063,1.4130280017852783,1.2163505554199219,359735128
2022-03-08,1.395027995109558,1.4292290210723877,1.3932280540466309,1.4148279428482056,1.2178997993469238,206562861
2022-03-09,1.4238280057907104,1.4724290370941162,1.4238280057907104,1.4688290357589722,1.2643847465515137,285959826
2022-03-10,1.4724290370941162,1.4796299934387207,1.4436290264129639,1.4562289714813232,1.2535384893417358,195327983
2022-03-11,1.461629033088684,1.4778300523757935,1.4526289701461792,1.4598289728164673,1.2566373348236084,161582480
2022-03-14,1.4598289728164673,1.4940299987792969,1.4598289728164673,1.4904299974441528,1.282979130744934,155860218
2022-03-15,1.4832299947738647,1.5372309684753418,1.4832299947738647,1.5282310247421265,1.3155186176300049,285161065
2022-03-16,1.5354310274124146,1.5372309684753418,1.5138299465179443,1.5282310247421265,1.3155186176300049,165784572
2022-03-17,1.5318310260772705,1.571431040763855,1.5300309658050537,1.5660309791564941,1.3480572700500488,244501368
2022-03-18,1.56243097782135,1.567831039428711,1.5498310327529907,1.5606310367584229,1.3434089422225952,121097885
2022-03-21,1.564231038093567,1.5894320011138916,1.564231038093567,1.5786319971084595,1.3589043617248535,166322667
2022-03-22,1.5786319971084595,1.6290329694747925,1.5732309818267822,1.6272330284118652,1.4007407426834106,186887071
2022-03-23,1.6290329694747925,1.6452330350875854,1.6146320104599,1.6236319541931152,1.3976408243179321,222400272
2022-03-24,1.6254329681396484,1.6326329708099365,1.567831039428711,1.5696309804916382,1.351156234741211,258561216
2022-03-25,1.575031042098999,1.5912319421768188,1.5426310300827026,1.5426310300827026,1.3279143571853638,229046982
2022-03-28,1.5498310327529907,1.5570310354232788,1.5318310260772705,1.5372309684753418,1.3232659101486206,190695438
2022-03-29,1.4904299974441528,1.5336309671401978,1.4904299974441528,1.5246299505233765,1.3600826263427734,241752157
2022-03-30,1.5300309658050537,1.6146320104599,1.5300309658050537,1.6110320091247559,1.4371596574783325,341128623
2022-03-31,1.6164319515228271,1.6434329748153687,1.5768320560455322,1.5894320011138916,1.4178907871246338,267989947
2022-04-01,1.5966320037841797,1.6146320104599,1.5840320587158203,1.5966320037841797,1.4243139028549194,243408051
2022-04-04,1.6038320064544678,1.6632330417633057,1.6038320064544678,1.6596330404281616,1.4805153608322144,366572551
2022-04-05,1.665032982826233,1.7100340127944946,1.6398329734802246,1.6578329801559448,1.4789097309112549,377123114
2022-04-06,1.6578329801559448,1.672232985496521,1.6308330297470093,1.6452330350875854,1.4676694869995117,264670225
2022-04-07,1.6560330390930176,1.7424349784851074,1.6560330390930176,1.729835033416748,1.5431406497955322,401584856
2022-04-08,1.7460349798202515,1.82703697681427,1.7460349798202515,1.8216359615325928,1.625033974647522,476199575
2022-04-11,1.8324370384216309,1.9260389804840088,1.8324370384216309,1.9260389804840088,1.7181692123413086,667584494
2022-04-12,1.9080380201339722,1.9584389925003052,1.8684370517730713,1.9242390394210815,1.7165635824203491,656497030
2022-04-13,1.944038987159729,1.9530390501022339,1.8666369915008545,1.8846379518508911,1.6812363862991333,479348038
2022-04-14,1.893638014793396,1.9350390434265137,1.893638014793396,1.9224389791488647,1.7149577140808105,336976363
2022-04-15,1.9224389791488647,1.960239052772522,1.9026379585266113,1.940438985824585,1.7310150861740112,248136761
2022-04-18,1.944038987159729,1.994439959526062,1.9260389804840088,1.9836399555206299,1.769553542137146,372128721
2022-04-19,1.998039960861206,2.007040023803711,1.9116380214691162,1.9386390447616577,1.7294094562530518,513665069
2022-04-20,1.947638988494873,1.9728399515151978,1.9296389818191528,1.956639051437378,1.7454668283462524,331506907
2022-04-21,1.9620389938354492,1.9890400171279907,1.9620389938354492,1.9764399528503418,1.76313054561615,246432662
2022-04-22,1.9710400104522705,1.9890400171279907,1.8828380107879639,1.886438012123108,1.6828422546386719,322792217
2022-04-25,1.9170379638671875,1.9422390460968018,1.8882379531860352,1.9278390407562256,1.7197749614715576,411189306
2022-04-26,1.9350390434265137,1.9656389951705933,1.8828380107879639,1.890038013458252,1.68605375289917,391017971
2022-04-27,1.893638014793396,1.940438985824585,1.8792380094528198,1.9206379652023315,1.7133511304855347,363445414
2022-04-28,1.9314390420913696,1.9620389938354492,1.9044380187988281,1.9134379625320435,1.7069281339645386,231835675
2022-04-29,1.9170379638671875,1.9224389791488647,1.8666369915008545,1.8954379558563232,1.6908708810806274,263239571
2022-05-05,1.9224389791488647,1.9494390487670898,1.8666369915008545,1.8720380067825317,1.6699963808059692,314557101
2022-05-06,1.8630369901657104,1.9098379611968994,1.8558369874954224,1.9044380187988281,1.6988996267318726,391067092
2022-05-09,1.900838017463684,1.9530390501022339,1.89723801612854,1.947638988494873,1.7374379634857178,314301590
2022-05-10,1.9620389938354492,1.9620389938354492,1.9170379638671875,1.9260389804840088,1.7181692123413086,88647344
2022-05-11,1.9152380228042603,1.9242390394210815,1.8450369834899902,1.877437949180603,1.6748135089874268,319487229
2022-05-12,1.8450369834899902,1.8684370517730713,1.8036359548568726,1.836037039756775,1.637880802154541,491624928
2022-05-13,1.8558369874954224,1.8558369874954224,1.8072359561920166,1.8216359615325928,1.625033974647522,197133958
2022-05-16,1.8198360204696655,1.8198360204696655,1.7442350387573242,1.7478350400924683,1.559198021888733,320819218
2022-05-17,1.7514350414276123,1.7568349838256836,1.71903395652771,1.71903395652771,1.5335054397583008,369488191
2022-05-18,1.71903395652771,1.8198360204696655,1.7136340141296387,1.7892359495162964,1.5961308479309082,467283439
2022-05-20,1.7856359481811523,1.8414369821548462,1.773036003112793,1.7946360111236572,1.6009480953216553,384999082
2022-05-23,1.8054360151290894,1.830636978149414,1.780236005783081,1.830636978149414,1.633063554763794,266630924
2022-05-24,1.8324370384216309,1.836037039756775,1.8018360137939453,1.8090360164642334,1.6137938499450684,249507005
2022-05-25,1.8180359601974487,1.8486369848251343,1.7874360084533691,1.830636978149414,1.633063554763794,321567670
2022-05-26,1.8252370357513428,1.839637041091919,1.8090360164642334,1.8216359615325928,1.625033974647522,260408923
2022-05-27,1.8216359615325928,1.8576370477676392,1.8090360164642334,1.8288370370864868,1.6314579248428345,337284690
2022-05-30,1.839637041091919,1.9224389791488647,1.839637041091919,1.8990379571914673,1.6940823793411255,299894082
2022-05-31,1.900838017463684,1.9584389925003052,1.893638014793396,1.9494390487670898,1.7390438318252563,347254709
2022-06-01,1.9494390487670898,1.9692389965057373,1.9224389791488647,1.9224389791488647,1.7149577140808105,368143641
2022-06-02,1.9296389818191528,1.947638988494873,1.9170379638671875,1.9314390420913696,1.7229864597320557,359056764
2022-06-03,1.936838984489441,1.940438985824585,1.900838017463684,1.9224389791488647,1.7149577140808105,199252115
2022-06-06,1.9296389818191528,2.005239963531494,1.9296389818191528,1.998039960861206,1.7823994159698486,401160159
2022-06-07,1.9854400157928467,2.016040086746216,1.963839054107666,2.0088400840759277,1.7920339107513428,270409392
2022-06-08,2.0124399662017822,2.0214409828186035,1.8612370491027832,1.877437949180603,1.6748135089874268,389382871
2022-06-09,1.877437949180603,1.9080380201339722,1.836037039756775,1.8756380081176758,1.6732077598571777,313697719
2022-06-10,1.8594369888305664,2.0196409225463867,1.8576370477676392,1.956639051437378,1.7454668283462524,627958276
2022-06-13,1.9530390501022339,2.0610411167144775,1.9494390487670898,2.014240026473999,1.7968511581420898,577215284
2022-06-14,2.0280001163482666,2.0360000133514404,1.9160000085830688,1.9199999570846558,1.7127819061279297,284613532
2022-06-15,1.9240000247955322,1.9320000410079956,1.8480000495910645,1.9079999923706055,1.7020771503448486,391207432
2022-06-16,1.9199999570846558,1.9279999732971191,1.815999984741211,1.8839999437332153,1.6806671619415283,423519585
2022-06-17,1.8799999952316284,1.9600000381469727,1.8799999952316284,1.9520000219345093,1.7413283586502075,289765535
2022-06-20,1.9559999704360962,1.9759999513626099,1.9119999408721924,1.9359999895095825,1.7270551919937134,198281400
2022-06-21,1.9559999704360962,1.9919999837875366,1.9520000219345093,1.9600000381469727,1.7484649419784546,231978370
2022-06-22,1.944000005722046,1.9800000190734863,1.9199999570846558,1.944000005722046,1.7341917753219604,264729727
2022-06-23,1.944000005722046,1.9559999704360962,1.8760000467300415,1.899999976158142,1.694940447807312,271309472
2022-06-24,1.9040000438690186,1.9119999408721924,1.8600000143051147,1.8799999952316284,1.6770989894866943,245588087
2022-06-27,1.8240000009536743,1.8680000305175781,1.815999984741211,1.843999981880188,1.6449843645095825,240070980
2022-06-28,1.840000033378601,1.8600000143051147,1.784000039100647,1.8200000524520874,1.6235746145248413,257725932
2022-06-29,1.7960000038146973,1.8320000171661377,1.7359999418258667,1.7359999418258667,1.5486403703689575,207031125
2022-06-30,1.7319999933242798,1.784000039100647,1.7239999771118164,1.7519999742507935,1.5629136562347412,272066207
2022-07-01,1.7280000448226929,1.8320000171661377,1.7280000448226929,1.7999999523162842,1.6057331562042236,282818437
2022-07-04,1.812000036239624,1.843999981880188,1.75600004196167,1.7599999904632568,1.5700502395629883,171096520
2022-07-05,1.7599999904632568,1.8079999685287476,1.74399995803833,1.7599999904632568,1.5700502395629883,259517332
2022-07-06,1.7760000228881836,1.7920000553131104,1.75600004196167,1.7760000228881836,1.5843234062194824,143591815
2022-07-07,1.7799999713897705,1.8240000009536743,1.7760000228881836,1.8079999685287476,1.6128697395324707,204919765
2022-07-08,1.7999999523162842,1.815999984741211,1.7920000553131104,1.7960000038146973,1.6021648645401,40577787
2022-07-13,1.7960000038146973,1.8079999685287476,1.75600004196167,1.784000039100647,1.5914599895477295,204932875
2022-07-14,1.784000039100647,1.8040000200271606,1.7680000066757202,1.7920000553131104,1.5985965728759766,127448207
2022-07-18,1.815999984741211,1.8880000114440918,1.815999984741211,1.8760000467300415,1.6735306978225708,194981905
2022-07-19,1.8680000305175781,1.972000002861023,1.8639999628067017,1.9600000381469727,1.7484649419784546,247807090
2022-07-20,1.9800000190734863,1.9919999837875366,1.940000057220459,1.9559999704360962,1.744896650314331,282742975
2022-07-21,1.9600000381469727,1.9919999837875366,1.940000057220459,1.9559999704360962,1.744896650314331,303087520
2022-07-22,1.9759999513626099,1.9919999837875366,1.9559999704360962,1.972000002861023,1.7591698169708252,196763987
2022-07-25,1.9759999513626099,2.0840001106262207,1.972000002861023,2.0799999237060547,1.8555138111114502,351988347
2022-07-26,2.0920000076293945,2.115999937057495,2.0439999103546143,2.055999994277954,1.834104061126709,299335202
2022-07-27,2.0799999237060547,2.0920000076293945,2.0399999618530273,2.052000045776367,1.8305357694625854,229295707
2022-07-28,2.0799999237060547,2.1080000400543213,2.0399999618530273,2.052000045776367,1.8305357694625854,401118325
2022-07-29,2.055999994277954,2.0920000076293945,2.0439999103546143,2.0880000591278076,1.8626505136489868,226432657
2022-08-01,2.0999999046325684,2.1760001182556152,2.0999999046325684,2.1760001182556152,1.9411530494689941,238194850
2022-08-02,2.180000066757202,2.191999912261963,2.1559998989105225,2.180000066757202,1.9447213411331177,184134240
2022-08-03,2.2039999961853027,2.2639999389648438,2.1760001182556152,2.2639999389648438,2.019655466079712,289881530
2022-08-04,2.2960000038146973,2.427999973297119,2.2839999198913574,2.4159998893737793,2.1552505493164062,377454492
2022-08-05,2.447999954223633,2.6559998989105225,2.4240000247955322,2.568000078201294,2.290846109390259,649219837
2022-08-08,2.572000026702881,2.5959999561309814,2.5,2.5439999103546143,2.2694358825683594,431313590
2022-08-09,2.4760000705718994,2.507999897003174,2.364000082015991,2.384000062942505,2.126704216003418,1159029600
2022-08-10,2.371999979019165,2.427999973297119,2.364000082015991,2.4159998893737793,2.1552505493164062,638480385
2022-08-11,2.440000057220459,2.496000051498413,2.436000108718872,2.4600000381469727,2.1945018768310547,819542770
2022-08-12,2.4679999351501465,2.492000102996826,2.384000062942505,2.384000062942505,2.126704216003418,606197217
2022-08-15,2.4000000953674316,2.440000057220459,2.384000062942505,2.4040000438690186,2.144545793533325,407674360
2022-08-16,2.4200000762939453,2.4719998836517334,2.312000036239624,2.4719998836517334,2.2052066326141357,752560255
2022-08-17,2.503999948501587,2.7160000801086426,2.4800000190734863,2.7160000801086426,2.422873020172119,1149585915
2022-08-18,2.7320001125335693,2.871999979019165,2.611999988555908,2.799999952316284,2.497807025909424,1269728807
2022-08-19,2.799999952316284,2.8480000495910645,2.7279999256134033,2.7960000038146973,2.4942386150360107,566380727
2022-08-22,2.7920000553131104,3.0199999809265137,2.759999990463257,2.9839999675750732,2.6619486808776855,678493715
2022-08-23,3.003999948501587,3.2799999713897705,2.98799991607666,3.2799999713897705,2.9260025024414062,678924795
2022-08-24,3.380000114440918,3.436000108718872,3.01200008392334,3.01200008392334,2.68692684173584,1643114462
2022-08-25,3.0280001163482666,3.2200000286102295,2.940000057220459,3.135999917984009,2.79754376411438,41707362
2022-08-26,3.1679999828338623,3.2839999198913574,3.01200008392334,3.0920000076293945,2.7582924365997314,2322618415
2022-08-29,3.1040000915527344,3.2079999446868896,3.0199999809265137,3.184000015258789,2.8403635025024414,1041987812
2022-08-31,3.184000015258789,3.252000093460083,3.119999885559082,3.1679999828338623,2.826090097427368,1032265442
2022-09-01,3.171999931335449,3.328000068664551,3.131999969482422,3.2160000801086426,2.8689098358154297,1422451715
2022-09-02,3.2639999389648438,3.5360000133514404,3.2200000286102295,3.5360000133514404,3.1543736457824707,1272362927
2022-09-05,3.5999999046325684,3.888000011444092,3.5239999294281006,3.8559999465942383,3.4398372173309326,1217962162
2022-09-06,3.9600000381469727,4.239999771118164,3.7839999198913574,4.211999893188477,3.757415533065796,1542757872
2022-09-07,4.239999771118164,4.383999824523926,4.02400016784668,4.116000175476074,3.671776533126831,1101031400
2022-09-08,4.211999893188477,4.52400016784668,4.047999858856201,4.52400016784668,4.03574275970459,1139569982
2022-09-09,4.567999839782715,4.97599983215332,4.452000141143799,4.97599983215332,4.43895959854126,827023750
2022-09-12,5.328000068664551,5.395999908447266,4.992000102996826,5.019999980926514,4.478211402893066,2330664130
2022-09-13,5.035999774932861,5.056000232696533,4.519999980926514,4.519999980926514,4.032174587249756,2256117877
2022-09-14,4.248000144958496,4.288000106811523,4.067999839782715,4.067999839782715,3.6289567947387695,326758697
2022-09-15,3.9200000762939453,4.184000015258789,3.6640000343322754,3.6640000343322754,3.268558979034424,898740677
2022-09-16,3.436000108718872,3.680000066757202,3.299999952316284,3.503999948501587,3.1258273124694824,1840906440
2022-09-19,3.4600000381469727,3.507999897003174,3.1559998989105225,3.1559998989105225,2.815385341644287,818063995
2022-09-20,3.2160000801086426,3.3480000495910645,3.055999994277954,3.315999984741211,2.9581172466278076,1457573292
2022-09-21,3.2960000038146973,3.3519999980926514,3.1559998989105225,3.171999931335449,2.8296585083007812,760091877
2022-09-22,3.1760001182556152,3.3440001010894775,3.1640000343322754,3.259999990463257,2.908160924911499,704512512
2022-09-23,3.25600004196167,3.2799999713897705,3.128000020980835,3.131999969482422,2.793975591659546,377777787
2022-09-26,3.131999969482422,3.131999969482422,2.9200000762939453,3.068000078201294,2.7368829250335693,802573912
2022-09-27,3.0759999752044678,3.2799999713897705,3.063999891281128,3.135999917984009,2.79754376411438,917699570
2022-09-28,3.119999885559082,3.2200000286102295,3.0399999618530273,3.0399999618530273,2.711904764175415,548963312
2022-09-29,3.068000078201294,3.135999917984009,2.9159998893737793,3.007999897003174,2.6833584308624268,501234240
2022-09-30,3.007999897003174,3.059999942779541,2.9639999866485596,3.007999897003174,2.6833584308624268,430370565
2022-10-03,3.0239999294281006,3.308000087738037,3.0160000324249268,3.308000087738037,2.9509806632995605,501776775
2022-10-04,3.4200000762939453,3.492000102996826,3.2839999198913574,3.303999900817871,2.9474122524261475,793851670
2022-10-05,3.3359999656677246,3.3519999980926514,3.191999912261963,3.252000093460083,2.901024580001831,516937010
2022-10-06,3.299999952316284,3.359999895095825,3.2839999198913574,3.3399999141693115,2.979526996612549,539133175
2022-10-07,3.3399999141693115,3.364000082015991,3.2880001068115234,3.3399999141693115,2.979526996612549,432085115
2022-10-10,3.359999895095825,3.375999927520752,3.2880001068115234,3.2960000038146973,2.9402756690979004,351183815
2022-10-11,3.303999900817871,3.3440001010894775,3.2760000228881836,3.315999984741211,2.9581172466278076,636328622
2022-10-12,3.319999933242798,3.380000114440918,3.2799999713897705,3.299999952316284,2.9438440799713135,683763945
2022-10-13,3.308000087738037,3.3559999465942383,3.24399995803833,3.2880001068115234,2.9331393241882324,546690490
2022-10-14,3.368000030517578,3.431999921798706,3.368000030517578,3.4159998893737793,3.0473246574401855,764971307
2022-10-17,3.447999954223633,3.75600004196167,3.447999954223633,3.75600004196167,3.3506298065185547,796201870
2022-10-18,3.9800000190734863,4.01200008392334,3.7200000286102295,3.7880001068115234,3.379176139831543,885147492
2022-10-19,3.808000087738037,4.0879998207092285,3.747999906539917,4.039999961853027,3.6039788722991943,1156578537
2022-10-20,4.0279998779296875,4.127999782562256,3.944000005722046,3.9560000896453857,3.5290446281433105,1080759722
2022-10-21,3.9519999027252197,4.007999897003174,3.9240000247955322,3.931999921798706,3.5076346397399902,484660867
2022-10-24,3.9639999866485596,4.007999897003174,3.859999895095825,3.864000082015991,3.4469738006591797,481343727
2022-10-25,3.880000114440918,4.035999774932861,3.880000114440918,3.9519999027252197,3.5254759788513184,749215167
2022-10-26,3.9719998836517334,4.0,3.868000030517578,3.8919999599456787,3.471951961517334,404584150
2022-10-27,3.9200000762939453,3.940000057220459,3.7360000610351562,3.752000093460083,3.3470613956451416,509688005
2022-10-28,3.7360000610351562,3.75600004196167,3.563999891281128,3.619999885559082,3.2293076515197754,334242587
2022-10-31,3.640000104904175,3.7279999256134033,3.51200008392334,3.7279999256134033,3.3256516456604004,644361047
2022-11-01,3.74399995803833,3.8519999980926514,3.619999885559082,3.752000093460083,3.3470613956451416,723096457
2022-11-02,3.740000009536743,3.740000009536743,3.5880000591278076,3.5880000591278076,3.200761556625366,760126280
2022-11-03,3.5920000076293945,3.640000104904175,3.444000005722046,3.4800000190734863,3.104417324066162,748967837
2022-11-04,3.5399999618530273,3.6040000915527344,3.4719998836517334,3.5799999237060547,3.193624973297119,829895987
2022-11-07,3.619999885559082,3.747999906539917,3.619999885559082,3.700000047683716,3.300673484802246,815648322
2022-11-08,3.700000047683716,3.752000093460083,3.611999988555908,3.624000072479248,3.2328760623931885,913320897
2022-11-09,3.6440000534057617,3.7239999771118164,3.5840001106262207,3.635999917984009,3.2435810565948486,670617375
2022-11-10,3.6440000534057617,3.7920000553131104,3.631999969482422,3.759999990463257,3.3541979789733887,729207065
2022-11-11,3.871999979019165,3.880000114440918,3.640000104904175,3.671999931335449,3.27569580078125,677146590
2022-11-14,3.680000066757202,3.7239999771118164,3.6519999504089355,3.7039999961853027,3.304241895675659,623566327
2022-11-15,3.740000009536743,3.8919999599456787,3.635999917984009,3.8919999599456787,3.471951961517334,1329563547
2022-11-16,3.9159998893737793,4.184000015258789,3.8440001010894775,3.9679999351501465,3.5397493839263916,1759341495
2022-11-17,3.9800000190734863,4.0,3.752000093460083,3.7720000743865967,3.364902973175049,768074655
2022-11-18,3.7839999198913574,3.9079999923706055,3.752000093460083,3.819999933242798,3.4077224731445312,729773180
2022-11-21,3.8559999465942383,3.9000000953674316,3.752000093460083,3.9000000953674316,3.479088544845581,708270180
2022-11-22,3.9600000381469727,4.079999923706055,3.888000011444092,4.047999858856201,3.6111152172088623,937661657
2022-11-23,4.052000045776367,4.303999900817871,4.007999897003174,4.263999938964844,3.8038032054901123,1085805097
2022-11-24,4.300000190734863,4.392000198364258,4.184000015258789,4.21999979019165,3.764552116394043,964545390
2022-11-25,4.188000202178955,4.199999809265137,4.079999923706055,4.099999904632568,3.657503128051758,874298792
2022-11-28,4.111999988555908,4.248000144958496,4.0960001945495605,4.131999969482422,3.686049699783325,1068864370
2022-11-29,4.159999847412109,4.196000099182129,4.072000026702881,4.127999782562256,3.682481288909912,722950607
2022-11-30,4.131999969482422,4.228000164031982,4.111999988555908,4.144000053405762,3.6967546939849854,885870625
2022-12-01,4.208000183105469,4.360000133514404,4.196000099182129,4.343999862670898,3.875169277191162,1004086617
2022-12-02,4.335999965667725,4.340000152587891,4.1479997634887695,4.176000118255615,3.7253010272979736,642005412
2022-12-05,4.208000183105469,4.21999979019165,4.059999942779541,4.059999942779541,3.6218202114105225,799702090
2022-12-06,4.064000129699707,4.171999931335449,4.052000045776367,4.084000110626221,3.6432301998138428,635858422
2022-12-07,4.099999904632568,4.168000221252441,3.9000000953674316,3.9560000896453857,3.5290446281433105,704786587
2022-12-08,3.9719998836517334,4.044000148773193,3.8480000495910645,4.015999794006348,3.582568883895874,679472322
2022-12-09,4.0279998779296875,4.239999771118164,4.0,4.228000164031982,3.771688938140869,602039360
2022-12-12,4.24399995803833,4.559999942779541,4.164000034332275,4.519999980926514,4.032174587249756,941250782
2022-12-13,4.4720001220703125,4.5920000076293945,4.4079999923706055,4.484000205993652,4.000060081481934,734607637
2022-12-14,4.52400016784668,4.728000164031982,4.343999862670898,4.4679999351501465,3.9857866764068604,1091606560
2022-12-15,4.579999923706055,4.900000095367432,4.535999774932861,4.860000133514404,4.335479259490967,1201633760
2022-12-16,4.920000076293945,5.019999980926514,4.895999908447266,4.9039998054504395,4.374730110168457,274772775
2022-12-19,5.02400016784668,5.4679999351501465,5.02400016784668,5.4679999351501465,4.877860069274902,1377398337
2022-12-20,5.455999851226807,5.455999851226807,5.015999794006348,5.184000015258789,4.62451171875,1235991760
2022-12-21,5.239999771118164,5.400000095367432,5.0920000076293945,5.104000091552734,4.553145408630371,980823402
2022-12-22,5.156000137329102,5.296000003814697,5.0879998207092285,5.1479997634887695,4.592396259307861,697283707
2022-12-23,5.1519999504089355,5.291999816894531,5.056000232696533,5.203999996185303,4.642353057861328,659001542
2022-12-26,5.276000022888184,5.335999965667725,5.176000118255615,5.191999912261963,4.63164758682251,487037645
2022-12-27,5.199999809265137,5.308000087738037,5.144000053405762,5.196000099182129,4.635216236114502,722436147
2022-12-28,5.184000015258789,5.196000099182129,4.927999973297119,5.02400016784668,4.4817795753479,606620862
2022-12-29,5.0320000648498535,5.223999977111816,5.0320000648498535,5.168000221252441,4.610238552093506,436067355
2022-12-30,5.203999996185303,5.283999919891357,5.107999801635742,5.107999801635742,4.556713581085205,636704395
2023-01-02,5.144000053405762,5.288000106811523,5.131999969482422,5.223999977111816,4.660193920135498,566205427
2023-01-03,5.239999771118164,5.25600004196167,5.044000148773193,5.067999839782715,4.521030426025391,552312495
2023-01-04,5.116000175476074,5.211999893188477,4.927999973297119,5.01200008392334,4.47107458114624,682222452
2023-01-05,5.044000148773193,5.079999923706055,4.783999919891357,4.815999984741211,4.296228408813477,440933942
2023-01-06,4.539999961853027,4.932000160217285,4.395999908447266,4.828000068664551,4.3069329261779785,643931235
2023-01-09,4.915999889373779,4.923999786376953,4.567999839782715,4.636000156402588,4.135654926300049,485028680
2023-01-10,4.671999931335449,4.711999893188477,4.440000057220459,4.4720001220703125,3.9893550872802734,422890582
2023-01-11,4.492000102996826,4.572000026702881,4.179999828338623,4.191999912261963,3.7395739555358887,472518750
2023-01-12,4.300000190734863,4.375999927520752,4.02400016784668,4.343999862670898,3.875169277191162,451790735
2023-01-13,4.288000106811523,4.427999973297119,4.223999977111816,4.320000171661377,3.853759765625,388466952
2023-01-16,4.4039998054504395,4.544000148773193,4.383999824523926,4.535999774932861,4.046447277069092,460087835
2023-01-17,4.559999942779541,4.671999931335449,4.507999897003174,4.564000129699707,4.071425914764404,505256412
2023-01-18,4.5879998207092285,4.688000202178955,4.455999851226807,4.552000045776367,4.060720920562744,563408647
2023-01-19,4.552000045776367,4.760000228881836,4.535999774932861,4.6479997634887695,4.146359443664551,538746097
2023-01-20,4.679999828338623,4.9720001220703125,4.6479997634887695,4.915999889373779,4.385435104370117,619923485
2023-01-23,4.992000102996826,5.159999847412109,4.808000087738037,4.892000198364258,4.364025592803955,540602847
2023-01-24,4.900000095367432,4.935999870300293,4.728000164031982,4.811999797821045,4.292659282684326,549968365
2023-01-25,4.840000152587891,4.875999927520752,4.52400016784668,4.644000053405762,4.142791748046875,496720165
2023-01-26,4.639999866485596,4.656000137329102,4.4720001220703125,4.492000102996826,4.007196426391602,522788940
2023-01-27,4.4679999351501465,4.4720001220703125,4.179999828338623,4.355999946594238,3.8858742713928223,476312135
2023-01-30,4.331999778747559,4.447999954223633,4.276000022888184,4.300000190734863,3.8359179496765137,404967047
2023-01-31,4.28000020980835,4.4720001220703125,4.223999977111816,4.3520002365112305,3.8823060989379883,516669272
2023-02-01,4.372000217437744,4.4039998054504395,3.98799991607666,3.98799991607666,3.5575907230377197,469943270
2023-02-02,3.98799991607666,4.116000175476074,3.7320001125335693,3.9079999923706055,3.486225128173828,656411500
2023-02-03,3.9200000762939453,4.251999855041504,3.8959999084472656,4.228000164031982,3.771688938140869,554757262
2023-02-06,4.156000137329102,4.228000164031982,3.9519999027252197,4.124000072479248,3.678913116455078,85674897
2023-02-07,4.1519999504089355,4.159999847412109,3.7320001125335693,3.808000087738037,3.39701771736145,193023115
2023-02-08,3.615999937057495,3.615999937057495,3.615999937057495,3.615999937057495,3.2257394790649414,7
2023-02-15,4.1519999504089355,4.188000202178955,4.02400016784668,4.188000202178955,3.7360057830810547,69180942
2023-02-16,4.567999839782715,4.567999839782715,4.303999900817871,4.420000076293945,3.942966938018799,308058215
2023-02-17,4.340000152587891,4.5,4.331999778747559,4.368000030517578,3.8965792655944824,215661937
2023-02-20,4.388000011444092,4.51200008392334,4.3520002365112305,4.4079999923706055,3.9322619438171387,180465100
2023-02-21,4.395999908447266,4.4679999351501465,4.251999855041504,4.28000020980835,3.8180768489837646,240178790
2023-02-22,4.28000020980835,4.427999973297119,4.25600004196167,4.368000030517578,3.8965792655944824,214892492
2023-02-23,4.380000114440918,4.547999858856201,4.340000152587891,4.4079999923706055,3.9322619438171387,327930765
2023-02-24,4.4120001792907715,4.447999954223633,4.300000190734863,4.323999881744385,3.857327699661255,165565905
2023-02-27,4.360000133514404,4.664000034332275,4.263999938964844,4.6479997634887695,4.146359443664551,446189620
2023-02-28,4.659999847412109,4.739999771118164,4.504000186920166,4.544000148773193,4.053584575653076,403246372
2023-03-01,4.5920000076293945,4.736000061035156,4.552000045776367,4.656000137329102,4.153496265411377,339155807
2023-03-02,4.696000099182129,4.840000152587891,4.668000221252441,4.791999816894531,4.274817943572998,428679032
2023-03-03,4.75600004196167,4.76800012588501,4.547999858856201,4.716000080108643,4.2070207595825195,500043760
2023-03-06,4.763999938964844,5.184000015258789,4.74399995803833,5.184000015258789,4.62451171875,679737917
2023-03-07,5.343999862670898,5.51200008392334,5.184000015258789,5.191999912261963,4.63164758682251,967036082
2023-03-08,5.196000099182129,5.708000183105469,5.176000118255615,5.708000183105469,5.091958522796631,1036218242
2023-03-09,5.708000183105469,6.0279998779296875,5.504000186920166,5.679999828338623,5.066979885101318,1383266910
2023-03-10,5.599999904632568,6.056000232696533,5.599999904632568,5.823999881744385,5.195438861846924,1187379442
2023-03-13,5.880000114440918,5.927999973297119,5.5879998207092285,5.668000221252441,5.056275367736816,802439480
2023-03-14,5.699999809265137,5.927999973297119,5.636000156402588,5.748000144958496,5.127641677856445,990832257
2023-03-15,5.776000022888184,5.892000198364258,5.611999988555908,5.8480000495910645,5.216848373413086,1137338815
2023-03-16,5.900000095367432,6.0320000648498535,5.800000190734863,5.880000114440918,5.245395183563232,824162450
2023-03-17,5.960000038146973,6.047999858856201,5.888000011444092,5.888000011444092,5.2525315284729,1098672110
2023-03-20,5.803999900817871,5.900000095367432,5.579999923706055,5.599999904632568,4.995614051818848,881198375
2023-03-21,5.624000072479248,5.708000183105469,5.452000141143799,5.455999851226807,4.8671555519104,759482312
2023-03-22,5.5,5.559999942779541,5.392000198364258,5.480000019073486,4.8885650634765625,514458897
2023-03-23,5.480000019073486,5.668000221252441,5.435999870300293,5.668000221252441,5.056275367736816,461016630
2023-03-24,5.671999931335449,5.711999893188477,5.539999961853027,5.539999961853027,4.942089557647705,514037462
2023-03-27,5.584000110626221,5.607999801635742,5.447999954223633,5.447999954223633,4.860018730163574,348482170
2023-03-28,5.447999954223633,5.507999897003174,5.188000202178955,5.199999809265137,4.638784408569336,512668887
2023-03-29,5.199999809265137,5.423999786376953,5.1519999504089355,5.4039998054504395,4.820767402648926,558887710
2023-03-30,5.3520002365112305,5.572000026702881,5.320000171661377,5.4079999923706055,4.82433557510376,659320130
2023-03-31,5.3520002365112305,5.375999927520752,5.127999782562256,5.188000202178955,4.628079891204834,533449442
2023-04-03,4.868000030517578,4.888000011444092,4.688000202178955,4.875999927520752,4.6830363273620605,539350252
2023-04-04,4.888000011444092,4.9720001220703125,4.840000152587891,4.9679999351501465,4.771395206451416,353902345
2023-04-05,4.97599983215332,5.044000148773193,4.840000152587891,4.840000152587891,4.64846134185791,387638275
2023-04-06,4.860000133514404,4.9079999923706055,0.4000000059604645,4.788000106811523,4.5985188484191895,243656635
2023-04-07,4.791999816894531,4.815999984741211,4.579999923706055,4.723999977111816,4.537051677703857,236244245
2023-04-10,4.75600004196167,4.860000133514404,4.751999855041504,4.823999881744385,4.633094310760498,225428142
2023-04-11,4.843999862670898,4.892000198364258,4.803999900817871,4.860000133514404,4.667669773101807,333400767
2023-04-12,4.868000030517578,4.992000102996826,4.843999862670898,4.9120001792907715,4.717612266540527,584788475
2023-04-13,4.927999973297119,4.995999813079834,4.8480000495910645,4.8480000495910645,4.656144618988037,504281252
2023-04-14,4.872000217437744,4.940000057220459,4.835999965667725,4.8480000495910645,4.656144618988037,286709942
2023-04-17,4.860000133514404,4.915999889373779,4.791999816894531,4.803999900817871,4.613885879516602,271314292
2023-04-18,4.820000171661377,4.880000114440918,4.791999816894531,4.803999900817871,4.613885879516602,282920780
2023-04-19,4.811999797821045,5.059999942779541,4.71999979019165,4.915999889373779,4.721453666687012,516337080
2023-04-20,4.800000190734863,4.835999965667725,4.73199987411499,4.74399995803833,4.556260108947754,182213075
2023-04-24,4.776000022888184,4.835999965667725,4.684000015258789,4.696000099182129,4.510159492492676,276700715
2023-04-25,4.708000183105469,4.736000061035156,4.535999774932861,4.572000026702881,4.391067028045654,294846892
2023-04-26,4.556000232696533,4.624000072479248,4.455999851226807,4.484000205993652,4.306550025939941,303237750
2023-04-27,4.48799991607666,4.572000026702881,4.443999767303467,4.519999980926514,4.341125011444092,285746252
2023-04-28,4.535999774932861,4.544000148773193,4.25600004196167,4.331999778747559,4.160564422607422,248016347
2023-05-02,4.340000152587891,4.415999889373779,4.26800012588501,4.283999919891357,4.114464282989502,217066967
2023-05-03,4.311999797821045,4.363999843597412,4.168000221252441,4.239999771118164,4.072205543518066,244640180
2023-05-04,4.216000080108643,4.331999778747559,4.199999809265137,4.260000228881836,4.091413974761963,291463120
2023-05-05,4.26800012588501,4.4120001792907715,4.228000164031982,4.260000228881836,4.091413974761963,253440932
2023-05-08,4.300000190734863,4.684000015258789,4.251999855041504,4.684000015258789,4.498634338378906,467003772
2023-05-09,4.679999828338623,5.104000091552734,4.631999969482422,4.8480000495910645,4.656144618988037,1163623837
2023-05-10,4.860000133514404,5.251999855041504,4.840000152587891,5.127999782562256,4.925063610076904,1114550377
2023-05-11,5.1519999504089355,5.639999866485596,5.1519999504089355,5.639999866485596,5.416801452636719,1073644465
2023-05-12,5.892000198364258,5.964000225067139,5.5879998207092285,5.5879998207092285,5.366858959197998,1484549980
2023-05-15,5.0320000648498535,5.0320000648498535,5.0320000648498535,5.0320000648498535,4.832862854003906,27934875
2023-05-16,4.5320000648498535,4.631999969482422,4.5320000648498535,4.5320000648498535,4.352650165557861,1327055185
2023-05-17,4.584000110626221,4.627999782562256,4.4039998054504395,4.4720001220703125,4.295024394989014,971622867
2023-05-18,4.47599983215332,4.539999961853027,4.303999900817871,4.311999797821045,4.141355991363525,642681317
2023-05-22,4.3520002365112305,4.363999843597412,4.0879998207092285,4.111999988555908,3.9492709636688232,525456647
2023-05-23,4.131999969482422,4.263999938964844,4.104000091552734,4.1479997634887695,3.9838459491729736,506723912
2023-05-24,4.171999931335449,4.303999900817871,4.079999923706055,4.084000110626221,3.9223792552948,493318627
2023-05-25,4.099999904632568,4.188000202178955,4.067999839782715,4.168000221252441,4.003055095672607,424859900
2023-05-26,4.184000015258789,4.288000106811523,4.119999885559082,4.216000080108643,4.049155235290527,478996340
2023-05-29,4.25600004196167,4.392000198364258,4.084000110626221,4.260000228881836,4.091413974761963,757880570
2023-05-30,4.415999889373779,4.676000118255615,4.4039998054504395,4.639999866485596,4.456375598907471,1263402445
2023-05-31,4.616000175476074,4.691999912261963,4.460000038146973,4.460000038146973,4.283499240875244,791729185
2023-06-01,4.507999897003174,4.644000053405762,4.507999897003174,4.559999942779541,4.379541873931885,472825572
2023-06-02,4.875999927520752,4.960000038146973,4.788000106811523,4.9039998054504395,4.709928035736084,920950067
2023-06-05,5.139999866485596,5.139999866485596,4.920000076293945,5.052000045776367,4.852071285247803,633402042
2023-06-06,5.0279998779296875,5.136000156402588,4.932000160217285,5.099999904632568,4.898171901702881,624193490
2023-06-07,5.199999809265137,5.447999954223633,5.079999923706055,5.311999797821045,5.101781845092773,846149360
2023-06-08,5.303999900817871,5.539999961853027,5.296000003814697,5.435999870300293,5.220874786376953,648658667
2023-06-09,5.480000019073486,5.519999980926514,5.328000068664551,5.380000114440918,5.167091369628906,453523795
2023-06-12,5.4039998054504395,5.455999851226807,5.239999771118164,5.239999771118164,5.0326313972473145,327868312
2023-06-13,5.251999855041504,5.380000114440918,5.127999782562256,5.191999912261963,4.986530780792236,505787847
2023-06-14,5.23199987411499,5.484000205993652,5.184000015258789,5.296000003814697,5.0864152908325195,798713392
2023-06-15,5.380000114440918,5.519999980926514,5.328000068664551,5.519999980926514,5.30155086517334,624905995
2023-06-16,5.52400016784668,5.567999839782715,5.368000030517578,5.368000030517578,5.1555657386779785,526183667
2023-06-19,5.368000030517578,5.383999824523926,5.1519999504089355,5.1519999504089355,4.948113918304443,492284632
2023-06-20,5.1519999504089355,5.355999946594238,5.131999969482422,5.303999900817871,5.0940985679626465,513901867
2023-06-21,5.363999843597412,5.400000095367432,5.179999828338623,5.239999771118164,5.0326313972473145,414534337
2023-06-22,5.251999855041504,5.3520002365112305,5.116000175476074,5.296000003814697,5.0864152908325195,729288507
2023-06-23,5.375999927520752,5.584000110626221,5.368000030517578,5.460000038146973,5.243925094604492,628851842
2023-06-26,5.676000118255615,5.699999809265137,5.607999801635742,5.619999885559082,5.397593021392822,372389665
2023-06-27,5.5960001945495605,5.684000015258789,5.556000232696533,5.624000072479248,5.401434898376465,241478930
2023-07-03,5.699999809265137,5.76800012588501,5.671999931335449,5.699999809265137,5.474427223205566,493189687
2023-07-04,5.736000061035156,5.860000133514404,5.73199987411499,5.75600004196167,5.5282111167907715,807089755
2023-07-05,5.776000022888184,5.783999919891357,5.535999774932861,5.699999809265137,5.474427223205566,490445185
2023-07-06,5.723999977111816,5.763999938964844,5.567999839782715,5.567999839782715,5.34765100479126,488031160
2023-07-07,5.572000026702881,5.659999847412109,5.5320000648498535,5.564000129699707,5.343809604644775,253881952
2023-07-10,5.664000034332275,5.671999931335449,5.579999923706055,5.5960001945495605,5.374543190002441,279426702
2023-07-11,5.71999979019165,5.880000114440918,5.599999904632568,5.808000087738037,5.578153610229492,980379930
2023-07-12,5.800000190734863,6.019999980926514,5.75600004196167,5.8480000495910645,5.616570472717285,1279766400
2023-07-13,5.880000114440918,5.995999813079834,5.8520002365112305,5.9039998054504395,5.670353889465332,1033698385
2023-07-14,5.9720001220703125,6.02400016784668,5.763999938964844,5.796000003814697,5.5666279792785645,548527585
2023-07-17,5.843999862670898,5.927999973297119,5.736000061035156,5.815999984741211,5.585836887359619,502291197
2023-07-18,5.831999778747559,5.9120001792907715,5.519999980926514,5.519999980926514,5.30155086517334,491969297
2023-07-19,5.519999980926514,5.708000183105469,5.480000019073486,5.708000183105469,5.482110977172852,368322967
2023-07-20,5.739999771118164,5.8520002365112305,5.624000072479248,5.78000020980835,5.5512614250183105,522854765
2023-07-21,5.751999855041504,5.820000171661377,5.611999988555908,5.627999782562256,5.405276775360107,275358587
2023-07-24,5.6479997634887695,5.684000015258789,5.5,5.559999942779541,5.339967727661133,251964560
2023-07-25,5.599999904632568,5.76800012588501,5.5879998207092285,5.748000144958496,5.5205278396606445,480968637
2023-07-26,5.71999979019165,5.748000144958496,5.547999858856201,5.604000091552734,5.382226467132568,455105680
2023-07-27,5.664000034332275,5.760000228881836,5.616000175476074,5.748000144958496,5.5205278396606445,625181255
2023-07-28,5.940000057220459,6.124000072479248,5.9120001792907715,6.019999980926514,5.781763553619385,870839630
2023-07-31,6.052000045776367,6.127999782562256,5.992000102996826,6.044000148773193,5.804813861846924,731486960
2023-08-01,6.02400016784668,6.260000228881836,5.943999767303467,6.119999885559082,5.877805709838867,940767747
2023-08-02,6.119999885559082,6.368000030517578,6.052000045776367,6.300000190734863,6.050682544708252,771960955
2023-08-03,6.328000068664551,6.363999843597412,6.131999969482422,6.144000053405762,5.9008564949035645,534520440
2023-08-04,6.168000221252441,6.432000160217285,6.136000156402588,6.423999786376953,6.169775485992432,696972185
2023-08-07,6.4720001220703125,6.484000205993652,6.3520002365112305,6.4679999351501465,6.212034225463867,444255360
2023-08-08,6.579999923706055,6.679999828338623,6.383999824523926,6.492000102996826,6.235084533691406,751179920
2023-08-09,6.515999794006348,7.136000156402588,6.492000102996826,7.052000045776367,6.772922992706299,1128832702
2023-08-10,7.0920000076293945,7.5279998779296875,6.831999778747559,6.9079999923706055,6.634621620178223,1728232820
2023-08-11,6.9039998054504395,7.02400016784668,6.688000202178955,6.920000076293945,6.646146774291992,955551822
2023-08-14,6.952000141143799,7.116000175476074,6.776000022888184,6.803999900817871,6.534737586975098,722683612
2023-08-15,6.823999881744385,7.044000148773193,6.636000156402588,6.955999851226807,6.680722236633301,703389055
2023-08-16,6.900000095367432,6.952000141143799,6.791999816894531,6.820000171661377,6.550104141235352,496560875
2023-08-17,6.828000068664551,6.964000225067139,6.811999797821045,6.883999824523926,6.611571311950684,523104037
2023-08-18,6.900000095367432,6.935999870300293,6.556000232696533,6.644000053405762,6.381069183349609,462424972
2023-08-21,6.388000011444092,6.840000152587891,6.323999881744385,6.711999893188477,6.446378231048584,583688477
2023-08-22,6.74399995803833,6.76800012588501,6.447999954223633,6.52400016784668,6.2658185958862305,393609082
2023-08-23,6.535999774932861,6.888000011444092,6.455999851226807,6.716000080108643,6.450220108032227,650187587
2023-08-24,6.831999778747559,7.375999927520752,6.791999816894531,7.199999809265137,6.915066242218018,2111845680
2023-08-25,7.239999771118164,7.599999904632568,7.004000186920166,7.4720001220703125,7.176301956176758,969140967
2023-08-28,7.880000114440918,8.215999603271484,7.840000152587891,8.168000221252441,7.8447585105896,1348277765
2023-08-29,8.095999717712402,8.968000411987305,8.031999588012695,8.86400032043457,8.513215065002441,1735011450
2023-08-31,8.991999626159668,9.343999862670898,8.423999786376953,8.423999786376953,8.09062671661377,906512365
2023-09-01,8.48799991607666,8.807999610900879,8.407999992370605,8.543999671936035,8.205878257751465,782515790
2023-09-04,8.663999557495117,9.168000221252441,8.46399974822998,8.944000244140625,8.590048789978027,954444117
2023-09-05,8.935999870300293,9.552000045776367,8.880000114440918,9.432000160217285,9.058736801147461,953692570
2023-09-06,9.607999801635742,10.031999588012695,9.383999824523926,9.824000358581543,9.435224533081055,830368820
2023-09-07,9.887999534606934,10.119999885559082,9.552000045776367,9.824000358581543,9.435224533081055,792970915
2023-09-08,9.84000015258789,10.0,9.704000473022461,9.880000114440918,9.489006996154785,551120232
2023-09-11,9.920000076293945,9.928000450134277,9.104000091552734,9.119999885559082,8.75908374786377,624187797
2023-09-12,9.152000427246094,9.272000312805176,8.847999572753906,8.887999534606934,8.536264419555664,615568742
2023-09-13,8.904000282287598,9.055999755859375,8.567999839782715,8.616000175476074,8.275029182434082,529256617
2023-09-14,8.576000213623047,8.831999778747559,8.288000106811523,8.64799976348877,8.30576229095459,715245040
2023-09-15,8.680000305175781,8.97599983215332,8.53600025177002,8.631999969482422,8.290395736694336,576453312
2023-09-18,8.607999801635742,8.928000450134277,8.51200008392334,8.727999687194824,8.382596015930176,543863460
2023-09-19,8.784000396728516,8.928000450134277,8.656000137329102,8.807999610900879,8.459429740905762,398669260
2023-09-20,8.880000114440918,9.215999603271484,8.800000190734863,9.0,8.643832206726074,614430752
2023-09-21,9.015999794006348,9.303999900817871,8.84000015258789,9.255999565124512,8.889701843261719,756404007
2023-09-22,9.272000312805176,10.112000465393066,9.192000389099121,9.960000038146973,9.565840721130371,920042630
2023-09-25,10.015999794006348,10.215999603271484,9.935999870300293,10.064000129699707,9.665725708007812,579824837
2023-09-26,10.095999717712402,10.583999633789062,9.880000114440918,9.895999908447266,9.504374504089355,656598557
2023-09-27,9.920000076293945,10.399999618530273,9.895999908447266,10.199999809265137,9.796343803405762,601625852
2023-09-28,10.279999732971191,10.472000122070312,10.095999717712402,10.168000221252441,9.765609741210938,467349275
2023-09-29,10.288000106811523,10.607999801635742,10.239999771118164,10.295999526977539,9.888544082641602,518156930
2023-10-02,10.359999656677246,10.552000045776367,10.263999938964844,10.37600040435791,9.965378761291504,380101587
2023-10-03,10.423999786376953,10.48799991607666,9.97599983215332,10.04800033569336,9.650359153747559,317425545
2023-10-04,10.064000129699707,10.248000144958496,9.855999946594238,9.904000282287598,9.51205825805664,385044212
2023-10-05,10.008000373840332,10.32800006866455,9.64799976348877,10.239999771118164,9.834759712219238,412625412
2023-10-06,10.15999984741211,10.32800006866455,9.911999702453613,9.960000038146973,9.565840721130371,315867295
2023-10-09,9.680000305175781,10.02400016784668,9.64799976348877,9.656000137329102,9.273871421813965,330207382
2023-10-10,9.86400032043457,10.0,9.760000228881836,9.928000450134277,9.53510856628418,248326887
2023-10-11,10.51200008392334,10.520000457763672,10.055999755859375,10.13599967956543,9.734875679016113,444615442
2023-10-12,10.263999938964844,10.319999694824219,9.663999557495117,9.847999572753906,9.458272933959961,348798482
2023-10-13,9.767999649047852,9.815999984741211,9.46399974822998,9.600000381469727,9.220088005065918,204692360
2023-10-16,9.760000228881836,9.760000228881836,9.343999862670898,9.343999862670898,8.97421932220459,219067187
2023-10-17,9.359999656677246,9.552000045776367,9.303999900817871,9.527999877929688,9.1509370803833,197668517
2023-10-18,9.359999656677246,9.423999786376953,9.0,9.128000259399414,8.766767501831055,232339717
2023-10-19,9.13599967956543,9.447999954223633,9.039999961853027,9.192000389099121,8.828234672546387,241684975
2023-10-20,9.055999755859375,9.13599967956543,8.607999801635742,8.640000343322754,8.298079490661621,215111110
2023-10-23,8.800000190734863,8.904000282287598,8.600000381469727,8.84000015258789,8.490164756774902,285373370
2023-10-24,8.871999740600586,9.67199993133545,8.86400032043457,9.600000381469727,9.220088005065918,431170190
2023-10-25,9.631999969482422,9.640000343322754,8.84000015258789,8.84000015258789,8.490164756774902,288933407
2023-10-26,8.95199966430664,9.104000091552734,8.583999633789062,8.920000076293945,8.566998481750488,697168727
2023-10-27,9.008000373840332,9.095999717712402,8.687999725341797,8.920000076293945,8.566998481750488,385601487
2023-10-30,8.831999778747559,8.871999740600586,8.640000343322754,8.680000305175781,8.33649730682373,296194652
2023-10-31,8.760000228881836,8.807999610900879,8.359999656677246,8.392000198364258,8.059893608093262,282526707
2023-11-01,8.472000122070312,8.496000289916992,7.947999954223633,8.263999938964844,7.936959266662598,327061660
2023-11-02,8.279999732971191,8.416000366210938,8.192000389099121,8.288000106811523,7.960009574890137,291749372
2023-11-03,8.303999900817871,8.416000366210938,8.215999603271484,8.383999824523926,8.052209854125977,263040702
2023-11-06,8.527999877929688,8.847999572753906,8.527999877929688,8.800000190734863,8.451746940612793,256546875
2023-11-07,8.727999687194824,8.86400032043457,8.53600025177002,8.640000343322754,8.298079490661621,333501105
2023-11-08,8.680000305175781,8.727999687194824,8.263999938964844,8.295999526977539,7.967691898345947,432672845
2023-11-09,8.223999977111816,8.343999862670898,8.0,8.02400016784668,7.706457138061523,503722977
2023-11-10,8.039999961853027,8.13599967956543,7.9679999351501465,8.031999588012695,7.714139938354492,315780715
2023-11-13,8.039999961853027,8.208000183105469,7.920000076293945,7.920000076293945,7.60657262802124,500811002
2023-11-14,7.952000141143799,8.04800033569336,7.796000003814697,8.031999588012695,7.714139938354492,439711530
2023-11-15,8.071999549865723,8.168000221252441,7.960000038146973,8.04800033569336,7.7295074462890625,309994155
2023-11-16,8.055999755859375,8.312000274658203,8.055999755859375,8.239999771118164,7.9139084815979,312724215
2023-11-17,8.208000183105469,8.263999938964844,8.175999641418457,8.215999603271484,7.890858173370361,222252252
2023-11-20,8.303999900817871,8.423999786376953,8.272000312805176,8.32800006866455,7.998426914215088,296031440
2023-11-21,8.392000198364258,8.520000457763672,8.263999938964844,8.520000457763672,8.182827949523926,294161405
2023-11-22,8.520000457763672,8.583999633789062,8.447999954223633,8.479999542236328,8.144411087036133,280835635
2023-11-23,8.472000122070312,8.744000434875488,8.423999786376953,8.456000328063965,8.121360778808594,723380500
2023-11-24,8.472000122070312,8.607999801635742,8.32800006866455,8.503999710083008,8.167461395263672,425303742
2023-11-27,8.791999816894531,9.071999549865723,8.663999557495117,8.991999626159668,8.636148452758789,817746702
2023-11-28,8.95199966430664,9.031999588012695,8.807999610900879,8.86400032043457,8.513215065002441,456072487
2023-11-29,8.880000114440918,8.911999702453613,8.711999893188477,8.776000022888184,8.42869758605957,336486840
2023-11-30,8.776000022888184,8.991999626159668,8.576000213623047,8.576000213623047,8.236612319946289,428759415
2023-12-01,8.84000015258789,8.960000038146973,8.736000061035156,8.824000358581543,8.474798202514648,421436975
2023-12-04,8.855999946594238,9.095999717712402,8.736000061035156,9.071999549865723,8.712983131408691,445754717
2023-12-05,9.071999549865723,9.128000259399414,8.960000038146973,8.960000038146973,8.605415344238281,331764582
2023-12-06,8.960000038146973,9.288000106811523,8.960000038146973,9.064000129699707,8.705300331115723,682257977
2023-12-07,9.055999755859375,9.079999923706055,8.751999855041504,8.97599983215332,8.620782852172852,341270587
2023-12-08,9.02400016784668,9.095999717712402,8.855999946594238,8.904000282287598,8.551631927490234,333259895
2023-12-11,8.904000282287598,8.97599983215332,8.760000228881836,8.776000022888184,8.42869758605957,336625277
2023-12-12,8.784000396728516,9.079999923706055,8.760000228881836,8.968000411987305,8.613100051879883,616857052
2023-12-13,8.944000244140625,9.223999977111816,8.911999702453613,8.928000450134277,8.574682235717773,553054167
2023-12-14,9.104000091552734,9.616000175476074,9.04800033569336,9.607999801635742,9.227771759033203,601545072
2023-12-15,9.607999801635742,10.088000297546387,9.543999671936035,9.751999855041504,9.366072654724121,649904377
2023-12-18,9.935999870300293,10.255999565124512,9.744000434875488,9.86400032043457,9.473640441894531,721619977
2023-12-19,9.86400032043457,9.920000076293945,9.46399974822998,9.527999877929688,9.1509370803833,474981700
2023-12-20,9.53600025177002,9.64799976348877,9.456000328063965,9.631999969482422,9.250822067260742,402124800
2023-12-21,9.663999557495117,9.847999572753906,9.583999633789062,9.607999801635742,9.227771759033203,472069520
2023-12-22,9.631999969482422,9.807999610900879,9.456000328063965,9.51200008392334,9.135570526123047,402620385
2023-12-25,9.46399974822998,9.46399974822998,8.904000282287598,9.04800033569336,8.689933776855469,225354187
2023-12-26,9.128000259399414,9.128000259399414,8.760000228881836,8.920000076293945,8.566998481750488,331725907
2023-12-27,8.904000282287598,9.079999923706055,8.631999969482422,8.935999870300293,8.582365036010742,356752955
2023-12-28,8.960000038146973,9.223999977111816,8.960000038146973,9.039999961853027,8.682250022888184,266284635
2023-12-29,9.079999923706055,9.416000366210938,9.064000129699707,9.343999862670898,8.97421932220459,308932912
2024-01-02,9.527999877929688,9.567999839782715,9.255999565124512,9.37600040435791,9.004952430725098,272335322
2024-01-03,9.336000442504883,9.392000198364258,8.97599983215332,8.97599983215332,8.620782852172852,306412422
2024-01-04,8.991999626159668,9.184000015258789,8.880000114440918,9.184000015258789,8.820550918579102,436700690
2024-01-05,9.184000015258789,9.295999526977539,9.104000091552734,9.272000312805176,8.905068397521973,379446272
2024-01-08,9.399999618530273,10.152000427246094,9.399999618530273,10.119999885559082,9.719510078430176,754291582
2024-01-09,10.232000350952148,10.383999824523926,9.887999534606934,10.055999755859375,9.658041954040527,783092900
2024-01-10,10.04800033569336,10.32800006866455,9.960000038146973,10.279999732971191,9.873177528381348,504477867
2024-01-11,10.343999862670898,10.392000198364258,10.13599967956543,10.288000106811523,9.880861282348633,603619352
2024-01-12,10.199999809265137,10.744000434875488,9.935999870300293,10.383999824523926,9.973061561584473,969731015
2024-01-15,10.295999526977539,10.383999824523926,10.071999549865723,10.079999923706055,9.681092262268066,463123247
2024-01-16,10.184000015258789,10.312000274658203,10.039999961853027,10.079999923706055,9.681092262268066,443465350
2024-01-17,10.015999794006348,10.456000328063965,9.984000205993652,10.272000312805176,9.865494728088379,538803345
2024-01-18,10.456000328063965,10.727999687194824,10.32800006866455,10.343999862670898,9.93464469909668,557769772
2024-01-19,10.407999992370605,10.456000328063965,10.104000091552734,10.175999641418457,9.773292541503906,401104015
2024-01-22,10.119999885559082,10.168000221252441,9.984000205993652,10.008000373840332,9.611942291259766,256910035
2024-01-23,10.152000427246094,10.184000015258789,9.496000289916992,9.552000045776367,9.173988342285156,411233250
2024-01-24,9.576000213623047,10.128000259399414,9.567999839782715,9.95199966430664,9.558156967163086,482165175
2024-01-25,10.008000373840332,10.144000053405762,9.855999946594238,9.911999702453613,9.51974105834961,309068207
2024-01-26,9.944000244140625,10.168000221252441,9.911999702453613,10.119999885559082,9.719510078430176,378290415
2024-01-29,10.168000221252441,10.192000389099121,9.968000411987305,10.039999961853027,9.642675399780273,240750350
2024-01-30,10.15999984741211,10.35200023651123,9.991999626159668,10.248000144958496,9.842443466186523,441803595
2024-01-31,10.248000144958496,10.336000442504883,10.04800033569336,10.255999565124512,9.850127220153809,396496130
2024-02-01,10.248000144958496,10.432000160217285,10.232000350952148,10.343999862670898,9.93464469909668,326239752
2024-02-02,10.383999824523926,10.51200008392334,10.184000015258789,10.223999977111816,9.819393157958984,310597367
2024-02-05,10.423999786376953,10.520000457763672,10.248000144958496,10.343999862670898,9.93464469909668,349213030
2024-02-06,10.359999656677246,10.447999954223633,10.255999565124512,10.447999954223633,10.034528732299805,290812280
2024-02-07,10.479999542236328,10.631999969482422,10.248000144958496,10.295999526977539,9.888544082641602,351994927
2024-02-08,10.295999526977539,10.416000366210938,10.255999565124512,10.263999938964844,9.857810974121094,289236597
2024-02-09,10.295999526977539,10.392000198364258,10.15999984741211,10.32800006866455,9.919278144836426,347111112
2024-02-12,10.392000198364258,10.935999870300293,10.359999656677246,10.935999870300293,10.503216743469238,557042542
2024-02-13,10.944000244140625,11.119999885559082,10.767999649047852,10.86400032043457,10.434066772460938,695921227
2024-02-14,10.807999610900879,11.168000221252441,10.520000457763672,11.128000259399414,10.68761920928955,772230552
2024-02-15,11.079999923706055,11.343999862670898,11.04800033569336,11.079999923706055,10.641517639160156,750794332
2024-02-16,11.088000297546387,11.208000183105469,10.968000411987305,11.13599967956543,10.69530200958252,576357685
2024-02-19,11.168000221252441,11.53600025177002,10.895999908447266,10.95199966430664,10.518583297729492,664155527
2024-02-20,11.0,11.432000160217285,10.880000114440918,11.368000030517578,10.918120384216309,609227777
2024-02-21,11.383999824523926,11.607999801635742,11.272000312805176,11.456000328063965,11.00263786315918,574467995
2024-02-22,11.48799991607666,11.616000175476074,11.255999565124512,11.5600004196167,11.102522850036621,690729757
2024-02-23,11.399999618530273,11.5600004196167,11.255999565124512,11.496000289916992,11.041055679321289,560479987
2024-02-26,11.503999710083008,11.600000381469727,11.215999603271484,11.46399974822998,11.010321617126465,557389807
2024-02-27,11.430000305175781,11.529999732971191,11.170000076293945,11.170000076293945,10.727956771850586,219423744
2024-02-28,11.180000305175781,11.25,10.890000343322754,10.960000038146973,10.526267051696777,249553180
2024-02-29,10.960000038146973,11.180000305175781,10.899999618530273,11.100000381469727,10.660727500915527,271880255
2024-03-01,11.119999885559082,11.170000076293945,10.680000305175781,10.710000038146973,10.286160469055176,183737491
2024-03-04,10.770000457763672,10.869999885559082,10.319999694824219,10.319999694824219,9.911593437194824,215421371
2024-03-05,10.34000015258789,10.40999984741211,10.100000381469727,10.100000381469727,9.700301170349121,267111382
2024-03-06,9.979999542236328,10.15999984741211,9.800000190734863,9.819999694824219,9.431381225585938,239883590
2024-03-07,9.880000114440918,10.390000343322754,9.880000114440918,10.369999885559082,9.959615707397461,285088881
2024-03-08,10.380000114440918,10.930000305175781,10.319999694824219,10.859999656677246,10.430224418640137,384571153
2024-03-11,11.279999732971191,11.300000190734863,10.760000228881836,10.760000228881836,10.334182739257812,405220478
2024-03-12,10.760000228881836,11.270000457763672,10.6899995803833,11.069999694824219,10.631913185119629,400808295
2024-03-13,11.069999694824219,11.180000305175781,10.510000228881836,10.600000381469727,10.180513381958008,404178240
2024-03-14,10.640000343322754,10.699999809265137,10.359999656677246,10.390000343322754,9.978824615478516,232842281
2024-03-15,10.399999618530273,10.5,10.210000038146973,10.239999771118164,9.834759712219238,175028748
2024-03-18,10.270000457763672,10.520000457763672,10.220000267028809,10.329999923706055,9.921198844909668,197664201
2024-03-19,10.329999923706055,10.8100004196167,10.289999961853027,10.770000457763672,10.34378719329834,288751470
2024-03-20,10.760000228881836,11.020000457763672,10.640000343322754,10.729999542236328,10.305368423461914,349626231
2024-03-21,10.899999618530273,11.390000343322754,10.829999923706055,11.149999618530273,10.708746910095215,607049540
2024-03-22,11.149999618530273,11.390000343322754,10.9399995803833,11.020000457763672,10.583893775939941,415249294
2024-03-25,11.039999961853027,11.890000343322754,10.970000267028809,11.40999984741211,10.958457946777344,778743938
2024-03-26,11.4399995803833,11.579999923706055,11.069999694824219,11.119999885559082,10.679935455322266,400829762
2024-03-27,11.1899995803833,11.300000190734863,10.739999771118164,10.84000015258789,10.411016464233398,351575716
2024-03-28,10.920000076293945,11.350000381469727,10.920000076293945,11.229999542236328,10.785581588745117,439909309
2024-03-29,11.239999771118164,11.550000190734863,11.239999771118164,11.390000343322754,10.939250946044922,370147456
2024-04-01,11.779999732971191,11.819999694824219,11.079999923706055,11.510000228881836,11.342350006103516,619625651
2024-04-02,11.510000228881836,11.880000114440918,11.359999656677246,11.430000305175781,11.26351547241211,636129235
2024-04-03,11.470000267028809,11.770000457763672,11.239999771118164,11.640000343322754,11.470457077026367,511914011
2024-04-04,11.6899995803833,12.5600004196167,11.619999885559082,12.5,12.317930221557617,779304289
2024-04-05,12.579999923706055,13.199999809265137,12.40999984741211,12.760000228881836,12.574143409729004,801959479
2024-04-08,12.819999694824219,13.0600004196167,12.779999732971191,12.819999694824219,12.633269309997559,409378459
2024-04-15,12.710000038146973,13.119999885559082,12.680000305175781,12.710000038146973,12.524871826171875,418491314
2024-04-16,12.760000228881836,12.899999618530273,12.15999984741211,12.15999984741211,11.982882499694824,357774015
2024-04-17,12.3100004196167,12.510000228881836,12.220000267028809,12.260000228881836,12.081425666809082,398043896
2024-04-18,12.350000381469727,12.460000038146973,12.15999984741211,12.270000457763672,12.091280937194824,294173782
2024-04-19,12.140000343322754,12.930000305175781,12.100000381469727,12.859999656677246,12.672686576843262,509899877
2024-04-22,13.029999732971191,13.0600004196167,12.380000114440918,12.520000457763672,12.337638854980469,333826829
2024-04-24,12.65999984741211,13.069999694824219,12.640000343322754,12.979999542236328,12.790938377380371,491299573
2024-04-25,13.010000228881836,13.0600004196167,12.640000343322754,12.699999809265137,12.515016555786133,358834175
2024-04-26,12.770000457763672,13.529999732971191,12.770000457763672,13.289999961853027,13.096423149108887,547311613
2024-04-29,13.350000381469727,13.619999885559082,13.34000015258789,13.529999732971191,13.332927703857422,318678888
2024-04-30,13.520000457763672,13.970000267028809,13.479999542236328,13.710000038146973,13.510305404663086,449501940
2024-05-02,13.760000228881836,13.880000114440918,13.40999984741211,13.640000343322754,13.441326141357422,282121012
2024-05-03,13.720000267028809,13.899999618530273,13.680000305175781,13.729999542236328,13.530014038085938,330070680
2024-05-06,13.729999542236328,13.859999656677246,13.529999732971191,13.579999923706055,13.38219928741455,393421770
2024-05-07,13.619999885559082,14.079999923706055,13.369999885559082,13.869999885559082,13.667975425720215,581950785
2024-05-08,13.920000076293945,13.9399995803833,13.550000190734863,13.550000190734863,13.352636337280273,313394787
2024-05-09,13.640000343322754,13.770000457763672,13.59000015258789,13.6899995803833,13.490596771240234,290870950
2024-05-10,13.720000267028809,13.9399995803833,13.510000228881836,13.510000228881836,13.31321907043457,360654903
2024-05-13,13.529999732971191,13.649999618530273,13.319999694824219,13.390000343322754,13.194967269897461,355402639
2024-05-14,13.600000381469727,13.720000267028809,13.390000343322754,13.569999694824219,13.372344970703125,483829256
2024-05-15,13.5600004196167,13.9399995803833,13.40999984741211,13.800000190734863,13.598995208740234,351883301
2024-05-16,13.800000190734863,14.3100004196167,13.739999771118164,14.3100004196167,14.101567268371582,550362976
2024-05-17,14.3100004196167,14.90999984741211,14.220000267028809,14.800000190734863,14.584429740905762,507481907
2024-05-20,14.800000190734863,15.25,14.760000228881836,15.09000015258789,14.870205879211426,437252438
2024-05-21,15.130000114440918,16.510000228881836,15.130000114440918,16.100000381469727,15.865494728088379,82371662
2024-05-22,16.100000381469727,16.209999084472656,15.460000038146973,15.760000228881836,15.530447006225586,501849406
2024-05-23,15.770000457763672,15.960000038146973,15.329999923706055,15.369999885559082,15.146126747131348,376349225
2024-05-24,15.40999984741211,15.630000114440918,15.369999885559082,15.4399995803833,15.215106964111328,261181931
2024-05-27,15.5,15.859999656677246,15.369999885559082,15.670000076293945,15.441757202148438,283888634
2024-05-28,15.75,15.960000038146973,15.59000015258789,15.84000015258789,15.609281539916992,290498363
2024-05-29,15.890000343322754,15.960000038146973,15.520000457763672,15.520000457763672,15.29394245147705,274152555
2024-05-30,15.710000038146973,16.059999465942383,15.710000038146973,15.880000114440918,15.648698806762695,411146543
2024-05-31,15.90999984741211,16.549999237060547,15.859999656677246,16.110000610351562,15.875349044799805,575636193
2024-06-03,16.239999771118164,16.510000228881836,15.6899995803833,16.5,16.259668350219727,506052277
2024-06-04,16.5,16.65999984741211,15.90999984741211,16.010000228881836,15.77680492401123,395952719
2024-06-05,16.110000610351562,16.40999984741211,15.84000015258789,16.040000915527344,15.806368827819824,409161993
2024-06-06,16.139999389648438,16.3700008392334,16.020000457763672,16.079999923706055,15.845785140991211,224376486
2024-06-07,16.1299991607666,16.149999618530273,15.359999656677246,15.510000228881836,15.284088134765625,229837673
2024-06-10,15.510000228881836,15.569999694824219,15.039999961853027,15.289999961853027,15.067292213439941,234604187
2024-06-11,15.239999771118164,15.979999542236328,15.210000038146973,15.789999961853027,15.560009002685547,343114669
2024-06-12,15.779999732971191,16.15999984741211,15.6899995803833,16.040000915527344,15.806368827819824,248045803
2024-06-13,16.25,16.600000381469727,16.25,16.309999465942383,16.07243537902832,222790874
2024-06-14,16.600000381469727,16.770000457763672,16.100000381469727,16.18000030517578,15.944329261779785,289035991
2024-06-20,16.479999542236328,16.709999084472656,16.25,16.709999084472656,16.46660804748535,315373205
2024-06-21,16.700000762939453,16.950000762939453,16.6299991607666,16.729999542236328,16.486316680908203,360604114
2024-06-24,16.780000686645508,16.979999542236328,16.510000228881836,16.75,16.506027221679688,315462175
2024-06-25,16.770000457763672,16.84000015258789,16.260000228881836,16.260000228881836,16.023162841796875,328794176
2024-06-26,16.270000457763672,16.34000015258789,15.84000015258789,15.859999656677246,15.628989219665527,290946916
2024-06-27,15.970000267028809,16.40999984741211,15.880000114440918,16.399999618530273,16.161123275756836,293086115
2024-06-28,16.469999313354492,16.6299991607666,15.75,15.850000381469727,15.619135856628418,377521599
2024-07-01,15.989999771118164,16.059999465942383,15.119999885559082,15.279999732971191,15.057437896728516,277270388
2024-07-02,15.300000190734863,15.729999542236328,15.130000114440918,15.729999542236328,15.500883102416992,283744946
2024-07-03,15.850000381469727,16.469999313354492,15.770000457763672,16.420000076293945,16.18083381652832,342174379
2024-07-04,16.399999618530273,16.59000015258789,16.149999618530273,16.420000076293945,16.18083381652832,314493353
2024-07-05,16.299999237060547,16.479999542236328,15.970000267028809,16.200000762939453,15.964037895202637,282175990
2024-07-08,16.25,16.479999542236328,16.229999542236328,16.34000015258789,16.101999282836914,311758828
2024-07-09,16.3700008392334,16.399999618530273,15.890000343322754,16.1200008392334,15.88520336151123,282430235
2024-07-10,16.149999618530273,16.149999618530273,15.720000267028809,15.8100004196167,15.579718589782715,212709220
2024-07-11,15.970000267028809,16.489999771118164,15.970000267028809,16.489999771118164,16.249813079833984,348354732
2024-07-12,16.389999389648438,17.149999618530273,16.350000381469727,17.100000381469727,16.850929260253906,454524471
2024-07-16,17.200000762939453,17.739999771118164,17.100000381469727,17.6200008392334,17.36335563659668,341786644
2024-07-17,17.610000610351562,17.65999984741211,17.239999771118164,17.43000030517578,17.176122665405273,230729389
2024-07-18,17.600000381469727,17.770000457763672,17.229999542236328,17.31999969482422,17.067724227905273,280820304
2024-07-19,17.280000686645508,17.700000762939453,17.200000762939453,17.56999969482422,17.314083099365234,297066889
2024-07-22,17.0,17.110000610351562,16.790000915527344,16.829999923706055,16.584861755371094,343098791
2024-07-23,16.8700008392334,16.899999618530273,16.149999618530273,16.200000762939453,15.964037895202637,329160057
2024-07-24,16.209999084472656,16.280000686645508,15.899999618530273,16.06999969482422,15.835930824279785,286905602
2024-07-25,16.030000686645508,16.110000610351562,15.600000381469727,15.630000114440918,15.402339935302734,207259054
2024-07-26,15.670000076293945,15.829999923706055,15.460000038146973,15.5,15.2742338180542,272273718
2024-07-29,15.289999961853027,15.619999885559082,15.220000267028809,15.229999542236328,15.00816535949707,230935346
2024-07-30,15.319999694824219,15.460000038146973,14.75,14.90999984741211,14.692827224731445,261630927
2024-07-31,14.8100004196167,15.09000015258789,14.789999961853027,15.0,14.781516075134277,308008197
2024-08-01,15.199999809265137,15.609999656677246,15.1899995803833,15.539999961853027,15.313651084899902,310595238
2024-08-02,15.199999809265137,15.350000381469727,14.819999694824219,14.859999656677246,14.6435546875,198954105
2024-08-05,13.390000343322754,14.420000076293945,13.390000343322754,13.899999618530273,13.697538375854492,458205833
2024-08-06,14.300000190734863,14.34000015258789,13.59000015258789,13.59000015258789,13.392053604125977,365200809
2024-08-07,13.729999542236328,13.949999809265137,13.550000190734863,13.65999984741211,13.461033821105957,273000230
2024-08-08,13.789999961853027,13.949999809265137,13.5600004196167,13.619999885559082,13.421616554260254,318553653
2024-08-09,13.710000038146973,13.819999694824219,12.970000267028809,13.010000228881836,12.820502281188965,398023410
2024-08-12,13.130000114440918,13.270000457763672,13.0,13.079999923706055,12.889482498168945,319176530
2024-08-13,13.079999923706055,13.300000190734863,12.869999885559082,13.300000190734863,13.106277465820312,351755771
2024-08-14,13.359999656677246,13.399999618530273,13.020000457763672,13.039999961853027,12.850064277648926,319849204
2024-08-15,13.109999656677246,13.359999656677246,13.029999732971191,13.300000190734863,13.106277465820312,307102998
2024-08-16,13.34000015258789,13.380000114440918,13.020000457763672,13.020000457763672,12.83035659790039,284654259
2024-08-19,13.050000190734863,13.520000457763672,13.039999961853027,13.510000228881836,13.31321907043457,394593710
2024-08-20,13.4399995803833,13.649999618530273,13.329999923706055,13.5600004196167,13.3624906539917,316109080
2024-08-21,13.529999732971191,13.6899995803833,13.3100004196167,13.34000015258789,13.145695686340332,327642181
2024-08-22,13.479999542236328,13.609999656677246,13.350000381469727,13.489999771118164,13.293510437011719,347465144
2024-08-23,13.479999542236328,13.579999923706055,13.050000190734863,13.119999885559082,12.928899765014648,254857951
2024-08-26,13.260000228881836,13.460000038146973,12.930000305175781,13.109999656677246,12.919044494628906,379901395
2024-08-27,13.149999618530273,13.300000190734863,13.050000190734863,13.260000228881836,13.06686019897461,375915025
2024-08-28,13.25,13.329999923706055,13.09000015258789,13.140000343322754,12.9486083984375,248378394
2024-08-29,13.149999618530273,13.34000015258789,13.039999961853027,13.220000267028809,13.027442932128906,294500656
2024-09-02,13.279999732971191,13.819999694824219,13.239999771118164,13.729999542236328,13.530014038085938,375981740
2024-09-03,13.75,13.8100004196167,13.539999961853027,13.670000076293945,13.470888137817383,401215976
2024-09-04,13.569999694824219,13.770000457763672,13.5600004196167,13.699999809265137,13.50045108795166,364251209
2024-09-05,13.8100004196167,13.829999923706055,13.5600004196167,13.59000015258789,13.392053604125977,361772306
2024-09-06,13.59000015258789,13.720000267028809,13.279999732971191,13.319999694824219,13.125986099243164,314044892
2024-09-09,13.270000457763672,13.329999923706055,12.920000076293945,12.949999809265137,12.761375427246094,328142906
2024-09-10,13.010000228881836,13.050000190734863,12.65999984741211,12.720000267028809,12.5347261428833,304282957
2024-09-11,12.720000267028809,12.930000305175781,12.479999542236328,12.479999542236328,12.29822063446045,381836279
2024-09-12,12.670000076293945,12.84000015258789,12.329999923706055,12.84000015258789,12.65297794342041,403461305
2024-09-13,12.84000015258789,12.899999618530273,12.579999923706055,12.859999656677246,12.672686576843262,361362428
2024-09-16,12.859999656677246,12.880000114440918,12.649999618530273,12.699999809265137,12.515016555786133,235629539
2024-09-17,12.739999771118164,13.020000457763672,12.739999771118164,12.9399995803833,12.751521110534668,259344975
2024-09-18,12.949999809265137,13.15999984741211,12.930000305175781,13.079999923706055,12.889482498168945,293803735
2024-09-19,13.270000457763672,13.520000457763672,13.25,13.369999885559082,13.175257682800293,375394034
2024-09-20,13.369999885559082,13.569999694824219,13.300000190734863,13.40999984741211,13.214674949645996,353486633
2024-09-23,13.529999732971191,13.649999618530273,13.430000305175781,13.550000190734863,13.352636337280273,290469004
2024-09-24,13.600000381469727,14.279999732971191,13.529999732971191,14.100000381469727,13.894625663757324,551690888
2024-09-25,14.119999885559082,14.319999694824219,14.029999732971191,14.149999618530273,13.943896293640137,367002134
2024-09-26,14.25,14.550000190734863,14.069999694824219,14.229999542236328,14.022730827331543,490865537
2024-09-27,14.279999732971191,14.300000190734863,13.949999809265137,14.140000343322754,13.934042930603027,228425363
2024-09-30,14.09000015258789,14.210000038146973,13.880000114440918,14.0600004196167,13.855208396911621,334498278
2024-10-01,14.130000114440918,14.1899995803833,13.300000190734863,13.470000267028809,13.273801803588867,493007485
2024-10-02,13.4399995803833,13.489999771118164,12.65999984741211,12.65999984741211,12.47559928894043,394937215
2024-10-03,12.699999809265137,12.819999694824219,12.069999694824219,12.149999618530273,11.973028182983398,505474325
2024-10-04,12.270000457763672,12.720000267028809,11.960000038146973,12.65999984741211,12.47559928894043,470185706
2024-10-07,12.680000305175781,12.789999961853027,12.34000015258789,12.420000076293945,12.239095687866211,313106068
2024-10-08,12.420000076293945,12.65999984741211,12.270000457763672,12.510000228881836,12.327784538269043,441884373
2024-10-09,12.5,12.630000114440918,12.229999542236328,12.630000114440918,12.446036338806152,333903799
2024-10-10,12.640000343322754,12.850000381469727,12.539999961853027,12.5600004196167,12.377057075500488,341234540
2024-10-11,12.569999694824219,12.869999885559082,12.420000076293945,12.460000038146973,12.278512954711914,450631819
2024-10-14,12.489999771118164,12.609999656677246,12.220000267028809,12.359999656677246,12.17996883392334,427191420
2024-10-15,12.390000343322754,12.5600004196167,12.229999542236328,12.489999771118164,12.308075904846191,543710536
2024-10-16,12.420000076293945,12.5600004196167,12.3100004196167,12.510000228881836,12.327784538269043,350393385
2024-10-17,12.470000267028809,12.5600004196167,12.3100004196167,12.350000381469727,12.17011547088623,397491036
2024-10-18,12.399999618530273,12.489999771118164,11.75,11.760000228881836,11.588708877563477,553331797
2024-10-21,11.770000457763672,11.829999923706055,11.279999732971191,11.279999732971191,11.115699768066406,351611125
2024-10-22,11.319999694824219,11.8100004196167,11.260000228881836,11.609999656677246,11.440893173217773,486937266
2024-10-23,11.600000381469727,11.710000038146973,11.350000381469727,11.579999923706055,11.411330223083496,499969846
2024-10-24,11.710000038146973,11.90999984741211,11.619999885559082,11.699999809265137,11.529582023620605,250541824
2024-10-25,11.670000076293945,11.880000114440918,11.579999923706055,11.829999923706055,11.657689094543457,314393754
2024-10-28,11.829999923706055,11.890000343322754,11.789999961853027,11.789999961853027,11.618271827697754,78170171
2024-10-30,11.829999923706055,12.119999885559082,11.789999961853027,12.050000190734863,11.87448501586914,249974211
2024-10-31,12.039999961853027,12.130000114440918,11.75,11.760000228881836,11.588708877563477,183321387
2024-11-01,11.829999923706055,12.109999656677246,11.770000457763672,11.949999809265137,11.775940895080566,390497401
2024-11-04,11.90999984741211,11.949999809265137,11.289999961853027,11.369999885559082,11.204389572143555,308262538
2024-11-05,11.5,11.510000228881836,10.970000267028809,10.989999771118164,10.829923629760742,395586986
2024-11-06,11.020000457763672,11.239999771118164,10.890000343322754,11.0600004196167,10.898904800415039,552137108
2024-11-07,11.109999656677246,11.350000381469727,11.050000190734863,11.300000190734863,11.135409355163574,408022563
2024-11-08,11.319999694824219,11.960000038146973,11.279999732971191,11.800000190734863,11.62812614440918,582552115
2024-11-11,11.90999984741211,12.149999618530273,11.84000015258789,12.0600004196167,11.884339332580566,564660718
2024-11-12,12.010000228881836,12.260000228881836,11.949999809265137,12.140000343322754,11.963173866271973,469097460
2024-11-13,12.119999885559082,12.800000190734863,11.960000038146973,12.59000015258789,12.40661907196045,673414029
2024-11-14,12.710000038146973,12.760000228881836,12.479999542236328,12.649999618530273,12.465744972229004,418630183
2024-11-15,12.670000076293945,12.9399995803833,12.619999885559082,12.720000267028809,12.5347261428833,465181695
2024-11-18,12.789999961853027,13.09000015258789,12.630000114440918,12.979999542236328,12.790938377380371,424527088
2024-11-19,13.0600004196167,13.109999656677246,12.569999694824219,12.680000305175781,12.495308876037598,405896206
2024-11-20,12.760000228881836,12.9399995803833,12.449999809265137,12.470000267028809,12.28836727142334,371173370
2024-11-21,12.579999923706055,13.260000228881836,12.5600004196167,13.199999809265137,13.007734298706055,650967989
2024-11-22,13.180000305175781,13.710000038146973,13.09000015258789,13.600000381469727,13.401907920837402,788398184
2024-11-25,13.779999732971191,13.869999885559082,13.479999542236328,13.5,13.303364753723145,470807450
2024-11-26,13.529999732971191,13.640000343322754,13.430000305175781,13.619999885559082,13.421616554260254,293699854
2024-11-27,13.760000228881836,13.850000381469727,13.449999809265137,13.449999809265137,13.2540922164917,483411668
2024-11-28,13.460000038146973,13.649999618530273,13.4399995803833,13.520000457763672,13.323073387145996,344359574
2024-11-29,13.550000190734863,13.710000038146973,13.460000038146973,13.630000114440918,13.43147087097168,485044764
2024-12-02,13.510000228881836,13.720000267028809,13.390000343322754,13.65999984741211,13.461033821105957,335424127
2024-12-03,13.729999542236328,14.220000267028809,13.579999923706055,13.869999885559082,13.667975425720215,681747910
2024-12-04,13.90999984741211,13.979999542236328,13.75,13.890000343322754,13.687684059143066,309773815
2024-12-05,13.9399995803833,14.039999961853027,13.859999656677246,13.949999809265137,13.746809959411621,288518344
2024-12-06,14.430000305175781,14.470000267028809,14.170000076293945,14.170000076293945,13.963605880737305,669124511
2024-12-09,14.239999771118164,14.40999984741211,14.100000381469727,14.279999732971191,14.072003364562988,501442040
2024-12-10,14.25,14.3100004196167,13.819999694824219,13.829999923706055,13.628558158874512,386338471
2024-12-11,13.850000381469727,13.920000076293945,13.460000038146973,13.699999809265137,13.50045108795166,401097689
2024-12-12,13.800000190734863,14.0600004196167,13.640000343322754,13.859999656677246,13.658120155334473,408195482
2024-12-13,13.569999694824219,13.640000343322754,13.390000343322754,13.529999732971191,13.332927703857422,983975529
2024-12-16,13.550000190734863,13.619999885559082,13.329999923706055,13.329999923706055,13.13584041595459,415449954
2024-12-17,13.350000381469727,13.520000457763672,13.25,13.399999618530273,13.20482063293457,443124400
2024-12-18,13.420000076293945,13.510000228881836,13.260000228881836,13.260000228881836,13.06686019897461,383607829
2024-12-19,13.119999885559082,13.380000114440918,13.100000381469727,13.140000343322754,12.9486083984375,345489603
2024-12-20,13.229999542236328,13.25,13.020000457763672,13.149999618530273,12.95846176147461,473628664
2024-12-23,13.229999542236328,13.300000190734863,12.829999923706055,12.850000381469727,12.662832260131836,372259088
2024-12-24,12.869999885559082,13.050000190734863,12.84000015258789,13.039999961853027,12.850064277648926,319606271
2024-12-25,13.520000457763672,13.729999542236328,13.399999618530273,13.699999809265137,13.50045108795166,492200272
2024-12-26,13.770000457763672,13.970000267028809,13.550000190734863,13.619999885559082,13.421616554260254,666161520
2024-12-27,13.630000114440918,13.75,13.579999923706055,13.65999984741211,13.461033821105957,315929593
2024-12-30,13.65999984741211,13.739999771118164,13.460000038146973,13.460000038146973,13.263947486877441,250399584
2024-12-31,13.460000038146973,13.710000038146973,13.399999618530273,13.539999961853027,13.342782020568848,353222316
2025-01-02,13.600000381469727,14.069999694824219,13.550000190734863,14.050000190734863,13.845354080200195,683285505
2025-01-03,14.109999656677246,14.210000038146973,13.920000076293945,14.079999923706055,13.874916076660156,585770162
2025-01-06,14.119999885559082,14.270000457763672,14.069999694824219,14.140000343322754,13.934042930603027,533162357
2025-01-07,14.109999656677246,14.149999618530273,13.960000038146973,14.0,13.79608154296875,479306504
2025-01-08,13.970000267028809,14.180000305175781,13.920000076293945,14.0,13.79608154296875,456565996
2025-01-09,14.0600004196167,14.569999694824219,13.960000038146973,14.479999542236328,14.269089698791504,773764969
2025-01-10,14.479999542236328,14.5600004196167,14.069999694824219,14.359999656677246,14.150837898254395,710474498
2025-01-13,14.300000190734863,14.489999771118164,14.020000457763672,14.140000343322754,13.934042930603027,612106218
2025-01-14,14.199999809265137,14.369999885559082,14.020000457763672,14.15999984741211,13.953751564025879,651075669
2025-01-15,14.199999809265137,14.329999923706055,14.09000015258789,14.1899995803833,13.98331356048584,493726716
2025-01-16,14.34000015258789,14.390000343322754,13.819999694824219,14.029999732971191,13.825644493103027,700723255
2025-01-17,14.039999961853027,14.300000190734863,14.010000228881836,14.279999732971191,14.072003364562988,565125744
2025-01-20,14.390000343322754,14.470000267028809,14.140000343322754,14.430000305175781,14.219819068908691,487299835
2025-01-21,14.430000305175781,14.729999542236328,14.430000305175781,14.619999885559082,14.407051086425781,666535450
2025-01-22,14.680000305175781,14.84000015258789,14.609999656677246,14.829999923706055,14.613992691040039,429797730
2025-01-23,14.880000114440918,14.899999618530273,14.510000228881836,14.510000228881836,14.298653602600098,495536670
2025-01-24,14.539999961853027,14.609999656677246,14.359999656677246,14.5,14.288799285888672,345539728
2025-01-27,14.380000114440918,14.430000305175781,14.239999771118164,14.390000343322754,14.180401802062988,360359578
2025-01-28,14.5,14.800000190734863,14.4399995803833,14.789999961853027,14.57457447052002,474813996
2025-01-29,14.789999961853027,14.949999809265137,14.649999618530273,14.65999984741211,14.446468353271484,340459196
2025-01-30,14.710000038146973,14.770000457763672,14.479999542236328,14.520000457763672,14.308507919311523,294235499
2025-01-31,14.529999732971191,14.609999656677246,14.149999618530273,14.15999984741211,13.953751564025879,295074523
2025-02-03,13.970000267028809,14.010000228881836,13.359999656677246,13.649999618530273,13.451179504394531,595773161
2025-02-04,13.699999809265137,14.0600004196167,13.640000343322754,13.890000343322754,13.687684059143066,475904340
2025-02-05,13.890000343322754,14.130000114440918,13.479999542236328,13.739999771118164,13.539868354797363,492717706
2025-02-06,13.84000015258789,13.930000305175781,13.640000343322754,13.930000305175781,13.72710132598877,411773222
2025-02-07,13.899999618530273,13.949999809265137,13.609999656677246,13.829999923706055,13.628558158874512,400747366
2025-02-10,13.8100004196167,13.850000381469727,13.680000305175781,13.729999542236328,13.530014038085938,241915707
2025-02-11,13.729999542236328,13.899999618530273,13.670000076293945,13.770000457763672,13.569432258605957,361589930
2025-02-12,13.779999732971191,13.899999618530273,13.5600004196167,13.600000381469727,13.401907920837402,421868024
2025-02-13,13.829999923706055,14.260000228881836,13.75,14.109999656677246,13.904479026794434,655470947
2025-02-14,14.130000114440918,14.529999732971191,13.979999542236328,14.430000305175781,14.219819068908691,433422041
2025-02-17,14.449999809265137,14.569999694824219,14.239999771118164,14.40999984741211,14.200109481811523,290103910
2025-02-18,14.40999984741211,14.470000267028809,14.010000228881836,14.229999542236328,14.022730827331543,499354665
2025-02-19,14.220000267028809,14.600000381469727,14.170000076293945,14.34000015258789,14.131129264831543,631488556
2025-02-20,14.369999885559082,14.829999923706055,14.359999656677246,14.819999694824219,14.604137420654297,497356555
2025-02-21,14.779999732971191,14.8100004196167,14.09000015258789,14.460000038146973,14.249382019042969,389010927
2025-02-24,14.619999885559082,14.630000114440918,14.270000457763672,14.3100004196167,14.101567268371582,250635053
2025-02-25,14.34000015258789,14.670000076293945,14.300000190734863,14.5,14.288799285888672,398524423
2025-02-26,14.5,15.1899995803833,14.34000015258789,15.180000305175781,14.958894729614258,422463163
2025-02-27,15.09000015258789,15.420000076293945,15.079999923706055,15.279999732971191,15.057437896728516,476822863
2025-02-28,15.199999809265137,15.470000267028809,15.149999618530273,15.170000076293945,14.949040412902832,382535832
2025-03-03,15.380000114440918,16.440000534057617,15.369999885559082,15.869999885559082,15.63884449005127,814536585
2025-03-04,15.869999885559082,16.059999465942383,15.720000267028809,15.859999656677246,15.628989219665527,391056606
2025-03-05,16.100000381469727,16.209999084472656,15.6899995803833,15.989999771118164,15.757096290588379,540324072
2025-03-06,16.1200008392334,16.18000030517578,15.75,16.059999465942383,15.82607650756836,442846214
2025-03-07,16.049999237060547,16.299999237060547,16.010000228881836,16.239999771118164,16.003454208374023,472710217
2025-03-10,16.25,16.299999237060547,16.100000381469727,16.1200008392334,15.88520336151123,316712850
2025-03-11,16.149999618530273,16.170000076293945,15.739999771118164,15.75,15.520591735839844,349058057
2025-03-12,15.829999923706055,16.219999313354492,15.8100004196167,15.960000038146973,15.727533340454102,775561272
2025-03-13,16.020000457763672,16.1200008392334,15.930000305175781,16.09000015258789,15.855639457702637,378377753
2025-03-14,16.1299991607666,16.3700008392334,16.079999923706055,16.309999465942383,16.07243537902832,539052758
2025-03-17,16.350000381469727,16.600000381469727,16.190000534057617,16.309999465942383,16.07243537902832,396125142
2025-03-18,16.270000457763672,16.329999923706055,16.149999618530273,16.209999084472656,15.973891258239746,251443021
2025-03-19,15.039999961853027,15.350000381469727,14.59000015258789,14.59000015258789,14.377488136291504,469255873
2025-03-20,14.5,14.699999809265137,13.199999809265137,13.40999984741211,13.214674949645996,961197551
2025-03-21,13.319999694824219,13.390000343322754,12.069999694824219,12.069999694824219,11.894192695617676,623563500
2025-03-24,12.100000381469727,12.59000015258789,11.59000015258789,12.3100004196167,12.130698204040527,177489553
2025-03-25,12.630000114440918,13.25,12.420000076293945,13.100000381469727,12.909191131591797,799067624
2025-03-26,12.829999923706055,13.100000381469727,12.5,12.739999771118164,12.554433822631836,647098314
2025-03-27,12.90999984741211,12.949999809265137,12.40999984741211,12.5,12.317930221557617,584052750
2025-03-28,12.350000381469727,12.390000343322754,11.960000038146973,12.260000228881836,12.260000228881836,407717436
2025-04-02,12.180000305175781,12.449999809265137,12.010000228881836,12.300000190734863,12.300000190734863,322189494
2025-04-03,12.34000015258789,12.5,12.119999885559082,12.119999885559082,12.119999885559082,297319353
2025-04-04,12.119999885559082,12.170000076293945,11.890000343322754,12.020000457763672,12.020000457763672,342152155
2025-04-07,11.470000267028809,12.100000381469727,11.460000038146973,11.989999771118164,11.989999771118164,558505321
2025-04-08,12.220000267028809,12.260000228881836,11.949999809265137,11.970000267028809,11.970000267028809,349567222
2025-04-09,11.850000381469727,11.920000076293945,11.380000114440918,11.40999984741211,11.40999984741211,430712774
2025-04-10,11.899999618530273,11.899999618530273,11.369999885559082,11.369999885559082,11.369999885559082,279846091
2025-04-11,11.369999885559082,11.539999961853027,11.15999984741211,11.529999732971191,11.529999732971191,444116564
2025-04-14,11.649999618530273,11.680000305175781,11.369999885559082,11.369999885559082,11.369999885559082,314654567
2025-04-15,11.359999656677246,11.550000190734863,11.229999542236328,11.25,11.25,335350420
2025-04-16,11.239999771118164,11.3100004196167,11.029999732971191,11.149999618530273,11.149999618530273,325412482
2025-04-17,11.149999618530273,11.3100004196167,11.020000457763672,11.0600004196167,11.0600004196167,550507752
2025-04-18,11.109999656677246,11.140000343322754,10.649999618530273,10.65999984741211,10.65999984741211,359691473
2025-04-21,10.6899995803833,11.0,10.34000015258789,10.600000381469727,10.600000381469727,766330827
2025-04-22,10.6899995803833,10.720000267028809,10.510000228881836,10.630000114440918,10.630000114440918,309518423
2025-04-24,10.680000305175781,10.960000038146973,10.579999923706055,10.9399995803833,10.9399995803833,470337716
2025-04-25,10.970000267028809,10.989999771118164,10.699999809265137,10.710000038146973,10.710000038146973,284205298
2025-04-28,10.75,10.800000190734863,10.3100004196167,10.34000015258789,10.34000015258789,410861928
2025-04-29,10.329999923706055,10.40999984741211,10.170000076293945,10.199999809265137,10.199999809265137,342825506
2025-04-30,10.199999809265137,10.3100004196167,10.069999694824219,10.300000190734863,10.300000190734863,513164349
2025-05-02,10.350000381469727,10.470000267028809,10.329999923706055,10.350000381469727,10.350000381469727,307983568
2025-05-05,10.430000305175781,10.5,10.180000305175781,10.180000305175781,10.180000305175781,257027334
2025-05-06,10.180000305175781,10.449999809265137,10.170000076293945,10.220000267028809,10.220000267028809,363833773
2025-05-07,10.270000457763672,10.300000190734863,10.09000015258789,10.130000114440918,10.130000114440918,417955323
2025-05-08,10.199999809265137,10.260000228881836,10.15999984741211,10.220000267028809,10.220000267028809,169523675
2025-05-09,10.300000190734863,10.4399995803833,10.119999885559082,10.3100004196167,10.3100004196167,498320085
2025-05-12,10.619999885559082,10.829999923706055,10.510000228881836,10.8100004196167,10.8100004196167,676918578
2025-05-13,10.779999732971191,10.960000038146973,10.65999984741211,10.890000343322754,10.890000343322754,578874789
2025-05-14,10.859999656677246,11.0600004196167,10.8100004196167,10.949999809265137,10.949999809265137,551068425
2025-05-15,10.970000267028809,11.039999961853027,10.65999984741211,10.710000038146973,10.710000038146973,378385080
2025-05-16,10.720000267028809,11.020000457763672,10.649999618530273,10.970000267028809,10.970000267028809,514050607
2025-05-20,10.979999542236328,11.239999771118164,10.90999984741211,11.109999656677246,11.109999656677246,539693881
2025-05-21,11.069999694824219,11.180000305175781,10.930000305175781,11.0,11.0,343436576
2025-05-22,11.069999694824219,11.25,11.020000457763672,11.119999885559082,11.119999885559082,582176950
2025-05-23,11.130000114440918,11.25,10.899999618530273,11.0,11.0,415944161
2025-05-26,11.109999656677246,11.109999656677246,10.850000381469727,10.989999771118164,10.989999771118164,257653068
2025-05-27,10.989999771118164,11.09000015258789,10.84000015258789,10.880000114440918,10.880000114440918,326682715
2025-05-28,10.880000114440918,10.9399995803833,10.8100004196167,10.899999618530273,10.899999618530273,273046639
2025-05-29,10.979999542236328,11.039999961853027,10.930000305175781,10.970000267028809,10.970000267028809,372536662
2025-05-30,10.979999542236328,10.979999542236328,10.75,10.75,10.75,282757723
2025-06-02,10.75,10.9399995803833,10.720000267028809,10.859999656677246,10.859999656677246,340962292
2025-06-03,11.0,11.479999542236328,11.0,11.369999885559082,11.369999885559082,661248317
2025-06-04,11.350000381469727,11.489999771118164,11.329999923706055,11.489999771118164,11.489999771118164,337510343
2025-06-05,11.449999809265137,11.479999542236328,11.380000114440918,11.420000076293945,11.420000076293945,109007722
2025-06-10,11.569999694824219,11.970000267028809,11.529999732971191,11.90999984741211,11.90999984741211,488579626
2025-06-11,11.920000076293945,12.010000228881836,11.859999656677246,11.890000343322754,11.890000343322754,322420802
2025-06-12,11.760000228881836,11.890000343322754,11.5,11.510000228881836,11.510000228881836,345792630
2025-06-13,10.960000038146973,11.350000381469727,10.819999694824219,11.350000381469727,11.350000381469727,468753109
2025-06-16,11.369999885559082,11.65999984741211,11.229999542236328,11.529999732971191,11.529999732971191,403326143
2025-06-17,11.520000457763672,11.640000343322754,11.390000343322754,11.390000343322754,11.390000343322754,264512779
2025-06-18,11.380000114440918,11.619999885559082,11.329999923706055,11.470000267028809,11.470000267028809,297655570
2025-06-19,11.550000190734863,11.680000305175781,11.260000228881836,11.270000457763672,11.270000457763672,353356992
2025-06-20,11.399999618530273,11.510000228881836,11.289999961853027,11.40999984741211,11.40999984741211,320141217
2025-06-23,11.319999694824219,11.470000267028809,11.239999771118164,11.350000381469727,11.350000381469727,304803149
2025-06-24,11.800000190734863,11.880000114440918,11.5600004196167,11.720000267028809,11.720000267028809,549963595
2025-06-25,11.729999542236328,11.729999542236328,11.600000381469727,11.6899995803833,11.6899995803833,281551923
2025-06-26,11.65999984741211,11.770000457763672,11.649999618530273,11.680000305175781,11.680000305175781,284319528
2025-06-27,11.670000076293945,12.279999732971191,11.529999732971191,12.149999618530273,12.149999618530273,507492409
2025-06-30,12.319999694824219,13.350000381469727,12.210000038146973,13.350000381469727,13.350000381469727,157088300
2025-07-01,13.40999984741211,13.880000114440918,13.350000381469727,13.699999809265137,13.699999809265137,760794971
2025-07-02,13.729999542236328,14.149999618530273,13.619999885559082,13.920000076293945,13.920000076293945,718111942
2025-07-03,14.170000076293945,14.359999656677246,13.710000038146973,13.869999885559082,13.869999885559082,588946425
2025-07-04,13.890000343322754,14.149999618530273,13.739999771118164,14.109999656677246,14.109999656677246,360963195
2025-07-07,13.880000114440918,14.100000381469727,13.779999732971191,13.819999694824219,13.819999694824219,425817649
2025-07-08,13.949999809265137,14.069999694824219,13.75,14.029999732971191,14.029999732971191,476135348
2025-07-09,14.029999732971191,14.460000038146973,13.899999618530273,14.359999656677246,14.359999656677246,572288727
2025-07-10,14.550000190734863,15.050000190734863,14.550000190734863,14.949999809265137,14.949999809265137,542948926
2025-07-11,15.100000381469727,15.1899995803833,14.720000267028809,14.989999771118164,14.989999771118164,466182819
2025-07-14,14.9399995803833,14.949999809265137,14.510000228881836,14.5600004196167,14.5600004196167,344820690
2025-07-16,14.34000015258789,14.520000457763672,13.819999694824219,14.09000015258789,14.09000015258789,505063847
2025-07-17,14.300000190734863,14.699999809265137,14.119999885559082,14.640000343322754,14.640000343322754,541830209
2025-07-18,14.630000114440918,14.699999809265137,14.460000038146973,14.579999923706055,14.579999923706055,274120444
2025-07-21,14.699999809265137,15.029999732971191,14.6899995803833,14.880000114440918,14.880000114440918,385167285
2025-07-22,14.890000343322754,14.890000343322754,14.529999732971191,14.5600004196167,14.5600004196167,382580082
2025-07-23,14.579999923706055,14.619999885559082,14.329999923706055,14.40999984741211,14.40999984741211,334599210
2025-07-24,14.479999542236328,14.890000343322754,14.369999885559082,14.699999809265137,14.699999809265137,697360679
2025-07-25,14.720000267028809,14.75,14.539999961853027,14.619999885559082,14.619999885559082,230499268
2025-07-28,14.670000076293945,14.699999809265137,14.270000457763672,14.3100004196167,14.3100004196167,262585278
2025-07-29,14.319999694824219,14.5,14.279999732971191,14.3100004196167,14.3100004196167,289951771
2025-07-30,14.270000457763672,14.5600004196167,14.260000228881836,14.5,14.5,328482501
2025-07-31,14.579999923706055,14.84000015258789,14.550000190734863,14.819999694824219,14.819999694824219,346922557
2025-08-01,14.779999732971191,14.9399995803833,14.630000114440918,14.930000305175781,14.930000305175781,302890298
2025-08-04,15.039999961853027,15.489999771118164,15.039999961853027,15.140000343322754,15.140000343322754,493349679
2025-08-05,15.15999984741211,15.319999694824219,15.109999656677246,15.3100004196167,15.3100004196167,341117060
2025-08-06,15.229999542236328,15.239999771118164,14.970000267028809,15.029999732971191,15.029999732971191,380756875
2025-08-07,15.079999923706055,15.329999923706055,15.069999694824219,15.140000343322754,15.140000343322754,358728442
2025-08-08,15.119999885559082,15.170000076293945,14.90999984741211,14.90999984741211,14.90999984741211,220927890
2025-08-11,15.0,15.050000190734863,14.869999885559082,14.869999885559082,14.869999885559082,190471462
2025-08-12,14.869999885559082,14.970000267028809,14.729999542236328,14.729999542236328,14.729999542236328,198320187
2025-08-13,14.739999771118164,14.930000305175781,14.729999542236328,14.729999542236328,14.729999542236328,207728796
2025-08-14,14.699999809265137,14.800000190734863,14.430000305175781,14.4399995803833,14.4399995803833,235816123
2025-08-15,14.460000038146973,14.609999656677246,14.420000076293945,14.520000457763672,14.520000457763672,189420626
2025-08-18,14.539999961853027,14.579999923706055,14.300000190734863,14.420000076293945,14.420000076293945,199008364
2025-08-19,14.449999809265137,14.579999923706055,14.369999885559082,14.4399995803833,14.4399995803833,212034806
2025-08-20,14.40999984741211,14.75,14.350000381469727,14.65999984741211,14.65999984741211,413655989
2025-08-21,14.880000114440918,15.199999809265137,14.789999961853027,15.149999618530273,15.149999618530273,504985278
2025-08-22,15.170000076293945,15.3100004196167,15.050000190734863,15.260000228881836,15.260000228881836,372042974
2025-08-25,15.460000038146973,15.460000038146973,15.140000343322754,15.149999618530273,15.149999618530273,271581190
2025-08-26,15.119999885559082,15.350000381469727,15.029999732971191,15.3100004196167,15.3100004196167,363300023
2025-08-27,15.329999923706055,15.34000015258789,15.020000457763672,15.109999656677246,15.109999656677246,265058275
2025-08-28,15.130000114440918,15.289999961853027,15.069999694824219,15.140000343322754,15.140000343322754,247641482
2025-08-29,15.140000343322754,15.25,15.0,15.050000190734863,15.050000190734863,297118594
2025-09-01,15.050000190734863,15.210000038146973,14.680000305175781,14.829999923706055,14.829999923706055,510044649
2025-09-02,14.890000343322754,15.140000343322754,13.369999885559082,13.8100004196167,13.8100004196167,226722539
2025-09-03,13.850000381469727,13.859999656677246,12.970000267028809,13.109999656677246,13.109999656677246,617831325
2025-09-04,13.170000076293945,13.649999618530273,13.050000190734863,13.579999923706055,13.579999923706055,646451850
2025-09-05,13.649999618530273,14.25,13.359999656677246,13.6899995803833,13.6899995803833,821682441
2025-09-08,13.390000343322754,13.649999618530273,13.229999542236328,13.399999618530273,13.399999618530273,350494859
2025-09-09,13.470000267028809,13.670000076293945,13.260000228881836,13.630000114440918,13.630000114440918,568244565
2025-09-10,13.75,13.970000267028809,13.539999961853027,13.9399995803833,13.9399995803833,411551319
2025-09-11,13.920000076293945,14.720000267028809,13.770000457763672,13.829999923706055,13.829999923706055,14051393
2025-09-12,13.859999656677246,14.0,13.539999961853027,13.949999809265137,13.949999809265137,433713503
2025-09-15,13.949999809265137,15.039999961853027,13.800000190734863,14.869999885559082,14.869999885559082,1040833495
2025-09-16,14.880000114440918,14.989999771118164,14.649999618530273,14.930000305175781,14.930000305175781,684089109
2025-09-17,14.949999809265137,15.050000190734863,14.829999923706055,15.020000457763672,15.020000457763672,556245305
2025-09-18,15.09000015258789,15.09000015258789,14.4399995803833,14.449999809265137,14.449999809265137,462231120
2025-09-19,14.550000190734863,15.130000114440918,14.470000267028809,15.069999694824219,15.069999694824219,673416448
2025-09-22,15.430000305175781,15.510000228881836,15.199999809265137,15.199999809265137,15.199999809265137,477290543
2025-09-23,14.869999885559082,15.010000228881836,14.760000228881836,14.850000381469727,14.850000381469727,405331543
2025-09-24,14.880000114440918,15.050000190734863,14.229999542236328,14.680000305175781,14.680000305175781,711692132
2025-09-25,14.770000457763672,14.779999732971191,14.520000457763672,14.550000190734863,14.550000190734863,251443211
2025-09-26,14.520000457763672,14.59000015258789,13.989999771118164,14.149999618530273,14.149999618530273,448152925
2025-09-29,13.899999618530273,14.350000381469727,13.899999618530273,14.109999656677246,14.109999656677246,364026276
2025-09-30,14.180000305175781,14.3100004196167,13.930000305175781,14.149999618530273,14.149999618530273,389920277
2025-10-01,14.149999618530273,14.699999809265137,14.029999732971191,14.539999961853027,14.539999961853027,497866652
2025-10-02,14.550000190734863,14.579999923706055,13.829999923706055,13.949999809265137,13.949999809265137,448541854
2025-10-03,14.050000190734863,14.0600004196167,13.180000305175781,13.229999542236328,13.229999542236328,427694136
2025-10-06,13.279999732971191,13.300000190734863,12.800000190734863,12.899999618530273,12.899999618530273,324988705
2025-10-07,12.930000305175781,13.0,12.75,12.890000343322754,12.890000343322754,385366577
2025-10-08,12.890000343322754,13.010000228881836,12.539999961853027,12.600000381469727,12.600000381469727,496580204
2025-10-09,12.739999771118164,12.789999961853027,12.100000381469727,12.100000381469727,12.100000381469727,544357246
2025-10-10,12.140000343322754,12.289999961853027,12.0600004196167,12.15999984741211,12.15999984741211,394816882
2025-10-13,12.010000228881836,12.229999542236328,11.949999809265137,12.029999732971191,12.029999732971191,322043272
2025-10-14,12.039999961853027,12.100000381469727,11.539999961853027,11.640000343322754,11.640000343322754,422221471
2025-10-15,11.75,11.930000305175781,11.609999656677246,11.819999694824219,11.819999694824219,442672691
2025-10-16,11.739999771118164,11.930000305175781,11.520000457763672,11.579999923706055,11.579999923706055,595863681
2025-10-17,11.529999732971191,11.609999656677246,11.109999656677246,11.279999732971191,11.279999732971191,495125730
2025-10-20,11.319999694824219,11.850000381469727,11.220000267028809,11.770000457763672,11.770000457763672,645052968
2025-10-21,11.770000457763672,12.149999618530273,11.710000038146973,12.0600004196167,12.0600004196167,559323053
2025-10-22,12.109999656677246,12.3100004196167,12.039999961853027,12.0600004196167,12.0600004196167,526221544
2025-10-23,12.069999694824219,12.3100004196167,11.949999809265137,12.0600004196167,12.0600004196167,694818996
2025-10-24,12.25,13.260000228881836,12.25,13.180000305175781,13.180000305175781,402642488
2025-10-27,13.050000190734863,13.09000015258789,12.449999809265137,12.510000228881836,11.997516632080078,752135244
2025-10-28,12.520000457763672,12.600000381469727,12.380000114440918,12.40999984741211,11.901613235473633,256195727
2025-10-30,12.510000228881836,12.65999984741211,12.369999885559082,12.449999809265137,11.939973831176758,505077180
2025-10-31,12.449999809265137,12.75,12.279999732971191,12.649999618530273,12.131780624389648,630031855
2025-11-03,12.760000228881836,13.1899995803833,12.739999771118164,12.930000305175781,12.400311470031738,669072881
2025-11-04,12.869999885559082,13.180000305175781,12.789999961853027,12.890000343322754,12.361949920654297,588921650
2025-11-05,12.90999984741211,13.180000305175781,12.789999961853027,13.100000381469727,12.563346862792969,621656492
2025-11-06,13.149999618530273,13.329999923706055,13.0600004196167,13.25,12.707201957702637,491290993
2025-11-07,13.229999542236328,13.260000228881836,12.75,12.880000114440918,12.3523588180542,559488667
2025-11-10,12.970000267028809,12.979999542236328,12.550000190734863,12.579999923706055,12.064648628234863,447027211
2025-11-11,12.600000381469727,12.729999542236328,11.970000267028809,12.199999809265137,11.700215339660645,769415374
2025-11-12,12.319999694824219,12.550000190734863,12.210000038146973,12.359999656677246,11.853660583496094,397216643
2025-11-13,12.40999984741211,12.520000457763672,12.279999732971191,12.40999984741211,11.901613235473633,370133617
2025-11-14,12.369999885559082,12.5,12.220000267028809,12.319999694824219,11.815299987792969,313198963
2025-11-17,12.430000305175781,12.470000267028809,12.15999984741211,12.239999771118164,11.738576889038086,535763609
2025-11-18,12.199999809265137,12.4399995803833,12.140000343322754,12.270000457763672,11.767348289489746,563617911
2025-11-19,12.319999694824219,12.880000114440918,12.270000457763672,12.640000343322754,12.122191429138184,681328192
2025-11-20,12.720000267028809,12.880000114440918,12.640000343322754,12.819999694824219,12.294816970825195,414998908
2025-11-21,12.680000305175781,12.720000267028809,12.470000267028809,12.699999809265137,12.179732322692871,494298048
2025-11-24,12.640000343322754,12.949999809265137,12.619999885559082,12.850000381469727,12.323588371276855,537488137
2025-11-25,12.899999618530273,13.170000076293945,12.8100004196167,13.09000015258789,12.553756713867188,727451567
2025-11-26,13.100000381469727,13.1899995803833,12.989999771118164,13.100000381469727,12.563346862792969,460314714
2025-11-27,13.199999809265137,13.59000015258789,13.180000305175781,13.34000015258789,12.7935152053833,581065662
2025-11-28,13.3100004196167,13.65999984741211,13.260000228881836,13.569999694824219,13.014092445373535,481361635
2025-12-01,13.5600004196167,14.079999923706055,13.390000343322754,13.960000038146973,13.388115882873535,789531706
2025-12-02,14.0,14.1899995803833,13.720000267028809,13.890000343322754,13.32098388671875,713533769
2025-12-03,13.949999809265137,14.239999771118164,13.859999656677246,13.880000114440918,13.311392784118652,203713779
2025-12-04,13.930000305175781,13.949999809265137,13.609999656677246,13.65999984741211,13.1004056930542,673482964
2025-12-05,13.649999618530273,14.100000381469727,13.600000381469727,14.069999694824219,13.493609428405762,633308470
2025-12-08,14.1899995803833,14.449999809265137,14.100000381469727,14.220000267028809,13.63746452331543,633049897
2025-12-09,14.239999771118164,14.399999618530273,14.180000305175781,14.329999923706055,13.742958068847656,501117578
2025-12-10,14.350000381469727,14.369999885559082,13.899999618530273,14.050000190734863,13.4744291305542,502647365
2025-12-11,14.100000381469727,14.140000343322754,13.789999961853027,13.890000343322754,13.32098388671875,797116136
2025-12-12,14.0,14.109999656677246,13.84000015258789,13.90999984741211,13.340164184570312,453630446
2025-12-15,13.930000305175781,14.109999656677246,13.850000381469727,14.050000190734863,13.4744291305542,483303194
2025-12-16,14.050000190734863,14.069999694824219,13.819999694824219,13.880000114440918,13.311392784118652,431670827
2025-12-17,13.859999656677246,14.010000228881836,13.710000038146973,13.9399995803833,13.368934631347656,497439061
2025-12-18,13.970000267028809,14.069999694824219,13.859999656677246,14.010000228881836,13.436067581176758,531559528
2025-12-19,14.010000228881836,14.079999923706055,13.90999984741211,14.020000457763672,13.445658683776855,539304558
2025-12-22,14.029999732971191,14.210000038146973,13.989999771118164,14.0600004196167,13.48401927947998,658992579
2025-12-23,14.039999961853027,14.1899995803833,13.84000015258789,13.890000343322754,13.32098388671875,626616948
2025-12-24,13.90999984741211,14.100000381469727,13.720000267028809,13.720000267028809,13.157947540283203,563830564
2025-12-25,13.800000190734863,13.869999885559082,13.65999984741211,13.670000076293945,13.10999584197998,262750827
2025-12-26,13.680000305175781,13.739999771118164,13.460000038146973,13.529999732971191,12.975730895996094,415274970
2025-12-29,13.539999961853027,13.670000076293945,13.40999984741211,13.5,12.94696044921875,470038560
2025-12-30,13.539999961853027,13.710000038146973,13.380000114440918,13.579999923706055,13.023682594299316,458332350
2025-12-31,13.619999885559082,14.100000381469727,13.619999885559082,14.09000015258789,13.51279067993164,524373199
2026-01-02,14.149999618530273,14.390000343322754,14.069999694824219,14.380000114440918,13.790910720825195,598690454
2026-01-05,14.5,14.550000190734863,14.3100004196167,14.390000343322754,13.800500869750977,602360524
2026-01-06,14.420000076293945,14.75,14.34000015258789,14.640000343322754,14.04025936126709,758276839
2026-01-07,14.699999809265137,14.720000267028809,14.329999923706055,14.420000076293945,13.82927131652832,571554572
2026-01-08,14.4399995803833,14.579999923706055,14.319999694824219,14.460000038146973,13.867632865905762,607844431
2026-01-09,14.520000457763672,14.680000305175781,14.359999656677246,14.470000267028809,13.877223014831543,614424957
2026-01-12,14.510000228881836,14.630000114440918,14.369999885559082,14.449999809265137,13.85804271697998,588739040
2026-01-13,14.470000267028809,14.6899995803833,14.430000305175781,14.59000015258789,13.992307662963867,702449366
2026-01-14,14.630000114440918,14.670000076293945,14.479999542236328,14.640000343322754,14.04025936126709,571036187
2026-01-15,14.609999656677246,14.670000076293945,14.15999984741211,14.260000228881836,13.675826072692871,714805464
2026-01-16,14.300000190734863,14.369999885559082,14.109999656677246,14.180000305175781,13.599103927612305,801164277
2026-01-19,14.239999771118164,14.619999885559082,14.229999542236328,14.59000015258789,13.992307662963867,728568347
2026-01-20,14.579999923706055,14.609999656677246,14.319999694824219,14.40999984741211,13.819681167602539,788531854
2026-01-21,14.470000267028809,14.890000343322754,14.430000305175781,14.869999885559082,14.260836601257324,829649274
2026-01-22,14.949999809265137,14.970000267028809,14.420000076293945,14.670000076293945,14.069029808044434,850429338
2026-01-23,14.729999542236328,15.220000267028809,14.720000267028809,15.199999809265137,14.57731819152832,679421586
2026-01-26,15.069999694824219,15.430000305175781,14.979999542236328,15.289999961853027,14.663631439208984,813616554
2026-01-27,15.3100004196167,15.359999656677246,14.880000114440918,15.039999961853027,14.423872947692871,809348954
2026-01-28,15.0600004196167,15.630000114440918,15.0,15.470000267028809,14.836257934570312,959125440
2026-01-29,15.539999961853027,16.799999237060547,15.510000228881836,16.260000228881836,15.593894004821777,1041114608
2026-01-30,16.270000457763672,16.84000015258789,16.059999465942383,16.65999984741211,15.977507591247559,869144348
2026-02-02,16.200000762939453,17.139999389648438,15.989999771118164,16.84000015258789,16.150135040283203,838341497
2026-02-03,17.0,17.530000686645508,16.75,17.459999084472656,16.744733810424805,892534808
2026-02-04,17.489999771118164,17.530000686645508,17.020000457763672,17.020000457763672,16.3227596282959,528153752
2026-02-05,17.020000457763672,17.200000762939453,16.5,16.579999923706055,15.900785446166992,574182747
2026-02-06,16.649999618530273,16.90999984741211,16.270000457763672,16.489999771118164,15.814472198486328,501262947
2026-02-09,16.860000610351562,17.239999771118164,16.6299991607666,16.979999542236328,16.284399032592773,829457559
2026-02-10,16.979999542236328,17.139999389648438,16.799999237060547,16.93000030517578,16.236448287963867,666799472
2026-02-11,16.84000015258789,17.350000381469727,16.649999618530273,17.1299991607666,16.428253173828125,701248725
2026-02-12,17.200000762939453,18.18000030517578,17.1299991607666,18.149999618530273,17.40646743774414,136947935
2026-02-13,18.1200008392334,18.209999084472656,17.770000457763672,17.90999984741211,17.176300048828125,666228164
2026-02-16,18.040000915527344,18.079999923706055,17.559999465942383,17.770000457763672,17.042036056518555,729693058
2026-02-17,17.719999313354492,17.8799991607666,17.530000686645508,17.530000686645508,16.81186866760254,630019287
2026-02-18,17.579999923706055,18.030000686645508,17.399999618530273,17.540000915527344,16.82145881652832,950056726
2026-02-19,17.670000076293945,17.670000076293945,16.3700008392334,16.469999313354492,15.79529094696045,887535461
2026-02-20,16.510000228881836,16.81999969482422,16.25,16.81999969482422,16.130952835083008,647636743
2026-02-23,17.09000015258789,17.469999313354492,16.899999618530273,17.299999237060547,16.591289520263672,828970777
2026-02-24,17.190000534057617,17.520000457763672,17.100000381469727,17.190000534057617,16.485795974731445,595157028
2026-02-25,17.239999771118164,17.389999389648438,16.729999542236328,16.950000762939453,16.25562858581543,727630322
2026-02-26,16.950000762939453,17.31999969482422,16.770000457763672,17.200000762939453,16.495386123657227,627755791
2026-02-27,17.280000686645508,17.530000686645508,16.579999923706055,16.90999984741211,16.217266082763672,694302306
2026-03-02,15.899999618530273,16.229999542236328,15.59000015258789,15.770000457763672,15.123968124389648,481721909
2026-03-03,15.699999809265137,15.859999656677246,14.8100004196167,14.829999923706055,14.222475051879883,460743393
2026-03-04,14.829999923706055,15.199999809265137,14.670000076293945,14.800000190734863,14.193704605102539,616805359
2026-03-05,14.970000267028809,15.25,14.890000343322754,14.979999542236328,14.36633014678955,350463694
2026-03-06,14.90999984741211,15.039999961853027,14.079999923706055,14.220000267028809,13.63746452331543,475556085
2026-03-09,13.779999732971191,14.140000343322754,13.3100004196167,14.069999694824219,13.493609428405762,774852479
2026-03-10,14.609999656677246,14.90999984741211,14.3100004196167,14.75,14.145752906799316,649833663
2026-03-11,14.720000267028809,14.75,14.300000190734863,14.600000381469727,14.001897811889648,437914046
2026-03-12,14.420000076293945,14.979999542236328,14.329999923706055,14.369999885559082,13.781319618225098,617062045
2026-03-13,14.289999961853027,14.359999656677246,13.75,14.069999694824219,13.493609428405762,508833601
2026-03-16,14.119999885559082,14.1899995803833,13.920000076293945,14.109999656677246,13.531970977783203,358887825
2026-03-17,14.15999984741211,14.489999771118164,14.130000114440918,14.420000076293945,13.82927131652832,529144775
2026-03-18,14.489999771118164,14.539999961853027,14.079999923706055,14.180000305175781,13.599103927612305,525676908
2026-03-19,14.0,14.199999809265137,13.949999809265137,13.949999809265137,13.378525733947754,192390037
2026-03-23,13.579999923706055,13.949999809265137,12.90999984741211,13.670000076293945,13.10999584197998,367945013
2026-03-24,13.529999732971191,13.739999771118164,13.270000457763672,13.289999961853027,12.745562553405762,575420217
2026-03-25,13.539999961853027,13.65999984741211,13.350000381469727,13.420000076293945,12.870237350463867,502525119
2026-03-26,13.369999885559082,13.510000228881836,13.119999885559082,13.180000305175781,12.640069961547852,493014931
2026-03-27,13.239999771118164,13.34000015258789,12.949999809265137,13.180000305175781,12.640069961547852,477451695
2026-03-30,13.149999618530273,13.239999771118164,12.920000076293945,12.9399995803833,12.409900665283203,403609931
2026-03-31,13.0,13.270000457763672,12.989999771118164,13.170000076293945,12.630478858947754,483355175
2026-04-01,13.300000190734863,13.3100004196167,12.920000076293945,13.029999732971191,13.029999732971191,567524261
2026-04-02,12.75,13.199999809265137,12.720000267028809,13.180000305175781,13.180000305175781,483658588
2026-04-03,13.15999984741211,13.34000015258789,13.0600004196167,13.149999618530273,13.149999618530273,360144382
2026-04-06,13.1899995803833,13.529999732971191,13.15999984741211,13.319999694824219,13.319999694824219,583704556
2026-04-07,13.260000228881836,13.40999984741211,13.039999961853027,13.100000381469727,13.100000381469727,497131880
2026-04-08,14.0,14.390000343322754,13.890000343322754,14.09000015258789,14.09000015258789,933351335
2026-04-09,13.989999771118164,14.369999885559082,13.9399995803833,14.369999885559082,14.369999885559082,565672354
2026-04-10,14.5,14.760000228881836,14.399999618530273,14.710000038146973,14.710000038146973,680240645
2026-04-13,14.350000381469727,14.609999656677246,14.239999771118164,14.609999656677246,14.609999656677246,510098120
2026-04-14,14.800000190734863,15.119999885559082,14.279999732971191,14.550000190734863,14.550000190734863,912874850
2026-04-15,14.600000381469727,14.6899995803833,14.510000228881836,14.550000190734863,14.550000190734863,517611134
2026-04-16,14.649999618530273,14.760000228881836,14.319999694824219,14.4399995803833,14.4399995803833,452103664
2026-04-17,14.449999809265137,15.109999656677246,14.359999656677246,15.109999656677246,15.109999656677246,988687515
2026-04-20,14.800000190734863,15.1899995803833,14.770000457763672,14.979999542236328,14.979999542236328,527537176
2026-04-21,15.069999694824219,15.140000343322754,14.800000190734863,14.800000190734863,14.800000190734863,570681939
2026-04-22,14.930000305175781,15.020000457763672,14.680000305175781,14.789999961853027,14.789999961853027,465327157
2026-04-24,14.720000267028809,14.75,14.350000381469727,14.449999809265137,14.449999809265137,495303855
2026-04-27,14.460000038146973,14.619999885559082,14.270000457763672,14.3100004196167,14.3100004196167,492314251
2026-04-28,14.279999732971191,14.369999885559082,13.970000267028809,13.979999542236328,13.979999542236328,342092346
2026-04-29,14.039999961853027,14.180000305175781,13.899999618530273,14.020000457763672,14.020000457763672,401053249
2026-04-30,13.930000305175781,14.380000114440918,13.899999618530273,14.34000015258789,14.34000015258789,419305547
2026-05-04,14.34000015258789,14.40999984741211,13.899999618530273,14.079999923706055,14.079999923706055,423931644
2026-05-05,14.09000015258789,14.210000038146973,13.869999885559082,14.010000228881836,14.010000228881836,486344287
2026-05-06,14.239999771118164,14.770000457763672,14.140000343322754,14.489999771118164,14.489999771118164,95650902
2026-05-07,14.550000190734863,14.920000076293945,14.550000190734863,14.59000015258789,14.59000015258789,660026062
2026-05-08,14.510000228881836,14.699999809265137,14.369999885559082,14.550000190734863,14.550000190734863,546706307
2026-05-11,14.510000228881836,14.800000190734863,14.479999542236328,14.75,14.75,426833131
2026-05-12,14.699999809265137,14.729999542236328,14.260000228881836,14.270000457763672,14.270000457763672,400763145
2026-05-13,14.359999656677246,14.399999618530273,13.989999771118164,14.109999656677246,14.109999656677246,367364825
2026-05-14,14.1899995803833,14.300000190734863,14.079999923706055,14.220000267028809,14.220000267028809,435548929
2026-05-15,14.050000190734863,14.0600004196167,13.670000076293945,13.869999885559082,13.869999885559082,447939653
2026-05-18,13.800000190734863,13.979999542236328,13.579999923706055,13.720000267028809,13.720000267028809,500280291
2026-05-20,13.710000038146973,13.819999694824219,13.5600004196167,13.699999809265137,13.699999809265137,406734399
2026-05-21,13.6899995803833,13.720000267028809,12.699999809265137,12.699999809265137,12.699999809265137,446688172
2026-05-22,12.449999809265137,13.369999885559082,12.25,13.199999809265137,13.199999809265137,805251454
