Tarih,Açılış,Yüksek,Düşük,Kapanış,Düzeltilmiş_Kapanış,Hacim
29.10.2015,0.4952380061149597,0.4952380061149597,0.4952380061149597,0.4952380061149597,0.2444835007190704,0.0
30.10.2015,0.4952380061149597,0.5095229744911194,0.4928570091724396,0.5095229744911194,0.251535564661026,4132317.0
02.11.2015,0.550000011920929,0.5547609925270081,0.5452380180358887,0.5523800253868103,0.2726927399635315,4603893.0
03.11.2015,0.5476189851760864,0.550000011920929,0.5404760241508484,0.5476189851760864,0.2703423798084259,1866795.0
04.11.2015,0.5476189851760864,0.550000011920929,0.5428569912910461,0.5452380180358887,0.2691669762134552,2423253.0
05.11.2015,0.5404760241508484,0.5476189851760864,0.5380949974060059,0.5428569912910461,0.2679915428161621,3125577.0
06.11.2015,0.5547609925270081,0.5595229864120483,0.5523800253868103,0.5571420192718506,0.2750436067581177,3283707.0
09.11.2015,0.5547609925270081,0.5619040131568909,0.550000011920929,0.5547609925270081,0.2738681435585022,2120013.0
10.11.2015,0.5547609925270081,0.5571420192718506,0.550000011920929,0.5547609925270081,0.2738681435585022,510972.0
11.11.2015,0.5619040131568909,0.5690469741821289,0.5619040131568909,0.5642849802970886,0.2785698771476745,2125074.0
12.11.2015,0.5619040131568909,0.5666660070419312,0.5571420192718506,0.5619040131568909,0.2773944437503814,1418949.0
13.11.2015,0.5547609925270081,0.5571420192718506,0.550000011920929,0.550000011920929,0.271517813205719,1115562.0
16.11.2015,0.5452380180358887,0.5547609925270081,0.5404760241508484,0.5547609925270081,0.2738681435585022,2216676.0
17.11.2015,0.5571420192718506,0.5571420192718506,0.5476189851760864,0.5523800253868103,0.2726927399635315,680106.0
18.11.2015,0.5428569912910461,0.5452380180358887,0.5380949974060059,0.5404760241508484,0.266816109418869,1676010.0
19.11.2015,0.5452380180358887,0.5476189851760864,0.5404760241508484,0.5476189851760864,0.2703423798084259,1059156.0
20.11.2015,0.550000011920929,0.550000011920929,0.5404760241508484,0.5428569912910461,0.2679915428161621,1014531.0
23.11.2015,0.5428569912910461,0.5452380180358887,0.5357139706611633,0.5357139706611633,0.2644652128219604,1303932.0
24.11.2015,0.530951976776123,0.5333330035209656,0.5142850279808044,0.5166659951210022,0.2550618648529053,2027445.0
25.11.2015,0.5166659951210022,0.5261899828910828,0.5166659951210022,0.5190470218658447,0.2562373280525207,2157456.0
26.11.2015,0.5214279890060425,0.5214279890060425,0.5142850279808044,0.5142850279808044,0.2538864612579345,1234380.0
27.11.2015,0.5214279890060425,0.5285710096359253,0.5166659951210022,0.5214279890060425,0.2574126720428467,2290407.0
30.11.2015,0.5214279890060425,0.5252379775047302,0.5038089752197266,0.5038089752197266,0.2487147599458694,3197502.0
01.12.2015,0.5104759931564331,0.522379994392395,0.5104759931564331,0.5209519863128662,0.2571777105331421,4050690.0
02.12.2015,0.5214279890060425,0.5285710096359253,0.5190470218658447,0.5204759836196899,0.2569427192211151,3456075.0
03.12.2015,0.523809015750885,0.5276190042495728,0.5119040012359619,0.5128570199012756,0.2531814277172088,2564667.0
04.12.2015,0.5142850279808044,0.5171419978141785,0.5,0.5104759931564331,0.2520059943199157,3336375.0
07.12.2015,0.5099999904632568,0.5119040012359619,0.5061900019645691,0.5071420073509216,0.2503601610660553,3477201.0
08.12.2015,0.5047609806060791,0.5423799753189087,0.5028570294380188,0.5052379965782166,0.2494202107191085,6610044.0
09.12.2015,0.5095229744911194,0.5157139897346497,0.5019040107727051,0.5157139897346497,0.2545918524265289,8648682.0
10.12.2015,0.5147609710693359,0.5171419978141785,0.4857139885425567,0.4980950057506561,0.245893970131874,5194140.0
11.12.2015,0.4976190030574798,0.5033329725265503,0.4847609996795654,0.4890469908714294,0.2414271980524063,4716117.0
14.12.2015,0.4919039905071258,0.495714008808136,0.4790470004081726,0.4857139885425567,0.2397818118333816,8943144.0
15.12.2015,0.4871419966220855,0.5033329725265503,0.4871419966220855,0.5023800134658813,0.2480093240737915,7622958.0
16.12.2015,0.5042849779129028,0.5042849779129028,0.4833329916000366,0.4919039905071258,0.2428376078605651,4405149.0
17.12.2015,0.495714008808136,0.5071420073509216,0.495714008808136,0.5057139992713928,0.2496552169322967,6310248.0
18.12.2015,0.5080950260162354,0.5080950260162354,0.4928570091724396,0.4928570091724396,0.2433080971240997,3432051.0
21.12.2015,0.4933330118656158,0.5061900019645691,0.4933330118656158,0.5042849779129028,0.2489497363567352,2197146.0
22.12.2015,0.5023800134658813,0.5090469717979431,0.4961900115013122,0.4995230138301849,0.2465989142656326,2495430.0
23.12.2015,0.5,0.5161899924278259,0.5,0.5104759931564331,0.2520059943199157,4689069.0
24.12.2015,0.5114279985427856,0.5171419978141785,0.5085710287094116,0.5142850279808044,0.2538864612579345,3019485.0
25.12.2015,0.5166659951210022,0.5185710191726685,0.5128570199012756,0.5128570199012756,0.2531814277172088,1007202.0
28.12.2015,0.5142850279808044,0.5152379870414734,0.5095229744911194,0.5128570199012756,0.2531814277172088,3271107.0
29.12.2015,0.5128570199012756,0.5128570199012756,0.5042849779129028,0.5047609806060791,0.2491847425699234,2593269.0
30.12.2015,0.5,0.5071420073509216,0.4985710084438324,0.5019040107727051,0.2477743327617645,2555133.0
31.12.2015,0.5014280080795288,0.5047609806060791,0.4980950057506561,0.4980950057506561,0.245893970131874,1094814.0
01.01.2016,0.4980950057506561,0.4980950057506561,0.4980950057506561,0.4980950057506561,0.245893970131874,0.0
04.01.2016,0.494284987449646,0.4952380061149597,0.4828569889068603,0.4928570091724396,0.2433080971240997,2216655.0
05.01.2016,0.4919039905071258,0.4947609901428222,0.4857139885425567,0.4880949854850769,0.2409572303295135,4963245.0
06.01.2016,0.487619012594223,0.4890469908714294,0.4857139885425567,0.4857139885425567,0.2397818118333816,2720109.0
07.01.2016,0.4857139885425567,0.486189991235733,0.47809499502182,0.4833329916000366,0.2386064082384109,3076332.0
08.01.2016,0.4833329916000366,0.4928570091724396,0.4828569889068603,0.4833329916000366,0.2386064082384109,2586780.0
11.01.2016,0.4833329916000366,0.4900000095367431,0.481904000043869,0.4857139885425567,0.2397818118333816,2016903.0
12.01.2016,0.4833329916000366,0.4890469908714294,0.4809519946575165,0.487619012594223,0.2407222539186477,2495913.0
13.01.2016,0.4890469908714294,0.4928570091724396,0.4880949854850769,0.4919039905071258,0.2428376078605651,2825067.0
14.01.2016,0.4914279878139496,0.4952380061149597,0.4838089942932129,0.4852379858493805,0.2395468205213546,2475627.0
15.01.2016,0.4866659939289093,0.4880949854850769,0.4799999892711639,0.4842849969863891,0.2390763908624649,2418486.0
18.01.2016,0.4842849969863891,0.4852379858493805,0.4771420061588287,0.4785709977149963,0.2362555116415023,2139291.0
19.01.2016,0.4785709977149963,0.4828569889068603,0.4757139980792999,0.4761900007724762,0.2350801080465316,3370773.0
20.01.2016,0.4747610092163086,0.4752379953861236,0.4714280068874359,0.4719040095806122,0.2329642623662948,2886639.0
21.01.2016,0.4714280068874359,0.4833329916000366,0.4642849862575531,0.4685710072517395,0.2313188761472702,3596418.0
22.01.2016,0.4685710072517395,0.4685710072517395,0.4685710072517395,0.4685710072517395,0.2313188761472702,0.0
25.01.2016,0.4752379953861236,0.4771420061588287,0.4690470099449157,0.4714280068874359,0.2327292561531067,3235260.0
26.01.2016,0.4714280068874359,0.4823800027370453,0.4714280068874359,0.4795230031013489,0.2367255240678787,5611767.0
27.01.2016,0.4790470004081726,0.4838089942932129,0.4766660034656524,0.47809499502182,0.2360205650329589,3998841.0
28.01.2016,0.4790470004081726,0.4885709881782532,0.47809499502182,0.4833329916000366,0.2386064082384109,4020723.0
29.01.2016,0.4871419966220855,0.4947609901428222,0.4852379858493805,0.4890469908714294,0.2414271980524063,10568838.0
01.02.2016,0.4904760122299194,0.4952380061149597,0.4852379858493805,0.4852379858493805,0.2395468205213546,5047602.0
02.02.2016,0.4871419966220855,0.4923799932003021,0.4814279973506927,0.481904000043869,0.2379009574651718,5837433.0
03.02.2016,0.4838089942932129,0.4847609996795654,0.4785709977149963,0.4804759919643402,0.2371959686279297,3963897.0
04.02.2016,0.4833329916000366,0.4866659939289093,0.4809519946575165,0.4823800027370453,0.2381359338760376,3729579.0
05.02.2016,0.4833329916000366,0.4852379858493805,0.47809499502182,0.4804759919643402,0.2371959686279297,3032505.0
08.02.2016,0.4804759919643402,0.4833329916000366,0.4604760110378265,0.4623799920082092,0.2282625585794448,4203906.0
09.02.2016,0.4628570079803467,0.4628570079803467,0.4409520030021667,0.4476189911365509,0.2209754884243011,7826007.0
10.02.2016,0.449523001909256,0.4571419954299927,0.449523001909256,0.4533329904079437,0.2237963229417801,6220368.0
11.02.2016,0.4514279961585998,0.4557139873504638,0.4357140064239502,0.4419040083885193,0.2181541919708252,5050941.0
12.02.2016,0.4471420049667358,0.4476189911365509,0.4338090121746063,0.4342850148677826,0.2143929451704025,4580457.0
15.02.2016,0.4361900091171264,0.4390470087528229,0.4295229911804199,0.4323799908161163,0.2134525030851364,6542361.0
16.02.2016,0.4809519946575165,0.4919039905071258,0.449999988079071,0.4666660130023956,0.2303784191608429,24937815.0
17.02.2016,0.4690470099449157,0.4823800027370453,0.4647609889507293,0.481904000043869,0.2379009574651718,9956331.0
18.02.2016,0.4809519946575165,0.481904000043869,0.4714280068874359,0.4714280068874359,0.2327292561531067,9503781.0
19.02.2016,0.4723800122737884,0.4742850065231323,0.4638090133666992,0.4709520041942596,0.2324942946434021,7867629.0
22.02.2016,0.4719040095806122,0.4790470004081726,0.4709520041942596,0.4776189923286438,0.2357855588197708,8582322.0
23.02.2016,0.4785709977149963,0.4809519946575165,0.4752379953861236,0.4757139980792999,0.2348451316356659,7488138.0
24.02.2016,0.4757139980792999,0.4804759919643402,0.4657140076160431,0.4676190018653869,0.2308489084243774,4437720.0
25.02.2016,0.4680950045585632,0.4714280068874359,0.4671419858932495,0.4685710072517395,0.2313188761472702,4939683.0
26.02.2016,0.4704760015010834,0.473809003829956,0.4609520137310028,0.4609520137310028,0.2275575995445251,9267216.0
29.02.2016,0.4619039893150329,0.4633330106735229,0.4566659927368164,0.4590469896793365,0.2266171127557754,13424754.0
01.03.2016,0.4609520137310028,0.4623799920082092,0.4576190114021301,0.4609520137310028,0.2275575995445251,10386663.0
02.03.2016,0.4704760015010834,0.4728569984436035,0.4647609889507293,0.4685710072517395,0.2313188761472702,10903137.0
03.03.2016,0.4709520041942596,0.4723800122737884,0.4642849862575531,0.4676190018653869,0.2308489084243774,10031175.0
04.03.2016,0.4666660130023956,0.4690470099449157,0.4633330106735229,0.4661900103092193,0.2301434427499771,6684846.0
07.03.2016,0.4690470099449157,0.4723800122737884,0.4652380049228668,0.4661900103092193,0.2301434427499771,8576820.0
08.03.2016,0.4666660130023956,0.4809519946575165,0.4666660130023956,0.4690470099449157,0.2315538227558136,31028970.0
09.03.2016,0.4699999988079071,0.4723800122737884,0.4680950045585632,0.4680950045585632,0.2310838550329208,11030565.0
10.03.2016,0.4690470099449157,0.4704760015010834,0.4642849862575531,0.4652380049228668,0.2296734750270843,8316903.0
11.03.2016,0.4676190018653869,0.4685710072517395,0.4590469896793365,0.4600000083446502,0.22708760201931,10171371.0
14.03.2016,0.4609520137310028,0.4661900103092193,0.4580950140953064,0.4623799920082092,0.2282625585794448,6723129.0
15.03.2016,0.4642849862575531,0.4652380049228668,0.4580950140953064,0.4585709869861603,0.226382166147232,5656623.0
16.03.2016,0.4152379930019378,0.4633330106735229,0.4152379930019378,0.4595229923725128,0.2268521189689636,9166773.0
17.03.2016,0.4652380049228668,0.4709520041942596,0.4614279866218567,0.4699999988079071,0.2320243418216705,13409298.0
18.03.2016,0.4690470099449157,0.47809499502182,0.4671419858932495,0.4776189923286438,0.2357855588197708,21326046.0
21.03.2016,0.4785709977149963,0.4838089942932129,0.4757139980792999,0.481904000043869,0.2379009574651718,15434622.0
22.03.2016,0.4828569889068603,0.4828569889068603,0.4685710072517395,0.473809003829956,0.2339047044515609,11033127.0
23.03.2016,0.473809003829956,0.4842849969863891,0.4714280068874359,0.4757139980792999,0.2348451316356659,22303176.0
24.03.2016,0.4785709977149963,0.4885709881782532,0.4761900007724762,0.4866659939289093,0.2402517944574356,15801555.0
25.03.2016,0.487619012594223,0.4966660141944885,0.4857139885425567,0.4966660141944885,0.2451884746551513,12140247.0
28.03.2016,0.4966660141944885,0.5095229744911194,0.4952380061149597,0.5057139992713928,0.2496552169322967,10843497.0
29.03.2016,0.5061900019645691,0.5095229744911194,0.5009520053863525,0.5057139992713928,0.2496552169322967,7400232.0
30.03.2016,0.5085710287094116,0.5114279985427856,0.4976190030574798,0.4980950057506561,0.245893970131874,14778162.0
31.03.2016,0.4990470111370086,0.5019040107727051,0.4961900115013122,0.4971419870853424,0.2454234361648559,16606107.0
01.04.2016,0.4971419870853424,0.4990470111370086,0.4919039905071258,0.4976190030574798,0.2456589341163635,8061228.0
04.04.2016,0.5004760026931763,0.5128570199012756,0.5004760026931763,0.5128570199012756,0.2531814277172088,9013641.0
05.04.2016,0.5142850279808044,0.5152379870414734,0.5023800134658813,0.5071420073509216,0.2503601610660553,13959015.0
06.04.2016,0.4757139980792999,0.4795230031013489,0.4666660130023956,0.4747610092163086,0.2547030448913574,10011372.0
07.04.2016,0.4761900007724762,0.4785709977149963,0.4638090133666992,0.4657140076160431,0.2498494386672973,5709396.0
08.04.2016,0.4666660130023956,0.4714280068874359,0.4652380049228668,0.4690470099449157,0.2516375184059143,5109951.0
11.04.2016,0.4714280068874359,0.4757139980792999,0.4699999988079071,0.473809003829956,0.2541922628879547,6150774.0
12.04.2016,0.473809003829956,0.4757139980792999,0.4642849862575531,0.4642849862575531,0.2490827292203903,8119188.0
13.04.2016,0.4676190018653869,0.4714280068874359,0.4666660130023956,0.4704760015010834,0.2524041533470154,11439834.0
14.04.2016,0.4704760015010834,0.4809519946575165,0.4690470099449157,0.4799999892711639,0.2575136423110962,20276928.0
15.04.2016,0.4809519946575165,0.4814279973506927,0.4742850065231323,0.4752379953861236,0.2549588978290558,8331414.0
18.04.2016,0.4761900007724762,0.4804759919643402,0.4742850065231323,0.4771420061588287,0.2559804022312164,6405399.0
19.04.2016,0.4790470004081726,0.4790470004081726,0.4714280068874359,0.4728569984436035,0.2536815404891968,8200038.0
20.04.2016,0.4728569984436035,0.4771420061588287,0.4619039893150329,0.4638090133666992,0.2488274127244949,6361908.0
21.04.2016,0.4652380049228668,0.4714280068874359,0.4614279866218567,0.4647609889507293,0.2493381351232528,6089706.0
22.04.2016,0.4666660130023956,0.4666660130023956,0.4590469896793365,0.4619039893150329,0.2478053867816925,3723237.0
25.04.2016,0.4657140076160431,0.4666660130023956,0.4628570079803467,0.4661900103092193,0.2501048147678375,2778930.0
26.04.2016,0.4676190018653869,0.4728569984436035,0.4647609889507293,0.4714280068874359,0.2529148757457733,3190215.0
27.04.2016,0.4714280068874359,0.4742850065231323,0.469523012638092,0.4709520041942596,0.2526595592498779,3132465.0
28.04.2016,0.4719040095806122,0.473809003829956,0.4661900103092193,0.4661900103092193,0.2501048147678375,3666369.0
29.04.2016,0.4666660130023956,0.4671419858932495,0.4585709869861603,0.4642849862575531,0.2490827292203903,3612672.0
02.05.2016,0.4642849862575531,0.4676190018653869,0.4585709869861603,0.4595229923725128,0.2465280145406723,2580753.0
03.05.2016,0.4476189911365509,0.4523800015449524,0.4219039976596832,0.4238089919090271,0.2273679375648498,14901180.0
04.05.2016,0.4261899888515472,0.4285709857940674,0.4119040071964264,0.4166660010814667,0.223535805940628,6287400.0
05.05.2016,0.4071420133113861,0.4228569865226745,0.4038090109825134,0.4142850041389465,0.2222584635019302,5618382.0
06.05.2016,0.4095230102539062,0.4147610068321228,0.4047609865665436,0.4128569960594177,0.2214923352003097,6152328.0
09.05.2016,0.4166660010814667,0.4223800003528595,0.4166660010814667,0.4209519922733307,0.225835233926773,3851232.0
10.05.2016,0.4199999868869781,0.4228569865226745,0.417618989944458,0.417618989944458,0.2240470796823501,1282953.0
11.05.2016,0.4199999868869781,0.4199999868869781,0.4138090014457702,0.4152379930019378,0.2227697223424911,2902830.0
12.05.2016,0.4147610068321228,0.4190469980239868,0.4104759991168976,0.4104759991168976,0.2202149480581283,1231545.0
13.05.2016,0.4095230102539062,0.4104759991168976,0.3961899876594543,0.3980950117111206,0.2135727107524871,7917525.0
16.05.2016,0.3985710144042969,0.4042850136756897,0.3952380120754242,0.3957140147686004,0.2122953385114669,4379697.0
17.05.2016,0.3976190090179443,0.3990469872951507,0.3933329880237579,0.3952380120754242,0.2120399922132492,4198068.0
18.05.2016,0.3976190090179443,0.3990469872951507,0.3909519910812378,0.3947609961032867,0.2117840945720672,3025197.0
19.05.2016,0.3947609961032867,0.3947609961032867,0.3947609961032867,0.3947609961032867,0.2117840945720672,0.0
20.05.2016,0.3938089907169342,0.3985710144042969,0.3904759883880615,0.3938089907169342,0.2112733274698257,2000796.0
23.05.2016,0.3952380120754242,0.3957140147686004,0.391427993774414,0.3928569853305816,0.2107625752687454,2990988.0
24.05.2016,0.3928569853305816,0.4028570055961609,0.391427993774414,0.399522989988327,0.2143388092517852,5605005.0
25.05.2016,0.4019039869308471,0.4080950021743774,0.3976190090179443,0.400952011346817,0.2151054888963699,8580852.0
26.05.2016,0.400952011346817,0.4033330082893371,0.3966659903526306,0.4000000059604645,0.2145947366952896,11448465.0
27.05.2016,0.4000000059604645,0.4066660106182098,0.3990469872951507,0.399522989988327,0.2143388092517852,6283032.0
30.05.2016,0.4000000059604645,0.4057140052318573,0.4000000059604645,0.4033330082893371,0.2163828462362289,3271674.0
31.05.2016,0.4057140052318573,0.4085710048675537,0.4014280140399933,0.4023799896240234,0.2158715724945068,4569642.0
01.06.2016,0.4023799896240234,0.4157139956951141,0.4000000059604645,0.4119040071964264,0.2209810614585876,16244403.0
02.06.2016,0.4138090014457702,0.4190469980239868,0.4128569960594177,0.4180949926376343,0.2243024706840515,9415539.0
03.06.2016,0.4185709953308105,0.4347609877586365,0.4185709953308105,0.43333300948143,0.2324774414300918,15544116.0
06.06.2016,0.4357140064239502,0.4357140064239502,0.4228569865226745,0.43190398812294,0.2317107766866684,16210971.0
07.06.2016,0.43190398812294,0.4409520030021667,0.4304760098457336,0.4361900091171264,0.234010174870491,19364247.0
08.06.2016,0.4409520030021667,0.4409520030021667,0.4357140064239502,0.4385710060596466,0.2352875769138336,10382652.0
09.06.2016,0.4404760003089905,0.4433329999446869,0.4252380132675171,0.4252380132675171,0.2281346023082733,21739914.0
10.06.2016,0.4271419942378998,0.4276190102100372,0.4157139956951141,0.4166660010814667,0.223535805940628,4302501.0
13.06.2016,0.4166660010814667,0.4166660010814667,0.4000000059604645,0.40904700756073,0.2194483131170272,4774413.0
14.06.2016,0.4085710048675537,0.4109520018100738,0.4000000059604645,0.4014280140399933,0.2153608351945877,5278980.0
15.06.2016,0.405238002538681,0.4119040071964264,0.405238002538681,0.4104759991168976,0.2202149480581283,4385703.0
16.06.2016,0.4095230102539062,0.4095230102539062,0.3971419930458069,0.399522989988327,0.2143388092517852,6268626.0
17.06.2016,0.4023799896240234,0.4057140052318573,0.3976190090179443,0.400952011346817,0.2151054888963699,7194957.0
20.06.2016,0.4028570055961609,0.4066660106182098,0.4004760086536407,0.4004760086536407,0.2148500978946685,7906101.0
21.06.2016,0.4019039869308471,0.4066660106182098,0.399522989988327,0.4028570055961609,0.2161274701356887,5826240.0
22.06.2016,0.4047609865665436,0.405238002538681,0.3923799991607666,0.3923799991607666,0.2105066776275634,10199910.0
23.06.2016,0.3933329880237579,0.3938089907169342,0.3847610056400299,0.3857139945030212,0.2069304436445236,11920545.0
24.06.2016,0.3657140135765075,0.3761900067329407,0.3619039952754974,0.3647609949111938,0.1956894695758819,12964434.0
27.06.2016,0.3647609949111938,0.367141991853714,0.3609519898891449,0.3619039952754974,0.1941567361354828,14849310.0
28.06.2016,0.3638089895248413,0.3700000047683716,0.3638089895248413,0.3695229887962341,0.1982442140579223,9271584.0
29.06.2016,0.3695229887962341,0.3733330070972442,0.3690469861030578,0.3690469861030578,0.1979888528585434,8207199.0
30.06.2016,0.3690469861030578,0.3714280128479004,0.3661899864673614,0.3661899864673614,0.196456104516983,6080151.0
01.07.2016,0.3666659891605377,0.3714280128479004,0.3666659891605377,0.3700000047683716,0.1985001266002655,5653074.0
04.07.2016,0.3704760074615478,0.3709520101547241,0.3676190078258514,0.368571013212204,0.1977335065603256,2650809.0
05.07.2016,0.368571013212204,0.368571013212204,0.368571013212204,0.368571013212204,0.1977335065603256,0.0
06.07.2016,0.368571013212204,0.368571013212204,0.368571013212204,0.368571013212204,0.1977335065603256,0.0
07.07.2016,0.368571013212204,0.368571013212204,0.368571013212204,0.368571013212204,0.1977335065603256,0.0
08.07.2016,0.368571013212204,0.3695229887962341,0.3661899864673614,0.3676190078258514,0.1972227394580841,4602381.0
11.07.2016,0.368571013212204,0.3838090002536773,0.368571013212204,0.3776189982891083,0.202587604522705,23213589.0
12.07.2016,0.3780950009822845,0.3866659998893738,0.3780950009822845,0.3852379918098449,0.206675112247467,19741008.0
13.07.2016,0.3828569948673248,0.3966659903526306,0.3819040060043335,0.3895229995250702,0.2089739143848419,28417662.0
14.07.2016,0.391427993774414,0.3919039964675903,0.3857139945030212,0.38714200258255,0.2076965719461441,15049377.0
15.07.2016,0.38714200258255,0.3895229995250702,0.3857139945030212,0.3861899971961975,0.2071858495473861,9423435.0
18.07.2016,0.3761900067329407,0.3771420121192932,0.3447610139846802,0.354761004447937,0.1903245896100998,13324080.0
19.07.2016,0.3566659986972809,0.3690469861030578,0.3538089990615845,0.3561899960041046,0.1910912543535232,9364299.0
20.07.2016,0.359046995639801,0.3657140135765075,0.3476189970970154,0.350951999425888,0.1882811486721038,6514200.0
21.07.2016,0.3476189970970154,0.3476189970970154,0.3333329856395721,0.3400000035762787,0.1824055165052414,5763933.0
22.07.2016,0.346666008234024,0.3471420109272003,0.3338089883327484,0.3438090085983276,0.1844490021467209,5593812.0
25.07.2016,0.3585709929466247,0.3695229887962341,0.3499999940395355,0.3666659891605377,0.1967114806175232,6189456.0
26.07.2016,0.3700000047683716,0.3709520101547241,0.3595229983329773,0.363332986831665,0.1949233710765838,4714353.0
27.07.2016,0.3652380108833313,0.3723799884319305,0.3642849922180176,0.3723799884319305,0.1997769773006439,4698246.0
28.07.2016,0.372857004404068,0.3795230090618133,0.3700000047683716,0.3704760074615478,0.1987554877996444,8431038.0
29.07.2016,0.3704760074615478,0.372857004404068,0.3666659891605377,0.3709520101547241,0.1990108639001846,4888674.0
01.08.2016,0.3738090097904205,0.3809520006179809,0.3719039857387543,0.3766660094261169,0.2020763605833053,5871033.0
02.08.2016,0.3776189982891083,0.3780950009822845,0.3709520101547241,0.3752380013465881,0.2013102322816848,7305375.0
03.08.2016,0.3752380013465881,0.3761900067329407,0.3666659891605377,0.3700000047683716,0.1985001266002655,7006167.0
04.08.2016,0.3738090097904205,0.3761900067329407,0.3680950105190277,0.3738090097904205,0.200543612241745,7818636.0
05.08.2016,0.3761900067329407,0.3771420121192932,0.3690469861030578,0.372857004404068,0.2000328749418258,8153208.0
08.08.2016,0.3761900067329407,0.3795230090618133,0.3742850124835968,0.3785710036754608,0.2030983418226242,8244852.0
09.08.2016,0.3804759979248047,0.3847610056400299,0.3785710036754608,0.3804759979248047,0.2041203677654266,11942952.0
10.08.2016,0.3823800086975097,0.3823800086975097,0.3709520101547241,0.3714280128479004,0.1992662400007248,6369888.0
11.08.2016,0.372857004404068,0.3757140040397644,0.3709520101547241,0.3757140040397644,0.2015655934810638,3878469.0
12.08.2016,0.3761900067329407,0.3766660094261169,0.3690469861030578,0.3690469861030578,0.1979888528585434,4018875.0
15.08.2016,0.3714280128479004,0.3895229995250702,0.3695229887962341,0.3819040060043335,0.2048864811658859,14677236.0
16.08.2016,0.3857139945030212,0.3857139945030212,0.3757140040397644,0.3799999952316284,0.2038649767637252,4174863.0
17.08.2016,0.3799999952316284,0.3928569853305816,0.3790470063686371,0.3928569853305816,0.2107625752687454,8317302.0
18.08.2016,0.3938089907169342,0.3957140147686004,0.3828569948673248,0.3842850029468536,0.2061638385057449,5697300.0
19.08.2016,0.3857139945030212,0.3876189887523651,0.3809520006179809,0.38714200258255,0.2076965719461441,3131289.0
22.08.2016,0.3876189887523651,0.3904759883880615,0.3838090002536773,0.3895229995250702,0.2089739143848419,1836051.0
23.08.2016,0.3928569853305816,0.3928569853305816,0.3847610056400299,0.3847610056400299,0.2064191997051239,2828301.0
24.08.2016,0.3828569948673248,0.3828569948673248,0.3747609853744507,0.3809520006179809,0.2043757289648056,2654337.0
25.08.2016,0.3809520006179809,0.3985710144042969,0.3809520006179809,0.3971419930458069,0.2130614519119262,10622073.0
26.08.2016,0.3971419930458069,0.4138090014457702,0.3966659903526306,0.4128569960594177,0.2214923352003097,22407168.0
29.08.2016,0.4128569960594177,0.4138090014457702,0.4076189994812011,0.40904700756073,0.2194483131170272,6503028.0
30.08.2016,0.40904700756073,0.40904700756073,0.40904700756073,0.40904700756073,0.2194483131170272,0.0
31.08.2016,0.4099999964237213,0.4119040071964264,0.4004760086536407,0.4042850136756897,0.216893583536148,5245464.0
01.09.2016,0.405238002538681,0.4080950021743774,0.3928569853305816,0.3938089907169342,0.2112733274698257,5427954.0
02.09.2016,0.391427993774414,0.400952011346817,0.391427993774414,0.4000000059604645,0.2145947366952896,2234778.0
05.09.2016,0.4023799896240234,0.4104759991168976,0.400952011346817,0.4085710048675537,0.2191929519176483,2528820.0
06.09.2016,0.4099999964237213,0.4099999964237213,0.4033330082893371,0.405238002538681,0.2174048274755478,1542933.0
07.09.2016,0.4080950021743774,0.40904700756073,0.4004760086536407,0.4080950021743774,0.2189375609159469,1947015.0
08.09.2016,0.40904700756073,0.4099999964237213,0.3985710144042969,0.3985710144042969,0.2138281017541885,2462544.0
09.09.2016,0.3985710144042969,0.399522989988327,0.3928569853305816,0.3952380120754242,0.2120399922132492,2023308.0
12.09.2016,0.3952380120754242,0.3952380120754242,0.3952380120754242,0.3952380120754242,0.2120399922132492,0.0
13.09.2016,0.3952380120754242,0.3952380120754242,0.3952380120754242,0.3952380120754242,0.2120399922132492,0.0
14.09.2016,0.3952380120754242,0.3952380120754242,0.3952380120754242,0.3952380120754242,0.2120399922132492,0.0
15.09.2016,0.3952380120754242,0.3952380120754242,0.3952380120754242,0.3952380120754242,0.2120399922132492,0.0
16.09.2016,0.3947609961032867,0.3985710144042969,0.3899999856948852,0.3938089907169342,0.2112733274698257,2336628.0
19.09.2016,0.3976190090179443,0.4038090109825134,0.391427993774414,0.3928569853305816,0.2107625752687454,6297690.0
20.09.2016,0.3966659903526306,0.3976190090179443,0.3919039964675903,0.3938089907169342,0.2112733274698257,3532662.0
21.09.2016,0.3952380120754242,0.3952380120754242,0.3895229995250702,0.3895229995250702,0.2089739143848419,5141157.0
22.09.2016,0.3923799991607666,0.3990469872951507,0.391427993774414,0.3990469872951507,0.2140834331512451,9241323.0
23.09.2016,0.4000000059604645,0.4019039869308471,0.3966659903526306,0.3990469872951507,0.2140834331512451,3674601.0
26.09.2016,0.3861899971961975,0.3904759883880615,0.3823800086975097,0.3904759883880615,0.2094852179288864,3038616.0
27.09.2016,0.3976190090179443,0.3976190090179443,0.3866659998893738,0.3904759883880615,0.2094852179288864,3009006.0
28.09.2016,0.3890469968318939,0.3976190090179443,0.3880949914455414,0.3938089907169342,0.2112733274698257,3874248.0
29.09.2016,0.391427993774414,0.3952380120754242,0.3880949914455414,0.3904759883880615,0.2094852179288864,1457106.0
30.09.2016,0.391427993774414,0.391427993774414,0.3876189887523651,0.3885709941387176,0.2084631919860839,3415293.0
03.10.2016,0.3904759883880615,0.3942849934101105,0.3899999856948852,0.3923799991607666,0.2105066776275634,1092084.0
04.10.2016,0.3928569853305816,0.3971419930458069,0.3919039964675903,0.3923799991607666,0.2105066776275634,3868242.0
05.10.2016,0.3947609961032867,0.3971419930458069,0.3904759883880615,0.3933329880237579,0.2110179662704467,7927710.0
06.10.2016,0.3952380120754242,0.399522989988327,0.3942849934101105,0.3980950117111206,0.2135727107524871,5433057.0
07.10.2016,0.399522989988327,0.400952011346817,0.3947609961032867,0.3957140147686004,0.2122953385114669,5855220.0
10.10.2016,0.3976190090179443,0.4023799896240234,0.3961899876594543,0.3980950117111206,0.2135727107524871,6291537.0
11.10.2016,0.3980950117111206,0.4047609865665436,0.3966659903526306,0.4042850136756897,0.216893583536148,9808701.0
12.10.2016,0.4042850136756897,0.4066660106182098,0.3971419930458069,0.3980950117111206,0.2135727107524871,6160098.0
13.10.2016,0.3980950117111206,0.4114280045032501,0.3966659903526306,0.4114280045032501,0.2207257002592086,14675388.0
14.10.2016,0.4119040071964264,0.4242849946022033,0.4076189994812011,0.4214279949665069,0.2260905802249908,15398292.0
17.10.2016,0.4214279949665069,0.4323799908161163,0.4166660010814667,0.4261899888515472,0.2286453396081924,12528537.0
18.10.2016,0.4271419942378998,0.4285709857940674,0.4214279949665069,0.4242849946022033,0.22762331366539,7260666.0
19.10.2016,0.4261899888515472,0.4309520125389099,0.4214279949665069,0.4290469884872436,0.2301780432462692,20752578.0
20.10.2016,0.4300000071525574,0.4300000071525574,0.4238089919090271,0.4300000071525574,0.2306893467903137,10097934.0
21.10.2016,0.4304760098457336,0.4380950033664703,0.4280950129032135,0.4280950129032135,0.2296673357486724,40208301.0
24.10.2016,0.4295229911804199,0.4295229911804199,0.4219039976596832,0.4266659915447235,0.2289006561040878,10676610.0
25.10.2016,0.4266659915447235,0.4285709857940674,0.4238089919090271,0.4271419942378998,0.2291560173034668,5393430.0
26.10.2016,0.4276190102100372,0.4295229911804199,0.4223800003528595,0.4261899888515472,0.2286453396081924,3734325.0
27.10.2016,0.4266659915447235,0.4266659915447235,0.4219039976596832,0.4242849946022033,0.22762331366539,3135216.0
28.10.2016,0.4228569865226745,0.4228569865226745,0.4138090014457702,0.417618989944458,0.2240470796823501,5618109.0
31.10.2016,0.4190469980239868,0.4209519922733307,0.4104759991168976,0.4142850041389465,0.2222584635019302,5632872.0
01.11.2016,0.4214279949665069,0.4357140064239502,0.4214279949665069,0.4223800003528595,0.2266012877225875,10515099.0
02.11.2016,0.4252380132675171,0.4290469884872436,0.4195230007171631,0.4271419942378998,0.2291560173034668,3778887.0
03.11.2016,0.4266659915447235,0.4271419942378998,0.4085710048675537,0.4142850041389465,0.2222584635019302,5403027.0
04.11.2016,0.4104759991168976,0.4166660010814667,0.3947609961032867,0.4000000059604645,0.2145947366952896,4822818.0
07.11.2016,0.4047609865665436,0.4109520018100738,0.400952011346817,0.4095230102539062,0.2197037041187286,3145317.0
08.11.2016,0.4095230102539062,0.4142850041389465,0.4057140052318573,0.4095230102539062,0.2197037041187286,2747241.0
09.11.2016,0.3933329880237579,0.4123800098896026,0.3933329880237579,0.4123800098896026,0.2212364375591278,3720654.0
10.11.2016,0.413332998752594,0.4328570067882538,0.413332998752594,0.4228569865226745,0.2268572151660919,8216271.0
11.11.2016,0.4228569865226745,0.4252380132675171,0.4190469980239868,0.4209519922733307,0.225835233926773,2354625.0
14.11.2016,0.4209519922733307,0.4276190102100372,0.4104759991168976,0.4242849946022033,0.22762331366539,3387342.0
15.11.2016,0.4242849946022033,0.4257139861583709,0.4157139956951141,0.4185709953308105,0.2245578318834304,5329590.0
16.11.2016,0.4223800003528595,0.4314279854297638,0.4171420037746429,0.4295229911804199,0.2304334342479705,10489437.0
17.11.2016,0.4309520125389099,0.4419040083885193,0.4285709857940674,0.4295229911804199,0.2304334342479705,10129455.0
18.11.2016,0.4304760098457336,0.4395230114459991,0.4304760098457336,0.43333300948143,0.2324774414300918,6032712.0
21.11.2016,0.4352380037307739,0.4404760003089905,0.4328570067882538,0.4380950033664703,0.235032171010971,4199475.0
22.11.2016,0.4385710060596466,0.4452379941940307,0.4361900091171264,0.4452379941940307,0.2388643026351928,6710802.0
23.11.2016,0.4452379941940307,0.4476189911365509,0.4300000071525574,0.4323799908161163,0.2319661974906921,7086618.0
24.11.2016,0.4404760003089905,0.4404760003089905,0.4247609972953796,0.4271419942378998,0.2291560173034668,6324213.0
25.11.2016,0.4280950129032135,0.4428569972515106,0.4228569865226745,0.437619000673294,0.2347768396139145,6030696.0
28.11.2016,0.4404760003089905,0.4404760003089905,0.43190398812294,0.4323799908161163,0.2319661974906921,3658830.0
29.11.2016,0.4328570067882538,0.4361900091171264,0.4280950129032135,0.4323799908161163,0.2319661974906921,3891804.0
30.11.2016,0.4347609877586365,0.4352380037307739,0.4257139861583709,0.4257139861583709,0.2283899635076522,3561873.0
01.12.2016,0.4261899888515472,0.43333300948143,0.4204759895801544,0.4223800003528595,0.2266012877225875,3626469.0
02.12.2016,0.4204759895801544,0.4276190102100372,0.4195230007171631,0.4204759895801544,0.2255798131227493,3491376.0
05.12.2016,0.4214279949665069,0.4323799908161163,0.4209519922733307,0.4280950129032135,0.2296673357486724,4058271.0
06.12.2016,0.4285709857940674,0.437142014503479,0.4285709857940674,0.43333300948143,0.2324774414300918,6443346.0
07.12.2016,0.4342850148677826,0.4419040083885193,0.4342850148677826,0.4409520030021667,0.2365649342536926,5474847.0
08.12.2016,0.441428005695343,0.445713996887207,0.4347609877586365,0.441428005695343,0.2368203103542328,4277217.0
09.12.2016,0.4409520030021667,0.4409520030021667,0.4352380037307739,0.437142014503479,0.2345209568738937,1504776.0
12.12.2016,0.4338090121746063,0.437142014503479,0.4323799908161163,0.4361900091171264,0.234010174870491,1144479.0
13.12.2016,0.4380950033664703,0.4395230114459991,0.4342850148677826,0.4366660118103027,0.2342655658721923,3876222.0
14.12.2016,0.4366660118103027,0.4404760003089905,0.4233329892158508,0.4233329892158508,0.2271125763654709,10508547.0
15.12.2016,0.4204759895801544,0.4309520125389099,0.4199999868869781,0.4285709857940674,0.2299226820468902,5618508.0
16.12.2016,0.4300000071525574,0.4304760098457336,0.4261899888515472,0.4300000071525574,0.2306893467903137,3973368.0
19.12.2016,0.4309520125389099,0.4309520125389099,0.4261899888515472,0.4261899888515472,0.2286453396081924,3091662.0
20.12.2016,0.4252380132675171,0.4290469884872436,0.4247609972953796,0.4280950129032135,0.2296673357486724,2980593.0
21.12.2016,0.4295229911804199,0.43333300948143,0.4280950129032135,0.4290469884872436,0.2301780432462692,4916058.0
22.12.2016,0.4290469884872436,0.4328570067882538,0.4271419942378998,0.4290469884872436,0.2301780432462692,4671387.0
23.12.2016,0.4290469884872436,0.4314279854297638,0.4261899888515472,0.4290469884872436,0.2301780432462692,3280137.0
26.12.2016,0.4300000071525574,0.4342850148677826,0.4290469884872436,0.43190398812294,0.2317107766866684,2831073.0
27.12.2016,0.4328570067882538,0.43333300948143,0.4266659915447235,0.4266659915447235,0.2289006561040878,2867067.0
28.12.2016,0.4285709857940674,0.4328570067882538,0.4271419942378998,0.4328570067882538,0.232222095131874,15260490.0
29.12.2016,0.43333300948143,0.4409520030021667,0.43190398812294,0.4390470087528229,0.2355429381132125,7620249.0
30.12.2016,0.4395230114459991,0.4428569972515106,0.4357140064239502,0.437142014503479,0.2345209568738937,8368941.0
02.01.2017,0.437142014503479,0.4390470087528229,0.4314279854297638,0.437619000673294,0.2347768396139145,4831533.0
03.01.2017,0.437619000673294,0.4514279961585998,0.4328570067882538,0.4490469992160797,0.2409078031778335,12815481.0
04.01.2017,0.449523001909256,0.4542849957942962,0.4428569972515106,0.4428569972515106,0.2375869154930114,9451932.0
05.01.2017,0.4471420049667358,0.4509519934654236,0.4409520030021667,0.4423800110816955,0.2373310476541519,7027293.0
06.01.2017,0.4423800110816955,0.4590469896793365,0.4423800110816955,0.4576190114021301,0.245506539940834,6989157.0
09.01.2017,0.4571419954299927,0.4604760110378265,0.4504759907722473,0.4566659927368164,0.2449952811002731,5369847.0
10.01.2017,0.4600000083446502,0.4685710072517395,0.4504759907722473,0.4680950045585632,0.251126766204834,11927244.0
11.01.2017,0.4666660130023956,0.4666660130023956,0.4595229923725128,0.4652380049228668,0.2495940625667572,4687746.0
12.01.2017,0.4657140076160431,0.473809003829956,0.4647609889507293,0.473809003829956,0.2541922628879547,12769743.0
13.01.2017,0.473809003829956,0.4809519946575165,0.473809003829956,0.4785709977149963,0.2567470073699951,18348687.0
16.01.2017,0.4790470004081726,0.4833329916000366,0.4761900007724762,0.4761900007724762,0.2554696500301361,20606859.0
17.01.2017,0.47809499502182,0.4814279973506927,0.4747610092163086,0.4814279973506927,0.258279800415039,20545014.0
18.01.2017,0.4814279973506927,0.487619012594223,0.4804759919643402,0.487619012594223,0.2616011798381805,6444774.0
19.01.2017,0.4880949854850769,0.4952380061149597,0.4833329916000366,0.4909519851207733,0.2633892595767975,9797361.0
20.01.2017,0.4919039905071258,0.494284987449646,0.4842849969863891,0.4880949854850769,0.2618565261363983,4123476.0
23.01.2017,0.4904760122299194,0.4923799932003021,0.4804759919643402,0.4828569889068603,0.2590464055538177,3959151.0
24.01.2017,0.4847609996795654,0.4928570091724396,0.4809519946575165,0.4928570091724396,0.2644113004207611,5712336.0
25.01.2017,0.4904760122299194,0.4914279878139496,0.4828569889068603,0.4880949854850769,0.2618565261363983,3330726.0
26.01.2017,0.4833329916000366,0.4880949854850769,0.4833329916000366,0.4871419966220855,0.2613452672958374,1843317.0
27.01.2017,0.4871419966220855,0.4919039905071258,0.4847609996795654,0.4880949854850769,0.2618565261363983,4778067.0
30.01.2017,0.4880949854850769,0.5085710287094116,0.4880949854850769,0.5080950260162354,0.2725862562656402,6167049.0
31.01.2017,0.5080950260162354,0.5090469717979431,0.4980950057506561,0.5009520053863525,0.2687541544437408,3610299.0
01.02.2017,0.5,0.5109519958496094,0.4904760122299194,0.5109519958496094,0.2741189897060394,10895892.0
02.02.2017,0.5114279985427856,0.5219039916992188,0.5114279985427856,0.5190470218658447,0.2784619331359863,20566602.0
03.02.2017,0.5190470218658447,0.5252379775047302,0.5161899924278259,0.5190470218658447,0.2784619331359863,7394604.0
06.02.2017,0.5199999809265137,0.5233330130577087,0.5128570199012756,0.5176190137863159,0.2776957750320434,6365583.0
07.02.2017,0.5166659951210022,0.5319039821624756,0.5095229744911194,0.5319039821624756,0.2853594422340393,10744965.0
08.02.2017,0.5328570008277893,0.5371419787406921,0.523809015750885,0.5347610116004944,0.2868922054767608,8249766.0
09.02.2017,0.5352380275726318,0.5366659760475159,0.526665985584259,0.5333330035209656,0.2861261963844299,6179649.0
10.02.2017,0.5357139706611633,0.5357139706611633,0.5304759740829468,0.5357139706611633,0.2874034643173218,3432261.0
13.02.2017,0.5380949974060059,0.5466660261154175,0.5338090062141418,0.5461900234222412,0.2930237054824829,6224379.0
14.02.2017,0.5509520173072815,0.5523800253868103,0.5419039726257324,0.5523800253868103,0.2963446080684662,10638411.0
15.02.2017,0.5523800253868103,0.5523800253868103,0.544284999370575,0.5476189851760864,0.2937903702259063,6373626.0
16.02.2017,0.5480949878692627,0.551904022693634,0.5461900234222412,0.5476189851760864,0.2937903702259063,5268564.0
17.02.2017,0.5476189851760864,0.548570990562439,0.5428569912910461,0.5471420288085938,0.2935344874858856,5423922.0
20.02.2017,0.5314279794692993,0.5342850089073181,0.5014280080795288,0.5038089752197266,0.27028688788414,30520560.0
21.02.2017,0.5047609806060791,0.5109519958496094,0.4928570091724396,0.5061900019645691,0.271564245223999,8140944.0
22.02.2017,0.5061900019645691,0.5109519958496094,0.4900000095367431,0.494284987449646,0.2651773691177368,9193611.0
23.02.2017,0.4966660141944885,0.5019040107727051,0.4947609901428222,0.5014280080795288,0.2690095007419586,17200974.0
24.02.2017,0.5014280080795288,0.5023800134658813,0.494284987449646,0.4976190030574798,0.2669660449028015,4812087.0
27.02.2017,0.4976190030574798,0.5,0.481904000043869,0.4966660141944885,0.2664547562599182,3950898.0
28.02.2017,0.495714008808136,0.5023800134658813,0.495714008808136,0.4990470111370086,0.267732173204422,5179314.0
01.03.2017,0.4976190030574798,0.5090469717979431,0.4976190030574798,0.5019040107727051,0.2692648768424988,2142882.0
02.03.2017,0.5019040107727051,0.5038089752197266,0.4976190030574798,0.5009520053863525,0.2687541544437408,2252040.0
03.03.2017,0.5009520053863525,0.5095229744911194,0.495714008808136,0.4971419870853424,0.266710102558136,6227214.0
06.03.2017,0.4976190030574798,0.5004760026931763,0.4976190030574798,0.4985710084438324,0.2674767673015594,3177972.0
07.03.2017,0.4980950057506561,0.5133330225944519,0.4952380061149597,0.5057139992713928,0.2713088989257812,13115361.0
08.03.2017,0.5095229744911194,0.5114279985427856,0.4952380061149597,0.4980950057506561,0.2672214210033417,4443600.0
09.03.2017,0.4961900115013122,0.5038089752197266,0.4904760122299194,0.495714008808136,0.2659440636634826,5270265.0
10.03.2017,0.495714008808136,0.4985710084438324,0.4928570091724396,0.4966660141944885,0.2664547562599182,4582767.0
13.03.2017,0.4904760122299194,0.5004760026931763,0.4904760122299194,0.4923799932003021,0.2641553580760956,4626405.0
14.03.2017,0.4938090145587921,0.4990470111370086,0.4938090145587921,0.4971419870853424,0.266710102558136,7227990.0
15.03.2017,0.4971419870853424,0.4995230138301849,0.4952380061149597,0.4952380061149597,0.2656886279582977,3507441.0
16.03.2017,0.4980950057506561,0.5028570294380188,0.4966660141944885,0.4985710084438324,0.2674767673015594,4742220.0
17.03.2017,0.5014280080795288,0.5014280080795288,0.4966660141944885,0.5004760026931763,0.2684988379478454,3576111.0
20.03.2017,0.4976190030574798,0.5038089752197266,0.4971419870853424,0.4976190030574798,0.2669660449028015,6830544.0
21.03.2017,0.4990470111370086,0.5019040107727051,0.4961900115013122,0.4966660141944885,0.2664547562599182,7931448.0
22.03.2017,0.4976190030574798,0.4980950057506561,0.495714008808136,0.4971419870853424,0.266710102558136,2724582.0
23.03.2017,0.4952380061149597,0.5119040012359619,0.4952380061149597,0.5099999904632568,0.2736082673072815,11391261.0
24.03.2017,0.5104759931564331,0.5128570199012756,0.5023800134658813,0.5057139992713928,0.2713088989257812,2834601.0
27.03.2017,0.5057139992713928,0.5157139897346497,0.5052379965782166,0.5114279985427856,0.2743743658065796,6788544.0
28.03.2017,0.5157139897346497,0.5190470218658447,0.5123800039291382,0.5138090252876282,0.275651752948761,5204577.0
29.03.2017,0.5138090252876282,0.5190470218658447,0.5047609806060791,0.5109519958496094,0.2741189897060394,2932986.0
30.03.2017,0.5109519958496094,0.5128570199012756,0.5057139992713928,0.5066660046577454,0.2718196213245392,4599945.0
31.03.2017,0.5085710287094116,0.5114279985427856,0.5047609806060791,0.5114279985427856,0.2743743658065796,4557315.0
03.04.2017,0.5114279985427856,0.5114279985427856,0.5076190233230591,0.5076190233230591,0.2723309099674225,3446856.0
04.04.2017,0.5080950260162354,0.5109519958496094,0.5057139992713928,0.5076190233230591,0.2723309099674225,21155106.0
05.04.2017,0.4680950045585632,0.4728569984436035,0.4652380049228668,0.4685710072517395,0.2774051427841186,13302597.0
06.04.2017,0.4685710072517395,0.4704760015010834,0.4580950140953064,0.4600000083446502,0.2723309099674225,16677213.0
07.04.2017,0.4580950140953064,0.4609520137310028,0.4561899900436401,0.4580950140953064,0.2712031006813049,11456718.0
10.04.2017,0.4604760110378265,0.4647609889507293,0.4557139873504638,0.4638090133666992,0.2745859026908874,14136549.0
11.04.2017,0.4657140076160431,0.4766660034656524,0.4623799920082092,0.4709520041942596,0.2788147330284118,22579368.0
12.04.2017,0.4714280068874359,0.4790470004081726,0.4714280068874359,0.4776189923286438,0.2827617526054382,9208080.0
13.04.2017,0.4785709977149963,0.4785709977149963,0.4690470099449157,0.4757139980792999,0.281633973121643,3493245.0
14.04.2017,0.4714280068874359,0.4733330011367798,0.4642849862575531,0.4685710072517395,0.2774051427841186,1350111.0
17.04.2017,0.4757139980792999,0.4757139980792999,0.4690470099449157,0.4704760015010834,0.2785329222679138,1739304.0
18.04.2017,0.4704760015010834,0.4790470004081726,0.469523012638092,0.4771420061588287,0.2824793756008148,5870550.0
19.04.2017,0.4790470004081726,0.4857139885425567,0.4757139980792999,0.4761900007724762,0.2819157540798187,9271962.0
20.04.2017,0.4776189923286438,0.4866659939289093,0.4776189923286438,0.4833329916000366,0.2861446142196655,11644143.0
21.04.2017,0.4833329916000366,0.4880949854850769,0.4809519946575165,0.4838089942932129,0.2864263653755188,4618047.0
24.04.2017,0.4842849969863891,0.4866659939289093,0.481904000043869,0.4833329916000366,0.2861446142196655,3822210.0
25.04.2017,0.4847609996795654,0.486189991235733,0.4809519946575165,0.4838089942932129,0.2864263653755188,4438644.0
26.04.2017,0.4842849969863891,0.5171419978141785,0.4823800027370453,0.5157139897346497,0.3053148984909057,16584855.0
27.04.2017,0.5157139897346497,0.5199999809265137,0.5042849779129028,0.5171419978141785,0.3061603009700775,20149395.0
28.04.2017,0.5142850279808044,0.5166659951210022,0.5033329725265503,0.5052379965782166,0.2991128861904144,8008308.0
01.05.2017,0.5052379965782166,0.5052379965782166,0.5052379965782166,0.5052379965782166,0.2991128861904144,0.0
02.05.2017,0.548570990562439,0.550000011920929,0.5385710000991821,0.5428569912910461,0.3213841915130615,39961488.0
03.05.2017,0.5419039726257324,0.5638089776039124,0.5414280295372009,0.5476189851760864,0.3242034018039703,20206452.0
04.05.2017,0.5490469932556152,0.5585709810256958,0.5461900234222412,0.5509520173072815,0.3261766731739044,12043962.0
05.05.2017,0.5509520173072815,0.5590469837188721,0.5471420288085938,0.5533329844474792,0.3275862336158752,12735996.0
08.05.2017,0.551904022693634,0.5619040131568909,0.551904022693634,0.5523800253868103,0.3270220458507538,5724138.0
09.05.2017,0.552856981754303,0.5547609925270081,0.5414280295372009,0.5466660261154175,0.3236392438411712,11675496.0
10.05.2017,0.5447610020637512,0.5580949783325195,0.5438089966773987,0.5552380084991455,0.3287140429019928,11398380.0
11.05.2017,0.5552380084991455,0.5619040131568909,0.5538089871406555,0.5571420192718506,0.329841285943985,6952785.0
12.05.2017,0.5571420192718506,0.5614280104637146,0.5476189851760864,0.5523800253868103,0.3270220458507538,4130784.0
15.05.2017,0.5533329844474792,0.556190013885498,0.5476189851760864,0.5476189851760864,0.3242034018039703,4500258.0
16.05.2017,0.5480949878692627,0.5523800253868103,0.5476189851760864,0.5480949878692627,0.3244852125644684,4668615.0
17.05.2017,0.550000011920929,0.5509520173072815,0.544284999370575,0.544284999370575,0.3222296237945556,5623149.0
18.05.2017,0.5452380180358887,0.5480949878692627,0.5333330035209656,0.5357139706611633,0.3171553611755371,4185132.0
19.05.2017,0.5357139706611633,0.5357139706611633,0.5357139706611633,0.5357139706611633,0.3171553611755371,0.0
22.05.2017,0.5357139706611633,0.5476189851760864,0.5314279794692993,0.5328570008277893,0.3154639601707458,9962778.0
23.05.2017,0.5328570008277893,0.5433329939842224,0.5328570008277893,0.5419039726257324,0.3208199739456177,5287716.0
24.05.2017,0.5338090062141418,0.5457140207290649,0.5338090062141418,0.5385710000991821,0.3188467919826507,4835166.0
25.05.2017,0.5400000214576721,0.5476189851760864,0.5390470027923584,0.5466660261154175,0.3236392438411712,5069673.0
26.05.2017,0.5466660261154175,0.551904022693634,0.5404760241508484,0.5423799753189087,0.3211017847061157,7516404.0
29.05.2017,0.5428569912910461,0.5452380180358887,0.5352380275726318,0.5385710000991821,0.3188467919826507,3885168.0
30.05.2017,0.5385710000991821,0.5419039726257324,0.5357139706611633,0.5361899733543396,0.3174371719360351,20040846.0
31.05.2017,0.5395230054855347,0.5461900234222412,0.5371419787406921,0.5457140207290649,0.3230756223201751,8823738.0
01.06.2017,0.5452380180358887,0.5495229959487915,0.544284999370575,0.5452380180358887,0.3227938115596771,5446350.0
02.06.2017,0.550000011920929,0.5533329844474792,0.5495229959487915,0.551904022693634,0.3267402946949005,4663071.0
05.06.2017,0.551904022693634,0.5580949783325195,0.5404760241508484,0.5414280295372009,0.3205382227897644,5728422.0
06.06.2017,0.5414280295372009,0.5471420288085938,0.5400000214576721,0.544284999370575,0.3222296237945556,5536545.0
07.06.2017,0.5447610020637512,0.5580949783325195,0.5438089966773987,0.5504760146141052,0.325894832611084,18571287.0
08.06.2017,0.556190013885498,0.6271420121192932,0.556190013885498,0.6095229983329773,0.3608520925045013,116699331.0
09.06.2017,0.6180949807167053,0.6219040155410767,0.5957139730453491,0.6042850017547607,0.3577510714530945,32182080.0
12.06.2017,0.6071419715881348,0.630952000617981,0.604761004447937,0.610476016998291,0.361416220664978,31804878.0
13.06.2017,0.6166660189628601,0.6233329772949219,0.6119040250778198,0.6138089895248413,0.3633894324302673,17763648.0
14.06.2017,0.6185709834098816,0.6695230007171631,0.6171420216560364,0.6571419835090637,0.3890435695648193,48482931.0
15.06.2017,0.65904700756073,0.6661900281906128,0.6361899971961975,0.6414279937744141,0.3797405064105987,15198918.0
16.06.2017,0.6466659903526306,0.6690469980239868,0.6452379822731018,0.654761016368866,0.3876340091228485,27220368.0
19.06.2017,0.6571419835090637,0.6628569960594177,0.6399999856948853,0.6476190090179443,0.3834057748317718,9175488.0
20.06.2017,0.642857015132904,0.6495230197906494,0.6357139945030212,0.6404759883880615,0.3791769444942474,7728252.0
21.06.2017,0.6390470266342163,0.6542850136756897,0.6214280128479004,0.6419039964675903,0.3800224065780639,10359237.0
22.06.2017,0.6438090205192566,0.6557139754295349,0.6419039964675903,0.642857015132904,0.3805865943431854,9433683.0
23.06.2017,0.6452379822731018,0.6457139849662781,0.6333330273628235,0.6361899971961975,0.3766395449638366,10528014.0
26.06.2017,0.6361899971961975,0.6361899971961975,0.6361899971961975,0.6361899971961975,0.3766395449638366,0.0
27.06.2017,0.6361899971961975,0.6361899971961975,0.6361899971961975,0.6361899971961975,0.3766395449638366,0.0
28.06.2017,0.6357139945030212,0.6452379822731018,0.633808970451355,0.6452379822731018,0.3819961547851562,14863695.0
29.06.2017,0.6480950117111206,0.6533330082893372,0.6304759979248047,0.635237991809845,0.3760759532451629,8955345.0
30.06.2017,0.6366659998893738,0.6399999856948853,0.630952000617981,0.63714200258255,0.3772031664848327,5896653.0
03.07.2017,0.6380950212478638,0.6457139849662781,0.63714200258255,0.6433330178260803,0.3808683753013611,6942810.0
04.07.2017,0.6409519910812378,0.6714280247688293,0.6409519910812378,0.6671419739723206,0.3949638307094574,30217068.0
05.07.2017,0.6733329892158508,0.6752380132675171,0.6495230197906494,0.654761016368866,0.3876340091228485,14899731.0
06.07.2017,0.65904700756073,0.65904700756073,0.6395230293273926,0.642857015132904,0.3805865943431854,6140883.0
07.07.2017,0.6476190090179443,0.661903977394104,0.6414279937744141,0.6609519720077515,0.3912992179393768,13639248.0
10.07.2017,0.6638090014457703,0.6661900281906128,0.6490470170974731,0.6528570055961609,0.3865067958831787,6826323.0
11.07.2017,0.6542850136756897,0.6580950021743774,0.6504759788513184,0.6533330082893372,0.3867886662483215,5031180.0
12.07.2017,0.6533330082893372,0.6661900281906128,0.6523799896240234,0.6595230102539062,0.3904532492160797,8122212.0
13.07.2017,0.6595230102539062,0.6866660118103027,0.6571419835090637,0.6866660118103027,0.4065225422382355,20011278.0
14.07.2017,0.6899999976158142,0.6933330297470093,0.6700000166893005,0.6733329892158508,0.3986290395259857,14442162.0
17.07.2017,0.6752380132675171,0.6785709857940674,0.6666659712791443,0.6761900186538696,0.4003204703330993,11253585.0
18.07.2017,0.6742849946022034,0.688094973564148,0.6695230007171631,0.6723799705505371,0.3980648219585418,14198772.0
19.07.2017,0.6771420240402222,0.6790469884872437,0.6733329892158508,0.6733329892158508,0.3986290395259857,5821956.0
20.07.2017,0.6738089919090271,0.6847609877586365,0.6638090014457703,0.6638090014457703,0.3929906189441681,9941169.0
21.07.2017,0.6638090014457703,0.6728569865226746,0.6580950021743774,0.6652380228042603,0.39383664727211,7443072.0
24.07.2017,0.6666659712791443,0.6728569865226746,0.663332998752594,0.6680949926376343,0.3955280780792236,9372804.0
25.07.2017,0.6685709953308105,0.6747609972953796,0.6685709953308105,0.6700000166893005,0.3966558277606964,6690642.0
26.07.2017,0.6700000166893005,0.6842849850654602,0.6700000166893005,0.6780949831008911,0.4014483094215393,16025688.0
27.07.2017,0.6780949831008911,0.6847609877586365,0.6761900186538696,0.6761900186538696,0.4003204703330993,4887309.0
28.07.2017,0.6761900186538696,0.6780949831008911,0.661903977394104,0.6666659712791443,0.3946820497512817,4998441.0
31.07.2017,0.6666659712791443,0.6728569865226746,0.663332998752594,0.663332998752594,0.3927088379859924,5202267.0
01.08.2017,0.6642850041389465,0.6685709953308105,0.6390470266342163,0.6404759883880615,0.3791769444942474,12684840.0
02.08.2017,0.6447610259056091,0.6452379822731018,0.63714200258255,0.6376190185546875,0.3774855434894562,6502650.0
03.08.2017,0.63857102394104,0.6690469980239868,0.6380950212478638,0.6647610068321228,0.3935542702674866,11776359.0
04.08.2017,0.661903977394104,0.663332998752594,0.6561899781227112,0.6580950021743774,0.3896078467369079,2533839.0
07.08.2017,0.6576189994812012,0.6642850041389465,0.6566659808158875,0.6571419835090637,0.3890435695648193,4439484.0
08.08.2017,0.6571419835090637,0.661903977394104,0.654761016368866,0.6576189994812012,0.3893260657787323,4240971.0
09.08.2017,0.6571419835090637,0.6571419835090637,0.6442850232124329,0.6447610259056091,0.3817138075828552,4551309.0
10.08.2017,0.6442850232124329,0.6566659808158875,0.6442850232124329,0.6452379822731018,0.3819961547851562,4508322.0
11.08.2017,0.6466659903526306,0.6499999761581421,0.6228569746017456,0.6471419930458069,0.383123368024826,8420181.0
14.08.2017,0.6452379822731018,0.6566659808158875,0.63714200258255,0.6447610259056091,0.3817138075828552,7313859.0
15.08.2017,0.6523799896240234,0.6566659808158875,0.6228569746017456,0.6228569746017456,0.3687460720539093,14801913.0
16.08.2017,0.6238089799880981,0.6314280033111572,0.6057140231132507,0.6114280223846436,0.3619798421859741,6219738.0
17.08.2017,0.6123800277709961,0.6200000047683716,0.610476016998291,0.6109520196914673,0.3616980314254761,6174042.0
18.08.2017,0.6119040250778198,0.6180949807167053,0.604761004447937,0.6080949902534485,0.3600066602230072,10173891.0
21.08.2017,0.6095229983329773,0.6119040250778198,0.6066660284996033,0.6076189875602722,0.3597248196601867,5212767.0
22.08.2017,0.6085709929466248,0.6138089895248413,0.6038089990615845,0.6057140231132507,0.3585970401763916,7853874.0
23.08.2017,0.6066660284996033,0.6190469861030579,0.6052380204200745,0.6100000143051147,0.36113440990448,13619550.0
24.08.2017,0.6114280223846436,0.6261900067329407,0.610476016998291,0.6114280223846436,0.3619798421859741,9785811.0
25.08.2017,0.6119040250778198,0.6171420216560364,0.610476016998291,0.6109520196914673,0.3616980314254761,5734176.0
28.08.2017,0.6109520196914673,0.613332986831665,0.6038089990615845,0.606190025806427,0.3588788509368896,4915911.0
29.08.2017,0.6057140231132507,0.6076189875602722,0.5961899757385254,0.5961899757385254,0.3529585897922516,5872314.0
30.08.2017,0.5961899757385254,0.5961899757385254,0.5961899757385254,0.5961899757385254,0.3529585897922516,0.0
31.08.2017,0.5966659784317017,0.5995230078697205,0.5957139730453491,0.5971419811248779,0.3535222113132477,2082696.0
01.09.2017,0.5971419811248779,0.5971419811248779,0.5971419811248779,0.5971419811248779,0.3535222113132477,0.0
04.09.2017,0.5971419811248779,0.5971419811248779,0.5971419811248779,0.5971419811248779,0.3535222113132477,0.0
05.09.2017,0.5971419811248779,0.606190025806427,0.5966659784317017,0.6023799777030945,0.3566232621669769,5005959.0
06.09.2017,0.6009520292282104,0.6023799777030945,0.5957139730453491,0.5971419811248779,0.3535222113132477,4113522.0
07.09.2017,0.5980949997901917,0.6052380204200745,0.5966659784317017,0.6004760265350342,0.3554960489273071,4987059.0
08.09.2017,0.6014279723167419,0.6042850017547607,0.5752379894256592,0.5795230269432068,0.3430913686752319,12687801.0
11.09.2017,0.5833330154418945,0.5928570032119751,0.5833330154418945,0.5866659879684448,0.3473201394081116,7376292.0
12.09.2017,0.5876190066337585,0.5947610139846802,0.5842850208282471,0.585237979888916,0.3464747667312622,5178075.0
13.09.2017,0.5866659879684448,0.5880950093269348,0.5728570222854614,0.5728570222854614,0.3391449451446533,6782895.0
14.09.2017,0.5733330249786377,0.576665997505188,0.5357139706611633,0.5685709714889526,0.3366075158119201,8847426.0
15.09.2017,0.5666660070419312,0.573809027671814,0.5642849802970886,0.5690469741821289,0.3368892967700958,7759584.0
18.09.2017,0.5704759955406189,0.5709519982337952,0.552856981754303,0.552856981754303,0.3273044526576996,4739448.0
19.09.2017,0.552856981754303,0.5666660070419312,0.5376189947128296,0.5414280295372009,0.3205382227897644,4942539.0
20.09.2017,0.551904022693634,0.5523800253868103,0.5385710000991821,0.5400000214576721,0.3196927905082702,5763933.0
21.09.2017,0.5380949974060059,0.5428569912910461,0.5285710096359253,0.530951976776123,0.3143361508846283,7371357.0
22.09.2017,0.5319039821624756,0.5357139706611633,0.5299999713897705,0.5319039821624756,0.314899742603302,5669958.0
25.09.2017,0.5319039821624756,0.5319039821624756,0.5171419978141785,0.522379994392395,0.3092613518238067,6705552.0
26.09.2017,0.523809015750885,0.5395230054855347,0.523809015750885,0.5380949974060059,0.3185649812221527,5034141.0
27.09.2017,0.5395230054855347,0.5428569912910461,0.5285710096359253,0.5304759740829468,0.3140543401241302,4411680.0
28.09.2017,0.5285710096359253,0.5552380084991455,0.5285710096359253,0.5514280200004578,0.3264584839344024,7811748.0
29.09.2017,0.5533329844474792,0.5676190257072449,0.550000011920929,0.5666660070419312,0.3354797065258026,13723206.0
02.10.2017,0.5676190257072449,0.5928570032119751,0.5619040131568909,0.5928570032119751,0.3509853482246399,16605855.0
03.10.2017,0.5938090085983276,0.5938090085983276,0.5790470242500305,0.580951988697052,0.343937337398529,13339221.0
04.10.2017,0.5842850208282471,0.5928570032119751,0.5785710215568542,0.5866659879684448,0.3473201394081116,14439075.0
05.10.2017,0.5899999737739563,0.5919039845466614,0.5795230269432068,0.580951988697052,0.343937337398529,5670105.0
06.10.2017,0.5838090181350708,0.5904759764671326,0.5804759860038757,0.5885710120201111,0.3484479784965515,8953665.0
09.10.2017,0.5714280009269714,0.580951988697052,0.5580949783325195,0.5742849707603455,0.3399902880191803,10710819.0
10.10.2017,0.5799999833106995,0.5895230174064636,0.5799999833106995,0.5890470147132874,0.3487298190593719,6327657.0
11.10.2017,0.5890470147132874,0.5985710024833679,0.5842850208282471,0.5909519791603088,0.3498575687408447,12415389.0
12.10.2017,0.5952379703521729,0.6066660284996033,0.5942850112915039,0.6023799777030945,0.3566232621669769,9899610.0
13.10.2017,0.6038089990615845,0.6185709834098816,0.6000000238418579,0.6166660189628601,0.365080863237381,11431812.0
16.10.2017,0.617618978023529,0.6238089799880981,0.6166660189628601,0.6166660189628601,0.365080863237381,9029727.0
17.10.2017,0.6171420216560364,0.6361899971961975,0.6157140135765076,0.6285709738731384,0.3721289038658142,11327610.0
18.10.2017,0.6333330273628235,0.63714200258255,0.6214280128479004,0.6214280128479004,0.3679001033306122,6640536.0
19.10.2017,0.6252380013465881,0.6261900067329407,0.6190469861030579,0.6219040155410767,0.3681818842887878,5891214.0
20.10.2017,0.6228569746017456,0.6257140040397644,0.6157140135765076,0.6204760074615479,0.3673364818096161,14703360.0
23.10.2017,0.6166660189628601,0.6252380013465881,0.6119040250778198,0.6190469861030579,0.3664904832839966,10316628.0
24.10.2017,0.6214280128479004,0.6238089799880981,0.6161900162696838,0.6200000047683716,0.3670547008514404,7705803.0
25.10.2017,0.6200000047683716,0.6257140040397644,0.6185709834098816,0.6228569746017456,0.3687460720539093,6355209.0
26.10.2017,0.6209520101547241,0.6247609853744507,0.6161900162696838,0.6180949807167053,0.3659268617630005,7484946.0
27.10.2017,0.6171420216560364,0.6271420121192932,0.6171420216560364,0.6190469861030579,0.3664904832839966,7559370.0
30.10.2017,0.6219040155410767,0.6380950212478638,0.6219040155410767,0.6319040060043335,0.3741021156311035,7743204.0
31.10.2017,0.6323800086975098,0.642857015132904,0.6323800086975098,0.6357139945030212,0.376357764005661,8403171.0
01.11.2017,0.6366659998893738,0.6423799991607666,0.633808970451355,0.633808970451355,0.3752298951148987,8264193.0
02.11.2017,0.6366659998893738,0.6395230293273926,0.6290469765663147,0.6290469765663147,0.3724107146263122,6396306.0
03.11.2017,0.6280949711799622,0.6623799800872803,0.6233329772949219,0.6561899781227112,0.388480007648468,27903414.0
06.11.2017,0.6476190090179443,0.6595230102539062,0.6442850232124329,0.6580950021743774,0.3896078467369079,13446048.0
07.11.2017,0.6580950021743774,0.6580950021743774,0.6452379822731018,0.6476190090179443,0.3834057748317718,8606955.0
08.11.2017,0.6476190090179443,0.6476190090179443,0.6257140040397644,0.6361899971961975,0.3766395449638366,9905847.0
09.11.2017,0.6366659998893738,0.6376190185546875,0.6114280223846436,0.6185709834098816,0.3662086725234985,7904925.0
10.11.2017,0.6200000047683716,0.6380950212478638,0.6042850017547607,0.6380950212478638,0.3777673840522766,9579927.0
13.11.2017,0.6380950212478638,0.6380950212478638,0.6157140135765076,0.6190469861030579,0.3664904832839966,7535934.0
14.11.2017,0.6190469861030579,0.6280949711799622,0.6119040250778198,0.6190469861030579,0.3664904832839966,6138552.0
15.11.2017,0.6190469861030579,0.6214280128479004,0.6009520292282104,0.6023799777030945,0.3566232621669769,7346493.0
16.11.2017,0.604761004447937,0.6114280223846436,0.5938090085983276,0.5976189970970154,0.3538046181201935,7620921.0
17.11.2017,0.6000000238418579,0.6000000238418579,0.5785710215568542,0.5790470242500305,0.3428095877170563,5509119.0
20.11.2017,0.580951988697052,0.5890470147132874,0.5685709714889526,0.5685709714889526,0.3366075158119201,2836134.0
21.11.2017,0.5680950284004211,0.578095018863678,0.550000011920929,0.578095018863678,0.3422459065914154,5171103.0
22.11.2017,0.5790470242500305,0.5823799967765808,0.5714280009269714,0.5814279913902283,0.3442191481590271,2021880.0
23.11.2017,0.5838090181350708,0.5876190066337585,0.5761899948120117,0.5761899948120117,0.3411181271076202,2927169.0
24.11.2017,0.5752379894256592,0.5838090181350708,0.5752379894256592,0.5776190161705017,0.3419641554355621,2805852.0
27.11.2017,0.5785710215568542,0.5923799872398376,0.5785710215568542,0.5914279818534851,0.3501393496990204,4907238.0
28.11.2017,0.5938090085983276,0.5938090085983276,0.5600000023841858,0.5600000023841858,0.3315332531929016,5935020.0
29.11.2017,0.5619040131568909,0.5733330249786377,0.5504760146141052,0.5714280009269714,0.3382989466190338,10330194.0
30.11.2017,0.5714280009269714,0.5857139825820923,0.5680950284004211,0.5799999833106995,0.3433737754821777,5338263.0
01.12.2017,0.5799999833106995,0.5904759764671326,0.5571420192718506,0.5628569722175598,0.3332246541976928,9481269.0
04.12.2017,0.5642849802970886,0.5742849707603455,0.5619040131568909,0.5719040036201477,0.3385807275772095,4209555.0
05.12.2017,0.573809027671814,0.5952379703521729,0.5671420097351074,0.5776190161705017,0.3419641554355621,10183719.0
06.12.2017,0.5771420001983643,0.5895230174064636,0.5647609829902649,0.5661900043487549,0.3351979255676269,9189432.0
07.12.2017,0.5666660070419312,0.5795230269432068,0.5666660070419312,0.572380006313324,0.3388625085353851,7562184.0
08.12.2017,0.5742849707603455,0.5785710215568542,0.5719040036201477,0.5747609734535217,0.3402721583843231,9006375.0
11.12.2017,0.5776190161705017,0.5871419906616211,0.5776190161705017,0.5799999833106995,0.3433737754821777,12742821.0
12.12.2017,0.580951988697052,0.5828570127487183,0.576665997505188,0.5799999833106995,0.3433737754821777,4655553.0
13.12.2017,0.5804759860038757,0.5871419906616211,0.5785710215568542,0.5795230269432068,0.3430913686752319,7257012.0
14.12.2017,0.5823799967765808,0.6114280223846436,0.5814279913902283,0.6114280223846436,0.3619798421859741,14223216.0
15.12.2017,0.6114280223846436,0.613332986831665,0.6028569936752319,0.6071419715881348,0.3594424426555633,5061126.0
18.12.2017,0.6085709929466248,0.6204760074615479,0.6076189875602722,0.6128569841384888,0.3628258407115936,5182401.0
19.12.2017,0.6138089895248413,0.6190469861030579,0.604761004447937,0.604761004447937,0.3580328524112701,5202393.0
20.12.2017,0.604761004447937,0.6095229983329773,0.6000000238418579,0.6033329963684082,0.3571874797344208,7161063.0
21.12.2017,0.6023799777030945,0.6066660284996033,0.5928570032119751,0.5961899757385254,0.3529585897922516,3386544.0
22.12.2017,0.5966659784317017,0.5995230078697205,0.5938090085983276,0.5942850112915039,0.351830780506134,2986935.0
25.12.2017,0.5966659784317017,0.6000000238418579,0.5942850112915039,0.5966659784317017,0.3532403707504272,4684134.0
26.12.2017,0.5976189970970154,0.5976189970970154,0.5928570032119751,0.5933330059051514,0.3512672185897827,3362814.0
27.12.2017,0.5933330059051514,0.5990470051765442,0.5871419906616211,0.5990470051765442,0.3546500205993652,5079039.0
28.12.2017,0.6004760265350342,0.610476016998291,0.6000000238418579,0.6052380204200745,0.3583152294158935,6070869.0
29.12.2017,0.6066660284996033,0.6119040250778198,0.6004760265350342,0.6119040250778198,0.3622617125511169,5956230.0
01.01.2018,0.6119040250778198,0.6119040250778198,0.6119040250778198,0.6119040250778198,0.3622617125511169,0.0
02.01.2018,0.613332986831665,0.642857015132904,0.613332986831665,0.6366659998893738,0.3769213557243347,14841267.0
03.01.2018,0.6390470266342163,0.6728569865226746,0.6390470266342163,0.6600000262260437,0.3907356262207031,32490129.0
04.01.2018,0.6580950021743774,0.6761900186538696,0.6271420121192932,0.6571419835090637,0.3890435695648193,28958223.0
05.01.2018,0.6595230102539062,0.6752380132675171,0.6557139754295349,0.6652380228042603,0.39383664727211,15247596.0
08.01.2018,0.6671419739723206,0.6771420240402222,0.6671419739723206,0.6757140159606934,0.4000386893749237,15828519.0
09.01.2018,0.6800000071525574,0.6809520125389099,0.6499999761581421,0.6504759788513184,0.3850972056388855,17328696.0
10.01.2018,0.6509519815444946,0.66047602891922,0.6452379822731018,0.6580950021743774,0.3896078467369079,8886591.0
11.01.2018,0.6595230102539062,0.6714280247688293,0.6523799896240234,0.6657140254974365,0.394118458032608,21113589.0
12.01.2018,0.6690469980239868,0.6700000166893005,0.6566659808158875,0.6585710048675537,0.3898896276950836,11080104.0
15.01.2018,0.6561899781227112,0.6685709953308105,0.633808970451355,0.633808970451355,0.3752298951148987,11865168.0
16.01.2018,0.6323800086975098,0.6509519815444946,0.629522979259491,0.6509519815444946,0.3853790163993835,7972440.0
17.01.2018,0.6504759788513184,0.6709520220756531,0.6504759788513184,0.65904700756073,0.3901714086532593,16413579.0
18.01.2018,0.661903977394104,0.6657140254974365,0.6523799896240234,0.6552379727363586,0.3879164159297943,9179142.0
19.01.2018,0.6566659808158875,0.6680949926376343,0.6476190090179443,0.6600000262260437,0.3907356262207031,14496447.0
22.01.2018,0.6600000262260437,0.6800000071525574,0.6533330082893372,0.6723799705505371,0.3980648219585418,37863651.0
23.01.2018,0.6747609972953796,0.6895229816436768,0.6714280247688293,0.6804760098457336,0.4028579294681549,41461686.0
24.01.2018,0.6814280152320862,0.7071419954299927,0.6800000071525574,0.7038090229034424,0.4166716635227203,43310778.0
25.01.2018,0.7038090229034424,0.7109519839286804,0.6723799705505371,0.6809520125389099,0.4031397402286529,32057403.0
26.01.2018,0.6814280152320862,0.692857027053833,0.6776189804077148,0.6828569769859314,0.4042674899101257,16262673.0
29.01.2018,0.6876189708709717,0.7190470099449158,0.6761900186538696,0.7152379751205444,0.4234378039836883,54547374.0
30.01.2018,0.7114279866218567,0.7214279770851135,0.7014279961585999,0.7033330202102661,0.4163898229598999,23491755.0
31.01.2018,0.7061899900436401,0.7280949950218201,0.7019039988517761,0.7123799920082092,0.4217458367347717,19755288.0
01.02.2018,0.7147610187530518,0.7300000190734863,0.7147610187530518,0.7228569984436035,0.427948534488678,24254874.0
02.02.2018,0.723809003829956,0.7266659736633301,0.7071419954299927,0.713333010673523,0.4223101139068603,11979765.0
05.02.2018,0.711903989315033,0.711903989315033,0.6947609782218933,0.7038090229034424,0.4166716635227203,14394450.0
06.02.2018,0.6899999976158142,0.7038090229034424,0.6752380132675171,0.7023800015449524,0.4158256351947784,13673751.0
07.02.2018,0.7057139873504639,0.7071419954299927,0.6876189708709717,0.6976190209388733,0.4130069613456726,11416881.0
08.02.2018,0.6976190209388733,0.6976190209388733,0.6704760193824768,0.6804760098457336,0.4028579294681549,10691688.0
09.02.2018,0.6704760193824768,0.6790469884872437,0.6595230102539062,0.6695230007171631,0.3963734805583954,11808405.0
12.02.2018,0.6761900186538696,0.6971420049667358,0.6742849946022034,0.6966660022735596,0.4124427735805511,9652020.0
13.02.2018,0.6971420049667358,0.7076190114021301,0.6828569769859314,0.688094973564148,0.407368540763855,4148487.0
14.02.2018,0.687142014503479,0.6952379941940308,0.6719040274620056,0.6804760098457336,0.4028579294681549,5017320.0
15.02.2018,0.6833329796791077,0.6919040083885193,0.6780949831008911,0.6904760003089905,0.4087781608104706,5382573.0
16.02.2018,0.691428005695343,0.6995229721069336,0.6847609877586365,0.6947609782218933,0.4113149642944336,6505485.0
19.02.2018,0.7142850160598755,0.7147610187530518,0.7028570175170898,0.7142850160598755,0.4228736758232116,26221839.0
20.02.2018,0.7142850160598755,0.719523012638092,0.6933330297470093,0.7019039988517761,0.4155438542366028,25476654.0
21.02.2018,0.7085710167884827,0.7290470004081726,0.7061899900436401,0.7290470004081726,0.4316130578517914,42017850.0
22.02.2018,0.7290470004081726,0.75,0.7247610092163086,0.75,0.4440177381038666,21941241.0
23.02.2018,0.7538089752197266,0.7614279985427856,0.7347609996795654,0.7428569793701172,0.4397889077663421,12767391.0
26.02.2018,0.74857097864151,0.7580950260162354,0.7409520149230957,0.7466660141944885,0.4420439898967743,7521129.0
27.02.2018,0.7438089847564697,0.7490469813346863,0.7357140183448792,0.737142026424408,0.436405599117279,5193468.0
28.02.2018,0.7347609996795654,0.7428569793701172,0.7290470004081726,0.7361900210380554,0.4358419775962829,5362203.0
01.03.2018,0.7333329916000366,0.7404760122299194,0.7214279770851135,0.7276189923286438,0.4307677447795868,7998984.0
02.03.2018,0.7380949854850769,0.744284987449646,0.7271419763565063,0.7319039702415466,0.4333044588565826,10263078.0
05.03.2018,0.7380949854850769,0.7471420168876648,0.7342849969863892,0.7447609901428223,0.4409162104129791,6243741.0
06.03.2018,0.7490469813346863,0.7504760026931763,0.7404760122299194,0.7461900115013123,0.4417621791362762,6350442.0
07.03.2018,0.7452380061149597,0.745714008808136,0.7304760217666626,0.7395229935646057,0.4378151297569275,11008095.0
08.03.2018,0.7400000095367432,0.7438089847564697,0.7357140183448792,0.7404760122299194,0.4383792877197265,6733503.0
09.03.2018,0.7366660237312317,0.7490469813346863,0.7319039702415466,0.7376189827919006,0.4366879463195801,10512621.0
12.03.2018,0.7433329820632935,0.7571420073509216,0.7400000095367432,0.7542849779129028,0.4465546011924743,8584149.0
13.03.2018,0.7523800134658813,0.7585710287094116,0.745714008808136,0.7557139992713928,0.4474005997180938,20659821.0
14.03.2018,0.7604759931564331,0.7685710191726685,0.7571420073509216,0.7609519958496094,0.4505015909671783,8964984.0
15.03.2018,0.7633330225944519,0.7638090252876282,0.7547609806060791,0.7566660046577454,0.4479641914367676,6443682.0
16.03.2018,0.7585710287094116,0.7642850279808044,0.75,0.7609519958496094,0.4505015909671783,11416461.0
19.03.2018,0.7595229744911194,0.7923799753189087,0.7595229744911194,0.7923799753189087,0.4691077768802643,20965518.0
20.03.2018,0.7966660261154175,0.800000011920929,0.7828570008277893,0.7842850089073181,0.4643152952194214,12290040.0
21.03.2018,0.7880949974060059,0.7971420288085938,0.7833330035209656,0.7861899733543396,0.4654431343078613,13482168.0
22.03.2018,0.7890470027923584,0.8128569722175598,0.7885710000991821,0.794284999370575,0.4702354967594147,16051455.0
23.03.2018,0.7904760241508484,0.8214280009269714,0.7857139706611633,0.8147609829902649,0.4823578000068664,16341465.0
26.03.2018,0.822380006313324,0.8495230078697205,0.822380006313324,0.826665997505188,0.489405870437622,19569459.0
27.03.2018,0.8285710215568542,0.8304759860038757,0.7923799753189087,0.8023800253868103,0.4750279784202575,25891866.0
28.03.2018,0.8014280200004578,0.8104760050773621,0.772379994392395,0.7804759740829468,0.462060272693634,23534952.0
29.03.2018,0.7900000214576721,0.7971420288085938,0.7795230150222778,0.7952380180358887,0.4707997441291809,6978846.0
30.03.2018,0.8023800253868103,0.8023800253868103,0.7895230054855347,0.7904760241508484,0.4679805338382721,3613176.0
02.04.2018,0.7928569912910461,0.801904022693634,0.7861899733543396,0.7904760241508484,0.4679805338382721,4959801.0
03.04.2018,0.7947610020637512,0.7976189851760864,0.7761899828910828,0.7928569912910461,0.4693901240825653,10728291.0
04.04.2018,0.7523800134658813,0.7523800134658813,0.7109519839286804,0.74857097864151,0.4751324653625488,18098619.0
05.04.2018,0.74857097864151,0.7542849779129028,0.7385709881782532,0.7495229840278625,0.4757367074489593,6687051.0
06.04.2018,0.7528570294380188,0.7752379775047302,0.7404760122299194,0.7733330130577087,0.4908493757247925,16657599.0
09.04.2018,0.7757139801979065,0.776665985584259,0.723809003829956,0.7452380061149597,0.4730169177055359,21280161.0
10.04.2018,0.7566660046577454,0.7566660046577454,0.711903989315033,0.7347609996795654,0.4663669764995575,11801580.0
11.04.2018,0.737142026424408,0.7452380061149597,0.7071419954299927,0.7400000095367432,0.4696922302246094,12304929.0
12.04.2018,0.7323799729347229,0.7471420168876648,0.7295230031013489,0.744284987449646,0.4724120199680328,6761223.0
13.04.2018,0.7476189732551575,0.7476189732551575,0.7338089942932129,0.737142026424408,0.4678782820701599,4531086.0
16.04.2018,0.7404760122299194,0.7533329725265503,0.7385709881782532,0.7466660141944885,0.4739233255386352,4726932.0
17.04.2018,0.7514280080795288,0.7571420073509216,0.7214279770851135,0.7357140183448792,0.4669718444347381,8749440.0
18.04.2018,0.7390469908714294,0.7661899924278259,0.7333329916000366,0.7657139897346497,0.4860134422779083,17874990.0
19.04.2018,0.7666659951210022,0.7857139706611633,0.7576190233230591,0.7842850089073181,0.4978008270263672,11821509.0
20.04.2018,0.780951976776123,0.7919039726257324,0.7790470123291016,0.7847610116004944,0.4981029629707336,9280068.0
23.04.2018,0.7847610116004944,0.7847610116004944,0.7847610116004944,0.7847610116004944,0.4981029629707336,0.0
24.04.2018,0.7852380275726318,0.8071420192718506,0.778095006942749,0.8066660165786743,0.5120065212249756,9285234.0
25.04.2018,0.8095229864120483,0.8128569722175598,0.7652379870414734,0.772379994392395,0.4902445375919342,12319377.0
26.04.2018,0.7757139801979065,0.7857139706611633,0.745714008808136,0.7523800134658813,0.4775500893592834,10324272.0
27.04.2018,0.7595229744911194,0.7633330225944519,0.737142026424408,0.741428017616272,0.4705986976623535,4890039.0
30.04.2018,0.7028570175170898,0.7028570175170898,0.6247609853744507,0.6257140040397644,0.3971527516841888,43649949.0
01.05.2018,0.6257140040397644,0.6257140040397644,0.6257140040397644,0.6257140040397644,0.3971527516841888,0.0
02.05.2018,0.6357139945030212,0.6390470266342163,0.6014279723167419,0.6076189875602722,0.3856675028800964,33697902.0
03.05.2018,0.6076189875602722,0.6152380108833313,0.5871419906616211,0.5876190066337585,0.372973084449768,18109098.0
04.05.2018,0.5838090181350708,0.6095229983329773,0.5799999833106995,0.5952379703521729,0.3778090178966522,18469416.0
07.05.2018,0.5957139730453491,0.5957139730453491,0.5604760050773621,0.5614280104637146,0.3563491702079773,21438081.0
08.05.2018,0.5604760050773621,0.5633329749107361,0.5290470123291016,0.5299999713897705,0.3364012241363525,20893068.0
09.05.2018,0.5,0.5947610139846802,0.5,0.5728570222854614,0.3636033833026886,69214488.0
10.05.2018,0.572380006313324,0.5757139921188354,0.5466660261154175,0.5619040131568909,0.3566513061523437,35708316.0
11.05.2018,0.556190013885498,0.5752379894256592,0.5504760146141052,0.5509520173072815,0.3496998846530914,26418357.0
14.05.2018,0.551904022693634,0.5638089776039124,0.5504760146141052,0.5585709810256958,0.3545357584953308,27422976.0
15.05.2018,0.5566660165786743,0.5571420192718506,0.5404760241508484,0.5476189851760864,0.3475843667984009,43817487.0
16.05.2018,0.5509520173072815,0.573809027671814,0.5452380180358887,0.5542849898338318,0.3518153727054596,33741477.0
17.05.2018,0.5542849898338318,0.5671420097351074,0.552856981754303,0.5595229864120483,0.3551400005817413,33854856.0
18.05.2018,0.5600000023841858,0.5676190257072449,0.5523800253868103,0.5547609925270081,0.352117508649826,20241984.0
21.05.2018,0.5542849898338318,0.5823799967765808,0.5514280200004578,0.5695229768753052,0.3614872395992279,29628669.0
22.05.2018,0.5704759955406189,0.5785710215568542,0.5661900043487549,0.5704759955406189,0.3620920777320862,13500900.0
23.05.2018,0.5661900043487549,0.5742849707603455,0.5571420192718506,0.5633329749107361,0.3575582802295685,27604731.0
24.05.2018,0.5761899948120117,0.5761899948120117,0.5590469837188721,0.5604760050773621,0.3557449281215668,17223528.0
25.05.2018,0.5595229864120483,0.5642849802970886,0.556190013885498,0.5571420192718506,0.3536287844181061,13118973.0
28.05.2018,0.5652379989624023,0.5699999928474426,0.5604760050773621,0.5652379989624023,0.3587674796581268,14649012.0
29.05.2018,0.5671420097351074,0.5676190257072449,0.5590469837188721,0.5609520077705383,0.3560470640659332,18024258.0
30.05.2018,0.5619040131568909,0.5661900043487549,0.5538089871406555,0.556190013885498,0.3530245125293731,17473323.0
31.05.2018,0.5614280104637146,0.5619040131568909,0.550000011920929,0.5514280200004578,0.3500019907951355,11237289.0
01.06.2018,0.5509520173072815,0.5571420192718506,0.5433329939842224,0.5542849898338318,0.3518153727054596,9272487.0
04.06.2018,0.5542849898338318,0.5623800158500671,0.551904022693634,0.556190013885498,0.3530245125293731,9383535.0
05.06.2018,0.5566660165786743,0.5585709810256958,0.5490469932556152,0.552856981754303,0.3509089946746826,8935962.0
06.06.2018,0.552856981754303,0.5571420192718506,0.5419039726257324,0.5471420288085938,0.3472816050052643,8757273.0
07.06.2018,0.5452380180358887,0.5523800253868103,0.5414280295372009,0.5457140207290649,0.3463752269744873,7076454.0
08.06.2018,0.5466660261154175,0.5480949878692627,0.5299999713897705,0.5328570008277893,0.3382146060466766,7602882.0
11.06.2018,0.5328570008277893,0.5347610116004944,0.5171419978141785,0.5285710096359253,0.335494190454483,6405021.0
12.06.2018,0.5285710096359253,0.5438089966773987,0.5209519863128662,0.5233330130577087,0.3321695625782013,14282352.0
13.06.2018,0.5209519863128662,0.5252379775047302,0.5080950260162354,0.5104759931564331,0.3240089416503906,6067992.0
14.06.2018,0.5147609710693359,0.530951976776123,0.5085710287094116,0.5233330130577087,0.3321695625782013,5056611.0
15.06.2018,0.5233330130577087,0.5233330130577087,0.5233330130577087,0.5233330130577087,0.3321695625782013,0.0
18.06.2018,0.5233330130577087,0.5285710096359253,0.5199999809265137,0.5257139801979065,0.3336808085441589,4285365.0
19.06.2018,0.523809015750885,0.5299999713897705,0.5199999809265137,0.5261899828910828,0.3339829444885254,5809545.0
20.06.2018,0.5257139801979065,0.5314279794692993,0.5233330130577087,0.5290470123291016,0.3357963562011719,11049150.0
21.06.2018,0.528095006942749,0.5404760241508484,0.5276190042495728,0.5333330035209656,0.3385167419910431,7721511.0
22.06.2018,0.5347610116004944,0.5409520268440247,0.5276190042495728,0.5361899733543396,0.3403301537036896,7610841.0
25.06.2018,0.5476189851760864,0.5642849802970886,0.5142850279808044,0.5199999809265137,0.3300540447235107,18324726.0
26.06.2018,0.5171419978141785,0.5314279794692993,0.5166659951210022,0.5242850184440613,0.3327738046646118,6372786.0
27.06.2018,0.523809015750885,0.5471420288085938,0.5233330130577087,0.5357139706611633,0.3400279581546783,18922848.0
28.06.2018,0.5390470027923584,0.5533329844474792,0.5390470027923584,0.5409520268440247,0.3433527052402496,13209735.0
29.06.2018,0.5476189851760864,0.5547609925270081,0.5419039726257324,0.544284999370575,0.3454681634902954,12266226.0
02.07.2018,0.544284999370575,0.5595229864120483,0.5404760241508484,0.5552380084991455,0.352420300245285,18108153.0
03.07.2018,0.5619040131568909,0.5747609734535217,0.5547609925270081,0.5652379989624023,0.3587674796581268,26400822.0
04.07.2018,0.5628569722175598,0.5714280009269714,0.5600000023841858,0.5685709714889526,0.3608829379081726,6386751.0
05.07.2018,0.5699999928474426,0.580951988697052,0.5699999928474426,0.5771420001983643,0.366323173046112,10456572.0
06.07.2018,0.580951988697052,0.5871419906616211,0.5733330249786377,0.5771420001983643,0.366323173046112,9496914.0
09.07.2018,0.5799999833106995,0.5828570127487183,0.5504760146141052,0.552856981754303,0.3509089946746826,19090827.0
10.07.2018,0.5385710000991821,0.550000011920929,0.5219039916992188,0.5257139801979065,0.3336808085441589,16750482.0
11.07.2018,0.5190470218658447,0.5190470218658447,0.4838089942932129,0.4895229935646057,0.310709685087204,16384221.0
12.07.2018,0.4938090145587921,0.5071420073509216,0.4838089942932129,0.4923799932003021,0.3125230967998504,12629127.0
13.07.2018,0.494284987449646,0.4976190030574798,0.4895229935646057,0.4938090145587921,0.3134301006793976,5929812.0
16.07.2018,0.4980950057506561,0.5052379965782166,0.495714008808136,0.4971419870853424,0.3155456185340881,7390929.0
17.07.2018,0.4985710084438324,0.5057139992713928,0.495714008808136,0.5047609806060791,0.3203815519809723,7252371.0
18.07.2018,0.5071420073509216,0.5214279890060425,0.5061900019645691,0.5157139897346497,0.3273336291313171,11551743.0
19.07.2018,0.5152379870414734,0.5261899828910828,0.5142850279808044,0.5152379870414734,0.3270314633846283,7586586.0
20.07.2018,0.5152379870414734,0.5228570103645325,0.5142850279808044,0.5219039916992188,0.3312625586986542,7637532.0
23.07.2018,0.523809015750885,0.5338090062141418,0.523809015750885,0.526665985584259,0.3342850506305694,8879661.0
24.07.2018,0.5257139801979065,0.5276190042495728,0.4990470111370086,0.5,0.3173596560955047,12608505.0
25.07.2018,0.5004760026931763,0.5147609710693359,0.5,0.5099999904632568,0.3237068653106689,14045451.0
26.07.2018,0.5114279985427856,0.5199999809265137,0.5038089752197266,0.5076190233230591,0.3221955895423889,16935534.0
27.07.2018,0.5133330225944519,0.5161899924278259,0.5061900019645691,0.5095229744911194,0.3234040439128876,5264469.0
30.07.2018,0.5047609806060791,0.5380949974060059,0.5047609806060791,0.5357139706611633,0.3400279581546783,14181258.0
31.07.2018,0.5357139706611633,0.5604760050773621,0.5299999713897705,0.5585709810256958,0.3545357584953308,24054198.0
01.08.2018,0.5571420192718506,0.5704759955406189,0.5476189851760864,0.5480949878692627,0.3478864729404449,25296432.0
02.08.2018,0.5333330035209656,0.5390470027923584,0.5142850279808044,0.523809015750885,0.3324716687202453,27314238.0
03.08.2018,0.5209519863128662,0.5395230054855347,0.5209519863128662,0.5323799848556519,0.3379118740558624,11602668.0
06.08.2018,0.5395230054855347,0.5495229959487915,0.5333330035209656,0.5466660261154175,0.3469794392585754,14175273.0
07.08.2018,0.5457140207290649,0.5538089871406555,0.5419039726257324,0.5504760146141052,0.349397748708725,13567281.0
08.08.2018,0.550000011920929,0.5542849898338318,0.5428569912910461,0.5457140207290649,0.3463752269744873,9571107.0
09.08.2018,0.5447610020637512,0.5557140111923218,0.5404760241508484,0.544284999370575,0.3454681634902954,11490465.0
10.08.2018,0.5333330035209656,0.5523800253868103,0.4890469908714294,0.5352380275726318,0.339725911617279,26520396.0
13.08.2018,0.5333330035209656,0.5447610020637512,0.4857139885425567,0.5261899828910828,0.3339829444885254,38576874.0
14.08.2018,0.5352380275726318,0.5633329749107361,0.5323799848556519,0.5609520077705383,0.3560470640659332,19216953.0
15.08.2018,0.5680950284004211,0.5685709714889526,0.5095229744911194,0.5095229744911194,0.3234040439128876,32859897.0
16.08.2018,0.5185710191726685,0.5295230150222778,0.5009520053863525,0.5019040107727051,0.3185681402683258,17675175.0
17.08.2018,0.4976190030574798,0.5095229744911194,0.486189991235733,0.5057139992713928,0.3209864497184753,9979116.0
20.08.2018,0.5014280080795288,0.5119040012359619,0.4976190030574798,0.5071420073509216,0.3218928277492523,1532685.0
21.08.2018,0.5071420073509216,0.5071420073509216,0.5071420073509216,0.5071420073509216,0.3218928277492523,0.0
22.08.2018,0.5071420073509216,0.5071420073509216,0.5071420073509216,0.5071420073509216,0.3218928277492523,0.0
23.08.2018,0.5071420073509216,0.5071420073509216,0.5071420073509216,0.5071420073509216,0.3218928277492523,0.0
24.08.2018,0.5071420073509216,0.5071420073509216,0.5071420073509216,0.5071420073509216,0.3218928277492523,0.0
27.08.2018,0.5166659951210022,0.5261899828910828,0.5076190233230591,0.5233330130577087,0.3321695625782013,4380726.0
28.08.2018,0.5285710096359253,0.5376189947128296,0.523809015750885,0.5347610116004944,0.33942312002182,5441520.0
29.08.2018,0.5285710096359253,0.5380949974060059,0.523809015750885,0.5276190042495728,0.3348899483680725,11377800.0
30.08.2018,0.5276190042495728,0.5276190042495728,0.5276190042495728,0.5276190042495728,0.3348899483680725,0.0
31.08.2018,0.526665985584259,0.5423799753189087,0.526665985584259,0.5323799848556519,0.3379118740558624,8215452.0
03.09.2018,0.530951976776123,0.552856981754303,0.530951976776123,0.5514280200004578,0.3500019907951355,7648053.0
04.09.2018,0.5533329844474792,0.5566660165786743,0.5357139706611633,0.5428569912910461,0.3445617854595184,6913410.0
05.09.2018,0.5428569912910461,0.5495229959487915,0.5319039821624756,0.5361899733543396,0.3403301537036896,6042456.0
06.09.2018,0.5376189947128296,0.5495229959487915,0.5357139706611633,0.5361899733543396,0.3403301537036896,9105264.0
07.09.2018,0.5361899733543396,0.5395230054855347,0.5285710096359253,0.5314279794692993,0.3373075723648071,5194245.0
10.09.2018,0.5299999713897705,0.5400000214576721,0.5161899924278259,0.5171419978141785,0.3282400071620941,5000688.0
11.09.2018,0.5190470218658447,0.5209519863128662,0.5099999904632568,0.5104759931564331,0.3240089416503906,5827143.0
12.09.2018,0.5138090252876282,0.5157139897346497,0.5,0.5047609806060791,0.3203815519809723,6206214.0
13.09.2018,0.5052379965782166,0.5147609710693359,0.4938090145587921,0.5104759931564331,0.3240089416503906,8480703.0
14.09.2018,0.5119040012359619,0.5185710191726685,0.5061900019645691,0.5090469717979431,0.3231019079685211,6033615.0
17.09.2018,0.5090469717979431,0.5204759836196899,0.5052379965782166,0.5066660046577454,0.3215906620025635,8945769.0
18.09.2018,0.5119040012359619,0.5161899924278259,0.5071420073509216,0.5090469717979431,0.3231019079685211,3028431.0
19.09.2018,0.5119040012359619,0.5133330225944519,0.5095229744911194,0.5114279985427856,0.3246131837368011,5976600.0
20.09.2018,0.5114279985427856,0.522379994392395,0.5061900019645691,0.5166659951210022,0.3279378712177276,8859795.0
21.09.2018,0.5142850279808044,0.5333330035209656,0.5142850279808044,0.5271419882774353,0.3345871567726135,16988979.0
24.09.2018,0.528095006942749,0.5400000214576721,0.528095006942749,0.5380949974060059,0.3415392637252807,10457559.0
25.09.2018,0.5390470027923584,0.5452380180358887,0.530951976776123,0.530951976776123,0.337005466222763,8253966.0
26.09.2018,0.5095229744911194,0.5142850279808044,0.4790470004081726,0.4895229935646057,0.310709685087204,23486253.0
27.09.2018,0.4928570091724396,0.4928570091724396,0.47809499502182,0.4785709977149963,0.3037582337856293,15304044.0
28.09.2018,0.4795230031013489,0.4838089942932129,0.4771420061588287,0.4785709977149963,0.3037582337856293,13429836.0
01.10.2018,0.4771420061588287,0.4795230031013489,0.4699999988079071,0.4709520041942596,0.2989223003387451,9437232.0
02.10.2018,0.4704760015010834,0.4704760015010834,0.4576190114021301,0.4642849862575531,0.2946906387805938,7618863.0
03.10.2018,0.4642849862575531,0.4814279973506927,0.4623799920082092,0.4666660130023956,0.2962019443511963,15327018.0
04.10.2018,0.4733330011367798,0.4733330011367798,0.4423800110816955,0.4423800110816955,0.2807871103286743,7764225.0
05.10.2018,0.4452379941940307,0.4461899995803833,0.4285709857940674,0.437142014503479,0.2774624824523926,11248566.0
08.10.2018,0.437142014503479,0.4399999976158142,0.4314279854297638,0.4323799908161163,0.2744399607181549,7663425.0
09.10.2018,0.4342850148677826,0.4409520030021667,0.4309520125389099,0.43190398812294,0.2741377651691437,13980771.0
10.10.2018,0.43190398812294,0.4352380037307739,0.4247609972953796,0.4266659915447235,0.2708131372928619,13554996.0
11.10.2018,0.4285709857940674,0.4395230114459991,0.4252380132675171,0.4323799908161163,0.2744399607181549,7278495.0
12.10.2018,0.4352380037307739,0.437619000673294,0.4280950129032135,0.437142014503479,0.2774624824523926,9286872.0
15.10.2018,0.4428569972515106,0.4666660130023956,0.4404760003089905,0.4557139873504638,0.2892504334449768,11471481.0
16.10.2018,0.4595229923725128,0.4680950045585632,0.4566659927368164,0.4590469896793365,0.2913659512996673,7074081.0
17.10.2018,0.4576190114021301,0.4642849862575531,0.4576190114021301,0.4604760110378265,0.2922730147838592,6231309.0
18.10.2018,0.4666660130023956,0.4666660130023956,0.4580950140953064,0.4595229923725128,0.2916681170463562,5789994.0
19.10.2018,0.4657140076160431,0.4666660130023956,0.4580950140953064,0.4623799920082092,0.2934814989566803,7509075.0
22.10.2018,0.4690470099449157,0.4723800122737884,0.4576190114021301,0.4623799920082092,0.2934814989566803,9810234.0
23.10.2018,0.4571419954299927,0.4609520137310028,0.4471420049667358,0.4490469992160797,0.2850188016891479,15324813.0
24.10.2018,0.4519039988517761,0.4576190114021301,0.4380950033664703,0.4380950033664703,0.2780673503875732,18407487.0
25.10.2018,0.4347609877586365,0.437142014503479,0.4271419942378998,0.4280950129032135,0.271720141172409,9434670.0
26.10.2018,0.4490469992160797,0.4490469992160797,0.4261899888515472,0.4266659915447235,0.2708131372928619,8187564.0
29.10.2018,0.4266659915447235,0.4266659915447235,0.4266659915447235,0.4266659915447235,0.2708131372928619,0.0
30.10.2018,0.4285709857940674,0.4290469884872436,0.4228569865226745,0.4261899888515472,0.2705110311508178,3999786.0
31.10.2018,0.4304760098457336,0.43190398812294,0.4247609972953796,0.4285709857940674,0.2720222771167755,6094725.0
01.11.2018,0.4199999868869781,0.4357140064239502,0.4199999868869781,0.4295229911804199,0.272626519203186,5574744.0
02.11.2018,0.4380950033664703,0.4471420049667358,0.4338090121746063,0.4404760003089905,0.2795785963535309,9083865.0
05.11.2018,0.4385710060596466,0.4385710060596466,0.4261899888515472,0.4342850148677826,0.2756490409374237,15128001.0
06.11.2018,0.4395230114459991,0.4395230114459991,0.4280950129032135,0.4314279854297638,0.273835688829422,4998315.0
07.11.2018,0.4314279854297638,0.4404760003089905,0.4280950129032135,0.4342850148677826,0.2756490409374237,7443723.0
08.11.2018,0.4352380037307739,0.4452379941940307,0.4295229911804199,0.43190398812294,0.2741377651691437,11785137.0
09.11.2018,0.4314279854297638,0.4323799908161163,0.4166660010814667,0.4199999868869781,0.2665821015834808,5846862.0
12.11.2018,0.4238089919090271,0.4238089919090271,0.4000000059604645,0.400952011346817,0.2544919848442077,6570354.0
13.11.2018,0.400952011346817,0.4023799896240234,0.3957140147686004,0.4014280140399933,0.2547941207885742,3142524.0
14.11.2018,0.4014280140399933,0.4161899983882904,0.4000000059604645,0.4114280045032501,0.2611412703990936,5594610.0
15.11.2018,0.4123800098896026,0.4152379930019378,0.4028570055961609,0.40904700756073,0.259630024433136,6877332.0
16.11.2018,0.4099999964237213,0.4128569960594177,0.4066660106182098,0.4095230102539062,0.25993213057518,2738589.0
19.11.2018,0.4099999964237213,0.4123800098896026,0.4038090109825134,0.4076189994812011,0.258723646402359,5356554.0
20.11.2018,0.4057140052318573,0.4085710048675537,0.3933329880237579,0.3933329880237579,0.2496560662984848,3944493.0
21.11.2018,0.3923799991607666,0.3990469872951507,0.3857139945030212,0.3957140147686004,0.251167356967926,3223143.0
22.11.2018,0.3976190090179443,0.4114280045032501,0.3976190090179443,0.4085710048675537,0.2593279182910919,6669054.0
23.11.2018,0.4080950021743774,0.4114280045032501,0.405238002538681,0.4066660106182098,0.2581187784671783,2793630.0
26.11.2018,0.4095230102539062,0.4214279949665069,0.4085710048675537,0.4166660010814667,0.2644659578800201,4711518.0
27.11.2018,0.4209519922733307,0.4209519922733307,0.3976190090179443,0.4000000059604645,0.2538877129554748,10766490.0
28.11.2018,0.4014280140399933,0.4038090109825134,0.3980950117111206,0.3985710144042969,0.2529807090759277,4786908.0
29.11.2018,0.4000000059604645,0.4047609865665436,0.3938089907169342,0.3942849934101105,0.2502603232860565,8994321.0
30.11.2018,0.3957140147686004,0.3957140147686004,0.3909519910812378,0.3923799991607666,0.2490511387586593,6302436.0
03.12.2018,0.3990469872951507,0.4023799896240234,0.3966659903526306,0.3980950117111206,0.2526785731315613,8203251.0
04.12.2018,0.399522989988327,0.4033330082893371,0.3895229995250702,0.3899999856948852,0.2475405186414718,7943166.0
05.12.2018,0.3880949914455414,0.3909519910812378,0.3857139945030212,0.3866659998893738,0.2454243600368499,4536546.0
06.12.2018,0.3895229995250702,0.3899999856948852,0.3847610056400299,0.3852379918098449,0.2445179969072342,3764250.0
07.12.2018,0.3880949914455414,0.3880949914455414,0.3852379918098449,0.38714200258255,0.2457265108823776,3294732.0
10.12.2018,0.3857139945030212,0.38714200258255,0.3776189982891083,0.3776189982891083,0.23968206346035,4471572.0
11.12.2018,0.3776189982891083,0.3799999952316284,0.3723799884319305,0.3752380013465881,0.23817078769207,3925467.0
12.12.2018,0.3771420121192932,0.3809520006179809,0.3619039952754974,0.3638089895248413,0.2309165894985199,6513990.0
13.12.2018,0.3657140135765075,0.3657140135765075,0.3619039952754974,0.3623799979686737,0.2300095707178115,3666096.0
14.12.2018,0.3642849922180176,0.3642849922180176,0.3504759967327118,0.3523800075054168,0.2236623764038086,4155837.0
17.12.2018,0.3542850017547607,0.3585709929466247,0.3438090085983276,0.3447610139846802,0.2188264578580856,4756710.0
18.12.2018,0.3452380001544952,0.3504759967327118,0.3428570032119751,0.3476189970970154,0.220640480518341,9537024.0
19.12.2018,0.3476189970970154,0.359046995639801,0.3476189970970154,0.3576189875602722,0.2269876599311828,12240753.0
20.12.2018,0.359046995639801,0.3595229983329773,0.3499999940395355,0.3514280021190643,0.2230581492185592,9410814.0
21.12.2018,0.350951999425888,0.3538089990615845,0.3495230078697204,0.3499999940395355,0.2221517562866211,8459892.0
24.12.2018,0.3519040048122406,0.3561899960041046,0.350951999425888,0.3523800075054168,0.2236623764038086,4350759.0
25.12.2018,0.3523800075054168,0.3566659986972809,0.3504759967327118,0.3552379906177521,0.2254764139652252,3504060.0
26.12.2018,0.3552379906177521,0.3628570139408111,0.3538089990615845,0.3595229983329773,0.2281961739063263,10499958.0
27.12.2018,0.3604759871959686,0.3647609949111938,0.3557139933109283,0.3566659986972809,0.226382777094841,5998251.0
28.12.2018,0.3542850017547607,0.3576189875602722,0.3533329963684082,0.3542850017547607,0.2248715311288833,5094012.0
31.12.2018,0.3552379906177521,0.359046995639801,0.350951999425888,0.3561899960041046,0.2260806560516357,4278246.0
01.01.2019,0.3561899960041046,0.3561899960041046,0.3561899960041046,0.3561899960041046,0.2260806560516357,0.0
02.01.2019,0.3561899960041046,0.3580949902534485,0.3519040048122406,0.3523800075054168,0.2236623764038086,6505611.0
03.01.2019,0.3519040048122406,0.3557139933109283,0.3461900055408478,0.3485710024833679,0.2212447375059127,7368165.0
04.01.2019,0.346666008234024,0.3523800075054168,0.346666008234024,0.3523800075054168,0.2236623764038086,2763327.0
07.01.2019,0.3538089990615845,0.3571420013904571,0.3523800075054168,0.3552379906177521,0.2254764139652252,2994516.0
08.01.2019,0.3552379906177521,0.3571420013904571,0.350951999425888,0.3561899960041046,0.2260806560516357,4173267.0
09.01.2019,0.3571420013904571,0.3628570139408111,0.3571420013904571,0.3595229983329773,0.2281961739063263,8594376.0
10.01.2019,0.3580949902534485,0.3628570139408111,0.3576189875602722,0.3600000143051147,0.2284989356994629,5757129.0
11.01.2019,0.3614279925823211,0.3647609949111938,0.3595229983329773,0.3614279925823211,0.229405328631401,6556473.0
14.01.2019,0.3595229983329773,0.3600000143051147,0.3542850017547607,0.3576189875602722,0.2269876599311828,5324508.0
15.01.2019,0.3580949902534485,0.3623799979686737,0.3580949902534485,0.3595229983329773,0.2281961739063263,7984284.0
16.01.2019,0.3600000143051147,0.3690469861030578,0.3595229983329773,0.3676190078258514,0.233334869146347,11511192.0
17.01.2019,0.3680950105190277,0.3785710036754608,0.3680950105190277,0.3747609853744507,0.2378680258989334,9742047.0
18.01.2019,0.3747609853744507,0.3780950009822845,0.3733330070972442,0.3766660094261169,0.2390771806240081,6398385.0
21.01.2019,0.3776189982891083,0.3799999952316284,0.3733330070972442,0.3752380013465881,0.23817078769207,7117845.0
22.01.2019,0.3742850124835968,0.3776189982891083,0.3733330070972442,0.3771420121192932,0.2393793016672134,7643685.0
23.01.2019,0.3766660094261169,0.3780950009822845,0.3733330070972442,0.3776189982891083,0.23968206346035,6481860.0
24.01.2019,0.3776189982891083,0.3895229995250702,0.3776189982891083,0.3885709941387176,0.2466335147619247,16315509.0
25.01.2019,0.3880949914455414,0.4023799896240234,0.38714200258255,0.3976190090179443,0.2523764669895172,15218343.0
28.01.2019,0.4000000059604645,0.4085710048675537,0.399522989988327,0.4014280140399933,0.2547941207885742,13550229.0
29.01.2019,0.4000000059604645,0.4038090109825134,0.3942849934101105,0.4023799896240234,0.2553983628749847,12361713.0
30.01.2019,0.4023799896240234,0.4071420133113861,0.4019039869308471,0.4061900079250335,0.2578166425228119,13612158.0
31.01.2019,0.4066660106182098,0.4147610068321228,0.4066660106182098,0.4128569960594177,0.2620483040809631,21845775.0
01.02.2019,0.413332998752594,0.4152379930019378,0.4071420133113861,0.4099999964237213,0.260234922170639,6161820.0
04.02.2019,0.4099999964237213,0.4123800098896026,0.4038090109825134,0.4095230102539062,0.25993213057518,8241282.0
05.02.2019,0.4095230102539062,0.4361900091171264,0.40904700756073,0.4257139861583709,0.270208865404129,38321178.0
06.02.2019,0.4295229911804199,0.4476189911365509,0.4280950129032135,0.4471420049667358,0.283809632062912,26635350.0
07.02.2019,0.4452379941940307,0.4452379941940307,0.43190398812294,0.4399999976158142,0.2792764902114868,12950322.0
08.02.2019,0.4357140064239502,0.4409520030021667,0.4290469884872436,0.43190398812294,0.2741377651691437,5735688.0
11.02.2019,0.43333300948143,0.4390470087528229,0.4323799908161163,0.4390470087528229,0.2786715924739837,10045518.0
12.02.2019,0.4385710060596466,0.4476189911365509,0.4380950033664703,0.4442850053310394,0.2819962799549103,8965110.0
13.02.2019,0.4476189911365509,0.4476189911365509,0.4342850148677826,0.4357140064239502,0.2765560746192932,10655022.0
14.02.2019,0.4342850148677826,0.4419040083885193,0.417618989944458,0.4247609972953796,0.2696039974689483,8358336.0
15.02.2019,0.4300000071525574,0.4423800110816955,0.4276190102100372,0.4309520125389099,0.2735335528850555,10331475.0
18.02.2019,0.43333300948143,0.4366660118103027,0.4257139861583709,0.4257139861583709,0.270208865404129,7721805.0
19.02.2019,0.4247609972953796,0.4314279854297638,0.4180949926376343,0.4295229911804199,0.272626519203186,18115293.0
20.02.2019,0.4309520125389099,0.4519039988517761,0.4309520125389099,0.43333300948143,0.2750448286533355,35170653.0
21.02.2019,0.4357140064239502,0.449523001909256,0.4309520125389099,0.4490469992160797,0.2850188016891479,16658964.0
22.02.2019,0.449999988079071,0.4614279866218567,0.449999988079071,0.4566659927368164,0.2898547053337097,11619762.0
25.02.2019,0.4590469896793365,0.4666660130023956,0.45523801445961,0.4561899900436401,0.2895525693893432,9427845.0
26.02.2019,0.4561899900436401,0.4604760110378265,0.4528569877147674,0.4580950140953064,0.2907617390155792,6713133.0
27.02.2019,0.4590469896793365,0.4590469896793365,0.4476189911365509,0.4485709965229034,0.2847166657447815,7927164.0
28.02.2019,0.4490469992160797,0.4557139873504638,0.4452379941940307,0.4519039988517761,0.286832183599472,6415311.0
01.03.2019,0.4476189911365509,0.4504759907722473,0.4452379941940307,0.4452379941940307,0.2826011478900909,6696375.0
04.03.2019,0.4466660022735595,0.449999988079071,0.4390470087528229,0.4438090026378631,0.2816941440105438,5184165.0
05.03.2019,0.4438090026378631,0.45523801445961,0.4438090026378631,0.4476189911365509,0.2841124236583709,11044950.0
06.03.2019,0.4452379941940307,0.45523801445961,0.4452379941940307,0.449523001909256,0.285320907831192,10172904.0
07.03.2019,0.4504759907722473,0.45380899310112,0.4295229911804199,0.43333300948143,0.2750448286533355,9709980.0
08.03.2019,0.4366660118103027,0.4366660118103027,0.4266659915447235,0.43333300948143,0.2750448286533355,8908074.0
11.03.2019,0.4338090121746063,0.4380950033664703,0.4285709857940674,0.4285709857940674,0.2720222771167755,3835272.0
12.03.2019,0.4276190102100372,0.4309520125389099,0.4228569865226745,0.4238089919090271,0.2689997553825378,5609898.0
13.03.2019,0.4233329892158508,0.4619039893150329,0.4219039976596832,0.4395230114459991,0.278973788022995,35867643.0
14.03.2019,0.4380950033664703,0.4423800110816955,0.43333300948143,0.4352380037307739,0.2762539684772491,6845832.0
15.03.2019,0.4399999976158142,0.4542849957942962,0.4385710060596466,0.4466660022735595,0.2835075259208679,9832200.0
18.03.2019,0.4514279961585998,0.4542849957942962,0.4452379941940307,0.4471420049667358,0.283809632062912,7640577.0
19.03.2019,0.4480949938297272,0.4609520137310028,0.4480949938297272,0.4576190114021301,0.2904596030712127,17320338.0
20.03.2019,0.4576190114021301,0.4595229923725128,0.4461899995803833,0.449523001909256,0.285320907831192,12439623.0
21.03.2019,0.4519039988517761,0.4542849957942962,0.4438090026378631,0.445713996887207,0.282903254032135,5257140.0
22.03.2019,0.4476189911365509,0.449523001909256,0.4280950129032135,0.4309520125389099,0.2735335528850555,10086195.0
25.03.2019,0.4285709857940674,0.4323799908161163,0.4180949926376343,0.4238089919090271,0.2689997553825378,7247898.0
26.03.2019,0.4285709857940674,0.4442850053310394,0.4238089919090271,0.4395230114459991,0.278973788022995,11942742.0
27.03.2019,0.4304760098457336,0.4395230114459991,0.4104759991168976,0.4114280045032501,0.2611412703990936,15042930.0
28.03.2019,0.4190469980239868,0.4261899888515472,0.4152379930019378,0.4242849946022033,0.2693018913269043,9581481.0
29.03.2019,0.4223800003528595,0.4338090121746063,0.4204759895801544,0.4304760098457336,0.2732314467430115,7823487.0
01.04.2019,0.437142014503479,0.45380899310112,0.4352380037307739,0.4452379941940307,0.2826011478900909,9175572.0
02.04.2019,0.4476189911365509,0.4571419954299927,0.4433329999446869,0.449999988079071,0.2856236696243286,12602499.0
03.04.2019,0.4480949938297272,0.4590469896793365,0.4480949938297272,0.45380899310112,0.2880413234233856,6880083.0
04.04.2019,0.4633330106735229,0.4699999988079071,0.4600000083446502,0.4652380049228668,0.2952955365180969,16374582.0
05.04.2019,0.4657140076160431,0.4752379953861236,0.4619039893150329,0.473809003829956,0.3007357120513916,15482880.0
08.04.2019,0.4795230031013489,0.4809519946575165,0.4680950045585632,0.4752379953861236,0.3016427457332611,13059144.0
09.04.2019,0.4309520125389099,0.4309520125389099,0.4185709953308105,0.4190469980239868,0.2991434931755066,22199079.0
10.04.2019,0.4190469980239868,0.4233329892158508,0.4095230102539062,0.4219039976596832,0.3011830151081085,15146187.0
11.04.2019,0.4209519922733307,0.4214279949665069,0.4123800098896026,0.4166660010814667,0.2974437475204468,6782685.0
12.04.2019,0.413332998752594,0.4152379930019378,0.4076189994812011,0.4128569960594177,0.2947246432304382,4956357.0
15.04.2019,0.4190469980239868,0.4238089919090271,0.4123800098896026,0.4128569960594177,0.2947246432304382,7584465.0
16.04.2019,0.4123800098896026,0.4180949926376343,0.4114280045032501,0.4119040071964264,0.2940443158149719,7259364.0
17.04.2019,0.413332998752594,0.4219039976596832,0.413332998752594,0.4166660010814667,0.2974437475204468,7733712.0
18.04.2019,0.4171420037746429,0.417618989944458,0.4142850041389465,0.4147610068321228,0.2960838377475738,3477831.0
19.04.2019,0.4142850041389465,0.4157139956951141,0.4123800098896026,0.4142850041389465,0.2957440614700317,2229759.0
22.04.2019,0.4128569960594177,0.4138090014457702,0.4099999964237213,0.4119040071964264,0.2940443158149719,2610720.0
23.04.2019,0.4119040071964264,0.4119040071964264,0.4119040071964264,0.4119040071964264,0.2940443158149719,0.0
24.04.2019,0.4104759991168976,0.4114280045032501,0.3976190090179443,0.399522989988327,0.2852059304714203,10496409.0
25.04.2019,0.4038090109825134,0.4038090109825134,0.3885709941387176,0.3899999856948852,0.2784078121185303,4727373.0
26.04.2019,0.3904759883880615,0.391427993774414,0.3809520006179809,0.3838090002536773,0.273988276720047,5253549.0
29.04.2019,0.3857139945030212,0.3947609961032867,0.3828569948673248,0.3947609961032867,0.2818064987659454,5803287.0
30.04.2019,0.3942849934101105,0.3966659903526306,0.3838090002536773,0.3904759883880615,0.2787475883960724,3406179.0
01.05.2019,0.3904759883880615,0.3904759883880615,0.3904759883880615,0.3904759883880615,0.2787475883960724,0.0
02.05.2019,0.3876189887523651,0.3895229995250702,0.3828569948673248,0.3852379918098449,0.2750083804130554,2188725.0
03.05.2019,0.3857139945030212,0.3866659998893738,0.3528569936752319,0.3766660094261169,0.2688891291618347,12660186.0
06.05.2019,0.3761900067329407,0.3771420121192932,0.3704760074615478,0.3752380013465881,0.2678697109222412,3989538.0
07.05.2019,0.3666659891605377,0.3899999856948852,0.3652380108833313,0.3890469968318939,0.2777274847030639,17685675.0
08.05.2019,0.3876189887523651,0.3971419930458069,0.3866659998893738,0.3899999856948852,0.2784078121185303,4243197.0
09.05.2019,0.3876189887523651,0.3928569853305816,0.3842850029468536,0.3866659998893738,0.2760277688503265,4357269.0
10.05.2019,0.3866659998893738,0.3947609961032867,0.3866659998893738,0.3890469968318939,0.2777274847030639,3489066.0
13.05.2019,0.3885709941387176,0.3966659903526306,0.3814280033111572,0.3833329975605011,0.2736484706401825,7265916.0
14.05.2019,0.3861899971961975,0.4014280140399933,0.3799999952316284,0.4004760086536407,0.285886287689209,8381037.0
15.05.2019,0.4019039869308471,0.4033330082893371,0.3890469968318939,0.3961899876594543,0.2828266620635986,4624053.0
16.05.2019,0.399522989988327,0.400952011346817,0.3947609961032867,0.3971419930458069,0.2835062146186828,4870551.0
17.05.2019,0.3971419930458069,0.3985710144042969,0.3909519910812378,0.3971419930458069,0.2835062146186828,3150714.0
20.05.2019,0.3985710144042969,0.3985710144042969,0.3909519910812378,0.3961899876594543,0.2828266620635986,3776787.0
21.05.2019,0.3966659903526306,0.3966659903526306,0.3814280033111572,0.3842850029468536,0.2743280827999115,3768639.0
22.05.2019,0.38714200258255,0.38714200258255,0.3780950009822845,0.3780950009822845,0.2699092328548431,1969926.0
23.05.2019,0.3771420121192932,0.3819040060043335,0.3738090097904205,0.3795230090618133,0.2709286212921142,2467458.0
24.05.2019,0.3847610056400299,0.3895229995250702,0.3809520006179809,0.3866659998893738,0.2760277688503265,2807364.0
27.05.2019,0.3876189887523651,0.3947609961032867,0.3861899971961975,0.3919039964675903,0.2797670066356659,4596858.0
28.05.2019,0.3928569853305816,0.3985710144042969,0.391427993774414,0.391427993774414,0.2794272005558014,4576110.0
29.05.2019,0.4023799896240234,0.40904700756073,0.3976190090179443,0.4033330082893371,0.2879258096218109,6098253.0
30.05.2019,0.4071420133113861,0.40904700756073,0.3985710144042969,0.4042850136756897,0.2886053919792175,7543935.0
31.05.2019,0.4085710048675537,0.4104759991168976,0.399522989988327,0.4066660106182098,0.2903051078319549,11191677.0
03.06.2019,0.40904700756073,0.4119040071964264,0.4071420133113861,0.4095230102539062,0.2923445999622345,3353826.0
04.06.2019,0.4095230102539062,0.4095230102539062,0.4095230102539062,0.4095230102539062,0.2923445999622345,0.0
05.06.2019,0.4095230102539062,0.4095230102539062,0.4095230102539062,0.4095230102539062,0.2923445999622345,0.0
06.06.2019,0.4095230102539062,0.4095230102539062,0.4095230102539062,0.4095230102539062,0.2923445999622345,0.0
07.06.2019,0.413332998752594,0.4138090014457702,0.4109520018100738,0.4123800098896026,0.2943841218948364,5845497.0
10.06.2019,0.4123800098896026,0.4285709857940674,0.4119040071964264,0.4242849946022033,0.3028827011585235,12868632.0
11.06.2019,0.4223800003528595,0.4266659915447235,0.4204759895801544,0.4261899888515472,0.3042426407337188,3194016.0
12.06.2019,0.4261899888515472,0.437142014503479,0.4247609972953796,0.4338090121746063,0.3096815943717956,8214108.0
13.06.2019,0.43333300948143,0.4342850148677826,0.4257139861583709,0.4271419942378998,0.3049222528934479,5398050.0
14.06.2019,0.4285709857940674,0.43333300948143,0.4247609972953796,0.4323799908161163,0.3086614608764648,7160475.0
17.06.2019,0.4309520125389099,0.4452379941940307,0.4276190102100372,0.4433329999446869,0.316480427980423,19552596.0
18.06.2019,0.4442850053310394,0.4509519934654236,0.4399999976158142,0.4504759907722473,0.3215795755386352,7108206.0
19.06.2019,0.4504759907722473,0.4566659927368164,0.4466660022735595,0.4476189911365509,0.3195400536060333,5542782.0
20.06.2019,0.4533329904079437,0.4547609984874725,0.4404760003089905,0.441428005695343,0.3151204884052276,11048646.0
21.06.2019,0.4404760003089905,0.4452379941940307,0.4280950129032135,0.4328570067882538,0.3090019822120666,13267485.0
24.06.2019,0.4428569972515106,0.4471420049667358,0.43190398812294,0.4366660118103027,0.3117210865020752,24544506.0
25.06.2019,0.4338090121746063,0.4404760003089905,0.4328570067882538,0.43333300948143,0.3093417584896087,3446205.0
26.06.2019,0.43333300948143,0.437619000673294,0.4290469884872436,0.4338090121746063,0.3096815943717956,5435136.0
27.06.2019,0.4352380037307739,0.441428005695343,0.4338090121746063,0.4390470087528229,0.3134208023548126,9104739.0
28.06.2019,0.437619000673294,0.4438090026378631,0.4352380037307739,0.4395230114459991,0.3137606382369995,9381918.0
01.07.2019,0.4452379941940307,0.4452379941940307,0.4342850148677826,0.4380950033664703,0.312741219997406,16301418.0
02.07.2019,0.4385710060596466,0.4447610080242157,0.4366660118103027,0.437142014503479,0.3120608925819397,6696543.0
03.07.2019,0.4395230114459991,0.441428005695343,0.437619000673294,0.4380950033664703,0.312741219997406,2707425.0
04.07.2019,0.4390470087528229,0.4404760003089905,0.4342850148677826,0.4357140064239502,0.3110415041446686,1604043.0
05.07.2019,0.437142014503479,0.437619000673294,0.4309520125389099,0.43190398812294,0.3083216249942779,2854320.0
08.07.2019,0.4238089919090271,0.43190398812294,0.4228569865226745,0.4261899888515472,0.3042426407337188,1823304.0
09.07.2019,0.4247609972953796,0.4309520125389099,0.4128569960594177,0.413332998752594,0.2950644195079803,3174213.0
10.07.2019,0.4104759991168976,0.4238089919090271,0.4095230102539062,0.4195230007171631,0.2994832694530487,2410317.0
11.07.2019,0.4238089919090271,0.4257139861583709,0.4161899983882904,0.4223800003528595,0.301522821187973,1936725.0
12.07.2019,0.4195230007171631,0.4247609972953796,0.4071420133113861,0.4085710048675537,0.2916650474071502,2151114.0
15.07.2019,0.4085710048675537,0.4085710048675537,0.4085710048675537,0.4085710048675537,0.2916650474071502,0.0
16.07.2019,0.4099999964237213,0.4214279949665069,0.4080950021743774,0.4095230102539062,0.2923445999622345,4165686.0
17.07.2019,0.4095230102539062,0.4180949926376343,0.4095230102539062,0.4166660010814667,0.2974437475204468,3212853.0
18.07.2019,0.4147610068321228,0.4261899888515472,0.4147610068321228,0.4261899888515472,0.3042426407337188,3946761.0
19.07.2019,0.4261899888515472,0.4342850148677826,0.4261899888515472,0.4309520125389099,0.3076420426368713,3551730.0
22.07.2019,0.4300000071525574,0.4380950033664703,0.4285709857940674,0.4328570067882538,0.3090019822120666,4530015.0
23.07.2019,0.4352380037307739,0.4390470087528229,0.4338090121746063,0.4352380037307739,0.3107016980648041,2840166.0
24.07.2019,0.4357140064239502,0.4423800110816955,0.4314279854297638,0.437142014503479,0.3120608925819397,5228748.0
25.07.2019,0.4366660118103027,0.4433329999446869,0.4323799908161163,0.4361900091171264,0.3113813102245331,4512963.0
26.07.2019,0.4380950033664703,0.4471420049667358,0.4366660118103027,0.4466660022735595,0.3188597559928894,10084977.0
29.07.2019,0.4471420049667358,0.4652380049228668,0.4471420049667358,0.4609520137310028,0.3290580511093139,9864351.0
30.07.2019,0.4609520137310028,0.4642849862575531,0.4528569877147674,0.4571419954299927,0.3263382315635681,4129062.0
31.07.2019,0.4590469896793365,0.4595229923725128,0.4476189911365509,0.449999988079071,0.3212397694587707,4236855.0
01.08.2019,0.4504759907722473,0.4504759907722473,0.437619000673294,0.4395230114459991,0.3137606382369995,5535264.0
02.08.2019,0.4395230114459991,0.4419040083885193,0.4285709857940674,0.4295229911804199,0.3066219091415405,3766161.0
05.08.2019,0.4285709857940674,0.4380950033664703,0.417618989944458,0.4242849946022033,0.3028827011585235,2530500.0
06.08.2019,0.4285709857940674,0.43333300948143,0.4223800003528595,0.4228569865226745,0.3018633127212524,2904006.0
07.08.2019,0.4280950129032135,0.4290469884872436,0.4180949926376343,0.4199999868869781,0.2998237609863281,2719731.0
08.08.2019,0.4223800003528595,0.4380950033664703,0.4195230007171631,0.4347609877586365,0.3103611767292022,5748078.0
09.08.2019,0.4285709857940674,0.43333300948143,0.4061900079250335,0.40904700756073,0.29200479388237,23931600.0
12.08.2019,0.40904700756073,0.40904700756073,0.40904700756073,0.40904700756073,0.29200479388237,0.0
13.08.2019,0.40904700756073,0.40904700756073,0.40904700756073,0.40904700756073,0.29200479388237,0.0
14.08.2019,0.40904700756073,0.40904700756073,0.40904700756073,0.40904700756073,0.29200479388237,0.0
15.08.2019,0.4080950021743774,0.4085710048675537,0.3909519910812378,0.3919039964675903,0.2797670066356659,9477615.0
16.08.2019,0.3928569853305816,0.4028570055961609,0.3895229995250702,0.3904759883880615,0.2787475883960724,6513801.0
19.08.2019,0.3952380120754242,0.3976190090179443,0.3928569853305816,0.3933329880237579,0.2807871103286743,3793146.0
20.08.2019,0.3952380120754242,0.4066660106182098,0.3952380120754242,0.4023799896240234,0.2872454822063446,6752613.0
21.08.2019,0.4023799896240234,0.4047609865665436,0.3966659903526306,0.3980950117111206,0.2841865718364715,5155878.0
22.08.2019,0.4000000059604645,0.4019039869308471,0.3961899876594543,0.3990469872951507,0.2848661541938782,3961377.0
23.08.2019,0.4014280140399933,0.4071420133113861,0.399522989988327,0.4061900079250335,0.2899653017520904,2985339.0
26.08.2019,0.4038090109825134,0.4095230102539062,0.4028570055961609,0.4033330082893371,0.2879258096218109,5344164.0
27.08.2019,0.4047609865665436,0.4214279949665069,0.4028570055961609,0.4099999964237213,0.2926851511001587,45555048.0
28.08.2019,0.4085710048675537,0.4147610068321228,0.4085710048675537,0.4138090014457702,0.2954042553901672,3830337.0
29.08.2019,0.4157139956951141,0.417618989944458,0.4099999964237213,0.4119040071964264,0.2940443158149719,4271799.0
30.08.2019,0.4119040071964264,0.4119040071964264,0.4119040071964264,0.4119040071964264,0.2940443158149719,0.0
02.09.2019,0.4123800098896026,0.4166660010814667,0.4071420133113861,0.4147610068321228,0.2960838377475738,7246554.0
03.09.2019,0.4138090014457702,0.4261899888515472,0.4138090014457702,0.4238089919090271,0.302542895078659,10709874.0
04.09.2019,0.4242849946022033,0.43333300948143,0.4223800003528595,0.4309520125389099,0.3076420426368713,8190021.0
05.09.2019,0.43190398812294,0.4352380037307739,0.4261899888515472,0.4347609877586365,0.3103611767292022,5763597.0
06.09.2019,0.4338090121746063,0.4476189911365509,0.43190398812294,0.4399999976158142,0.3141011297702789,10054065.0
09.09.2019,0.4404760003089905,0.4466660022735595,0.4404760003089905,0.4442850053310394,0.317160040140152,4307415.0
10.09.2019,0.4438090026378631,0.4561899900436401,0.4433329999446869,0.4523800015449524,0.3229387700557709,8833503.0
11.09.2019,0.4523800015449524,0.4576190114021301,0.449999988079071,0.45380899310112,0.3239589035511017,8775501.0
12.09.2019,0.4528569877147674,0.4561899900436401,0.4395230114459991,0.4433329999446869,0.316480427980423,8449560.0
13.09.2019,0.4476189911365509,0.4509519934654236,0.4461899995803833,0.449523001909256,0.3208992183208465,3446919.0
16.09.2019,0.4471420049667358,0.4528569877147674,0.4447610080242157,0.4466660022735595,0.3188597559928894,2799069.0
17.09.2019,0.4476189911365509,0.449523001909256,0.4409520030021667,0.4447610080242157,0.3174998462200165,4999554.0
18.09.2019,0.4428569972515106,0.4542849957942962,0.4409520030021667,0.4519039988517761,0.3225989639759063,4998462.0
19.09.2019,0.45380899310112,0.4547609984874725,0.4433329999446869,0.4471420049667358,0.3191995620727539,4036557.0
20.09.2019,0.4485709965229034,0.4485709965229034,0.4399999976158142,0.441428005695343,0.3151204884052276,5475414.0
23.09.2019,0.4428569972515106,0.4452379941940307,0.4366660118103027,0.4385710060596466,0.3130810260772705,4453050.0
24.09.2019,0.4409520030021667,0.4485709965229034,0.4390470087528229,0.4452379941940307,0.3178403377532959,5614140.0
25.09.2019,0.4452379941940307,0.4547609984874725,0.4433329999446869,0.4504759907722473,0.3215795755386352,8417346.0
26.09.2019,0.4561899900436401,0.4571419954299927,0.4480949938297272,0.4509519934654236,0.3219193816184997,6487929.0
27.09.2019,0.4504759907722473,0.4614279866218567,0.4504759907722473,0.4609520137310028,0.3290580511093139,13356126.0
30.09.2019,0.4628570079803467,0.4699999988079071,0.4628570079803467,0.4661900103092193,0.3327972888946533,10229856.0
01.10.2019,0.4661900103092193,0.4704760015010834,0.4614279866218567,0.4647609889507293,0.3317771255970001,8761179.0
02.10.2019,0.4647609889507293,0.4657140076160431,0.4580950140953064,0.4580950140953064,0.3270185589790344,7870317.0
03.10.2019,0.4585709869861603,0.4604760110378265,0.4514279961585998,0.4542849957942962,0.3242987096309662,10237563.0
04.10.2019,0.4542849957942962,0.4590469896793365,0.45380899310112,0.45523801445961,0.3249790668487549,6460188.0
07.10.2019,0.4547609984874725,0.4604760110378265,0.4514279961585998,0.4528569877147674,0.3232792615890503,10794798.0
08.10.2019,0.4480949938297272,0.4561899900436401,0.445713996887207,0.449999988079071,0.3212397694587707,10170069.0
09.10.2019,0.4480949938297272,0.4566659927368164,0.445713996887207,0.4466660022735595,0.3188597559928894,6590514.0
10.10.2019,0.4471420049667358,0.4471420049667358,0.4314279854297638,0.437619000673294,0.3124014139175415,6516741.0
11.10.2019,0.4409520030021667,0.4447610080242157,0.437619000673294,0.4404760003089905,0.314440906047821,5088111.0
14.10.2019,0.4399999976158142,0.4399999976158142,0.4119040071964264,0.4238089919090271,0.302542895078659,8915004.0
15.10.2019,0.4295229911804199,0.4309520125389099,0.4257139861583709,0.4309520125389099,0.3076420426368713,4038930.0
16.10.2019,0.4276190102100372,0.4352380037307739,0.4219039976596832,0.4352380037307739,0.3107016980648041,5415942.0
17.10.2019,0.437619000673294,0.4385710060596466,0.4314279854297638,0.4352380037307739,0.3107016980648041,5131140.0
18.10.2019,0.4523800015449524,0.4666660130023956,0.4490469992160797,0.4533329904079437,0.3236190676689148,20764947.0
21.10.2019,0.4438090026378631,0.45380899310112,0.4399999976158142,0.4519039988517761,0.3225989639759063,13819470.0
22.10.2019,0.4571419954299927,0.481904000043869,0.4514279961585998,0.4709520041942596,0.3361966907978058,21316113.0
23.10.2019,0.4761900007724762,0.4776189923286438,0.4676190018653869,0.4742850065231323,0.3385760486125946,21455070.0
24.10.2019,0.4747610092163086,0.4761900007724762,0.4666660130023956,0.4719040095806122,0.3368763029575348,20627754.0
25.10.2019,0.4714280068874359,0.4842849969863891,0.4690470099449157,0.4795230031013489,0.3423152565956116,12850236.0
28.10.2019,0.4838089942932129,0.5019040107727051,0.4809519946575165,0.5004760026931763,0.3572728633880615,10373538.0
30.10.2019,0.4990470111370086,0.5071420073509216,0.487619012594223,0.5,0.3569330871105194,14051415.0
31.10.2019,0.4995230138301849,0.5033329725265503,0.4871419966220855,0.4909519851207733,0.3504740297794342,13941858.0
01.11.2019,0.4866659939289093,0.494284987449646,0.4866659939289093,0.4928570091724396,0.3518339395523071,6817335.0
04.11.2019,0.4976190030574798,0.5057139992713928,0.494284987449646,0.5052379965782166,0.3606722950935364,10588683.0
05.11.2019,0.5047609806060791,0.5076190233230591,0.4990470111370086,0.5038089752197266,0.3596521914005279,7920003.0
06.11.2019,0.5095229744911194,0.5209519863128662,0.5052379965782166,0.5176190137863159,0.369510680437088,22053906.0
07.11.2019,0.519523024559021,0.5404760241508484,0.519523024559021,0.5366659760475159,0.3831076920032501,17675091.0
08.11.2019,0.5390470027923584,0.5476189851760864,0.5319039821624756,0.5338090062141418,0.3810681998729706,13460097.0
11.11.2019,0.5314279794692993,0.5371419787406921,0.5185710191726685,0.5342850089073181,0.3814080059528351,14601510.0
12.11.2019,0.5342850089073181,0.5461900234222412,0.5342850089073181,0.5433329939842224,0.3878670334815979,11936568.0
13.11.2019,0.5533329844474792,0.5666660070419312,0.5433329939842224,0.544284999370575,0.3885466158390045,24773007.0
14.11.2019,0.5419039726257324,0.5523800253868103,0.5304759740829468,0.5338090062141418,0.3810681998729706,16714929.0
15.11.2019,0.5366659760475159,0.5433329939842224,0.5338090062141418,0.5414280295372009,0.3865071535110473,11906748.0
18.11.2019,0.5419039726257324,0.5533329844474792,0.5419039726257324,0.550000011920929,0.392626404762268,15354780.0
19.11.2019,0.5523800253868103,0.556190013885498,0.5452380180358887,0.5514280200004578,0.3936457931995392,10437042.0
20.11.2019,0.5504760146141052,0.5552380084991455,0.5452380180358887,0.5476189851760864,0.3909266889095306,9146382.0
21.11.2019,0.5452380180358887,0.5638089776039124,0.5452380180358887,0.5633329749107361,0.4021443128585815,16803696.0
22.11.2019,0.5571420192718506,0.5742849707603455,0.5571420192718506,0.5695229768753052,0.4065631926059723,8364741.0
25.11.2019,0.5704759955406189,0.572380006313324,0.548570990562439,0.5542849898338318,0.3956853151321411,13029975.0
26.11.2019,0.5533329844474792,0.5804759860038757,0.5452380180358887,0.572380006313324,0.4086027443408966,19419939.0
27.11.2019,0.572380006313324,0.5823799967765808,0.5671420097351074,0.5795230269432068,0.4137018918991089,7913430.0
28.11.2019,0.5880950093269348,0.5890470147132874,0.5757139921188354,0.5790470242500305,0.4133621156215668,8639379.0
29.11.2019,0.578095018863678,0.580951988697052,0.5733330249786377,0.573809027671814,0.409622848033905,7012404.0
02.12.2019,0.5752379894256592,0.5914279818534851,0.5752379894256592,0.585237979888916,0.4177815616130829,14662788.0
03.12.2019,0.5871419906616211,0.6023799777030945,0.5833330154418945,0.5919039845466614,0.4225402176380157,13484016.0
04.12.2019,0.5933330059051514,0.6009520292282104,0.5899999737739563,0.5933330059051514,0.4235603809356689,7908768.0
05.12.2019,0.5952379703521729,0.5976189970970154,0.5885710120201111,0.5890470147132874,0.4205007553100586,9508464.0
06.12.2019,0.5942850112915039,0.6219040155410767,0.5928570032119751,0.6119040250778198,0.4368175566196441,20793297.0
09.12.2019,0.6180949807167053,0.6276190280914307,0.6095229983329773,0.6228569746017456,0.4446365535259247,11888289.0
10.12.2019,0.6261900067329407,0.6276190280914307,0.6080949902534485,0.609046995639801,0.4347780346870422,13148268.0
11.12.2019,0.6071419715881348,0.6114280223846436,0.6014279723167419,0.6057140231132507,0.4323987662792206,7607691.0
12.12.2019,0.609046995639801,0.6200000047683716,0.6080949902534485,0.6180949807167053,0.4412371516227722,8606913.0
13.12.2019,0.6190469861030579,0.6285709738731384,0.6171420216560364,0.6238089799880981,0.4453161060810089,11213832.0
16.12.2019,0.6257140040397644,0.6285709738731384,0.6171420216560364,0.6271420121192932,0.4476954936981201,5014338.0
17.12.2019,0.6285709738731384,0.63714200258255,0.6209520101547241,0.6357139945030212,0.453814685344696,10576272.0
18.12.2019,0.6266660094261169,0.6361899971961975,0.6266660094261169,0.6333330273628235,0.4521150290966034,6448008.0
19.12.2019,0.6333330273628235,0.6357139945030212,0.6280949711799622,0.633808970451355,0.4524548053741455,5029857.0
20.12.2019,0.6328570246696472,0.6342849731445312,0.6276190280914307,0.629522979259491,0.4493952095508575,6194013.0
23.12.2019,0.6299999952316284,0.6452379822731018,0.6299999952316284,0.6438090205192566,0.4595935046672821,8873172.0
24.12.2019,0.6442850232124329,0.6466659903526306,0.6404759883880615,0.6457139849662781,0.460953414440155,5203401.0
25.12.2019,0.6476190090179443,0.6476190090179443,0.6414279937744141,0.6414279937744141,0.4578937590122223,2806293.0
26.12.2019,0.6595230102539062,0.6595230102539062,0.642857015132904,0.6519039869308472,0.4653722643852234,4348869.0
27.12.2019,0.6523799896240234,0.6538090109825134,0.6452379822731018,0.6476190090179443,0.4623132944107055,3437763.0
30.12.2019,0.6490470170974731,0.6576189994812012,0.642857015132904,0.6576189994812012,0.4694519937038421,5499018.0
31.12.2019,0.654761016368866,0.6552379727363586,0.6509519815444946,0.6538090109825134,0.4667321145534515,3953208.0
02.01.2020,0.6476190090179443,0.661903977394104,0.6476190090179443,0.6528570055961609,0.4660525321960449,3330495.0
03.01.2020,0.6476190090179443,0.6476190090179443,0.6209520101547241,0.6347609758377075,0.4531344175338745,12457956.0
06.01.2020,0.6357139945030212,0.6357139945030212,0.6152380108833313,0.6228569746017456,0.4446365535259247,8150814.0
07.01.2020,0.6257140040397644,0.6380950212478638,0.6257140040397644,0.6347609758377075,0.4531344175338745,4603263.0
08.01.2020,0.6190469861030579,0.6342849731445312,0.6109520196914673,0.6290469765663147,0.4490553736686706,6079374.0
09.01.2020,0.6409519910812378,0.6504759788513184,0.63857102394104,0.6466659903526306,0.4616329669952392,8512266.0
10.01.2020,0.661903977394104,0.6857140064239502,0.6523799896240234,0.6652380228042603,0.4748909473419189,41439972.0
13.01.2020,0.6666659712791443,0.6719040274620056,0.6538090109825134,0.6695230007171631,0.477949857711792,28582848.0
14.01.2020,0.6666659712791443,0.6704760193824768,0.65904700756073,0.6600000262260437,0.4711517095565796,31013451.0
15.01.2020,0.66047602891922,0.6657140254974365,0.6538090109825134,0.663332998752594,0.4735309481620788,8433768.0
16.01.2020,0.6580950021743774,0.6666659712791443,0.6519039869308472,0.6523799896240234,0.4657120704650879,9340527.0
17.01.2020,0.6542850136756897,0.6561899781227112,0.6490470170974731,0.6519039869308472,0.4653722643852234,5422578.0
20.01.2020,0.6561899781227112,0.6728569865226746,0.6557139754295349,0.6657140254974365,0.475230723619461,17718813.0
21.01.2020,0.6657140254974365,0.6838089823722839,0.66047602891922,0.6833329796791077,0.4878083169460296,15783936.0
22.01.2020,0.6838089823722839,0.6838089823722839,0.6690469980239868,0.6785709857940674,0.4844088852405548,15708609.0
23.01.2020,0.6742849946022034,0.691428005695343,0.6742849946022034,0.6766660213470459,0.4830490350723266,130391163.0
24.01.2020,0.6814280152320862,0.688094973564148,0.6766660213470459,0.6828569769859314,0.4874685108661651,17249715.0
27.01.2020,0.6857140064239502,0.6961899995803833,0.6780949831008911,0.6795229911804199,0.4850884675979614,31687656.0
28.01.2020,0.6809520125389099,0.6852380037307739,0.6661900281906128,0.6780949831008911,0.4840690791606903,12147555.0
29.01.2020,0.6828569769859314,0.6842849850654602,0.6690469980239868,0.6742849946022034,0.4813492894172668,7339500.0
30.01.2020,0.6738089919090271,0.6738089919090271,0.6623799800872803,0.6666659712791443,0.4759102463722229,5885943.0
31.01.2020,0.6723799705505371,0.6771420240402222,0.6638090014457703,0.6680949926376343,0.4769303798675537,5815005.0
03.02.2020,0.6704760193824768,0.6742849946022034,0.6666659712791443,0.6714280247688293,0.4793097674846649,6486711.0
04.02.2020,0.6757140159606934,0.6857140064239502,0.6738089919090271,0.6847609877586365,0.488827645778656,10055346.0
05.02.2020,0.6857140064239502,0.6899999976158142,0.6776189804077148,0.6785709857940674,0.4844088852405548,9739653.0
06.02.2020,0.6838089823722839,0.6838089823722839,0.6738089919090271,0.6747609972953796,0.4816890358924866,4706772.0
07.02.2020,0.6800000071525574,0.6833329796791077,0.6752380132675171,0.6761900186538696,0.4827091693878174,9092811.0
10.02.2020,0.6761900186538696,0.6838089823722839,0.6504759788513184,0.6623799800872803,0.4728506803512573,20115774.0
11.02.2020,0.6785709857940674,0.6833329796791077,0.66047602891922,0.6714280247688293,0.4793097674846649,26140884.0
12.02.2020,0.6791660189628601,0.6791660189628601,0.6675000190734863,0.675000011920929,0.4818597137928009,19743396.0
13.02.2020,0.675000011920929,0.6883329749107361,0.6733329892158508,0.6858329772949219,0.4895929992198944,26609112.0
14.02.2020,0.6941660046577454,0.7250000238418579,0.6833329796791077,0.7166659832000732,0.511603593826294,42597852.0
17.02.2020,0.7166659832000732,0.7208330035209656,0.6725000143051147,0.6733329892158508,0.4806696474552154,54277356.0
18.02.2020,0.6733329892158508,0.675000011920929,0.6424999833106995,0.6600000262260437,0.4711517095565796,25415652.0
19.02.2020,0.6616659760475159,0.6675000190734863,0.639165997505188,0.6408330202102661,0.4574690163135528,14880648.0
20.02.2020,0.6416659951210022,0.6441659927368164,0.6033329963684082,0.6033329963684082,0.4306990802288055,19927752.0
21.02.2020,0.6025000214576721,0.6358330249786377,0.5950000286102295,0.6358330249786377,0.4538997411727905,18278100.0
24.02.2020,0.6333330273628235,0.6708329916000366,0.6241660118103027,0.6650000214576721,0.4747210443019867,40544868.0
25.02.2020,0.6708329916000366,0.6766660213470459,0.6533330082893372,0.6658329963684082,0.4753156304359436,17187036.0
26.02.2020,0.6583330035209656,0.6833329796791077,0.6466659903526306,0.6808329820632935,0.4860236644744873,25106808.0
27.02.2020,0.6775000095367432,0.6791660189628601,0.6483330130577087,0.6600000262260437,0.4711517095565796,20439132.0
28.02.2020,0.6083329916000366,0.6549999713897705,0.6000000238418579,0.6499999761581421,0.4640129506587982,13130148.0
02.03.2020,0.6608330011367798,0.6691660284996033,0.6483330130577087,0.6533330082893372,0.4663923382759094,20861244.0
03.03.2020,0.6541659832000732,0.6608330011367798,0.6441659927368164,0.6491659879684448,0.4634176790714264,15943152.0
04.03.2020,0.6499999761581421,0.6775000095367432,0.6366659998893738,0.637499988079071,0.4550897181034088,24459396.0
05.03.2020,0.6416659951210022,0.6600000262260437,0.639165997505188,0.6575000286102295,0.4693670272827148,10847280.0
06.03.2020,0.6549999713897705,0.6558330059051514,0.6299999952316284,0.6366659998893738,0.4544943273067474,10434192.0
09.03.2020,0.6141660213470459,0.6225000023841858,0.5716660022735596,0.5849999785423279,0.417611688375473,11572176.0
10.03.2020,0.589165985584259,0.6175000071525574,0.5741659998893738,0.574999988079071,0.4104729890823364,15420768.0
11.03.2020,0.574999988079071,0.574999988079071,0.574999988079071,0.574999988079071,0.4104729890823364,0.0
12.03.2020,0.5333330035209656,0.5491660237312317,0.5241659879684448,0.5391659736633301,0.3848923444747925,11929380.0
13.03.2020,0.5308330059051514,0.5833330154418945,0.5308330059051514,0.5666660070419312,0.4045237004756927,11364420.0
16.03.2020,0.5641660094261169,0.5641660094261169,0.5116659998893738,0.5183330178260803,0.3700204193592071,20918520.0
17.03.2020,0.514165997505188,0.5208330154418945,0.4858329892158508,0.4950000047683716,0.3533637523651123,20791548.0
18.03.2020,0.4975000023841858,0.514165997505188,0.4925000071525574,0.5016660094261169,0.3581224083900451,13961844.0
19.03.2020,0.5,0.514165997505188,0.4941659867763519,0.5033329725265503,0.3593123853206634,10372536.0
20.03.2020,0.5091660022735596,0.5233330130577087,0.5091660022735596,0.5158330202102661,0.36823570728302,9196872.0
23.03.2020,0.5033329725265503,0.5041660070419312,0.4891659915447235,0.4908330142498016,0.3503890931606293,13772244.0
24.03.2020,0.5033329725265503,0.5333330035209656,0.5016660094261169,0.5274999737739563,0.3765643835067749,23027844.0
25.03.2020,0.5333330035209656,0.5416659712791443,0.512499988079071,0.5149999856948853,0.3676410913467407,22628628.0
26.03.2020,0.514165997505188,0.5316659808158875,0.5116659998893738,0.5308330059051514,0.3789437413215637,17163264.0
27.03.2020,0.5291659832000732,0.5375000238418579,0.514165997505188,0.5166659951210022,0.3688303530216217,24513516.0
30.03.2020,0.5091660022735596,0.5224999785423279,0.5074999928474426,0.514165997505188,0.3670457303524017,18972612.0
31.03.2020,0.5191659927368164,0.5299999713897705,0.5166659951210022,0.5249999761581421,0.3747797012329101,20836752.0
01.04.2020,0.5208330154418945,0.5566660165786743,0.5174999833106995,0.5408329963684082,0.3860823810100555,32191848.0
02.04.2020,0.550000011920929,0.5616660118103027,0.5249999761581421,0.550000011920929,0.392626404762268,47009784.0
03.04.2020,0.5541660189628601,0.5666660070419312,0.550000011920929,0.5666660070419312,0.4045237004756927,30704916.0
06.04.2020,0.574999988079071,0.5874999761581421,0.5708330273628235,0.5841659903526306,0.4170163571834564,59907156.0
07.04.2020,0.5408329963684082,0.5408329963684082,0.514165997505188,0.5149999856948853,0.4110312759876251,63512460.0
08.04.2020,0.514165997505188,0.5208330154418945,0.5049999952316284,0.5174999833106995,0.4130265414714813,18194820.0
09.04.2020,0.5191659927368164,0.5224999785423279,0.5099999904632568,0.5158330202102661,0.4116960763931274,18085776.0
10.04.2020,0.514165997505188,0.5174999833106995,0.5116659998893738,0.514165997505188,0.4103656411170959,12481044.0
13.04.2020,0.5083330273628235,0.5116659998893738,0.5058330297470093,0.5074999928474426,0.4050453305244446,16406988.0
14.04.2020,0.5091660022735596,0.5208330154418945,0.5083330273628235,0.512499988079071,0.4090359508991241,27323424.0
15.04.2020,0.5133330225944519,0.5133330225944519,0.4950000047683716,0.4966660141944885,0.3963985741138458,20177520.0
16.04.2020,0.5149999856948853,0.5158330202102661,0.5016660094261169,0.514165997505188,0.4103656411170959,21151872.0
17.04.2020,0.5208330154418945,0.5216659903526306,0.514165997505188,0.5149999856948853,0.4110312759876251,20299296.0
20.04.2020,0.5149999856948853,0.5191659927368164,0.5091660022735596,0.5133330225944519,0.4097008109092712,20519532.0
21.04.2020,0.5116659998893738,0.5116659998893738,0.5024999976158142,0.5041660070419312,0.4023844599723816,19660212.0
22.04.2020,0.5049999952316284,0.5116659998893738,0.4975000023841858,0.5074999928474426,0.4050453305244446,93582804.0
24.04.2020,0.5116659998893738,0.5291659832000732,0.5091660022735596,0.512499988079071,0.4090359508991241,67273512.0
27.04.2020,0.5208330154418945,0.5249999761581421,0.5166659951210022,0.5224999785423279,0.4170171320438385,34488480.0
28.04.2020,0.5233330130577087,0.5249999761581421,0.5133330225944519,0.514165997505188,0.4103656411170959,31537884.0
29.04.2020,0.5158330202102661,0.5408329963684082,0.512499988079071,0.5400000214576721,0.4309842586517334,60308076.0
30.04.2020,0.5516660213470459,0.5516660213470459,0.5233330130577087,0.5283330082893372,0.4216725826263428,74613672.0
04.05.2020,0.5191659927368164,0.5208330154418945,0.5116659998893738,0.5158330202102661,0.4116960763931274,34766244.0
05.05.2020,0.5191659927368164,0.525833010673523,0.5158330202102661,0.5183330178260803,0.4136914014816284,31092864.0
06.05.2020,0.5208330154418945,0.5333330035209656,0.5149999856948853,0.5274999737739563,0.4210077226161957,40768128.0
07.05.2020,0.525833010673523,0.5325000286102295,0.5208330154418945,0.5233330130577087,0.4176819920539856,26807784.0
08.05.2020,0.5291659832000732,0.5291659832000732,0.5116659998893738,0.5133330225944519,0.4097008109092712,22587528.0
11.05.2020,0.5133330225944519,0.5299999713897705,0.5133330225944519,0.5216659903526306,0.4163515269756317,61909044.0
12.05.2020,0.5249999761581421,0.5400000214576721,0.5224999785423279,0.5283330082893372,0.4216725826263428,73368852.0
13.05.2020,0.5299999713897705,0.538332998752594,0.5283330082893372,0.5325000286102295,0.4249983429908752,41300916.0
14.05.2020,0.5316659808158875,0.5491660237312317,0.5249999761581421,0.5350000262260437,0.4269936680793762,66921180.0
15.05.2020,0.5400000214576721,0.5458329916000366,0.5391659736633301,0.5408329963684082,0.4316490590572357,33577764.0
18.05.2020,0.5458329916000366,0.5541660189628601,0.5441660284996033,0.5466660261154175,0.43630450963974,40487196.0
20.05.2020,0.5475000143051147,0.5516660213470459,0.5425000190734863,0.5450000166893005,0.4349748492240906,27832572.0
21.05.2020,0.5533329844474792,0.5583329796791077,0.5433329939842224,0.5491660237312317,0.4382997751235962,46104948.0
22.05.2020,0.5458329916000366,0.5466660261154175,0.5391659736633301,0.5441660284996033,0.4343092441558838,15801300.0
27.05.2020,0.5483329892158508,0.5516660213470459,0.5433329939842224,0.5450000166893005,0.4349748492240906,25501944.0
28.05.2020,0.5450000166893005,0.5466660261154175,0.5366659760475159,0.5391659736633301,0.4303185641765594,18826860.0
29.05.2020,0.5366659760475159,0.5416659712791443,0.5316659808158875,0.5408329963684082,0.4316490590572357,16011264.0
01.06.2020,0.5416659712791443,0.5550000071525574,0.5416659712791443,0.550832986831665,0.4396302402019501,28753896.0
02.06.2020,0.5525000095367432,0.5558329820632935,0.5491660237312317,0.5533329844474792,0.4416255056858063,20877816.0
03.06.2020,0.5541660189628601,0.5616660118103027,0.5525000095367432,0.5600000023841858,0.4469465911388397,29125032.0
04.06.2020,0.5608329772949219,0.5708330273628235,0.5575000047683716,0.5666660070419312,0.4522668719291687,31855404.0
05.06.2020,0.5683330297470093,0.5699999928474426,0.5641660094261169,0.5649999976158142,0.4509371519088745,21539928.0
08.06.2020,0.5666660070419312,0.5683330297470093,0.5541660189628601,0.5558329820632935,0.4436208307743072,22828176.0
09.06.2020,0.5566660165786743,0.5600000023841858,0.5483329892158508,0.5550000071525574,0.4429560303688049,11955768.0
10.06.2020,0.5525000095367432,0.5666660070419312,0.5525000095367432,0.5658329725265503,0.4516020119190216,19229052.0
11.06.2020,0.5575000047683716,0.5733330249786377,0.5558329820632935,0.5641660094261169,0.4502716064453125,35111748.0
12.06.2020,0.5616660118103027,0.6208329796791077,0.5591660141944885,0.6208329796791077,0.4954986274242401,120239256.0
15.06.2020,0.6166660189628601,0.637499988079071,0.6058329939842224,0.6075000166893005,0.4848572611808777,59625456.0
16.06.2020,0.612500011920929,0.6274999976158142,0.5975000262260437,0.6016659736633301,0.4802010059356689,44825052.0
17.06.2020,0.6016659736633301,0.6100000143051147,0.5983330011367798,0.6033329963684082,0.48153156042099,15425724.0
18.06.2020,0.6108329892158508,0.6208329796791077,0.6050000190734863,0.6100000143051147,0.4868525564670563,26343504.0
19.06.2020,0.6141660213470459,0.6166660189628601,0.6000000238418579,0.6050000190734863,0.4828619956970215,22737888.0
22.06.2020,0.613332986831665,0.6166660189628601,0.6050000190734863,0.6083329916000366,0.4855220913887024,20572188.0
23.06.2020,0.6100000143051147,0.6291660070419312,0.6066660284996033,0.612500011920929,0.4888478815555572,45445032.0
24.06.2020,0.6091660261154175,0.6100000143051147,0.5874999761581421,0.589165985584259,0.4702244997024536,28872036.0
25.06.2020,0.5866659879684448,0.5874999761581421,0.574999988079071,0.5799999833106995,0.4629090130329132,21934680.0
26.06.2020,0.5808330178260803,0.6150000095367432,0.5808330178260803,0.5975000262260437,0.4768761098384857,65283300.0
29.06.2020,0.6000000238418579,0.6091660261154175,0.5933330059051514,0.5991659760475159,0.4782057106494903,26529516.0
30.06.2020,0.6050000190734863,0.6116660237312317,0.6033329963684082,0.6058329939842224,0.4835267663002014,39735288.0
01.07.2020,0.6091660261154175,0.612500011920929,0.5958330035209656,0.6033329963684082,0.48153156042099,29118144.0
02.07.2020,0.6033329963684082,0.6216660141944885,0.6033329963684082,0.613332986831665,0.4895126223564148,48577188.0
03.07.2020,0.6141660213470459,0.6291660070419312,0.6091660261154175,0.6158329844474792,0.4915079772472381,44991420.0
06.07.2020,0.6316660046577454,0.6324999928474426,0.6208329796791077,0.6291660070419312,0.5021492838859558,32007108.0
07.07.2020,0.6291660070419312,0.6308330297470093,0.612500011920929,0.6208329796791077,0.4954986274242401,34088712.0
08.07.2020,0.625,0.6825000047683716,0.625,0.6650000214576721,0.5307491421699524,298265808.0
09.07.2020,0.6641659736633301,0.6641659736633301,0.6033329963684082,0.6091660261154175,0.4861869215965271,86120640.0
10.07.2020,0.6100000143051147,0.6116660237312317,0.5799999833106995,0.5958330035209656,0.4755456149578094,42485568.0
13.07.2020,0.6091660261154175,0.6166660189628601,0.6025000214576721,0.613332986831665,0.4895126223564148,41003424.0
14.07.2020,0.6166660189628601,0.6166660189628601,0.6025000214576721,0.6058329939842224,0.4835267663002014,32971644.0
16.07.2020,0.6100000143051147,0.6283329725265503,0.6100000143051147,0.6183329820632935,0.4935033023357391,48356676.0
17.07.2020,0.6216660141944885,0.6299999952316284,0.6166660189628601,0.6283329725265503,0.5014845132827759,29884620.0
20.07.2020,0.6349999904632568,0.6575000286102295,0.6333330273628235,0.6441659927368164,0.5141211152076721,65402952.0
21.07.2020,0.6441659927368164,0.6483330130577087,0.612500011920929,0.6225000023841858,0.4968290030956268,52405788.0
22.07.2020,0.6291660070419312,0.6299999952316284,0.6091660261154175,0.6116660237312317,0.4881822466850281,26419812.0
23.07.2020,0.612500011920929,0.6241660118103027,0.6108329892158508,0.6158329844474792,0.4915079772472381,24836136.0
24.07.2020,0.6083329916000366,0.6216660141944885,0.6083329916000366,0.6175000071525574,0.4928384125232696,20614908.0
27.07.2020,0.6216660141944885,0.639165997505188,0.6200000047683716,0.6233329772949219,0.4974938333034515,58509480.0
28.07.2020,0.625,0.6316660046577454,0.6041659712791443,0.6058329939842224,0.4835267663002014,40403280.0
29.07.2020,0.6050000190734863,0.6274999976158142,0.5874999761581421,0.6241660118103027,0.4981587827205658,30255156.0
30.07.2020,0.6299999952316284,0.6316660046577454,0.6166660189628601,0.6166660189628601,0.4921728372573852,6607284.0
04.08.2020,0.625,0.6266660094261169,0.5716660022735596,0.5824999809265137,0.4649042189121246,32284200.0
05.08.2020,0.5858330130577087,0.6000000238418579,0.5674999952316284,0.5924999713897705,0.4728854596614837,21096732.0
06.08.2020,0.5933330059051514,0.5933330059051514,0.5616660118103027,0.5708330273628235,0.4555926620960235,23983512.0
07.08.2020,0.5733330249786377,0.6000000238418579,0.5558329820632935,0.5983330011367798,0.477540910243988,31902456.0
10.08.2020,0.5983330011367798,0.6066660284996033,0.5841659903526306,0.600832998752594,0.479536235332489,15986748.0
11.08.2020,0.5991659760475159,0.612500011920929,0.5941659808158875,0.6100000143051147,0.4868525564670563,34856364.0
12.08.2020,0.6091660261154175,0.6200000047683716,0.6016659736633301,0.6075000166893005,0.4848572611808777,21208896.0
13.08.2020,0.612500011920929,0.6241660118103027,0.5966659784317017,0.6075000166893005,0.4848572611808777,42781488.0
14.08.2020,0.6066660284996033,0.6283329725265503,0.5983330011367798,0.6141660213470459,0.490177571773529,39793512.0
17.08.2020,0.6033329963684082,0.6033329963684082,0.5733330249786377,0.5824999809265137,0.4649042189121246,39048144.0
18.08.2020,0.5816659927368164,0.5849999785423279,0.5724999904632568,0.5724999904632568,0.456923097372055,27794400.0
19.08.2020,0.5724999904632568,0.5849999785423279,0.5724999904632568,0.5824999809265137,0.4649042189121246,26490492.0
20.08.2020,0.5858330130577087,0.5908330082893372,0.5808330178260803,0.5849999785423279,0.4668995440006256,25436256.0
21.08.2020,0.5874999761581421,0.5958330035209656,0.574999988079071,0.5808330178260803,0.4635737836360931,38048208.0
24.08.2020,0.5799999833106995,0.588333010673523,0.5733330249786377,0.574999988079071,0.4589183330535888,25062696.0
25.08.2020,0.5758330225944519,0.5783330202102661,0.5649999976158142,0.5683330297470093,0.4535973668098449,18269112.0
26.08.2020,0.5683330297470093,0.5708330273628235,0.5608329772949219,0.5616660118103027,0.4482762813568115,12060672.0
27.08.2020,0.5641660094261169,0.5674999952316284,0.5608329772949219,0.5616660118103027,0.4482762813568115,15487512.0
28.08.2020,0.5616660118103027,0.5649999976158142,0.5566660165786743,0.5608329772949219,0.4476114213466644,15007872.0
31.08.2020,0.5608329772949219,0.5699999928474426,0.5583329796791077,0.5608329772949219,0.4476114213466644,23430192.0
01.09.2020,0.5575000047683716,0.5616660118103027,0.550832986831665,0.5566660165786743,0.4442856609821319,19994892.0
02.09.2020,0.5575000047683716,0.5658329725265503,0.5558329820632935,0.5591660141944885,0.4462809860706329,17184372.0
03.09.2020,0.5600000023841858,0.5625,0.5458329916000366,0.5483329892158508,0.4376349449157715,17116236.0
04.09.2020,0.5491660237312317,0.5525000095367432,0.5475000143051147,0.5491660237312317,0.4382997751235962,15752748.0
07.09.2020,0.550832986831665,0.5799999833106995,0.550832986831665,0.5658329725265503,0.4516020119190216,61342764.0
08.09.2020,0.5674999952316284,0.5716660022735596,0.5516660213470459,0.5575000047683716,0.4449512958526611,18954168.0
09.09.2020,0.5575000047683716,0.5649999976158142,0.5541660189628601,0.5600000023841858,0.4469465911388397,17421456.0
10.09.2020,0.5658329725265503,0.5708330273628235,0.5583329796791077,0.5625,0.4489419162273407,33825816.0
11.09.2020,0.5658329725265503,0.5716660022735596,0.5633329749107361,0.5683330297470093,0.4535973668098449,19404600.0
14.09.2020,0.5716660022735596,0.5933330059051514,0.5699999928474426,0.5824999809265137,0.4649042189121246,140967492.0
15.09.2020,0.5824999809265137,0.5916659832000732,0.5724999904632568,0.5791659951210022,0.4622433483600616,44229636.0
16.09.2020,0.5824999809265137,0.5824999809265137,0.5724999904632568,0.5758330225944519,0.4595832824707031,24122652.0
17.09.2020,0.5741659998893738,0.5741659998893738,0.5666660070419312,0.5699999928474426,0.4549278020858764,16686324.0
18.09.2020,0.5724999904632568,0.576665997505188,0.5691660046577454,0.5716660022735596,0.4562574625015259,18479388.0
21.09.2020,0.5708330273628235,0.6274999976158142,0.5649999976158142,0.5774999856948853,0.4609136879444122,683881920.0
22.09.2020,0.5833330154418945,0.5975000262260437,0.5816659927368164,0.5849999785423279,0.4668995440006256,68762808.0
23.09.2020,0.5858330130577087,0.6016659736633301,0.5849999785423279,0.5866659879684448,0.4682292938232422,50014896.0
24.09.2020,0.5849999785423279,0.588333010673523,0.5791659951210022,0.5833330154418945,0.4655691087245941,31894164.0
25.09.2020,0.5858330130577087,0.5950000286102295,0.5833330154418945,0.5833330154418945,0.4655691087245941,33778848.0
28.09.2020,0.5849999785423279,0.5874999761581421,0.5758330225944519,0.5791659951210022,0.4622433483600616,35009100.0
29.09.2020,0.5808330178260803,0.5958330035209656,0.5774999856948853,0.5841659903526306,0.4662339687347412,49800588.0
30.09.2020,0.5916659832000732,0.6050000190734863,0.5899999737739563,0.5966659784317017,0.4762103855609894,71742336.0
01.10.2020,0.5983330011367798,0.6041659712791443,0.5950000286102295,0.5966659784317017,0.4762103855609894,46729140.0
02.10.2020,0.5966659784317017,0.6150000095367432,0.5958330035209656,0.6066660284996033,0.4841916561126709,90681444.0
05.10.2020,0.6083329916000366,0.6191660165786743,0.6066660284996033,0.6091660261154175,0.4861869215965271,45039372.0
06.10.2020,0.6116660237312317,0.6700000166893005,0.6091660261154175,0.6700000166893005,0.5347397327423096,391187028.0
07.10.2020,0.6783329844474792,0.7225000262260437,0.6575000286102295,0.6916660070419312,0.5520317554473877,309781464.0
08.10.2020,0.6916660070419312,0.7108330130577087,0.6708329916000366,0.6800000071525574,0.5427208542823792,214843176.0
09.10.2020,0.6941660046577454,0.6966660022735596,0.6683329939842224,0.6725000143051147,0.5367349982261658,124887324.0
12.10.2020,0.6766660213470459,0.6825000047683716,0.6650000214576721,0.6708329916000366,0.5354045629501343,89181528.0
13.10.2020,0.6733329892158508,0.6841660141944885,0.6541659832000732,0.675832986831665,0.5393951535224915,113565672.0
14.10.2020,0.6841660141944885,0.701665997505188,0.6791660189628601,0.6825000047683716,0.5447161793708801,99862608.0
15.10.2020,0.6825000047683716,0.6891660094261169,0.6483330130577087,0.6549999713897705,0.5227679014205933,149996460.0
16.10.2020,0.6600000262260437,0.6791660189628601,0.6558330059051514,0.6683329939842224,0.5334092378616333,80426880.0
19.10.2020,0.6741660237312317,0.6833329796791077,0.6616659760475159,0.6791660189628601,0.5420553088188171,80909040.0
20.10.2020,0.6850000023841858,0.6941660046577454,0.6775000095367432,0.6800000071525574,0.5427208542823792,74659392.0
21.10.2020,0.6850000023841858,0.7074999809265137,0.6833329796791077,0.699999988079071,0.5586832761764526,108620424.0
22.10.2020,0.6983330249786377,0.699999988079071,0.6850000023841858,0.6883329749107361,0.549371600151062,48511704.0
23.10.2020,0.6858329772949219,0.7116659879684448,0.6858329772949219,0.7049999833106995,0.5626738667488098,92305560.0
26.10.2020,0.7058330178260803,0.7083330154418945,0.6466659903526306,0.6575000286102295,0.5247632265090942,87872208.0
27.10.2020,0.6608330011367798,0.6725000143051147,0.639165997505188,0.6716660261154175,0.5360693335533142,61582956.0
28.10.2020,0.6650000214576721,0.6716660261154175,0.6566659808158875,0.6583330035209656,0.5254279971122742,15372036.0
30.10.2020,0.6566659808158875,0.6858329772949219,0.6458330154418945,0.675000011920929,0.5387303233146667,57471288.0
02.11.2020,0.6775000095367432,0.7041659951210022,0.6691660284996033,0.7033330202102661,0.5613434314727783,81561432.0
03.11.2020,0.7083330154418945,0.7108330130577087,0.6733329892158508,0.6866660118103027,0.5480411648750305,60028008.0
04.11.2020,0.6875,0.7066659927368164,0.6858329772949219,0.7041659951210022,0.5620082020759583,55123296.0
05.11.2020,0.7049999833106995,0.7533329725265503,0.7024999856948853,0.7233330011367798,0.577305793762207,141078192.0
06.11.2020,0.7250000238418579,0.7691659927368164,0.7174999713897705,0.75,0.5985892415046692,111921336.0
09.11.2020,0.7741659879684448,0.7866659760475159,0.7708330154418945,0.7783330082893372,0.621202290058136,84084828.0
10.11.2020,0.7708330154418945,0.7958329916000366,0.762499988079071,0.7741659879684448,0.6178764700889587,54815232.0
11.11.2020,0.7774999737739563,0.7991660237312317,0.7683330178260803,0.7850000262260437,0.6265234351158142,65247852.0
12.11.2020,0.7875000238418579,0.838333010673523,0.7724999785423279,0.8258330225944519,0.6591129899024963,87979800.0
13.11.2020,0.8333330154418945,0.8550000190734863,0.8233330249786377,0.8274999856948853,0.6604434251785278,69959220.0
16.11.2020,0.8324999809265137,0.8466659784317017,0.8158329725265503,0.8258330225944519,0.6591129899024963,173306328.0
17.11.2020,0.8241659998893738,0.8408330082893372,0.8033329844474792,0.8258330225944519,0.6591129899024963,109167876.0
18.11.2020,0.824999988079071,0.8525000214576721,0.8199999928474426,0.8341659903526306,0.6657637357711792,139332372.0
19.11.2020,0.8333330154418945,0.8783329725265503,0.8274999856948853,0.8716660141944885,0.6956931352615356,143339028.0
20.11.2020,0.8733329772949219,0.9233329892158508,0.8716660141944885,0.8966659903526306,0.7156460881233215,96830328.0
23.11.2020,0.8966659903526306,0.9158329963684082,0.8766660094261169,0.8899999856948853,0.7103258371353149,56100768.0
24.11.2020,0.8974999785423279,0.9225000143051147,0.8916659951210022,0.9158329963684082,0.7309436202049255,56211156.0
25.11.2020,0.9233329892158508,0.9233329892158508,0.8916659951210022,0.8933330178260803,0.7129859924316406,43938132.0
26.11.2020,0.8991659879684448,0.9233329892158508,0.8924999833106995,0.8999999761581421,0.7183070182800293,69657552.0
27.11.2020,0.9024999737739564,0.9083330035209656,0.8783329725265503,0.8858330249786377,0.7070001363754272,26154180.0
30.11.2020,0.8791660070419312,0.9024999737739564,0.8608329892158508,0.8849999904632568,0.7063352465629578,37957548.0
01.12.2020,0.9066659808158876,0.9091659784317015,0.8883330225944519,0.9033330082893372,0.7209672331809998,30685404.0
02.12.2020,0.9066659808158876,0.912500023841858,0.8958330154418945,0.8958330154418945,0.7149813175201416,17579148.0
03.12.2020,0.8974999785423279,0.900833010673523,0.8849999904632568,0.887499988079071,0.7083305716514587,17684976.0
04.12.2020,0.8883330225944519,0.8991659879684448,0.887499988079071,0.8933330178260803,0.7129859924316406,12844836.0
07.12.2020,0.8949999809265137,0.913332998752594,0.889165997505188,0.8999999761581421,0.7183070182800293,28663008.0
08.12.2020,0.912500023841858,0.915000021457672,0.8941659927368164,0.8949999809265137,0.7143164277076721,18679020.0
09.12.2020,0.8991659879684448,0.9100000262260436,0.8933330178260803,0.9024999737739564,0.7203023433685303,19580952.0
10.12.2020,0.901665985584259,0.9591659903526306,0.8974999785423279,0.9524999856948853,0.7602083086967468,100428516.0
11.12.2020,0.9416660070419312,0.988332986831665,0.9341660141944884,0.9733330011367798,0.7768355011940002,43642824.0
14.12.2020,0.9783329963684082,0.9966660141944884,0.9716659784317015,0.974165976047516,0.777500331401825,36774576.0
15.12.2020,0.975000023841858,0.9966660141944884,0.9558330178260804,0.975000023841858,0.7781659364700317,29074392.0
16.12.2020,0.9791659712791444,0.989166021347046,0.9649999737739564,0.9808329939842224,0.7828214168548584,26734416.0
17.12.2020,0.9816660284996032,1.0199999809265137,0.9791659712791444,1.016666054725647,0.8114204406738281,40483164.0
18.12.2020,1.016666054725647,1.024999976158142,0.9941660165786744,0.9966660141944884,0.7954579591751099,14342772.0
21.12.2020,0.9800000190734864,0.9950000047683716,0.9583330154418944,0.9900000095367432,0.790137767791748,47601540.0
22.12.2020,0.9900000095367432,1.0,0.9808329939842224,0.988332986831665,0.7888073325157166,16752252.0
23.12.2020,0.989166021347046,1.0841660499572754,0.9858329892158508,1.0708329677581787,0.8546521067619324,96164700.0
24.12.2020,1.076665997505188,1.166666030883789,1.0616660118103027,1.111665964126587,0.8872416615486145,127009752.0
25.12.2020,1.1100000143051147,1.1449999809265137,1.0841660499572754,1.1191660165786743,0.8932276368141174,38303832.0
28.12.2020,1.1266659498214722,1.215000033378601,1.123332977294922,1.1908329725265503,0.9504262804985046,78670308.0
29.12.2020,1.2008329629898071,1.2608330249786377,1.1458330154418943,1.184999942779541,0.9457709193229676,76184688.0
30.12.2020,1.1808329820632937,1.2183330059051514,1.149999976158142,1.1933330297470093,0.95242178440094,49525428.0
31.12.2020,1.1916660070419312,1.2066659927368164,1.1725000143051147,1.1808329820632937,0.9424452781677246,26494380.0
04.01.2021,1.213333010673523,1.2191660404205322,1.1799999475479126,1.2008329629898071,0.9584075808525084,35634516.0
05.01.2021,1.201665997505188,1.201665997505188,1.149999976158142,1.174165964126587,0.9371241927146912,27627420.0
06.01.2021,1.174165964126587,1.1908329725265503,1.162500023841858,1.1725000143051147,0.935794472694397,15251364.0
07.01.2021,1.1733330488204956,1.1916660070419312,1.1583329439163208,1.1699999570846558,0.9337990880012512,13598208.0
08.01.2021,1.1699999570846558,1.1775000095367432,1.1583329439163208,1.1658329963684082,0.9304735064506532,15555840.0
11.01.2021,1.1616660356521606,1.1958329677581787,1.1533329486846924,1.1716660261154177,0.935128927230835,29050872.0
12.01.2021,1.1691659688949585,1.2708330154418943,1.1691659688949585,1.2274999618530271,0.9796910881996156,96442308.0
13.01.2021,1.2350000143051147,1.2791659832000732,1.2141660451889038,1.215000033378601,0.9697145223617554,71170308.0
14.01.2021,1.2183330059051514,1.225000023841858,1.178333044052124,1.1841659545898438,0.945105254650116,23340444.0
15.01.2021,1.1841659545898438,1.204166054725647,1.166666030883789,1.1825000047683716,0.9437756538391112,14603724.0
18.01.2021,1.184999942779541,1.2300000190734863,1.179165959358215,1.215000033378601,0.9697145223617554,41797128.0
19.01.2021,1.2300000190734863,1.2316659688949585,1.2000000476837158,1.2066659927368164,0.96306312084198,27835404.0
20.01.2021,1.2008329629898071,1.2283329963684082,1.1875,1.212499976158142,0.9677190780639648,25805904.0
21.01.2021,1.2158329486846924,1.2333329916000366,1.201665997505188,1.2091660499572754,0.9650583267211914,26055516.0
22.01.2021,1.2083330154418943,1.2450000047683716,1.2066659927368164,1.2183330059051514,0.9723747372627258,56403456.0
25.01.2021,1.2274999618530271,1.2783329486846924,1.222499966621399,1.2308330535888672,0.982351303100586,66914808.0
26.01.2021,1.2324999570846558,1.2708330154418943,1.203333020210266,1.2558330297470093,1.0023040771484375,46337196.0
27.01.2021,1.2675000429153442,1.2883330583572388,1.1716660261154177,1.1775000095367432,0.9397849440574646,48959796.0
28.01.2021,1.1691659688949585,1.2216659784317017,1.111665964126587,1.212499976158142,0.9677190780639648,29998332.0
29.01.2021,1.1916660070419312,1.2441660165786743,1.166666030883789,1.2166659832000732,0.9710441827774048,43065540.0
01.02.2021,1.225000023841858,1.241665959358215,1.2158329486846924,1.2333329916000366,0.9843463897705078,42629256.0
02.02.2021,1.2374999523162842,1.2458330392837524,1.213333010673523,1.239166021347046,0.9890019297599792,36139008.0
03.02.2021,1.2441660165786743,1.2633329629898071,1.2333329916000366,1.238332986831665,0.9883369207382202,30079488.0
04.02.2021,1.2450000047683716,1.2566659450531006,1.2258330583572388,1.241665959358215,0.9909972548484802,39707532.0
05.02.2021,1.2450000047683716,1.301666021347046,1.2450000047683716,1.2491660118103027,0.9969831109046936,57458904.0
08.02.2021,1.2558330297470093,1.273332953453064,1.2316659688949585,1.241665959358215,0.9909972548484802,33144876.0
09.02.2021,1.248332977294922,1.2649999856948853,1.240833044052124,1.248332977294922,0.996318221092224,34038948.0
10.02.2021,1.2516659498214722,1.2725000381469729,1.2374999523162842,1.2725000381469729,1.01560640335083,28813536.0
11.02.2021,1.2783329486846924,1.3274999856948853,1.2783329486846924,1.3274999856948853,1.0595028400421145,44614764.0
12.02.2021,1.3491660356521606,1.373332977294922,1.2999999523162842,1.3316659927368164,1.0628278255462646,40578228.0
15.02.2021,1.350000023841858,1.4308329820632937,1.3191659450531006,1.4175000190734863,1.131333589553833,75986736.0
16.02.2021,1.4183330535888672,1.4366660118103027,1.3766659498214722,1.4249999523162842,1.137319564819336,51361668.0
17.02.2021,1.4416660070419312,1.479166030883789,1.3700000047683716,1.3791660070419312,1.100738525390625,105333168.0
18.02.2021,1.391666054725647,1.4058330059051514,1.3350000381469729,1.3391660451889038,1.0688139200210571,69072960.0
19.02.2021,1.3408329486846924,1.472499966621399,1.3324999809265137,1.472499966621399,1.1752300262451172,191561280.0
22.02.2021,1.4691660404205322,1.47666597366333,1.391666054725647,1.4016660451889038,1.1186960935592651,117584016.0
23.02.2021,1.4016660451889038,1.4016660451889038,1.3316659927368164,1.335832953453064,1.0661535263061523,51018936.0
24.02.2021,1.3308329582214355,1.364166021347046,1.2866660356521606,1.2883330583572388,1.028243064880371,57584016.0
25.02.2021,1.3166660070419312,1.3708330392837524,1.2883330583572388,1.361665964126587,1.0867714881896973,71826432.0
26.02.2021,1.3250000476837158,1.375,1.3083330392837524,1.3250000476837158,1.0575077533721924,52339524.0
01.03.2021,1.3458329439163208,1.365833044052124,1.3324999809265137,1.350000023841858,1.0774606466293335,39873192.0
02.03.2021,1.354166030883789,1.3691660165786743,1.3141659498214722,1.3174999952316284,1.0515216588974,45652128.0
03.03.2021,1.3308329582214355,1.4308329820632937,1.326665997505188,1.399999976158142,1.1173665523529053,115379568.0
04.03.2021,1.3866660594940186,1.435832977294922,1.363332986831665,1.4208329916000366,1.1339936256408691,51331212.0
05.03.2021,1.4158329963684082,1.4191659688949585,1.373332977294922,1.3883329629898071,1.108054757118225,36224760.0
08.03.2021,1.398332953453064,1.4158329963684082,1.366665959358215,1.3991659879684448,1.1167008876800537,40304448.0
09.03.2021,1.4116660356521606,1.4566659927368164,1.402500033378601,1.4158329963684082,1.1300030946731567,61614924.0
10.03.2021,1.4299999475479126,1.5299999713897705,1.4158329963684082,1.4466660022735596,1.154611587524414,102112872.0
11.03.2021,1.4558329582214355,1.5449999570846558,1.4466660022735596,1.5133329629898071,1.2078197002410889,93351864.0
12.03.2021,1.514165997505188,1.527500033378601,1.463333010673523,1.4816659688949585,1.1825456619262695,37338048.0
15.03.2021,1.4924999475479126,1.537500023841858,1.4808330535888672,1.491665959358215,1.1905269622802734,32872008.0
16.03.2021,1.5016659498214722,1.5449999570846558,1.490833044052124,1.497499942779541,1.195183038711548,70383204.0
17.03.2021,1.5008330345153809,1.525833010673523,1.4583330154418943,1.486665964126587,1.186536192893982,58394124.0
18.03.2021,1.4900000095367432,1.498332977294922,1.4158329963684082,1.416666030883789,1.130668044090271,35664204.0
19.03.2021,1.4158329963684082,1.453333020210266,1.391666054725647,1.4408329725265503,1.1499561071395874,30888012.0
22.03.2021,1.3458329439163208,1.3991659879684448,1.2975000143051147,1.2975000143051147,1.0355592966079712,26758848.0
23.03.2021,1.2491660118103027,1.3333330154418943,1.1683330535888672,1.2675000429153442,1.011615753173828,75504996.0
24.03.2021,1.273332953453064,1.3491660356521606,1.273332953453064,1.3416659832000732,1.0708091259002686,66257940.0
25.03.2021,1.3416659832000732,1.3949999809265137,1.28916597366333,1.291666030883789,1.0309032201766968,45618024.0
26.03.2021,1.3166660070419312,1.340000033378601,1.2791659832000732,1.3125,1.047531008720398,44819892.0
29.03.2021,1.3200000524520874,1.3258329629898071,1.2791659832000732,1.287500023841858,1.0275782346725464,33243828.0
30.03.2021,1.287500023841858,1.3808330297470093,1.287500023841858,1.3808330297470093,1.1020690202713013,75083916.0
31.03.2021,1.3766659498214722,1.3766659498214722,1.3350000381469729,1.350000023841858,1.0774606466293335,44124336.0
01.04.2021,1.3624999523162842,1.377500057220459,1.3558330535888672,1.3683329820632937,1.092092514038086,29652564.0
02.04.2021,1.3766659498214722,1.4058330059051514,1.3691660165786743,1.3883329629898071,1.108054757118225,37353108.0
05.04.2021,1.3883329629898071,1.4325000047683716,1.3841660022735596,1.4158329963684082,1.1300030946731567,34103004.0
06.04.2021,1.4299999475479126,1.4333330392837524,1.3966660499572754,1.4183330535888672,1.1319985389709473,46111944.0
07.04.2021,1.4216660261154177,1.4216660261154177,1.3858330249786377,1.3933329582214355,1.112045407295227,25189140.0
08.04.2021,1.3966660499572754,1.428333044052124,1.3966660499572754,1.412500023841858,1.1273430585861206,32835936.0
09.04.2021,1.4149999618530271,1.4199999570846558,1.3441660404205322,1.3741660118103027,1.096747875213623,35527272.0
12.04.2021,1.375,1.3875000476837158,1.3324999809265137,1.364166021347046,1.0887666940689087,41363820.0
13.04.2021,1.2983330488204956,1.3141659498214722,1.2341660261154177,1.2741659879684448,1.074015736579895,53911404.0
14.04.2021,1.2766660451889038,1.303333044052124,1.2741659879684448,1.2949999570846558,1.0915769338607788,23825016.0
15.04.2021,1.2983330488204956,1.3333330154418943,1.2558330297470093,1.2825000286102295,1.081040620803833,50273616.0
16.04.2021,1.2791659832000732,1.284999966621399,1.2549999952316284,1.2591660022735596,1.061371922492981,16776324.0
19.04.2021,1.265833020210266,1.291666030883789,1.2400000095367432,1.248332977294922,1.0522406101226809,25882488.0
20.04.2021,1.248332977294922,1.2558330297470093,1.2074999809265137,1.2083330154418943,1.018523931503296,20472348.0
21.04.2021,1.2116659879684448,1.265833020210266,1.1933330297470093,1.225000023841858,1.0325729846954346,47364600.0
22.04.2021,1.204166054725647,1.2174999713897705,1.166666030883789,1.1966660022735596,1.008689522743225,27385428.0
26.04.2021,1.1966660022735596,1.2374999523162842,1.1966660022735596,1.2333329916000366,1.0395969152450562,18377052.0
27.04.2021,1.2374999523162842,1.2541660070419312,1.2233330011367798,1.240833044052124,1.0459187030792236,28834380.0
28.04.2021,1.2333329916000366,1.3025000095367432,1.2324999570846558,1.287500023841858,1.0852552652359009,50108964.0
29.04.2021,1.2883330583572388,1.3416659832000732,1.2741659879684448,1.3366659879684448,1.126698017120361,26722224.0
30.04.2021,1.3391660451889038,1.3808330297470093,1.3216660022735596,1.365833044052124,1.1512833833694458,34209288.0
03.05.2021,1.3691660165786743,1.3933329582214355,1.361665964126587,1.3674999475479126,1.1526883840560913,25089012.0
04.05.2021,1.3683329820632937,1.3966660499572754,1.3566659688949585,1.3808330297470093,1.1639270782470703,33336708.0
05.05.2021,1.3825000524520874,1.4249999523162842,1.3716659545898438,1.409999966621399,1.1885124444961548,45240840.0
06.05.2021,1.409999966621399,1.4458329677581787,1.3975000381469729,1.4308329820632937,1.2060728073120115,37187724.0
07.05.2021,1.3608330488204956,1.390833020210266,1.3174999952316284,1.3250000476837158,1.116864562034607,77563152.0
10.05.2021,1.3241660594940186,1.3316659927368164,1.2841659784317017,1.2841659784317017,1.0824449062347412,45521676.0
11.05.2021,1.2866660356521606,1.309999942779541,1.248332977294922,1.2608330249786377,1.062777042388916,59139144.0
12.05.2021,1.265833020210266,1.28916597366333,1.2599999904632568,1.2883330583572388,1.0859572887420654,18308400.0
17.05.2021,1.2941659688949585,1.3833329677581787,1.2933330535888672,1.3708330392837524,1.155497908592224,72562764.0
18.05.2021,1.3708330392837524,1.3783329725265503,1.3224999904632568,1.326665997505188,1.1182688474655151,39284700.0
20.05.2021,1.3300000429153442,1.366665959358215,1.3233330249786377,1.350000023841858,1.1379374265670776,34960380.0
21.05.2021,1.354166030883789,1.3933329582214355,1.3366659879684448,1.3933329582214355,1.1744635105133057,43747860.0
24.05.2021,1.3933329582214355,1.424165964126587,1.391666054725647,1.3991659879684448,1.1793802976608276,41340144.0
25.05.2021,1.3991659879684448,1.4041659832000732,1.3233330249786377,1.3233330249786377,1.1154593229293823,31476384.0
26.05.2021,1.328333020210266,1.361665964126587,1.315000057220459,1.3574999570846558,1.144259333610535,21835116.0
27.05.2021,1.3608330488204956,1.4108330011367798,1.3608330488204956,1.3883329629898071,1.1702488660812378,23930832.0
28.05.2021,1.3899999856948853,1.3966660499572754,1.3433330059051514,1.361665964126587,1.147770881652832,15627624.0
31.05.2021,1.361665964126587,1.3741660118103027,1.329166054725647,1.3416659832000732,1.1309126615524292,16060068.0
01.06.2021,1.3441660404205322,1.364166021347046,1.3424999713897705,1.3608330488204956,1.147068738937378,16192308.0
02.06.2021,1.3491660356521606,1.3700000047683716,1.335832953453064,1.3408329486846924,1.1302103996276855,18892560.0
03.06.2021,1.347499966621399,1.366665959358215,1.310832977294922,1.3316659927368164,1.1224833726882937,25698096.0
04.06.2021,1.3333330154418943,1.3424999713897705,1.3200000524520874,1.3208329677581787,1.1133519411087036,13104636.0
07.06.2021,1.3333330154418943,1.3333330154418943,1.3133330345153809,1.3183330297470093,1.111244797706604,12042456.0
08.06.2021,1.3183330297470093,1.3458329439163208,1.310832977294922,1.3224999904632568,1.1147571802139282,25689792.0
09.06.2021,1.3158329725265503,1.3324999809265137,1.3116660118103027,1.3174999952316284,1.1105425357818604,17322936.0
10.06.2021,1.3216660022735596,1.3408329486846924,1.3191659450531006,1.3224999904632568,1.1147571802139282,17154912.0
11.06.2021,1.326665997505188,1.337499976158142,1.3174999952316284,1.3233330249786377,1.1154593229293823,15752772.0
14.06.2021,1.326665997505188,1.3324999809265137,1.3091659545898438,1.3116660118103027,1.1056249141693115,12520104.0
15.06.2021,1.310832977294922,1.3200000524520874,1.273332953453064,1.301666021347046,1.0971958637237549,19897116.0
16.06.2021,1.3066660165786743,1.3075000047683716,1.277500033378601,1.277500033378601,1.0768258571624756,11200824.0
17.06.2021,1.2791659832000732,1.3241660594940186,1.275833010673523,1.275833010673523,1.07542085647583,31367304.0
18.06.2021,1.2833329439163208,1.2899999618530271,1.25,1.266666054725647,1.067693829536438,11711184.0
21.06.2021,1.264165997505188,1.266666054725647,1.2350000143051147,1.264165997505188,1.0655864477157593,9433200.0
22.06.2021,1.264165997505188,1.2783329486846924,1.2616660594940186,1.275833010673523,1.07542085647583,13552308.0
23.06.2021,1.2833329439163208,1.301666021347046,1.273332953453064,1.2941659688949585,1.090873956680298,13849704.0
24.06.2021,1.2925000190734863,1.3324999809265137,1.2899999618530271,1.3324999809265137,1.1231862306594849,16168692.0
25.06.2021,1.3324999809265137,1.3333330154418943,1.275833010673523,1.275833010673523,1.07542085647583,14922516.0
28.06.2021,1.2799999713897705,1.300832986831665,1.2583329677581787,1.2633329629898071,1.0648843050003052,18166932.0
29.06.2021,1.2625000476837158,1.2925000190734863,1.2516659498214722,1.291666030883789,1.0887668132781982,19936884.0
30.06.2021,1.2883330583572388,1.2925000190734863,1.2466659545898438,1.248332977294922,1.0522406101226809,13029972.0
01.07.2021,1.2549999952316284,1.2933330535888672,1.2549999952316284,1.2883330583572388,1.0859572887420654,11245116.0
02.07.2021,1.2883330583572388,1.300832986831665,1.2699999809265137,1.274999976158142,1.0747185945510864,11693184.0
05.07.2021,1.2766660451889038,1.301666021347046,1.274999976158142,1.2866660356521606,1.0845521688461304,13229736.0
06.07.2021,1.2866660356521606,1.3091659545898438,1.2841659784317017,1.3025000095367432,1.0978988409042358,11675496.0
07.07.2021,1.3133330345153809,1.3274999856948853,1.3049999475479126,1.3208329677581787,1.1133519411087036,10281336.0
08.07.2021,1.3466659784317017,1.3849999904632568,1.3466659784317017,1.3700000047683716,1.15479576587677,46490232.0
09.07.2021,1.3783329725265503,1.3816659450531006,1.3416659832000732,1.3416659832000732,1.1309126615524292,15163752.0
12.07.2021,1.3416659832000732,1.3458329439163208,1.3066660165786743,1.3158329725265503,1.1091374158859253,12380580.0
13.07.2021,1.3125,1.3183330297470093,1.2841659784317017,1.2883330583572388,1.0859572887420654,10749228.0
14.07.2021,1.28916597366333,1.328333020210266,1.2858330011367798,1.3083330392837524,1.1028156280517578,14655744.0
16.07.2021,1.310832977294922,1.326665997505188,1.2941659688949585,1.304165959358215,1.099303126335144,8709420.0
19.07.2021,1.299165964126587,1.3241660594940186,1.299165964126587,1.3075000047683716,1.1021134853363037,4568844.0
26.07.2021,1.3083330392837524,1.326665997505188,1.3075000047683716,1.309999942779541,1.1042207479476929,13170144.0
27.07.2021,1.310832977294922,1.326665997505188,1.3091659545898438,1.3158329725265503,1.1091374158859253,8212560.0
28.07.2021,1.3183330297470093,1.347499966621399,1.3183330297470093,1.3433330059051514,1.1323177814483645,12403764.0
29.07.2021,1.350000023841858,1.3608330488204956,1.337499976158142,1.3533329963684082,1.140746831893921,13385016.0
30.07.2021,1.3533329963684082,1.366665959358215,1.3433330059051514,1.3574999570846558,1.144259333610535,10337064.0
02.08.2021,1.361665964126587,1.372499942779541,1.3524999618530271,1.3574999570846558,1.144259333610535,11712648.0
03.08.2021,1.3566659688949585,1.3700000047683716,1.3424999713897705,1.3483330011367798,1.136532425880432,11697408.0
04.08.2021,1.3441660404205322,1.3766659498214722,1.3441660404205322,1.3674999475479126,1.1526883840560913,17319432.0
05.08.2021,1.3683329820632937,1.390833020210266,1.3600000143051147,1.3899999856948853,1.1716539859771729,16538688.0
06.08.2021,1.3958330154418943,1.3966660499572754,1.3716659545898438,1.3833329677581787,1.1660343408584597,13007652.0
09.08.2021,1.3875000476837158,1.4066660404205322,1.3825000524520874,1.3825000524520874,1.1653321981430054,11985672.0
10.08.2021,1.3825000524520874,1.409999966621399,1.3741660118103027,1.3941659927368164,1.1751656532287598,13207344.0
11.08.2021,1.3949999809265137,1.399999976158142,1.329166054725647,1.3583329916000366,1.1449613571166992,11550228.0
12.08.2021,1.3674999475479126,1.389165997505188,1.3533329963684082,1.3849999904632568,1.1674394607543943,12235380.0
13.08.2021,1.4325000047683716,1.523332953453064,1.4325000047683716,1.5,1.264374852180481,101753592.0
16.08.2021,1.5033329725265503,1.5199999809265137,1.4708329439163208,1.491665959358215,1.257349967956543,38335608.0
17.08.2021,1.491665959358215,1.5824999809265137,1.491665959358215,1.5741660594940186,1.3268908262252808,65520372.0
18.08.2021,1.5833330154418943,1.60166597366333,1.5591659545898438,1.579166054725647,1.3311052322387695,29281500.0
19.08.2021,1.5741660594940186,1.5958329439163208,1.554165959358215,1.5616660118103027,1.3163541555404663,23133792.0
20.08.2021,1.5616660118103027,1.662500023841858,1.5575000047683716,1.650833010673523,1.3915146589279177,46585776.0
23.08.2021,1.6633330583572388,1.6816660165786743,1.5850000381469729,1.5850000381469729,1.3360228538513184,30693780.0
24.08.2021,1.587499976158142,1.6058330535888672,1.5549999475479126,1.5616660118103027,1.3163541555404663,26848656.0
25.08.2021,1.5641659498214722,1.6108330488204956,1.559999942779541,1.5933330059051514,1.34304678440094,50441340.0
26.08.2021,1.5950000286102295,1.666666030883789,1.5750000476837158,1.616665959358215,1.3627146482467651,46996872.0
27.08.2021,1.625,1.641666054725647,1.5924999713897705,1.641666054725647,1.3837875127792358,16596480.0
31.08.2021,1.6458330154418943,1.662500023841858,1.622499942779541,1.625,1.3697395324707031,27654384.0
01.09.2021,1.6341660022735596,1.6491659879684448,1.6066659688949585,1.616665959358215,1.3627146482467651,18152376.0
02.09.2021,1.625,1.625,1.5891660451889038,1.5933330059051514,1.34304678440094,11096748.0
03.09.2021,1.5958329439163208,1.6216659545898438,1.587499976158142,1.5941660404205322,1.3437490463256836,13043088.0
06.09.2021,1.5991660356521606,1.6058330535888672,1.565000057220459,1.5666660070419312,1.3205687999725342,11483004.0
07.09.2021,1.5708329677581787,1.5958329439163208,1.5308330059051514,1.5358330011367798,1.294579029083252,13809504.0
08.09.2021,1.5366660356521606,1.6024999618530271,1.5366660356521606,1.585832953453064,1.3367249965667725,35195244.0
09.09.2021,1.587499976158142,1.6333329677581787,1.5691659450531006,1.6024999618530271,1.350773811340332,25221948.0
10.09.2021,1.6083329916000366,1.6375000476837158,1.5991660356521606,1.6266659498214722,1.371143817901611,22412556.0
13.09.2021,1.6266659498214722,1.6266659498214722,1.5800000429153442,1.587499976158142,1.338129997253418,15620616.0
14.09.2021,1.5891660451889038,1.6058330535888672,1.5674999952316284,1.5924999713897705,1.3423446416854858,13836444.0
15.09.2021,1.5924999713897705,1.7333329916000366,1.5924999713897705,1.7000000476837158,1.4329582452774048,75038520.0
16.09.2021,1.7083330154418943,1.715000033378601,1.640833020210266,1.6883330345153809,1.4231239557266235,28194444.0
17.09.2021,1.7116659879684448,1.791666030883789,1.7083330154418943,1.7433329820632937,1.4694843292236328,41020260.0
20.09.2021,1.7466659545898438,1.7799999713897705,1.662500023841858,1.7466659545898438,1.4722936153411863,22980876.0
21.09.2021,1.7599999904632568,1.7649999856948853,1.6916660070419312,1.7000000476837158,1.4329582452774048,19313652.0
22.09.2021,1.7000000476837158,1.736665964126587,1.6833330392837524,1.725000023841858,1.4540311098098757,12349032.0
23.09.2021,1.7300000190734863,1.7549999952316284,1.6983330249786377,1.725000023841858,1.4540311098098757,11226732.0
24.09.2021,1.725000023841858,1.738332986831665,1.6833330392837524,1.6966660022735596,1.4301478862762451,7973388.0
27.09.2021,1.7000000476837158,1.7333329916000366,1.6883330345153809,1.7116659879684448,1.4427915811538696,9383016.0
28.09.2021,1.713333010673523,1.725000023841858,1.6683330535888672,1.6749999523162842,1.4118852615356443,10401588.0
29.09.2021,1.6950000524520874,1.7566659450531006,1.6866660118103027,1.7216659784317017,1.4512208700180054,45697032.0
30.09.2021,1.725000023841858,1.741665959358215,1.701665997505188,1.701665997505188,1.434362530708313,11063076.0
01.10.2021,1.701665997505188,1.7183330059051514,1.676666021347046,1.7000000476837158,1.4329582452774048,7284252.0
04.10.2021,1.7000000476837158,1.715000033378601,1.6699999570846558,1.6733330488204956,1.410480260848999,9433416.0
05.10.2021,1.6733330488204956,1.6816660165786743,1.640833020210266,1.649999976158142,1.3908122777938845,11318652.0
06.10.2021,1.650833010673523,1.690000057220459,1.6333329677581787,1.6349999904632568,1.3781685829162598,17406768.0
07.10.2021,1.6441659927368164,1.7200000286102295,1.6441659927368164,1.7066659927368164,1.4385771751403809,14712876.0
08.10.2021,1.703333020210266,1.703333020210266,1.6716660261154177,1.684999942779541,1.4203144311904907,9660204.0
11.10.2021,1.6883330345153809,1.7116659879684448,1.666666030883789,1.6916660070419312,1.4259333610534668,13448040.0
12.10.2021,1.6950000524520874,1.7233330011367798,1.6799999475479126,1.6983330249786377,1.4315531253814695,16447752.0
13.10.2021,1.6983330249786377,1.7100000381469729,1.6633330583572388,1.678333044052124,1.4146947860717771,9900456.0
14.10.2021,1.6749999523162842,1.6983330249786377,1.652500033378601,1.6633330583572388,1.4020509719848633,8995272.0
15.10.2021,1.6699999570846558,1.6833330392837524,1.6399999856948853,1.6575000286102295,1.3971343040466309,9743136.0
18.10.2021,1.6575000286102295,1.703333020210266,1.6575000286102295,1.6699999570846558,1.4076706171035769,14967456.0
19.10.2021,1.676666021347046,1.736665964126587,1.6716660261154177,1.725000023841858,1.4540311098098757,24108252.0
20.10.2021,1.725000023841858,1.7883330583572388,1.713333010673523,1.7716660499572754,1.4933667182922363,26009988.0
21.10.2021,1.7699999809265137,1.8583329916000368,1.736665964126587,1.8049999475479128,1.521464467048645,42311148.0
22.10.2021,1.8133330345153809,1.8450000286102293,1.8083330392837524,1.828333020210266,1.5411322116851809,14799612.0
25.10.2021,1.828333020210266,1.9049999713897705,1.8200000524520876,1.8733329772949217,1.5790634155273438,19237944.0
26.10.2021,1.8799999952316284,1.891666054725647,1.8583329916000368,1.875,1.5804686546325684,13859892.0
27.10.2021,1.8833329677581787,1.996665954589844,1.871665954589844,1.965000033378601,1.656331181526184,27855768.0
28.10.2021,1.9666659832000728,1.9833329916000368,1.924999952316284,1.953333020210266,1.6464966535568235,7055640.0
01.11.2021,1.953333020210266,1.9916659593582156,1.934999942779541,1.9666659832000728,1.6577353477478027,14682012.0
02.11.2021,1.97333300113678,1.978332996368408,1.950000047683716,1.955000042915344,1.647902011871338,10097460.0
03.11.2021,1.955000042915344,1.9816659688949585,1.8583329916000368,1.9116660356521609,1.611375093460083,22894284.0
04.11.2021,1.9333330392837524,1.9716659784317017,1.9333330392837524,1.9716659784317017,1.6619499921798706,12893256.0
05.11.2021,2.031666040420532,2.0983328819274902,1.928333044052124,1.9483330249786377,1.642282247543335,51576588.0
08.11.2021,1.951665997505188,1.975000023841858,1.9083329439163208,1.9299999475479128,1.626828908920288,18732324.0
09.11.2021,1.9299999475479128,1.9483330249786377,1.8966660499572756,1.919999957084656,1.6183998584747314,18387372.0
10.11.2021,1.924999952316284,1.9433330297470093,1.8949999809265137,1.9133330583572388,1.612780213356018,16957020.0
11.11.2021,1.9033329486846924,1.97666597366333,1.901666045188904,1.924999952316284,1.6226143836975098,31033284.0
12.11.2021,1.9333330392837524,1.963333010673523,1.923333048820496,1.9433330297470093,1.638067603111267,13784784.0
15.11.2021,1.950000047683716,1.986665964126587,1.934999942779541,1.9700000286102293,1.660545825958252,29156460.0
16.11.2021,1.97666597366333,2.025000095367432,1.955000042915344,1.986665964126587,1.6745936870574951,34214316.0
17.11.2021,1.986665964126587,1.996665954589844,1.9583330154418943,1.9716659784317017,1.6619499921798706,15963804.0
18.11.2021,1.9800000190734863,1.9850000143051147,1.9433330297470093,1.965000033378601,1.656331181526184,26872932.0
19.11.2021,1.97333300113678,2.038332939147949,1.963333010673523,2.031666040420532,1.7125250101089478,33557736.0
22.11.2021,2.041666030883789,2.0733330249786377,2.0199999809265137,2.058332920074463,1.735002875328064,27445776.0
23.11.2021,2.059999942779541,2.164999961853028,2.059999942779541,2.1316659450531006,1.7968164682388306,36124704.0
24.11.2021,2.150000095367432,2.19666600227356,2.0850000381469727,2.125,1.7911977767944336,28614264.0
25.11.2021,2.1416659355163574,2.183332920074463,2.130000114440918,2.161665916442871,1.8221040964126587,16827444.0
26.11.2021,2.161665916442871,2.174999952316284,2.113332986831665,2.1700000762939453,1.8291290998458865,17252772.0
29.11.2021,2.171665906906128,2.325000047683716,2.171665906906128,2.325000047683716,1.959781050682068,26916648.0
30.11.2021,2.325000047683716,2.440000057220459,2.309999942779541,2.309999942779541,1.947137475013733,30164760.0
01.12.2021,2.345000028610229,2.4583330154418945,2.345000028610229,2.430000066757202,2.0482873916625977,24589476.0
02.12.2021,2.4366660118103027,2.5733330249786377,2.4366660118103027,2.4749999046325684,2.0862185955047607,23821044.0
03.12.2021,2.484999895095825,2.536665916442871,2.4749999046325684,2.491666078567505,2.100266695022583,19900464.0
06.12.2021,2.505000114440918,2.515000104904175,2.4083330631256104,2.4800000190734863,2.090433359146118,18618324.0
07.12.2021,2.484999895095825,2.5116660594940186,2.4600000381469727,2.505000114440918,2.111506223678589,24632328.0
08.12.2021,2.5166659355163574,2.5266659259796143,2.416666030883789,2.498332977294922,2.105886220932007,19302960.0
09.12.2021,2.5116660594940186,2.5866661071777344,2.5116660594940186,2.5350000858306885,2.136793613433838,24055200.0
10.12.2021,2.536665916442871,2.683332920074463,2.5116660594940186,2.6549999713897705,2.237943410873413,25787700.0
13.12.2021,2.700000047683716,2.9200000762939453,2.700000047683716,2.9200000762939453,2.4613165855407715,30862716.0
14.12.2021,3.059999942779541,3.2116661071777344,2.983333110809326,3.015000104904175,2.541393756866455,90544896.0
15.12.2021,3.0183329582214355,3.161665916442871,3.0083329677581787,3.053333044052124,2.5737051963806152,45999720.0
16.12.2021,3.0999999046325684,3.156666040420532,3.031666040420532,3.148333072662353,2.653782367706299,35907216.0
17.12.2021,3.183332920074463,3.4616661071777344,2.85166597366333,2.9016659259796143,2.4458625316619877,67680840.0
20.12.2021,2.8399999141693115,3.1916658878326416,2.791666030883789,3.1433329582214355,2.6495676040649414,69449796.0
21.12.2021,3.2666659355163574,3.275000095367432,2.8299999237060547,2.8299999237060547,2.385453939437866,62963100.0
22.12.2021,2.740000009536743,2.924999952316284,2.5816659927368164,2.684999942779541,2.2632312774658203,57658776.0
23.12.2021,2.791666030883789,2.858333110809326,2.5183329582214355,2.606666088104248,2.19720196723938,53668860.0
24.12.2021,2.625,2.736665964126587,2.5999999046325684,2.736665964126587,2.306781053543091,44585352.0
27.12.2021,2.75,2.8166658878326416,2.6266660690307617,2.7300000190734863,2.3011622428894043,47778420.0
28.12.2021,2.7583329677581787,2.7716660499572754,2.5850000381469727,2.666666030883789,2.247777223587036,26510196.0
29.12.2021,2.650000095367432,2.7516660690307617,2.5899999141693115,2.7083330154418945,2.2828989028930664,31097892.0
30.12.2021,2.7249999046325684,2.8550000190734863,2.7249999046325684,2.796665906906128,2.357356309890747,49400004.0
31.12.2021,2.7950000762939453,2.856666088104248,2.7116661071777344,2.856666088104248,2.407931327819824,35425296.0
03.01.2022,2.8916659355163574,3.0350000858306885,2.875,3.0299999713897705,2.55403733253479,38796060.0
04.01.2022,3.0450000762939453,3.0566658973693848,2.971666097640991,3.0199999809265137,2.5456082820892334,39060816.0
05.01.2022,3.031666040420532,3.075000047683716,3.0,3.0133330821990967,2.5399885177612305,26599476.0
06.01.2022,3.0,3.0333330631256104,2.916666030883789,2.986665964126587,2.517510175704956,36681468.0
07.01.2022,2.986665964126587,3.005000114440918,2.9016659259796143,2.934999942779541,2.4739601612091064,22648200.0
10.01.2022,2.9483330249786377,2.981666088104248,2.916666030883789,2.916666030883789,2.4585061073303223,20886036.0
11.01.2022,2.923332929611206,2.9483330249786377,2.8499999046325684,2.8550000190734863,2.406526803970337,19709616.0
12.01.2022,2.868333101272583,2.911665916442871,2.8366661071777344,2.841665983200073,2.395287275314331,28925988.0
13.01.2022,2.846666097640991,2.866666078567505,2.7783329486846924,2.788332939147949,2.350332260131836,25888668.0
14.01.2022,2.789999961853028,2.8833329677581787,2.7566659450531006,2.856666088104248,2.407931327819824,27019932.0
17.01.2022,2.875,2.900000095367432,2.841665983200073,2.845000028610229,2.3980977535247803,19794576.0
18.01.2022,2.843333005905152,2.845000028610229,2.701666116714477,2.701666116714477,2.2772793769836426,18280932.0
19.01.2022,2.700000047683716,2.733333110809326,2.625,2.6983330249786377,2.2744698524475098,36502080.0
20.01.2022,2.716665983200073,2.7300000190734863,2.6416659355163574,2.680000066757202,2.259016752243042,30309252.0
21.01.2022,2.676666021347046,2.69333291053772,2.6333329677581787,2.671665906906128,2.251991510391236,12785976.0
24.01.2022,2.671665906906128,2.674999952316284,2.50333309173584,2.538332939147949,2.139602899551392,21465540.0
25.01.2022,2.543333053588867,2.5833330154418945,2.4583330154418945,2.5133330821990967,2.118530035018921,20798208.0
26.01.2022,2.5216660499572754,2.5833330154418945,2.491666078567505,2.509999990463257,2.115720510482788,16009248.0
27.01.2022,2.483333110809326,2.549999952316284,2.369999885559082,2.5450000762939453,2.1452229022979736,16014228.0
28.01.2022,2.608333110809326,2.648333072662353,2.576666116714477,2.5850000381469727,2.178939819335937,23529864.0
31.01.2022,2.616666078567505,2.7066659927368164,2.575000047683716,2.6700000762939453,2.2505874633789062,23472336.0
01.02.2022,2.676666021347046,2.734999895095825,2.5833330154418945,2.6366660594940186,2.222489595413208,26009904.0
02.02.2022,2.6466660499572754,2.663332939147949,2.578332901000977,2.5899999141693115,2.1831538677215576,15702276.0
03.02.2022,2.5983328819274902,2.5983328819274902,2.4800000190734863,2.484999895095825,2.0946476459503174,16355388.0
04.02.2022,2.5016660690307617,2.5133330821990967,2.4549999237060547,2.470000028610229,2.0820040702819824,14263272.0
07.02.2022,2.471666097640991,2.5066659450531006,2.3483328819274902,2.5,2.1072914600372314,16930668.0
08.02.2022,2.5183329582214355,2.558332920074463,2.4633328914642334,2.486665964126587,2.0960521697998047,17669964.0
09.02.2022,2.5083329677581787,2.5833330154418945,2.5016660690307617,2.5833330154418945,2.1775341033935547,19109916.0
10.02.2022,2.60166597366333,2.618333101272583,2.5566658973693848,2.5616660118103027,2.159271001815796,23093796.0
11.02.2022,2.541666030883789,2.5983328819274902,2.5016660690307617,2.591665983200073,2.184558391571045,15654252.0
14.02.2022,2.525000095367432,2.5566658973693848,2.4749999046325684,2.50333309173584,2.110101222991944,17295780.0
15.02.2022,2.5116660594940186,2.576666116714477,2.50333309173584,2.5299999713897705,2.1325788497924805,22601988.0
16.02.2022,2.621665954589844,2.7716660499572754,2.616666078567505,2.734999895095825,2.3053767681121826,92566284.0
17.02.2022,2.734999895095825,2.858333110809326,2.688333034515381,2.736665964126587,2.306781053543091,80851980.0
18.02.2022,2.765000104904175,2.8499999046325684,2.75,2.8350000381469727,2.3896684646606445,39764100.0
21.02.2022,2.8350000381469727,2.928333044052124,2.8350000381469727,2.8816659450531006,2.429003953933716,42777768.0
22.02.2022,2.801666021347046,3.055000066757202,2.7583329677581787,3.0266659259796143,2.55122709274292,99099984.0
23.02.2022,3.0666658878326416,3.164999961853028,3.048332929611206,3.1333329677581787,2.6411385536193848,65383104.0
24.02.2022,2.841665983200073,3.123332977294922,2.841665983200073,2.871665954589844,2.42057466506958,82993644.0
25.02.2022,3.0199999809265137,3.1366660594940186,2.9616661071777344,3.125,2.6341142654418945,55331520.0
28.02.2022,3.0833330154418945,3.125,2.994999885559082,2.994999885559082,2.5245349407196045,44501412.0
01.03.2022,3.041666030883789,3.1416659355163574,3.0216660499572754,3.075000047683716,2.591968536376953,41058936.0
02.03.2022,3.096666097640991,3.1316659450531006,3.039999961853028,3.1050000190734863,2.617255926132202,36594720.0
03.03.2022,3.1383330821990967,3.241666078567505,3.0350000858306885,3.048332929611206,2.5694901943206787,55954080.0
04.03.2022,3.053333044052124,3.0616660118103027,2.913332939147949,2.926666021347046,2.466935396194458,34307100.0
07.03.2022,2.914999961853028,2.9583330154418945,2.85166597366333,2.926666021347046,2.466935396194458,27796188.0
08.03.2022,2.924999952316284,2.991666078567505,2.906666040420532,2.9600000381469727,2.495033025741577,29650596.0
09.03.2022,3.0,3.0066659450531006,2.933332920074463,2.950000047683716,2.4866039752960205,19878084.0
10.03.2022,2.984999895095825,2.984999895095825,2.8766660690307617,2.906666040420532,2.4500768184661865,20337084.0
11.03.2022,2.9316658973693848,2.966665983200073,2.8966660499572754,2.9549999237060547,2.490818738937378,19914000.0
14.03.2022,2.968333005905152,3.0866661071777344,2.9649999141693115,3.031666040420532,2.5554416179656982,27982152.0
15.03.2022,3.043333053588867,3.065000057220459,2.988332986831665,2.993333101272583,2.523130178451538,20881776.0
16.03.2022,3.0116660594940186,3.0199999809265137,2.970000028610229,2.996665954589844,2.525939464569092,12151548.0
17.03.2022,3.0083329677581787,3.051666021347046,3.0,3.0199999809265137,2.5456082820892334,13532028.0
18.03.2022,3.0216660499572754,3.0450000762939453,2.971666097640991,2.971666097640991,2.504866600036621,15375756.0
21.03.2022,2.9749999046325684,3.049999952316284,2.9749999046325684,3.0216660499572754,2.5470125675201416,19028808.0
22.03.2022,3.0350000858306885,3.1549999713897705,3.0299999713897705,3.125,2.6341142654418945,31745856.0
23.03.2022,3.1416659355163574,3.398333072662353,3.1416659355163574,3.291666030883789,2.774600028991699,72931416.0
24.03.2022,3.296665906906128,3.423332929611206,3.241666078567505,3.346666097640991,2.820960521697998,49187964.0
25.03.2022,3.368333101272583,3.6333329677581783,3.368333101272583,3.575000047683716,3.013426780700684,75593976.0
28.03.2022,3.611665964126587,3.718333005905152,3.5350000858306885,3.660000085830689,3.0850746631622314,53008440.0
29.03.2022,3.683332920074463,3.825000047683716,3.541666030883789,3.5833330154418945,3.0204508304595947,60433824.0
30.03.2022,3.5999999046325684,3.6816658973693848,3.5566658973693848,3.621665954589844,3.052762269973755,24262284.0
31.03.2022,3.625,3.6583330631256095,3.5799999237060547,3.6333329677581783,3.062596559524536,17690412.0
01.04.2022,3.666666030883789,3.736665964126587,3.5899999141693115,3.615000009536743,3.0471436977386475,28207524.0
04.04.2022,3.618333101272583,3.819999933242798,3.5850000381469727,3.7766659259796143,3.1834142208099365,45237000.0
05.04.2022,3.778332948684693,3.831665992736816,3.75,3.825000047683716,3.224156141281128,34286988.0
06.04.2022,3.825000047683716,4.113333225250244,3.803333044052124,4.034999847412109,3.4011685848236084,59871108.0
07.04.2022,4.050000190734863,4.105000019073486,3.930000066757202,3.956665992736816,3.335139513015747,34991160.0
08.04.2022,3.993333101272583,3.994999885559082,3.8883330821990967,3.903332948684693,3.2901840209960938,22001328.0
11.04.2022,3.9149999618530273,3.990000009536743,3.759999990463257,3.916666030883789,3.3014228343963623,32182152.0
12.04.2022,3.9149999618530273,4.058332920074463,3.8966660499572754,4.0233330726623535,3.391334056854248,32918100.0
13.04.2022,4.068333148956299,4.086666107177734,3.928333044052124,3.966665983200073,3.343568801879883,40581984.0
14.04.2022,3.981666088104248,4.008333206176758,3.923332929611206,3.933332920074463,3.315471649169922,20253180.0
15.04.2022,3.933332920074463,4.033332824707031,3.9049999713897705,4.010000228881836,3.3800957202911377,22086948.0
18.04.2022,4.025000095367432,4.073332786560059,3.986665964126587,3.988332986831665,3.3618319034576416,19519104.0
19.04.2022,4.016665935516357,4.164999961853027,3.996665954589844,4.046666145324707,3.411001920700073,44048148.0
20.04.2022,4.050000190734863,4.108333110809326,4.050000190734863,4.070000171661377,3.430670738220215,28692828.0
21.04.2022,3.921665906906128,3.950000047683716,3.8949999809265137,3.903332948684693,3.419719219207764,25350948.0
22.04.2022,3.9016659259796143,3.9016659259796143,3.7116661071777344,3.738332986831665,3.2751622200012207,27743640.0
25.04.2022,3.734999895095825,3.913332939147949,3.6649999618530273,3.853332996368408,3.3759140968322754,38893344.0
26.04.2022,3.868333101272583,3.940000057220459,3.690000057220459,3.703332901000977,3.2444987297058105,37959324.0
27.04.2022,3.7083330154418954,3.813333034515381,3.674999952316284,3.805000066757202,3.3335695266723637,28118136.0
28.04.2022,3.813333034515381,3.869999885559082,3.765000104904175,3.7733330726623535,3.305826187133789,20359440.0
29.04.2022,3.8333330154418954,3.9149999618530273,3.796665906906128,3.8450000286102295,3.368613719940185,21270132.0
05.05.2022,3.8883330821990967,3.926666021347046,3.8450000286102295,3.856666088104248,3.3788342475891118,28348020.0
06.05.2022,3.84833288192749,4.066666126251221,3.8333330154418954,4.066666126251221,3.5628159046173096,47049396.0
09.05.2022,4.125,4.291666030883789,3.993333101272583,4.026666164398193,3.5277717113494877,53363064.0
10.05.2022,4.166666030883789,4.195833206176758,4.043333053588867,4.058332920074463,3.555515050888061,11981568.0
11.05.2022,4.114999771118164,4.166666030883789,3.998332977294922,4.021666049957275,3.5233912467956543,30613992.0
12.05.2022,3.998332977294922,3.998332977294922,3.8366661071777344,3.900000095367432,3.416799306869507,31166316.0
13.05.2022,3.9483330249786377,4.025000095367432,3.930000066757202,4.014999866485596,3.5175509452819824,22667460.0
16.05.2022,4.0,4.010000228881836,3.903332948684693,3.913332939147949,3.428480386734009,20514216.0
17.05.2022,3.944999933242798,3.9516661167144775,3.859999895095825,3.910000085830689,3.425560474395752,23760948.0
18.05.2022,3.916666030883789,4.081665992736816,3.8816659450531006,3.993333101272583,3.498568534851074,36872388.0
20.05.2022,3.993333101272583,3.993333101272583,3.87833309173584,3.8966660499572754,3.4138784408569336,20355348.0
23.05.2022,3.9316658973693848,4.041666030883789,3.869999885559082,4.041666030883789,3.5409131050109863,35361600.0
24.05.2022,4.041666030883789,4.170833110809326,4.041666030883789,4.125,3.613922119140625,27391392.0
25.05.2022,4.138332843780518,4.144999980926514,4.034999847412109,4.096665859222412,3.589098691940308,27962172.0
26.05.2022,4.096665859222412,4.139999866485596,4.058332920074463,4.118332862854004,3.6080808639526367,18993744.0
27.05.2022,4.183332920074463,4.529166221618652,4.183332920074463,4.529166221618652,3.968013048171997,69845304.0
30.05.2022,4.670833110809326,4.795833110809326,4.516665935516357,4.633333206176758,4.059274196624756,75578652.0
31.05.2022,4.637499809265137,5.083333015441895,4.633333206176758,4.837500095367432,4.238145351409912,77276988.0
01.06.2022,4.849999904632568,5.237500190734863,4.800000190734863,5.145833015441895,4.508276462554932,62721948.0
02.06.2022,5.199999809265137,5.341666221618652,5.054165840148926,5.099999904632568,4.468122005462647,67515924.0
03.06.2022,5.120832920074463,5.237500190734863,5.066666126251221,5.083333015441895,4.453519821166992,40982352.0
06.06.2022,5.104166030883789,5.150000095367432,5.004166126251221,5.050000190734863,4.424316883087158,36163752.0
07.06.2022,5.074999809265137,5.183332920074463,5.0,5.004166126251221,4.384161949157715,37963932.0
08.06.2022,5.058332920074463,5.400000095367432,4.979166030883789,5.058332920074463,4.431617736816406,107548212.0
09.06.2022,5.133333206176758,5.341666221618652,5.0,5.208333015441895,4.563032627105713,67209072.0
10.06.2022,5.208333015441895,5.237500190734863,5.041666030883789,5.104166030883789,4.471771717071533,41257500.0
13.06.2022,5.083333015441895,5.154166221618652,5.0,5.020833015441895,4.398763656616211,26156796.0
14.06.2022,5.054165840148926,5.129166126251221,4.912499904632568,5.008333206176758,4.387812614440918,25205952.0
15.06.2022,5.033332824707031,5.175000190734863,5.033332824707031,5.158332824707031,4.519227504730225,32377320.0
16.06.2022,5.195833206176758,5.233333110809326,5.058332920074463,5.108333110809326,4.475422382354736,34283352.0
17.06.2022,5.162499904632568,5.191666126251221,5.087500095367432,5.150000095367432,4.511927604675293,20463480.0
20.06.2022,5.191666126251221,5.349999904632568,5.091666221618652,5.095832824707031,4.464471340179443,37708032.0
21.06.2022,5.133333206176758,5.150000095367432,5.041666030883789,5.054165840148926,4.427966594696045,22351884.0
22.06.2022,5.045833110809326,5.091666221618652,4.995832920074463,5.029166221618652,4.406064510345459,15676020.0
23.06.2022,5.070833206176758,5.125,4.908332824707031,4.941666126251221,4.329405307769775,25633260.0
24.06.2022,4.966666221618652,5.008333206176758,4.866665840148926,4.929165840148926,4.318453788757324,18665820.0
27.06.2022,4.762499809265137,4.762499809265137,4.762499809265137,4.762499809265137,4.1724371910095215,185700.0
28.06.2022,4.883333206176758,4.974999904632568,4.666666030883789,4.75,4.161486625671387,23942400.0
29.06.2022,4.75,4.766665935516357,4.529166221618652,4.541666030883789,3.978964328765869,22334736.0
30.06.2022,4.533332824707031,4.820833206176758,4.400000095367432,4.820833206176758,4.223543643951416,32120364.0
01.07.2022,4.820833206176758,4.908332824707031,4.666666030883789,4.766665935516357,4.176086902618408,28596624.0
04.07.2022,4.775000095367432,4.8125,4.591666221618652,4.591666221618652,4.022769451141357,13437552.0
05.07.2022,4.595832824707031,4.724999904632568,4.554165840148926,4.641665935516357,4.066574573516846,21367836.0
06.07.2022,4.675000190734863,4.770833015441895,4.570833206176758,4.745832920074463,4.157835960388184,20654628.0
07.07.2022,4.75,4.858333110809326,4.724999904632568,4.775000095367432,4.183388710021973,20305296.0
08.07.2022,4.787499904632568,5.020833015441895,4.775000095367432,4.925000190734863,4.3148040771484375,21193836.0
13.07.2022,4.925000190734863,5.0,4.808332920074463,4.854166030883789,4.25274658203125,15826800.0
14.07.2022,4.833333015441895,5.058332920074463,4.816666126251221,4.870832920074463,4.267348289489746,28426404.0
18.07.2022,4.933332920074463,5.004166126251221,4.916666030883789,4.995832920074463,4.376860618591309,13360404.0
19.07.2022,4.991665840148926,5.045833110809326,4.904166221618652,4.925000190734863,4.3148040771484375,19033752.0
20.07.2022,4.945833206176758,5.050000190734863,4.941666126251221,4.941666126251221,4.329405307769775,25941168.0
21.07.2022,4.958333015441895,4.966666221618652,4.808332920074463,4.8125,4.21624231338501,21538332.0
22.07.2022,4.820833206176758,4.862500190734863,4.804165840148926,4.824999809265137,4.227193832397461,15390996.0
25.07.2022,4.816666126251221,4.829165935516357,4.733333110809326,4.758333206176758,4.168787002563477,17800008.0
26.07.2022,4.791666030883789,4.916666030883789,4.783332824707031,4.808332920074463,4.212591648101807,20001312.0
27.07.2022,4.866665840148926,4.866665840148926,4.704165935516357,4.729166030883789,4.143233299255371,17769588.0
28.07.2022,4.758333206176758,4.879166126251221,4.754166126251221,4.837500095367432,4.238145351409912,20065164.0
29.07.2022,4.883333206176758,4.949999809265137,4.800000190734863,4.900000095367432,4.292901992797852,17314680.0
01.08.2022,4.974999904632568,5.150000095367432,4.974999904632568,5.025000095367432,4.402414321899414,40509372.0
02.08.2022,5.025000095367432,5.129166126251221,4.954165935516357,4.958333015441895,4.344007015228272,30221328.0
03.08.2022,4.991665840148926,5.050000190734863,4.979166030883789,5.0,4.38051176071167,14817840.0
04.08.2022,5.045833110809326,5.275000095367432,5.045833110809326,5.166666030883789,4.5265278816223145,49192776.0
05.08.2022,5.208333015441895,5.266665935516357,5.041666030883789,5.074999809265137,4.446219444274902,32051736.0
08.08.2022,5.116665840148926,5.145833015441895,5.033332824707031,5.074999809265137,4.446219444274902,31748136.0
09.08.2022,5.104166030883789,5.179165840148926,4.966666221618652,4.970832824707031,4.3549580574035645,40042224.0
10.08.2022,4.995832920074463,5.116665840148926,4.941666126251221,5.083333015441895,4.453519821166992,31122588.0
11.08.2022,5.145833015441895,5.216666221618652,5.045833110809326,5.125,4.490024566650391,38803896.0
12.08.2022,4.8125,4.958333015441895,4.762499809265137,4.887499809265137,4.281949996948242,89854512.0
15.08.2022,4.895833015441895,4.908332824707031,4.708333015441895,4.754166126251221,4.165136337280273,61029804.0
16.08.2022,4.766665935516357,4.854166030883789,4.658332824707031,4.795833110809326,4.201640605926514,40583316.0
17.08.2022,4.820833206176758,4.858333110809326,4.770833015441895,4.808332920074463,4.212591648101807,31815204.0
18.08.2022,4.816666126251221,4.833333015441895,4.695833206176758,4.808332920074463,4.212591648101807,39428496.0
19.08.2022,4.833333015441895,4.887499809265137,4.770833015441895,4.808332920074463,4.212591648101807,27804300.0
22.08.2022,4.808332920074463,4.945833206176758,4.808332920074463,4.875,4.270998954772949,42298632.0
23.08.2022,4.908332824707031,4.933332920074463,4.783332824707031,4.833333015441895,4.234494686126709,40141704.0
24.08.2022,4.862500190734863,4.866665840148926,4.704165935516357,4.704165935516357,4.121330738067627,29053416.0
25.08.2022,4.737500190734863,4.762499809265137,4.662499904632568,4.683332920074463,4.103078842163086,21512004.0
26.08.2022,4.729166030883789,4.729166030883789,4.591666221618652,4.658332824707031,4.081176280975342,33538032.0
29.08.2022,4.658332824707031,4.662499904632568,4.574999809265137,4.616665840148926,4.044672012329102,19019052.0
31.08.2022,4.620832920074463,4.699999809265137,4.599999904632568,4.604166030883789,4.03372049331665,20596812.0
01.09.2022,4.608333110809326,4.641665935516357,4.5,4.504166126251221,3.946110725402832,24608580.0
02.09.2022,4.520833015441895,4.625,4.516665935516357,4.612500190734863,4.041022300720215,28465668.0
05.09.2022,4.654166221618652,4.691666126251221,4.566666126251221,4.637499809265137,4.062924861907959,46768212.0
06.09.2022,4.666666030883789,4.891665935516357,4.637499809265137,4.766665935516357,4.176086902618408,106629960.0
07.09.2022,4.795833110809326,4.820833206176758,4.670833110809326,4.704165935516357,4.121330738067627,37213500.0
08.09.2022,4.737500190734863,4.808332920074463,4.650000095367432,4.650000095367432,4.073875904083252,46552800.0
09.09.2022,4.679165840148926,4.737500190734863,4.637499809265137,4.6875,4.106729507446289,34478184.0
12.09.2022,4.75,4.766665935516357,4.608333110809326,4.704165935516357,4.121330738067627,47141520.0
13.09.2022,4.745832920074463,4.804165840148926,4.541666030883789,4.545833110809326,3.982614994049072,64005408.0
14.09.2022,4.541666030883789,4.658332824707031,4.404166221618652,4.608333110809326,4.037371635437012,37987356.0
15.09.2022,4.612500190734863,4.891665935516357,4.587500095367432,4.683332920074463,4.103078842163086,45160200.0
16.09.2022,4.6875,4.858333110809326,4.670833110809326,4.833333015441895,4.234494686126709,52589748.0
19.09.2022,4.949999809265137,5.045833110809326,4.704165935516357,4.704165935516357,4.121330738067627,60824772.0
20.09.2022,4.741665840148926,4.833333015441895,4.625,4.795833110809326,4.201640605926514,31169364.0
21.09.2022,4.800000190734863,4.841666221618652,4.712500095367432,4.766665935516357,4.176086902618408,31766508.0
22.09.2022,4.783332824707031,5.0,4.783332824707031,4.970832824707031,4.3549580574035645,55245696.0
23.09.2022,4.983333110809326,5.066666126251221,4.883333206176758,4.904166221618652,4.296551704406738,46608276.0
26.09.2022,4.908332824707031,5.016665935516357,4.845832824707031,4.891665935516357,4.285600185394287,35939652.0
27.09.2022,4.908332824707031,4.974999904632568,4.762499809265137,4.791666030883789,4.197989940643311,33392760.0
28.09.2022,4.791666030883789,4.816666126251221,4.6875,4.695833206176758,4.114030838012695,28034220.0
29.09.2022,4.704165935516357,4.770833015441895,4.520833015441895,4.620832920074463,4.048322677612305,28836720.0
30.09.2022,4.625,4.833333015441895,4.566666126251221,4.795833110809326,4.201640605926514,34272600.0
03.10.2022,4.879166126251221,5.041666030883789,4.875,5.0,4.38051176071167,45458064.0
04.10.2022,5.0625,5.5,5.050000190734863,5.5,4.818562984466553,98226336.0
05.10.2022,5.670833110809326,5.983333110809326,5.662499904632568,5.904166221618652,5.172654151916504,122930424.0
06.10.2022,5.916666030883789,6.037499904632568,5.754166126251221,5.775000095367432,5.0594916343688965,68837448.0
07.10.2022,5.775000095367432,6.175000190734863,5.737500190734863,5.841666221618652,5.1178975105285645,78807060.0
10.10.2022,5.875,5.891665935516357,5.599999904632568,5.620832920074463,4.92442512512207,56861184.0
11.10.2022,5.625,5.666666030883789,5.525000095367432,5.550000190734863,4.862368583679199,34033320.0
12.10.2022,5.541666030883789,5.633333206176758,5.349999904632568,5.349999904632568,4.687147617340088,41457252.0
13.10.2022,5.362500190734863,5.612500190734863,5.362500190734863,5.516665935516357,4.833164215087891,47035944.0
14.10.2022,5.541666030883789,5.633333206176758,5.466666221618652,5.554165840148926,4.866017818450928,38865408.0
17.10.2022,5.566666126251221,5.716666221618652,5.441666126251221,5.6875,4.982831954956055,66259152.0
18.10.2022,5.720832824707031,5.783332824707031,5.512499809265137,5.558332920074463,4.869668483734131,45565656.0
19.10.2022,5.574999809265137,5.650000095367432,5.479166030883789,5.479166030883789,4.8003106117248535,32171352.0
20.10.2022,5.479166030883789,5.629166126251221,5.400000095367432,5.400000095367432,4.730952739715576,59201124.0
21.10.2022,5.449999809265137,5.816666126251221,5.404166221618652,5.816666126251221,5.0959954261779785,83642820.0
24.10.2022,5.916666030883789,6.120832920074463,5.675000190734863,5.991665840148926,5.249312877655029,96898260.0
25.10.2022,6.0,6.216666221618652,5.779166221618652,5.841666221618652,5.1178975105285645,96663948.0
26.10.2022,5.916666030883789,6.008333206176758,5.875,5.941666126251221,5.205507755279541,43883268.0
27.10.2022,5.941666126251221,5.962500095367432,5.6875,5.708333015441895,5.001084327697754,44544876.0
28.10.2022,5.708333015441895,5.754166126251221,5.658332824707031,5.666666030883789,4.964579582214356,13077768.0
31.10.2022,5.675000190734863,5.845832824707031,5.645833015441895,5.804165840148926,5.085043430328369,36455340.0
01.11.2022,5.820833206176758,6.0,5.795833110809326,5.949999809265137,5.212808609008789,53286324.0
02.11.2022,6.033332824707031,6.308332920074463,5.979166030883789,6.1875,5.420883655548096,83493216.0
03.11.2022,6.25,6.516665935516357,6.058332920074463,6.362500190734863,5.574201583862305,118671432.0
04.11.2022,6.362500190734863,6.441666126251221,6.262499809265137,6.291666030883789,5.512143611907959,53420052.0
07.11.2022,6.349999904632568,6.395833015441895,6.191666126251221,6.216666221618652,5.446436405181885,61303788.0
08.11.2022,6.25,6.470832824707031,6.208333015441895,6.395833015441895,5.603404521942139,75833556.0
09.11.2022,6.400000095367432,6.666666030883789,6.304165840148926,6.400000095367432,5.607055187225342,67943136.0
10.11.2022,6.416666030883789,6.658332824707031,6.383333206176758,6.508333206176758,5.701966285705566,50744976.0
11.11.2022,6.550000190734863,6.762499809265137,6.516665935516357,6.729166030883789,5.895438194274902,54981336.0
14.11.2022,6.729166030883789,6.904166221618652,6.650000095367432,6.754166126251221,5.917340755462647,59575224.0
15.11.2022,6.824999809265137,6.879166126251221,6.525000095367432,6.670833110809326,5.844332695007324,65131740.0
16.11.2022,6.679165840148926,6.979166030883789,6.574999809265137,6.75,5.91369104385376,98432148.0
17.11.2022,6.75,6.779166221618652,6.404166221618652,6.420833110809326,5.625307083129883,55755588.0
18.11.2022,6.341666221618652,6.608333110809326,6.341666221618652,6.566666126251221,5.753071308135986,28897116.0
21.11.2022,6.566666126251221,6.75,6.4375,6.558332920074463,5.7457709312438965,39277560.0
22.11.2022,6.599999904632568,6.995832920074463,6.545833110809326,6.995832920074463,6.12906551361084,62744784.0
23.11.2022,7.133333206176758,7.329165935516357,6.970832824707031,7.033332824707031,6.161919593811035,64323924.0
24.11.2022,7.083333015441895,7.1875,6.954165935516357,7.108333110809326,6.227627277374268,40822476.0
25.11.2022,7.108333110809326,7.229166030883789,6.991665840148926,7.229166030883789,6.333489418029785,32335200.0
28.11.2022,7.279166221618652,7.329165935516357,7.041666030883789,7.112500190734863,6.231277942657471,34490232.0
29.11.2022,7.125,7.145833015441895,6.933332920074463,7.050000190734863,6.176521301269531,22421544.0
30.11.2022,7.020833015441895,7.287499904632568,6.991665840148926,7.116665840148926,6.234927654266357,44415504.0
01.12.2022,7.166666030883789,7.416666030883789,7.166666030883789,7.2708330154418945,6.369994163513184,52943088.0
02.12.2022,7.295833110809326,7.699999809265137,7.291666030883789,7.608333110809326,6.66567850112915,64827408.0
05.12.2022,7.7083330154418945,7.966666221618652,7.516665935516357,7.516665935516357,6.585368633270264,54426192.0
06.12.2022,7.5208330154418945,7.633333206176758,7.391665935516357,7.525000095367432,6.59266996383667,34277520.0
07.12.2022,7.550000190734863,7.5833330154418945,7.158332824707031,7.224999904632568,6.32983922958374,31226688.0
08.12.2022,7.224999904632568,7.237500190734863,6.925000190734863,7.087500095367432,6.209375381469727,31138320.0
09.12.2022,7.045833110809326,7.375,7.045833110809326,7.366665840148926,6.453953266143799,22473912.0
12.12.2022,7.400000095367432,7.537499904632568,7.400000095367432,7.4375,6.5160112380981445,32617500.0
13.12.2022,7.558332920074463,7.675000190734863,7.433332920074463,7.650000095367432,6.702183246612549,36679212.0
14.12.2022,7.666666030883789,7.683332920074463,7.275000095367432,7.275000095367432,6.373644828796387,28435068.0
15.12.2022,7.454165935516357,7.541666030883789,7.095832824707031,7.283332824707031,6.380945205688477,22642176.0
16.12.2022,7.308332920074463,7.341666221618652,7.195833206176758,7.199999809265137,6.307937145233154,5301276.0
19.12.2022,7.375,7.3958330154418945,7.154166221618652,7.279166221618652,6.377294540405273,29675832.0
20.12.2022,7.358333110809326,7.574999809265137,7.295833110809326,7.545833110809326,6.610922336578369,32379660.0
21.12.2022,7.554165840148926,7.608333110809326,7.366665840148926,7.391665935516357,6.475855827331543,30066204.0
22.12.2022,7.408332824707031,7.5833330154418945,7.3958330154418945,7.545833110809326,6.610922336578369,31722732.0
23.12.2022,7.5833330154418945,7.604166030883789,7.329165935516357,7.420833110809326,6.501409530639648,31113120.0
26.12.2022,7.4583330154418945,7.683332920074463,7.416666030883789,7.5208330154418945,6.589019298553467,49071192.0
27.12.2022,7.5833330154418945,7.741665840148926,7.283332824707031,7.383333206176758,6.468555927276611,70157628.0
28.12.2022,7.387499809265137,7.3958330154418945,7.120832920074463,7.266665935516357,6.366343021392822,30073884.0
29.12.2022,7.266665935516357,7.541666030883789,7.216666221618652,7.541666030883789,6.607271671295166,31672416.0
30.12.2022,7.525000095367432,7.666666030883789,7.429165840148926,7.662499904632568,6.713134288787842,32155860.0
02.01.2023,7.666666030883789,7.816666126251221,7.633333206176758,7.633333206176758,6.687581062316895,36132288.0
03.01.2023,7.641665935516357,7.754166126251221,7.3333330154418945,7.3333330154418945,6.424750328063965,58244100.0
04.01.2023,7.366665840148926,7.462500095367432,7.291666030883789,7.362500190734863,6.450303554534912,29957112.0
05.01.2023,7.408332824707031,7.433332920074463,7.025000095367432,7.058332920074463,6.1838226318359375,23677680.0
06.01.2023,6.787499904632568,6.974999904632568,6.483333110809326,6.883333206176758,6.03050422668457,57665160.0
09.01.2023,6.933332920074463,6.995832920074463,6.445833206176758,6.487500190734863,5.683713912963867,36199080.0
10.01.2023,6.487500190734863,6.566666126251221,6.254166126251221,6.3125,5.530395984649658,25396068.0
11.01.2023,6.3125,6.4375,6.0,6.008333206176758,5.263914585113525,25767012.0
12.01.2023,6.054165840148926,6.300000190734863,5.854166030883789,6.279166221618652,5.501192092895508,35815068.0
13.01.2023,6.279166221618652,6.558332920074463,6.212500095367432,6.441666126251221,5.643558979034424,23213664.0
16.01.2023,6.441666126251221,6.708333015441895,6.408332824707031,6.704165935516357,5.873535633087158,19724856.0
17.01.2023,6.708333015441895,6.870832920074463,6.662499904632568,6.841666221618652,5.99399995803833,19040232.0
18.01.2023,6.862500190734863,6.949999809265137,6.795833110809326,6.879166126251221,6.026853561401367,17170416.0
19.01.2023,6.879166126251221,6.941666126251221,6.729166030883789,6.824999809265137,5.979398250579834,15982548.0
20.01.2023,6.854166030883789,6.854166030883789,6.754166126251221,6.795833110809326,5.953845500946045,14928456.0
23.01.2023,6.816666126251221,6.837500095367432,6.595832824707031,6.612500190734863,5.793227195739746,22848720.0
24.01.2023,6.620832920074463,6.633333206176758,6.375,6.5,5.694665431976318,19901952.0
25.01.2023,6.583333015441895,6.591666221618652,6.233333110809326,6.324999809265137,5.541347503662109,22935444.0
26.01.2023,6.341666221618652,6.512499809265137,6.216666221618652,6.441666126251221,5.643558979034424,21692460.0
27.01.2023,6.400000095367432,6.5625,6.258333206176758,6.5625,5.7494215965271,27441960.0
30.01.2023,6.570833206176758,6.625,6.324999809265137,6.324999809265137,5.541347503662109,18116112.0
31.01.2023,6.324999809265137,6.516665935516357,6.166666030883789,6.449999809265137,5.650859832763672,26630700.0
01.02.2023,6.449999809265137,6.525000095367432,6.258333206176758,6.275000095367432,5.497542381286621,31872924.0
02.02.2023,6.308332920074463,6.479166030883789,5.858333110809326,6.25,5.475639820098877,29345868.0
03.02.2023,6.258333206176758,6.541666030883789,6.216666221618652,6.479166030883789,5.676412582397461,21635916.0
06.02.2023,6.379166126251221,6.479166030883789,6.0625,6.258333206176758,5.482940673828125,6314844.0
07.02.2023,6.291666030883789,6.291666030883789,5.670833110809326,5.762499809265137,5.048539638519287,11066112.0
08.02.2023,5.449999809265137,5.449999809265137,5.449999809265137,5.449999809265137,4.774757385253906,180.0
15.02.2023,5.970832824707031,6.337500095367432,5.916666030883789,6.337500095367432,5.5522990226745605,6186384.0
16.02.2023,6.970832824707031,6.970832824707031,6.083333015441895,6.166666030883789,5.40263032913208,22435704.0
17.02.2023,6.162499904632568,6.170833110809326,5.858333110809326,6.083333015441895,5.329622268676758,12891912.0
20.02.2023,6.199999809265137,6.541666030883789,6.112500190734863,6.541666030883789,5.7311692237854,18536436.0
21.02.2023,6.541666030883789,6.745832920074463,6.216666221618652,6.358333110809326,5.570550918579102,16745448.0
22.02.2023,6.358333110809326,6.737500190734863,6.275000095367432,6.429165840148926,5.632607460021973,22898868.0
23.02.2023,6.429165840148926,6.637499809265137,6.408332824707031,6.483333110809326,5.680063247680664,16773756.0
24.02.2023,6.483333110809326,7.129166126251221,6.416666030883789,7.129166126251221,6.245879173278809,62798172.0
27.02.2023,7.8333330154418945,7.841666221618652,7.608333110809326,7.841666221618652,6.8701019287109375,127527936.0
28.02.2023,8.0625,8.291666030883789,7.400000095367432,7.633333206176758,6.687581062316895,159443616.0
01.03.2023,7.683332920074463,7.891665935516357,7.4583330154418945,7.474999904632568,6.548864841461182,73978668.0
02.03.2023,7.554165840148926,7.820833206176758,7.2708330154418945,7.2708330154418945,6.369994163513184,59324052.0
03.03.2023,7.266665935516357,7.479166030883789,7.058332920074463,7.2708330154418945,6.369994163513184,46669524.0
06.03.2023,7.3333330154418945,7.416666030883789,7.158332824707031,7.220832824707031,6.326188564300537,31804764.0
07.03.2023,7.258333206176758,7.366665840148926,7.158332824707031,7.237500190734863,6.34079122543335,36066972.0
08.03.2023,7.241665840148926,7.254166126251221,7.066666126251221,7.099999904632568,6.220326900482178,21280212.0
09.03.2023,7.116665840148926,7.137499809265137,6.995832920074463,7.016665935516357,6.147317886352539,22610640.0
10.03.2023,7.016665935516357,7.054165840148926,6.837500095367432,6.837500095367432,5.990350246429443,24407568.0
13.03.2023,6.912499904632568,6.941666126251221,6.695833206176758,6.724999904632568,5.891788482666016,32933520.0
14.03.2023,6.745832920074463,7.008333206176758,6.720832824707031,6.875,6.0232038497924805,45488736.0
15.03.2023,6.870832920074463,7.020833015441895,6.625,7.020833015441895,6.150968551635742,28265952.0
16.03.2023,7.020833015441895,7.266665935516357,6.883333206176758,7.008333206176758,6.140017032623291,47966664.0
17.03.2023,7.087500095367432,7.145833015441895,6.900000095367432,7.125,6.242229461669922,24569508.0
20.03.2023,7.120832920074463,7.120832920074463,6.729166030883789,6.729166030883789,5.895438194274902,19111836.0
21.03.2023,6.729166030883789,6.770833015441895,6.454165935516357,6.454165935516357,5.654510021209717,23798952.0
22.03.2023,6.5,6.712500095367432,6.470832824707031,6.620832920074463,5.800527572631836,16460124.0
23.03.2023,6.583333015441895,6.645833015441895,6.445833206176758,6.470832824707031,5.669112205505371,23571792.0
24.03.2023,6.5,6.604166030883789,6.449999809265137,6.487500190734863,5.683713912963867,17425992.0
27.03.2023,6.541666030883789,6.645833015441895,6.483333110809326,6.545833110809326,5.734819889068604,24580404.0
28.03.2023,6.5625,6.566666126251221,6.208333015441895,6.208333015441895,5.439135074615479,19668264.0
29.03.2023,6.212500095367432,6.304165840148926,6.0,6.237500190734863,5.464688301086426,37350672.0
30.03.2023,6.233333110809326,6.300000190734863,6.029166221618652,6.058332920074463,5.307719707489014,24028164.0
31.03.2023,6.025000095367432,6.112500190734863,5.966666221618652,5.983333110809326,5.242012023925781,15472848.0
03.04.2023,5.983333110809326,6.050000190734863,5.833333015441895,5.929165840148926,5.19455623626709,19141668.0
04.04.2023,5.949999809265137,6.074999809265137,5.941666126251221,6.066666126251221,5.315020561218262,16330104.0
05.04.2023,6.125,6.224999904632568,6.066666126251221,6.095832824707031,5.340573310852051,19413060.0
06.04.2023,6.125,6.170833110809326,6.020833015441895,6.0625,5.311370849609375,13007364.0
07.04.2023,6.041666030883789,6.191666126251221,6.041666030883789,6.191666126251221,5.424533367156982,19021980.0
10.04.2023,6.241665840148926,6.287499904632568,6.204165935516357,6.270833015441895,5.493891716003418,29535144.0
11.04.2023,6.070833206176758,6.166666030883789,6.045833110809326,6.054165840148926,5.479560375213623,19780296.0
12.04.2023,6.054165840148926,6.166666030883789,6.054165840148926,6.116665840148926,5.536128520965576,16515972.0
13.04.2023,6.175000190734863,6.179165840148926,6.058332920074463,6.066666126251221,5.490874290466309,14033568.0
14.04.2023,6.058332920074463,6.258333206176758,6.041666030883789,6.183332920074463,5.596467971801758,19949172.0
17.04.2023,6.216666221618652,6.266665935516357,6.054165840148926,6.054165840148926,5.479560375213623,18013356.0
18.04.2023,6.054165840148926,6.095832824707031,5.833333015441895,5.841666221618652,5.287229061126709,21349944.0
19.04.2023,5.879166126251221,5.925000190734863,5.845832824707031,5.900000095367432,5.340026378631592,13460664.0
20.04.2023,5.895833015441895,5.908332824707031,5.849999904632568,5.866665840148926,5.309855937957764,4015332.0
24.04.2023,5.891665935516357,5.983333110809326,5.858333110809326,5.900000095367432,5.340026378631592,17417172.0
25.04.2023,5.970832824707031,6.095832824707031,5.879166126251221,5.891665935516357,5.332483291625977,19798572.0
26.04.2023,5.891665935516357,5.900000095367432,5.666666030883789,5.691666126251221,5.151465892791748,17014212.0
27.04.2023,5.691666126251221,5.762499809265137,5.587500095367432,5.587500095367432,5.057186126708984,14464848.0
28.04.2023,5.604166030883789,5.679165840148926,5.395833015441895,5.470832824707031,4.951591968536377,15806376.0
02.05.2023,5.470832824707031,5.570833206176758,5.116665840148926,5.125,4.638582229614258,21971352.0
03.05.2023,5.125,5.220832824707031,4.704165935516357,4.895833015441895,4.43116569519043,40799052.0
04.05.2023,4.900000095367432,5.058332920074463,4.808332920074463,4.883333206176758,4.419852256774902,21166668.0
05.05.2023,4.895833015441895,4.916666030883789,4.775000095367432,4.854166030883789,4.393453121185303,13936068.0
08.05.2023,4.862500190734863,4.949999809265137,4.800000190734863,4.920833110809326,4.453793048858643,19834260.0
09.05.2023,4.920833110809326,4.941666126251221,4.75,4.75,4.299173831939697,22816332.0
10.05.2023,4.775000095367432,4.775000095367432,4.645833015441895,4.691666126251221,4.246376514434815,15286188.0
11.05.2023,4.699999809265137,5.129166126251221,4.699999809265137,5.083333015441895,4.600870132446289,26410740.0
12.05.2023,5.087500095367432,5.270833015441895,4.987500190734863,5.150000095367432,4.661209583282471,34119492.0
15.05.2023,4.916666030883789,5.141665935516357,4.75,4.908332824707031,4.442479133605957,17379960.0
16.05.2023,4.837500095367432,4.949999809265137,4.829165935516357,4.925000190734863,4.457564353942871,24985992.0
17.05.2023,4.958333015441895,5.083333015441895,4.929165840148926,5.083333015441895,4.600870132446289,17947668.0
18.05.2023,5.116665840148926,5.133333206176758,4.904166221618652,4.904166221618652,4.4387078285217285,16821708.0
22.05.2023,4.904166221618652,4.983333110809326,4.808332920074463,4.883333206176758,4.419852256774902,19610868.0
23.05.2023,4.891665935516357,4.979166030883789,4.837500095367432,4.949999809265137,4.480191230773926,12917220.0
24.05.2023,4.954165935516357,5.016665935516357,4.854166030883789,4.912499904632568,4.4462504386901855,10526592.0
25.05.2023,4.912499904632568,4.983333110809326,4.875,4.979166030883789,4.506589889526367,11046300.0
26.05.2023,5.0,5.020833015441895,4.875,4.987500190734863,4.514132976531982,26049780.0
29.05.2023,5.020833015441895,5.262499809265137,4.987500190734863,5.258333206176758,4.759260654449463,35251800.0
30.05.2023,5.320833206176758,5.445833206176758,5.241665840148926,5.375,4.86485481262207,34292400.0
31.05.2023,5.387499809265137,5.491665840148926,5.304165840148926,5.320833206176758,4.815828800201416,33894384.0
01.06.2023,5.333333015441895,5.512499809265137,5.329165935516357,5.454165935516357,4.936506748199463,22867236.0
02.06.2023,5.508333206176758,5.608333110809326,5.466666221618652,5.583333015441895,5.053414344787598,23270316.0
05.06.2023,5.666666030883789,5.858333110809326,5.666666030883789,5.858333110809326,5.302314281463623,31137864.0
06.06.2023,5.858333110809326,5.866665840148926,5.695833206176758,5.787499904632568,5.238204002380371,30675324.0
07.06.2023,5.991665840148926,6.175000190734863,5.949999809265137,6.041666030883789,5.468246936798096,40613364.0
08.06.2023,6.041666030883789,6.074999809265137,5.862500190734863,5.962500095367432,5.396595001220703,24947988.0
09.06.2023,6.004166126251221,6.058332920074463,5.895833015441895,5.974999904632568,5.407908439636231,23476200.0
12.06.2023,5.991665840148926,6.216666221618652,5.949999809265137,5.949999809265137,5.385281085968018,50916120.0
13.06.2023,5.949999809265137,5.949999809265137,5.699999809265137,5.704165935516357,5.162779331207275,30172200.0
14.06.2023,5.704165935516357,5.745832920074463,5.583333015441895,5.612500190734863,5.079813480377197,19094916.0
15.06.2023,5.612500190734863,5.691666126251221,5.595832824707031,5.633333206176758,5.098669528961182,15018432.0
16.06.2023,5.658332824707031,5.745832920074463,5.604166030883789,5.604166030883789,5.072270393371582,21757332.0
19.06.2023,5.604166030883789,5.612500190734863,5.333333015441895,5.345832824707031,4.838455677032471,22090044.0
20.06.2023,5.345832824707031,5.362500190734863,5.224999904632568,5.333333015441895,4.827142238616943,16466844.0
21.06.2023,5.337500095367432,5.408332824707031,5.183332920074463,5.199999809265137,4.706463813781738,23345124.0
22.06.2023,5.233333110809326,5.608333110809326,5.170833110809326,5.608333110809326,5.076042175292969,33947028.0
23.06.2023,5.633333206176758,5.745832920074463,5.583333015441895,5.729166030883789,5.185406684875488,27800256.0
26.06.2023,5.75,5.945833206176758,5.708333015441895,5.883333206176758,5.324941158294678,22102404.0
27.06.2023,5.883333206176758,6.050000190734863,5.833333015441895,6.033332824707031,5.460704803466797,14436480.0
03.07.2023,6.087500095367432,6.383333206176758,6.083333015441895,6.375,5.769943714141846,36420120.0
04.07.2023,6.395833015441895,6.449999809265137,6.195833206176758,6.266665935516357,5.671892166137695,32343768.0
05.07.2023,6.291666030883789,6.574999809265137,6.270833015441895,6.433332920074463,5.822740077972412,46414968.0
06.07.2023,6.449999809265137,6.541666030883789,6.387499809265137,6.391665935516357,5.785027980804443,30426408.0
07.07.2023,6.391665935516357,6.454165935516357,6.3125,6.433332920074463,5.822740077972412,25627752.0
10.07.2023,6.470832824707031,6.883333206176758,6.441666126251221,6.883333206176758,6.2300310134887695,73580232.0
11.07.2023,6.995832920074463,7.037499904632568,6.720832824707031,6.891665935516357,6.23757266998291,47458368.0
12.07.2023,6.879166126251221,6.891665935516357,6.637499809265137,6.708333015441895,6.0716400146484375,30206508.0
13.07.2023,6.704165935516357,6.9375,6.612500190734863,6.620832920074463,5.992444515228272,40048944.0
14.07.2023,6.641665935516357,6.991665840148926,6.625,6.933332920074463,6.275285243988037,45966576.0
17.07.2023,7.0,7.237500190734863,6.954165935516357,7.166666030883789,6.486472129821777,43583628.0
18.07.2023,7.170833110809326,7.25,6.737500190734863,6.779166221618652,6.1357502937316895,42144552.0
19.07.2023,6.75,6.891665935516357,6.608333110809326,6.879166126251221,6.226259231567383,32103492.0
20.07.2023,6.941666126251221,7.220832824707031,6.837500095367432,7.141665935516357,6.4638447761535645,50726580.0
21.07.2023,7.137499809265137,7.304165840148926,6.991665840148926,7.083333015441895,6.411048412322998,47801076.0
24.07.2023,7.099999904632568,7.275000095367432,6.958333015441895,7.150000095367432,6.47138786315918,62919744.0
25.07.2023,7.166666030883789,7.195833206176758,6.662499904632568,6.787499904632568,6.1432929039001465,45053460.0
26.07.2023,6.787499904632568,6.875,6.708333015441895,6.841666221618652,6.192318439483643,26888484.0
27.07.2023,7.0,7.083333015441895,6.941666126251221,6.966666221618652,6.305454730987549,30769584.0
28.07.2023,7.008333206176758,7.079165935516357,6.900000095367432,6.966666221618652,6.305454730987549,33618360.0
31.07.2023,6.991665840148926,7.25,6.929165840148926,7.220832824707031,6.535498142242432,66457716.0
01.08.2023,7.262499809265137,7.545833110809326,7.245832920074463,7.254166126251221,6.565667629241943,81398592.0
02.08.2023,7.254166126251221,7.4375,7.2083330154418945,7.308332920074463,6.614693641662598,36396396.0
03.08.2023,7.375,7.4375,7.125,7.233333110809326,6.546812057495117,37353336.0
04.08.2023,7.237500190734863,7.408332824707031,7.150000095367432,7.391665935516357,6.690117359161377,34980996.0
07.08.2023,7.474999904632568,7.666666030883789,7.441666126251221,7.525000095367432,6.810796737670898,48541284.0
08.08.2023,7.533332824707031,7.579165935516357,7.229166030883789,7.300000190734863,6.607151508331299,33687144.0
09.08.2023,6.958333015441895,6.974999904632568,6.758333206176758,6.800000190734863,6.154606819152832,77174616.0
10.08.2023,6.800000190734863,6.824999809265137,6.462500095367432,6.470832824707031,5.856680870056152,70498344.0
11.08.2023,6.470832824707031,6.570833206176758,6.375,6.545833110809326,5.924562931060791,62256828.0
14.08.2023,6.558332920074463,6.641665935516357,6.416666030883789,6.425000190734863,5.815198421478272,59912952.0
15.08.2023,6.425000190734863,6.445833206176758,6.287499904632568,6.4375,5.826511859893799,36030228.0
16.08.2023,6.583333015441895,6.608333110809326,6.449999809265137,6.479166030883789,5.864223480224609,37559244.0
17.08.2023,6.479166030883789,6.729166030883789,6.416666030883789,6.574999809265137,5.950961589813232,60768924.0
18.08.2023,6.587500095367432,6.608333110809326,6.287499904632568,6.366665840148926,5.762400627136231,33729972.0
21.08.2023,6.345832824707031,6.512499809265137,6.254166126251221,6.462500095367432,5.849139213562012,46384452.0
22.08.2023,6.466666221618652,6.662499904632568,6.4375,6.495832920074463,5.879308223724365,43396500.0
23.08.2023,6.516665935516357,6.525000095367432,6.304165840148926,6.304165840148926,5.705832481384277,47142624.0
24.08.2023,6.324999809265137,6.391665935516357,6.099999904632568,6.120832920074463,5.539899826049805,47061396.0
25.08.2023,6.120832920074463,6.279166221618652,6.0,6.241665840148926,5.649264812469482,48450132.0
28.08.2023,6.416666030883789,6.533332824707031,6.349999904632568,6.408332824707031,5.800113201141357,48561828.0
29.08.2023,6.445833206176758,6.458333015441895,6.300000190734863,6.416666030883789,5.807655334472656,26245164.0
31.08.2023,6.516665935516357,6.791666030883789,6.5,6.6875,6.052784442901611,82846404.0
01.09.2023,6.741665840148926,6.75,6.591666221618652,6.729166030883789,6.090495586395264,42342504.0
04.09.2023,6.829165935516357,6.916666030883789,6.724999904632568,6.733333110809326,6.09426736831665,54644568.0
05.09.2023,6.733333110809326,6.745832920074463,6.554165840148926,6.670833110809326,6.037699222564697,34340844.0
06.09.2023,6.737500190734863,6.779166221618652,6.616665840148926,6.691666126251221,6.056554794311523,40911996.0
07.09.2023,6.716666221618652,7.0,6.683332920074463,6.987500190734863,6.324311256408691,65104392.0
08.09.2023,7.025000095367432,7.625,7.025000095367432,7.449999809265137,6.74291467666626,151160268.0
11.09.2023,7.516665935516357,7.991665840148926,7.5,7.658332824707031,6.931474685668945,123001452.0
12.09.2023,7.658332824707031,7.837500095367432,7.479166030883789,7.720832824707031,6.98804235458374,90281940.0
13.09.2023,7.75,7.8333330154418945,7.366665840148926,7.608333110809326,6.886220455169678,66342540.0
14.09.2023,7.616665840148926,7.650000095367432,7.154166221618652,7.558332920074463,6.840965747833252,56452392.0
15.09.2023,7.587500095367432,7.804165840148926,7.379166126251221,7.558332920074463,6.840965747833252,48710988.0
18.09.2023,7.541666030883789,7.666666030883789,6.974999904632568,6.987500190734863,6.324311256408691,45081708.0
19.09.2023,7.083333015441895,7.1875,7.0,7.058332920074463,6.388421058654785,32717208.0
20.09.2023,7.083333015441895,7.241665840148926,6.9375,6.945833206176758,6.286599159240723,30866964.0
21.09.2023,6.945833206176758,7.512499809265137,6.866665840148926,7.470832824707031,6.761770248413086,39003204.0
22.09.2023,7.449999809265137,7.554165840148926,7.304165840148926,7.408332824707031,6.705202102661133,37832592.0
25.09.2023,7.5,8.145833015441895,7.433332920074463,8.145833015441895,7.372705459594727,78658536.0
26.09.2023,8.220832824707031,8.399999618530273,7.737500190734863,7.7708330154418945,7.033297061920166,90410124.0
27.09.2023,7.775000095367432,8.408332824707031,7.658332824707031,8.166666030883789,7.391561508178711,85609260.0
28.09.2023,8.175000190734863,8.287500381469727,7.8958330154418945,7.929165840148926,7.176602840423584,50396352.0
29.09.2023,7.933332920074463,8.716666221618652,7.904166221618652,8.558333396911621,7.7460551261901855,118278876.0
02.10.2023,8.583333015441895,8.808333396911621,8.279166221618652,8.408332824707031,7.610291481018066,114467112.0
03.10.2023,8.625,8.633333206176758,8.241665840148926,8.316665649414062,7.527324676513672,49182012.0
04.10.2023,8.333333015441895,8.458333015441895,8.020833015441895,8.020833015441895,7.259569644927978,38456760.0
05.10.2023,8.083333015441895,8.466666221618652,7.916666030883789,8.416666030883789,7.617833614349365,50192928.0
06.10.2023,8.254165649414062,8.691665649414062,8.25,8.600000381469727,7.783767223358154,37839480.0
09.10.2023,8.333333015441895,8.758333206176758,8.25,8.291666030883789,7.504697799682617,56888952.0
10.10.2023,8.433333396911621,8.600000381469727,8.320833206176758,8.383333206176758,7.587664604187012,32997996.0
11.10.2023,8.383333206176758,8.458333015441895,8.020833015441895,8.058333396911621,7.293510913848877,29327700.0
12.10.2023,8.125,8.208333015441895,7.591666221618652,7.845832824707031,7.101179122924805,35228280.0
13.10.2023,7.8333330154418945,7.8333330154418945,7.504166126251221,7.558332920074463,6.840965747833252,22745556.0
16.10.2023,7.654166221618652,7.883333206176758,7.341666221618652,7.666666030883789,6.939016819000244,50773908.0
17.10.2023,7.658332824707031,7.7708330154418945,7.570833206176758,7.741665840148926,7.006898403167725,19405056.0
18.10.2023,7.620832920074463,7.683332920074463,7.391665935516357,7.637499809265137,6.912619113922119,17334636.0
19.10.2023,7.633333206176758,7.675000190734863,7.3333330154418945,7.366665840148926,6.667490005493164,24391884.0
20.10.2023,7.345832824707031,7.345832824707031,6.979166030883789,7.0,6.335624694824219,25884024.0
23.10.2023,7.083333015441895,7.441666126251221,7.083333015441895,7.412499904632568,6.70897388458252,28339656.0
24.10.2023,7.5,7.875,7.429165840148926,7.75,7.01444149017334,29859588.0
25.10.2023,7.724999904632568,7.783332824707031,7.083333015441895,7.3333330154418945,6.6373209953308105,25371804.0
26.10.2023,7.3333330154418945,7.558332920074463,7.0625,7.483333110809326,6.773084163665772,23961156.0
27.10.2023,7.483333110809326,7.604166030883789,7.183332920074463,7.529166221618652,6.814567565917969,16967904.0
30.10.2023,7.516665935516357,7.824999809265137,7.483333110809326,7.625,6.901305675506592,33703908.0
31.10.2023,7.4583330154418945,7.5,7.254166126251221,7.383333206176758,6.682575225830078,35349360.0
01.11.2023,7.404166221618652,7.745832920074463,7.1875,7.691666126251221,6.961644172668457,29861232.0
02.11.2023,7.691666126251221,7.7083330154418945,7.416666030883789,7.479166030883789,6.769312381744385,14290656.0
03.11.2023,7.5,7.570833206176758,7.279166221618652,7.487500190734863,6.77685546875,11936016.0
06.11.2023,7.574999809265137,7.620832920074463,7.295833110809326,7.316666126251221,6.6222357749938965,20526144.0
07.11.2023,7.341666221618652,7.404166221618652,7.2083330154418945,7.300000190734863,6.607151508331299,13816524.0
08.11.2023,7.362500190734863,7.383333206176758,7.279166221618652,7.295833110809326,6.60338020324707,11101500.0
09.11.2023,7.295833110809326,7.354166030883789,7.183332920074463,7.283332824707031,6.592066287994385,9711672.0
10.11.2023,7.258333206176758,7.341666221618652,7.166666030883789,7.216666221618652,6.531726837158203,12030720.0
13.11.2023,7.220832824707031,7.287499904632568,6.966666221618652,6.987500190734863,6.324311256408691,10600848.0
14.11.2023,7.0,7.0625,6.845832824707031,7.016665935516357,6.350708961486816,9989916.0
15.11.2023,7.016665935516357,7.179165840148926,6.933332920074463,7.016665935516357,6.350708961486816,8976624.0
16.11.2023,7.037499904632568,7.129166126251221,7.0,7.087500095367432,6.414820194244385,9394116.0
17.11.2023,7.095832824707031,7.341666221618652,7.0625,7.341666221618652,6.644863128662109,14115108.0
20.11.2023,7.4375,7.5208330154418945,7.375,7.470832824707031,6.761770248413086,19779312.0
21.11.2023,7.508333206176758,7.608333110809326,7.366665840148926,7.5,6.788168907165527,15443412.0
22.11.2023,7.5,7.533332824707031,7.275000095367432,7.320833206176758,6.626007556915283,10216128.0
23.11.2023,7.366665840148926,7.3958330154418945,7.212500095367432,7.320833206176758,6.626007556915283,12867876.0
24.11.2023,7.283332824707031,7.416666030883789,7.216666221618652,7.341666221618652,6.644863128662109,9887172.0
27.11.2023,7.349999904632568,7.620832920074463,7.349999904632568,7.579165935516357,6.859821796417236,24791316.0
28.11.2023,7.616665840148926,7.675000190734863,7.391665935516357,7.429165840148926,6.724057674407959,14727072.0
29.11.2023,7.441666126251221,7.529166221618652,7.291666030883789,7.345832824707031,6.64863395690918,11282316.0
30.11.2023,7.345832824707031,7.3958330154418945,7.125,7.191666126251221,6.509099960327148,9772176.0
01.12.2023,7.245832920074463,7.5,7.129166126251221,7.291666030883789,6.599608421325684,16798428.0
04.12.2023,7.291666030883789,7.516665935516357,7.133333206176758,7.283332824707031,6.592066287994385,15148092.0
05.12.2023,7.291666030883789,7.391665935516357,7.179165840148926,7.216666221618652,6.531726837158203,8034504.0
06.12.2023,7.220832824707031,7.291666030883789,7.012499809265137,7.016665935516357,6.350708961486816,9571704.0
07.12.2023,7.016665935516357,7.175000190734863,6.904166221618652,7.175000190734863,6.494015216827393,6958848.0
08.12.2023,7.175000190734863,7.245832920074463,6.916666030883789,6.916666030883789,6.260200023651123,17471172.0
11.12.2023,6.920833110809326,6.954165935516357,6.666666030883789,6.6875,6.052784442901611,10700616.0
12.12.2023,6.666666030883789,6.75,6.625,6.691666126251221,6.056554794311523,9592140.0
13.12.2023,6.691666126251221,6.691666126251221,6.541666030883789,6.629166126251221,5.9999871253967285,10712064.0
14.12.2023,6.683332920074463,6.820833206176758,6.479166030883789,6.766665935516357,6.124436378479004,8915520.0
15.12.2023,6.766665935516357,7.150000095367432,6.741665840148926,7.150000095367432,6.47138786315918,15015708.0
18.12.2023,7.120832920074463,7.129166126251221,6.775000095367432,6.779166221618652,6.1357502937316895,7044480.0
19.12.2023,6.775000095367432,6.929165840148926,6.666666030883789,6.900000095367432,6.245115756988525,9978276.0
20.12.2023,6.875,7.050000190734863,6.858333110809326,6.858333110809326,6.207403182983398,12231828.0
21.12.2023,6.866665840148926,7.166666030883789,6.824999809265137,7.112500190734863,6.43744707107544,13312296.0
22.12.2023,7.108333110809326,7.162499904632568,6.833333015441895,6.833333015441895,6.1847758293151855,6996588.0
25.12.2023,6.833333015441895,6.916666030883789,6.583333015441895,6.916666030883789,6.260200023651123,6042432.0
26.12.2023,6.908332824707031,7.125,6.733333110809326,7.125,6.448760509490967,10343244.0
27.12.2023,7.041666030883789,7.3333330154418945,6.933332920074463,7.329165935516357,6.633549213409424,18291516.0
28.12.2023,7.329165935516357,7.920833110809326,7.258333206176758,7.920833110809326,7.169060707092285,19697976.0
29.12.2023,7.862500190734863,8.583333015441895,7.741665840148926,8.583333015441895,7.76868200302124,37239960.0
02.01.2024,8.399999618530273,8.399999618530273,8.133333206176758,8.133333206176758,7.361392021179199,24274224.0
03.01.2024,8.108332633972168,8.116665840148926,7.699999809265137,7.699999809265137,6.969186782836914,16582548.0
04.01.2024,7.699999809265137,7.870832920074463,7.5,7.7083330154418945,6.976729393005371,13029456.0
05.01.2024,7.7083330154418945,7.762499809265137,7.504166126251221,7.516665935516357,6.803253650665283,10570128.0
08.01.2024,7.541666030883789,7.637499809265137,7.525000095367432,7.525000095367432,6.810796737670898,10474788.0
09.01.2024,7.529166221618652,7.579165935516357,7.341666221618652,7.341666221618652,6.644863128662109,8333160.0
10.01.2024,7.341666221618652,7.4583330154418945,7.320833206176758,7.383333206176758,6.682575225830078,8968332.0
11.01.2024,7.400000095367432,7.4583330154418945,7.295833110809326,7.295833110809326,6.60338020324707,8163348.0
12.01.2024,7.295833110809326,7.537499904632568,7.25,7.449999809265137,6.74291467666626,14331012.0
15.01.2024,7.491665840148926,7.5833330154418945,7.383333206176758,7.504166126251221,6.791940212249756,16661484.0
16.01.2024,7.516665935516357,7.5625,7.416666030883789,7.454165935516357,6.746685028076172,7733436.0
17.01.2024,7.454165935516357,7.454165935516357,7.316666126251221,7.320833206176758,6.626007556915283,10573884.0
18.01.2024,7.383333206176758,7.512499809265137,7.3333330154418945,7.3333330154418945,6.6373209953308105,9753420.0
19.01.2024,7.375,7.408332824707031,7.266665935516357,7.266665935516357,6.576981067657471,7631460.0
22.01.2024,7.266665935516357,7.3333330154418945,7.25,7.275000095367432,6.584524154663086,6323328.0
23.01.2024,7.337500095367432,7.658332824707031,7.258333206176758,7.283332824707031,6.592066287994385,10107792.0
24.01.2024,7.291666030883789,7.375,7.220832824707031,7.329165935516357,6.633549213409424,9066468.0
25.01.2024,7.358333110809326,7.570833206176758,7.358333110809326,7.529166221618652,6.814567565917969,10880748.0
26.01.2024,7.529166221618652,7.766665935516357,7.495832920074463,7.766665935516357,7.0295257568359375,12486084.0
29.01.2024,7.787499904632568,7.887499809265137,7.670833110809326,7.695833206176758,6.965415954589844,15415248.0
30.01.2024,7.7083330154418945,7.779166221618652,7.650000095367432,7.654166221618652,6.927703380584717,9755184.0
31.01.2024,7.654166221618652,7.862500190734863,7.625,7.762499809265137,7.025754928588867,16837236.0
01.02.2024,7.791666030883789,7.912499904632568,7.7708330154418945,7.8958330154418945,7.146433353424072,14417220.0
02.02.2024,7.933332920074463,8.012499809265137,7.758333206176758,7.816666126251221,7.074779987335205,13176744.0
05.02.2024,7.791666030883789,7.954165935516357,7.75,7.8333330154418945,7.089865684509277,13708728.0
06.02.2024,7.858333110809326,8.154166221618652,7.729166030883789,8.079166412353516,7.312366485595703,24555780.0
07.02.2024,8.108332633972168,8.283332824707031,8.016666412353516,8.204166412353516,7.425502777099609,24982224.0
08.02.2024,8.208333015441895,8.358332633972168,8.108332633972168,8.129165649414062,7.357620716094971,19893312.0
09.02.2024,8.145833015441895,8.316665649414062,8.133333206176758,8.199999809265137,7.421731472015381,13303344.0
12.02.2024,8.262499809265137,8.383333206176758,8.125,8.175000190734863,7.399105072021484,16004388.0
13.02.2024,8.233332633972168,8.295832633972168,8.083333015441895,8.083333015441895,7.316137313842773,14815728.0
14.02.2024,8.083333015441895,8.25,7.954165935516357,8.25,7.466986179351807,12376812.0
15.02.2024,8.341666221618652,8.491665840148926,8.208333015441895,8.245833396911621,7.463215351104736,25658100.0
16.02.2024,7.966666221618652,8.583333015441895,7.866665840148926,8.274999618530273,7.489613056182861,89513952.0
19.02.2024,8.320833206176758,8.633333206176758,8.220832824707031,8.258333206176758,7.4745283126831055,46547424.0
20.02.2024,8.324999809265137,8.566665649414062,8.233332633972168,8.441665649414062,7.64046049118042,21998172.0
21.02.2024,8.483332633972168,9.233332633972168,8.458333015441895,8.925000190734863,8.077921867370605,76297740.0
22.02.2024,9.166666030883787,9.291666030883787,8.824999809265137,8.899999618530273,8.055294036865234,54690960.0
23.02.2024,9.125,9.125,8.858332633972168,9.0,8.145803451538086,22526304.0
26.02.2024,9.116665840148926,9.541666030883787,8.933333396911621,9.399999618530272,8.507838249206543,50367696.0
27.02.2024,9.341666221618652,9.691665649414062,9.25,9.5,8.598347663879395,44407260.0
28.02.2024,9.516666412353516,9.766666412353516,9.016666412353516,9.125,8.258938789367676,48418812.0
29.02.2024,9.125,9.291666030883787,8.774999618530273,8.866665840148926,8.025123596191406,35892456.0
01.03.2024,8.958333015441895,9.141666412353516,8.833333015441895,8.916666030883789,8.070378303527832,30873264.0
04.03.2024,9.024999618530272,9.083333015441896,8.666666030883789,8.666666030883789,7.844106674194336,32333052.0
05.03.2024,8.733332633972168,9.283332824707031,8.633333206176758,9.033332824707031,8.175971984863281,42267300.0
06.03.2024,9.041666030883787,9.108332633972168,8.566665649414062,8.566665649414062,7.753596305847168,21152712.0
07.03.2024,8.608332633972168,8.891666412353516,8.608332633972168,8.891666412353516,8.047751426696777,18443448.0
08.03.2024,8.891666412353516,9.05833339691162,8.758333206176758,8.891666412353516,8.047751426696777,16312056.0
11.03.2024,9.05833339691162,9.166666030883787,8.708333015441895,8.716666221618652,7.8893609046936035,18790308.0
12.03.2024,8.733332633972168,8.850000381469727,8.541666030883789,8.675000190734863,7.851649761199951,17664384.0
13.03.2024,8.716666221618652,8.741665840148926,8.416666030883789,8.416666030883789,7.617833614349365,21402012.0
14.03.2024,8.475000381469727,8.633333206176758,8.245833396911621,8.433333396911621,7.632919311523437,26057796.0
15.03.2024,8.458333015441895,8.541666030883789,8.329166412353516,8.416666030883789,7.617833614349365,20446080.0
18.03.2024,8.425000190734863,8.524999618530273,8.166666030883789,8.166666030883789,7.391561508178711,12708720.0
19.03.2024,8.195833206176758,8.358332633972168,8.137499809265137,8.333333015441895,7.542409896850586,12583704.0
20.03.2024,8.333333015441895,8.841666221618652,8.308333396911621,8.583333015441895,7.76868200302124,32946960.0
21.03.2024,8.625,8.699999809265137,8.341666221618652,8.358332633972168,7.565036773681641,26107452.0
22.03.2024,8.375,8.5,8.112500190734863,8.170832633972168,7.3953328132629395,45202368.0
25.03.2024,8.179165840148926,8.566665649414062,8.083333015441895,8.091666221618652,7.3236799240112305,51275400.0
26.03.2024,8.104166030883789,8.1875,7.8333330154418945,7.974999904632568,7.2180867195129395,54393060.0
27.03.2024,7.983333110809326,8.091666221618652,7.929165840148926,7.991665840148926,7.233170509338379,10340232.0
28.03.2024,8.054165840148926,8.295832633972168,8.054165840148926,8.287500381469727,7.500927448272705,13301652.0
29.03.2024,8.291666030883789,8.733332633972168,8.0625,8.475000381469727,7.670631408691406,20641188.0
01.04.2024,8.508333206176758,8.574999809265137,8.291666030883789,8.416666030883789,7.617833614349365,19333368.0
02.04.2024,8.441665649414062,8.541666030883789,8.149999618530273,8.274999618530273,7.489613056182861,18152148.0
03.04.2024,7.916666030883789,7.916666030883789,7.516665935516357,7.516665935516357,7.16397762298584,13419024.0
04.04.2024,7.537499904632568,7.654166221618652,7.441666126251221,7.5,7.148093700408936,19092624.0
05.04.2024,7.5208330154418945,7.966666221618652,7.5208330154418945,7.9583330154418945,7.584921360015869,26116956.0
08.04.2024,8.087499618530273,8.566665649414062,8.074999809265137,8.287500381469727,7.898643970489502,18104916.0
09.04.2024,8.287500381469727,8.287500381469727,8.287500381469727,8.287500381469727,7.898643970489502,0.0
15.04.2024,8.254165649414062,8.666666030883789,8.170832633972168,8.391666412353516,7.997922420501709,16001184.0
16.04.2024,8.383333206176758,8.591666221618652,8.212499618530273,8.441665649414062,8.045576095581055,17209776.0
17.04.2024,8.483332633972168,8.774999618530273,8.483332633972168,8.666666030883789,8.260018348693848,17260140.0
18.04.2024,8.666666030883789,8.833333015441895,8.600000381469727,8.741665840148926,8.331499099731445,15834180.0
19.04.2024,8.699999809265137,8.866665840148926,8.616665840148926,8.675000190734863,8.267961502075195,17584140.0
22.04.2024,8.675000190734863,8.758333206176758,8.300000190734863,8.300000190734863,7.910557270050049,19140576.0
24.04.2024,8.333333015441895,8.774999618530273,8.245833396911621,8.391666412353516,7.997922420501709,18646560.0
25.04.2024,8.425000190734863,8.708333015441895,8.399999618530273,8.574999809265137,8.172653198242188,17623620.0
26.04.2024,8.608332633972168,9.425000190734863,8.583333015441895,9.425000190734863,8.982770919799805,73361532.0
29.04.2024,10.366665840148926,10.366665840148926,9.583333015441896,9.708333015441896,9.252809524536133,206238672.0
30.04.2024,9.708333015441896,9.833333015441896,9.550000190734863,9.699999809265137,9.244867324829102,54874680.0
02.05.2024,9.725000381469728,10.533332824707031,9.666666030883787,9.966666221618652,9.499021530151367,96581136.0
03.05.2024,10.0,10.133333206176758,9.883333206176758,10.0,9.530791282653809,44634672.0
06.05.2024,10.033332824707031,10.283332824707031,9.899999618530272,10.158332824707031,9.681694984436035,39489492.0
07.05.2024,10.158332824707031,10.191665649414062,9.658332824707031,9.791666030883787,9.332232475280762,41458128.0
08.05.2024,9.841666221618652,9.908332824707031,9.666666030883787,9.666666030883787,9.21309757232666,21675300.0
09.05.2024,9.716666221618652,9.850000381469728,9.658332824707031,9.708333015441896,9.252809524536133,19819704.0
10.05.2024,9.716666221618652,9.916666030883787,9.641666412353516,9.916666030883787,9.451367378234863,25100580.0
13.05.2024,9.983332633972168,10.191665649414062,9.858332633972168,9.908332824707031,9.443425178527832,34045560.0
14.05.2024,9.949999809265137,10.208333015441896,9.774999618530272,10.175000190734863,9.697580337524414,34973496.0
15.05.2024,10.175000190734863,10.175000190734863,9.741665840148926,9.966666221618652,9.499021530151367,50999016.0
16.05.2024,10.024999618530272,10.333333015441896,9.991665840148926,10.25,9.769061088562012,38329584.0
17.05.2024,10.25,10.666666030883787,10.116665840148926,10.608332633972168,10.110580444335938,40830180.0
20.05.2024,10.625,10.675000190734863,10.391666412353516,10.416666030883787,9.92790699005127,24940512.0
21.05.2024,10.466666221618652,10.516666412353516,10.241665840148926,10.258333206176758,9.777003288269045,24852840.0
22.05.2024,10.258333206176758,10.341666221618652,10.108332633972168,10.149999618530272,9.673752784729004,18921192.0
23.05.2024,10.216666221618652,10.375,10.18333339691162,10.191665649414062,9.71346378326416,20659680.0
24.05.2024,10.25,10.391666412353516,10.024999618530272,10.166666030883787,9.689637184143066,20419728.0
27.05.2024,10.18333339691162,10.399999618530272,9.800000190734863,9.800000190734863,9.34017562866211,27857076.0
28.05.2024,9.891666412353516,10.100000381469728,9.791666030883787,9.958333015441896,9.491079330444336,18036828.0
29.05.2024,10.0,10.316665649414062,9.975000381469728,10.116665840148926,9.641983032226562,21416196.0
30.05.2024,10.18333339691162,10.216666221618652,9.966666221618652,10.108332633972168,9.634040832519531,13171152.0
31.05.2024,10.133333206176758,10.283332824707031,9.875,9.875,9.411656379699709,14504688.0
03.06.2024,9.916666030883787,9.975000381469728,9.758333206176758,9.891666412353516,9.42754077911377,13865964.0
04.06.2024,9.899999618530272,10.5,9.899999618530272,10.324999809265137,9.84054183959961,40650900.0
05.06.2024,10.350000381469728,10.391666412353516,9.908332824707031,10.05833339691162,9.586387634277344,26054172.0
06.06.2024,10.125,10.491665840148926,10.125,10.366665840148926,9.880252838134766,28484340.0
07.06.2024,10.341666221618652,10.391666412353516,9.949999809265137,10.125,9.64992618560791,17677416.0
10.06.2024,10.050000190734863,10.125,9.841666221618652,9.891666412353516,9.42754077911377,15694128.0
11.06.2024,9.891666412353516,9.958333015441896,9.80833339691162,9.858332633972168,9.395771026611328,10208460.0
12.06.2024,9.866665840148926,10.116665840148926,9.800000190734863,10.041666030883787,9.570502281188965,16925040.0
13.06.2024,10.166666030883787,10.274999618530272,10.066665649414062,10.166666030883787,9.689637184143066,19363836.0
14.06.2024,10.25,10.341666221618652,10.166666030883787,10.18333339691162,9.705522537231444,16466316.0
20.06.2024,10.283332824707031,10.341666221618652,10.05833339691162,10.18333339691162,9.705522537231444,16757604.0
21.06.2024,10.291666030883787,10.541666030883787,10.191665649414062,10.533332824707031,10.03909969329834,32770164.0
24.06.2024,10.641666412353516,11.083333015441896,10.566665649414062,11.050000190734863,10.531524658203123,53912724.0
25.06.2024,11.050000190734863,11.125,10.833333015441896,11.091666221618652,10.57123565673828,19953756.0
26.06.2024,11.091666221618652,11.550000190734863,10.93333339691162,11.108332633972168,10.587120056152344,41335128.0
27.06.2024,11.108332633972168,11.108332633972168,10.658332824707031,10.699999809265137,10.197946548461914,24281028.0
28.06.2024,10.75,10.975000381469728,10.583333015441896,10.733332633972168,10.22971534729004,30341556.0
01.07.2024,10.791666030883787,11.041666030883787,10.574999809265137,10.708333015441896,10.205888748168944,26882388.0
02.07.2024,10.791666030883787,11.441665649414062,10.75,11.366665840148926,10.833332061767578,34007820.0
03.07.2024,11.441665649414062,11.5,11.133333206176758,11.391666412353516,10.857159614562988,21420588.0
04.07.2024,11.466666221618652,11.641666412353516,11.216666221618652,11.375,10.841275215148926,16928400.0
05.07.2024,11.283332824707031,11.416666030883787,11.141666412353516,11.141666412353516,10.618889808654783,13666752.0
08.07.2024,11.166666030883787,11.291666030883787,10.958333015441896,11.008333206176758,10.491812705993652,12494736.0
09.07.2024,11.008333206176758,11.441665649414062,11.0,11.366665840148926,10.833332061767578,21386700.0
10.07.2024,11.399999618530272,11.75,11.083333015441896,11.666666030883787,11.119256019592283,25015572.0
11.07.2024,11.666666030883787,11.908332824707031,11.566665649414062,11.583333015441896,11.039833068847656,18247116.0
12.07.2024,11.583333015441896,11.93333339691162,11.516666412353516,11.93333339691162,11.373411178588867,23798556.0
16.07.2024,11.93333339691162,12.074999809265137,11.816665649414062,12.041666030883787,11.47666072845459,17120268.0
17.07.2024,12.041666030883787,12.399999618530272,11.866665840148926,12.358332633972168,11.77846908569336,18080520.0
18.07.2024,12.383333206176758,12.616665840148926,12.149999618530272,12.350000381469728,11.770527839660645,21584244.0
19.07.2024,12.324999809265137,12.449999809265137,12.166666030883787,12.30833339691162,11.730815887451172,16419852.0
22.07.2024,12.199999809265137,12.408332824707031,11.691665649414062,12.158332824707031,11.58785343170166,31368804.0
23.07.2024,12.333333015441896,12.666666030883787,12.18333339691162,12.375,11.794354438781738,31441272.0
24.07.2024,12.149999618530272,12.449999809265137,11.729999542236328,11.770000457763672,11.21774196624756,23221725.0
25.07.2024,11.75,11.800000190734863,10.649999618530272,10.75,10.245600700378418,72951536.0
26.07.2024,10.760000228881836,10.850000381469728,10.399999618530272,10.5,10.007330894470217,50211253.0
29.07.2024,10.5,11.079999923706056,10.460000038146973,10.649999618530272,10.15029239654541,42747641.0
30.07.2024,10.699999809265137,10.760000228881836,10.5,10.56999969482422,10.07404613494873,15400675.0
31.07.2024,10.5,10.529999732971191,10.119999885559082,10.130000114440918,9.654691696166992,21305242.0
01.08.2024,10.18000030517578,10.390000343322754,10.18000030517578,10.31999969482422,9.835776329040527,14883634.0
02.08.2024,10.25,10.369999885559082,10.0600004196167,10.15999984741211,9.683283805847168,15192669.0
05.08.2024,9.5600004196167,10.25,9.5600004196167,9.81999969482422,9.35923671722412,21526372.0
06.08.2024,10.050000190734863,10.220000267028809,9.989999771118164,10.0,9.530791282653809,12752329.0
07.08.2024,10.170000076293944,10.220000267028809,9.850000381469728,9.949999809265137,9.483137130737305,13825818.0
08.08.2024,9.960000038146973,10.18000030517578,9.949999809265137,10.100000381469728,9.626099586486816,15086719.0
09.08.2024,10.15999984741211,10.31999969482422,10.020000457763672,10.029999732971191,9.559383392333984,14421487.0
12.08.2024,10.050000190734863,10.119999885559082,9.760000228881836,9.789999961853027,9.330644607543944,9601855.0
13.08.2024,9.779999732971191,9.899999618530272,9.649999618530272,9.8100004196167,9.349706649780272,8255848.0
14.08.2024,9.829999923706056,10.130000114440918,9.829999923706056,10.029999732971191,9.559383392333984,12303465.0
15.08.2024,10.039999961853027,10.15999984741211,9.890000343322754,10.149999618530272,9.673752784729004,9806918.0
16.08.2024,9.979999542236328,10.010000228881836,9.579999923706056,9.579999923706056,9.130497932434082,34254138.0
19.08.2024,9.600000381469728,9.649999618530272,9.329999923706056,9.550000190734863,9.101905822753906,15867216.0
20.08.2024,9.579999923706056,9.579999923706056,9.43000030517578,9.4399995803833,8.997066497802734,10421250.0
21.08.2024,9.4399995803833,9.579999923706056,9.380000114440918,9.399999618530272,8.958943367004395,8782211.0
22.08.2024,9.420000076293944,9.520000457763672,9.239999771118164,9.260000228881836,8.825512886047363,13844935.0
23.08.2024,9.260000228881836,9.270000457763672,8.899999618530273,8.899999618530273,8.482403755187988,16989208.0
26.08.2024,8.930000305175781,9.029999732971191,8.520000457763672,8.520000457763672,8.120234489440918,20993054.0
27.08.2024,8.539999961853027,8.600000381469727,8.369999885559082,8.510000228881836,8.110703468322754,17190134.0
28.08.2024,8.609999656677246,8.729999542236328,8.359999656677246,8.390000343322754,7.996334552764893,15652686.0
29.08.2024,8.449999809265137,9.109999656677246,8.40999984741211,8.930000305175781,8.51099681854248,32099198.0
02.09.2024,9.100000381469728,9.350000381469728,8.9399995803833,8.960000038146973,8.539588928222656,19316665.0
03.09.2024,8.989999771118164,9.1899995803833,8.899999618530273,8.899999618530273,8.482403755187988,11949830.0
04.09.2024,8.819999694824219,9.15999984741211,8.770000457763672,9.020000457763672,8.596774101257324,14702836.0
05.09.2024,9.149999618530272,9.15999984741211,8.890000343322754,8.970000267028809,8.54911994934082,12012306.0
06.09.2024,8.970000267028809,9.0,8.880000114440918,8.899999618530273,8.482403755187988,7034578.0
09.09.2024,8.829999923706055,9.010000228881836,8.789999961853027,8.9399995803833,8.520526885986328,10324803.0
10.09.2024,8.949999809265137,9.09000015258789,8.789999961853027,8.789999961853027,8.377565383911133,10009769.0
11.09.2024,8.789999961853027,8.850000381469727,8.510000228881836,8.510000228881836,8.110703468322754,9741915.0
12.09.2024,8.5600004196167,8.739999771118164,8.449999809265137,8.739999771118164,8.329911231994629,9701362.0
13.09.2024,8.800000190734863,8.90999984741211,8.600000381469727,8.899999618530273,8.482403755187988,10003830.0
16.09.2024,8.90999984741211,9.0,8.760000228881836,8.84000015258789,8.425219535827637,10305450.0
17.09.2024,8.880000114440918,8.989999771118164,8.829999923706055,8.829999923706055,8.415688514709473,7691162.0
18.09.2024,8.859999656677246,8.890000343322754,8.710000038146973,8.720000267028809,8.310850143432617,7864630.0
19.09.2024,8.8100004196167,8.869999885559082,8.710000038146973,8.869999885559082,8.453811645507812,15558938.0
20.09.2024,8.9399995803833,8.970000267028809,8.75,8.770000457763672,8.358504295349121,10506542.0
23.09.2024,8.779999732971191,8.84000015258789,8.649999618530273,8.65999984741211,8.25366497039795,8048935.0
24.09.2024,8.699999809265137,9.520000457763672,8.640000343322754,9.520000457763672,9.07331371307373,49279058.0
25.09.2024,9.609999656677246,9.739999771118164,9.289999961853027,9.31999969482422,8.882697105407715,37394444.0
26.09.2024,9.390000343322754,9.949999809265137,9.390000343322754,9.520000457763672,9.07331371307373,40101090.0
27.09.2024,9.520000457763672,9.600000381469728,9.149999618530272,9.220000267028809,8.787389755249023,15975102.0
30.09.2024,9.220000267028809,9.380000114440918,9.09000015258789,9.220000267028809,8.787389755249023,13294084.0
01.10.2024,9.229999542236328,9.350000381469728,8.819999694824219,8.9399995803833,8.520526885986328,14934698.0
02.10.2024,8.880000114440918,9.079999923706056,8.789999961853027,8.789999961853027,8.377565383911133,12552542.0
03.10.2024,8.800000190734863,8.90999984741211,8.59000015258789,8.59000015258789,8.186949729919434,13879469.0
04.10.2024,8.630000114440918,8.720000267028809,8.479999542236328,8.5,8.10117244720459,15385269.0
07.10.2024,8.529999732971191,8.829999923706055,8.489999771118164,8.670000076293945,8.263195991516113,16494422.0
08.10.2024,8.670000076293945,8.8100004196167,8.529999732971191,8.75,8.339442253112793,8227952.0
09.10.2024,8.649999618530273,8.880000114440918,8.59000015258789,8.84000015258789,8.425219535827637,7460101.0
10.10.2024,8.850000381469727,8.899999618530273,8.529999732971191,8.529999732971191,8.129764556884766,10111603.0
11.10.2024,8.579999923706055,8.630000114440918,8.300000190734863,8.300000190734863,7.910557270050049,10301802.0
14.10.2024,8.300000190734863,8.350000381469727,8.079999923706055,8.100000381469727,7.71994161605835,10300526.0
15.10.2024,8.119999885559082,8.359999656677246,8.119999885559082,8.260000228881836,7.872434139251709,10025409.0
16.10.2024,8.260000228881836,8.420000076293945,8.220000267028809,8.25,7.862903118133545,10392243.0
17.10.2024,8.300000190734863,8.479999542236328,8.279999732971191,8.479999542236328,8.082110404968262,8230390.0
18.10.2024,8.5600004196167,8.5600004196167,8.270000457763672,8.300000190734863,7.910557270050049,8010745.0
21.10.2024,8.300000190734863,8.34000015258789,8.069999694824219,8.069999694824219,7.691348552703857,8322192.0
22.10.2024,8.09000015258789,8.239999771118164,8.029999732971191,8.15999984741211,7.777125835418701,10968224.0
23.10.2024,8.15999984741211,8.25,8.039999961853027,8.050000190734863,7.672287464141846,7813764.0
24.10.2024,8.130000114440918,8.229999542236328,8.09000015258789,8.199999809265137,7.815248966217041,11180485.0
25.10.2024,8.199999809265137,8.260000228881836,8.09000015258789,8.210000038146973,7.824779987335205,8082915.0
28.10.2024,8.239999771118164,8.329999923706055,8.180000305175781,8.260000228881836,7.872434139251709,5717757.0
30.10.2024,8.270000457763672,8.369999885559082,8.220000267028809,8.25,7.862903118133545,11588028.0
31.10.2024,8.210000038146973,8.34000015258789,8.170000076293945,8.34000015258789,7.948680400848389,14417641.0
01.11.2024,8.34000015258789,8.9399995803833,8.300000190734863,8.460000038146973,8.06304931640625,38555631.0
04.11.2024,8.460000038146973,8.569999694824219,8.270000457763672,8.3100004196167,7.920088291168213,16982682.0
05.11.2024,8.430000305175781,8.449999809265137,8.100000381469727,8.210000038146973,7.824779987335205,8783288.0
06.11.2024,8.25,8.369999885559082,8.180000305175781,8.300000190734863,7.910557270050049,11724340.0
07.11.2024,8.300000190734863,8.399999618530273,8.1899995803833,8.399999618530273,8.005864143371582,10745568.0
08.11.2024,8.40999984741211,8.550000190734863,8.329999923706055,8.529999732971191,8.129764556884766,15682547.0
11.11.2024,8.59000015258789,9.0,8.529999732971191,8.8100004196167,8.396627426147461,19047432.0
12.11.2024,8.8100004196167,8.869999885559082,8.670000076293945,8.710000038146973,8.301319122314453,11055457.0
13.11.2024,8.710000038146973,8.739999771118164,8.579999923706055,8.600000381469727,8.196480751037598,10981095.0
14.11.2024,8.649999618530273,8.75,8.609999656677246,8.6899995803833,8.282257080078125,9676420.0
15.11.2024,8.710000038146973,9.010000228881836,8.710000038146973,8.850000381469727,8.4347505569458,15445284.0
18.11.2024,8.899999618530273,9.140000343322754,8.729999542236328,9.050000190734863,8.6253662109375,13771540.0
19.11.2024,9.079999923706056,9.15999984741211,8.75,8.829999923706055,8.415688514709473,12494975.0
20.11.2024,8.850000381469727,8.970000267028809,8.619999885559082,8.619999885559082,8.21554183959961,11108053.0
21.11.2024,8.6899995803833,8.949999809265137,8.630000114440918,8.930000305175781,8.51099681854248,10490023.0
22.11.2024,8.930000305175781,9.06999969482422,8.819999694824219,9.0600004196167,8.634897232055664,11472078.0
25.11.2024,9.130000114440918,9.15999984741211,9.020000457763672,9.029999732971191,8.606304168701172,13677261.0
26.11.2024,9.039999961853027,9.140000343322754,8.960000038146973,8.979999542236328,8.558650016784668,9594728.0
27.11.2024,9.029999732971191,9.25,9.0,9.199999809265137,8.768327713012695,18336152.0
28.11.2024,9.34000015258789,9.43000030517578,9.170000076293944,9.31999969482422,8.882697105407715,34363989.0
29.11.2024,9.350000381469728,9.899999618530272,9.270000457763672,9.84000015258789,9.37829875946045,31039294.0
02.12.2024,9.84000015258789,9.979999542236328,9.649999618530272,9.890000343322754,9.425952911376951,14476489.0
03.12.2024,9.890000343322754,10.739999771118164,9.850000381469728,10.619999885559082,10.121700286865234,28596172.0
04.12.2024,10.640000343322754,10.890000343322754,10.529999732971191,10.65999984741211,10.159823417663574,25314745.0
05.12.2024,10.68000030517578,10.800000190734863,10.350000381469728,10.510000228881836,10.01686191558838,17844891.0
06.12.2024,10.5600004196167,10.619999885559082,10.31999969482422,10.34000015258789,9.854838371276855,11408603.0
09.12.2024,10.4399995803833,10.520000457763672,10.199999809265137,10.329999923706056,9.845307350158691,11589255.0
10.12.2024,10.350000381469728,10.550000190734863,10.15999984741211,10.479999542236328,9.988268852233888,15299978.0
11.12.2024,10.479999542236328,11.06999969482422,10.399999618530272,10.899999618530272,10.388562202453612,28202193.0
12.12.2024,10.899999618530272,11.06999969482422,10.710000038146973,10.890000343322754,10.379032135009766,18022950.0
13.12.2024,10.850000381469728,11.56999969482422,10.760000228881836,11.470000267028809,10.931818008422852,27427407.0
16.12.2024,11.5,11.630000114440918,11.260000228881836,11.350000381469728,10.817448616027832,17211087.0
17.12.2024,11.350000381469728,11.84000015258789,11.06999969482422,11.8100004196167,11.255865097045898,25004447.0
18.12.2024,11.8100004196167,12.029999732971191,11.510000228881836,11.550000190734863,11.008064270019531,21020733.0
19.12.2024,11.5,12.210000038146973,11.210000038146973,12.010000228881836,11.446480751037598,33298853.0
20.12.2024,12.010000228881836,12.050000190734863,11.40999984741211,11.40999984741211,10.874632835388184,25965522.0
23.12.2024,11.15999984741211,11.56999969482422,10.979999542236328,11.4399995803833,10.90322494506836,28509524.0
24.12.2024,11.550000190734863,11.920000076293944,11.359999656677246,11.5,10.960410118103027,24895133.0
25.12.2024,11.699999809265137,12.15999984741211,11.460000038146973,12.050000190734863,11.484603881835938,20360598.0
26.12.2024,12.029999732971191,12.09000015258789,11.630000114440918,11.899999618530272,11.341641426086426,31495788.0
27.12.2024,11.90999984741211,12.100000381469728,11.670000076293944,12.029999732971191,11.46554183959961,21435420.0
30.12.2024,11.989999771118164,12.140000343322754,11.800000190734863,12.130000114440918,11.560850143432615,18790314.0
31.12.2024,12.130000114440918,13.34000015258789,11.890000343322754,12.9399995803833,12.332843780517578,35240855.0
02.01.2025,12.899999618530272,12.899999618530272,12.449999809265137,12.479999542236328,11.894427299499512,19374451.0
03.01.2025,12.479999542236328,12.600000381469728,12.229999542236328,12.289999961853027,11.713342666625977,14009736.0
06.01.2025,12.289999961853027,12.34000015258789,12.119999885559082,12.149999618530272,11.579911231994627,9436255.0
07.01.2025,12.15999984741211,12.300000190734863,11.699999809265137,11.699999809265137,11.151025772094728,13333735.0
08.01.2025,11.699999809265137,11.789999961853027,11.489999771118164,11.5,10.960410118103027,11544115.0
09.01.2025,11.600000381469728,11.770000457763672,11.520000457763672,11.609999656677246,11.065248489379885,7650558.0
10.01.2025,11.65999984741211,12.239999771118164,11.640000343322754,11.699999809265137,11.151025772094728,21954296.0
13.01.2025,11.699999809265137,11.739999771118164,11.0600004196167,11.109999656677246,10.588708877563477,25117940.0
14.01.2025,11.130000114440918,11.399999618530272,11.0,11.130000114440918,10.607770919799805,22677955.0
15.01.2025,11.140000343322754,11.25,10.880000114440918,11.15999984741211,10.63636302947998,15788285.0
16.01.2025,11.220000267028809,11.329999923706056,10.899999618530272,11.020000457763672,10.50293254852295,16711546.0
17.01.2025,11.0600004196167,11.15999984741211,10.920000076293944,11.06999969482422,10.550585746765137,13151951.0
20.01.2025,11.170000076293944,11.3100004196167,11.039999961853027,11.09000015258789,10.569647789001465,11839582.0
21.01.2025,11.079999923706056,11.079999923706056,10.729999542236328,10.770000457763672,10.264662742614746,19402864.0
22.01.2025,10.770000457763672,10.829999923706056,10.390000343322754,10.5,10.007330894470217,21166967.0
23.01.2025,10.510000228881836,10.8100004196167,10.510000228881836,10.649999618530272,10.15029239654541,14653533.0
24.01.2025,10.649999618530272,11.109999656677246,10.630000114440918,11.0,10.48387050628662,19345914.0
27.01.2025,11.020000457763672,11.18000030517578,10.789999961853027,10.970000267028809,10.455278396606444,13452262.0
28.01.2025,10.970000267028809,11.06999969482422,10.899999618530272,11.0,10.48387050628662,12556233.0
29.01.2025,11.039999961853027,11.300000190734863,10.960000038146973,11.149999618530272,10.626832008361816,20359592.0
30.01.2025,11.229999542236328,11.369999885559082,11.170000076293944,11.31999969482422,10.78885555267334,15608788.0
31.01.2025,11.31999969482422,11.739999771118164,11.31999969482422,11.539999961853027,10.998533248901367,30281962.0
03.02.2025,11.539999961853027,11.770000457763672,11.239999771118164,11.5600004196167,11.017595291137695,21295323.0
04.02.2025,11.619999885559082,11.75,11.520000457763672,11.68000030517578,11.131964683532717,12701579.0
05.02.2025,11.630000114440918,11.68000030517578,11.380000114440918,11.5600004196167,11.017595291137695,16124396.0
06.02.2025,11.600000381469728,11.979999542236328,11.600000381469728,11.93000030517578,11.370234489440918,18352587.0
07.02.2025,12.0,12.100000381469728,11.770000457763672,12.0,11.436949729919434,12349586.0
10.02.2025,12.010000228881836,12.109999656677246,11.789999961853027,11.850000381469728,11.293988227844238,11835091.0
11.02.2025,11.84000015258789,11.960000038146973,11.630000114440918,11.81999969482422,11.265395164489746,15697633.0
12.02.2025,11.850000381469728,11.90999984741211,11.3100004196167,11.399999618530272,10.86510181427002,17849940.0
13.02.2025,11.43000030517578,11.529999732971191,11.3100004196167,11.3100004196167,10.779325485229492,11920766.0
14.02.2025,11.3100004196167,11.529999732971191,11.3100004196167,11.380000114440918,10.846040725708008,11488978.0
17.02.2025,11.380000114440918,11.5600004196167,11.380000114440918,11.550000190734863,11.008064270019531,10208906.0
18.02.2025,11.300000190734863,12.010000228881836,11.170000076293944,11.949999809265137,11.38929557800293,45235377.0
19.02.2025,11.949999809265137,12.779999732971191,11.890000343322754,12.579999923706056,11.98973560333252,68250083.0
20.02.2025,12.649999618530272,13.270000457763672,12.470000267028809,13.100000381469728,12.485337257385254,67431338.0
21.02.2025,13.100000381469728,13.25,12.890000343322754,13.039999961853027,12.428152084350586,42531603.0
24.02.2025,13.09000015258789,13.470000267028809,12.760000228881836,13.079999923706056,12.466275215148926,34303323.0
25.02.2025,13.079999923706056,13.25,12.779999732971191,12.84000015258789,12.237536430358888,24151823.0
26.02.2025,12.880000114440918,13.020000457763672,12.579999923706056,12.899999618530272,12.294720649719238,19890440.0
27.02.2025,12.899999618530272,13.3100004196167,12.859999656677246,13.020000457763672,12.409090995788574,28216500.0
28.02.2025,13.029999732971191,13.270000457763672,12.789999961853027,12.979999542236328,12.370966911315918,33279481.0
03.03.2025,13.050000190734863,13.119999885559082,12.699999809265137,12.720000267028809,12.123167037963867,27330309.0
04.03.2025,12.720000267028809,12.960000038146973,12.56999969482422,12.59000015258789,11.999266624450684,19905054.0
05.03.2025,12.699999809265137,12.989999771118164,12.609999656677246,12.890000343322754,12.28519058227539,20480962.0
06.03.2025,13.020000457763672,13.31999969482422,12.899999618530272,13.220000267028809,12.599706649780272,41353202.0
07.03.2025,13.220000267028809,13.649999618530272,13.170000076293944,13.350000381469728,12.723607063293455,45947863.0
10.03.2025,13.350000381469728,13.630000114440918,13.18000030517578,13.300000190734863,12.675952911376951,33002117.0
11.03.2025,12.600000381469728,13.34000015258789,12.600000381469728,12.829999923706056,12.228005409240724,33128312.0
12.03.2025,12.880000114440918,13.050000190734863,12.779999732971191,12.899999618530272,12.294720649719238,15422018.0
13.03.2025,12.920000076293944,13.149999618530272,12.920000076293944,13.0,12.390028953552246,24837783.0
14.03.2025,13.100000381469728,13.210000038146973,12.93000030517578,12.949999809265137,12.342374801635742,23941443.0
17.03.2025,12.960000038146973,13.050000190734863,12.699999809265137,12.710000038146973,12.113636016845703,19539223.0
18.03.2025,12.720000267028809,12.789999961853027,12.279999732971191,12.449999809265137,11.865835189819336,24776643.0
19.03.2025,11.489999771118164,12.020000457763672,11.210000038146973,11.279999732971191,10.750732421875,26037029.0
20.03.2025,11.25,11.619999885559082,11.050000190734863,11.25,10.722140312194824,20143023.0
21.03.2025,11.25,11.25,10.300000190734863,10.579999923706056,10.083577156066896,18515353.0
24.03.2025,10.579999923706056,11.130000114440918,10.380000114440918,11.06999969482422,10.550585746765137,23657627.0
25.03.2025,11.06999969482422,11.520000457763672,11.06999969482422,11.40999984741211,10.874632835388184,22461767.0
26.03.2025,11.350000381469728,11.350000381469728,11.0,11.109999656677246,10.588708877563477,12299538.0
27.03.2025,11.119999885559082,11.300000190734863,10.960000038146973,10.970000267028809,10.455278396606444,11615635.0
28.03.2025,10.970000267028809,11.210000038146973,10.850000381469728,11.170000076293944,10.645894050598145,10655918.0
02.04.2025,11.170000076293944,11.1899995803833,10.850000381469728,10.869999885559082,10.359970092773438,17449791.0
03.04.2025,10.869999885559082,11.3100004196167,10.850000381469728,11.0600004196167,10.541055679321287,19662946.0
04.04.2025,11.109999656677246,11.220000267028809,10.859999656677246,10.899999618530272,10.388562202453612,12465508.0
07.04.2025,10.800000190734863,10.920000076293944,10.31999969482422,10.779999732971191,10.274192810058594,18654214.0
08.04.2025,10.899999618530272,11.109999656677246,10.899999618530272,11.0,10.48387050628662,12678165.0
09.04.2025,10.850000381469728,11.0,10.699999809265137,10.75,10.245600700378418,14813009.0
10.04.2025,11.039999961853027,11.079999923706056,10.829999923706056,10.829999923706056,10.321846961975098,13749386.0
11.04.2025,10.829999923706056,10.960000038146973,10.789999961853027,10.869999885559082,10.359970092773438,12180498.0
14.04.2025,10.890000343322754,11.210000038146973,10.890000343322754,10.920000076293944,10.40762424468994,16674372.0
15.04.2025,10.979999542236328,11.0,10.75,10.779999732971191,10.274192810058594,12618843.0
16.04.2025,10.770000457763672,10.890000343322754,10.470000267028809,10.489999771118164,9.99779987335205,10532293.0
17.04.2025,10.489999771118164,10.729999542236328,10.390000343322754,10.68000030517578,10.178885459899902,11559578.0
18.04.2025,10.68000030517578,10.729999542236328,10.4399995803833,10.5,10.007330894470217,8909510.0
21.04.2025,10.5,10.640000343322754,10.390000343322754,10.420000076293944,9.931084632873535,11812528.0
22.04.2025,10.470000267028809,10.489999771118164,10.0,10.050000190734863,9.578445434570312,17405958.0
24.04.2025,10.050000190734863,10.170000076293944,9.9399995803833,10.130000114440918,9.654691696166992,13407983.0
25.04.2025,10.140000343322754,10.25,9.989999771118164,10.039999961853027,9.568914413452148,11446073.0
28.04.2025,10.039999961853027,10.100000381469728,9.850000381469728,9.880000114440918,9.416421890258787,10249279.0
29.04.2025,9.850000381469728,10.010000228881836,9.8100004196167,9.8100004196167,9.349706649780272,8975434.0
30.04.2025,9.800000190734863,9.850000381469728,9.529999732971191,9.5600004196167,9.11143684387207,12128846.0
02.05.2025,9.609999656677246,9.899999618530272,9.609999656677246,9.869999885559082,9.406890869140623,12192707.0
05.05.2025,9.880000114440918,9.970000267028809,9.729999542236328,9.75,9.292521476745604,9552309.0
06.05.2025,9.729999542236328,9.989999771118164,9.720000267028809,9.789999961853027,9.330644607543944,11485158.0
07.05.2025,9.760000228881836,9.789999961853027,9.43000030517578,9.550000190734863,9.101905822753906,13408253.0
08.05.2025,9.520000457763672,9.539999961853027,9.3100004196167,9.380000114440918,8.939882278442383,11254522.0
09.05.2025,9.380000114440918,9.539999961853027,9.300000190734863,9.5,9.054251670837402,14316139.0
12.05.2025,9.760000228881836,10.31999969482422,9.68000030517578,10.270000457763672,9.78812313079834,32614330.0
13.05.2025,10.3100004196167,10.449999809265137,10.0600004196167,10.40999984741211,9.921553611755373,30371878.0
14.05.2025,10.40999984741211,10.670000076293944,10.170000076293944,10.300000190734863,9.816715240478516,25352793.0
15.05.2025,10.3100004196167,10.380000114440918,10.020000457763672,10.130000114440918,9.654691696166992,13701255.0
16.05.2025,10.140000343322754,10.239999771118164,10.029999732971191,10.220000267028809,9.740468978881836,12604868.0
20.05.2025,10.3100004196167,10.369999885559082,10.15999984741211,10.229999542236328,9.749999046325684,17246639.0
21.05.2025,9.890000343322754,9.970000267028809,9.670000076293944,9.869999885559082,9.869999885559082,16393036.0
22.05.2025,9.899999618530272,9.949999809265137,9.75,9.829999923706056,9.829999923706056,11301133.0
23.05.2025,9.81999969482422,9.920000076293944,9.699999809265137,9.699999809265137,9.699999809265137,10105007.0
26.05.2025,9.720000267028809,9.789999961853027,9.4399995803833,9.449999809265137,9.449999809265137,8876258.0
27.05.2025,9.449999809265137,9.460000038146973,9.25,9.260000228881836,9.260000228881836,7281993.0
28.05.2025,9.229999542236328,9.289999961853027,9.119999885559082,9.119999885559082,9.119999885559082,5584709.0
29.05.2025,9.289999961853027,9.289999961853027,9.010000228881836,9.079999923706056,9.079999923706056,8823450.0
30.05.2025,9.079999923706056,9.170000076293944,8.989999771118164,9.079999923706056,9.079999923706056,6107433.0
02.06.2025,9.050000190734863,9.460000038146973,8.960000038146973,9.039999961853027,9.039999961853027,13851261.0
03.06.2025,9.079999923706056,9.449999809265137,9.079999923706056,9.229999542236328,9.229999542236328,12494987.0
04.06.2025,9.229999542236328,9.4399995803833,9.199999809265137,9.399999618530272,9.399999618530272,8026451.0
05.06.2025,9.479999542236328,9.579999923706056,9.390000343322754,9.479999542236328,9.479999542236328,4791742.0
10.06.2025,9.539999961853027,9.670000076293944,9.529999732971191,9.56999969482422,9.56999969482422,7285225.0
11.06.2025,9.56999969482422,9.760000228881836,9.479999542236328,9.649999618530272,9.649999618530272,10801347.0
12.06.2025,9.609999656677246,9.609999656677246,9.229999542236328,9.289999961853027,9.289999961853027,8700669.0
13.06.2025,9.0,9.119999885559082,8.829999923706055,9.050000190734863,9.050000190734863,10202570.0
16.06.2025,9.010000228881836,9.270000457763672,8.90999984741211,9.199999809265137,9.199999809265137,8209033.0
17.06.2025,9.170000076293944,9.31999969482422,9.020000457763672,9.050000190734863,9.050000190734863,9113255.0
18.06.2025,9.0,9.020000457763672,8.770000457763672,8.829999923706055,8.829999923706055,10360087.0
19.06.2025,8.859999656677246,8.930000305175781,8.619999885559082,8.619999885559082,8.619999885559082,8437896.0
20.06.2025,8.6899995803833,8.899999618530273,8.640000343322754,8.899999618530273,8.899999618530273,8842996.0
23.06.2025,8.789999961853027,8.789999961853027,8.569999694824219,8.649999618530273,8.649999618530273,8507540.0
24.06.2025,8.989999771118164,9.039999961853027,8.869999885559082,8.970000267028809,8.970000267028809,12723661.0
25.06.2025,8.970000267028809,9.15999984741211,8.9399995803833,8.949999809265137,8.949999809265137,11156302.0
26.06.2025,8.949999809265137,9.029999732971191,8.890000343322754,8.890000343322754,8.890000343322754,5472424.0
27.06.2025,8.890000343322754,8.9399995803833,8.729999542236328,8.880000114440918,8.880000114440918,9767693.0
30.06.2025,8.880000114440918,9.270000457763672,8.850000381469727,9.18000030517578,9.18000030517578,15505107.0
01.07.2025,9.18000030517578,9.399999618530272,9.119999885559082,9.300000190734863,9.300000190734863,11898860.0
02.07.2025,9.300000190734863,9.6899995803833,9.289999961853027,9.369999885559082,9.369999885559082,17743982.0
03.07.2025,9.449999809265137,9.56999969482422,9.390000343322754,9.43000030517578,9.43000030517578,12320642.0
04.07.2025,9.4399995803833,9.609999656677246,9.350000381469728,9.460000038146973,9.460000038146973,14944363.0
07.07.2025,9.369999885559082,9.43000030517578,9.260000228881836,9.369999885559082,9.369999885559082,10809799.0
08.07.2025,9.40999984741211,9.449999809265137,9.050000190734863,9.119999885559082,9.119999885559082,13492302.0
09.07.2025,9.09000015258789,9.279999732971191,9.079999923706056,9.199999809265137,9.199999809265137,9244719.0
10.07.2025,9.25,9.399999618530272,9.25,9.369999885559082,9.369999885559082,8044445.0
11.07.2025,9.380000114440918,9.5,9.25,9.350000381469728,9.350000381469728,12484186.0
14.07.2025,9.350000381469728,9.43000030517578,9.199999809265137,9.210000038146973,9.210000038146973,10306842.0
16.07.2025,9.210000038146973,9.34000015258789,9.029999732971191,9.149999618530272,9.149999618530272,10339594.0
17.07.2025,9.149999618530272,9.34000015258789,9.149999618530272,9.329999923706056,9.329999923706056,8019534.0
18.07.2025,9.329999923706056,9.630000114440918,9.300000190734863,9.479999542236328,9.479999542236328,29262692.0
21.07.2025,9.520000457763672,9.609999656677246,9.470000267028809,9.539999961853027,9.539999961853027,19945425.0
22.07.2025,9.5600004196167,9.609999656677246,9.40999984741211,9.4399995803833,9.4399995803833,18626905.0
23.07.2025,9.4399995803833,9.539999961853027,9.329999923706056,9.43000030517578,9.43000030517578,13804401.0
24.07.2025,9.449999809265137,9.710000038146973,9.40999984741211,9.649999618530272,9.649999618530272,23878166.0
25.07.2025,9.729999542236328,9.75,9.529999732971191,9.640000343322754,9.640000343322754,13698840.0
28.07.2025,9.68000030517578,9.75,9.5,9.520000457763672,9.520000457763672,11763634.0
29.07.2025,9.520000457763672,9.56999969482422,9.390000343322754,9.399999618530272,9.399999618530272,10691416.0
30.07.2025,9.399999618530272,9.600000381469728,9.369999885559082,9.479999542236328,9.479999542236328,15027839.0
31.07.2025,9.520000457763672,9.68000030517578,9.460000038146973,9.510000228881836,9.510000228881836,16898409.0
01.08.2025,9.520000457763672,10.1899995803833,9.520000457763672,10.119999885559082,10.119999885559082,47997782.0
04.08.2025,10.210000038146973,10.399999618530272,10.039999961853027,10.09000015258789,10.09000015258789,24428484.0
05.08.2025,10.170000076293944,10.289999961853027,9.9399995803833,10.050000190734863,10.050000190734863,18592781.0
06.08.2025,10.050000190734863,10.199999809265137,9.880000114440918,10.1899995803833,10.1899995803833,19091496.0
07.08.2025,10.1899995803833,10.31999969482422,10.100000381469728,10.130000114440918,10.130000114440918,19490992.0
08.08.2025,10.130000114440918,10.170000076293944,9.989999771118164,10.050000190734863,10.050000190734863,12224432.0
11.08.2025,10.050000190734863,10.239999771118164,10.039999961853027,10.1899995803833,10.1899995803833,14081995.0
12.08.2025,10.199999809265137,10.229999542236328,10.010000228881836,10.06999969482422,10.06999969482422,14007445.0
13.08.2025,10.100000381469728,10.130000114440918,9.970000267028809,10.0,10.0,15337950.0
14.08.2025,10.050000190734863,10.050000190734863,9.850000381469728,9.890000343322754,9.890000343322754,12043076.0
15.08.2025,9.90999984741211,9.979999542236328,9.850000381469728,9.90999984741211,9.90999984741211,11940978.0
18.08.2025,9.93000030517578,10.170000076293944,9.90999984741211,10.119999885559082,10.119999885559082,19834666.0
19.08.2025,10.0,10.039999961853027,9.670000076293944,9.93000030517578,9.93000030517578,25634000.0
20.08.2025,9.970000267028809,10.350000381469728,9.8100004196167,10.3100004196167,10.3100004196167,32666837.0
21.08.2025,10.380000114440918,10.420000076293944,10.170000076293944,10.270000457763672,10.270000457763672,27340767.0
22.08.2025,10.31999969482422,10.630000114440918,10.270000457763672,10.550000190734863,10.550000190734863,32075265.0
25.08.2025,10.670000076293944,11.109999656677246,10.550000190734863,10.979999542236328,10.979999542236328,34504267.0
26.08.2025,11.029999732971191,11.199999809265137,10.829999923706056,10.829999923706056,10.829999923706056,29886171.0
27.08.2025,10.829999923706056,11.100000381469728,10.789999961853027,10.8100004196167,10.8100004196167,15744325.0
28.08.2025,10.81999969482422,10.979999542236328,10.800000190734863,10.81999969482422,10.81999969482422,9051980.0
29.08.2025,10.81999969482422,10.850000381469728,10.539999961853027,10.579999923706056,10.579999923706056,11657838.0
01.09.2025,10.579999923706056,10.630000114440918,10.40999984741211,10.43000030517578,10.43000030517578,7640219.0
02.09.2025,10.460000038146973,10.539999961853027,9.84000015258789,10.109999656677246,10.109999656677246,20399787.0
03.09.2025,10.109999656677246,10.130000114440918,9.8100004196167,9.970000267028809,9.970000267028809,15475850.0
04.09.2025,10.010000228881836,10.489999771118164,9.989999771118164,10.489999771118164,10.489999771118164,38369849.0
05.09.2025,10.550000190734863,11.0,10.5,10.8100004196167,10.8100004196167,40038988.0
08.09.2025,10.630000114440918,10.93000030517578,10.300000190734863,10.449999809265137,10.449999809265137,26390802.0
09.09.2025,10.449999809265137,10.710000038146973,10.199999809265137,10.399999618530272,10.399999618530272,15592173.0
10.09.2025,10.489999771118164,10.609999656677246,10.289999961853027,10.329999923706056,10.329999923706056,10517506.0
11.09.2025,10.31999969482422,10.5,10.149999618530272,10.149999618530272,10.149999618530272,13436289.0
12.09.2025,10.149999618530272,10.350000381469728,10.010000228881836,10.220000267028809,10.220000267028809,11139187.0
15.09.2025,10.170000076293944,10.979999542236328,10.039999961853027,10.6899995803833,10.6899995803833,16562952.0
16.09.2025,10.739999771118164,10.859999656677246,10.630000114440918,10.779999732971191,10.779999732971191,13104065.0
17.09.2025,10.770000457763672,11.260000228881836,10.6899995803833,10.899999618530272,10.899999618530272,60428589.0
18.09.2025,11.0,11.109999656677246,10.649999618530272,10.720000267028809,10.720000267028809,22483695.0
19.09.2025,10.729999542236328,10.899999618530272,10.600000381469728,10.789999961853027,10.789999961853027,15107984.0
22.09.2025,11.119999885559082,11.390000343322754,10.93000030517578,11.329999923706056,11.329999923706056,31983522.0
23.09.2025,11.300000190734863,11.539999961853027,11.149999618530272,11.359999656677246,11.359999656677246,25645494.0
24.09.2025,11.359999656677246,11.8100004196167,11.270000457763672,11.65999984741211,11.65999984741211,29577900.0
25.09.2025,11.75,11.84000015258789,11.489999771118164,11.649999618530272,11.649999618530272,16264532.0
26.09.2025,11.630000114440918,11.630000114440918,11.25,11.25,11.25,12698892.0
29.09.2025,11.25,11.4399995803833,11.050000190734863,11.100000381469728,11.100000381469728,10809534.0
30.09.2025,11.140000343322754,11.229999542236328,11.0,11.06999969482422,11.06999969482422,12822840.0
01.10.2025,11.09000015258789,11.5,10.960000038146973,11.5,11.5,21498886.0
02.10.2025,11.550000190734863,12.220000267028809,11.369999885559082,12.010000228881836,12.010000228881836,31496595.0
03.10.2025,12.010000228881836,12.170000076293944,11.8100004196167,11.859999656677246,11.859999656677246,18125266.0
06.10.2025,11.970000267028809,12.140000343322754,11.760000228881836,11.760000228881836,11.760000228881836,10190844.0
07.10.2025,11.770000457763672,12.470000267028809,11.770000457763672,12.170000076293944,12.170000076293944,22283799.0
08.10.2025,12.170000076293944,12.279999732971191,11.970000267028809,11.970000267028809,11.970000267028809,17213380.0
09.10.2025,12.050000190734863,12.34000015258789,11.93000030517578,12.100000381469728,12.100000381469728,15454261.0
10.10.2025,12.119999885559082,12.399999618530272,12.109999656677246,12.279999732971191,12.279999732971191,14097633.0
13.10.2025,12.0600004196167,12.199999809265137,11.84000015258789,11.880000114440918,11.880000114440918,16899875.0
14.10.2025,11.90999984741211,12.039999961853027,11.31999969482422,11.31999969482422,11.31999969482422,16030499.0
15.10.2025,11.34000015258789,12.300000190734863,11.34000015258789,12.010000228881836,12.010000228881836,24398872.0
16.10.2025,12.010000228881836,12.350000381469728,11.770000457763672,11.81999969482422,11.81999969482422,13697680.0
17.10.2025,11.81999969482422,12.359999656677246,11.510000228881836,12.15999984741211,12.15999984741211,23304018.0
20.10.2025,12.199999809265137,12.300000190734863,11.9399995803833,12.15999984741211,12.15999984741211,23517493.0
21.10.2025,12.15999984741211,12.329999923706056,12.0600004196167,12.09000015258789,12.09000015258789,15788648.0
22.10.2025,12.119999885559082,12.550000190734863,12.050000190734863,12.270000457763672,12.270000457763672,25553605.0
23.10.2025,12.289999961853027,12.350000381469728,12.1899995803833,12.210000038146973,12.210000038146973,8807432.0
24.10.2025,12.260000228881836,12.539999961853027,12.229999542236328,12.3100004196167,12.3100004196167,19247824.0
27.10.2025,12.31999969482422,12.449999809265137,12.0600004196167,12.09000015258789,11.471095085144045,11031962.0
28.10.2025,12.119999885559082,12.140000343322754,11.960000038146973,11.960000038146973,11.347749710083008,4248492.0
30.10.2025,11.979999542236328,12.449999809265137,11.979999542236328,12.359999656677246,11.727272987365724,16010458.0
31.10.2025,12.359999656677246,12.630000114440918,12.210000038146973,12.399999618530272,11.76522445678711,22834881.0
03.11.2025,12.40999984741211,12.649999618530272,12.1899995803833,12.220000267028809,11.594440460205078,27070202.0
04.11.2025,12.220000267028809,12.31999969482422,11.6899995803833,11.739999771118164,11.13901138305664,23737418.0
05.11.2025,11.75,12.079999923706056,11.579999923706056,12.0600004196167,11.442630767822266,22329537.0
06.11.2025,11.75,11.75,11.279999732971191,11.3100004196167,10.731024742126465,38481320.0
07.11.2025,11.579999923706056,11.59000015258789,11.0600004196167,11.079999923706056,10.512798309326172,16372243.0
10.11.2025,11.100000381469728,11.220000267028809,10.93000030517578,11.039999961853027,10.474845886230469,15560331.0
11.11.2025,11.039999961853027,11.100000381469728,10.529999732971191,10.699999809265137,10.152250289916992,15874172.0
12.11.2025,10.729999542236328,10.90999984741211,10.710000038146973,10.8100004196167,10.256620407104492,9195803.0
13.11.2025,10.84000015258789,11.079999923706056,10.800000190734863,10.960000038146973,10.398941040039062,9201561.0
14.11.2025,10.960000038146973,11.0,10.630000114440918,10.699999809265137,10.152250289916992,8220202.0
17.11.2025,10.760000228881836,11.0,10.75,10.84000015258789,10.285083770751951,10259061.0
18.11.2025,10.760000228881836,10.880000114440918,10.670000076293944,10.699999809265137,10.152250289916992,9877884.0
19.11.2025,10.779999732971191,10.789999961853027,10.359999656677246,10.369999885559082,9.839143753051758,22296311.0
20.11.2025,10.43000030517578,10.479999542236328,10.31999969482422,10.34000015258789,9.810680389404297,11048266.0
21.11.2025,10.34000015258789,10.43000030517578,10.199999809265137,10.350000381469728,9.820168495178224,12721344.0
24.11.2025,10.350000381469728,10.4399995803833,10.350000381469728,10.359999656677246,9.829655647277832,8669713.0
25.11.2025,10.4399995803833,10.5,10.31999969482422,10.31999969482422,9.791703224182127,9602547.0
26.11.2025,10.329999923706056,10.369999885559082,10.130000114440918,10.170000076293944,9.64938259124756,8417545.0
27.11.2025,10.170000076293944,10.25,10.100000381469728,10.109999656677246,9.592453956604004,9200730.0
28.11.2025,10.149999618530272,10.229999542236328,10.010000228881836,10.15999984741211,9.639894485473633,8608038.0
01.12.2025,10.220000267028809,10.479999542236328,10.199999809265137,10.479999542236328,9.94351291656494,12709580.0
02.12.2025,10.5,10.550000190734863,10.34000015258789,10.390000343322754,9.858120918273926,7755810.0
03.12.2025,10.43000030517578,10.529999732971191,10.300000190734863,10.399999618530272,9.867608070373535,10751280.0
04.12.2025,10.4399995803833,10.729999542236328,10.270000457763672,10.65999984741211,10.114298820495604,19778423.0
05.12.2025,10.550000190734863,10.550000190734863,10.220000267028809,10.25,9.725287437438965,26213373.0
08.12.2025,10.270000457763672,10.369999885559082,10.18000030517578,10.199999809265137,9.67784595489502,16017374.0
09.12.2025,10.210000038146973,10.270000457763672,10.100000381469728,10.140000343322754,9.62091827392578,10250956.0
10.12.2025,10.15999984741211,10.199999809265137,10.050000190734863,10.050000190734863,9.53552532196045,9114168.0
11.12.2025,10.079999923706056,10.149999618530272,10.020000457763672,10.06999969482422,9.5545015335083,11308321.0
12.12.2025,10.109999656677246,10.239999771118164,10.050000190734863,10.079999923706056,9.563989639282228,16516402.0
15.12.2025,10.119999885559082,10.210000038146973,10.119999885559082,10.1899995803833,9.668357849121094,14945667.0
16.12.2025,10.220000267028809,10.239999771118164,10.079999923706056,10.119999885559082,9.60194206237793,9449055.0
17.12.2025,10.170000076293944,10.289999961853027,10.079999923706056,10.260000228881836,9.73477554321289,15777582.0
18.12.2025,10.359999656677246,10.369999885559082,10.130000114440918,10.15999984741211,9.639894485473633,14021245.0
19.12.2025,10.15999984741211,10.18000030517578,10.050000190734863,10.100000381469728,9.582965850830078,9955506.0
22.12.2025,10.100000381469728,10.15999984741211,9.90999984741211,9.93000030517578,9.421669006347656,10924477.0
23.12.2025,9.93000030517578,9.949999809265137,9.760000228881836,9.869999885559082,9.364739418029783,15810561.0
24.12.2025,9.869999885559082,9.920000076293944,9.729999542236328,9.84000015258789,9.336276054382324,17948822.0
25.12.2025,9.880000114440918,10.100000381469728,9.880000114440918,9.970000267028809,9.459620475769045,10884166.0
26.12.2025,10.0,10.020000457763672,9.789999961853027,9.829999923706056,9.326786994934082,11768111.0
29.12.2025,9.850000381469728,9.869999885559082,9.710000038146973,9.710000038146973,9.212930679321287,7750430.0
30.12.2025,9.720000267028809,9.960000038146973,9.6899995803833,9.93000030517578,9.421669006347656,10345322.0
31.12.2025,9.979999542236328,10.170000076293944,9.81999969482422,9.81999969482422,9.317298889160156,19287098.0
02.01.2026,9.899999618530272,10.119999885559082,9.850000381469728,10.109999656677246,9.592453956604004,16088927.0
05.01.2026,10.109999656677246,10.149999618530272,10.029999732971191,10.130000114440918,9.611430168151855,11364553.0
06.01.2026,10.149999618530272,10.3100004196167,10.079999923706056,10.210000038146973,9.687335014343262,19538703.0
07.01.2026,10.25,10.270000457763672,9.960000038146973,9.979999542236328,9.469108581542969,22290463.0
08.01.2026,9.979999542236328,10.039999961853027,9.81999969482422,10.0,9.48808479309082,12411024.0
09.01.2026,10.010000228881836,10.050000190734863,9.890000343322754,9.90999984741211,9.402691841125488,21149524.0
12.01.2026,9.93000030517578,10.0600004196167,9.880000114440918,10.039999961853027,9.526037216186523,28411438.0
13.01.2026,10.039999961853027,10.119999885559082,9.979999542236328,10.029999732971191,9.516549110412598,16929874.0
14.01.2026,10.050000190734863,10.15999984741211,9.9399995803833,9.949999809265137,9.440644264221191,22276815.0
15.01.2026,9.960000038146973,10.15999984741211,9.93000030517578,10.15999984741211,9.639894485473633,22651416.0
16.01.2026,10.199999809265137,10.220000267028809,10.09000015258789,10.1899995803833,9.668357849121094,15525064.0
19.01.2026,10.25,10.399999618530272,10.18000030517578,10.229999542236328,9.706310272216797,30337033.0
20.01.2026,10.239999771118164,10.260000228881836,9.989999771118164,10.0,9.48808479309082,23947155.0
21.01.2026,10.010000228881836,10.050000190734863,9.90999984741211,9.949999809265137,9.440644264221191,19693388.0
22.01.2026,10.010000228881836,10.1899995803833,9.970000267028809,10.18000030517578,9.658870697021484,22949878.0
23.01.2026,10.229999542236328,10.300000190734863,10.149999618530272,10.199999809265137,9.67784595489502,24258765.0
26.01.2026,10.199999809265137,10.779999732971191,10.140000343322754,10.779999732971191,10.228155136108398,55417562.0
27.01.2026,10.789999961853027,10.800000190734863,10.470000267028809,10.520000457763672,9.981465339660645,29500540.0
28.01.2026,10.520000457763672,10.640000343322754,10.489999771118164,10.5600004196167,10.019417762756348,23218257.0
29.01.2026,10.59000015258789,10.890000343322754,10.59000015258789,10.720000267028809,10.17122745513916,36964471.0
30.01.2026,10.720000267028809,11.079999923706056,10.510000228881836,11.079999923706056,10.512798309326172,35504757.0
02.02.2026,11.0600004196167,11.5,10.770000457763672,10.890000343322754,10.332525253295898,41718575.0
03.02.2026,10.899999618530272,11.149999618530272,10.890000343322754,11.029999732971191,10.465357780456545,24104462.0
04.02.2026,11.06999969482422,11.140000343322754,10.859999656677246,10.869999885559082,10.31354808807373,17000809.0
05.02.2026,10.869999885559082,11.050000190734863,10.770000457763672,10.850000381469728,10.294572830200195,18831213.0
06.02.2026,10.850000381469728,10.869999885559082,10.510000228881836,10.600000381469728,10.05737018585205,16691011.0
09.02.2026,10.65999984741211,10.90999984741211,10.65999984741211,10.880000114440918,10.323036193847656,19751536.0
10.02.2026,10.949999809265137,10.989999771118164,10.739999771118164,10.81999969482422,10.266107559204102,15907284.0
11.02.2026,10.779999732971191,10.880000114440918,10.699999809265137,10.800000190734863,10.247132301330566,14498052.0
12.02.2026,10.800000190734863,11.149999618530272,10.789999961853027,11.149999618530272,10.579214096069336,22677985.0
13.02.2026,11.149999618530272,11.1899995803833,11.010000228881836,11.18000030517578,10.60767936706543,17306487.0
16.02.2026,11.34000015258789,11.420000076293944,11.210000038146973,11.3100004196167,10.731024742126465,23128819.0
17.02.2026,11.329999923706056,11.34000015258789,11.140000343322754,11.18000030517578,10.60767936706543,15789847.0
18.02.2026,11.229999542236328,11.270000457763672,10.949999809265137,10.949999809265137,10.389452934265137,22103198.0
19.02.2026,11.029999732971191,11.15999984741211,10.65999984741211,10.6899995803833,10.142762184143066,20885521.0
20.02.2026,11.119999885559082,11.56999969482422,10.970000267028809,11.260000228881836,10.683584213256836,78361591.0
23.02.2026,11.289999961853027,11.479999542236328,10.859999656677246,10.859999656677246,10.304059982299805,53299329.0
24.02.2026,10.899999618530272,11.0,10.670000076293944,10.68000030517578,10.133275032043455,24765553.0
25.02.2026,10.699999809265137,10.75,10.350000381469728,10.43000030517578,9.896072387695312,21463604.0
26.02.2026,10.4399995803833,10.489999771118164,10.289999961853027,10.350000381469728,9.820168495178224,18474906.0
27.02.2026,10.399999618530272,10.479999542236328,10.06999969482422,10.18000030517578,9.658870697021484,20046338.0
02.03.2026,9.260000228881836,9.979999542236328,9.260000228881836,9.84000015258789,9.336276054382324,25225999.0
03.03.2026,9.84000015258789,10.09000015258789,9.789999961853027,9.869999885559082,9.364739418029783,20427201.0
04.03.2026,9.890000343322754,9.970000267028809,9.699999809265137,9.779999732971191,9.279346466064451,18479020.0
05.03.2026,9.84000015258789,10.109999656677246,9.84000015258789,9.920000076293944,9.412179946899414,15087069.0
06.03.2026,9.979999542236328,10.1899995803833,9.90999984741211,10.0600004196167,9.545013427734377,18164791.0
09.03.2026,10.0600004196167,10.270000457763672,9.800000190734863,9.960000038146973,9.450132369995115,22745911.0
10.03.2026,10.15999984741211,10.350000381469728,10.09000015258789,10.170000076293944,9.64938259124756,26622401.0
11.03.2026,10.170000076293944,10.359999656677246,10.079999923706056,10.289999961853027,9.763238906860352,16547770.0
12.03.2026,10.260000228881836,10.9399995803833,10.1899995803833,10.829999923706056,10.275595664978027,37560048.0
13.03.2026,10.829999923706056,11.039999961853027,10.630000114440918,10.81999969482422,10.266107559204102,33524629.0
16.03.2026,10.850000381469728,10.989999771118164,10.649999618530272,10.93000030517578,10.370476722717283,23720297.0
17.03.2026,10.9399995803833,11.359999656677246,10.9399995803833,11.119999885559082,10.550750732421877,28442843.0
18.03.2026,11.199999809265137,11.289999961853027,11.029999732971191,11.109999656677246,10.541261672973633,19714930.0
19.03.2026,11.100000381469728,11.170000076293944,11.0,11.100000381469728,10.531774520874023,4618907.0
23.03.2026,11.109999656677246,11.229999542236328,10.619999885559082,11.010000228881836,10.446381568908691,25603766.0
24.03.2026,11.010000228881836,11.229999542236328,10.890000343322754,10.970000267028809,10.408429145812988,21449741.0
25.03.2026,11.010000228881836,11.1899995803833,10.8100004196167,10.8100004196167,10.256620407104492,13911792.0
26.03.2026,10.8100004196167,11.4399995803833,10.760000228881836,11.25,10.674095153808594,43437006.0
27.03.2026,11.350000381469728,11.550000190734863,10.75,10.789999961853027,10.237643241882324,40723571.0
30.03.2026,10.829999923706056,10.93000030517578,10.399999618530272,10.56999969482422,10.028905868530272,17005354.0
31.03.2026,10.609999656677246,10.979999542236328,10.5600004196167,10.829999923706056,10.275595664978027,18210034.0
01.04.2026,10.970000267028809,11.1899995803833,10.829999923706056,11.09000015258789,10.522286415100098,25864417.0
02.04.2026,11.09000015258789,11.390000343322754,10.93000030517578,11.329999923706056,10.75,46000715.0
03.04.2026,11.100000381469728,11.100000381469728,10.520000457763672,10.5600004196167,10.5600004196167,24895118.0
06.04.2026,10.600000381469728,10.720000267028809,10.350000381469728,10.380000114440918,10.380000114440918,19768909.0
07.04.2026,10.420000076293944,10.5,10.079999923706056,10.140000343322754,10.140000343322754,21256010.0
08.04.2026,10.5,10.520000457763672,10.270000457763672,10.279999732971191,10.279999732971191,24858260.0
09.04.2026,10.279999732971191,10.369999885559082,10.140000343322754,10.15999984741211,10.15999984741211,16498305.0
10.04.2026,10.260000228881836,10.350000381469728,10.210000038146973,10.300000190734863,10.300000190734863,24814396.0
13.04.2026,10.260000228881836,10.3100004196167,10.140000343322754,10.289999961853027,10.289999961853027,27008195.0
14.04.2026,10.300000190734863,10.40999984741211,10.260000228881836,10.31999969482422,10.31999969482422,24840794.0
15.04.2026,10.359999656677246,10.640000343322754,10.34000015258789,10.630000114440918,10.630000114440918,36700647.0
16.04.2026,10.68000030517578,10.949999809265137,10.65999984741211,10.699999809265137,10.699999809265137,36508290.0
17.04.2026,10.739999771118164,10.949999809265137,10.710000038146973,10.949999809265137,10.949999809265137,22180449.0
20.04.2026,10.81999969482422,10.859999656677246,10.670000076293944,10.6899995803833,10.6899995803833,21103658.0
21.04.2026,10.739999771118164,10.789999961853027,10.460000038146973,10.5,10.5,22731943.0
22.04.2026,10.579999923706056,10.670000076293944,10.289999961853027,10.390000343322754,10.390000343322754,30120590.0
24.04.2026,10.4399995803833,10.710000038146973,10.399999618530272,10.670000076293944,10.670000076293944,18950473.0
27.04.2026,10.68000030517578,11.0600004196167,10.68000030517578,10.90999984741211,10.90999984741211,31737925.0
28.04.2026,10.649999618530272,10.6899995803833,10.119999885559082,10.289999961853027,10.289999961853027,66017478.0
29.04.2026,10.300000190734863,10.4399995803833,10.220000267028809,10.220000267028809,10.220000267028809,21159715.0
30.04.2026,10.229999542236328,10.699999809265137,10.119999885559082,10.59000015258789,10.59000015258789,62206148.0
04.05.2026,10.609999656677246,10.670000076293944,10.270000457763672,10.270000457763672,10.270000457763672,26025681.0
05.05.2026,10.300000190734863,10.59000015258789,10.270000457763672,10.550000190734863,10.550000190734863,32645495.0
06.05.2026,10.56999969482422,11.039999961853027,10.489999771118164,11.0,11.0,46386178.0
07.05.2026,11.079999923706056,11.149999618530272,10.90999984741211,11.130000114440918,11.130000114440918,18300676.0
