Tarih,Açılış,Yüksek,Düşük,Kapanış,Düzeltilmiş_Kapanış,Hacim
29/10/2015,1.762500048,1.762500048,1.762500048,1.762500048,1.685743332,0
30/10/2015,1.737499952,1.756250024,1.731250048,1.743749976,1.667809963,3009952
02/11/2015,1.856250048,1.862499952,1.84375,1.850000024,1.769433022,4160664
03/11/2015,1.84375,1.84375,1.825000048,1.837499976,1.757477045,1747664
04/11/2015,1.837499976,1.850000024,1.837499976,1.84375,1.763455033,2268864
05/11/2015,1.831249952,1.837499976,1.818750024,1.825000048,1.745521545,1380696
06/11/2015,1.806249976,1.8125,1.793750048,1.806249976,1.727588058,2603848
09/11/2015,1.831249952,1.850000024,1.8125,1.837499976,1.757477045,6007696
10/11/2015,1.837499976,1.84375,1.818750024,1.818750024,1.739543557,1171920
11/11/2015,1.831249952,1.837499976,1.8125,1.818750024,1.739543557,1289576
12/11/2015,1.84375,1.856250048,1.831249952,1.84375,1.763455033,4744264
13/11/2015,1.868749976,1.881250024,1.850000024,1.875,1.793344259,4829600
16/11/2015,1.956249952,2.037499905,1.943750024,2.037499905,1.948766947,25653720
17/11/2015,2.049999952,2.056250095,1.96875,1.981250048,1.89496696,6570744
18/11/2015,2.018749952,2.018749952,1.931249976,1.950000048,1.865077972,4565632
19/11/2015,1.975000024,1.981250048,1.950000048,1.956249952,1.871055484,3757560
20/11/2015,1.962499976,1.981250048,1.956249952,1.96875,1.883011341,3185520
23/11/2015,2.018749952,2.037499905,2.0,2.018749952,1.930833459,7208096
24/11/2015,2.0,2.025000095,1.943750024,1.981250048,1.89496696,6552512
25/11/2015,2.03125,2.0625,2.03125,2.0625,1.972678661,5282344
26/11/2015,2.037499905,2.049999952,2.0,2.018749952,1.930833459,4287104
27/11/2015,2.018749952,2.037499905,2.012500048,2.012500048,1.924855828,2071624
30/11/2015,2.012500048,2.127500057,2.007499933,2.076250076,1.985829711,16272752
01/12/2015,2.082499981,2.122499943,2.078749895,2.098750114,2.00734973,8094120
02/12/2015,2.106250048,2.142499924,2.075000048,2.075000048,1.984634161,7475288
03/12/2015,2.081249952,2.112499952,2.019999981,2.025000095,1.936811805,5127792
04/12/2015,2.037499905,2.047499895,2.001250029,2.042500019,1.953549623,3312840
07/12/2015,2.048749924,2.099999905,2.032500029,2.037499905,1.948766947,4555520
08/12/2015,2.049999952,2.068749905,2.027499914,2.029999971,1.941593885,4004696
09/12/2015,2.036250114,2.047499895,1.875,2.019999981,1.932029366,3722960
10/12/2015,2.02125001,2.037499905,1.929999948,1.963750005,1.878228903,3534840
11/12/2015,1.966249943,1.981250048,1.893749952,1.921249986,1.837579727,6372720
14/12/2015,1.926249981,1.993749976,1.918750048,1.934999943,1.850731015,5723784
15/12/2015,1.9375,1.998749971,1.9375,1.986250043,1.899749279,3632648
16/12/2015,1.987499952,2.036250114,1.972499967,2.033750057,1.945180774,6171536
17/12/2015,2.048749924,2.16624999,2.04124999,2.130000114,2.037239313,13852616
18/12/2015,2.131249905,2.150000095,2.087500095,2.101249933,2.009740114,4987832
21/12/2015,2.101249933,2.173749924,2.101249933,2.140000105,2.046803474,4497296
22/12/2015,2.141249895,2.152499914,2.112499952,2.144999981,2.051586151,2928536
23/12/2015,2.144999981,2.170000076,2.138750076,2.138750076,2.045607805,2570072
24/12/2015,2.147500038,2.15625,2.116250038,2.116250038,2.024087906,2600560
25/12/2015,2.116250038,2.160000086,2.089999914,2.13499999,2.042020798,3161032
28/12/2015,2.137500048,2.16624999,2.118750095,2.128750086,2.036043644,4829648
29/12/2015,2.128750086,2.147500038,2.125,2.131249905,2.038434267,1838944
30/12/2015,2.131249905,2.142499924,2.09375,2.111249924,2.019305468,3025656
31/12/2015,2.118750095,2.130000114,2.09375,2.108750105,2.016914368,2552736
01/01/2016,2.108750105,2.108750105,2.108750105,2.108750105,2.016914368,0
04/01/2016,2.108750105,2.164999962,2.079999924,2.140000105,2.046803474,4181712
05/01/2016,2.126250029,2.188750029,2.126250029,2.167500019,2.073105574,11664368
06/01/2016,2.168750048,2.196249962,2.163749933,2.183749914,2.088647604,4970216
07/01/2016,2.184999943,2.192500114,2.152499914,2.1875,2.092234612,4780336
08/01/2016,2.1875,2.234999895,2.186249971,2.224999905,2.128101826,4234128
11/01/2016,2.224999905,2.277499914,2.220000029,2.268749952,2.169946194,4559968
12/01/2016,2.269999981,2.349999905,2.268749952,2.345000029,2.242875576,7101600
13/01/2016,2.352499962,2.38499999,2.303750038,2.311249971,2.210595369,10019312
14/01/2016,2.318749905,2.34375,2.269999981,2.278749943,2.179510832,4409768
15/01/2016,2.28125,2.305000067,2.237499952,2.263750076,2.165163994,3582728
18/01/2016,2.268749952,2.296250105,2.237499952,2.241250038,2.143643856,2773344
19/01/2016,2.247499943,2.311249971,2.247499943,2.292500019,2.192661762,3791288
20/01/2016,2.277499914,2.278749943,2.237499952,2.242500067,2.144839764,5081352
21/01/2016,2.246249914,2.251250029,2.147500038,2.173749924,2.079082966,4694952
22/01/2016,2.173749924,2.173749924,2.173749924,2.173749924,2.079082966,0
25/01/2016,2.238749981,2.342499971,2.238749981,2.342499971,2.240484476,5005752
26/01/2016,2.337500095,2.339999914,2.307499886,2.318749905,2.217768669,5152824
27/01/2016,2.318749905,2.329999924,2.292500019,2.292500019,2.192661762,4454272
28/01/2016,2.305000067,2.308749914,2.258749962,2.25999999,2.161577463,4507352
29/01/2016,2.268749952,2.287499905,2.262500048,2.262500048,2.163968801,3732280
01/02/2016,2.268749952,2.269999981,2.224999905,2.247499943,2.149621487,4470488
02/02/2016,2.25,2.292500019,2.241250038,2.256249905,2.157990456,2523568
03/02/2016,2.256249905,2.28125,2.241250038,2.262500048,2.163968801,4982368
04/02/2016,2.28125,2.286250114,2.237499952,2.237499952,2.140057564,2152456
05/02/2016,2.24000001,2.253750086,2.22874999,2.237499952,2.140057564,2335296
08/02/2016,2.237499952,2.244999886,2.186249971,2.190000057,2.094625473,3335696
09/02/2016,2.1875,2.198750019,2.118750095,2.170000076,2.075496674,3837528
10/02/2016,2.172499895,2.20875001,2.170000076,2.1875,2.092234612,1968480
11/02/2016,2.183749914,2.183749914,2.131249905,2.160000086,2.065932035,2159176
12/02/2016,2.160000086,2.162499905,2.141249895,2.141249895,2.047998667,1426896
15/02/2016,2.150000095,2.160000086,2.108750105,2.112499952,2.020500898,4700768
16/02/2016,2.118750095,2.140000105,2.09375,2.09375,2.00256753,2708024
17/02/2016,2.09375,2.150000095,2.0625,2.150000095,2.056368113,3531248
18/02/2016,2.131249905,2.171250105,2.125,2.163749933,2.06951952,3560824
19/02/2016,2.160000086,2.164999962,2.116250038,2.150000095,2.056368113,2433336
22/02/2016,2.180000067,2.194999933,2.162499905,2.17750001,2.082670212,5505920
23/02/2016,2.193749905,2.217499971,2.178750038,2.19749999,2.101799011,6079848
24/02/2016,2.212500095,2.212500095,2.193749905,2.194999933,2.099407911,3735256
25/02/2016,2.194999933,2.233750105,2.194999933,2.212500095,2.116146564,2519888
26/02/2016,2.214999914,2.224999905,2.193749905,2.193749905,2.098212242,2278264
29/02/2016,2.196249962,2.20875001,2.186249971,2.203749895,2.107777357,2063216
01/03/2016,2.210000038,2.248749971,2.203749895,2.248749971,2.150816679,4666448
02/03/2016,2.262500048,2.306250095,2.262500048,2.282500029,2.183098078,5799208
03/03/2016,2.285000086,2.387500048,2.275000095,2.275000095,2.175923824,13567624
04/03/2016,2.277499914,2.278749943,2.21875,2.263750076,2.165163994,3538576
07/03/2016,2.278749943,2.293750048,2.248749971,2.263750076,2.165163994,2757464
08/03/2016,2.261250019,2.261250019,2.112499952,2.143749952,2.050390244,22170760
09/03/2016,2.15625,2.161250114,2.108750105,2.143749952,2.050390244,9923752
10/03/2016,2.148750067,2.162499905,2.137500048,2.141249895,2.047998667,7994952
11/03/2016,2.150000095,2.168750048,2.14625001,2.151249886,2.057562828,7216184
14/03/2016,2.148750067,2.158750057,2.143749952,2.148750067,2.055171967,4211128
15/03/2016,2.153749943,2.164999962,2.143749952,2.143749952,2.050390244,5592776
16/03/2016,2.151249886,2.163749933,2.144999981,2.150000095,2.056368113,3860776
17/03/2016,2.161250114,2.174999952,2.157500029,2.170000076,2.075496674,5384856
18/03/2016,2.170000076,2.212500095,2.162499905,2.212500095,2.116146564,9663520
21/03/2016,2.212500095,2.266249895,2.194999933,2.256249905,2.157990456,7627632
22/03/2016,2.255000114,2.256249905,2.206249952,2.24000001,2.142448425,5587096
23/03/2016,2.237499952,2.242500067,2.162499905,2.168750048,2.074301004,6003048
24/03/2016,2.164999962,2.234999895,2.151249886,2.234999895,2.137665987,6366376
25/03/2016,2.286250114,2.311249971,2.255000114,2.256249905,2.157990456,14028656
28/03/2016,2.25999999,2.287499905,2.258749962,2.262500048,2.163968801,2666520
29/03/2016,2.27125001,2.286250114,2.25999999,2.262500048,2.163968801,4923640
30/03/2016,2.275000095,2.307499886,2.266249895,2.276249886,2.177119255,7279152
31/03/2016,2.279999971,2.303750038,2.269999981,2.287499905,2.187879801,5482728
01/04/2016,2.287499905,2.307499886,2.273750067,2.285000086,2.185488462,8986880
04/04/2016,2.297499895,2.337500095,2.29124999,2.329999924,2.228529215,4306680
05/04/2016,2.329999924,2.373749971,2.329999924,2.338749886,2.236897707,4401328
06/04/2016,2.341249943,2.362499952,2.339999914,2.349999905,2.247657537,3391096
07/04/2016,2.363749981,2.38499999,2.347500086,2.356250048,2.253635645,5737088
08/04/2016,2.363749981,2.391249895,2.363749981,2.388750076,2.284720659,5227384
11/04/2016,2.398750067,2.407500029,2.393749952,2.401249886,2.296676159,3320424
12/04/2016,2.401249886,2.5,2.39625001,2.481250048,2.373192549,10636472
13/04/2016,2.505000114,2.587500095,2.505000114,2.549999952,2.438948154,13961000
14/04/2016,2.555000067,2.5625,2.483750105,2.512500048,2.40308094,5380656
15/04/2016,2.525000095,2.549999952,2.50999999,2.512500048,2.40308094,5021824
18/04/2016,2.519999981,2.519999981,2.49000001,2.49000001,2.381561041,3637576
19/04/2016,2.505000114,2.50999999,2.470000029,2.497499943,2.388734818,6552808
20/04/2016,2.5,2.519999981,2.483750105,2.498749971,2.389929533,4357592
21/04/2016,2.505000114,2.517499924,2.46875,2.481250048,2.373192549,3360912
22/04/2016,2.496249914,2.5,2.480000019,2.49000001,2.381561041,2941488
25/04/2016,2.477499962,2.497499943,2.477499962,2.483750105,2.375582457,1650680
26/04/2016,2.493750095,2.494999886,2.483750105,2.483750105,2.375582457,1771168
27/04/2016,2.486249924,2.575000048,2.484999895,2.515000105,2.405472279,12400824
28/04/2016,2.529999971,2.539999962,2.507499933,2.507499933,2.398298979,2699144
29/04/2016,2.515000105,2.519999981,2.491250038,2.494999886,2.386343002,2865176
02/05/2016,2.5,2.50999999,2.472500086,2.472500086,2.364823341,3218632
03/05/2016,2.472500086,2.49000001,2.424999952,2.441250086,2.334933996,4166552
04/05/2016,2.441250086,2.441250086,2.318749905,2.373749971,2.270373583,6098824
05/05/2016,2.252500057,2.373749971,2.25,2.35374999,2.251244068,10759232
06/05/2016,2.34375,2.444999933,2.338749886,2.443749905,2.337324381,4004352
09/05/2016,2.450000048,2.525000095,2.450000048,2.481250048,2.373192549,3653936
10/05/2016,2.487499952,2.5,2.460000038,2.476249933,2.368409872,2688712
11/05/2016,2.480000019,2.502500057,2.476249933,2.491250038,2.382756233,3880744
12/05/2016,2.505000114,2.519999981,2.497499943,2.50999999,2.400689602,2915112
13/05/2016,2.512500048,2.537499905,2.487499952,2.5,2.391125441,3184008
16/05/2016,2.517499924,2.519999981,2.424999952,2.441250086,2.334933996,2976616
17/05/2016,2.443749905,2.464999914,2.418750048,2.436249971,2.330151081,2929776
18/05/2016,2.4375,2.440000057,2.375,2.400000095,2.295480251,4882608
19/05/2016,2.400000095,2.400000095,2.400000095,2.400000095,2.295480251,0
20/05/2016,2.402499914,2.40625,2.366250038,2.375,2.271568775,4984952
23/05/2016,2.38499999,2.434999943,2.376250029,2.417500019,2.312218428,4600160
24/05/2016,2.418750048,2.507499933,2.418750048,2.498749971,2.389929533,5822264
25/05/2016,2.525000095,2.625,2.484999895,2.494999886,2.386343002,12356336
26/05/2016,2.497499943,2.5,2.450000048,2.460000038,2.352867126,3742320
27/05/2016,2.474999905,2.505000114,2.450000048,2.492500067,2.383952141,3508732
30/05/2016,2.494999886,2.529999971,2.494999886,2.519999981,2.41025424,3634332
31/05/2016,2.527499914,2.539999962,2.487499952,2.492500067,2.383952141,4229780
01/06/2016,2.5,2.527499914,2.440000057,2.457499981,2.350476742,10846364
02/06/2016,2.462500095,2.472500086,2.417500019,2.434999943,2.328955889,4697888
03/06/2016,2.4375,2.462500095,2.430000067,2.450000048,2.343302488,4022952
06/06/2016,2.464999914,2.477499962,2.375,2.422499895,2.317000628,4703504
07/06/2016,2.422499895,2.432499886,2.400000095,2.400000095,2.295480251,8530996
08/06/2016,2.412499905,2.434999943,2.400000095,2.422499895,2.317000628,3468252
09/06/2016,2.424999952,2.440000057,2.38499999,2.410000086,2.305045128,3323768
10/06/2016,2.404999971,2.404999971,2.369999886,2.400000095,2.298818588,2681004
13/06/2016,2.400000095,2.400000095,2.325000048,2.345000029,2.246137381,2948908
14/06/2016,2.352499962,2.355000019,2.275000095,2.295000076,2.198245287,5725696
15/06/2016,2.299999952,2.327500105,2.292500019,2.305000067,2.20782423,4216400
16/06/2016,2.30250001,2.305000067,2.255000114,2.265000105,2.169510603,2662136
17/06/2016,2.267499924,2.295000076,2.267499924,2.287499905,2.191061735,2422588
20/06/2016,2.305000067,2.387500048,2.305000067,2.380000114,2.279662371,6488420
21/06/2016,2.410000086,2.417500019,2.36500001,2.377500057,2.277266741,4022976
22/06/2016,2.377500057,2.394999981,2.329999924,2.329999924,2.231770039,2428092
23/06/2016,2.359999895,2.394999981,2.32249999,2.377500057,2.277266741,4669236
24/06/2016,2.202500105,2.377500057,2.202500105,2.377500057,2.277266741,6561700
27/06/2016,2.380000114,2.380000114,2.337500095,2.347500086,2.248531818,2050872
28/06/2016,2.359999895,2.390000105,2.359999895,2.377500057,2.277266741,3628264
29/06/2016,2.362499952,2.380000114,2.355000019,2.36500001,2.265294552,2631240
30/06/2016,2.369999886,2.382499933,2.355000019,2.355000019,2.255715847,1663276
01/07/2016,2.357500076,2.430000067,2.357500076,2.430000067,2.327554226,4732816
04/07/2016,2.430000067,2.44749999,2.417500019,2.432499886,2.329948425,886820
05/07/2016,2.432499886,2.432499886,2.432499886,2.432499886,2.329948425,0
06/07/2016,2.432499886,2.432499886,2.432499886,2.432499886,2.329948425,0
07/07/2016,2.432499886,2.432499886,2.432499886,2.432499886,2.329948425,0
08/07/2016,2.432499886,2.457499981,2.430000067,2.452500105,2.349105597,3733892
11/07/2016,2.454999924,2.472500086,2.442500114,2.457499981,2.353894949,2408428
12/07/2016,2.467499971,2.467499971,2.450000048,2.462500095,2.358683825,3129828
13/07/2016,2.464999914,2.50999999,2.462500095,2.502500057,2.396997452,5709232
14/07/2016,2.507499933,2.515000105,2.492500067,2.50999999,2.404181004,4439764
15/07/2016,2.50999999,2.512500048,2.480000019,2.487499952,2.382629871,2328044
18/07/2016,2.337500095,2.42750001,2.19749999,2.269999981,2.17429924,14038744
19/07/2016,2.275000095,2.400000095,2.255000114,2.289999962,2.193456173,10217112
20/07/2016,2.289999962,2.36500001,2.289999962,2.347500086,2.248531818,6146480
21/07/2016,2.319999933,2.32249999,2.24000001,2.252500057,2.157537699,9283460
22/07/2016,2.275000095,2.289999962,2.224999905,2.224999905,2.131196976,10815628
25/07/2016,2.25,2.279999971,2.25,2.275000095,2.179088354,7116164
26/07/2016,2.289999962,2.305000067,2.252500057,2.25999999,2.164721489,7466112
27/07/2016,2.269999981,2.335000038,2.265000105,2.335000038,2.236559153,8774408
28/07/2016,2.347500086,2.390000105,2.345000029,2.369999886,2.270083189,5409732
29/07/2016,2.38499999,2.38499999,2.349999905,2.362499952,2.26289916,4079044
01/08/2016,2.387500048,2.412499905,2.382499933,2.387500048,2.286846161,2844668
02/08/2016,2.4375,2.4375,2.382499933,2.400000095,2.298818588,4276964
03/08/2016,2.400000095,2.400000095,2.315000057,2.329999924,2.231770039,5391872
04/08/2016,2.337500095,2.369999886,2.317500114,2.369999886,2.270083189,5220708
05/08/2016,2.372499943,2.38499999,2.327500105,2.337500095,2.238953829,4024828
08/08/2016,2.375,2.38499999,2.357500076,2.375,2.274872541,3904688
09/08/2016,2.375,2.380000114,2.362499952,2.372499943,2.272478342,3755804
10/08/2016,2.372499943,2.380000114,2.347500086,2.352499962,2.253321171,3418664
11/08/2016,2.359999895,2.36500001,2.347500086,2.36500001,2.265294552,2962660
12/08/2016,2.369999886,2.375,2.347500086,2.349999905,2.250926495,2264124
15/08/2016,2.355000019,2.375,2.355000019,2.375,2.274872541,2379020
16/08/2016,2.380000114,2.400000095,2.347500086,2.349999905,2.250926495,4413260
17/08/2016,2.357500076,2.380000114,2.345000029,2.36500001,2.265294552,2757304
18/08/2016,2.372499943,2.380000114,2.332499981,2.332499981,2.234164715,4926240
19/08/2016,2.337500095,2.349999905,2.329999924,2.337500095,2.238953829,1858964
22/08/2016,2.337500095,2.36500001,2.327500105,2.352499962,2.253321171,2586836
23/08/2016,2.352499962,2.359999895,2.337500095,2.345000029,2.246137381,2969724
24/08/2016,2.339999914,2.36500001,2.325000048,2.355000019,2.255715847,5953424
25/08/2016,2.359999895,2.369999886,2.342499971,2.345000029,2.246137381,2509132
26/08/2016,2.349999905,2.357500076,2.337500095,2.352499962,2.253321171,1907752
29/08/2016,2.352499962,2.372499943,2.339999914,2.355000019,2.255715847,3238608
30/08/2016,2.355000019,2.355000019,2.355000019,2.355000019,2.255715847,0
31/08/2016,2.359999895,2.375,2.355000019,2.362499952,2.26289916,3659176
01/09/2016,2.36500001,2.397500038,2.352499962,2.387500048,2.286846161,7143580
02/09/2016,2.38499999,2.412499905,2.382499933,2.404999971,2.303608179,4576528
05/09/2016,2.417500019,2.442500114,2.417500019,2.422499895,2.320370436,3445176
06/09/2016,2.432499886,2.450000048,2.422499895,2.434999943,2.332343102,2471908
07/09/2016,2.442500114,2.442500114,2.407500029,2.414999962,2.313186646,2376232
08/09/2016,2.410000086,2.42750001,2.397500038,2.410000086,2.308397532,2671244
09/09/2016,2.407500029,2.412499905,2.382499933,2.397500038,2.296424389,2395876
12/09/2016,2.397500038,2.397500038,2.397500038,2.397500038,2.296424389,0
13/09/2016,2.397500038,2.397500038,2.397500038,2.397500038,2.296424389,0
14/09/2016,2.397500038,2.397500038,2.397500038,2.397500038,2.296424389,0
15/09/2016,2.397500038,2.397500038,2.397500038,2.397500038,2.296424389,0
16/09/2016,2.402499914,2.414999962,2.36500001,2.369999886,2.270083189,1592644
19/09/2016,2.372499943,2.412499905,2.372499943,2.412499905,2.310791731,2618364
20/09/2016,2.410000086,2.412499905,2.387500048,2.392499924,2.291634798,1281244
21/09/2016,2.397500038,2.404999971,2.372499943,2.38499999,2.284451246,2503288
22/09/2016,2.400000095,2.424999952,2.392499924,2.420000076,2.317975521,3417140
23/09/2016,2.420000076,2.430000067,2.407500029,2.42750001,2.325159311,3949636
26/09/2016,2.355000019,2.375,2.327500105,2.337500095,2.242186546,5372728
27/09/2016,2.337500095,2.367500067,2.337500095,2.355000019,2.258972883,2463204
28/09/2016,2.357500076,2.369999886,2.357500076,2.357500076,2.261370897,1662296
29/09/2016,2.359999895,2.36500001,2.347500086,2.36500001,2.268565893,1250768
30/09/2016,2.362499952,2.36500001,2.339999914,2.352499962,2.256574869,2667240
03/10/2016,2.359999895,2.372499943,2.355000019,2.367500067,2.27096343,2601000
04/10/2016,2.375,2.377500057,2.352499962,2.355000019,2.258972883,5545568
05/10/2016,2.355000019,2.359999895,2.345000029,2.359999895,2.26376915,2611860
06/10/2016,2.359999895,2.372499943,2.355000019,2.359999895,2.26376915,3004536
07/10/2016,2.362499952,2.375,2.352499962,2.369999886,2.273361206,2026604
10/10/2016,2.375,2.400000095,2.357500076,2.367500067,2.27096343,3912180
11/10/2016,2.372499943,2.372499943,2.355000019,2.36500001,2.268565893,3383904
12/10/2016,2.369999886,2.375,2.347500086,2.367500067,2.27096343,2877360
13/10/2016,2.367500067,2.367500067,2.329999924,2.357500076,2.261370897,3667632
14/10/2016,2.355000019,2.359999895,2.335000038,2.359999895,2.26376915,1821956
17/10/2016,2.357500076,2.359999895,2.345000029,2.352499962,2.256574869,1749540
18/10/2016,2.352499962,2.369999886,2.352499962,2.359999895,2.26376915,2163828
19/10/2016,2.36500001,2.392499924,2.359999895,2.38499999,2.287750006,5649460
20/10/2016,2.387500048,2.400000095,2.38499999,2.392499924,2.294944286,3097744
21/10/2016,2.392499924,2.392499924,2.369999886,2.387500048,2.290147781,4223748
24/10/2016,2.390000105,2.410000086,2.382499933,2.390000105,2.292546511,7900020
25/10/2016,2.392499924,2.410000086,2.390000105,2.390000105,2.292546511,4135132
26/10/2016,2.394999981,2.400000095,2.372499943,2.382499933,2.285351992,3615300
27/10/2016,2.382499933,2.390000105,2.36500001,2.367500067,2.27096343,2913016
28/10/2016,2.369999886,2.375,2.359999895,2.367500067,2.27096343,1669876
31/10/2016,2.367500067,2.372499943,2.349999905,2.349999905,2.254176855,1731968
01/11/2016,2.357500076,2.369999886,2.347500086,2.349999905,2.254176855,5211416
02/11/2016,2.362499952,2.36500001,2.332499981,2.349999905,2.254176855,3132052
03/11/2016,2.355000019,2.362499952,2.335000038,2.355000019,2.258972883,2954052
04/11/2016,2.345000029,2.349999905,2.332499981,2.347500086,2.251778841,4606728
07/11/2016,2.349999905,2.380000114,2.349999905,2.355000019,2.258972883,2704280
08/11/2016,2.355000019,2.400000095,2.355000019,2.380000114,2.282953739,8731216
09/11/2016,2.380000114,2.50999999,2.362499952,2.474999905,2.374080181,18136692
10/11/2016,2.482500076,2.657500029,2.464999914,2.587500095,2.481992722,30766120
11/11/2016,2.587500095,2.625,2.527499914,2.589999914,2.484390974,18549768
14/11/2016,2.595000029,2.640000105,2.595000029,2.625,2.517963648,16112568
15/11/2016,2.627500057,2.63499999,2.599999905,2.609999895,2.503575087,10671484
16/11/2016,2.609999895,2.664999962,2.605000019,2.625,2.517963648,13968860
17/11/2016,2.632499933,2.724999905,2.630000114,2.692500114,2.582711458,19291308
18/11/2016,2.694999933,2.75,2.690000057,2.714999914,2.604293823,16622968
21/11/2016,2.727499962,2.732500076,2.672499895,2.674999952,2.565924883,12472256
22/11/2016,2.67750001,2.694999933,2.664999962,2.6875,2.577915192,7652112
23/11/2016,2.692500114,2.737499952,2.692500114,2.737499952,2.625876665,8528420
24/11/2016,2.74000001,2.857500076,2.74000001,2.825000048,2.709808826,17689296
25/11/2016,2.837500095,2.849999905,2.702500105,2.772500038,2.659449339,17582088
28/11/2016,2.799999952,2.8125,2.710000038,2.712500095,2.601895809,10341104
29/11/2016,2.712500095,2.762500048,2.702500105,2.74000001,2.628274679,12984280
30/11/2016,2.75,2.772500038,2.724999905,2.765000105,2.652255058,6794808
01/12/2016,2.762500048,2.775000095,2.684999943,2.704999924,2.597990274,6260728
02/12/2016,2.704999924,2.772500038,2.684999943,2.772500038,2.662820101,6151676
05/12/2016,2.772500038,2.80250001,2.75,2.765000105,2.655616522,4289692
06/12/2016,2.775000095,2.792500019,2.767499924,2.779999971,2.670022964,8805356
07/12/2016,2.792500019,2.819999933,2.769999981,2.785000086,2.674824953,9618144
08/12/2016,2.795000076,2.799999952,2.742500067,2.769999981,2.660418987,4927268
09/12/2016,2.772500038,2.785000086,2.75,2.769999981,2.660418987,2633968
12/12/2016,2.765000105,2.797499895,2.765000105,2.792500019,2.682029009,4762888
13/12/2016,2.80250001,2.807499886,2.779999971,2.787499905,2.677225828,4595600
14/12/2016,2.789999962,2.807499886,2.779999971,2.787499905,2.677225828,3766848
15/12/2016,2.775000095,2.862499952,2.772500038,2.859999895,2.746858597,6708796
16/12/2016,2.86500001,2.974999905,2.859999895,2.970000029,2.852506638,11732600
19/12/2016,2.984999895,3.112499952,2.974999905,2.984999895,2.866913319,16009144
20/12/2016,2.99000001,3.059999943,2.99000001,3.057499886,2.936545134,10809492
21/12/2016,3.067500114,3.087500095,3.027499914,3.042500019,2.922138214,7576880
22/12/2016,3.05250001,3.059999943,2.992500067,3.015000105,2.895726919,6404156
23/12/2016,3.022500038,3.027499914,2.982500076,2.982500076,2.864512444,5634840
26/12/2016,2.992500067,3.042500019,2.992500067,3.037499905,2.917336464,4536164
27/12/2016,3.037499905,3.057499886,3.012500048,3.027499914,2.907732248,5265476
28/12/2016,3.029999971,3.047499895,3.015000105,3.022500038,2.902930021,4722980
29/12/2016,3.025000095,3.039999962,3.017499924,3.022500038,2.902930021,4993108
30/12/2016,3.035000086,3.275000095,2.994999886,3.17750001,3.051798344,7025200
02/01/2017,3.105000019,3.11500001,3.045000076,3.059999943,2.938946247,10500068
03/01/2017,3.0625,3.077500105,3.012500048,3.012500048,2.893325329,5284896
04/01/2017,3.019999981,3.0625,3.019999981,3.039999962,2.919737339,5244584
05/01/2017,3.057499886,3.077500105,3.025000095,3.067500114,2.946150064,7950348
06/01/2017,3.067500114,3.107500076,3.049999952,3.092499971,2.970160484,7490320
09/01/2017,3.095000029,3.267499924,3.095000029,3.247499943,3.119028568,18654444
10/01/2017,3.25,3.377500057,3.25,3.3125,3.181457281,19747472
11/01/2017,3.325000048,3.339999914,3.277499914,3.277499914,3.14784193,9026632
12/01/2017,3.297499895,3.325000048,3.282500029,3.289999962,3.15984726,9411104
13/01/2017,3.299999952,3.32249999,3.279999971,3.295000076,3.164649963,8472752
16/01/2017,3.3125,3.444999933,3.305000067,3.424999952,3.289506912,23210096
17/01/2017,3.430000067,3.587500095,3.387500048,3.525000095,3.385550976,25730780
18/01/2017,3.535000086,3.582499981,3.454999924,3.472500086,3.335127592,23639592
19/01/2017,3.477499962,3.529999971,3.38499999,3.420000076,3.284704924,15071784
20/01/2017,3.434999943,3.484999895,3.394999981,3.430000067,3.294309378,18463284
23/01/2017,3.44749999,3.470000029,3.414999962,3.424999952,3.289506912,7545816
24/01/2017,3.430000067,3.440000057,3.377500057,3.377500057,3.243886709,8744824
25/01/2017,3.387500048,3.394999981,3.265000105,3.265000105,3.13583684,16315196
26/01/2017,3.272500038,3.417500019,3.182499886,3.359999895,3.227078199,37647984
27/01/2017,3.369999886,3.402499914,3.325000048,3.329999924,3.198265553,9689508
30/01/2017,3.315000057,3.402499914,3.305000067,3.394999981,3.26069355,11211408
31/01/2017,3.407500029,3.482500076,3.404999971,3.414999962,3.279902458,18512936
01/02/2017,3.420000076,3.442500114,3.400000095,3.420000076,3.284704924,7619964
02/02/2017,3.4375,3.467499971,3.400000095,3.404999971,3.270298004,9679512
03/02/2017,3.417500019,3.434999943,3.394999981,3.412499905,3.277501345,5660196
06/02/2017,3.432499886,3.529999971,3.424999952,3.505000114,3.366342306,33003020
07/02/2017,3.50999999,3.545000076,3.464999914,3.5,3.361540318,15429812
08/02/2017,3.517499924,3.525000095,3.462500095,3.480000019,3.342331409,11320480
09/02/2017,3.487499952,3.497499943,3.464999914,3.474999905,3.337528944,5135760
10/02/2017,3.487499952,3.529999971,3.467499971,3.484999895,3.347133398,9821480
13/02/2017,3.494999886,3.517499924,3.482500076,3.482500076,3.344732523,10804660
14/02/2017,3.487499952,3.497499943,3.400000095,3.444999933,3.30871582,13687644
15/02/2017,3.452500105,3.467499971,3.355000019,3.367500067,3.23428154,16702992
16/02/2017,3.387500048,3.414999962,3.325000048,3.337500095,3.205468178,13487812
17/02/2017,3.347500086,3.369999886,3.325000048,3.337500095,3.205468178,12121780
20/02/2017,3.357500076,3.387500048,3.329999924,3.337500095,3.205468178,11323388
21/02/2017,3.400000095,3.507499933,3.400000095,3.480000019,3.342331409,56445904
22/02/2017,3.494999886,3.5,3.454999924,3.472500086,3.335127592,14447244
23/02/2017,3.487499952,3.549999952,3.474999905,3.549999952,3.409561634,30706688
24/02/2017,3.555000067,3.582499981,3.532500029,3.549999952,3.409561634,14441836
27/02/2017,3.5625,3.654999971,3.537499905,3.644999981,3.500803709,23181464
28/02/2017,3.647500038,3.80250001,3.647500038,3.787499905,3.637666464,31958184
01/03/2017,3.799999952,4.019999981,3.775000095,3.997499943,3.839358568,45710308
02/03/2017,4.007500172,4.147500038,3.920000076,3.942500114,3.786534548,57671632
03/03/2017,3.957499981,4.010000229,3.944999933,3.944999933,3.788935423,22629004
06/03/2017,3.967499971,3.982500076,3.930000067,3.972500086,3.815348387,14625396
07/03/2017,3.994999886,4.137499809,3.980000019,4.119999886,3.957012653,34217468
08/03/2017,4.137499809,4.224999905,4.135000229,4.195000172,4.029046059,31935748
09/03/2017,4.042500019,4.212500095,3.962500095,4.137499809,3.973819971,46751048
10/03/2017,4.15500021,4.210000038,4.137499809,4.204999924,4.038650036,16513460
13/03/2017,4.215000153,4.337500095,4.215000153,4.329999924,4.158705711,18232472
14/03/2017,4.377500057,4.542500019,4.377500057,4.474999905,4.297968864,47565144
15/03/2017,4.507500172,4.542500019,4.425000191,4.440000057,4.264353275,25309668
16/03/2017,4.4375,4.465000153,4.324999809,4.387499809,4.21393013,27100192
17/03/2017,4.380000114,4.380000114,4.142499924,4.337500095,4.16590786,60292396
20/03/2017,4.367499828,4.412499905,4.337500095,4.369999886,4.197122574,18655700
21/03/2017,4.385000229,4.400000095,4.264999866,4.264999866,4.096276283,31692624
22/03/2017,4.25,4.34250021,4.15500021,4.28249979,4.113083839,37553720
23/03/2017,4.297500134,4.332499981,4.267499924,4.284999847,4.115485191,13549744
24/03/2017,4.292500019,4.304999828,4.269999981,4.284999847,4.115485191,9097664
27/03/2017,4.295000076,4.297500134,4.202499866,4.204999924,4.038650036,13868660
28/03/2017,4.21750021,4.257500172,4.190000057,4.224999905,4.057858467,10755368
29/03/2017,4.21750021,4.304999828,4.182499886,4.284999847,4.115485191,23530368
30/03/2017,4.332499981,4.360000134,4.302499771,4.3125,4.141897202,15097052
31/03/2017,4.324999809,4.327499866,4.247499943,4.247499943,4.079469204,14881932
03/04/2017,4.25,4.287499905,4.239999771,4.284999847,4.115485191,11337236
04/04/2017,4.287499905,4.317500114,4.267499924,4.272500038,4.103479862,11951172
05/04/2017,4.28249979,4.304999828,4.269999981,4.289999962,4.120287895,22144772
06/04/2017,4.292500019,4.3125,4.244999886,4.247499943,4.079469204,13857016
07/04/2017,4.267499924,4.300000191,4.25,4.25,4.081869602,9688988
10/04/2017,4.272500038,4.307499886,4.252500057,4.287499905,4.11788702,14909396
11/04/2017,4.295000076,4.300000191,4.269999981,4.269999981,4.101078987,9281540
12/04/2017,4.275000095,4.289999962,4.262499809,4.28000021,4.110682964,8112796
13/04/2017,4.287499905,4.292500019,4.224999905,4.224999905,4.057858467,13638684
14/04/2017,4.224999905,4.255000114,4.182499886,4.242499828,4.074666023,8459156
17/04/2017,4.272500038,4.309999943,4.272500038,4.28000021,4.110682964,6938156
18/04/2017,4.275000095,4.307499886,4.257500172,4.307499886,4.137094975,15850172
19/04/2017,4.324999809,4.534999847,4.324999809,4.507500172,4.329182625,68905000
20/04/2017,4.537499905,4.804999828,4.537499905,4.792500019,4.602908611,59177708
21/04/2017,4.837500095,4.90500021,4.690000057,4.699999809,4.51406765,60437852
24/04/2017,4.737500191,4.78000021,4.699999809,4.699999809,4.51406765,18843548
25/04/2017,4.71750021,4.724999905,4.650000095,4.675000191,4.490056992,25885096
26/04/2017,4.679999828,4.767499924,4.664999962,4.702499866,4.516468048,22578188
27/04/2017,4.712500095,4.744999886,4.704999924,4.707499981,4.521271706,13233200
28/04/2017,4.71750021,4.892499924,4.679999828,4.882500172,4.689348221,45234432
01/05/2017,4.882500172,4.882500172,4.882500172,4.882500172,4.689348221,0
02/05/2017,4.949999809,5.295000076,4.949999809,5.170000076,4.965475082,87176012
03/05/2017,5.215000153,5.269999981,5.054999828,5.070000172,4.869431019,38884532
04/05/2017,5.079999924,5.230000019,5.045000076,5.224999905,5.018298626,45445428
05/05/2017,5.275000095,5.445000172,5.230000019,5.295000076,5.085529327,76843328
08/05/2017,5.340000153,5.394999981,5.269999981,5.284999847,5.075924873,31673480
09/05/2017,5.369999886,5.400000095,5.210000038,5.224999905,5.018298626,51183520
10/05/2017,5.230000019,5.28000021,5.099999905,5.244999886,5.037507534,66297620
11/05/2017,5.275000095,5.289999962,5.179999828,5.184999943,4.979881763,38118916
12/05/2017,5.210000038,5.235000134,5.130000114,5.159999847,4.955870152,19720764
15/05/2017,5.179999828,5.340000153,5.150000095,5.300000191,5.090332031,56627732
16/05/2017,5.329999924,5.554999828,5.329999924,5.5,5.282419682,101239488
17/05/2017,5.53000021,5.639999866,5.485000134,5.519999981,5.301629066,78669772
18/05/2017,5.489999771,5.514999866,5.239999771,5.320000172,5.109541416,70999716
19/05/2017,5.320000172,5.320000172,5.320000172,5.320000172,5.109541416,0
22/05/2017,5.360000134,5.385000229,5.239999771,5.25,5.042309761,46351300
23/05/2017,5.25,5.394999981,5.204999924,5.335000038,5.12394762,58229008
24/05/2017,5.364999771,5.440000057,5.335000038,5.335000038,5.12394762,39028092
25/05/2017,5.355000019,5.369999886,5.304999828,5.304999828,5.095133781,22941568
26/05/2017,5.309999943,5.364999771,5.264999866,5.320000172,5.109541416,31105484
29/05/2017,5.34499979,5.380000114,5.335000038,5.34499979,5.133550644,15159172
30/05/2017,5.355000019,5.375,5.315000057,5.335000038,5.12394762,16314592
31/05/2017,5.364999771,5.485000134,5.324999809,5.485000134,5.268013954,94000052
01/06/2017,5.5,5.590000153,5.414999962,5.53000021,5.311233044,73417572
02/06/2017,5.550000191,5.570000172,5.5,5.5,5.282419682,27308092
05/06/2017,5.510000229,5.545000076,5.465000153,5.480000019,5.26321125,24822372
06/06/2017,5.489999771,5.519999981,5.46999979,5.510000229,5.292024136,20709176
07/06/2017,5.525000095,5.534999847,5.460000038,5.460000038,5.244001389,21683940
08/06/2017,5.46999979,5.489999771,5.460000038,5.465000153,5.254859924,9985064
09/06/2017,5.474999905,5.579999924,5.46999979,5.514999866,5.302937031,35804492
12/06/2017,5.525000095,5.559999943,5.505000114,5.525000095,5.312554359,17333904
13/06/2017,5.539999962,5.550000191,5.489999771,5.505000114,5.293322563,12892344
14/06/2017,5.514999866,5.539999962,5.5,5.5,5.288514137,9116036
15/06/2017,5.5,5.53000021,5.460000038,5.514999866,5.302937031,14245256
16/06/2017,5.514999866,5.539999962,5.460000038,5.460000038,5.250052929,14924452
19/06/2017,5.474999905,5.485000134,5.449999809,5.449999809,5.240437031,9053324
20/06/2017,5.460000038,5.485000134,5.420000076,5.425000191,5.216399193,8773156
21/06/2017,5.429999828,5.519999981,5.385000229,5.494999886,5.283707142,19619124
22/06/2017,5.519999981,5.525000095,5.480000019,5.519999981,5.307745934,12140812
23/06/2017,5.53000021,5.539999962,5.505000114,5.505000114,5.293322563,11821884
26/06/2017,5.505000114,5.505000114,5.505000114,5.505000114,5.293322563,0
27/06/2017,5.505000114,5.505000114,5.505000114,5.505000114,5.293322563,0
28/06/2017,5.514999866,5.53000021,5.485000134,5.5,5.288514137,11555236
29/06/2017,5.510000229,5.559999943,5.480000019,5.485000134,5.274091721,15549228
30/06/2017,5.485000134,5.5,5.465000153,5.465000153,5.254859924,9253464
03/07/2017,5.474999905,5.519999981,5.449999809,5.449999809,5.240437031,19263652
04/07/2017,5.454999924,5.480000019,5.425000191,5.425000191,5.216399193,11895224
05/07/2017,5.440000057,5.449999809,5.369999886,5.369999886,5.163512707,11650304
06/07/2017,5.380000114,5.465000153,5.380000114,5.40500021,5.197167397,14674196
07/07/2017,5.420000076,5.434999943,5.375,5.380000114,5.173128605,8445952
10/07/2017,5.400000095,5.420000076,5.385000229,5.389999866,5.182744026,8010968
11/07/2017,5.394999981,5.474999905,5.369999886,5.434999943,5.226014137,17010280
12/07/2017,5.454999924,5.489999771,5.40500021,5.409999847,5.201974869,13026348
13/07/2017,5.425000191,5.474999905,5.389999866,5.414999962,5.206781864,17238176
14/07/2017,5.429999828,5.445000172,5.400000095,5.420000076,5.211591244,10196080
17/07/2017,5.434999943,5.505000114,5.425000191,5.505000114,5.293322563,21646948
18/07/2017,5.525000095,5.869999886,5.525000095,5.864999771,5.639479637,100354200
19/07/2017,5.889999866,6.090000153,5.889999866,5.994999886,5.764479637,83669240
20/07/2017,6.014999866,6.025000095,5.769999981,5.784999847,5.56255579,59527140
21/07/2017,5.784999847,5.880000114,5.675000191,5.849999905,5.625056744,54322136
24/07/2017,5.894999981,6.025000095,5.889999866,5.965000153,5.735634327,42773680
25/07/2017,6.005000114,6.050000191,5.965000153,5.974999905,5.745249271,40481648
26/07/2017,5.985000134,6.050000191,5.974999905,6.010000229,5.778904438,22682552
27/07/2017,6.059999943,6.119999886,6.034999847,6.074999809,5.841404915,34263276
28/07/2017,6.085000038,6.15500021,6.074999809,6.079999924,5.84621191,23885396
31/07/2017,6.105000019,6.110000134,6.014999866,6.014999866,5.783711433,19430872
01/08/2017,6.050000191,6.09499979,5.985000134,5.994999886,5.764479637,19940992
02/08/2017,6.019999981,6.070000172,5.985000134,6.025000095,5.793327808,19648680
03/08/2017,6.050000191,6.070000172,6.014999866,6.025000095,5.793327808,12269304
04/08/2017,6.034999847,6.119999886,6.019999981,6.119999886,5.884674072,29496660
07/08/2017,6.179999828,6.494999886,6.175000191,6.449999809,6.201984882,55844012
08/08/2017,6.485000134,6.585000038,6.385000229,6.480000019,6.230831146,47306232
09/08/2017,6.474999905,6.545000076,6.420000076,6.545000076,6.293331623,24969436
10/08/2017,6.585000038,6.739999771,6.585000038,6.664999962,6.408717632,32983228
11/08/2017,6.675000191,6.690000057,6.5,6.59499979,6.341409206,31648132
14/08/2017,6.650000095,6.815000057,6.650000095,6.795000076,6.53371954,31594896
15/08/2017,6.835000038,6.860000134,6.690000057,6.735000134,6.476026535,30760296
16/08/2017,6.744999886,6.764999866,6.485000134,6.659999847,6.403909683,32320972
17/08/2017,6.710000038,6.730000019,6.554999828,6.590000153,6.336602211,22694788
18/08/2017,6.570000172,6.659999847,6.510000229,6.625,6.370255947,14384276
21/08/2017,6.650000095,6.690000057,6.599999905,6.635000229,6.379872322,17615896
22/08/2017,6.65500021,6.670000076,6.545000076,6.550000191,6.298140049,22802036
23/08/2017,6.570000172,6.715000153,6.519999981,6.690000057,6.432755947,27941812
24/08/2017,6.71999979,6.809999943,6.664999962,6.690000057,6.432755947,34928060
25/08/2017,6.690000057,6.715000153,6.639999866,6.650000095,6.394295692,11528380
28/08/2017,6.675000191,6.675000191,6.625,6.625,6.370255947,8031448
29/08/2017,6.625,6.730000019,6.614999771,6.675000191,6.41833353,9882368
30/08/2017,6.675000191,6.675000191,6.675000191,6.675000191,6.41833353,0
31/08/2017,6.679999828,6.75,6.679999828,6.75,6.490448952,7637028
01/09/2017,6.75,6.75,6.75,6.75,6.490448952,0
04/09/2017,6.75,6.75,6.75,6.75,6.490448952,0
05/09/2017,6.75,6.815000057,6.675000191,6.675000191,6.41833353,18207732
06/09/2017,6.684999943,6.739999771,6.650000095,6.724999905,6.466411114,11276608
07/09/2017,6.739999771,6.775000095,6.690000057,6.710000038,6.45198822,13856212
08/09/2017,6.730000019,6.735000134,6.659999847,6.690000057,6.432755947,11492648
11/09/2017,6.715000153,6.789999962,6.695000172,6.769999981,6.509680748,20493596
12/09/2017,6.795000076,6.840000153,6.769999981,6.775000095,6.514488697,23493324
13/09/2017,6.795000076,6.989999771,6.78000021,6.869999886,6.605835915,56915944
14/09/2017,6.900000095,6.949999809,6.809999943,6.855000019,6.597454071,23329396
15/09/2017,6.880000114,6.900000095,6.835000038,6.835000038,6.578206539,16830632
18/09/2017,6.860000134,6.875,6.690000057,6.724999905,6.4723382,16463348
19/09/2017,6.715000153,6.739999771,6.525000095,6.599999905,6.352034569,20376468
20/09/2017,6.610000134,6.695000172,6.550000191,6.695000172,6.44346571,13848480
21/09/2017,6.664999962,6.699999809,6.574999809,6.590000153,6.342411041,11801444
22/09/2017,6.625,6.650000095,6.539999962,6.550000191,6.303913593,12246400
25/09/2017,6.514999866,6.514999866,5.900000095,6.110000134,5.880444527,50426484
26/09/2017,6.119999886,6.289999962,6.119999886,6.260000229,6.024809361,28970780
27/09/2017,6.28000021,6.315000057,6.199999809,6.28000021,6.044056892,22800960
28/09/2017,6.284999847,6.619999886,6.260000229,6.585000038,6.337599754,32343468
29/09/2017,6.599999905,6.704999924,6.539999962,6.574999809,6.327973843,25956920
02/10/2017,6.59499979,6.735000134,6.559999943,6.675000191,6.424217224,20957088
03/10/2017,6.695000172,6.71999979,6.585000038,6.644999981,6.395344734,20221476
04/10/2017,6.690000057,6.704999924,6.650000095,6.664999962,6.41459322,14971868
05/10/2017,6.679999828,6.690000057,6.59499979,6.59499979,6.347222805,14856032
06/10/2017,6.585000038,6.670000076,6.480000019,6.630000114,6.380907536,25502388
09/10/2017,6.199999809,6.570000172,6.114999771,6.46999979,6.226919174,27565936
10/10/2017,6.574999809,6.675000191,6.574999809,6.630000114,6.380907536,18413176
11/10/2017,6.635000229,6.670000076,6.585000038,6.610000134,6.361659527,15546148
12/10/2017,6.664999962,6.789999962,6.664999962,6.755000114,6.50121069,29206080
13/10/2017,6.775000095,6.900000095,6.775000095,6.889999866,6.631140232,31810788
16/10/2017,6.929999828,7.170000076,6.929999828,7.074999809,6.809188843,42443540
17/10/2017,7.105000019,7.215000153,7.090000153,7.175000191,6.905432224,26487348
18/10/2017,7.215000153,7.255000114,7.164999962,7.175000191,6.905432224,23157444
19/10/2017,7.215000153,7.244999886,7.190000057,7.230000019,6.958365917,13321820
20/10/2017,7.255000114,7.465000153,7.255000114,7.440000057,7.160476685,36430960
23/10/2017,7.465000153,7.735000134,7.465000153,7.735000134,7.444392681,46539088
24/10/2017,7.75,8.18999958,7.739999771,7.875,7.57913208,122430392
25/10/2017,7.96999979,8.06000042,7.809999943,7.885000229,7.588756561,41748820
26/10/2017,7.914999962,8.095000267,7.829999924,8.055000305,7.752370834,51309876
27/10/2017,8.074999809,8.119999886,8.015000343,8.039999962,7.737934113,33222028
30/10/2017,8.130000114,8.199999809,8.095000267,8.154999733,7.848612785,34821536
31/10/2017,8.220000267,8.520000458,8.170000076,8.484999657,8.166213989,58243896
01/11/2017,8.484999657,8.489999771,8.300000191,8.319999695,8.007413864,61755360
02/11/2017,8.359999657,8.529999733,8.359999657,8.489999771,8.17102623,50389892
03/11/2017,8.5,8.869999886,8.494999886,8.845000267,8.51268959,111035784
06/11/2017,8.949999809,10.34500027,8.949999809,9.625,9.263385773,206613000
07/11/2017,9.824999809,10.07499981,9.56000042,9.715000153,9.350004196,112950124
08/11/2017,9.805000305,9.949999809,9.524999619,9.850000381,9.479930878,84558220
09/11/2017,9.93999958,10.04500008,9.805000305,9.824999809,9.455868721,73049236
10/11/2017,9.840000153,9.994999886,9.614999771,9.93999958,9.566550255,73420276
13/11/2017,10.01000023,10.52499962,10.01000023,10.52499962,10.12957191,109347804
14/11/2017,10.57499981,11.40499973,10.57499981,11.31499958,10.88988972,187285832
15/11/2017,11.39999962,11.81499958,9.079999924,10.02999973,9.653169632,223072944
16/11/2017,9.475000381,9.975000381,8.055000305,8.090000153,7.786052704,145910404
17/11/2017,7.599999905,8.444999695,7.235000134,8.404999733,8.089220047,164130672
20/11/2017,8.529999733,8.850000381,8.06499958,8.31499958,8.002599716,91021764
21/11/2017,8.225000381,8.460000038,8.050000191,8.319999695,8.007413864,57410020
22/11/2017,8.345000267,8.369999886,8.104999542,8.194999695,7.88710928,30312784
23/11/2017,8.274999619,8.300000191,8.0,8.039999962,7.737934113,21843368
24/11/2017,7.974999905,8.274999619,7.635000229,8.06000042,7.757183075,53090872
27/11/2017,8.095000267,8.225000381,7.974999905,8.06000042,7.757183075,19215824
28/11/2017,8.06000042,8.154999733,7.5,7.510000229,7.227845669,36785456
29/11/2017,7.494999886,7.619999886,7.224999905,7.5,7.218222141,44746628
30/11/2017,7.534999847,8.324999809,7.534999847,8.324999809,8.012226105,65484708
01/12/2017,8.510000229,8.694999695,8.085000038,8.25,7.940043926,96839536
04/12/2017,8.300000191,8.340000153,8.125,8.164999962,7.858237267,47433404
05/12/2017,8.229999542,8.25,7.889999866,8.06000042,7.757183075,51661424
06/12/2017,8.050000191,8.079999924,7.900000095,7.909999847,7.612818241,27750404
07/12/2017,7.909999847,8.034999847,7.875,7.949999809,7.651314735,28006820
08/12/2017,7.980000019,8.404999733,7.96999979,8.380000114,8.065158844,76013848
11/12/2017,8.505000114,8.520000458,8.274999619,8.354999542,8.041099548,82545424
12/12/2017,8.324999809,8.395000458,8.175000191,8.18999958,7.882298946,48356736
13/12/2017,8.199999809,8.284999847,8.050000191,8.050000191,7.747557163,40818444
14/12/2017,8.114999771,8.225000381,8.100000381,8.154999733,7.854751587,35748608
15/12/2017,8.180000305,8.420000076,8.159999847,8.255000114,7.951072216,63379920
18/12/2017,8.289999962,8.335000038,8.180000305,8.18500042,7.883648872,37279612
19/12/2017,8.194999695,8.225000381,8.090000153,8.104999542,7.806591988,30487172
20/12/2017,8.114999771,8.194999695,8.06000042,8.109999657,7.81140995,28373640
21/12/2017,8.140000343,8.18999958,8.034999847,8.06000042,7.763249874,29689104
22/12/2017,8.095000267,8.119999886,8.034999847,8.034999847,7.739169598,20106832
25/12/2017,8.109999657,8.18999958,8.069999695,8.104999542,7.806591988,25175240
26/12/2017,8.140000343,8.164999962,8.090000153,8.104999542,7.806591988,19139692
27/12/2017,7.369999886,7.815000057,7.320000172,7.644999981,7.363527775,118080900
28/12/2017,7.664999962,7.715000153,7.625,7.635000229,7.353897095,26564700
29/12/2017,7.65500021,7.980000019,7.625,7.949999809,7.657299042,72849104
01/01/2018,7.949999809,7.949999809,7.949999809,7.949999809,7.657299042,0
02/01/2018,8.215000153,8.335000038,8.175000191,8.234999657,7.931806087,56378156
03/01/2018,8.239999771,8.25,8.0,8.0,7.705459118,31648532
04/01/2018,8.0,8.210000038,8.0,8.055000305,7.758434772,43287756
05/01/2018,8.090000153,8.159999847,8.069999695,8.079999924,7.782513618,29347116
08/01/2018,8.18500042,8.210000038,8.114999771,8.119999886,7.821041107,17833648
09/01/2018,8.119999886,8.140000343,8.0,8.0,7.705459118,17330580
10/01/2018,8.0,8.055000305,7.909999847,7.929999828,7.638035774,19090612
11/01/2018,7.954999924,8.039999962,7.929999828,8.029999733,7.734354496,18120104
12/01/2018,8.050000191,8.109999657,7.965000153,7.96999979,7.676563263,27949180
15/01/2018,7.96999979,8.024999619,7.739999771,7.755000114,7.469479084,16769276
16/01/2018,7.809999943,8.085000038,7.78000021,8.06499958,7.768064976,47128936
17/01/2018,8.074999809,8.090000153,7.940000057,7.974999905,7.681379795,24145872
18/01/2018,8.0,8.050000191,7.980000019,8.010000229,7.715091705,23010116
19/01/2018,8.024999619,8.06000042,7.929999828,7.929999828,7.638035774,25948800
22/01/2018,7.949999809,8.050000191,7.945000172,7.985000134,7.691011906,20044392
23/01/2018,8.015000343,8.029999733,7.960000038,7.96999979,7.676563263,19807772
24/01/2018,7.974999905,8.68999958,7.949999809,8.550000191,8.235210419,196047512
25/01/2018,8.675000191,8.739999771,8.18999958,8.220000267,7.917359829,105219916
26/01/2018,8.270000458,8.295000076,8.055000305,8.140000343,7.840305805,53153012
29/01/2018,8.170000076,8.220000267,8.125,8.145000458,7.84512043,19536256
30/01/2018,8.125,8.454999924,8.119999886,8.265000343,7.960702419,58512764
31/01/2018,8.324999809,8.43500042,8.289999962,8.31000042,8.004045486,39261508
01/02/2018,8.399999619,8.465000153,8.31000042,8.350000381,8.042571068,41713704
02/02/2018,8.369999886,8.399999619,8.159999847,8.215000153,7.912543774,21373092
05/02/2018,8.215000153,8.225000381,8.069999695,8.074999809,7.777697563,20566800
06/02/2018,7.925000191,8.005000114,7.815000057,7.925000191,7.633220673,37679776
07/02/2018,7.974999905,8.079999924,7.974999905,7.980000019,7.68619585,23014504
08/02/2018,7.985000134,7.994999886,7.75,7.75,7.464663506,26891056
09/02/2018,7.675000191,7.795000076,7.505000114,7.75,7.464663506,20585884
12/02/2018,7.835000038,7.869999886,7.75,7.75,7.464663506,12741688
13/02/2018,7.800000191,7.835000038,7.625,7.625,7.344265461,26002276
14/02/2018,7.699999809,8.135000229,7.639999866,8.130000114,7.830672741,117908760
15/02/2018,8.175000191,8.229999542,7.980000019,7.985000134,7.691011906,55663608
16/02/2018,8.024999619,8.154999733,8.005000114,8.039999962,7.743986607,42051964
19/02/2018,8.090000153,8.350000381,8.055000305,8.079999924,7.782513618,83554212
20/02/2018,8.135000229,8.220000267,7.800000191,7.829999924,7.541718006,29423696
21/02/2018,8.06000042,8.119999886,7.864999771,8.114999771,7.816224575,59805452
22/02/2018,8.06000042,8.100000381,7.985000134,8.039999962,7.743986607,30740856
23/02/2018,8.074999809,8.090000153,8.015000343,8.039999962,7.743986607,12570072
26/02/2018,8.06499958,8.159999847,8.045000076,8.069999695,7.772881508,27426588
27/02/2018,7.875,7.980000019,7.795000076,7.864999771,7.57542944,30706080
28/02/2018,7.880000114,7.880000114,7.789999962,7.815000057,7.52726984,12546888
01/03/2018,7.789999962,7.840000153,7.635000229,7.659999847,7.377977371,20071720
02/03/2018,7.65500021,7.710000038,7.559999943,7.574999809,7.296106815,16317844
05/03/2018,7.610000134,7.760000229,7.565000057,7.664999962,7.382793427,20954416
06/03/2018,7.715000153,7.735000134,7.559999943,7.559999943,7.281659126,9936204
07/03/2018,7.605000019,7.635000229,7.559999943,7.585000038,7.305738449,8595972
08/03/2018,7.59499979,7.610000134,7.559999943,7.559999943,7.281659126,5609428
09/03/2018,7.599999905,7.639999866,7.554999828,7.605000019,7.32500124,8663712
12/03/2018,7.635000229,7.795000076,7.625,7.71999979,7.435767174,20420692
13/03/2018,7.75,7.889999866,7.704999924,7.835000038,7.546534061,27692736
14/03/2018,7.889999866,7.940000057,7.755000114,7.760000229,7.474295139,20546844
15/03/2018,7.789999962,7.849999905,7.704999924,7.715000153,7.430951118,9447556
16/03/2018,7.735000134,7.75,7.675000191,7.695000172,7.411688805,6692796
19/03/2018,7.695000172,7.755000114,7.605000019,7.619999886,7.339449883,9791932
20/03/2018,7.670000076,7.730000019,7.605000019,7.664999962,7.382793427,10058092
21/03/2018,7.684999943,7.724999905,7.659999847,7.699999809,7.416503906,8977720
22/03/2018,7.744999886,7.75,7.644999981,7.65500021,7.373161316,11904572
23/03/2018,7.574999809,7.864999771,7.574999809,7.699999809,7.416503906,23309264
26/03/2018,7.809999943,7.84499979,7.699999809,7.704999924,7.421319485,11581484
27/03/2018,7.764999866,7.78000021,7.639999866,7.650000095,7.368344784,8824520
28/03/2018,7.65500021,7.71999979,7.59499979,7.635000229,7.353897095,10071804
29/03/2018,7.695000172,7.695000172,7.630000114,7.670000076,7.387609959,6697300
30/03/2018,7.699999809,7.824999809,7.679999828,7.744999886,7.45984745,17866540
02/04/2018,7.784999847,7.96999979,7.65500021,7.679999828,7.397240639,60934588
03/04/2018,7.65500021,7.715000153,7.505000114,7.545000076,7.267210484,26235012
04/04/2018,7.579999924,7.605000019,7.210000038,7.25,6.983073235,46611012
05/04/2018,7.28000021,7.284999847,7.0,7.110000134,6.848226547,21572056
06/04/2018,7.130000114,7.25,7.09499979,7.15500021,6.891569614,17171332
09/04/2018,7.195000172,7.210000038,6.90500021,6.920000076,6.665221691,20188900
10/04/2018,6.934999943,6.989999771,6.559999943,6.795000076,6.544824123,30505460
11/04/2018,6.800000191,6.869999886,6.485000134,6.679999828,6.434057713,24652172
12/04/2018,6.664999962,6.730000019,6.554999828,6.675000191,6.429241657,14847792
13/04/2018,6.704999924,6.715000153,6.610000134,6.635000229,6.390715599,8595948
16/04/2018,6.644999981,6.860000134,6.635000229,6.764999866,6.515929222,22501352
17/04/2018,6.835000038,6.849999905,6.574999809,6.614999771,6.371450901,24221136
18/04/2018,6.599999905,6.78000021,6.5,6.764999866,6.515929222,19822192
19/04/2018,6.775000095,6.800000191,6.670000076,6.695000172,6.448505878,12091688
20/04/2018,6.699999809,6.699999809,6.635000229,6.65500021,6.409979343,6241200
23/04/2018,6.65500021,6.65500021,6.65500021,6.65500021,6.409979343,0
24/04/2018,6.664999962,6.684999943,6.519999981,6.525000095,6.284764767,7283296
25/04/2018,6.53000021,6.59499979,6.309999943,6.349999905,6.116208076,18119904
26/04/2018,6.349999905,6.414999962,6.204999924,6.295000076,6.063233376,19489232
27/04/2018,6.275000095,6.974999905,6.260000229,6.690000057,6.443690777,65645828
30/04/2018,6.704999924,6.724999905,6.275000095,6.295000076,6.063233376,23956616
01/05/2018,6.295000076,6.295000076,6.295000076,6.295000076,6.063233376,0
02/05/2018,6.300000191,6.429999828,6.210000038,6.289999962,6.058416843,18993336
03/05/2018,6.369999886,6.380000114,6.190000057,6.199999809,5.971730709,14752336
04/05/2018,6.195000172,6.224999905,6.059999943,6.144999981,5.918756008,16677520
07/05/2018,6.170000076,6.204999924,6.070000172,6.074999809,5.851333141,10590220
08/05/2018,6.09499979,6.114999771,5.769999981,5.795000076,5.581641674,18466808
09/05/2018,5.744999886,5.945000172,5.519999981,5.849999905,5.634616375,29737916
10/05/2018,5.880000114,5.980000019,5.704999924,5.860000134,5.644248962,24252328
11/05/2018,5.855000019,5.929999828,5.764999866,5.784999847,5.572010517,14413732
14/05/2018,5.784999847,6.0,5.739999771,5.880000114,5.663512707,25102924
15/05/2018,5.829999924,6.144999981,5.804999828,5.864999771,5.649064064,27324924
16/05/2018,5.860000134,6.0,5.855000019,5.925000191,5.706855297,21501640
17/05/2018,5.925000191,6.324999809,5.925000191,6.09499979,5.870595932,53662244
18/05/2018,6.125,6.289999962,5.974999905,6.014999866,5.793541908,37905952
21/05/2018,6.050000191,6.090000153,5.880000114,5.960000038,5.740567207,20255024
22/05/2018,5.960000038,6.010000229,5.864999771,5.920000076,5.702038765,13056024
23/05/2018,5.920000076,5.920000076,5.920000076,5.920000076,5.702038765,0
24/05/2018,5.920000076,5.920000076,5.920000076,5.920000076,5.702038765,0
25/05/2018,5.920000076,5.920000076,5.920000076,5.920000076,5.702038765,0
28/05/2018,5.920000076,5.920000076,5.920000076,5.920000076,5.702038765,0
29/05/2018,5.920000076,5.920000076,5.920000076,5.920000076,5.702038765,0
30/05/2018,5.920000076,5.920000076,5.920000076,5.920000076,5.702038765,0
31/05/2018,5.920000076,5.920000076,5.920000076,5.920000076,5.702038765,0
01/06/2018,5.920000076,5.920000076,5.920000076,5.920000076,5.702038765,0
04/06/2018,5.920000076,5.920000076,5.920000076,5.920000076,5.702038765,0
05/06/2018,5.920000076,5.920000076,5.920000076,5.920000076,5.702038765,0
06/06/2018,5.920000076,5.920000076,5.920000076,5.920000076,5.702038765,0
07/06/2018,5.230000019,5.400000095,5.175000191,5.385000229,5.186736584,266596956
08/06/2018,5.409999847,5.460000038,5.244999886,5.349999905,5.15302515,175186400
11/06/2018,5.360000134,5.454999924,5.28000021,5.440000057,5.239711761,162259312
12/06/2018,5.385000229,5.434999943,5.304999828,5.309999943,5.114498615,119754444
13/06/2018,5.304999828,5.375,5.255000114,5.260000229,5.066339016,94749296
14/06/2018,5.244999886,5.275000095,5.119999886,5.125,4.936309814,48495912
15/06/2018,5.125,5.125,5.125,5.125,4.936309814,0
18/06/2018,5.125,5.125,4.897500038,4.900000095,4.719594002,123793764
19/06/2018,4.855000019,5.125,4.757500172,5.074999809,4.894327164,218119716
20/06/2018,5.050000191,5.295000076,5.034999847,5.215000153,5.029344559,133165608
21/06/2018,5.230000019,5.329999924,5.204999924,5.304999828,5.116138935,93651312
22/06/2018,5.335000038,5.349999905,5.230000019,5.284999847,5.096850395,72038820
25/06/2018,5.550000191,5.59499979,5.275000095,5.340000153,5.149893284,149305640
26/06/2018,5.355000019,5.550000191,5.304999828,5.545000076,5.347595215,141422716
27/06/2018,5.539999962,5.675000191,5.510000229,5.675000191,5.472967148,122188644
28/06/2018,5.675000191,5.829999924,5.635000229,5.769999981,5.564586163,144559932
29/06/2018,5.809999943,5.849999905,5.695000172,5.764999866,5.559764385,78233292
02/07/2018,5.75,5.954999924,5.735000134,5.945000172,5.733355045,147377004
03/07/2018,5.960000038,6.054999828,5.945000172,5.985000134,5.771931171,106987448
04/07/2018,5.985000134,6.045000076,5.960000038,6.03000021,5.815329552,67403852
05/07/2018,6.050000191,6.400000095,6.034999847,6.394999981,6.16733551,186347472
06/07/2018,6.414999962,6.65500021,6.40500021,6.625,6.389146805,207379904
09/07/2018,6.739999771,6.989999771,6.670000076,6.840000153,6.596491814,274834088
10/07/2018,6.75,6.914999962,6.715000153,6.880000114,6.635068417,271497204
11/07/2018,6.849999905,6.965000153,6.175000191,6.335000038,6.109471321,252718228
12/07/2018,6.335000038,6.610000134,6.125,6.5,6.268597126,273979080
13/07/2018,6.579999924,6.625,6.46999979,6.514999866,6.283062935,124207224
16/07/2018,6.59499979,6.699999809,6.539999962,6.699999809,6.461475849,166724916
17/07/2018,6.704999924,7.190000057,6.695000172,7.179999828,6.924388409,206101040
18/07/2018,7.255000114,7.414999962,6.835000038,7.09499979,6.842413902,343702308
19/07/2018,7.195000172,7.215000153,6.980000019,7.065000057,6.813483238,135552912
20/07/2018,7.085000038,7.135000229,7.03000021,7.059999943,6.808661461,81581052
23/07/2018,7.074999809,7.289999962,7.074999809,7.210000038,6.953320503,138978800
24/07/2018,7.255000114,7.269999981,6.800000191,6.920000076,6.67364502,214145220
25/07/2018,6.929999828,7.224999905,6.840000153,7.105000019,6.852058411,220796880
26/07/2018,7.135000229,7.150000095,6.5,6.815000057,6.572381973,126737660
27/07/2018,6.820000172,6.900000095,6.65500021,6.769999981,6.528985023,122384144
30/07/2018,6.730000019,6.925000191,6.684999943,6.869999886,6.625425339,133262224
31/07/2018,6.849999905,6.894999981,6.764999866,6.784999847,6.543451309,84475332
01/08/2018,6.809999943,6.900000095,6.789999962,6.835000038,6.59167099,111796872
02/08/2018,6.605000019,6.679999828,6.514999866,6.519999981,6.287885189,115675216
03/08/2018,6.519999981,6.855000019,6.519999981,6.789999962,6.548272133,177064580
06/08/2018,6.795000076,6.855000019,6.570000172,6.599999905,6.365037918,124097080
07/08/2018,6.644999981,6.724999905,6.574999809,6.675000191,6.437366486,121620668
08/08/2018,6.71999979,6.739999771,6.659999847,6.670000076,6.432544708,60797020
09/08/2018,6.619999886,6.920000076,6.570000172,6.735000134,6.495231152,216183012
10/08/2018,6.650000095,6.820000172,6.065000057,6.635000229,6.398790836,188786500
13/08/2018,6.599999905,6.625,6.070000172,6.304999828,6.080538273,209046420
14/08/2018,6.519999981,6.784999847,6.519999981,6.769999981,6.528985023,184076636
15/08/2018,7.25,7.275000095,6.445000172,6.480000019,6.249308109,232442932
16/08/2018,6.619999886,6.684999943,6.449999809,6.485000134,6.254129887,111707268
17/08/2018,6.440000057,6.440000057,6.119999886,6.269999981,6.046784401,139980388
20/08/2018,6.275000095,6.369999886,6.210000038,6.295000076,6.070895195,26097640
21/08/2018,6.295000076,6.295000076,6.295000076,6.295000076,6.070895195,0
22/08/2018,6.295000076,6.295000076,6.295000076,6.295000076,6.070895195,0
23/08/2018,6.295000076,6.295000076,6.295000076,6.295000076,6.070895195,0
24/08/2018,6.295000076,6.295000076,6.295000076,6.295000076,6.070895195,0
27/08/2018,6.440000057,6.445000172,6.324999809,6.360000134,6.133580685,67281380
28/08/2018,6.364999771,6.664999962,6.349999905,6.659999847,6.422900677,132271668
29/08/2018,6.619999886,6.65500021,6.474999905,6.525000095,6.292707443,101808648
30/08/2018,6.525000095,6.525000095,6.525000095,6.525000095,6.292707443,0
31/08/2018,6.510000229,6.534999847,6.440000057,6.449999809,6.220376968,61115632
03/09/2018,6.429999828,6.65500021,6.400000095,6.639999866,6.403613091,111197952
04/09/2018,6.650000095,6.710000038,6.510000229,6.519999981,6.287885189,98929824
05/09/2018,6.525000095,6.579999924,6.465000153,6.5,6.268597126,74191756
06/09/2018,6.550000191,6.605000019,6.505000114,6.519999981,6.287885189,66643592
07/09/2018,6.545000076,6.550000191,6.485000134,6.510000229,6.278241634,50209444
10/09/2018,6.539999962,6.59499979,6.445000172,6.460000038,6.230021477,76742716
11/09/2018,6.480000019,6.525000095,6.400000095,6.525000095,6.292707443,73024804
12/09/2018,6.559999943,6.599999905,6.465000153,6.46999979,6.239664555,110897248
13/09/2018,6.480000019,6.554999828,6.375,6.539999962,6.313207626,97100072
14/09/2018,6.574999809,6.644999981,6.539999962,6.579999924,6.351819515,119191524
17/09/2018,6.579999924,6.630000114,6.550000191,6.605000019,6.375953197,74816112
18/09/2018,6.619999886,6.744999886,6.614999771,6.744999886,6.511097908,139373044
19/09/2018,6.775000095,6.795000076,6.704999924,6.735000134,6.501445293,95650884
20/09/2018,6.75,6.764999866,6.585000038,6.614999771,6.385606766,81474008
21/09/2018,6.625,6.710000038,6.625,6.679999828,6.448351383,72199364
24/09/2018,6.715000153,6.835000038,6.695000172,6.824999809,6.588323593,111714132
25/09/2018,6.849999905,7.025000095,6.835000038,6.90500021,6.665550709,183345036
26/09/2018,6.929999828,6.954999924,6.775000095,6.849999905,6.612456799,87375824
27/09/2018,6.84499979,6.954999924,6.835000038,6.945000172,6.704162598,126129544
28/09/2018,6.949999809,6.96999979,6.869999886,6.909999847,6.670376778,76515028
01/10/2018,6.914999962,7.0,6.894999981,6.920000076,6.680029869,97102888
02/10/2018,6.909999847,6.934999943,6.804999828,6.875,6.636590481,92590344
03/10/2018,6.869999886,6.90500021,6.75,6.789999962,6.554537296,74088348
04/10/2018,6.784999847,6.795000076,6.445000172,6.454999924,6.231153965,86530968
05/10/2018,6.429999828,6.755000114,6.349999905,6.755000114,6.520751476,102158748
08/10/2018,6.755000114,6.809999943,6.635000229,6.715000153,6.482138157,66977068
09/10/2018,6.75,6.795000076,6.639999866,6.744999886,6.511097908,81591920
10/10/2018,6.75,6.820000172,6.525000095,6.525000095,6.298727512,94523888
11/10/2018,6.5,6.630000114,6.465000153,6.545000076,6.318033218,67609244
12/10/2018,6.630000114,6.829999924,6.480000019,6.829999924,6.593150616,106408676
15/10/2018,6.855000019,7.150000095,6.849999905,7.090000153,6.844134808,156943548
16/10/2018,7.079999924,7.130000114,6.929999828,6.945000172,6.704162598,111650960
17/10/2018,6.994999886,7.010000229,6.769999981,6.820000172,6.583497047,77208112
18/10/2018,6.829999924,6.940000057,6.800000191,6.855000019,6.617283821,64479924
19/10/2018,6.875,6.900000095,6.715000153,6.71999979,6.486965656,51783028
22/10/2018,6.75,6.764999866,6.489999771,6.494999886,6.269768238,45149488
23/10/2018,6.465000153,6.494999886,6.184999943,6.440000057,6.216674805,102128116
24/10/2018,6.480000019,6.489999771,6.275000095,6.28000021,6.062223434,50914728
25/10/2018,6.244999886,6.434999943,6.184999943,6.429999828,6.207021713,58284172
26/10/2018,6.429999828,6.440000057,6.210000038,6.21999979,6.004302979,58901724
29/10/2018,6.21999979,6.21999979,6.21999979,6.21999979,6.004302979,0
30/10/2018,6.239999771,6.380000114,6.099999905,6.239999771,6.023610592,67595020
31/10/2018,6.329999924,6.445000172,6.230000019,6.275000095,6.057397366,108742620
01/11/2018,6.324999809,6.559999943,6.324999809,6.525000095,6.298727512,92871332
02/11/2018,6.579999924,6.835000038,6.534999847,6.775000095,6.540057659,123983788
05/11/2018,6.809999943,6.860000134,6.744999886,6.840000153,6.60280323,57193556
06/11/2018,6.849999905,6.949999809,6.65500021,6.744999886,6.511097908,77068860
07/11/2018,6.755000114,6.940000057,6.730000019,6.909999847,6.670376778,81372128
08/11/2018,6.920000076,6.929999828,6.71999979,6.84499979,6.60763073,66927872
09/11/2018,6.820000172,6.96999979,6.755000114,6.929999828,6.689682484,80587996
12/11/2018,6.925000191,6.945000172,6.815000057,6.864999771,6.626936436,50581516
13/11/2018,6.829999924,6.945000172,6.800000191,6.889999866,6.651069641,63773524
14/11/2018,6.875,6.949999809,6.864999771,6.900000095,6.660722733,59569876
15/11/2018,6.914999962,7.03000021,6.909999847,6.974999905,6.733121395,94840116
16/11/2018,6.989999771,7.050000191,6.784999847,6.804999828,6.56901741,81375592
19/11/2018,6.809999943,6.829999924,6.730000019,6.735000134,6.501445293,44389856
20/11/2018,6.735000134,6.78000021,6.494999886,6.505000114,6.279420853,49016072
21/11/2018,6.525000095,6.625,6.525000095,6.625,6.39525938,51229116
22/11/2018,6.639999866,6.664999962,6.53000021,6.545000076,6.318033218,25298980
23/11/2018,6.550000191,6.599999905,6.485000134,6.550000191,6.322861195,34921652
26/11/2018,6.579999924,6.650000095,6.559999943,6.579999924,6.351819515,38679876
27/11/2018,6.59499979,6.65500021,6.534999847,6.625,6.39525938,49123236
28/11/2018,6.650000095,6.855000019,6.644999981,6.804999828,6.56901741,70957404
29/11/2018,6.840000153,6.914999962,6.739999771,6.809999943,6.573843479,59407016
30/11/2018,6.824999809,6.824999809,6.635000229,6.675000191,6.443525791,47203788
03/12/2018,6.75,6.764999866,6.585000038,6.590000153,6.361472607,41585080
04/12/2018,6.574999809,6.639999866,6.480000019,6.525000095,6.298727512,32297076
05/12/2018,6.510000229,6.635000229,6.480000019,6.579999924,6.351819515,32467904
06/12/2018,6.599999905,6.614999771,6.519999981,6.610000134,6.380779266,31152452
07/12/2018,6.625,6.690000057,6.579999924,6.659999847,6.429046154,39431352
10/12/2018,6.599999905,6.614999771,6.489999771,6.505000114,6.279420853,36372972
11/12/2018,6.510000229,6.545000076,6.434999943,6.449999809,6.226327419,33303784
12/12/2018,6.465000153,6.489999771,6.210000038,6.215000153,5.999477386,51801908
13/12/2018,6.21999979,6.300000191,6.195000172,6.210000038,6.000621319,29839332
14/12/2018,6.195000172,6.210000038,5.954999924,5.965000153,5.76388216,48948372
17/12/2018,5.985000134,6.065000057,5.835000038,5.840000153,5.643096447,44707720
18/12/2018,5.824999809,5.894999981,5.78000021,5.875,5.676916599,44636324
19/12/2018,5.909999847,6.014999866,5.894999981,5.980000019,5.778376579,51068124
20/12/2018,5.945000172,5.965000153,5.875,5.885000229,5.686579704,37490516
21/12/2018,5.889999866,6.090000153,5.864999771,6.074999809,5.870173454,72330696
24/12/2018,6.090000153,6.195000172,6.054999828,6.099999905,5.894329548,51390068
25/12/2018,6.025000095,6.054999828,5.96999979,5.994999886,5.792870998,24601064
26/12/2018,6.014999866,6.070000172,5.994999886,6.014999866,5.812196255,22175972
27/12/2018,6.074999809,6.144999981,6.010000229,6.03000021,5.826690674,47054616
28/12/2018,6.059999943,6.070000172,5.949999809,5.965000153,5.76388216,22404936
31/12/2018,6.005000114,6.059999943,5.965000153,6.039999962,5.836352825,16509364
01/01/2019,6.039999962,6.039999962,6.039999962,6.039999962,5.836352825,0
02/01/2019,6.025000095,6.025000095,5.875,5.885000229,5.686579704,26978636
03/01/2019,5.849999905,5.90500021,5.644999981,5.670000076,5.478827953,44982876
04/01/2019,5.704999924,5.755000114,5.659999847,5.739999771,5.546468735,36670996
07/01/2019,5.78000021,5.804999828,5.71999979,5.730000019,5.536805153,29798540
08/01/2019,5.75,5.760000229,5.659999847,5.735000134,5.541636944,30176352
09/01/2019,5.75,5.809999943,5.71999979,5.735000134,5.541636944,44999532
10/01/2019,5.735000134,5.920000076,5.730000019,5.885000229,5.686579704,67784692
11/01/2019,5.914999962,5.934999943,5.795000076,5.804999828,5.609276295,48354116
14/01/2019,5.75,5.869999886,5.710000038,5.78000021,5.585120201,40640104
15/01/2019,5.84499979,5.889999866,5.804999828,5.840000153,5.643096447,40606892
16/01/2019,5.849999905,5.940000057,5.835000038,5.920000076,5.720399857,62648656
17/01/2019,5.945000172,5.994999886,5.885000229,5.90500021,5.705905437,53908064
18/01/2019,5.920000076,6.054999828,5.914999962,6.039999962,5.836352825,71803804
21/01/2019,6.070000172,6.184999943,6.03000021,6.039999962,5.836352825,74108884
22/01/2019,6.054999828,6.139999866,6.034999847,6.079999924,5.875004292,51380848
23/01/2019,6.09499979,6.179999828,6.079999924,6.170000076,5.961970329,77080488
24/01/2019,6.224999905,6.329999924,6.215000153,6.28000021,6.068261623,98422988
25/01/2019,6.320000172,6.349999905,6.264999866,6.275000095,6.063430786,59080372
28/01/2019,6.284999847,6.349999905,6.269999981,6.269999981,6.058598042,60846952
29/01/2019,6.269999981,6.375,6.269999981,6.375,6.160058022,73219432
30/01/2019,6.414999962,6.614999771,6.34499979,6.59499979,6.372641087,165838296
31/01/2019,6.630000114,6.644999981,6.380000114,6.429999828,6.213203907,87781332
01/02/2019,6.420000076,6.425000191,6.190000057,6.210000038,6.000621319,61194148
04/02/2019,6.215000153,6.28000021,6.059999943,6.074999809,5.870173454,54167068
05/02/2019,6.110000134,6.135000229,5.940000057,5.96999979,5.768713474,57530712
06/02/2019,6.005000114,6.03000021,5.900000095,5.940000057,5.739724636,43770408
07/02/2019,5.960000038,6.0,5.90500021,5.934999943,5.734893322,38997612
08/02/2019,5.929999828,5.974999905,5.900000095,5.929999828,5.730062008,26776268
11/02/2019,5.96999979,6.125,5.965000153,6.119999886,5.913656235,61208284
12/02/2019,6.139999866,6.139999866,5.900000095,5.90500021,5.705905437,51076696
13/02/2019,5.929999828,5.965000153,5.815000057,5.835000038,5.638264656,46881692
14/02/2019,5.829999924,6.045000076,5.764999866,6.005000114,5.802533627,61475100
15/02/2019,5.989999771,6.135000229,5.985000134,6.099999905,5.894329548,57983564
18/02/2019,6.09499979,6.190000057,6.065000057,6.139999866,5.932981491,48914348
19/02/2019,6.130000114,6.175000191,6.014999866,6.074999809,5.870173454,49005096
20/02/2019,6.090000153,6.164999962,6.065000057,6.144999981,5.937812328,41766660
21/02/2019,6.139999866,6.320000172,6.125,6.28000021,6.068261623,62140072
22/02/2019,6.309999943,6.429999828,6.260000229,6.409999847,6.193878174,57414812
25/02/2019,6.449999809,6.525000095,6.255000114,6.275000095,6.063430786,74515012
26/02/2019,6.275000095,6.394999981,6.264999866,6.394999981,6.179384708,61684152
27/02/2019,6.300000191,6.315000057,6.125,6.139999866,5.932981491,90032328
28/02/2019,6.15500021,6.21999979,6.070000172,6.159999847,5.952306747,58604400
01/03/2019,6.139999866,6.150000095,5.974999905,5.980000019,5.778376579,40519200
04/03/2019,5.980000019,6.114999771,5.980000019,6.034999847,5.831521511,59730348
05/03/2019,6.005000114,6.079999924,5.974999905,6.054999828,5.850847721,51918972
06/03/2019,6.074999809,6.099999905,5.949999809,5.96999979,5.768713474,38996300
07/03/2019,5.985000134,6.0,5.724999905,5.755000114,5.560962677,66442072
08/03/2019,5.769999981,5.795000076,5.639999866,5.679999828,5.488490582,38679096
11/03/2019,5.710000038,5.755000114,5.599999905,5.614999771,5.425682545,27546008
12/03/2019,5.610000134,5.775000095,5.570000172,5.75,5.556131363,79208340
13/03/2019,5.800000191,5.809999943,5.619999886,5.684999943,5.493322849,35329292
14/03/2019,5.664999962,5.755000114,5.659999847,5.695000172,5.502985477,30200612
15/03/2019,5.775000095,5.840000153,5.744999886,5.820000172,5.623770714,36430652
18/03/2019,5.840000153,5.900000095,5.824999809,5.880000114,5.68174839,41395676
19/03/2019,5.864999771,5.920000076,5.840000153,5.885000229,5.686579704,47963908
20/03/2019,5.875,5.885000229,5.744999886,5.755000114,5.560962677,33369632
21/03/2019,5.775000095,5.804999828,5.644999981,5.65500021,5.464334488,31925484
22/03/2019,5.724999905,5.744999886,5.534999847,5.554999828,5.367705822,40785040
25/03/2019,5.574999809,5.619999886,5.429999828,5.53000021,5.343549252,34552820
26/03/2019,5.605000019,5.650000095,5.449999809,5.474999905,5.290402412,35168452
27/03/2019,5.489999771,5.5,5.0,5.010000229,4.841081619,69820384
28/03/2019,5.03000021,5.210000038,4.947500229,5.159999847,4.986023426,55213908
29/03/2019,5.144999981,5.289999962,5.110000134,5.235000134,5.058495522,24747368
01/04/2019,5.324999809,5.369999886,5.114999771,5.230000019,5.053663731,34897224
02/04/2019,5.244999886,5.289999962,5.175000191,5.210000038,5.034338474,36178908
03/04/2019,5.215000153,5.284999847,5.195000172,5.199999809,5.024674892,25241812
04/04/2019,5.204999924,5.320000172,5.195000172,5.309999943,5.130966187,28736712
05/04/2019,5.394999981,5.429999828,5.260000229,5.385000229,5.203437328,37798840
08/04/2019,5.460000038,5.519999981,5.324999809,5.34499979,5.164785385,27187112
09/04/2019,5.400000095,5.414999962,5.324999809,5.355000019,5.174449444,21877584
10/04/2019,5.389999866,5.400000095,5.28000021,5.309999943,5.130966187,23171264
11/04/2019,5.300000191,5.364999771,5.239999771,5.335000038,5.155123234,31309028
12/04/2019,5.269999981,5.28000021,5.179999828,5.239999771,5.063325882,18940100
15/04/2019,5.224999905,5.320000172,5.215000153,5.235000134,5.058495522,19712544
16/04/2019,5.28000021,5.34499979,5.25,5.300000191,5.121303558,30607620
17/04/2019,5.349999905,5.385000229,5.324999809,5.355000019,5.174449444,27029224
18/04/2019,5.335000038,5.355000019,5.28000021,5.300000191,5.121303558,17860412
19/04/2019,5.315000057,5.320000172,5.284999847,5.300000191,5.121303558,5829760
22/04/2019,5.275000095,5.304999828,5.25,5.264999866,5.087482929,7905240
23/04/2019,5.264999866,5.264999866,5.264999866,5.264999866,5.087482929,0
24/04/2019,5.25,5.360000134,5.244999886,5.349999905,5.169617653,28544280
25/04/2019,5.360000134,5.369999886,5.215000153,5.244999886,5.06815815,23586988
26/04/2019,5.275000095,5.34499979,5.230000019,5.329999924,5.150292397,25418476
29/04/2019,5.324999809,5.335000038,5.159999847,5.184999943,5.010180473,34269220
30/04/2019,5.210000038,5.215000153,5.114999771,5.125,4.952204227,30533432
01/05/2019,5.125,5.125,5.125,5.125,4.952204227,0
02/05/2019,5.21999979,5.244999886,5.014999866,5.03000021,4.860407352,36518544
03/05/2019,5.03000021,5.119999886,5.0,5.079999924,4.908720016,25749120
06/05/2019,5.0,5.045000076,4.90749979,5.0,4.831418514,30465444
07/05/2019,4.900000095,5.105000019,4.880000114,5.074999809,4.903889656,34312008
08/05/2019,5.059999943,5.059999943,4.860000134,4.877500057,4.713048935,54181416
09/05/2019,4.875,4.914999962,4.695000172,4.699999809,4.54153347,54559392
10/05/2019,4.75,4.775000095,4.602499962,4.627500057,4.471477509,41935860
13/05/2019,4.630000114,4.642499924,4.412499905,4.432499886,4.283051968,54837536
14/05/2019,4.4375,4.559999943,4.389999866,4.557499886,4.403838158,48328920
15/05/2019,4.547500134,4.554999828,4.387499809,4.449999809,4.299962521,34433860
16/05/2019,4.449999809,4.519999981,4.40500021,4.425000191,4.275805473,33350696
17/05/2019,4.412499905,4.744999886,4.369999886,4.739999771,4.580183983,97991512
20/05/2019,4.71750021,4.784999847,4.432499886,4.447500229,4.297546864,87627636
21/05/2019,4.460000038,4.539999962,4.375,4.409999847,4.261310577,55624712
22/05/2019,4.392499924,4.400000095,4.142499924,4.150000095,4.010077953,66826144
23/05/2019,4.127500057,4.227499962,4.114999771,4.182499886,4.041480541,65715012
24/05/2019,4.204999924,4.335000038,4.197500229,4.297500134,4.152604103,57911768
27/05/2019,4.3125,4.357500076,4.235000134,4.252500057,4.109121799,30377676
28/05/2019,4.28249979,4.367499828,4.277500153,4.327499866,4.181592941,55332580
29/05/2019,4.34250021,4.409999847,4.3125,4.34250021,4.19608736,46058464
30/05/2019,4.387499809,4.53000021,4.387499809,4.505000114,4.353107929,57031648
31/05/2019,4.547500134,4.574999809,4.449999809,4.557499886,4.403838158,33882148
03/06/2019,4.567500114,4.59250021,4.519999981,4.534999847,4.382095814,10646028
04/06/2019,4.534999847,4.534999847,4.534999847,4.534999847,4.382095814,0
05/06/2019,4.534999847,4.534999847,4.534999847,4.534999847,4.382095814,0
06/06/2019,4.534999847,4.534999847,4.534999847,4.534999847,4.382095814,0
07/06/2019,4.547500134,4.6875,4.545000076,4.65749979,4.50046587,33958072
10/06/2019,4.662499905,4.775000095,4.610000134,4.775000095,4.614005089,45810484
11/06/2019,4.772500038,4.777500153,4.574999809,4.607500076,4.452152252,44994316
12/06/2019,4.610000134,4.684999943,4.599999905,4.659999847,4.502882004,34386052
13/06/2019,4.585000038,4.59499979,4.462500095,4.480000019,4.328950882,26751684
14/06/2019,4.505000114,4.53000021,4.375,4.40749979,4.25889492,39790564
17/06/2019,4.40749979,4.559999943,4.392499924,4.522500038,4.370017529,59914156
18/06/2019,4.510000229,4.627500057,4.477499962,4.587500095,4.432826996,45112528
19/06/2019,4.559999943,4.59499979,4.442500114,4.477499962,4.338563442,52498284
20/06/2019,4.512499809,4.602499962,4.474999905,4.5,4.360366821,55801520
21/06/2019,4.519999981,4.59499979,4.434999943,4.474999905,4.336141586,51898968
24/06/2019,4.574999809,4.585000038,4.482500076,4.519999981,4.37974596,41120184
25/06/2019,4.510000229,4.552499771,4.487500191,4.5,4.360366821,37153660
26/06/2019,4.505000114,4.53249979,4.427499771,4.434999943,4.297382355,25857160
27/06/2019,4.447500229,4.525000095,4.447500229,4.5,4.360366821,29439444
28/06/2019,4.512499809,4.522500038,4.46750021,4.5,4.360366821,23755660
01/07/2019,4.78000021,4.827499866,4.702499866,4.712500095,4.566272259,75232584
02/07/2019,4.715000153,4.737500191,4.617499828,4.710000038,4.563849926,46081328
03/07/2019,4.732500076,4.732500076,4.587500095,4.602499962,4.459685326,31665580
04/07/2019,4.625,4.637499809,4.519999981,4.559999943,4.418504238,37481584
05/07/2019,4.559999943,4.59250021,4.514999866,4.517499924,4.377322197,37433536
08/07/2019,4.485000134,4.510000229,4.445000172,4.454999924,4.316761494,25051512
09/07/2019,4.482500076,4.487500191,4.235000134,4.264999866,4.132657528,36762208
10/07/2019,4.272500038,4.3125,4.190000057,4.28249979,4.149614334,39061184
11/07/2019,4.315000057,4.352499962,4.28249979,4.322500229,4.188374043,33061300
12/07/2019,4.335000038,4.337500095,4.144999981,4.175000191,4.045450211,32306880
15/07/2019,4.175000191,4.175000191,4.175000191,4.175000191,4.045450211,0
16/07/2019,4.197500229,4.255000114,4.170000076,4.244999886,4.113278389,24990168
17/07/2019,4.284999847,4.512499809,4.277500153,4.494999886,4.355520725,72680292
18/07/2019,4.462500095,4.610000134,4.385000229,4.585000038,4.442728519,92783528
19/07/2019,4.670000076,4.695000172,4.527500153,4.5625,4.420927048,59068800
22/07/2019,4.547500134,4.599999905,4.502500057,4.514999866,4.374900341,34979792
23/07/2019,4.510000229,4.590000153,4.502500057,4.565000057,4.42334938,51168576
24/07/2019,4.582499981,4.652500153,4.519999981,4.619999886,4.476642609,50551956
25/07/2019,4.639999866,4.664999962,4.522500038,4.539999962,4.399124146,40404896
26/07/2019,4.5625,4.742499828,4.552499771,4.71750021,4.571117878,107626532
29/07/2019,4.744999886,4.954999924,4.724999905,4.952499866,4.798824787,111887076
30/07/2019,4.96750021,4.974999905,4.787499905,4.827499866,4.677702904,81865628
31/07/2019,4.849999905,4.869999886,4.735000134,4.737500191,4.59049654,50616432
01/08/2019,4.702499866,4.932499886,4.690000057,4.880000114,4.728574276,88609808
02/08/2019,4.892499924,4.962500095,4.724999905,4.727499962,4.580806255,66237968
05/08/2019,4.727499962,4.800000191,4.605000019,4.65500021,4.510556221,55856972
06/08/2019,4.667500019,4.730000019,4.605000019,4.652500153,4.508133411,49514208
07/08/2019,4.625,4.625,4.320000172,4.375,4.239243984,112314692
08/08/2019,4.412499905,4.432499886,4.28249979,4.3125,4.178683281,61091832
09/08/2019,4.3125,4.357500076,4.272500038,4.307499886,4.173839092,55078916
12/08/2019,4.307499886,4.307499886,4.307499886,4.307499886,4.173839092,0
13/08/2019,4.307499886,4.307499886,4.307499886,4.307499886,4.173839092,0
14/08/2019,4.307499886,4.307499886,4.307499886,4.307499886,4.173839092,0
15/08/2019,4.287499905,4.340000153,4.235000134,4.28249979,4.149614334,45672528
16/08/2019,4.292500019,4.315000057,4.21999979,4.230000019,4.098743916,30318456
19/08/2019,4.262499809,4.335000038,4.227499962,4.272500038,4.139925003,41531680
20/08/2019,4.28000021,4.420000076,4.277500153,4.40500021,4.268314362,61703836
21/08/2019,4.465000153,4.789999962,4.465000153,4.510000229,4.370055199,181725104
22/08/2019,4.512499809,4.590000153,4.340000153,4.385000229,4.248934746,86315484
23/08/2019,4.389999866,4.447500229,4.367499828,4.409999847,4.273157597,53355508
26/08/2019,4.349999905,4.510000229,4.349999905,4.477499962,4.338563442,50112340
27/08/2019,4.494999886,4.587500095,4.417500019,4.53249979,4.39185667,101060780
28/08/2019,4.559999943,4.567500114,4.417500019,4.452499866,4.314340115,65540612
29/08/2019,4.457499981,4.587500095,4.454999924,4.559999943,4.418504238,85261796
30/08/2019,4.559999943,4.559999943,4.559999943,4.559999943,4.418504238,0
02/09/2019,4.567500114,4.730000019,4.565000057,4.712500095,4.566272259,95041568
03/09/2019,4.699999809,4.757500172,4.630000114,4.684999943,4.539625168,124354252
04/09/2019,4.707499981,4.800000191,4.6875,4.800000191,4.651057243,108930952
05/09/2019,4.827499866,4.837500095,4.762499809,4.787499905,4.638944626,79620496
06/09/2019,4.784999847,4.835000038,4.755000114,4.8125,4.663168907,94439936
09/09/2019,4.835000038,4.90500021,4.827499866,4.835000038,4.684970856,103940592
10/09/2019,4.835000038,5.025000095,4.832499981,4.994999886,4.840006828,172862700
11/09/2019,5.0,5.130000114,4.965000153,5.070000172,4.912678719,100078784
12/09/2019,5.085000038,5.110000134,4.925000191,4.962500095,4.808514595,76257484
13/09/2019,4.980000019,5.034999847,4.965000153,4.992499828,4.837583542,64258820
16/09/2019,4.962500095,5.074999809,4.960000038,5.019999981,4.864230633,69219952
17/09/2019,5.050000191,5.079999924,4.864999771,4.894999981,4.743109703,105759536
18/09/2019,4.889999866,4.902500153,4.795000076,4.827499866,4.689889431,56809452
19/09/2019,4.837500095,4.882500172,4.715000153,4.71999979,4.585453033,58668116
20/09/2019,4.737500191,4.755000114,4.639999866,4.675000191,4.541736603,51487000
23/09/2019,4.704999924,4.724999905,4.612500191,4.635000229,4.502877712,49037184
24/09/2019,4.804999828,4.820000172,4.682499886,4.722499847,4.587882519,85978028
25/09/2019,4.697500229,4.722499847,4.659999847,4.715000153,4.580596924,51126596
26/09/2019,4.737500191,4.752500057,4.65749979,4.664999962,4.532021999,43916268
27/09/2019,4.679999828,4.90749979,4.677499771,4.892499924,4.753035545,121545560
30/09/2019,4.934999943,5.079999924,4.927499771,5.034999847,4.891474247,94466892
01/10/2019,5.034999847,5.039999962,4.820000172,4.860000134,4.721464157,93645728
02/10/2019,4.875,4.887499809,4.820000172,4.829999924,4.692318439,52652024
03/10/2019,4.84499979,4.877500057,4.71750021,4.742499828,4.607311726,70724512
04/10/2019,4.775000095,4.792500019,4.739999771,4.767499924,4.631599903,50163944
07/10/2019,4.775000095,4.852499962,4.742499828,4.75,4.614598274,78561420
08/10/2019,4.712500095,4.739999771,4.607500076,4.679999828,4.546593666,77491828
09/10/2019,4.682499886,4.71750021,4.577499866,4.582499981,4.451873779,46878144
10/10/2019,4.570000172,4.597499847,4.400000095,4.497499943,4.369295597,73369412
11/10/2019,4.525000095,4.630000114,4.519999981,4.552499771,4.422728062,47802124
14/10/2019,4.53249979,4.53249979,4.172500134,4.269999981,4.148281097,84043468
15/10/2019,4.349999905,4.375,4.295000076,4.315000057,4.191998482,67110096
16/10/2019,4.269999981,4.269999981,4.190000057,4.230000019,4.109421253,61359036
17/10/2019,4.21999979,4.277500153,4.199999809,4.235000134,4.11427927,78071516
18/10/2019,4.474999905,4.497499943,4.420000076,4.465000153,4.337722778,106473964
21/10/2019,4.46750021,4.46750021,4.387499809,4.397500038,4.272147179,52938760
22/10/2019,4.409999847,4.447500229,4.400000095,4.427499771,4.301291466,55591072
23/10/2019,4.462500095,4.552499771,4.429999828,4.539999962,4.41058445,114900692
24/10/2019,4.590000153,4.632500172,4.517499924,4.537499905,4.408155918,82731256
25/10/2019,4.545000076,4.677499771,4.525000095,4.672500134,4.539308071,106864828
28/10/2019,4.679999828,4.699999809,4.644999981,4.664999962,4.532021999,24371892
30/10/2019,4.587500095,4.635000229,4.512499809,4.585000038,4.454302311,61289292
31/10/2019,4.599999905,4.632500172,4.554999828,4.582499981,4.451873779,37416000
01/11/2019,4.599999905,4.605000019,4.539999962,4.590000153,4.459159851,31628740
04/11/2019,4.630000114,4.739999771,4.617499828,4.712500095,4.578167439,72967340
05/11/2019,4.71999979,4.739999771,4.682499886,4.71999979,4.585453033,43906652
06/11/2019,4.71750021,4.71750021,4.612500191,4.650000095,4.517449379,90904404
07/11/2019,4.6875,4.769999981,4.670000076,4.735000134,4.600026608,102624700
08/11/2019,4.739999771,4.824999809,4.71750021,4.737500191,4.602455616,109349748
11/11/2019,4.699999809,4.71750021,4.637499809,4.692500114,4.558737278,84906360
12/11/2019,4.707499981,4.800000191,4.707499981,4.764999866,4.629170895,95518788
13/11/2019,4.767499924,4.840000153,4.742499828,4.824999809,4.687459946,119267888
14/11/2019,4.752500057,4.840000153,4.727499962,4.739999771,4.604883671,97318004
15/11/2019,4.789999962,4.815000057,4.777500153,4.78000021,4.643743992,60474784
18/11/2019,4.802499771,4.852499962,4.797500134,4.822500229,4.685031891,80952688
19/11/2019,4.835000038,4.90500021,4.8125,4.860000134,4.721464157,110421736
20/11/2019,4.855000019,4.947500229,4.832499981,4.849999905,4.711748123,104725940
21/11/2019,4.855000019,4.897500038,4.820000172,4.827499866,4.689889431,63465936
22/11/2019,4.840000153,4.860000134,4.792500019,4.815000057,4.677746296,61274772
25/11/2019,4.84499979,4.860000134,4.692500114,4.695000172,4.561166286,86071480
26/11/2019,4.697500229,4.730000019,4.639999866,4.722499847,4.587882519,90332800
27/11/2019,4.704999924,4.724999905,4.65749979,4.662499905,4.529592991,54050556
28/11/2019,4.672500134,4.71999979,4.662499905,4.699999809,4.566023827,90402772
29/11/2019,4.707499981,4.71999979,4.667500019,4.667500019,4.534450531,47784168
02/12/2019,4.697500229,4.71750021,4.6875,4.697500229,4.563594818,68848324
03/12/2019,4.684999943,4.84250021,4.667500019,4.695000172,4.561166286,180991656
04/12/2019,4.735000134,4.775000095,4.699999809,4.732500076,4.597597122,76374692
05/12/2019,4.760000229,4.942500114,4.760000229,4.925000191,4.784610271,211577212
06/12/2019,4.949999809,4.954999924,4.840000153,4.84250021,4.704462051,142059056
09/12/2019,4.847499847,4.927499771,4.820000172,4.875,4.73603487,98782780
10/12/2019,4.880000114,4.9375,4.827499866,4.840000153,4.702033043,78036120
11/12/2019,4.84250021,4.847499847,4.777500153,4.78000021,4.643743992,56820428
12/12/2019,4.804999828,4.90749979,4.804999828,4.885000229,4.745750904,138029752
13/12/2019,4.922500134,4.974999905,4.857500076,4.885000229,4.745750904,125213592
16/12/2019,4.894999981,4.909999847,4.835000038,4.880000114,4.740893364,96368880
17/12/2019,4.909999847,4.925000191,4.852499962,4.864999771,4.726320744,79091600
18/12/2019,4.817500114,4.84250021,4.78249979,4.797500134,4.672961712,58972572
19/12/2019,4.817500114,4.832499981,4.792500019,4.804999828,4.680267334,58398056
20/12/2019,4.8125,4.829999924,4.78249979,4.792500019,4.668091297,49260804
23/12/2019,4.800000191,4.829999924,4.777500153,4.807499886,4.682702541,48288292
24/12/2019,4.849999905,4.917500019,4.84250021,4.90500021,4.77767086,95648396
25/12/2019,4.909999847,4.927499771,4.894999981,4.927499771,4.799586296,61104196
26/12/2019,4.934999943,4.987500191,4.900000095,4.925000191,4.797152042,101020968
27/12/2019,4.929999828,4.940000057,4.889999866,4.920000076,4.792281628,49903132
30/12/2019,4.934999943,5.114999771,4.929999828,5.110000134,4.977349281,181560984
31/12/2019,5.135000229,5.304999828,5.125,5.235000134,5.099104881,143285928
02/01/2020,5.324999809,5.40500021,5.28000021,5.394999981,5.254951,113871880
03/01/2020,5.349999905,5.485000134,5.224999905,5.445000172,5.30365324,223370840
06/01/2020,5.440000057,5.590000153,5.420000076,5.519999981,5.376706123,188498904
07/01/2020,5.585000038,5.639999866,5.494999886,5.605000019,5.459500313,139196000
08/01/2020,5.53000021,5.625,5.494999886,5.570000172,5.42540884,141667500
09/01/2020,5.670000076,5.724999905,5.635000229,5.715000153,5.566643715,101729748
10/01/2020,5.739999771,5.784999847,5.635000229,5.675000191,5.527682781,105703252
13/01/2020,5.735000134,5.75,5.670000076,5.724999905,5.576384544,91649588
14/01/2020,5.735000134,5.84499979,5.690000057,5.820000172,5.66891861,107551392
15/01/2020,5.804999828,5.835000038,5.724999905,5.744999886,5.59586525,76438844
16/01/2020,5.760000229,5.820000172,5.690000057,5.724999905,5.576384544,75859148
17/01/2020,5.744999886,5.775000095,5.670000076,5.724999905,5.576384544,60549820
20/01/2020,5.75,5.815000057,5.730000019,5.769999981,5.620216846,70956028
21/01/2020,5.744999886,5.795000076,5.724999905,5.775000095,5.625086308,53940924
22/01/2020,5.800000191,5.815000057,5.75,5.769999981,5.620216846,64527308
23/01/2020,5.739999771,5.78000021,5.699999809,5.715000153,5.566643715,54818952
24/01/2020,5.75,5.764999866,5.650000095,5.730000019,5.581254959,53248320
27/01/2020,5.664999962,5.940000057,5.659999847,5.835000038,5.6835289,130616624
28/01/2020,5.909999847,5.934999943,5.795000076,5.815000057,5.664048672,84418464
29/01/2020,5.824999809,5.929999828,5.800000191,5.824999809,5.673788071,80250816
30/01/2020,5.809999943,5.914999962,5.800000191,5.914999962,5.761452675,80198264
31/01/2020,5.929999828,6.0,5.864999771,5.880000114,5.727361202,85868148
03/02/2020,5.875,5.885000229,5.815000057,5.84499979,5.693269253,47542564
04/02/2020,5.929999828,6.150000095,5.900000095,6.144999981,5.985481262,121746440
05/02/2020,6.15500021,6.224999905,6.054999828,6.09499979,5.936779976,98958456
06/02/2020,6.159999847,6.175000191,6.090000153,6.099999905,5.941649914,50683204
07/02/2020,6.125,6.195000172,6.070000172,6.105000019,5.946520329,60744852
10/02/2020,6.125,6.190000057,5.820000172,6.025000095,5.868596554,104773900
11/02/2020,6.09499979,6.210000038,5.994999886,6.190000057,6.029314041,108985680
12/02/2020,6.429999828,7.170000076,6.429999828,6.989999771,6.808545589,590692024
13/02/2020,7.005000114,7.190000057,6.945000172,7.054999828,6.871859074,196350652
14/02/2020,7.070000172,7.425000191,7.059999943,7.269999981,7.08127737,222090988
17/02/2020,7.360000134,7.65500021,7.190000057,7.215000153,7.027705669,282399644
18/02/2020,7.21999979,7.414999962,7.119999886,7.295000076,7.10562849,191012168
19/02/2020,7.34499979,7.485000134,7.215000153,7.454999924,7.261475086,184816388
20/02/2020,7.46999979,7.534999847,6.985000134,7.085000038,6.901080608,255737784
21/02/2020,7.070000172,7.284999847,7.025000095,7.215000153,7.027705669,190776944
24/02/2020,7.074999809,7.190000057,7.050000191,7.15500021,6.969263077,105212548
25/02/2020,7.239999771,7.389999866,7.195000172,7.264999866,7.076406956,194105548
26/02/2020,7.65500021,7.664999962,7.164999962,7.25,7.061796665,322857092
27/02/2020,7.074999809,7.199999809,6.880000114,7.025000095,6.842638016,192005284
28/02/2020,6.25,7.070000172,6.039999962,6.914999962,6.73549366,163734316
02/03/2020,7.119999886,7.215000153,6.965000153,7.059999943,6.876729965,91934572
03/03/2020,7.204999924,7.599999905,7.15500021,7.590000153,7.392970562,207938432
04/03/2020,7.599999905,7.894999981,7.429999828,7.454999924,7.261475086,229455656
05/03/2020,7.619999886,7.715000153,7.485000134,7.590000153,7.392970562,118786692
06/03/2020,7.559999943,7.599999905,7.320000172,7.454999924,7.261475086,94241608
09/03/2020,7.300000191,7.335000038,6.574999809,6.929999828,6.750103951,136581588
10/03/2020,7.139999866,7.175000191,6.445000172,6.514999866,6.345876694,164011900
11/03/2020,6.514999866,6.514999866,6.514999866,6.514999866,6.345876694,0
12/03/2020,6.300000191,6.34499979,6.054999828,6.105000019,5.946520329,147271824
13/03/2020,6.130000114,6.599999905,5.849999905,6.355000019,6.190030098,209237960
16/03/2020,6.0,6.070000172,5.730000019,5.730000019,5.581254959,132809360
17/03/2020,5.75,5.815000057,5.159999847,5.46999979,5.328003407,252839256
18/03/2020,5.300000191,5.644999981,5.244999886,5.460000038,5.318263531,140570984
19/03/2020,5.375,5.519999981,5.199999809,5.269999981,5.133194923,152831372
20/03/2020,5.429999828,5.46999979,5.264999866,5.329999924,5.191637993,84732116
23/03/2020,5.150000095,5.324999809,5.03000021,5.195000172,5.060142517,114912224
24/03/2020,5.414999962,5.715000153,5.375,5.710000038,5.561773777,134267452
25/03/2020,5.78000021,6.074999809,5.710000038,5.855000019,5.703009605,241205480
26/03/2020,5.855000019,6.079999924,5.769999981,6.054999828,5.897817612,202814356
27/03/2020,6.065000057,6.119999886,5.724999905,5.764999866,5.615345478,123453432
30/03/2020,5.75,5.885000229,5.664999962,5.809999943,5.659178257,109463124
31/03/2020,5.940000057,5.980000019,5.824999809,5.900000095,5.746841908,87538204
01/04/2020,5.755000114,5.929999828,5.675000191,5.71999979,5.57151413,125156456
02/04/2020,5.775000095,5.795000076,5.679999828,5.775000095,5.625086308,70466304
03/04/2020,5.795000076,5.900000095,5.755000114,5.815000057,5.664048672,90745988
06/04/2020,5.929999828,5.960000038,5.880000114,5.940000057,5.785804272,75569212
07/04/2020,5.994999886,6.335000038,5.980000019,6.099999905,5.941649914,270264028
08/04/2020,6.119999886,6.235000134,6.079999924,6.230000019,6.068274975,137222604
09/04/2020,6.309999943,6.355000019,6.190000057,6.304999828,6.141327858,139126952
10/04/2020,6.295000076,6.380000114,6.235000134,6.284999847,6.121846676,85295752
13/04/2020,6.224999905,6.324999809,6.179999828,6.235000134,6.073144913,81537096
14/04/2020,6.300000191,6.855000019,6.300000191,6.820000172,6.642959118,372904224
15/04/2020,6.860000134,6.949999809,6.394999981,6.565000057,6.394578934,266759168
16/04/2020,6.699999809,6.760000229,6.565000057,6.684999943,6.511463642,182507176
17/04/2020,6.800000191,6.875,6.704999924,6.78000021,6.603997707,119865568
20/04/2020,6.835000038,6.90500021,6.789999962,6.849999905,6.672180176,102817536
21/04/2020,6.804999828,6.815000057,6.710000038,6.739999771,6.565036297,90378996
22/04/2020,6.795000076,6.800000191,6.704999924,6.710000038,6.535814285,63896240
24/04/2020,6.690000057,6.699999809,6.570000172,6.659999847,6.487112522,89251068
27/04/2020,6.78000021,6.900000095,6.755000114,6.869999886,6.691660881,119561168
28/04/2020,6.885000229,6.929999828,6.815000057,6.829999924,6.652699947,77660712
29/04/2020,6.875,6.90500021,6.824999809,6.860000134,6.681921482,81888828
30/04/2020,6.885000229,6.925000191,6.659999847,6.795000076,6.618607998,97432060
04/05/2020,6.675000191,6.71999979,6.565000057,6.614999771,6.443280697,59715052
05/05/2020,6.659999847,6.784999847,6.585000038,6.764999866,6.589387417,88060816
06/05/2020,6.789999962,6.84499979,6.699999809,6.71999979,6.545555115,74282836
07/05/2020,6.695000172,6.815000057,6.659999847,6.724999905,6.550425053,56518048
08/05/2020,6.755000114,6.764999866,6.625,6.630000114,6.457891464,43608044
11/05/2020,6.675000191,6.724999905,6.650000095,6.699999809,6.526073933,30327204
12/05/2020,6.710000038,6.869999886,6.675000191,6.864999771,6.686790943,108585928
13/05/2020,6.840000153,7.329999924,6.820000172,7.179999828,6.993614197,261955280
14/05/2020,7.15500021,7.449999809,7.150000095,7.295000076,7.10562849,231400344
15/05/2020,7.400000095,7.425000191,7.21999979,7.224999905,7.037445545,97001320
18/05/2020,7.300000191,7.364999771,7.275000095,7.309999943,7.120239258,75022052
20/05/2020,7.335000038,7.454999924,7.300000191,7.364999771,7.173810959,117865228
21/05/2020,7.420000076,7.505000114,7.364999771,7.380000114,7.188421726,120767620
22/05/2020,7.364999771,7.40500021,7.289999962,7.324999809,7.134850025,76450248
27/05/2020,7.420000076,7.574999809,7.380000114,7.514999866,7.319917202,133444784
28/05/2020,7.565000057,7.614999771,7.465000153,7.525000095,7.329658031,104964588
29/05/2020,7.525000095,7.559999943,7.474999905,7.545000076,7.349139214,69962612
01/06/2020,7.619999886,7.974999905,7.590000153,7.965000153,7.758236408,151130452
02/06/2020,8.055000305,8.265000343,7.985000134,8.154999733,7.943304539,186777788
03/06/2020,8.135000229,8.135000229,7.934999943,7.949999809,7.743625164,123533480
04/06/2020,7.940000057,8.06499958,7.835000038,7.920000076,7.71440506,140795844
05/06/2020,7.974999905,8.020000458,7.929999828,7.974999905,7.767976284,56914600
08/06/2020,7.985000134,8.069999695,7.840000153,7.894999981,7.690053463,85604176
09/06/2020,7.929999828,7.949999809,7.820000172,7.90500021,7.699794769,60053268
10/06/2020,7.925000191,8.159999847,7.925000191,8.055000305,7.845900536,131770684
11/06/2020,7.974999905,8.175000191,7.960000038,8.06499958,7.855640411,119898320
12/06/2020,8.0,8.130000114,7.96999979,8.039999962,7.831289291,117614460
15/06/2020,8.0,8.074999809,7.965000153,8.0,7.792327404,64238968
16/06/2020,8.074999809,8.204999924,8.050000191,8.125,7.914083958,150918648
17/06/2020,8.159999847,8.175000191,7.974999905,7.980000019,7.772847176,93324508
18/06/2020,7.985000134,8.149999619,7.960000038,8.149999619,7.938432693,120117148
19/06/2020,8.204999924,8.524999619,8.050000191,8.145000458,7.933564663,356190168
22/06/2020,8.225000381,8.239999771,8.085000038,8.095000267,7.884862423,95457524
23/06/2020,8.109999657,8.140000343,8.034999847,8.055000305,7.845900536,72041576
24/06/2020,8.039999962,8.06000042,7.855000019,7.875,7.670572281,78512536
25/06/2020,7.875,7.994999886,7.789999962,7.849999905,7.646221638,92317476
26/06/2020,7.914999962,7.929999828,7.835000038,7.869999886,7.665702343,44253012
29/06/2020,7.869999886,8.109999657,7.84499979,8.029999733,7.821548939,119638324
30/06/2020,8.074999809,8.18500042,8.055000305,8.125,7.914083958,104257596
01/07/2020,8.18999958,8.305000305,8.119999886,8.18500042,7.97252655,155487528
02/07/2020,8.239999771,8.295000076,8.210000038,8.220000267,8.006614685,75761804
03/07/2020,8.229999542,8.244999886,8.0,8.074999809,7.865381241,88915920
06/07/2020,8.149999619,8.170000076,8.085000038,8.125,7.914083958,49211556
07/07/2020,8.135000229,8.225000381,8.034999847,8.145000458,7.933564663,102613012
08/07/2020,8.149999619,8.194999695,8.090000153,8.100000381,7.889731884,64326520
09/07/2020,8.119999886,8.229999542,7.949999809,7.994999886,7.787457943,114553700
10/07/2020,7.954999924,7.960000038,7.690000057,7.940000057,7.733884811,108957072
13/07/2020,7.989999771,8.104999542,7.989999771,8.085000038,7.875121593,62371424
14/07/2020,8.06499958,8.125,8.010000229,8.024999619,7.816679001,49901064
16/07/2020,8.085000038,8.305000305,8.06499958,8.279999733,8.065058708,141651032
17/07/2020,8.25,8.255000114,8.109999657,8.140000343,7.952212334,70598444
20/07/2020,8.114999771,8.354999542,8.085000038,8.289999962,8.098751068,128014948
21/07/2020,8.345000267,8.369999886,8.039999962,8.125,7.937559128,88453004
22/07/2020,8.145000458,8.484999657,8.095000267,8.43500042,8.24040699,255363812
23/07/2020,8.465000153,8.819999695,8.43999958,8.795000076,8.592102051,259234140
24/07/2020,8.734999657,9.015000343,8.704999924,8.774999619,8.572562218,199049508
27/07/2020,8.81000042,9.555000305,8.770000458,9.409999847,9.192913055,378658688
28/07/2020,9.460000038,9.579999924,9.154999733,9.170000076,8.958450317,294914660
29/07/2020,9.149999619,9.270000458,8.774999619,8.819999695,8.616524696,251565240
30/07/2020,8.850000381,8.880000114,8.645000458,8.81499958,8.611639977,77300136
04/08/2020,9.0,9.109999657,8.234999657,8.600000381,8.401599884,182412324
05/08/2020,8.68999958,8.739999771,8.300000191,8.460000038,8.264828682,93178612
06/08/2020,8.420000076,8.520000458,7.619999886,7.639999866,7.463746071,138183436
07/08/2020,7.599999905,8.395000458,7.114999771,8.395000458,8.201329231,219225806
10/08/2020,8.395000458,9.074999809,8.125,9.005000114,8.797255516,289847226
11/08/2020,9.055000305,9.43999958,9.0,9.06499958,8.855871201,196586594
12/08/2020,9.074999809,9.095000267,8.729999542,8.850000381,8.645832062,115929020
13/08/2020,8.885000229,9.069999695,8.729999542,8.800000191,8.596985817,126362710
14/08/2020,8.75,8.75,8.569999695,8.604999542,8.40648365,71475432
17/08/2020,8.645000458,8.960000038,8.609999657,8.93999958,8.733756065,88226604
18/08/2020,8.925000191,9.029999733,8.829999924,8.854999542,8.650716782,87739854
19/08/2020,8.949999809,9.020000458,8.875,8.944999695,8.738640785,107268428
20/08/2020,8.949999809,8.954999924,8.795000076,8.845000267,8.640948296,61837798
21/08/2020,8.859999657,8.965000153,8.659999847,8.675000191,8.474870682,61751850
24/08/2020,8.680000305,8.770000458,8.574999809,8.600000381,8.401599884,38523524
25/08/2020,8.649999619,8.670000076,8.289999962,8.390000343,8.196443558,61288830
26/08/2020,8.43999958,8.604999542,8.380000114,8.484999657,8.289253235,66874758
27/08/2020,8.524999619,8.574999809,8.43999958,8.465000153,8.269714355,36240266
28/08/2020,8.470000267,8.494999886,8.300000191,8.369999886,8.176904678,32290430
31/08/2020,8.375,8.380000114,8.104999542,8.135000229,7.947327614,63776248
01/09/2020,8.125,8.5,7.925000191,8.399999619,8.206212997,112022524
02/09/2020,8.409999847,8.479999542,8.305000305,8.31000042,8.118288994,81732678
03/09/2020,8.31000042,8.635000229,8.31000042,8.489999771,8.294137001,162593814
04/09/2020,8.465000153,8.550000191,8.380000114,8.43500042,8.24040699,91697070
07/09/2020,8.449999809,8.5,8.414999962,8.444999695,8.250174522,55170164
08/09/2020,8.479999542,8.529999733,8.324999809,8.335000038,8.142713547,48215596
09/09/2020,8.329999924,8.425000191,8.255000114,8.279999733,8.088981628,45066782
10/09/2020,8.300000191,8.425000191,8.274999619,8.300000191,8.108520508,49182502
11/09/2020,8.354999542,8.364999771,8.274999619,8.31000042,8.118288994,26953224
14/09/2020,8.340000153,8.430000305,8.329999924,8.359999657,8.167135239,41892808
15/09/2020,8.385000229,8.449999809,8.25,8.354999542,8.162251472,46940808
16/09/2020,8.380000114,8.385000229,8.289999962,8.329999924,8.137827873,27445446
17/09/2020,8.289999962,8.324999809,8.229999542,8.31499958,8.12317276,32430294
18/09/2020,8.375,8.380000114,8.300000191,8.31499958,8.12317276,26589304
21/09/2020,8.284999847,8.329999924,8.050000191,8.095000267,7.908250809,44686172
22/09/2020,8.109999657,8.220000267,8.024999619,8.145000458,7.95709753,43090372
23/09/2020,8.18500042,8.279999733,8.149999619,8.204999924,8.015711784,46808160
24/09/2020,8.135000229,8.494999886,8.119999886,8.484999657,8.289253235,105675028
25/09/2020,8.550000191,8.720000267,8.505000114,8.625,8.426023483,145500864
28/09/2020,8.619999886,8.850000381,8.619999886,8.739999771,8.538369179,108350496
29/09/2020,8.744999886,9.31000042,8.680000305,9.295000076,9.080565453,189117032
30/09/2020,9.229999542,9.899999619,9.055000305,9.729999542,9.505531311,447563012
01/10/2020,9.659999847,9.930000305,9.265000343,9.279999733,9.065912247,180170864
02/10/2020,9.225000381,9.43999958,9.125,9.210000038,8.997528076,137386246
05/10/2020,9.265000343,9.479999542,9.244999886,9.359999657,9.144065857,92429690
06/10/2020,9.380000114,9.43500042,9.270000458,9.274999619,9.061027527,64056986
07/10/2020,9.225000381,9.359999657,9.210000038,9.270000458,9.056144714,99825640
08/10/2020,9.31000042,9.380000114,9.005000114,9.024999619,8.816794395,118882404
09/10/2020,9.069999695,9.135000229,8.984999657,9.055000305,8.846101761,76894902
12/10/2020,9.079999924,9.145000458,9.024999619,9.039999962,8.831447601,49191804
13/10/2020,9.050000191,9.175000191,8.970000267,9.015000343,8.807025909,76976438
14/10/2020,9.034999847,9.090000153,8.989999771,9.024999619,8.816794395,54262846
15/10/2020,9.045000076,9.149999619,8.979999542,9.085000038,8.87541008,71589732
16/10/2020,9.100000381,9.119999886,8.989999771,9.024999619,8.840623856,47788774
19/10/2020,9.045000076,9.095000267,9.034999847,9.06000042,8.874909401,42082866
20/10/2020,9.06000042,9.18500042,9.039999962,9.095000267,8.909193993,97121320
21/10/2020,9.125,9.135000229,9.034999847,9.055000305,8.870010376,36937028
22/10/2020,9.045000076,9.244999886,9.0,9.140000343,8.953274727,104445530
23/10/2020,9.170000076,9.18999958,8.890000343,9.024999619,8.840623856,61194008
26/10/2020,8.975000381,8.975000381,8.529999733,8.529999733,8.355736732,75645250
27/10/2020,8.555000305,8.680000305,8.460000038,8.649999619,8.473284721,72478782
28/10/2020,8.645000458,8.930000305,8.56000042,8.699999809,8.522262573,70006862
30/10/2020,8.539999962,8.550000191,8.31000042,8.364999771,8.194108009,83431460
02/11/2020,8.414999962,9.069999695,8.414999962,8.819999695,8.639812469,197487454
03/11/2020,8.859999657,8.914999962,8.56499958,8.659999847,8.483080864,84847232
04/11/2020,8.774999619,8.914999962,8.664999962,8.680000305,8.502673149,63356932
05/11/2020,8.699999809,8.795000076,8.635000229,8.68999958,8.512468338,62890180
06/11/2020,8.704999924,8.765000343,8.664999962,8.715000153,8.536956787,47853686
09/11/2020,9.0,9.095000267,8.875,8.944999695,8.76225853,93037400
10/11/2020,8.895000458,9.125,8.840000153,9.005000114,8.82103157,64101264
11/11/2020,9.06000042,9.369999886,9.034999847,9.295000076,9.105107307,169142580
12/11/2020,9.5,9.699999809,9.074999809,9.140000343,8.953274727,237638996
13/11/2020,9.18999958,9.31000042,9.100000381,9.180000305,8.992458344,67599794
16/11/2020,9.229999542,9.289999962,9.079999924,9.095000267,8.909193993,44462550
17/11/2020,9.055000305,9.055000305,8.840000153,8.850000381,8.66919899,41473164
18/11/2020,8.854999542,9.079999924,8.854999542,9.079999924,8.894500732,51933438
19/11/2020,9.100000381,9.289999962,9.015000343,9.125,8.938581467,77616150
20/11/2020,9.164999962,9.25,9.125,9.175000191,8.987559319,46776352
23/11/2020,9.18500042,9.31499958,9.0,9.100000381,8.914092064,73408684
24/11/2020,9.119999886,9.25,9.074999809,9.149999619,8.963069916,47667792
25/11/2020,9.18999958,9.229999542,9.069999695,9.095000267,8.909193993,37759454
26/11/2020,9.140000343,9.194999695,9.06000042,9.145000458,8.958171844,38919372
27/11/2020,9.175000191,9.18500042,9.005000114,9.055000305,8.870010376,39639756
30/11/2020,8.954999924,9.010000229,8.75,8.765000343,8.585936546,46284718
01/12/2020,8.774999619,9.0,8.649999619,8.979999542,8.796543121,44860460
02/12/2020,8.994999886,9.125,8.859999657,8.914999962,8.732871056,54468302
03/12/2020,8.925000191,8.949999809,8.869999886,8.914999962,8.732871056,35275268
04/12/2020,8.885000229,8.925000191,8.840000153,8.850000381,8.66919899,26540794
07/12/2020,8.850000381,8.93999958,8.789999962,8.819999695,8.639812469,32300202
08/12/2020,8.81499958,8.93500042,8.800000191,8.81000042,8.630017281,44256258
09/12/2020,8.850000381,9.06499958,8.805000305,8.909999847,8.727973938,102781014
10/12/2020,8.93500042,8.989999771,8.774999619,8.81499958,8.634915352,51870658
11/12/2020,8.625,8.835000038,8.539999962,8.770000458,8.590834618,88299664
14/12/2020,8.895000458,9.005000114,8.770000458,8.93500042,8.752462387,116674734
15/12/2020,9.074999809,9.100000381,8.885000229,8.904999733,8.723074913,75387292
16/12/2020,8.909999847,9.100000381,8.899999619,8.954999924,8.772053719,134660736
17/12/2020,9.0,9.050000191,8.920000076,8.93500042,8.752462387,56205762
18/12/2020,8.925000191,8.994999886,8.899999619,8.920000076,8.761782646,31152142
21/12/2020,8.899999619,9.25,8.805000305,9.015000343,8.855098724,203570772
22/12/2020,9.055000305,9.079999924,8.954999924,8.965000153,8.805984497,66381690
23/12/2020,8.970000267,9.069999695,8.960000038,9.005000114,8.845273972,60489990
24/12/2020,9.005000114,9.104999542,9.0,9.020000458,8.860010147,80451136
25/12/2020,9.039999962,9.090000153,8.975000381,9.005000114,8.845273972,42809676
28/12/2020,9.050000191,9.055000305,9.0,9.010000229,8.850186348,26191262
29/12/2020,9.020000458,9.029999733,8.895000458,8.949999809,8.791250229,44879544
30/12/2020,8.970000267,9.454999924,8.965000153,9.220000267,9.056461334,254683148
31/12/2020,9.204999924,9.239999771,9.095000267,9.164999962,9.002437592,66814456
04/01/2021,9.175000191,9.305000305,9.149999619,9.180000305,9.01717186,72663000
05/01/2021,9.159999847,9.255000114,9.090000153,9.140000343,8.977880478,67539692
06/01/2021,9.25,9.475000381,9.215000153,9.354999542,9.18906498,147927014
07/01/2021,9.399999619,9.585000038,9.395000458,9.475000381,9.306939125,133026784
08/01/2021,9.529999733,9.574999809,9.449999809,9.489999771,9.32167244,64394274
11/01/2021,9.479999542,9.664999962,9.385000229,9.454999924,9.28729248,96954198
12/01/2021,9.534999847,9.574999809,9.420000076,9.444999695,9.277470589,48054804
13/01/2021,9.479999542,9.520000458,9.305000305,9.345000267,9.179244041,55987868
14/01/2021,9.395000458,9.449999809,9.220000267,9.270000458,9.105575562,49240584
15/01/2021,9.229999542,9.274999619,9.06000042,9.100000381,8.93859005,44392296
18/01/2021,9.090000153,9.25,8.965000153,9.215000153,9.051549911,49651104
19/01/2021,9.25,9.369999886,9.180000305,9.204999924,9.041726112,55836782
20/01/2021,9.239999771,9.25,9.095000267,9.114999771,8.953323364,35443596
21/01/2021,9.135000229,9.194999695,9.029999733,9.039999962,8.879653931,51839322
22/01/2021,9.0,9.244999886,8.970000267,9.149999619,8.98770237,60988062
25/01/2021,9.270000458,9.319999695,9.074999809,9.095000267,8.933678627,37586886
26/01/2021,9.085000038,9.180000305,9.024999619,9.170000076,9.007349014,48446662
27/01/2021,9.170000076,9.210000038,8.805000305,8.805000305,8.648822784,69258918
28/01/2021,8.75,8.949999809,8.640000343,8.854999542,8.697935104,88674640
29/01/2021,8.75,8.840000153,8.625,8.649999619,8.496571541,44792268
01/02/2021,8.704999924,8.765000343,8.635000229,8.710000038,8.555506706,35937508
02/02/2021,8.755000114,8.845000267,8.704999924,8.739999771,8.584975243,42142548
03/02/2021,8.760000229,9.0,8.760000229,8.965000153,8.805984497,102247916
04/02/2021,8.965000153,9.015000343,8.875,8.875,8.717581749,45062370
05/02/2021,8.920000076,8.975000381,8.805000305,8.824999809,8.668468475,35984980
08/02/2021,8.885000229,8.930000305,8.800000191,8.824999809,8.668468475,41251886
09/02/2021,8.850000381,9.154999733,8.840000153,9.029999733,8.869832039,124217620
10/02/2021,9.119999886,9.149999619,8.875,8.984999657,8.825629234,59667582
11/02/2021,8.975000381,9.050000191,8.890000343,8.895000458,8.737225533,31117090
12/02/2021,8.895000458,8.895000458,8.739999771,8.824999809,8.668468475,28490556
15/02/2021,8.854999542,8.93999958,8.854999542,8.920000076,8.761782646,28264036
16/02/2021,8.925000191,8.960000038,8.680000305,8.739999771,8.584975243,42351166
17/02/2021,8.765000343,8.800000191,8.680000305,8.720000267,8.565331459,36037182
18/02/2021,8.765000343,8.81499958,8.675000191,8.675000191,8.521129608,34338436
19/02/2021,8.680000305,8.875,8.680000305,8.864999771,8.707758904,53683492
22/02/2021,8.914999962,8.93999958,8.75,8.760000229,8.60461998,39100260
23/02/2021,8.805000305,8.890000343,8.524999619,8.539999962,8.388523102,78767316
24/02/2021,8.875,8.960000038,8.68500042,8.699999809,8.545683861,138373118
25/02/2021,8.829999924,8.845000267,8.539999962,8.545000076,8.393434525,69067346
26/02/2021,8.335000038,8.600000381,8.324999809,8.489999771,8.339408875,59681458
01/03/2021,8.550000191,8.649999619,8.534999847,8.609999657,8.457280159,42076518
02/03/2021,8.609999657,8.699999809,8.555000305,8.595000267,8.442547798,51012562
03/03/2021,8.645000458,8.725000381,8.574999809,8.604999542,8.45236969,59617484
04/03/2021,8.595000267,8.635000229,8.555000305,8.590000153,8.437636375,37384924
05/03/2021,8.574999809,8.789999962,8.555000305,8.609999657,8.457280159,87977790
08/03/2021,8.625,8.649999619,8.505000114,8.515000343,8.363966942,44476310
09/03/2021,8.550000191,8.654999733,8.524999619,8.585000038,8.432725906,56379312
10/03/2021,8.600000381,8.649999619,8.56499958,8.604999542,8.45236969,35315672
11/03/2021,8.649999619,8.704999924,8.56000042,8.569999695,8.417990685,58797002
12/03/2021,8.579999924,8.614999771,8.539999962,8.555000305,8.40325737,29446002
15/03/2021,8.550000191,8.739999771,8.539999962,8.640000343,8.486748695,71779498
16/03/2021,8.659999847,8.699999809,8.609999657,8.619999886,8.467103958,30205694
17/03/2021,8.625,8.654999733,8.520000458,8.529999733,8.378700256,33747364
18/03/2021,8.539999962,8.609999657,8.420000076,8.43999958,8.290296555,40487886
19/03/2021,8.430000305,8.43999958,8.145000458,8.18500042,8.039820671,42801360
22/03/2021,7.824999809,7.925000191,7.369999886,7.369999886,7.239274979,64743232
23/03/2021,7.284999847,7.599999905,6.840000153,7.519999981,7.386615276,83430882
24/03/2021,7.574999809,7.724999905,7.489999771,7.644999981,7.509397507,61992520
25/03/2021,7.644999981,7.855000019,7.53000021,7.53000021,7.396437645,52653358
26/03/2021,7.59499979,7.659999847,7.340000153,7.425000191,7.293300152,37757204
29/03/2021,7.434999943,7.605000019,7.434999943,7.559999943,7.425905228,35009540
30/03/2021,7.550000191,7.554999828,7.429999828,7.510000229,7.376792431,27100394
31/03/2021,7.510000229,7.565000057,7.454999924,7.474999905,7.342413425,28404212
01/04/2021,7.5,7.730000019,7.494999886,7.730000019,7.592890263,39475168
02/04/2021,7.730000019,7.764999866,7.639999866,7.75,7.612535477,22196036
05/04/2021,7.875,8.095000267,7.875,7.96999979,7.828632832,53476424
06/04/2021,7.960000038,8.029999733,7.75,7.764999866,7.627269268,39153780
07/04/2021,7.764999866,7.835000038,7.664999962,7.804999828,7.666559696,28016762
08/04/2021,7.829999924,7.860000134,7.704999924,7.704999924,7.568333626,22753782
09/04/2021,7.699999809,7.730000019,7.494999886,7.570000172,7.435728073,27203812
12/04/2021,7.519999981,7.570000172,7.420000076,7.525000095,7.391526222,23338350
13/04/2021,7.525000095,7.574999809,7.409999847,7.5,7.366969585,23516256
14/04/2021,7.550000191,7.699999809,7.545000076,7.650000095,7.514308929,18720966
15/04/2021,7.650000095,7.670000076,7.539999962,7.570000172,7.435728073,19781500
16/04/2021,7.519999981,7.679999828,7.519999981,7.605000019,7.470107079,22122900
19/04/2021,7.605000019,7.684999943,7.449999809,7.480000019,7.347324371,21935930
20/04/2021,7.449999809,7.550000191,7.375,7.460000038,7.327679157,20199980
21/04/2021,7.400000095,7.434999943,7.164999962,7.25,7.121403694,25295746
22/04/2021,7.114999771,7.324999809,7.110000134,7.275000095,7.145960808,24231808
26/04/2021,7.25,7.364999771,7.244999886,7.335000038,7.20489645,23917336
27/04/2021,7.369999886,7.75,7.369999886,7.744999886,7.607624054,61423132
28/04/2021,7.675000191,7.675000191,7.445000172,7.449999809,7.317856312,36101502
29/04/2021,7.480000019,7.605000019,7.480000019,7.510000229,7.376792431,28124968
30/04/2021,7.525000095,7.599999905,7.474999905,7.5,7.366969585,31385656
03/05/2021,7.519999981,7.570000172,7.505000114,7.554999828,7.420993805,23319352
04/05/2021,7.570000172,7.579999924,7.454999924,7.454999924,7.322767735,24900434
05/05/2021,7.46999979,7.474999905,7.360000134,7.454999924,7.322767735,22404290
06/05/2021,7.454999924,7.474999905,7.380000114,7.389999866,7.258920193,19719104
07/05/2021,7.40500021,7.625,7.400000095,7.519999981,7.386615276,60552732
10/05/2021,7.559999943,7.605000019,7.534999847,7.550000191,7.416083336,39390506
11/05/2021,7.485000134,7.534999847,7.434999943,7.460000038,7.327679157,26966558
12/05/2021,7.409999847,7.449999809,7.409999847,7.425000191,7.293300152,7266912
17/05/2021,7.485000134,7.585000038,7.480000019,7.585000038,7.450461864,27747220
18/05/2021,7.59499979,7.659999847,7.565000057,7.570000172,7.435728073,26656090
20/05/2021,7.565000057,7.614999771,7.510000229,7.525000095,7.391526222,28165920
21/05/2021,7.554999828,7.644999981,7.550000191,7.574999809,7.440639019,35098038
24/05/2021,7.585000038,7.815000057,7.585000038,7.695000172,7.558511257,96758570
25/05/2021,7.735000134,7.75,7.360000134,7.360000134,7.22945261,60638990
26/05/2021,7.414999962,7.525000095,7.375,7.519999981,7.386615276,31602706
27/05/2021,7.474999905,7.565000057,7.389999866,7.445000172,7.312945843,32616216
28/05/2021,7.440000057,7.545000076,7.389999866,7.519999981,7.386615276,55193488
31/05/2021,7.519999981,7.525000095,7.425000191,7.449999809,7.317856312,23529662
01/06/2021,7.494999886,7.610000134,7.474999905,7.525000095,7.391526222,48360552
02/06/2021,7.46999979,7.554999828,7.465000153,7.534999847,7.401348591,25942366
03/06/2021,7.554999828,7.619999886,7.440000057,7.514999866,7.381703377,37030724
04/06/2021,7.539999962,7.590000153,7.514999866,7.539999962,7.406259537,29895272
07/06/2021,7.574999809,7.789999962,7.570000172,7.730000019,7.592890263,68114728
08/06/2021,7.735000134,7.760000229,7.659999847,7.715000153,7.578155994,40074738
09/06/2021,7.715000153,7.735000134,7.639999866,7.650000095,7.514308929,28910144
10/06/2021,7.679999828,7.875,7.659999847,7.849999905,7.710761547,61797596
11/06/2021,7.880000114,7.974999905,7.804999828,7.804999828,7.666559696,77679588
14/06/2021,7.885000229,7.965000153,7.864999771,7.900000095,7.759874821,43611738
15/06/2021,7.840000153,7.934999943,7.664999962,7.78000021,7.642003536,72250706
16/06/2021,7.755000114,7.775000095,7.675000191,7.684999943,7.548687935,24104838
17/06/2021,7.644999981,7.670000076,7.545000076,7.545000076,7.411171913,30732452
18/06/2021,7.579999924,7.605000019,7.440000057,7.454999924,7.322767735,30363594
21/06/2021,7.485000134,7.619999886,7.474999905,7.619999886,7.484841347,40276882
22/06/2021,7.679999828,7.715000153,7.605000019,7.670000076,7.53395462,26662074
23/06/2021,7.704999924,7.775000095,7.579999924,7.579999924,7.445550919,37332392
24/06/2021,7.605000019,7.65500021,7.579999924,7.605000019,7.470107079,23739380
25/06/2021,7.625,7.630000114,7.5,7.514999866,7.381703377,24295732
28/06/2021,7.525000095,7.534999847,7.429999828,7.449999809,7.317856312,22509876
29/06/2021,7.449999809,7.505000114,7.364999771,7.505000114,7.371881008,28292872
30/06/2021,7.474999905,7.494999886,7.340000153,7.360000134,7.22945261,32490118
01/07/2021,7.360000134,7.440000057,7.34499979,7.440000057,7.308033943,21894048
02/07/2021,7.414999962,7.440000057,7.349999905,7.364999771,7.234364033,25812776
05/07/2021,7.369999886,7.53000021,7.355000019,7.514999866,7.381703377,31205606
06/07/2021,7.494999886,7.539999962,7.409999847,7.409999847,7.278565884,24416476
07/07/2021,7.409999847,7.485000134,7.409999847,7.434999943,7.30312252,21416480
08/07/2021,7.420000076,7.449999809,7.364999771,7.375,7.244186878,16636722
09/07/2021,7.375,7.414999962,7.340000153,7.400000095,7.268743515,17989390
12/07/2021,7.389999866,7.409999847,7.179999828,7.210000038,7.082113743,30208070
13/07/2021,7.21999979,7.255000114,7.105000019,7.110000134,6.983887672,21957122
14/07/2021,7.110000134,7.255000114,7.110000134,7.239999771,7.111580849,16737452
16/07/2021,7.21999979,7.304999828,7.159999847,7.230000019,7.101758957,19002562
19/07/2021,7.15500021,7.260000229,7.150000095,7.230000019,7.101758957,10290046
26/07/2021,7.210000038,7.304999828,7.190000057,7.284999847,7.1557827,24771514
27/07/2021,7.269999981,7.425000191,7.255000114,7.380000114,7.249098301,32734172
28/07/2021,7.375,7.474999905,7.340000153,7.429999828,7.298211098,40057644
29/07/2021,7.465000153,7.675000191,7.465000153,7.630000114,7.494663715,67999602
30/07/2021,7.599999905,7.769999981,7.599999905,7.755000114,7.617446423,63732904
02/08/2021,7.78000021,8.029999733,7.775000095,8.020000458,7.877746582,100854204
03/08/2021,8.005000114,8.090000153,7.929999828,8.090000153,7.946504593,90300310
04/08/2021,8.090000153,8.100000381,7.925000191,7.940000057,7.799165249,35893848
05/08/2021,7.900000095,8.06000042,7.889999866,8.020000458,7.877746582,43748568
06/08/2021,8.0,8.055000305,7.914999962,7.985000134,7.8433671,28440426
09/08/2021,7.989999771,8.050000191,7.909999847,7.909999847,7.769697189,32221640
10/08/2021,7.920000076,8.024999619,7.914999962,7.949999809,7.808988094,26164952
11/08/2021,7.954999924,7.985000134,7.644999981,7.650000095,7.514308929,47167146
12/08/2021,7.715000153,7.795000076,7.684999943,7.75,7.612535477,24299348
13/08/2021,7.75,7.775000095,7.695000172,7.724999905,7.58797884,15872284
16/08/2021,7.724999905,7.820000172,7.690000057,7.715000153,7.578155994,21127584
17/08/2021,7.715000153,7.724999905,7.630000114,7.715000153,7.578155994,23959430
18/08/2021,7.735000134,7.75,7.630000114,7.630000114,7.494663715,22554044
19/08/2021,7.574999809,7.679999828,7.574999809,7.639999866,7.504486084,30635428
20/08/2021,7.639999866,7.690000057,7.585000038,7.690000057,7.553599834,21467874
23/08/2021,7.71999979,7.880000114,7.715000153,7.815000057,7.676382542,33259222
24/08/2021,7.824999809,7.885000229,7.809999943,7.829999924,7.691115856,26039080
25/08/2021,7.829999924,7.96999979,7.775000095,7.864999771,7.725495338,52087282
26/08/2021,7.864999771,8.005000114,7.820000172,7.840000153,7.700939655,48430940
27/08/2021,7.869999886,7.945000172,7.824999809,7.90500021,7.764786243,40053974
31/08/2021,7.929999828,7.989999771,7.875,7.945000172,7.804077148,31985796
01/09/2021,7.96999979,7.985000134,7.849999905,7.855000019,7.71567297,33646000
02/09/2021,7.849999905,7.90500021,7.84499979,7.864999771,7.725495338,20682360
03/09/2021,7.864999771,7.880000114,7.78000021,7.849999905,7.710761547,24012438
06/09/2021,7.860000134,7.880000114,7.824999809,7.84499979,7.705850124,15571338
07/09/2021,7.840000153,7.864999771,7.699999809,7.699999809,7.563422203,20692442
08/09/2021,7.699999809,7.71999979,7.585000038,7.590000153,7.455373287,21770442
09/09/2021,7.585000038,7.664999962,7.545000076,7.664999962,7.529042721,24304588
10/09/2021,7.679999828,7.699999809,7.550000191,7.559999943,7.425905228,19767602
13/09/2021,7.559999943,7.610000134,7.534999847,7.554999828,7.420993805,16365292
14/09/2021,7.554999828,7.579999924,7.454999924,7.480000019,7.347324371,25945932
15/09/2021,7.480000019,7.534999847,7.380000114,7.380000114,7.249098301,34834574
16/09/2021,7.400000095,7.460000038,7.335000038,7.355000019,7.224541187,20817088
17/09/2021,7.375,7.429999828,7.340000153,7.429999828,7.298211098,22902270
20/09/2021,7.369999886,7.489999771,7.230000019,7.489999771,7.35714674,23315236
21/09/2021,7.480000019,7.510000229,7.360000134,7.364999771,7.234364033,33293302
22/09/2021,7.389999866,7.449999809,7.329999924,7.449999809,7.317856312,19372210
23/09/2021,7.420000076,7.525000095,7.409999847,7.449999809,7.317856312,29414166
24/09/2021,7.40500021,7.440000057,7.320000172,7.340000153,7.209807396,19636256
27/09/2021,7.360000134,7.409999847,7.320000172,7.369999886,7.239274979,19977292
28/09/2021,7.340000153,7.375,7.269999981,7.309999943,7.180339336,18301696
29/09/2021,7.34499979,7.40500021,7.324999809,7.375,7.244186878,21894576
30/09/2021,7.375,7.585000038,7.349999905,7.570000172,7.435728073,53277822
01/10/2021,7.5,7.610000134,7.480000019,7.53000021,7.396437645,40343858
04/10/2021,7.545000076,7.695000172,7.545000076,7.610000134,7.475018501,51025642
05/10/2021,7.635000229,7.650000095,7.525000095,7.534999847,7.401348591,35779774
06/10/2021,7.505000114,7.53000021,7.34499979,7.414999962,7.28347683,43895008
07/10/2021,7.454999924,7.755000114,7.454999924,7.755000114,7.617446423,99431242
08/10/2021,7.789999962,7.920000076,7.699999809,7.885000229,7.745141029,143678606
11/10/2021,7.914999962,7.985000134,7.869999886,7.909999847,7.769697189,65939350
12/10/2021,7.849999905,8.260000229,7.849999905,8.170000076,8.025085449,169049268
13/10/2021,8.194999695,8.324999809,8.125,8.149999619,8.005439758,170140262
14/10/2021,8.154999733,8.354999542,8.154999733,8.284999847,8.138046265,141070152
15/10/2021,8.31499958,8.340000153,8.140000343,8.244999886,8.098755836,86642802
18/10/2021,8.199999809,8.229999542,8.020000458,8.135000229,7.990706921,89867770
19/10/2021,8.149999619,8.274999619,8.149999619,8.199999809,8.054553032,58942452
20/10/2021,8.220000267,8.255000114,8.114999771,8.149999619,8.005439758,91938432
21/10/2021,8.140000343,8.319999695,8.104999542,8.305000305,8.157691956,87305072
22/10/2021,8.305000305,8.454999924,8.265000343,8.350000381,8.201892853,98214642
25/10/2021,8.25,8.404999733,8.25,8.340000153,8.192070007,79233384
26/10/2021,8.375,8.574999809,8.375,8.484999657,8.334498405,81357380
27/10/2021,8.270000458,8.300000191,8.180000305,8.239999771,8.09384346,121761514
28/10/2021,8.244999886,8.270000458,8.215000153,8.215000153,8.069288254,21549112
01/11/2021,8.239999771,8.31499958,8.18500042,8.239999771,8.09384346,55145814
02/11/2021,8.229999542,8.284999847,8.145000458,8.159999847,8.015262604,33224556
03/11/2021,8.159999847,8.265000343,7.764999866,8.119999886,7.975971222,71054410
04/11/2021,8.199999809,8.350000381,8.154999733,8.340000153,8.192070007,87697692
05/11/2021,8.364999771,8.420000076,8.284999847,8.359999657,8.211714745,90015534
08/11/2021,8.369999886,8.56000042,8.369999886,8.460000038,8.309941292,116160188
09/11/2021,8.479999542,8.694999695,8.460000038,8.600000381,8.447459221,122013752
10/11/2021,8.604999542,8.640000343,8.449999809,8.539999962,8.388523102,82248038
11/11/2021,8.524999619,8.729999542,8.524999619,8.595000267,8.442547798,112299320
12/11/2021,8.630000114,8.710000038,8.614999771,8.680000305,8.526040077,79140104
15/11/2021,8.800000191,9.090000153,8.789999962,9.010000229,8.850186348,128620152
16/11/2021,9.015000343,9.079999924,8.909999847,8.909999847,8.751959801,94973666
17/11/2021,8.909999847,9.06000042,8.909999847,9.055000305,8.894387245,67439712
18/11/2021,9.079999924,9.395000458,9.024999619,9.319999695,9.154687881,157489212
19/11/2021,9.335000038,9.524999619,9.329999924,9.369999886,9.291250229,82372096
22/11/2021,9.505000114,9.524999619,9.255000114,9.340000153,9.261501312,62038250
23/11/2021,9.369999886,9.68500042,9.369999886,9.645000458,9.563938141,163089762
24/11/2021,9.75,10.53999996,9.75,10.5,10.4117527,151995132
25/11/2021,10.57999992,11.0,10.51000023,10.64000034,10.55057526,173648686
26/11/2021,10.5,10.69999981,10.26000023,10.34000015,10.25309658,126525372
29/11/2021,10.47999954,11.36999989,10.46000004,11.36999989,11.27443981,168603494
30/11/2021,11.39999962,11.72999954,10.60000038,10.86999989,10.77864265,310690406
01/12/2021,11.03999996,11.28999996,10.73999977,10.92000008,10.82822227,197947728
02/12/2021,10.98999977,11.22000027,10.93000031,10.94999981,10.85797024,108781946
03/12/2021,11.03999996,11.14999962,10.97000027,10.97999954,10.88771725,83052296
06/12/2021,11.06999969,11.40999985,10.84000015,11.27000046,11.17528152,115317972
07/12/2021,11.39000034,11.68999958,11.18999958,11.53999996,11.44301224,215510868
08/12/2021,11.64999962,12.26000023,11.63000011,11.94999981,11.84956551,222898702
09/12/2021,12.07999992,12.93999958,12.06000042,12.52000046,12.41477585,252201382
10/12/2021,12.56000042,12.64000034,12.02000046,12.25,12.14704418,139113092
13/12/2021,12.36999989,13.07999992,12.32999992,12.88000011,12.7717495,202470152
14/12/2021,13.13000011,13.31000042,12.89000034,13.09000015,12.97998428,102453296
15/12/2021,13.30000019,13.30000019,12.72000027,12.76000023,12.65275764,119571244
16/12/2021,12.89999962,13.68000031,12.81999969,13.67000008,13.55510998,170126778
17/12/2021,13.89999962,14.52999973,12.31000042,12.31000042,12.20654011,169112710
20/12/2021,12.14999962,12.81000042,11.07999992,12.10000038,11.99830532,120480416
21/12/2021,12.47999954,12.98999977,10.89000034,10.89000034,10.79847527,73273946
22/12/2021,10.35000038,10.93999958,9.925000191,10.03999996,9.955617905,113309938
23/12/2021,10.19999981,10.35000038,9.335000038,9.914999962,9.831668854,101531212
24/12/2021,9.954999924,10.81000042,9.899999619,10.81000042,10.71914768,80723248
27/12/2021,10.98999977,11.31000042,10.73999977,10.90999985,10.81830597,93720370
28/12/2021,11.01000023,11.10000038,10.42000008,10.57999992,10.49107933,52641402
29/12/2021,10.5,10.93000031,10.21000004,10.81999969,10.72906208,78238534
30/12/2021,10.97000027,11.07999992,10.51000023,10.56000042,10.47124863,57873860
31/12/2021,10.64000034,10.67000008,10.35999966,10.43999958,10.35225582,38037822
03/01/2022,10.48999977,10.89999962,10.42000008,10.89999962,10.80839062,61064146
04/01/2022,11.01000023,11.39000034,10.92000008,11.25,11.15544891,106163426
05/01/2022,11.26000023,11.55000019,11.06000042,11.51000023,11.41326427,89890050
06/01/2022,11.38000011,11.88000011,11.34000015,11.63000011,11.53225613,118434816
07/01/2022,11.72999954,11.84000015,11.47000027,11.72999954,11.63141537,64605930
10/01/2022,11.84000015,12.36999989,11.81000042,12.10000038,11.99830532,143423396
11/01/2022,12.26000023,12.28999996,11.72000027,12.0,11.89914608,118264414
12/01/2022,12.18999958,12.26000023,12.0,12.07999992,11.97847366,71043126
13/01/2022,12.10000038,12.44999981,12.06000042,12.14999962,12.04788494,150168774
14/01/2022,12.14000034,12.17000008,11.89000034,12.06999969,11.9685564,76699158
17/01/2022,12.26000023,12.44999981,12.10999966,12.10999966,12.00822067,103946860
18/01/2022,12.10000038,12.22000027,11.39999962,11.39999962,11.30418777,74117382
19/01/2022,11.39000034,11.65999985,11.03999996,11.60999966,11.51242256,105702304
20/01/2022,11.65999985,11.72000027,11.07999992,11.27000046,11.17528152,87775316
21/01/2022,11.18000031,11.27999973,11.02999973,11.14999962,11.05628872,55845374
24/01/2022,11.14000034,11.27000046,10.43000031,10.43999958,10.35225582,81098178
25/01/2022,10.52000046,10.67000008,10.21000004,10.57999992,10.49107933,60528668
26/01/2022,10.64999962,10.84000015,10.60000038,10.68000031,10.59023952,49702876
27/01/2022,10.53999996,11.14999962,10.48999977,11.14999962,11.05628872,80088846
28/01/2022,11.15999985,11.27999973,10.93000031,10.96000004,10.86788654,60787524
31/01/2022,11.06999969,11.14999962,10.76000023,10.80000019,10.70923138,50038984
01/02/2022,10.89999962,10.98999977,10.71000004,10.75,10.65965176,52156078
02/02/2022,10.82999992,10.90999985,10.56999969,10.63000011,10.54065895,54389088
03/02/2022,10.53999996,10.72000027,10.25,10.36999989,10.28284454,60105416
04/02/2022,10.40999985,10.43999958,10.18000031,10.26000023,10.173769,41525386
07/02/2022,10.23999977,10.55000019,10.02000046,10.52999973,10.44149971,59446254
08/02/2022,10.52999973,10.68000031,10.40999985,10.53999996,10.45141506,71427850
09/02/2022,10.64000034,10.80000019,10.60999966,10.68999958,10.60015392,62481950
10/02/2022,10.71000004,10.77999973,10.56000042,10.60000038,10.51091194,50218310
11/02/2022,10.48999977,10.90999985,10.36999989,10.86999989,10.77864265,87931308
14/02/2022,10.90999985,11.13000011,10.52000046,10.92000008,10.82822227,197455530
15/02/2022,10.98999977,11.06999969,10.82999992,10.88000011,10.78855801,95464866
16/02/2022,10.89999962,11.18999958,10.88000011,11.13000011,11.03645706,122901710
17/02/2022,11.15999985,11.18000031,10.84000015,10.85000038,10.758811,90832464
18/02/2022,10.92000008,10.98999977,10.67000008,10.82999992,10.73897839,46936258
21/02/2022,10.96000004,11.03999996,10.68999958,10.81000042,10.71914768,65623882
22/02/2022,10.52999973,10.80000019,10.46000004,10.73999977,10.6497345,61527616
23/02/2022,10.78999996,10.81999969,10.5,10.5,10.4117527,44621566
24/02/2022,9.699999809,10.07999992,9.449999809,9.449999809,9.370576859,75921236
25/02/2022,9.550000191,10.35000038,9.534999847,10.27000046,10.1836853,93572160
28/02/2022,10.13000011,11.14000034,10.07999992,11.11999989,11.02654076,124740042
01/03/2022,11.26000023,12.0,11.22999954,12.0,11.89914608,188166302
02/03/2022,11.85000038,11.98999977,11.42000008,11.47999954,11.38351536,150491696
03/03/2022,11.60000038,12.19999981,11.57999992,11.90999985,11.80990219,178406074
04/03/2022,11.96000004,12.38000011,11.96000004,12.10000038,11.99830532,128084502
07/03/2022,12.19999981,12.35000038,11.77999973,12.14999962,12.04788494,134407832
08/03/2022,12.13000011,13.18999958,12.06000042,12.96000004,12.85107613,209810550
09/03/2022,13.17000008,13.21000004,12.44999981,12.5,12.39494228,114997446
10/03/2022,12.55000019,12.72000027,12.17000008,12.21000004,12.10738087,111703594
11/03/2022,12.22999954,12.52999973,12.14999962,12.17000008,12.0677166,75158122
14/03/2022,12.19999981,12.30000019,12.0,12.05000019,11.9487257,47524964
15/03/2022,12.01000023,12.27999973,11.89000034,11.97999954,11.87931347,61533468
16/03/2022,12.05000019,12.17000008,11.68999958,11.72000027,11.62149906,55985130
17/03/2022,11.77000046,11.98999977,11.75,11.89000034,11.79007053,72941318
18/03/2022,11.89000034,11.96000004,11.64999962,11.64999962,11.55208683,54295536
21/03/2022,11.78999996,12.14000034,11.75,12.07999992,11.97847366,97519306
22/03/2022,12.19999981,12.26000023,12.09000015,12.14999962,12.04788494,67647036
23/03/2022,12.22000027,12.26000023,11.90999985,11.96000004,11.85948181,61046080
24/03/2022,11.97000027,12.10999966,11.80000019,11.80000019,11.70082664,53305316
25/03/2022,11.89000034,12.03999996,11.77000046,11.92000008,11.81981754,76045094
28/03/2022,12.02000046,12.02999973,11.77999973,11.78999996,11.69091129,62684776
29/03/2022,11.84000015,12.06999969,11.81999969,11.96000004,11.85948181,104451518
30/03/2022,12.06000042,12.35000038,12.06000042,12.18999958,12.08754921,155028838
31/03/2022,12.25,12.31000042,12.0,12.06999969,11.9685564,91759364
01/04/2022,12.11999989,12.43000031,12.06000042,12.39000034,12.28586769,132780732
04/04/2022,12.55000019,12.73999977,12.55000019,12.67000008,12.56351471,202074508
05/04/2022,12.81999969,13.11999989,12.73999977,13.01000023,12.9006567,303253200
06/04/2022,13.07999992,13.14000034,12.77000046,12.77000046,12.6626749,147904948
07/04/2022,13.19999981,13.31999969,12.93999958,13.05000019,12.94032097,148144138
08/04/2022,13.38000011,14.10999966,13.22999954,13.94999981,13.83275604,310757492
11/04/2022,13.96000004,14.31999969,13.82999992,13.98999977,13.87242031,211629196
12/04/2022,13.94999981,14.14000034,13.72000027,13.89999962,13.78317642,156870566
13/04/2022,14.02000046,14.32999992,13.71000004,13.93000031,13.81292534,210551940
14/04/2022,14.07999992,14.11999989,13.89000034,13.90999985,13.79309273,82523382
15/04/2022,13.92000008,13.93999958,13.76000023,13.77000046,13.65427017,63319118
18/04/2022,13.81000042,14.21000004,13.72000027,14.07999992,13.9616642,189148064
19/04/2022,14.30000019,14.34000015,13.76000023,13.85999966,13.74351311,152201464
20/04/2022,13.93999958,14.09000015,13.80000019,13.93000031,13.81292534,114289236
21/04/2022,13.96000004,14.27000046,13.96000004,14.26000023,14.14015198,185998482
22/04/2022,14.17000008,14.39999962,13.47000027,13.5,13.38653851,227745600
25/04/2022,13.32999992,13.64999962,13.06999969,13.5,13.38653851,135618228
26/04/2022,13.63000011,13.68999958,12.64999962,12.80000019,12.69242191,116886062
27/04/2022,12.67000008,12.75,12.35999966,12.56999969,12.46435452,131936316
28/04/2022,12.68999958,12.80000019,12.32999992,12.38000011,12.27595139,101803198
29/04/2022,12.51000023,12.52000046,12.07999992,12.25,12.14704418,104533418
05/05/2022,12.47000027,12.48999977,12.27999973,12.32999992,12.22637177,107242210
06/05/2022,12.27999973,12.27999973,11.97000027,12.05000019,11.9487257,103899272
09/05/2022,12.03999996,12.13000011,11.85000038,11.86999989,11.77023792,92121604
10/05/2022,11.97000027,12.0,11.89000034,11.94999981,11.84956551,17613802
11/05/2022,12.18000031,12.22000027,11.86999989,11.93000031,11.8297348,170257316
12/05/2022,11.77000046,11.85999966,11.28999996,11.31999969,11.22486019,179777664
13/05/2022,11.46000004,11.60999966,11.39000034,11.47999954,11.38351536,100357342
16/05/2022,11.51000023,11.68999958,11.30000019,11.30000019,11.20502949,106594606
17/05/2022,11.44999981,11.46000004,11.23999977,11.23999977,11.14553356,95908244
18/05/2022,11.19999981,11.28999996,11.03999996,11.11999989,11.02654076,103454982
20/05/2022,11.11999989,11.63000011,11.07999992,11.39000034,11.29427338,310364650
23/05/2022,11.51000023,11.92000008,11.51000023,11.80000019,11.70082664,195676700
24/05/2022,11.86999989,11.89999962,11.52000046,11.52999973,11.43309498,88426238
25/05/2022,11.56999969,11.92000008,11.56999969,11.82999992,11.73057461,135682030
26/05/2022,11.85999966,12.05000019,11.85000038,11.98999977,11.88922977,117617450
27/05/2022,12.02000046,12.03999996,11.72999954,11.75,11.65124702,73835448
30/05/2022,11.92000008,12.19999981,11.89999962,12.09000015,11.98838997,173568008
31/05/2022,12.11999989,12.35000038,12.07999992,12.22999954,12.12721157,148980246
01/06/2022,12.28999996,12.48999977,12.21000004,12.44999981,12.34536266,128986168
02/06/2022,12.52999973,12.56999969,12.36999989,12.42000008,12.31561565,84012552
03/06/2022,12.47000027,12.48999977,12.15999985,12.17000008,12.0677166,74734852
06/06/2022,12.26000023,12.53999996,12.26000023,12.40999985,12.30569839,106955790
07/06/2022,12.43000031,12.48999977,12.23999977,12.31000042,12.20654011,71126118
08/06/2022,12.38000011,12.43000031,11.63000011,11.68999958,11.5917511,99333856
09/06/2022,11.68999958,11.86999989,11.55000019,11.85000038,11.75040722,79265630
10/06/2022,11.72999954,11.82999992,11.57999992,11.61999989,11.52233887,68793954
13/06/2022,11.52999973,11.67000008,11.39000034,11.39999962,11.30418777,54016368
14/06/2022,11.44999981,11.72999954,11.40999985,11.64000034,11.54217148,81791282
15/06/2022,11.69999981,11.80000019,11.60999966,11.63000011,11.53225613,63454830
16/06/2022,11.64000034,11.68999958,11.27000046,11.38000011,11.28435612,62741514
17/06/2022,11.40999985,11.64999962,11.39000034,11.61999989,11.52233887,63029874
20/06/2022,11.68000031,11.94999981,11.60999966,11.92000008,11.81981754,68164362
21/06/2022,11.97999954,12.18000031,11.96000004,12.09000015,11.98838997,73445844
22/06/2022,12.01000023,12.06000042,11.86999989,11.86999989,11.77023792,62076322
23/06/2022,11.88000011,12.02999973,11.61999989,11.64999962,11.55208683,65776270
24/06/2022,11.72000027,12.43999958,11.72000027,12.27999973,12.17679214,200372498
27/06/2022,11.98999977,11.98999977,11.98999977,11.98999977,11.88922977,1129318
28/06/2022,12.03999996,12.06000042,11.44999981,11.60000038,11.50250816,93385540
29/06/2022,12.0,12.01000023,11.27000046,11.34000015,11.2446928,120535146
30/06/2022,11.31000042,11.64000034,11.10000038,11.43000031,11.33393574,122527312
01/07/2022,11.39000034,11.68999958,11.39000034,11.43999958,11.34385204,71045460
04/07/2022,11.48999977,11.56999969,11.15999985,11.18000031,11.08603668,68344040
05/07/2022,11.30000019,11.39999962,10.78999996,10.81999969,10.72906208,78704514
06/07/2022,10.89000034,11.03999996,10.77000046,11.02000046,10.92738247,69640516
07/07/2022,11.02000046,11.10999966,10.92000008,11.03999996,10.94721413,40607450
08/07/2022,11.02000046,11.14000034,10.98999977,11.10000038,11.00671005,18883080
13/07/2022,11.10000038,11.11999989,10.88000011,10.97999954,10.88771725,39638602
14/07/2022,10.98999977,11.02999973,10.80000019,10.81000042,10.71914768,47759898
18/07/2022,10.97000027,11.05000019,10.92000008,10.98999977,10.89763451,44651662
19/07/2022,10.96000004,11.17000008,10.93999958,11.14999962,11.05628872,54203426
20/07/2022,11.18999958,11.23999977,11.05000019,11.09000015,10.99679375,52161648
21/07/2022,11.10999966,11.26000023,11.10999966,11.15999985,11.06620502,70390616
22/07/2022,11.19999981,11.32999992,11.13000011,11.18000031,11.08603668,55550756
25/07/2022,11.18000031,11.31000042,11.14999962,11.23999977,11.14553356,53313822
26/07/2022,11.26000023,11.32999992,11.11999989,11.13000011,11.03645706,42598684
27/07/2022,11.15999985,11.34000015,11.13000011,11.17000008,11.07612133,56232926
28/07/2022,11.27999973,11.30000019,11.02000046,11.05000019,10.95713043,50876244
29/07/2022,11.07999992,11.17000008,10.97999954,11.10000038,11.00671005,50049296
01/08/2022,11.14000034,11.53999996,11.13000011,11.53999996,11.44301224,99987490
02/08/2022,11.56000042,11.59000015,11.32999992,11.35999966,11.26452446,68389868
03/08/2022,11.39000034,11.68999958,11.38000011,11.60000038,11.50250816,82253388
04/08/2022,11.73999977,11.78999996,11.68000031,11.68999958,11.5917511,54752906
05/08/2022,11.75,11.89000034,11.65999985,11.77999973,11.68099499,107172236
08/08/2022,11.81999969,12.06000042,11.81999969,12.0,11.89914608,82138506
09/08/2022,12.07999992,12.19999981,11.86999989,11.97999954,11.87931347,74653268
10/08/2022,11.92000008,12.06000042,11.89999962,12.0,11.89914608,58954528
11/08/2022,12.11999989,12.27999973,12.02999973,12.05000019,11.9487257,82995538
12/08/2022,12.09000015,12.38000011,11.92000008,12.27999973,12.17679214,154211320
15/08/2022,12.39999962,12.5,12.21000004,12.22999954,12.12721157,95126082
16/08/2022,12.27000046,12.30000019,11.64000034,12.02000046,11.91897774,118787010
17/08/2022,12.10000038,12.43999958,12.05000019,12.42000008,12.31561565,143957642
18/08/2022,12.52000046,12.97999954,12.25,12.96000004,12.85107613,285236814
19/08/2022,13.03999996,13.14000034,12.68999958,12.77000046,12.6626749,136942474
22/08/2022,12.77000046,13.05000019,12.63000011,12.89999962,12.7915802,159738244
23/08/2022,12.93000031,13.27000046,12.92000008,12.98999977,12.88082409,228436528
24/08/2022,13.09000015,13.18999958,12.64999962,12.68000031,12.57343102,143601980
25/08/2022,12.72000027,13.17000008,12.68000031,13.10000038,12.98990059,187597498
26/08/2022,13.18999958,13.93000031,13.06999969,13.35000038,13.23779964,337086564
29/08/2022,13.38000011,13.53999996,13.10999966,13.22999954,13.11880779,101966038
31/08/2022,13.38000011,13.51000023,13.02999973,13.02999973,12.92048836,110908952
01/09/2022,12.97999954,13.14000034,12.72000027,12.72000027,12.61309433,116253712
02/09/2022,12.77000046,13.69999981,12.75,13.61999989,13.50553036,233916422
05/09/2022,13.72999954,14.52000046,13.72999954,14.39000034,14.26905918,288766444
06/09/2022,14.55000019,14.82999992,13.82999992,14.10000038,13.98149681,262502204
07/09/2022,14.13000011,14.68000031,14.02999973,14.32999992,14.20956326,244877192
08/09/2022,14.5,14.86999989,13.89999962,14.02000046,13.90216923,242440954
09/09/2022,14.10999966,14.89000034,14.10999966,14.65999985,14.53678894,286149790
12/09/2022,14.98999977,16.12000084,14.75,16.12000084,15.984519,393813008
13/09/2022,16.89999962,17.10000038,15.0,15.0,14.87393188,508454116
14/09/2022,14.82999992,16.5,14.31000042,16.5,16.36132431,372344892
15/09/2022,16.97999954,18.03000069,16.57999992,16.93000031,16.7877121,630451656
16/09/2022,16.93000031,17.63999939,16.64999962,16.89999962,16.75796318,353236218
19/09/2022,16.95000076,17.14999962,15.21000004,15.21000004,15.08216667,211126912
20/09/2022,15.26000023,15.68999958,14.5,15.38000011,15.25073814,271222364
21/09/2022,15.39999962,16.22999954,15.25,15.53999996,15.40939331,290315412
22/09/2022,15.56000042,15.84000015,15.35999966,15.46000004,15.33006573,143955020
23/09/2022,15.5,15.56000042,15.01000023,15.05000019,14.92351151,92047380
26/09/2022,15.0,15.44999981,14.89999962,15.07999992,14.95325851,121404764
27/09/2022,15.11999989,15.42000008,14.80000019,14.84000015,14.71527672,110987658
28/09/2022,14.80000019,15.05000019,14.31000042,14.36999989,14.24922657,111182566
29/09/2022,14.5,15.35999966,14.26000023,14.94999981,14.82435226,268269508
30/09/2022,15.0,15.03999996,14.52000046,14.64999962,14.52687263,128202462
03/10/2022,14.76000023,15.98999977,14.76000023,15.93999958,15.80603123,187730150
04/10/2022,16.03000069,16.30999947,15.57999992,15.65999985,15.52838421,176585898
05/10/2022,15.80000019,15.89000034,15.31999969,15.47999954,15.34989643,132534356
06/10/2022,15.60999966,15.97000027,15.56000042,15.72000027,15.58788013,129674008
07/10/2022,15.77000046,16.13999939,15.68000031,15.73999977,15.60771275,193732298
10/10/2022,15.89999962,16.39999962,15.89999962,16.38999939,16.25224876,209799654
11/10/2022,16.43000031,16.43000031,16.07999992,16.12999916,15.99443436,154275802
12/10/2022,16.5,16.62000084,15.73999977,15.81000042,15.67712498,190112260
13/10/2022,15.82999992,15.92000008,15.44999981,15.53999996,15.40939331,133435172
14/10/2022,15.75,15.84000015,15.52999973,15.56999969,15.43914032,103597310
17/10/2022,15.67000008,16.56999969,15.57999992,16.35000038,16.21258736,269637726
18/10/2022,16.51000023,16.98999977,16.30999947,16.73999977,16.59930611,249000380
19/10/2022,16.85000038,17.12999916,16.37999916,16.37999916,16.24233246,169460380
20/10/2022,16.51000023,16.61000061,16.11000061,16.26000023,16.12334251,190703354
21/10/2022,16.25,16.29000092,15.92000008,15.92000008,15.78619957,119903678
24/10/2022,15.97999954,16.21999931,15.89000034,15.93999958,15.80603123,121275966
25/10/2022,16.01000023,16.28000069,15.84000015,15.94999981,15.81594753,177619610
26/10/2022,16.06999969,16.61000061,16.04000092,16.61000061,16.47040176,204725050
27/10/2022,16.68000031,16.70000076,16.12000084,16.18000031,16.04401398,128615440
28/10/2022,16.0,16.12999916,15.89999962,15.89999962,15.76636791,36046072
31/10/2022,15.93999958,16.22999954,15.85000038,16.11000061,15.97460365,103502914
01/11/2022,16.15999985,16.86000061,16.12999916,16.67000008,16.52989769,224811198
02/11/2022,16.70999908,18.20999908,16.62000084,17.94000053,17.78922462,464580694
03/11/2022,17.95999908,18.07999992,17.19000053,17.25,17.10502243,267146266
04/11/2022,17.32999992,17.73999977,17.20000076,17.55999947,17.41241646,221552396
07/11/2022,17.70999908,18.29000092,17.62999916,17.82999992,17.68014717,264840192
08/11/2022,17.90999985,18.60000038,17.64999962,18.09000015,17.93796158,334216540
09/11/2022,18.10000038,19.38999939,18.03000069,19.11000061,18.9493885,387477764
10/11/2022,18.87000084,19.34000015,18.55999947,19.02000046,18.86014748,242358210
11/11/2022,19.26000023,20.25,19.20000076,19.43000031,19.26670074,312310864
14/11/2022,19.45999908,21.27000046,19.40999985,20.85000038,20.67476654,341255252
15/11/2022,21.10000038,21.75,20.36000061,20.56999969,20.39711761,275989874
16/11/2022,20.70000076,20.85000038,19.71999931,19.92000008,19.8499279,180090024
17/11/2022,20.03000069,20.88999939,19.03000069,20.46999931,20.39799118,297473220
18/11/2022,20.26000023,20.56999969,19.68000031,19.86000061,19.79013824,158703510
21/11/2022,20.02000046,20.79000092,19.95999908,20.79000092,20.71686745,240463814
22/11/2022,20.89999962,21.42000008,20.70999908,21.29999924,21.22507286,230449522
23/11/2022,21.37000084,22.21999931,20.79000092,21.98999977,21.91264534,232863104
24/11/2022,22.03000069,23.77000046,21.90999985,22.95000076,22.86926842,326856612
25/11/2022,22.95000076,24.14999962,22.80999947,24.10000038,24.01522446,270875618
28/11/2022,24.26000023,24.56999969,23.44000053,23.51000023,23.4272995,211459310
29/11/2022,23.61000061,23.73999977,23.10000038,23.5,23.4173336,144642028
30/11/2022,23.37999916,24.54000092,23.26000023,24.26000023,24.17466164,237300268
01/12/2022,24.54000092,24.62999916,23.72999954,23.87000084,23.78603363,175583934
02/12/2022,23.93000031,24.84000015,22.96999931,23.52000046,23.43726349,281581902
05/12/2022,23.70000076,25.20000076,23.29999924,24.88999939,24.80244446,252690338
06/12/2022,24.89999962,25.5,24.32999992,24.52000046,24.43374634,173264330
07/12/2022,25.29999924,26.07500076,24.11000061,24.69000053,24.60314751,281600348
08/12/2022,24.72999954,25.57500076,24.32999992,25.5,25.41029739,212859162
09/12/2022,25.85000038,27.39999962,25.64999962,26.75,26.65590096,253710578
12/12/2022,27.04999924,29.27499962,26.92499924,29.14999962,29.04745865,246724492
13/12/2022,30.0,31.02499962,29.25,29.67499924,29.57061005,274086088
14/12/2022,29.67499924,30.70000076,28.20000076,28.20000076,28.10080147,294442282
15/12/2022,29.25,30.0,28.02499962,29.14999962,29.04745865,272779202
16/12/2022,29.29999924,29.625,28.70000076,28.79999924,28.69869041,49637768
19/12/2022,29.25,30.29999924,29.17499924,29.72500038,29.62043762,180215518
20/12/2022,29.72500038,31.125,29.45000076,30.5,30.39270973,298376262
21/12/2022,30.60000038,30.82500076,29.42499924,29.625,29.52078819,201398326
22/12/2022,29.77499962,30.02499962,28.79999924,29.04999924,28.94780922,132599028
23/12/2022,29.125,29.625,28.82500076,29.0,28.89798737,103901768
26/12/2022,29.39999962,30.07500076,29.29999924,29.60000038,29.49587631,156308990
27/12/2022,29.625,29.82500076,28.875,28.97500038,28.87307358,125531674
28/12/2022,29.0,29.375,28.07500076,29.20000076,29.09728432,184648602
29/12/2022,29.20000076,29.79999924,28.95000076,29.39999962,29.29657936,127069110
30/12/2022,29.70000076,31.64999962,29.67499924,31.07500076,30.96568871,358105196
02/01/2023,31.5,32.5,31.375,32.29999924,32.18637848,188727498
03/01/2023,32.52500153,34.84999847,32.27500153,34.54999924,34.42846298,263514414
04/01/2023,34.54999924,34.57500076,32.375,32.57500076,32.46041107,221434950
05/01/2023,32.82500076,33.15000153,30.70000076,31.07500076,30.96568871,173804532
06/01/2023,29.47500038,32.07500076,28.25,31.45000076,31.33936882,297530190
09/01/2023,32.25,32.5,29.0,29.54999924,29.44605064,217603688
10/01/2023,29.54999924,30.39999962,28.64999962,29.07500076,28.97272301,237561544
11/01/2023,29.10000038,29.79999924,26.29999924,26.39999962,26.30713081,203951162
12/01/2023,27.35000038,28.25,26.0,27.95000076,27.85168076,221155860
13/01/2023,27.70000076,28.89999962,27.14999962,27.625,27.5278244,199425798
16/01/2023,27.75,29.125,27.75,28.97500038,28.87307358,146993280
17/01/2023,29.04999924,29.67499924,28.57500076,29.45000076,29.34640312,168262172
18/01/2023,31.10000038,32.22499847,30.64999962,31.52499962,31.41410446,298097778
19/01/2023,31.14999962,31.67499924,30.625,30.85000038,30.74147797,192089780
20/01/2023,31.14999962,31.5,30.64999962,31.22500038,31.11515999,110104066
23/01/2023,31.52499962,31.92499924,30.0,30.45000076,30.34288597,140799240
24/01/2023,30.39999962,31.5,29.22500038,31.5,31.38919258,204104444
25/01/2023,31.45000076,31.45000076,29.47500038,30.82500076,30.71656799,169864126
26/01/2023,30.82500076,31.57500076,30.45000076,30.47500038,30.36779976,206501790
27/01/2023,30.20000076,31.04999924,29.64999962,30.77499962,30.66674232,207715584
30/01/2023,30.77499962,30.89999962,29.52499962,29.52499962,29.42113876,108799986
31/01/2023,29.32500076,29.77499962,28.39999962,28.39999962,28.30009842,156786684
01/02/2023,28.47500038,28.79999924,26.52499962,26.52499962,26.43169403,129450268
02/02/2023,26.70000076,27.45000076,24.56999969,26.72500038,26.63099098,233363462
03/02/2023,26.72500038,28.89999962,26.39999962,28.72500038,28.62395477,167600982
06/02/2023,28.02499962,30.22500038,26.625,29.39999962,29.29657936,30408262
07/02/2023,28.95000076,29.39999962,26.47500038,26.47500038,26.38186836,170916522
08/02/2023,23.85000038,23.85000038,23.85000038,23.85000038,23.76610184,4
15/02/2023,27.5,29.10000038,26.79999924,29.10000038,28.9976368,94406834
16/02/2023,31.75,31.75,28.10000038,28.47500038,28.37483406,142396750
17/02/2023,27.77499962,28.82500076,27.52499962,27.95000076,27.85168076,82366398
20/02/2023,28.04999924,28.10000038,26.92499924,27.375,27.27870178,71808286
21/02/2023,27.22500038,28.29999924,27.02499962,27.20000076,27.10431862,124192444
22/02/2023,27.20000076,28.17499924,26.95000076,27.5,27.40326309,86426064
23/02/2023,27.52499962,27.72500038,26.97500038,27.17499924,27.07940483,43745688
24/02/2023,27.22500038,27.5,26.5,26.64999962,26.55625343,52712686
27/02/2023,26.64999962,27.72500038,25.89999962,27.72500038,27.62747192,85697052
28/02/2023,27.75,28.14999962,27.25,27.60000038,27.50291061,76802488
01/03/2023,28.29999924,28.45000076,27.64999962,27.75,27.6523838,84501442
02/03/2023,27.60000038,28.64999962,27.60000038,27.67499924,27.57764626,137556126
03/03/2023,27.39999962,27.85000038,26.29999924,27.29999924,27.20396423,87782650
06/03/2023,27.42499924,28.14999962,27.35000038,27.85000038,27.75203323,72420102
07/03/2023,28.20000076,28.89999962,27.85000038,27.95000076,27.85168076,96838936
08/03/2023,27.82500076,28.54999924,27.625,28.47500038,28.37483406,84350828
09/03/2023,28.75,29.22500038,28.42499924,29.125,29.02254677,135708190
10/03/2023,28.97500038,29.32500076,28.29999924,28.35000038,28.25027275,98627910
13/03/2023,28.5,28.97500038,28.22500038,28.42499924,28.32500839,90549308
14/03/2023,28.52499962,29.54999924,28.5,28.97500038,28.87307358,198723722
15/03/2023,28.92499924,28.92499924,27.32500076,27.64999962,27.55273438,112831378
16/03/2023,27.89999962,28.17499924,27.29999924,28.10000038,28.00115395,71741646
17/03/2023,28.35000038,28.875,28.20000076,28.67499924,28.5741291,144880540
20/03/2023,28.39999962,29.125,27.625,27.72500038,27.62747192,143023580
21/03/2023,27.77499962,28.14999962,26.64999962,26.64999962,26.55625343,102215032
22/03/2023,26.82500076,27.5,26.45000076,27.5,27.40326309,73005758
23/03/2023,27.29999924,28.29999924,27.20000076,28.29999924,28.20044899,65092508
24/03/2023,28.32500076,28.82500076,27.92499924,28.14999962,28.0509758,69556066
27/03/2023,28.39999962,28.625,27.75,28.32500076,28.22536278,69735456
28/03/2023,28.35000038,28.5,26.625,26.625,26.53134155,60075182
29/03/2023,26.625,27.125,26.125,27.125,27.02958298,68165344
30/03/2023,27.125,27.47500038,26.45000076,26.47500038,26.38186836,75131346
31/03/2023,26.625,26.85000038,25.89999962,25.97500038,25.88362885,76935354
03/04/2023,25.79999924,25.85000038,24.71999931,25.52499962,25.43520927,81018788
04/04/2023,25.60000038,26.60000038,25.42499924,26.60000038,26.50642967,66286316
05/04/2023,26.64999962,26.79999924,25.97500038,26.07500076,25.98327637,54832594
06/04/2023,25.92499924,26.47500038,25.92499924,26.45000076,26.35695839,41599006
07/04/2023,26.42499924,26.64999962,26.04999924,26.07500076,25.98327637,35896384
10/04/2023,26.20000076,27.17499924,26.20000076,27.02499962,26.92993355,49765000
11/04/2023,27.125,27.25,26.60000038,26.75,26.65590096,45532638
12/04/2023,26.77499962,27.64999962,26.72500038,27.52499962,27.42817497,98529140
13/04/2023,27.57500076,27.70000076,26.97500038,26.97500038,26.88010979,57240710
14/04/2023,27.02499962,27.39999962,26.39999962,26.45000076,26.35695839,42177496
17/04/2023,26.57500076,26.77499962,25.95000076,26.02499962,25.93345261,52505902
18/04/2023,26.47500038,27.17499924,25.85000038,25.89999962,25.8088913,55175532
19/04/2023,25.89999962,26.95000076,25.54999924,26.5,26.40678024,56692662
20/04/2023,26.07500076,26.22500038,25.85000038,25.97500038,25.88362885,14089458
24/04/2023,26.10000038,26.5,25.67499924,25.70000076,25.60959625,40194408
25/04/2023,25.75,25.97500038,24.89999962,24.95000076,24.86223412,33953932
26/04/2023,24.89999962,25.07500076,24.20000076,24.21999931,24.13479996,61892452
27/04/2023,24.20000076,24.57999992,23.68000031,23.68000031,23.59670067,61630948
28/04/2023,23.69000053,23.84000015,22.02000046,22.36000061,22.28134346,55590330
02/05/2023,22.36000061,22.60000038,21.52000046,21.55999947,21.48415756,58279312
03/05/2023,21.55999947,21.70999908,20.45999908,21.19000053,21.11546135,71373566
04/05/2023,21.0,21.79999924,20.79999924,21.0,20.92612839,48500006
05/05/2023,21.0,21.14999962,20.07999992,20.20000076,20.1289444,38148790
08/05/2023,20.45000076,21.02000046,20.12000084,20.81999969,20.74676132,44267002
09/05/2023,20.81999969,21.15999985,19.93000031,20.02000046,19.94957733,65017160
10/05/2023,20.04999924,20.20999908,19.38999939,19.51000023,19.44137001,33066224
11/05/2023,19.51000023,21.20000076,19.5,20.97999954,20.90619659,111256504
12/05/2023,21.02000046,21.25,20.15999985,20.62999916,20.55742836,66770276
15/05/2023,20.62999916,22.06999969,20.12999916,20.26000023,20.18873215,115817526
16/05/2023,20.38999939,21.48999977,20.35000038,21.37999916,21.3047905,93555782
17/05/2023,21.44000053,22.05999947,21.31999969,21.63999939,21.5638752,90362982
18/05/2023,21.72999954,21.78000069,20.76000023,21.09000015,21.01581192,54758428
22/05/2023,21.20000076,21.48999977,20.40999985,20.79999924,20.72683144,66820336
23/05/2023,20.76000023,21.07999992,20.54999924,20.63999939,20.56739426,47858222
24/05/2023,20.61000061,20.77000046,20.04999924,20.22999954,20.15883636,50114648
25/05/2023,20.29000092,20.40999985,19.89999962,20.12000084,20.04922485,46186762
26/05/2023,20.12000084,22.12999916,20.12000084,21.87000084,21.79306793,122829696
29/05/2023,23.04999924,24.04999924,22.61000061,24.04999924,23.96539879,117416060
30/05/2023,24.54999924,25.29999924,24.11000061,24.5,24.41381645,171001340
31/05/2023,24.45999908,24.69000053,23.54999924,23.75,23.66645432,110750694
01/06/2023,23.84000015,24.44000053,23.78000069,23.85000038,23.76610184,68833498
02/06/2023,24.40999985,24.88999939,24.29999924,24.53000069,24.44371033,134435160
05/06/2023,25.0,25.72500038,24.93000031,25.54999924,25.46012306,103202290
06/06/2023,26.20000076,27.35000038,26.02499962,26.02499962,25.93345261,182043016
07/06/2023,26.67499924,27.35000038,26.5,27.14999962,27.05449486,161013452
08/06/2023,27.02499962,27.42499924,26.47500038,27.29999924,27.20396423,112848506
09/06/2023,27.5,27.95000076,26.95000076,27.79999924,27.70220566,106546850
12/06/2023,28.0,28.29999924,27.02499962,27.07500076,26.97975922,90213886
13/06/2023,27.07500076,27.17499924,25.92499924,26.0,25.90853882,81987718
14/06/2023,26.0,26.75,25.5,26.125,26.03310013,85248970
15/06/2023,26.14999962,26.52499962,26.0,26.45000076,26.35695839,55001784
16/06/2023,26.70000076,27.20000076,26.25,26.27499962,26.18257141,76744852
19/06/2023,26.20000076,26.25,24.64999962,24.75,24.66293716,61362146
20/06/2023,24.64999962,25.02499962,24.17000008,24.23999977,24.15472984,79865244
21/06/2023,24.29999924,25.125,24.20999908,24.5,24.41381645,87859892
22/06/2023,24.54999924,25.72500038,24.15999985,25.72500038,25.63450623,97847542
23/06/2023,26.29999924,26.5,25.67499924,26.45000076,26.35695839,71721224
26/06/2023,26.60000038,27.5,26.54999924,27.42499924,27.32852745,76546926
27/06/2023,27.25,27.29999924,27.0,27.22500038,27.12923241,27652004
03/07/2023,27.95000076,28.75,27.625,28.625,28.52430534,123337278
04/07/2023,29.02499962,29.92499924,28.625,29.77499962,29.67025948,165159914
05/07/2023,29.77499962,30.22500038,28.60000038,29.75,29.6453476,140414348
06/07/2023,29.875,30.17499924,29.29999924,29.29999924,29.19693184,100299000
07/07/2023,29.14999962,30.04999924,29.04999924,29.52499962,29.42113876,103586036
10/07/2023,30.75,31.04999924,30.39999962,30.79999924,30.69165421,127667630
11/07/2023,31.95000076,32.25,31.125,31.70000076,31.58848953,152843776
12/07/2023,31.45000076,32.125,31.04999924,31.64999962,31.53866386,137298190
13/07/2023,31.45000076,34.67499924,31.45000076,34.0,33.8803978,330152130
14/07/2023,34.375,35.82500076,33.45000076,34.75,34.62776184,216331796
17/07/2023,34.97499847,37.75,34.65000153,37.0,36.86984253,225620128
18/07/2023,37.5,38.59999847,34.75,34.75,34.62776184,259386594
19/07/2023,34.72499847,35.875,34.07500076,35.79999924,35.67406464,174493980
20/07/2023,37.0,37.29999924,35.82500076,36.82500076,36.69546127,152610080
21/07/2023,36.59999847,36.70000076,35.40000153,36.09999847,35.97301102,101943644
24/07/2023,36.20000076,36.70000076,34.52500153,35.15000153,35.02635574,118180550
25/07/2023,35.15000153,36.59999847,34.375,35.45000076,35.32529449,184744208
26/07/2023,35.47499847,37.29999924,35.125,37.15000153,37.01931763,153631664
27/07/2023,37.47499847,37.79999924,36.5,36.625,36.49616623,127180366
28/07/2023,36.95000076,37.79999924,36.75,37.32500076,37.19369888,146447036
31/07/2023,37.5,38.22499847,37.17499924,37.29999924,37.16878891,134665650
01/08/2023,37.25,38.67499924,36.72499847,37.27500153,37.14387894,177627908
02/08/2023,37.45000076,39.34999847,37.27500153,39.34999847,39.21157455,158411726
03/08/2023,39.40000153,39.70000076,37.95000076,38.25,38.115448,124222306
04/08/2023,38.29999924,38.67499924,37.59999847,38.34999847,38.21509552,103358154
07/08/2023,39.40000153,39.77500153,38.59999847,39.20000076,39.06210327,93382256
08/08/2023,39.27500153,39.42499924,37.82500076,38.0,37.86632538,86349174
09/08/2023,37.67499924,39.09999847,37.54999924,38.75,38.61368942,97013926
10/08/2023,38.82500076,40.27500153,36.92499924,37.45000076,37.31826401,174970668
11/08/2023,37.45000076,39.45000076,37.34999847,39.22499847,39.08701706,143994248
14/08/2023,39.75,40.57500076,38.65000153,38.95000076,38.81298447,111411464
15/08/2023,39.04999924,39.95000076,38.29999924,39.5,39.36104965,99237052
16/08/2023,38.15000153,38.54999924,37.25,37.25,37.11896896,136096148
17/08/2023,37.84999847,37.90000153,37.04999924,37.04999924,36.9196701,91263838
18/08/2023,37.125,37.42499924,34.97499847,35.32500076,35.200737,94952460
21/08/2023,35.07500076,37.27500153,34.90000153,36.92499924,36.79510498,103062902
22/08/2023,36.92499924,37.09999847,36.07500076,36.59999847,36.47124863,69584162
23/08/2023,36.65000153,37.34999847,36.25,36.375,36.24704361,104425132
24/08/2023,36.5,38.67499924,36.5,37.0,36.86984253,186398638
25/08/2023,37.0,38.38000107,36.70000076,37.77999878,37.64709854,83352906
28/08/2023,38.09999847,39.59999847,38.09999847,39.36000061,39.22154236,114588213
29/08/2023,39.41999817,39.79999924,38.25999832,38.63999939,38.50407791,63295810
31/08/2023,38.70000076,39.5,38.40000153,38.52000046,38.3844986,102372288
01/09/2023,38.72000122,39.34000015,38.43999863,38.72000122,38.58379745,70189686
04/09/2023,39.0,39.29999924,38.40000153,38.56000137,38.42435837,80330654
05/09/2023,38.56000137,38.58000183,37.84000015,38.5,38.36457062,55299481
06/09/2023,39.0,42.09999847,38.93999863,41.18000031,41.03514099,262034834
07/09/2023,41.25999832,42.95999908,40.81999969,42.0,41.85225677,145721826
08/09/2023,42.0,43.54000092,41.68000031,43.5,43.34697723,127507385
11/09/2023,43.65999985,43.95999908,41.31999969,41.52000046,41.37394333,80393859
12/09/2023,41.65999985,43.06000137,40.86000061,42.75999832,42.60958099,103169982
13/09/2023,42.41999817,42.79999924,40.90000153,41.29999924,41.15471649,69785727
14/09/2023,41.24000168,41.70000076,39.54000092,41.70000076,41.55331039,68822478
15/09/2023,41.75999832,42.38000107,40.59999847,40.81999969,40.67640686,81368095
18/09/2023,40.5,40.54000092,38.43999863,38.43999863,38.30477905,57030959
19/09/2023,38.43999863,40.06000137,38.18000031,39.59999847,39.46069717,84333215
20/09/2023,39.59999847,39.97999954,38.0,38.0,37.86632538,53073789
21/09/2023,37.86000061,39.93999863,37.43999863,39.86000061,39.7197876,62283935
22/09/2023,39.86000061,41.52000046,39.68000031,40.52000046,40.37746429,75305563
25/09/2023,40.61999893,42.40000153,40.61999893,42.29999924,42.15119934,68432473
26/09/2023,42.58000183,42.59999847,40.79999924,41.0,40.85577393,60832577
27/09/2023,41.0,41.36000061,40.11999893,40.59999847,40.45718002,44659256
28/09/2023,40.5,41.06000137,40.24000168,40.31999969,40.17816544,44688324
29/09/2023,40.41999817,41.24000168,40.27999878,40.79999924,40.65647888,58901834
02/10/2023,40.84000015,42.04000092,40.84000015,41.54000092,41.39387512,78343290
03/10/2023,41.54000092,42.36000061,41.09999847,41.29999924,41.15471649,60202474
04/10/2023,41.20000076,41.45999908,40.58000183,40.58000183,40.43725204,46406796
05/10/2023,40.63999939,41.77999878,39.93999863,41.65999985,41.51345444,76083346
06/10/2023,41.02000046,41.65999985,40.75999832,40.91999817,40.77605438,39234858
09/10/2023,41.61999893,44.34000015,41.61999893,43.88000107,43.72564316,236318919
10/10/2023,43.0,44.04000092,42.56000137,42.88000107,42.72916031,132732566
11/10/2023,43.20000076,43.45999908,41.68000031,41.97999954,41.8323288,74384917
12/10/2023,41.97999954,44.08000183,41.95999908,43.09999847,42.94838333,175339595
13/10/2023,42.91999817,44.0,42.59999847,42.59999847,42.45014572,93499381
16/10/2023,42.61999893,42.81999969,40.5,40.5,40.3575325,60473167
17/10/2023,40.5,41.06000137,40.18000031,40.91999817,40.77605438,45576709
18/10/2023,41.65999985,41.84000015,39.63999939,39.70000076,39.56034851,56641759
19/10/2023,39.72000122,41.52000046,39.70000076,41.09999847,40.95542145,85686621
20/10/2023,41.11999893,42.72000122,39.58000183,40.11999893,39.97886658,102129926
23/10/2023,40.15999985,41.40000153,39.61999893,40.79999924,40.65647888,53915395
24/10/2023,40.93999863,42.20000076,40.74000168,41.93999863,41.79246521,53687009
25/10/2023,41.86000061,42.52000046,38.75999832,39.63999939,39.50055695,83796649
26/10/2023,40.06000137,42.09999847,39.43999863,41.45999908,41.31415558,73241388
27/10/2023,41.20000076,41.91999817,40.22000122,41.88000107,41.73268127,43546904
30/10/2023,41.75999832,42.54000092,41.29999924,41.88000107,41.73268127,50211763
31/10/2023,41.93999863,42.45999908,41.02000046,41.34000015,41.19457626,50969876
01/11/2023,41.63999939,41.95999908,40.0,41.54000092,41.39387512,43257321
02/11/2023,41.59999847,43.75999832,41.43999863,43.40000153,43.24733353,86190501
03/11/2023,43.20000076,43.93999863,42.77999878,43.41999817,43.26726151,62031952
06/11/2023,43.88000107,45.02000046,43.81999969,44.34000015,44.18402481,49055482
07/11/2023,44.34000015,44.63999939,42.88000107,43.18000031,43.02810669,41836304
08/11/2023,43.29999924,43.61999893,42.81999969,42.90000153,42.7490921,46174900
09/11/2023,42.56000137,42.81999969,41.74000168,42.68000031,42.52986526,37101855
10/11/2023,42.58000183,43.20000076,41.93999863,42.15999985,42.01169205,31546183
13/11/2023,42.15999985,42.29999924,41.0,41.11999893,40.97534943,27916607
14/11/2023,41.18000031,41.74000168,40.74000168,41.31999969,41.17464828,36394911
15/11/2023,41.47999954,41.74000168,40.72000122,41.0,40.85577393,30794034
16/11/2023,41.0,42.0,41.0,41.74000168,41.59317017,37283142
17/11/2023,41.75999832,42.56000137,41.63999939,42.22000122,42.07148361,33802389
20/11/2023,42.5,45.09999847,42.47999954,44.59999847,44.44311142,87684062
21/11/2023,44.40000153,46.45999908,44.08000183,46.45999908,46.29656601,79281023
22/11/2023,46.06000137,47.52000046,45.79999924,46.20000076,46.12456894,84592375
23/11/2023,46.02000046,47.84000015,46.0,46.52000046,46.44404602,69027368
24/11/2023,46.59999847,48.31999969,45.5,47.79999924,47.72195435,79159062
27/11/2023,48.0,49.63999939,48.0,49.40000153,49.31934357,66608998
28/11/2023,49.38000107,49.86000061,48.11999893,48.54000092,48.46074677,45802248
29/11/2023,48.59999847,49.15999985,47.90000153,48.0,47.92162704,44130651
30/11/2023,47.65999985,49.56000137,47.63999939,48.84000015,48.76025772,65551625
01/12/2023,49.47999954,49.61999893,47.97999954,48.5,48.4208107,31513859
04/12/2023,48.61999893,49.65999985,48.11999893,49.09999847,49.0198288,59969592
05/12/2023,49.20000076,50.40000153,48.97999954,49.58000183,49.49905014,48783953
06/12/2023,49.70000076,49.97999954,47.29999924,47.29999924,47.22277069,60273339
07/12/2023,47.29999924,47.52000046,45.93999863,46.81999969,46.74355316,45758455
08/12/2023,46.91999817,47.74000168,45.88000107,46.18000031,46.104599,43106358
11/12/2023,46.20000076,46.90000153,45.68000031,46.18000031,46.104599,44543430
12/12/2023,46.18000031,46.38000107,45.18000031,45.81999969,45.74518585,37644641
13/12/2023,45.77999878,46.40000153,45.36000061,45.36000061,45.28593826,39398580
14/12/2023,45.74000168,47.31999969,45.63999939,46.59999847,46.52391052,39382612
15/12/2023,46.63999939,49.95999908,46.63999939,49.59999847,49.51901245,82705139
18/12/2023,49.59999847,50.40000153,47.5,47.52000046,47.44241333,48425326
19/12/2023,47.52000046,49.06000137,46.74000168,48.40000153,48.32097626,49615614
20/12/2023,48.40000153,48.40000153,46.02000046,46.02000046,45.94486237,36916613
21/12/2023,46.02000046,47.79999924,45.81999969,47.61999893,47.54224777,45267266
22/12/2023,47.61999893,47.77999878,45.59999847,45.59999847,45.52554321,29274980
25/12/2023,45.59999847,46.09999847,43.86000061,44.18000031,44.10786438,39458445
26/12/2023,44.59999847,44.93999863,43.11999893,43.52000046,43.44894409,47958048
27/12/2023,43.63999939,44.20000076,42.90000153,43.02000046,42.94976044,42364922
28/12/2023,43.15999985,45.65999985,43.15999985,44.77999878,44.70688248,40091534
29/12/2023,44.95999908,45.31999969,44.25999832,44.97999954,44.90655899,36849927
02/01/2024,45.43999863,47.11999893,45.13999939,46.90000153,46.82342529,46539543
03/01/2024,46.74000168,47.25999832,45.91999817,46.59999847,46.52391052,39344694
04/01/2024,46.65999985,47.58000183,46.56000137,47.45999908,47.38250732,43861988
05/01/2024,47.61999893,47.91999817,46.81999969,47.43999863,47.3625412,33674790
08/01/2024,47.63999939,48.24000168,47.38000107,47.63999939,47.5622139,43664505
09/01/2024,48.20000076,48.58000183,46.79999924,46.93999863,46.86335754,52583306
10/01/2024,46.93999863,47.90000153,46.47999954,47.47999954,47.40247726,57482399
11/01/2024,47.75999832,47.84000015,46.63999939,46.88000107,46.80345917,31073331
12/01/2024,47.13999939,48.45999908,46.22000122,47.54000092,47.46237946,76692839
15/01/2024,47.68000031,48.41999817,47.15999985,47.61999893,47.54224777,46519666
16/01/2024,47.65999985,48.40000153,47.20000076,48.08000183,48.00149918,53819627
17/01/2024,47.86000061,48.77999878,47.59999847,48.29999924,48.221138,54705288
18/01/2024,48.68000031,49.43999863,48.29999924,48.40000153,48.32097626,58145208
19/01/2024,48.47999954,48.63999939,47.09999847,47.45999908,47.38250732,39019339
22/01/2024,47.5,48.04000092,46.91999817,47.11999893,47.04306412,38100419
23/01/2024,47.70000076,48.77999878,47.09999847,47.25999832,47.18283463,78260713
24/01/2024,48.04000092,48.70000076,47.43999863,48.40000153,48.32097626,55825331
25/01/2024,49.5,49.65999985,48.11999893,48.47999954,48.40084457,55345537
26/01/2024,48.58000183,49.40000153,48.25999832,49.18000031,49.09970093,58229593
29/01/2024,50.0,51.70000076,49.63999939,51.40000153,51.31607819,77168938
30/01/2024,51.5,51.90000153,50.59999847,50.84999847,50.76697159,53800307
31/01/2024,50.90000153,51.09999847,49.91999817,50.59999847,50.51737976,38591732
01/02/2024,50.59999847,51.79999924,50.54999924,51.29999924,51.21623993,52346448
02/02/2024,51.5,52.04999924,50.90000153,51.15000153,51.06648636,42299635
05/02/2024,51.20000076,52.65000153,51.15000153,52.34999847,52.26452255,63952284
06/02/2024,52.5,52.54999924,51.40000153,52.29999924,52.21460724,49009713
07/02/2024,52.5,52.70000076,51.25,51.25,51.1663208,46596542
08/02/2024,51.29999924,51.84999847,50.90000153,51.34999847,51.26615524,45379738
09/02/2024,51.65000153,52.59999847,51.20000076,52.09999847,52.01493073,84705277
12/02/2024,53.34999847,53.90000153,52.45000076,53.45000076,53.36273193,76921848
13/02/2024,53.5,55.59999847,53.0,54.95000076,54.8602829,98030608
14/02/2024,55.04999924,55.04999924,53.25,54.90000153,54.81036377,57461272
15/02/2024,54.90000153,56.5,54.79999924,55.84999847,55.75880814,50932459
16/02/2024,55.90000153,59.95000076,55.70000076,58.29999924,58.2048111,86096310
19/02/2024,58.5,59.84999847,58.04999924,58.5,58.4044838,71032522
20/02/2024,58.65000153,59.54999924,58.25,59.54999924,59.45277023,44216203
21/02/2024,60.0,60.65000153,58.95000076,60.40000153,60.30138397,68778436
22/02/2024,60.40000153,62.70000076,59.79999924,62.40000153,62.29811859,75583390
23/02/2024,62.40000153,64.34999847,61.25,63.29999924,63.19664764,60833216
26/02/2024,63.5,67.25,63.45000076,66.5,66.39141846,76750918
27/02/2024,66.5,67.30000305,63.20000076,63.25,63.14672852,50795224
28/02/2024,63.25,64.80000305,60.90000153,60.90000153,60.80056763,63130683
29/02/2024,61.0,61.95000076,59.0,60.0,59.90203476,71158874
01/03/2024,60.0,60.90000153,59.0,59.20000076,59.10334015,36058195
04/03/2024,59.40000153,60.29999924,58.20000076,58.54999924,58.45440292,37331908
05/03/2024,58.54999924,59.20000076,56.59999847,56.59999847,56.50758362,46990196
06/03/2024,56.54999924,57.40000153,54.90000153,54.90000153,54.81036377,68492897
07/03/2024,55.20000076,57.25,55.15000153,57.25,57.15652466,42697326
08/03/2024,57.65000153,59.09999847,57.40000153,58.54999924,58.45440292,48483564
11/03/2024,60.0,60.04999924,56.45000076,56.59999847,56.50758362,43414821
12/03/2024,56.70000076,57.40000153,54.95000076,55.79999924,55.70889282,47136214
13/03/2024,56.09999847,56.90000153,55.20000076,55.59999847,55.50921631,34663801
14/03/2024,55.75,56.79999924,55.15000153,56.40000153,56.30791473,33423937
15/03/2024,56.59999847,57.70000076,56.04999924,57.65000153,57.55587387,30402466
18/03/2024,57.65000153,57.70000076,54.84999847,55.15000153,55.0599556,32974425
19/03/2024,55.15000153,56.59999847,55.0,56.20000076,56.10824203,36266869
20/03/2024,56.0,56.59999847,55.59999847,55.95000076,55.85865021,35420455
21/03/2024,56.40000153,58.54999924,56.40000153,57.90000153,57.8054657,98022438
22/03/2024,57.95000076,58.45000076,56.20000076,56.34999847,56.25799179,64620917
25/03/2024,56.34999847,58.0,55.0,55.20000076,55.10987473,57628255
26/03/2024,55.59999847,55.95000076,52.84999847,53.0,52.91346359,45063574
27/03/2024,54.0,56.45000076,52.09999847,55.70000076,55.60905838,70104564
28/03/2024,55.70000076,56.95000076,55.25,55.45000076,55.35946655,44828792
29/03/2024,55.79999924,56.79999924,55.5,56.09999847,56.00839996,36930435
01/04/2024,55.59999847,55.84999847,54.20000076,54.90000153,54.81036377,36518259
02/04/2024,55.0,56.0,51.79999924,52.45000076,52.36436462,40110433
03/04/2024,52.20000076,53.29999924,51.54999924,52.45000076,52.36436462,27609868
04/04/2024,52.79999924,54.75,52.40000153,53.84999847,53.76207352,35320938
05/04/2024,54.09999847,58.54999924,54.09999847,58.45000076,58.35456467,51084435
08/04/2024,58.65000153,59.25,58.15000153,58.79999924,58.70399475,42430061
15/04/2024,59.45000076,60.04999924,58.09999847,58.09999847,58.00513458,64499800
16/04/2024,57.84999847,59.20000076,57.54999924,58.54999924,58.45440292,38372646
17/04/2024,58.70000076,59.34999847,57.25,57.70000076,57.60578918,31102475
18/04/2024,57.75,58.54999924,56.90000153,57.65000153,57.55587387,29092246
19/04/2024,57.95000076,58.90000153,57.09999847,58.70000076,58.60415649,38894193
22/04/2024,59.25,59.59999847,57.79999924,57.79999924,57.70562744,42585102
24/04/2024,58.15000153,58.59999847,57.34999847,58.29999924,58.2048111,38922466
25/04/2024,58.5,58.90000153,57.15000153,57.45000076,57.35620117,37597178
26/04/2024,57.54999924,59.84999847,57.40000153,59.09999847,59.00350189,58760762
29/04/2024,59.5,62.25,58.65000153,62.04999924,61.94868851,67954497
30/04/2024,61.54999924,62.0,60.45000076,60.75,60.65081024,50125618
02/05/2024,61.0,62.34999847,60.90000153,62.09999847,61.99860382,50934416
03/05/2024,62.20000076,63.20000076,61.5,62.20000076,62.09844208,48311287
06/05/2024,62.29999924,63.04999924,61.84999847,62.40000153,62.29811859,38288783
07/05/2024,62.45000076,63.04999924,61.04999924,62.29999924,62.19828033,47045760
08/05/2024,62.5,62.84999847,61.65000153,62.40000153,62.29811859,40599227
09/05/2024,62.40000153,64.0,62.40000153,63.40000153,63.2964859,54756132
10/05/2024,63.40000153,64.55000305,63.20000076,63.40000153,63.2964859,44107142
13/05/2024,63.40000153,63.90000153,62.29999924,62.40000153,62.29811859,37212454
14/05/2024,62.15000153,62.84999847,60.79999924,60.84999847,60.75064468,45554121
15/05/2024,61.0,61.45000076,59.54999924,59.95000076,59.85211563,28428829
16/05/2024,60.09999847,61.20000076,59.95000076,60.70000076,60.60089111,35385724
17/05/2024,61.0,61.95000076,60.95000076,61.45000076,61.3496666,45859069
20/05/2024,61.95000076,63.40000153,61.90000153,62.20000076,62.09844208,48112332
21/05/2024,62.40000153,63.5,61.29999924,61.40000153,61.29975128,73861881
22/05/2024,61.59999847,62.0,60.95000076,61.5,61.39958572,32854072
23/05/2024,61.54999924,62.59999847,60.5,60.5,60.40121841,48867670
24/05/2024,60.5,60.90000153,59.15000153,59.25,59.15325928,27191679
27/05/2024,59.5,60.5,59.20000076,60.04999924,59.95195389,32310422
28/05/2024,60.15000153,60.25,59.45000076,59.59999847,59.50268555,21384092
29/05/2024,60.0,60.5,57.40000153,57.54999924,57.45603561,29777252
30/05/2024,58.70000076,60.25,58.70000076,60.09999847,60.0018692,53570111
31/05/2024,60.29999924,60.90000153,58.34999847,58.65000153,58.55424118,47345786
03/06/2024,58.95000076,60.59999847,58.34999847,60.40000153,60.30138397,34921062
04/06/2024,60.40000153,60.75,59.20000076,59.20000076,59.10334015,31677411
05/06/2024,59.5,59.84999847,58.5,59.0,58.90366745,44861364
06/06/2024,59.34999847,61.40000153,59.15000153,60.45000076,60.35129929,45916727
07/06/2024,61.0,61.70000076,60.15000153,60.65000153,60.5509758,33499436
10/06/2024,60.65000153,60.75,58.09999847,58.29999924,58.2048111,21200128
11/06/2024,58.09999847,58.5,56.59999847,57.0,56.90693283,41799829
12/06/2024,57.0,58.45000076,56.84999847,57.59999847,57.50595093,33627842
13/06/2024,58.59999847,60.5,58.29999924,60.15000153,60.05179214,38365449
14/06/2024,60.5,61.15000153,58.79999924,59.34999847,59.25309372,35075769
20/06/2024,60.29999924,61.0,60.04999924,60.70000076,60.60089111,25040106
21/06/2024,60.70000076,61.5,60.29999924,61.5,61.39958572,38508112
24/06/2024,61.70000076,62.15000153,60.75,61.75,61.64917755,35918879
25/06/2024,61.84999847,62.34999847,59.90000153,59.90000153,59.80220032,35275730
26/06/2024,59.90000153,60.40000153,58.54999924,58.90000153,58.80383301,25244854
27/06/2024,59.04999924,60.40000153,58.75,59.90000153,59.80220032,28291433
28/06/2024,60.0,60.34999847,58.29999924,58.59999847,58.50431824,39111123
01/07/2024,59.09999847,59.34999847,55.54999924,56.25,56.15815735,31245872
02/07/2024,56.45000076,56.95000076,55.45000076,56.95000076,56.85701752,23244482
03/07/2024,57.20000076,58.59999847,56.95000076,58.5,58.4044838,31200970
04/07/2024,60.70000076,61.20000076,59.70000076,60.09999847,60.0018692,38457594
05/07/2024,60.20000076,61.59999847,59.84999847,60.75,60.65081024,43403645
08/07/2024,61.09999847,64.0,60.5,63.29999924,63.19664764,64180844
09/07/2024,63.20000076,65.0,63.04999924,64.55000305,64.4446106,60439874
10/07/2024,64.65000153,65.44999695,64.09999847,65.0,64.89386749,63812135
11/07/2024,65.30000305,65.59999847,64.19999695,64.90000153,64.79403687,33859844
12/07/2024,64.84999847,66.09999847,63.59999847,63.79999924,63.6958313,42547337
16/07/2024,63.90000153,64.05000305,62.84999847,63.25,63.14672852,27807460
17/07/2024,63.29999924,63.75,62.75,63.5,63.39632034,24499278
18/07/2024,63.75,64.84999847,62.79999924,63.15000153,63.04689407,30979314
19/07/2024,63.0,63.70000076,62.54999924,63.0,62.89713669,22694242
22/07/2024,63.40000153,64.80000305,63.0,63.25,63.14672852,32933526
23/07/2024,63.25,64.80000305,63.04999924,64.30000305,64.19501495,48903634
24/07/2024,64.40000153,64.40000153,62.65000153,62.79999924,62.69746399,22064147
25/07/2024,62.40000153,64.59999847,62.15000153,64.44999695,64.34476471,30015677
26/07/2024,64.34999847,65.40000153,64.05000305,64.59999847,64.49452209,42463138
29/07/2024,64.94999695,65.90000153,62.59999847,62.70000076,62.59762573,52626884
30/07/2024,62.79999924,63.5,62.45000076,62.75,62.64754486,29716379
31/07/2024,62.75,63.34999847,61.54999924,62.5,62.39795303,34319173
01/08/2024,62.75,64.19999695,62.45000076,63.29999924,63.19664764,50069907
02/08/2024,62.34999847,62.79999924,60.25,60.79999924,60.70072937,35195251
05/08/2024,57.95000076,58.59999847,55.59999847,56.75,56.657341,51367351
06/08/2024,58.0,58.70000076,56.04999924,56.25,56.15815735,48593727
07/08/2024,56.65000153,58.75,56.54999924,58.25,58.15489197,44247119
08/08/2024,57.79999924,59.65000153,57.79999924,59.20000076,59.10334015,43719342
09/08/2024,59.29999924,59.75,57.40000153,57.95000076,57.85538101,32652977
12/08/2024,58.15000153,58.79999924,56.65000153,57.04999924,56.95685196,30906473
13/08/2024,56.70000076,58.34999847,56.54999924,58.34999847,58.25472641,34581985
14/08/2024,58.25,58.54999924,57.25,57.54999924,57.45603561,25520321
15/08/2024,57.65000153,58.84999847,57.04999924,58.70000076,58.60415649,30218220
16/08/2024,58.70000076,59.25,57.59999847,57.75,57.65570831,23237167
19/08/2024,58.04999924,58.95000076,57.75,58.84999847,58.75391006,22745522
20/08/2024,58.25,59.15000153,57.79999924,58.04999924,57.95521927,28174555
21/08/2024,57.75,58.45000076,56.40000153,56.59999847,56.50758362,26117163
22/08/2024,56.84999847,57.5,55.40000153,56.15000153,56.05832291,27944723
23/08/2024,56.04999924,56.5,54.75,55.09999847,55.01003265,27850817
26/08/2024,55.5,55.54999924,54.25,54.5,54.41101456,27668305
27/08/2024,54.5,56.54999924,54.34999847,56.5,56.40774918,36574618
28/08/2024,56.20000076,57.54999924,56.04999924,57.09999847,57.00676727,24028719
29/08/2024,57.09999847,58.95000076,56.20000076,58.40000153,58.30464935,32734135
02/09/2024,58.40000153,59.95000076,58.40000153,59.25,59.15325928,29417709
03/09/2024,59.25,59.45000076,57.54999924,57.65000153,57.55587387,23944935
04/09/2024,57.09999847,57.34999847,55.84999847,56.79999924,56.70726013,21959468
05/09/2024,56.95000076,58.09999847,56.70000076,57.5,57.40611649,30715782
06/09/2024,57.25,58.15000153,57.09999847,57.34999847,57.2563591,16075510
09/09/2024,57.15000153,57.45000076,56.0,56.0,55.90856552,17754464
10/09/2024,56.15000153,57.29999924,56.09999847,56.45000076,56.35783386,28094519
11/09/2024,56.95000076,57.20000076,54.75,54.90000153,54.81036377,37445725
12/09/2024,55.40000153,56.09999847,54.09999847,55.95000076,55.85865021,29329975
13/09/2024,56.04999924,58.70000076,55.54999924,58.34999847,58.25472641,26844490
16/09/2024,58.29999924,58.54999924,57.15000153,57.34999847,57.2563591,16299253
17/09/2024,57.59999847,58.5,57.54999924,58.09999847,58.00513458,17527220
18/09/2024,57.90000153,58.54999924,57.65000153,57.75,57.65570831,23483211
19/09/2024,58.29999924,58.75,57.79999924,58.65000153,58.55424118,36242935
20/09/2024,58.79999924,59.40000153,58.34999847,59.20000076,59.10334015,31901880
23/09/2024,59.59999847,60.04999924,59.0,59.29999924,59.20317841,35309263
24/09/2024,59.40000153,63.79999924,59.40000153,62.45000076,62.34803391,78142361
25/09/2024,62.20000076,62.84999847,61.15000153,61.15000153,61.05015945,30400995
26/09/2024,61.40000153,61.59999847,58.90000153,59.25,59.15325928,37548400
27/09/2024,59.29999924,59.84999847,58.5,59.25,59.15325928,28656470
30/09/2024,59.0,59.84999847,58.79999924,59.25,59.15325928,27972735
01/10/2024,59.34999847,59.79999924,57.09999847,58.40000153,58.30464935,37759264
02/10/2024,58.45000076,59.84999847,56.20000076,56.20000076,56.10824203,46633981
03/10/2024,56.34999847,58.59999847,55.84999847,57.79999924,57.70562744,42269757
04/10/2024,57.65000153,61.54999924,57.04999924,61.15000153,61.05015945,39808119
07/10/2024,61.59999847,61.59999847,58.54999924,59.0,58.90366745,27616198
08/10/2024,58.75,59.0,57.65000153,58.15000153,58.05505753,29016706
09/10/2024,58.04999924,58.84999847,57.54999924,58.75,58.65407562,24880481
10/10/2024,58.75,59.0,56.45000076,56.70000076,56.60742569,22562691
11/10/2024,56.70000076,57.84999847,55.65000153,56.09999847,56.00839996,29313295
14/10/2024,56.25,57.45000076,55.0,55.34999847,55.25962448,42077682
15/10/2024,55.40000153,56.59999847,54.70000076,56.0,55.90856552,35292948
16/10/2024,56.75,57.15000153,55.84999847,57.04999924,56.95685196,27564873
17/10/2024,56.79999924,58.95000076,56.79999924,58.25,58.15489197,28678178
18/10/2024,59.09999847,60.65000153,58.90000153,59.34999847,59.25309372,34854332
21/10/2024,59.09999847,59.5,57.29999924,57.59999847,57.50595093,24244193
22/10/2024,57.70000076,58.90000153,57.0,58.34999847,58.25472641,29023761
23/10/2024,58.25,61.54999924,57.34999847,61.0,60.90040207,65759516
24/10/2024,60.25,61.29999924,60.25,60.84999847,60.75064468,34359414
25/10/2024,60.40000153,61.25,59.79999924,60.84999847,60.75064468,28316140
28/10/2024,60.40000153,60.90000153,60.20000076,60.20000076,60.10170746,7089169
30/10/2024,60.25,62.0,60.04999924,61.5,61.39958572,39535478
31/10/2024,61.25,62.65000153,60.65000153,60.84999847,60.75064468,32641509
01/11/2024,61.0,64.30000305,61.0,63.84999847,63.74574661,44140353
04/11/2024,64.5,65.40000153,62.95000076,63.5,63.39632034,48800889
05/11/2024,64.34999847,66.80000305,63.65000153,65.15000153,65.04362488,54259395
06/11/2024,64.94999695,65.69999695,62.95000076,63.54999924,63.44623947,40269872
07/11/2024,63.75,65.34999847,63.65000153,65.34999847,65.24330139,30815245
08/11/2024,65.05000305,66.34999847,64.80000305,65.25,65.14346313,35606906
11/11/2024,65.40000153,66.5,64.90000153,65.80000305,65.69256592,34627082
12/11/2024,65.84999847,67.30000305,65.69999695,66.0,65.8922348,38586169
13/11/2024,66.0,68.19999695,65.75,68.0,67.88896942,56324521
14/11/2024,68.30000305,69.09999847,67.40000153,68.34999847,68.23840332,36258173
15/11/2024,68.69999695,69.69999695,67.44999695,67.69999695,67.58946228,31127041
18/11/2024,67.69999695,67.90000153,66.5,67.44999695,67.33986664,25156586
19/11/2024,67.44999695,68.40000153,66.5,67.90000153,67.78913879,39450126
20/11/2024,67.5,68.09999847,65.40000153,66.0,65.8922348,25645008
21/11/2024,65.5,68.15000153,64.90000153,68.05000305,67.93889618,27754435
22/11/2024,67.80000305,69.30000305,67.80000305,68.5,68.38815308,37108888
25/11/2024,68.69999695,69.55000305,68.09999847,69.0,69.0,35049758
26/11/2024,69.05000305,69.44999695,67.40000153,67.55000305,67.55000305,24455130
27/11/2024,67.69999695,68.69999695,67.40000153,68.40000153,68.40000153,27601257
28/11/2024,68.40000153,70.15000153,68.40000153,70.15000153,70.15000153,28599089
29/11/2024,69.90000153,71.80000305,69.0,69.44999695,69.44999695,36825237
02/12/2024,69.44999695,70.34999847,69.30000305,70.19999695,70.19999695,21238229
03/12/2024,70.19999695,70.90000153,69.75,70.19999695,70.19999695,25353035
04/12/2024,70.44999695,71.40000153,69.90000153,70.30000305,70.30000305,30704942
05/12/2024,70.34999847,71.25,70.05000305,71.0,71.0,23510896
06/12/2024,71.30000305,71.65000153,70.59999847,71.19999695,71.19999695,23089633
09/12/2024,71.0,71.34999847,69.5,71.25,71.25,36646944
10/12/2024,71.19999695,71.65000153,70.0,71.0,71.0,28454917
11/12/2024,71.0,71.30000305,68.84999847,69.30000305,69.30000305,29563072
12/12/2024,69.5,70.59999847,69.0,69.19999695,69.19999695,21842593
13/12/2024,69.0,69.30000305,68.25,69.19999695,69.19999695,13791857
16/12/2024,69.25,69.30000305,67.5,67.55000305,67.55000305,16669227
17/12/2024,67.65000153,68.65000153,67.65000153,68.05000305,68.05000305,21700007
18/12/2024,68.0,71.0,67.40000153,70.75,70.75,45206572
19/12/2024,70.09999847,71.19999695,69.75,69.90000153,69.90000153,26172219
20/12/2024,70.15000153,71.0,69.0,69.80000305,69.80000305,22794354
23/12/2024,70.0,72.94999695,69.75,72.05000305,72.05000305,44640850
24/12/2024,72.05000305,73.44999695,70.84999847,72.65000153,72.65000153,35526356
25/12/2024,72.75,74.0,72.5,74.0,74.0,15689030
26/12/2024,74.0,74.65000153,72.90000153,74.40000153,74.40000153,21477208
27/12/2024,74.40000153,74.90000153,73.0,73.94999695,73.94999695,30264543
30/12/2024,74.0,74.65000153,73.19999695,73.19999695,73.19999695,15733468
31/12/2024,73.19999695,73.80000305,72.40000153,72.5,72.5,27815526
02/01/2025,72.94999695,73.80000305,72.19999695,73.5,73.5,26506697
03/01/2025,73.44999695,75.34999847,73.44999695,74.84999847,74.84999847,27667543
06/01/2025,75.30000305,75.80000305,74.59999847,75.5,75.5,21399430
07/01/2025,75.5,78.34999847,75.19999695,77.30000305,77.30000305,46375846
08/01/2025,77.05000305,77.94999695,76.15000153,76.59999847,76.59999847,28639553
09/01/2025,76.65000153,78.44999695,76.5,78.19999695,78.19999695,23867081
10/01/2025,77.90000153,79.69999695,77.5,78.34999847,78.34999847,27031090
13/01/2025,78.34999847,79.34999847,77.84999847,78.80000305,78.80000305,23151017
14/01/2025,78.5,80.25,78.19999695,78.55000305,78.55000305,33725336
15/01/2025,78.55000305,80.15000153,77.30000305,78.30000305,78.30000305,41783078
16/01/2025,78.34999847,80.55000305,77.44999695,80.25,80.25,30229393
17/01/2025,80.80000305,81.90000153,80.05000305,81.05000305,81.05000305,21433875
20/01/2025,81.30000305,82.40000153,80.94999695,82.34999847,82.34999847,19993143
21/01/2025,82.34999847,82.44999695,80.05000305,80.65000153,80.65000153,20518796
22/01/2025,80.75,82.0,80.15000153,82.0,82.0,19910869
23/01/2025,82.19999695,84.19999695,81.55000305,84.05000305,84.05000305,32844398
24/01/2025,84.09999847,85.55000305,83.40000153,85.15000153,85.15000153,24082576
27/01/2025,85.0,87.0,84.30000305,85.84999847,85.84999847,45575561
28/01/2025,85.84999847,89.94999695,84.65000153,89.65000153,89.65000153,51430881
29/01/2025,89.65000153,90.59999847,87.5,88.19999695,88.19999695,34854634
30/01/2025,88.19999695,89.25,87.19999695,88.80000305,88.80000305,24681032
31/01/2025,88.80000305,90.05000305,88.5,88.69999695,88.69999695,23591558
03/02/2025,88.15000153,89.0,87.44999695,88.25,88.25,20492281
04/02/2025,88.55000305,89.59999847,87.55000305,88.40000153,88.40000153,27977135
05/02/2025,88.5,88.75,85.5,86.19999695,86.19999695,32504292
06/02/2025,86.90000153,88.44999695,85.59999847,85.94999695,85.94999695,27242522
07/02/2025,85.94999695,86.34999847,85.05000305,85.69999695,85.69999695,22943950
10/02/2025,85.75,85.84999847,81.44999695,81.55000305,81.55000305,51630303
11/02/2025,81.34999847,82.30000305,81.0,81.75,81.75,24098781
12/02/2025,81.90000153,82.25,78.09999847,78.09999847,78.09999847,50265805
13/02/2025,78.19999695,80.19999695,77.25,79.65000153,79.65000153,48323805
14/02/2025,79.84999847,80.80000305,78.19999695,79.30000305,79.30000305,42286606
17/02/2025,79.30000305,80.90000153,79.09999847,80.69999695,80.69999695,30049968
18/02/2025,80.69999695,84.30000305,80.44999695,84.0,84.0,44845386
19/02/2025,83.75,85.05000305,83.30000305,83.80000305,83.80000305,27999402
20/02/2025,84.0,84.75,82.15000153,84.09999847,84.09999847,31337511
21/02/2025,84.05000305,84.15000153,81.65000153,82.75,82.75,20946566
24/02/2025,83.09999847,84.55000305,82.75,83.75,83.75,20137572
25/02/2025,84.05000305,84.59999847,80.65000153,81.0,81.0,33624825
26/02/2025,82.69999695,87.15000153,82.69999695,86.0,86.0,77775026
27/02/2025,86.0,90.34999847,85.05000305,90.0,90.0,86597843
28/02/2025,90.0,94.30000305,89.5,93.44999695,93.44999695,99828367
03/03/2025,94.0,99.55000305,93.55000305,98.05000305,98.05000305,78386555
04/03/2025,97.94999695,101.9000015,96.94999695,101.6999969,101.6999969,88344020
05/03/2025,102.0999985,106.0,100.3000031,105.4000015,105.4000015,75414801
06/03/2025,106.0,112.1999969,104.9000015,112.1999969,112.1999969,76781475
07/03/2025,112.0,114.0,105.6999969,108.1999969,108.1999969,96915667
10/03/2025,108.1999969,111.1999969,108.0,110.3000031,110.3000031,51755935
11/03/2025,110.3000031,118.5999985,109.6999969,117.0,117.0,90000097
12/03/2025,117.0999985,118.0999985,113.8000031,115.9000015,115.9000015,61955099
13/03/2025,116.0999985,119.9000015,114.1999969,116.3000031,116.3000031,72620847
14/03/2025,117.0999985,117.8000031,115.8000031,117.0999985,117.0999985,35017698
17/03/2025,117.3000031,121.9000015,117.0,121.6999969,121.6999969,57042667
18/03/2025,121.8000031,124.0,120.1999969,123.4000015,123.4000015,58847122
19/03/2025,117.6999969,123.0,111.0999985,112.3000031,112.3000031,78521688
20/03/2025,113.4000015,121.0,113.1999969,117.5,117.5,76894160
21/03/2025,117.5,117.6999969,108.0,110.5,110.5,69700458
24/03/2025,112.3000031,120.5999985,112.0999985,120.4000015,120.4000015,73404180
25/03/2025,122.8000031,125.6999969,114.1999969,117.5,117.5,100179556
26/03/2025,117.0,118.5,114.0,116.0,116.0,51094163
27/03/2025,117.6999969,118.1999969,115.0,117.0,117.0,42818807
28/03/2025,117.0,119.9000015,114.9000015,119.9000015,119.9000015,36533871
02/04/2025,119.6999969,120.6999969,116.5999985,118.3000031,118.3000031,26643644
03/04/2025,118.1999969,120.6999969,115.8000031,117.3000031,117.3000031,45528015
04/04/2025,117.3000031,118.4000015,115.3000031,117.4000015,117.4000015,30956862
07/04/2025,113.5,117.8000031,113.5,116.6999969,116.6999969,36119623
08/04/2025,118.9000015,119.9000015,117.0999985,118.8000031,118.8000031,30048916
09/04/2025,117.5,119.6999969,116.3000031,117.0999985,117.0999985,36638755
10/04/2025,120.5,123.6999969,120.1999969,123.0999985,123.0999985,43491599
11/04/2025,123.0,123.4000015,118.9000015,119.1999969,119.1999969,32305299
14/04/2025,120.3000031,120.6999969,118.3000031,119.3000031,119.3000031,24518993
15/04/2025,119.3000031,119.9000015,116.1999969,116.5999985,116.5999985,31099483
16/04/2025,116.8000031,122.0,116.8000031,121.1999969,121.1999969,57457601
17/04/2025,121.3000031,133.3000031,121.3000031,128.5,128.5,88444266
18/04/2025,128.8000031,130.6000061,126.9000015,129.8999939,129.8999939,25485816
21/04/2025,130.1999969,131.3000031,126.6999969,127.9000015,127.9000015,24934299
22/04/2025,129.0,132.6999969,129.0,131.6999969,131.6999969,42482740
24/04/2025,132.3000031,134.8000031,131.6000061,134.5,134.5,41709151
25/04/2025,135.1000061,136.0,132.3000031,135.3000031,135.3000031,31222511
28/04/2025,135.8000031,141.3000031,134.0,138.6000061,138.6000061,38791893
29/04/2025,138.6000061,139.3999939,136.8000031,137.3999939,137.3999939,26663636
30/04/2025,135.3000031,136.6999969,132.0,135.0,135.0,39393812
02/05/2025,135.0,135.3000031,129.0,129.8000031,129.8000031,27383518
05/05/2025,129.8999939,130.8000031,128.1999969,129.8000031,129.8000031,24859653
06/05/2025,129.6999969,138.6000061,129.5,137.3999939,137.3999939,42909071
07/05/2025,137.5,146.5,137.3999939,144.1999969,144.1999969,53124006
08/05/2025,144.6000061,154.8999939,144.1999969,154.6000061,154.6000061,45723588
09/05/2025,155.1999969,155.8000031,149.1000061,149.1999969,149.1999969,36613645
12/05/2025,148.3000031,148.3999939,137.1999969,140.3999939,140.3999939,65721237
13/05/2025,140.3000031,141.6000061,135.3999939,136.8000031,136.8000031,52831124
14/05/2025,137.5,139.3000031,136.5,138.0,138.0,39980565
15/05/2025,141.6000061,141.8000031,136.5,137.5,137.5,39271203
16/05/2025,137.5,143.8000031,136.6000061,138.6000061,138.6000061,47312639
20/05/2025,137.8000031,137.8999939,129.8999939,132.3000031,132.3000031,45130917
21/05/2025,133.0,134.8999939,131.1999969,133.0,133.0,27390598
22/05/2025,133.3999939,138.0,131.1000061,137.0,137.0,32790134
23/05/2025,136.1000061,138.5,134.3999939,136.1999969,136.1999969,25281752
26/05/2025,136.6000061,138.3000031,135.1000061,136.3000031,136.3000031,15398955
27/05/2025,135.8000031,138.8999939,135.1999969,137.6000061,137.6000061,25937494
28/05/2025,138.0,138.6999969,134.1000061,135.1000061,135.1000061,20977030
29/05/2025,135.1999969,136.1999969,131.0,132.1999969,132.1999969,19670153
30/05/2025,131.6000061,132.6000061,128.6000061,129.6000061,129.6000061,29057534
02/06/2025,130.6999969,132.6000061,129.1999969,129.3000031,129.3000031,20620160
03/06/2025,129.3999939,130.3999939,126.9000015,127.5999985,127.5999985,32067776
04/06/2025,127.9000015,135.0,127.9000015,134.6999969,134.6999969,39191709
05/06/2025,134.3999939,139.6999969,134.0,139.5,139.5,15261303
10/06/2025,139.0,141.1000061,137.5,139.1999969,139.1999969,29996112
11/06/2025,140.1999969,142.8999939,138.1999969,141.3000031,141.3000031,40042707
12/06/2025,144.3999939,148.1999969,141.8999939,144.6999969,144.6999969,52557913
13/06/2025,149.1000061,150.6999969,140.6999969,141.5,141.5,48698994
16/06/2025,141.5,145.0,138.5,138.8999939,138.8999939,33034762
17/06/2025,139.5,145.5,138.6000061,144.5,144.5,45384727
18/06/2025,144.6000061,145.6000061,141.1999969,141.5,141.5,23678474
19/06/2025,142.0,145.3999939,141.6999969,144.1000061,144.1000061,30274928
20/06/2025,144.0,146.8999939,143.3000031,146.3000031,146.3000031,31320852
23/06/2025,146.3999939,147.8000031,143.8999939,147.1000061,147.1000061,33863987
24/06/2025,143.1000061,144.0,138.6000061,142.6000061,142.6000061,44459926
25/06/2025,143.3999939,150.0,143.1000061,148.3999939,148.3999939,39703153
26/06/2025,148.8999939,149.6000061,140.3000031,140.3000031,140.3000031,22953982
27/06/2025,140.6999969,146.5,140.5,146.5,146.5,35646531
30/06/2025,146.5,151.8999939,145.1000061,150.8000031,150.8000031,44361621
01/07/2025,150.8000031,153.1999969,148.0,148.3999939,148.3999939,26946538
02/07/2025,149.0,150.6000061,145.5,145.6000061,145.6000061,35818693
03/07/2025,146.6999969,150.5,146.6999969,149.8000031,149.8000031,42289082
04/07/2025,151.0,151.6999969,149.0,151.1999969,151.1999969,28599538
07/07/2025,150.3999939,151.6000061,148.5,151.3000031,151.3000031,22896439
08/07/2025,152.5,153.5,151.6000061,152.1999969,152.1999969,26600839
09/07/2025,152.3000031,152.8000031,147.3999939,149.6999969,149.6999969,32979888
10/07/2025,151.1999969,154.1999969,149.3999939,152.5,152.5,33507736
11/07/2025,152.5,154.8000031,151.8999939,154.0,154.0,26734047
14/07/2025,153.8999939,157.0,151.3999939,155.5,155.5,31432471
16/07/2025,155.5,165.3999939,154.6999969,161.6999969,161.6999969,62542623
17/07/2025,161.0,166.1999969,160.3999939,161.8999939,161.8999939,33834459
18/07/2025,162.5,168.8999939,162.5,166.1999969,166.1999969,41835450
21/07/2025,166.8000031,176.8999939,166.8000031,176.8000031,176.8000031,33414388
22/07/2025,177.6000061,178.3999939,173.6999969,176.5,176.5,28536377
23/07/2025,178.3000031,181.8000031,177.1999969,180.1000061,180.1000061,37748666
24/07/2025,180.6000061,187.6999969,178.5,182.6000061,182.6000061,41750398
25/07/2025,183.1000061,187.0,182.5,183.1999969,183.1999969,25124710
28/07/2025,184.3000031,185.0,178.6999969,181.3000031,181.3000031,20263642
29/07/2025,181.3000031,182.3000031,177.3000031,179.3000031,179.3000031,20734021
30/07/2025,179.0,181.6000061,176.6000061,180.3000031,180.3000031,25425784
31/07/2025,180.5,187.0,180.5,187.0,187.0,36147227
01/08/2025,188.0,188.6999969,183.5,184.3999939,184.3999939,20662476
04/08/2025,186.3000031,188.5,183.8000031,188.5,188.5,20992141
05/08/2025,188.5,188.6999969,185.1000061,185.1000061,185.1000061,14575760
06/08/2025,186.0,188.3999939,179.6000061,181.6000061,181.6000061,36492060
07/08/2025,182.1000061,183.5,178.1000061,179.0,179.0,21739606
08/08/2025,180.3000031,182.6999969,179.8000031,180.5,180.5,20700951
11/08/2025,181.6000061,181.6999969,178.6000061,178.6999969,178.6999969,13886398
12/08/2025,178.6999969,179.0,172.0,172.0,172.0,21753767
13/08/2025,172.0,175.8999939,170.3999939,174.1999969,174.1999969,25254554
14/08/2025,174.5,175.3999939,168.8000031,170.0,170.0,16553058
15/08/2025,170.3999939,172.1000061,169.1000061,170.3999939,170.3999939,14923094
18/08/2025,170.3999939,172.5,167.0,171.6999969,171.6999969,22600903
19/08/2025,172.1999969,173.1999969,169.6000061,172.3999939,172.3999939,16197940
20/08/2025,173.6999969,182.5,173.1999969,181.5,181.5,38944686
21/08/2025,182.3999939,183.3000031,178.6999969,180.3000031,180.3000031,20439294
22/08/2025,180.3000031,182.8999939,179.0,181.5,181.5,24210182
25/08/2025,182.5,183.1000061,179.6999969,180.1999969,180.1999969,14214828
26/08/2025,180.5,186.0,179.1000061,185.5,185.5,33825828
27/08/2025,185.3999939,185.3999939,181.8999939,183.3000031,183.3000031,18713287
28/08/2025,185.0,186.8000031,183.0,183.8000031,183.8000031,19222348
29/08/2025,183.8000031,187.5,183.0,183.3000031,183.3000031,35688973
01/09/2025,183.5,184.8999939,178.1999969,178.5,178.5,23196336
02/09/2025,179.0,179.6000061,168.6999969,174.1999969,174.1999969,25999625
03/09/2025,173.0,179.0,170.6999969,178.8000031,178.8000031,27613522
04/09/2025,178.8000031,184.1999969,178.6999969,182.0,182.0,24151693
05/09/2025,182.1000061,182.6000061,175.0,175.0,175.0,22814460
08/09/2025,173.8000031,175.6000061,172.0,173.5,173.5,14491964
09/09/2025,173.5,174.5,170.8000031,173.6999969,173.6999969,23875219
10/09/2025,180.1000061,180.8999939,174.6000061,177.3999939,177.3999939,39929582
11/09/2025,177.3999939,177.6999969,171.1000061,172.1000061,172.1000061,24580157
12/09/2025,172.1000061,176.8999939,171.3000031,173.8999939,173.8999939,21574800
15/09/2025,173.6999969,186.3999939,171.8999939,185.1999969,185.1999969,39453729
16/09/2025,185.1999969,196.5,184.8000031,195.1999969,195.1999969,53887807
17/09/2025,195.1999969,199.3000031,194.1000061,194.1000061,194.1000061,31237472
18/09/2025,194.6000061,196.8000031,191.3999939,192.1999969,192.1999969,20834723
19/09/2025,192.3999939,204.3999939,191.6999969,204.3999939,204.3999939,45499411
22/09/2025,210.0,218.1999969,205.3000031,213.6000061,213.6000061,68105717
23/09/2025,212.8000031,214.5,209.3000031,211.1999969,211.1999969,31683071
24/09/2025,211.6000061,217.8000031,207.6000061,217.5,217.5,41049717
25/09/2025,219.0,220.8000031,215.6000061,218.3000031,218.3000031,35589650
26/09/2025,218.0,222.3000031,214.1000061,217.3000031,217.3000031,44830105
29/09/2025,217.3000031,220.5,213.6000061,216.3000031,216.3000031,28386846
30/09/2025,216.5,219.1000061,213.3000031,215.0,215.0,39223793
01/10/2025,215.1000061,218.6999969,207.1000061,218.1000061,218.1000061,41278766
02/10/2025,218.1999969,221.8999939,216.0,217.0,217.0,28112699
03/10/2025,218.1999969,219.6000061,212.8999939,216.1000061,216.1000061,24107108
06/10/2025,216.1999969,217.1999969,213.0,215.1999969,215.1999969,20279138
07/10/2025,215.3999939,217.0,206.5,209.5,209.5,32163159
08/10/2025,209.3999939,216.1999969,208.3999939,215.6000061,215.6000061,27020145
09/10/2025,215.0,223.3000031,209.5,219.1999969,219.1999969,40301031
10/10/2025,219.1999969,220.0,212.1000061,213.5,213.5,29717793
13/10/2025,211.3000031,215.8999939,209.6000061,214.0,214.0,19071746
14/10/2025,214.0,216.8999939,210.1000061,212.0,212.0,20036093
15/10/2025,212.1000061,212.5,203.1000061,207.5,207.5,33134559
16/10/2025,207.3999939,210.6000061,203.8000031,204.0,204.0,22182650
17/10/2025,204.0,205.1000061,193.6000061,194.8999939,194.8999939,28317714
20/10/2025,195.3000031,206.1999969,190.5,203.8999939,203.8999939,39630987
21/10/2025,204.1000061,207.3999939,202.6000061,205.6000061,205.6000061,21489361
22/10/2025,205.8999939,216.1999969,205.8999939,207.6000061,207.6000061,28052729
23/10/2025,209.0,211.3999939,205.8999939,206.5,206.5,26059011
24/10/2025,207.8000031,215.6999969,203.8999939,203.8999939,203.8999939,53541269
27/10/2025,203.94014923454588,208.73404420678668,200.3447394348943,208.5343017578125,,31221468
28/10/2025,208.8339204516423,211.1309814453125,206.7365866650884,211.1309814453125,,12129563
29/10/2025,211.1309814453125,211.1309814453125,211.1309814453125,211.1309814453125,,0
30/10/2025,211.13099149303588,211.6303552527066,205.4382476806641,205.4382476806641,,24507408
31/10/2025,205.73786705218345,207.73532207210752,201.143714410609,203.34092712402344,,26205355
03/11/2025,204.23976972032736,205.73786094076985,201.24358727944235,202.3421936035156,,25081750
04/11/2025,202.3421936306717,203.64052716373192,195.5508437158799,197.04893493652344,,23546197
05/11/2025,198.7467706947615,203.940150599715,192.8542845940325,193.8530120849609,,44519407
06/11/2025,194.1526221208308,195.45097093352803,187.1615295410156,187.1615295410156,,42870800
07/11/2025,187.261411405792,189.65835137603705,184.46497128092423,184.86447143554688,,25678773
10/11/2025,185.7633111245908,188.3600086661672,183.76585616626187,186.1627960205078,,25412471
11/11/2025,188.0603876972293,188.55975143766835,179.87082540190286,181.16915893554688,,34898259
12/11/2025,182.76713617637697,185.86319758440345,180.96942359234137,183.3663787841797,,23347877
13/11/2025,183.56611049738152,184.4649591171092,177.07438199671887,177.57374572753906,,21915538
14/11/2025,177.5737593698683,177.5737593698683,171.28177283026957,175.7760467529297,,32083989
17/11/2025,178.07311912836084,188.9592429556477,177.7734978257239,188.0603942871093,,45680469
18/11/2025,188.06038909848704,189.65834393617544,184.3651004395784,187.96051025390625,,28742274
19/11/2025,187.96050649466417,190.9566888996993,183.965596621284,184.0654754638672,,36852150
20/11/2025,184.8644711591915,186.5623049055248,183.2665010218352,184.5648498535156,,22196256
21/11/2025,183.46623832237967,185.7633146154996,181.3689197203442,184.4649658203125,,27716401
24/11/2025,184.26522308366896,184.86446567725093,181.36891943989136,184.16534423828125,,25804960
25/11/2025,185.0,185.3999938964844,179.39999389648438,180.10000610351562,,28775390
26/11/2025,180.3000030517578,185.6999969482422,180.10000610351562,184.1000061035156,,23280248
27/11/2025,184.3000030517578,186.1000061035156,183.3999938964844,184.5,,13460544
28/11/2025,184.5,185.0,182.8000030517578,183.3999938964844,,13710754
01/12/2025,183.3999938964844,188.1999969482422,181.5,187.1999969482422,,18915360
02/12/2025,187.1000061035156,188.8999938964844,185.5,187.6999969482422,,19794223
03/12/2025,187.6999969482422,191.8000030517578,185.6999969482422,185.8999938964844,,25981247
04/12/2025,185.6999969482422,187.6000061035156,183.0,185.1000061035156,,14532958
05/12/2025,185.1000061035156,188.6999969482422,184.1000061035156,188.1999969482422,,14533185
08/12/2025,190.0,194.3999938964844,186.6999969482422,193.6999969482422,,27158085
09/12/2025,193.8000030517578,202.8000030517578,191.8999938964844,202.0,,40458135
10/12/2025,202.0,209.8999938964844,200.8999938964844,205.8000030517578,,52526261
11/12/2025,206.8000030517578,209.8999938964844,204.5,204.8999938964844,,26064583
12/12/2025,205.0,207.1000061035156,203.3000030517578,204.0,,16173224
15/12/2025,207.0,214.1999969482422,205.8999938964844,212.1999969482422,,36336874
16/12/2025,212.1999969482422,212.6000061035156,207.0,209.3000030517578,,21248733
17/12/2025,209.3000030517578,209.6000061035156,200.0,201.0,,33541318
18/12/2025,202.0,205.8999938964844,201.8000030517578,204.3999938964844,,27863503
19/12/2025,204.3999938964844,211.3000030517578,204.1999969482422,211.1000061035156,,32709015
22/12/2025,211.8000030517578,216.3000030517578,209.6999969482422,212.8000030517578,,30091977
23/12/2025,212.60000610351562,223.89999389648438,211.8000030517578,221.6999969482422,,43793581
24/12/2025,221.60000610351562,229.5,221.0,224.6999969482422,,33914596
25/12/2025,225.1999969482422,228.0,220.3000030517578,222.6999969482422,,13579327
26/12/2025,222.6999969482422,227.0,222.0,226.10000610351562,,21511696
29/12/2025,226.3000030517578,228.0,221.0,221.0,,23826351
30/12/2025,222.0,231.3000030517578,222.0,229.0,,34829885
31/12/2025,229.8000030517578,237.3000030517578,229.1999969482422,231.6999969482422,,33390707
02/01/2026,232.0,233.6999969482422,228.5,230.1999969482422,,20364261
05/01/2026,233.0,242.5,233.0,240.0,,34329300
06/01/2026,240.0,258.0,238.8000030517578,257.0,,54994067
07/01/2026,259.0,270.0,257.75,263.5,,46562786
08/01/2026,264.0,268.5,260.25,262.75,,39424305
09/01/2026,265.0,280.0,263.5,280.0,,46746602
12/01/2026,285.75,294.75,280.0,283.0,,73292826
13/01/2026,283.0,292.75,282.5,289.75,,55044032
14/01/2026,292.0,292.5,283.0,288.0,,46382182
15/01/2026,289.25,304.5,285.75,302.5,,57149729
16/01/2026,303.25,312.5,301.0,309.25,,50889702
19/01/2026,310.0,325.0,305.75,316.0,,53303143
20/01/2026,317.5,338.25,317.0,336.75,,72992317
21/01/2026,338.5,339.25,303.25,303.25,,109808705
22/01/2026,295.0,304.75,287.5,300.25,,85588015
23/01/2026,302.75,306.75,296.75,300.75,,51219152
26/01/2026,300.75,324.25,300.75,323.25,,64694547
27/01/2026,328.5,333.5,308.0,310.5,,70509406
28/01/2026,312.25,316.25,307.5,307.5,,54249535
29/01/2026,310.25,323.0,309.0,319.0,,58984283
30/01/2026,317.0,317.25,303.25,303.25,,52704794
02/02/2026,300.0,306.0,293.75,299.5,,36840843
03/02/2026,304.25,306.5,291.75,296.75,50541184
04/02/2026,299.0,304.0,297.25,302.5,46636544
05/02/2026,302.75,303.0,283.75,285.0,41435454
06/02/2026,285.0,292.75,283.0,288.0,41861945
09/02/2026,291.0,294.25,287.25,292.0,28749581
10/02/2026,292.25,298.25,291.0,298.25,38575272
11/02/2026,298.0,300.0,291.5,294.0,39497827
12/02/2026,295.0,303.5,292.5,301.5,40207260
13/02/2026,302.0,304.0,298.5,302.25,38043567
16/02/2026,303.25,304.5,295.25,296.5,33971514
17/02/2026,296.75,301.75,293.25,294.0,32315707
18/02/2026,294.75,315.5,294.75,310.25,83188891
19/02/2026,313.25,321.25,304.5,307.0,74721661
20/02/2026,307.25,314.75,306.0,313.25,42689070
23/02/2026,314.5,316.25,308.75,310.5,35880813
24/02/2026,312.75,315.5,305.25,309.0,32333409
25/02/2026,309.75,314.75,303.75,306.25,59100784
26/02/2026,308.25,312.75,304.0,311.0,34047361
27/02/2026,312.25,324.75,307.5,322.0,73945610
02/03/2026,324.0,347.0,324.0,340.0,58565606
03/03/2026,344.25,345.5,318.0,322.25,36583772
04/03/2026,322.0,339.25,321.75,333.0,46372048
05/03/2026,333.5,350.0,330.0,345.0,46519728
06/03/2026,346.0,350.0,333.5,333.5,34172215
09/03/2026,333.5,337.75,318.5,319.0,36349526
10/03/2026,319.25,336.0,319.25,334.25,30058029
11/03/2026,334.5,335.75,326.5,335.75,19131976
12/03/2026,336.75,338.25,329.75,330.0,23419978
13/03/2026,330.0,333.5,320.25,322.25,22428192
16/03/2026,324.0,328.25,314.75,320.5,18105422
17/03/2026,321.75,343.75,321.5,341.25,33575822
18/03/2026,341.0,355.5,338.0,348.75,41934787
19/03/2026,348.0,351.5,338.75,338.75,12565804
23/03/2026,338.75,356.5,338.0,353.25,44437394
24/03/2026,353.25,359.0,347.0,352.0,30707912
25/03/2026,352.0,355.0,337.0,337.5,23956540
26/03/2026,340.0,343.25,335.0,338.0,22025311
27/03/2026,340.0,341.0,328.0,330.75,14929459
30/03/2026,330.75,332.75,320.5,320.5,18317233
31/03/2026,321.0,324.75,316.0,320.25,18067512
01/04/2026,321.5,327.5,317.75,320.25,17723482
02/04/2026,325.0,336.5,323.25,336.5,24822094
03/04/2026,336.5,338.5,330.0,330.5,12968325
06/04/2026,330.5,342.5,327.75,337.0,21266430
07/04/2026,338.5,344.75,337.0,342.0,21595112
08/04/2026,341.5,366.5,338.0,362.25,53570213
09/04/2026,362.25,379.0,362.25,376.75,35915324
10/04/2026,377.0,399.5,376.5,398.5,34383162
13/04/2026,398.75,429.0,388.5,415.25,77119327
14/04/2026,415.75,425.25,408.5,411.75,38474453
15/04/2026,412.25,421.25,411.25,416.75,21183260
16/04/2026,420.0,422.5,406.0,411.0,15450028
17/04/2026,412.5,417.5,407.0,414.0,20981008
17/04/2026,412.5,417.5,407.0,414.0,20981008
20/04/2026,418.0,421.5,411.0,413.5,14133295
