Tarih,Açılış,Yüksek,Düşük,Kapanış,Düzeltilmiş_Kapanış,Hacim
29/10/2015,29.725000381469727,29.725000381469727,29.725000381469727,29.725000381469727,21.966732025146484,0
30/10/2015,29.625,29.950000762939453,29.575000762939453,29.649999618530277,21.91130828857422,1657102
02/11/2015,31.075000762939453,31.075000762939453,30.200000762939453,30.299999237060547,22.39165687561035,1030652
03/11/2015,30.149999618530277,30.174999237060547,29.924999237060547,30.0,22.16995620727539,1053698
04/11/2015,30.0,30.049999237060547,29.774999618530277,30.0,22.16995620727539,1148174
05/11/2015,29.700000762939453,30.0,29.600000381469727,29.75,21.985212326049805,553338
06/11/2015,29.875,29.875,29.649999618530277,29.649999618530277,21.91130828857422,440378
09/11/2015,29.700000762939453,30.024999618530277,29.575000762939453,29.950000762939453,22.13301086425781,921964
10/11/2015,29.950000762939453,30.0,29.674999237060547,29.674999237060547,21.929784774780277,1069574
11/11/2015,29.875,29.950000762939453,29.375,29.450000762939453,21.76351547241211,856832
12/11/2015,29.524999618530277,29.625,29.274999618530277,29.575000762939453,21.85588264465332,802942
13/11/2015,29.549999237060547,29.600000381469727,29.450000762939453,29.575000762939453,21.85588264465332,486284
16/11/2015,29.024999618530277,29.049999237060547,28.875,28.950000762939453,21.39400863647461,674660
17/11/2015,28.700000762939453,28.774999618530277,28.299999237060547,28.5,21.061458587646484,1752594
18/11/2015,28.950000762939453,28.975000381469727,28.325000762939453,28.375,20.969087600708008,510090
19/11/2015,28.125,28.174999237060547,27.899999618530277,28.024999618530277,20.71043968200684,1026268
20/11/2015,28.424999237060547,28.575000762939453,28.325000762939453,28.399999618530277,20.9875602722168,667070
23/11/2015,28.475000381469727,28.625,28.299999237060547,28.375,20.969087600708008,806660
24/11/2015,28.25,28.575000762939453,27.75,27.825000762939453,20.562639236450195,969924
25/11/2015,27.950000762939453,28.200000762939453,27.475000381469727,28.125,20.784334182739254,1189258
26/11/2015,27.850000381469727,27.875,27.5,27.5,20.32246398925781,418508
27/11/2015,27.625,27.725000381469727,27.25,27.524999618530277,20.3409366607666,857872
30/11/2015,27.524999618530277,28.274999618530277,27.100000381469727,27.25,20.13771247863769,2302340
01/12/2015,27.075000762939453,27.600000381469727,27.075000762939453,27.524999618530277,20.3409366607666,2977470
02/12/2015,27.575000762939453,28.100000381469727,27.350000381469727,27.375,20.23008918762207,3197406
03/12/2015,27.450000762939453,27.774999618530277,26.799999237060547,26.875,19.86058807373047,2988108
04/12/2015,26.975000381469727,27.174999237060547,26.325000762939453,26.424999237060547,19.528038024902344,2973994
07/12/2015,26.450000762939453,26.725000381469727,26.100000381469727,26.399999618530277,19.509565353393555,2397338
08/12/2015,26.399999618530277,26.875,26.325000762939453,26.625,19.67583465576172,2636608
09/12/2015,26.799999237060547,27.200000762939453,26.674999237060547,26.924999237060547,19.897533416748047,1202334
10/12/2015,26.950000762939453,27.450000762939453,26.825000762939453,27.075000762939453,20.00839233398437,2318184
11/12/2015,27.125,27.299999237060547,26.799999237060547,26.875,19.86058807373047,1726948
14/12/2015,27.049999237060547,27.25,26.424999237060547,26.549999237060547,19.620410919189453,974752
15/12/2015,26.700000762939453,27.225000381469727,26.575000762939453,27.100000381469727,20.02686309814453,2507578
16/12/2015,26.975000381469727,27.200000762939453,26.799999237060547,26.850000381469727,19.842117309570312,1283224
17/12/2015,26.875,27.149999618530277,26.850000381469727,26.975000381469727,19.93448829650879,1555790
18/12/2015,27.0,27.0,26.475000381469727,26.899999618530277,19.879060745239254,953030
21/12/2015,27.100000381469727,27.350000381469727,26.625,26.649999618530277,19.69430923461914,1004198
22/12/2015,26.700000762939453,26.75,26.200000762939453,26.700000762939453,19.73126602172852,943448
23/12/2015,26.850000381469727,27.0,26.700000762939453,26.774999618530277,19.78669166564941,1096862
24/12/2015,26.850000381469727,26.924999237060547,26.5,26.725000381469727,19.749738693237305,284310
25/12/2015,26.75,26.850000381469727,26.674999237060547,26.75,19.768211364746094,60994
28/12/2015,26.700000762939453,27.0,26.700000762939453,26.75,19.768211364746094,506836
29/12/2015,26.799999237060547,26.899999618530277,26.450000762939453,26.75,19.768211364746094,632828
30/12/2015,26.75,26.75,26.450000762939453,26.450000762939453,19.54651260375977,607426
31/12/2015,26.549999237060547,26.549999237060547,25.5,25.674999237060547,18.973787307739254,1561780
01/01/2016,25.674999237060547,25.674999237060547,25.674999237060547,25.674999237060547,18.973787307739254,0
04/01/2016,25.600000381469727,25.700000762939453,25.325000762939453,25.399999618530277,18.770566940307617,642148
05/01/2016,25.75,25.774999618530277,25.049999237060547,25.5,18.844463348388672,1355226
06/01/2016,25.5,25.5,25.0,25.174999237060547,18.60429000854492,2168882
07/01/2016,25.024999618530277,25.549999237060547,24.899999618530277,25.350000381469727,18.73361587524414,2081760
08/01/2016,25.5,25.524999618530277,24.75,24.84000015258789,18.356725692749023,1937666
11/01/2016,24.770000457763672,24.770000457763672,24.51000022888184,24.600000381469727,18.179363250732425,1339030
12/01/2016,24.6200008392334,25.125,24.5,24.950000762939453,18.438018798828125,2153394
13/01/2016,24.950000762939453,25.399999618530277,24.950000762939453,25.125,18.56733703613281,2171198
14/01/2016,25.0,25.274999618530277,24.940000534057617,25.174999237060547,18.60429000854492,2015768
15/01/2016,25.200000762939453,25.350000381469727,24.959999084472656,24.96999931335449,18.452795028686523,2122042
18/01/2016,25.174999237060547,25.174999237060547,24.690000534057617,24.729999542236328,18.275434494018555,2334384
19/01/2016,24.899999618530277,25.024999618530277,24.530000686645508,24.56999969482422,18.15719223022461,1626970
20/01/2016,24.5,24.540000915527344,24.25,24.26000022888184,17.928110122680664,1368230
21/01/2016,24.26000022888184,24.309999465942383,23.709999084472656,23.780000686645508,17.573387145996094,2419794
22/01/2016,23.780000686645508,23.780000686645508,23.780000686645508,23.780000686645508,17.573387145996094,0
25/01/2016,24.75,24.76000022888184,24.200000762939453,24.3700008392334,18.0093936920166,3356588
26/01/2016,24.149999618530277,24.399999618530277,24.020000457763672,24.34000015258789,17.987226486206055,2358726
27/01/2016,24.40999984741211,24.959999084472656,24.399999618530277,24.920000076293945,18.415843963623047,1883848
28/01/2016,25.125,25.225000381469727,24.96999931335449,25.149999618530277,18.585813522338867,2865970
29/01/2016,25.399999618530277,25.625,24.739999771118164,24.979999542236328,18.460182189941406,3359088
01/02/2016,24.979999542236328,25.200000762939453,24.71999931335449,25.125,18.56733703613281,1841532
02/02/2016,25.100000381469727,25.799999237060547,25.075000762939453,25.725000381469727,19.010740280151367,4739204
03/02/2016,25.25,26.200000762939453,25.0,26.149999618530277,19.32481002807617,2443518
04/02/2016,26.5,26.700000762939453,25.825000762939453,25.924999237060547,19.15853881835937,1258776
05/02/2016,25.924999237060547,26.149999618530277,25.549999237060547,25.75,19.02921485900879,2362500
08/02/2016,25.875,26.0,25.200000762939453,25.274999618530277,18.678194046020508,1160062
09/02/2016,25.200000762939453,25.299999237060547,24.61000061035156,24.96999931335449,18.452795028686523,1547160
10/02/2016,24.940000534057617,25.125,24.51000022888184,24.780000686645508,18.312387466430664,2098940
11/02/2016,24.700000762939453,24.700000762939453,24.100000381469727,24.3799991607666,18.016786575317383,3450876
12/02/2016,24.450000762939453,25.100000381469727,24.450000762939453,24.850000381469727,18.364112854003903,1781398
15/02/2016,25.049999237060547,25.274999618530277,23.5,24.899999618530277,18.40106773376465,2347160
16/02/2016,24.920000076293945,25.200000762939453,24.61000061035156,24.649999618530277,18.216318130493164,988290
17/02/2016,24.71999931335449,25.475000381469727,24.549999237060547,25.25,18.65971565246582,1805522
18/02/2016,25.25,26.149999618530277,25.200000762939453,26.125,19.30634307861328,3940698
19/02/2016,26.125,26.975000381469727,26.075000762939453,26.924999237060547,19.897533416748047,3139274
22/02/2016,27.274999618530277,27.5,27.200000762939453,27.399999618530277,20.24856185913086,2777860
23/02/2016,27.375,27.524999618530277,27.174999237060547,27.524999618530277,20.3409366607666,1573350
24/02/2016,27.575000762939453,27.725000381469727,26.799999237060547,27.399999618530277,20.24856185913086,2452394
25/02/2016,27.5,28.024999618530277,27.424999237060547,27.950000762939453,20.655017852783203,1694842
26/02/2016,27.850000381469727,28.149999618530277,27.049999237060547,27.075000762939453,20.00839233398437,2105712
29/02/2016,26.850000381469727,27.649999618530277,26.825000762939453,27.375,20.23008918762207,2407342
01/03/2016,27.350000381469727,27.575000762939453,27.125,27.375,20.23008918762207,1505108
02/03/2016,27.899999618530277,27.924999237060547,27.225000381469727,27.5,20.32246398925781,1822422
03/03/2016,27.649999618530277,27.700000762939453,26.950000762939453,27.200000762939453,20.10076332092285,2173206
04/03/2016,27.225000381469727,27.350000381469727,26.875,27.0,19.95296669006348,1867332
07/03/2016,27.075000762939453,27.350000381469727,26.799999237060547,26.899999618530277,19.879060745239254,2360676
08/03/2016,26.700000762939453,26.850000381469727,26.424999237060547,26.5,19.58346176147461,4475620
09/03/2016,26.475000381469727,27.100000381469727,26.424999237060547,27.0,19.95296669006348,9214578
10/03/2016,27.100000381469727,28.725000381469727,27.075000762939453,28.625,21.15383720397949,7224628
11/03/2016,28.674999237060547,29.100000381469727,28.424999237060547,28.725000381469727,21.22773742675781,2065508
14/03/2016,28.524999618530277,29.125,28.450000762939453,29.075000762939453,21.486387252807617,1367494
15/03/2016,29.200000762939453,29.5,28.875,29.200000762939453,21.578758239746094,1811034
16/03/2016,29.299999237060547,29.424999237060547,28.5,29.200000762939453,21.578758239746094,1571008
17/03/2016,29.575000762939453,29.950000762939453,29.350000381469727,29.799999237060547,22.02216148376465,2665790
18/03/2016,29.825000762939453,30.25,29.25,30.25,22.354711532592773,4933840
21/03/2016,30.274999618530277,30.725000381469727,30.0,30.475000381469727,22.52098274230957,2261266
22/03/2016,30.475000381469727,30.700000762939453,29.0,30.649999618530277,22.650304794311523,2500644
23/03/2016,30.575000762939453,30.575000762939453,30.024999618530277,30.225000381469727,22.33623695373535,2030786
24/03/2016,30.225000381469727,30.375,29.825000762939453,30.274999618530277,22.37317657470703,1353760
25/03/2016,30.299999237060547,30.399999618530277,29.274999618530277,29.875,22.07758331298828,173564
28/03/2016,29.875,30.174999237060547,29.375,29.950000762939453,22.13301086425781,402574
29/03/2016,30.100000381469727,30.774999618530277,30.075000762939453,30.475000381469727,22.52098274230957,1226990
30/03/2016,31.149999618530277,31.25,30.575000762939453,31.149999618530277,23.01980400085449,1359926
31/03/2016,30.875,31.100000381469727,30.25,30.524999618530277,22.557933807373047,1943426
01/04/2016,30.5,30.5,30.024999618530277,30.350000381469727,22.42860984802246,1262622
04/04/2016,30.600000381469727,30.950000762939453,30.549999237060547,30.899999618530277,22.835054397583008,714330
05/04/2016,30.950000762939453,30.950000762939453,30.399999618530277,30.549999237060547,22.57640838623047,900838
06/04/2016,30.600000381469727,30.600000381469727,29.975000381469727,30.049999237060547,22.206905364990234,1514622
07/04/2016,30.375,30.475000381469727,29.700000762939453,29.950000762939453,22.13301086425781,1374442
08/04/2016,30.125,30.799999237060547,29.950000762939453,30.774999618530277,22.7426872253418,1584874
11/04/2016,30.774999618530277,31.25,30.375,31.125,23.001333236694336,1162772
12/04/2016,30.850000381469727,31.200000762939453,30.399999618530277,30.575000762939453,22.594881057739254,1302452
13/04/2016,30.674999237060547,31.450000762939453,30.524999618530277,31.174999237060547,23.03828239440918,1746040
14/04/2016,31.049999237060547,31.575000762939453,30.975000381469727,31.475000381469727,23.259981155395508,1333224
15/04/2016,31.549999237060547,31.75,31.25,31.549999237060547,23.315404891967773,1092202
18/04/2016,31.424999237060547,31.450000762939453,30.825000762939453,31.174999237060547,23.03828239440918,1073070
19/04/2016,31.299999237060547,31.399999618530277,30.875,31.100000381469727,22.982860565185547,1182984
20/04/2016,30.975000381469727,31.25,30.75,30.899999618530277,22.835054397583008,1460404
21/04/2016,31.0,31.225000381469727,30.600000381469727,30.799999237060547,22.761157989501957,1118112
22/04/2016,30.850000381469727,31.399999618530277,30.450000762939453,31.299999237060547,23.130653381347656,1111816
25/04/2016,31.149999618530277,31.174999237060547,30.899999618530277,31.149999618530277,23.01980400085449,800742
26/04/2016,31.200000762939453,31.325000762939453,30.799999237060547,30.875,22.81658363342285,1224312
27/04/2016,31.024999618530277,31.049999237060547,30.5,30.725000381469727,22.705730438232425,986568
28/04/2016,30.725000381469727,30.725000381469727,30.450000762939453,30.5,22.539457321166992,1067290
29/04/2016,30.5,30.899999618530277,30.399999618530277,30.799999237060547,22.761157989501957,1061958
02/05/2016,30.799999237060547,30.799999237060547,30.174999237060547,30.174999237060547,22.299278259277344,692034
03/05/2016,30.299999237060547,30.524999618530277,28.825000762939453,28.825000762939453,21.301637649536133,2398122
04/05/2016,28.825000762939453,28.924999237060547,27.875,27.950000762939453,20.655017852783203,3292664
05/05/2016,27.5,28.899999618530277,27.200000762939453,28.549999237060547,21.09840965270996,2314484
06/05/2016,28.799999237060547,30.475000381469727,28.799999237060547,30.149999618530277,22.280807495117188,4431468
09/05/2016,30.149999618530277,30.75,29.799999237060547,29.875,22.07758331298828,1390700
10/05/2016,30.049999237060547,30.149999618530277,29.725000381469727,30.0,22.16995620727539,1417700
11/05/2016,30.049999237060547,30.100000381469727,29.575000762939453,29.799999237060547,22.02216148376465,1168458
12/05/2016,29.799999237060547,30.024999618530277,29.549999237060547,29.600000381469727,21.87435913085937,1046298
13/05/2016,29.549999237060547,29.799999237060547,29.399999618530277,29.799999237060547,22.02216148376465,882792
16/05/2016,29.75,29.924999237060547,29.200000762939453,29.725000381469727,21.966732025146484,1074684
17/05/2016,29.674999237060547,30.649999618530277,29.674999237060547,30.274999618530277,22.37317657470703,1378144
18/05/2016,30.225000381469727,30.399999618530277,29.825000762939453,30.100000381469727,22.243860244750977,1608298
19/05/2016,30.100000381469727,30.100000381469727,30.100000381469727,30.100000381469727,22.243860244750977,0
20/05/2016,29.975000381469727,30.200000762939453,29.100000381469727,29.149999618530277,21.541805267333984,2841920
23/05/2016,29.149999618530277,29.549999237060547,28.950000762939453,29.100000381469727,21.504858016967773,1265728
24/05/2016,29.049999237060547,30.274999618530277,28.975000381469727,30.200000762939453,22.317758560180664,2448284
25/05/2016,30.274999618530277,30.350000381469727,29.424999237060547,29.450000762939453,21.76351547241211,1313442
26/05/2016,29.25,29.25,28.799999237060547,28.799999237060547,21.28316116333008,1740096
27/05/2016,28.825000762939453,29.424999237060547,28.799999237060547,29.225000381469727,21.59723663330078,970832
30/05/2016,29.200000762939453,30.0,29.174999237060547,29.674999237060547,21.929784774780277,466368
31/05/2016,30.149999618530277,30.149999618530277,28.950000762939453,28.950000762939453,21.39400863647461,1813552
01/06/2016,28.950000762939453,29.274999618530277,28.875,29.200000762939453,21.578758239746094,1150532
02/06/2016,29.274999618530277,29.475000381469727,28.825000762939453,28.825000762939453,21.301637649536133,1103488
03/06/2016,28.899999618530277,30.0,28.899999618530277,29.25,21.61570930480957,1517298
06/06/2016,29.200000762939453,29.375,28.975000381469727,29.125,21.746376037597656,987998
07/06/2016,29.225000381469727,29.424999237060547,28.950000762939453,29.075000762939453,21.70904541015625,958212
08/06/2016,29.0,29.875,28.924999237060547,29.225000381469727,21.821043014526367,1826222
09/06/2016,29.200000762939453,29.700000762939453,29.149999618530277,29.450000762939453,21.98904037475586,1019776
10/06/2016,29.375,29.399999618530277,28.799999237060547,28.799999237060547,21.503705978393555,982446
13/06/2016,28.549999237060547,28.825000762939453,28.399999618530277,28.725000381469727,21.44771385192871,1373422
14/06/2016,28.725000381469727,28.799999237060547,27.725000381469727,28.200000762939453,21.05571937561035,1654078
15/06/2016,28.450000762939453,28.524999618530277,28.149999618530277,28.399999618530277,21.205049514770508,1039020
16/06/2016,28.075000762939453,28.375,27.875,27.875,20.81305313110352,1159868
17/06/2016,28.049999237060547,28.149999618530277,27.674999237060547,27.975000381469727,20.88771629333496,1692642
20/06/2016,28.475000381469727,28.600000381469727,28.100000381469727,28.424999237060547,21.22371482849121,1046830
21/06/2016,28.5,28.625,28.049999237060547,28.325000762939453,21.14905166625977,1172810
22/06/2016,28.274999618530277,28.325000762939453,27.850000381469727,28.0,20.90638732910156,990290
23/06/2016,28.200000762939453,28.375,27.75,27.924999237060547,20.850385665893555,931238
24/06/2016,27.5,27.924999237060547,27.049999237060547,27.725000381469727,20.7010555267334,1372424
27/06/2016,27.75,27.774999618530277,27.450000762939453,27.549999237060547,20.570392608642575,963824
28/06/2016,27.725000381469727,28.549999237060547,27.524999618530277,28.475000381469727,21.26104736328125,1379120
29/06/2016,28.475000381469727,28.725000381469727,28.125,28.200000762939453,21.05571937561035,1458376
30/06/2016,28.25,28.475000381469727,27.899999618530277,28.024999618530277,20.925048828125,1874852
01/07/2016,28.049999237060547,28.600000381469727,28.049999237060547,28.600000381469727,21.354379653930664,991532
04/07/2016,28.600000381469727,28.725000381469727,28.475000381469727,28.674999237060547,21.410377502441406,346940
05/07/2016,28.674999237060547,28.674999237060547,28.674999237060547,28.674999237060547,21.410377502441406,0
06/07/2016,28.674999237060547,28.674999237060547,28.674999237060547,28.674999237060547,21.410377502441406,0
07/07/2016,28.674999237060547,28.674999237060547,28.674999237060547,28.674999237060547,21.410377502441406,0
08/07/2016,28.549999237060547,29.225000381469727,28.125,28.600000381469727,21.354379653930664,1623740
11/07/2016,28.850000381469727,29.024999618530277,28.399999618530277,28.625,21.373044967651367,1455434
12/07/2016,28.649999618530277,28.975000381469727,28.600000381469727,28.899999618530277,21.5783748626709,1264940
13/07/2016,29.0,29.0,28.674999237060547,28.825000762939453,21.52237701416016,1268536
14/07/2016,28.950000762939453,29.149999618530277,28.825000762939453,28.950000762939453,21.61570930480957,1052236
15/07/2016,28.850000381469727,28.950000762939453,28.575000762939453,28.725000381469727,21.44771385192871,1219664
18/07/2016,28.549999237060547,29.125,27.25,27.375,20.439727783203125,4072774
19/07/2016,27.200000762939453,27.549999237060547,26.325000762939453,26.375,19.693065643310547,3980070
20/07/2016,26.325000762939453,27.274999618530277,25.825000762939453,27.225000381469727,20.327726364135746,4263264
21/07/2016,27.0,27.299999237060547,26.200000762939453,26.649999618530277,19.898399353027344,2891080
22/07/2016,26.850000381469727,27.575000762939453,26.25,27.0,20.159730911254883,3708616
25/07/2016,27.200000762939453,27.725000381469727,26.799999237060547,27.549999237060547,20.570392608642575,2046772
26/07/2016,27.774999618530277,27.899999618530277,27.350000381469727,27.75,20.71972274780273,1909474
27/07/2016,27.75,27.899999618530277,27.475000381469727,27.850000381469727,20.79438591003418,1332726
28/07/2016,27.899999618530277,28.100000381469727,27.75,27.924999237060547,20.850385665893555,1211132
29/07/2016,27.875,27.875,27.475000381469727,27.600000381469727,20.607723236083984,1597504
01/08/2016,27.850000381469727,28.174999237060547,27.774999618530277,28.125,20.999717712402344,1080472
02/08/2016,27.924999237060547,28.325000762939453,27.924999237060547,28.125,20.999717712402344,718544
03/08/2016,28.174999237060547,28.274999618530277,27.825000762939453,28.075000762939453,20.962383270263672,998404
04/08/2016,28.075000762939453,28.149999618530277,27.424999237060547,27.975000381469727,20.88771629333496,1752418
05/08/2016,28.075000762939453,28.75,27.825000762939453,28.350000381469727,21.16771507263184,1935954
08/08/2016,28.850000381469727,28.850000381469727,28.149999618530277,28.475000381469727,21.26104736328125,914566
09/08/2016,28.450000762939453,28.475000381469727,28.0,28.0,20.90638732910156,2846170
10/08/2016,28.0,28.0,27.350000381469727,27.5,20.533058166503903,2120350
11/08/2016,27.5,27.649999618530277,27.424999237060547,27.600000381469727,20.607723236083984,1253664
12/08/2016,27.625,27.924999237060547,27.424999237060547,27.924999237060547,20.850385665893555,1314282
15/08/2016,28.200000762939453,28.200000762939453,27.75,27.774999618530277,20.73838806152344,659244
16/08/2016,27.950000762939453,28.399999618530277,27.649999618530277,27.975000381469727,20.88771629333496,1838718
17/08/2016,27.450000762939453,27.5,26.024999618530277,26.375,19.693065643310547,8090072
18/08/2016,26.450000762939453,26.674999237060547,25.950000762939453,26.0,19.413074493408203,3510316
19/08/2016,26.075000762939453,26.125,25.399999618530277,25.700000762939453,19.18907928466797,2613994
22/08/2016,25.524999618530277,26.0,25.424999237060547,25.875,19.31974220275879,2086684
23/08/2016,25.975000381469727,25.975000381469727,25.450000762939453,25.450000762939453,19.002410888671875,1657798
24/08/2016,25.174999237060547,25.575000762939453,25.0,25.5,19.039745330810547,2310244
25/08/2016,25.524999618530277,25.625,25.350000381469727,25.575000762939453,19.095741271972656,2108316
26/08/2016,25.5,25.649999618530277,25.25,25.399999618530277,18.9650821685791,1924366
29/08/2016,25.450000762939453,25.575000762939453,25.225000381469727,25.274999618530277,18.87174797058105,1169666
30/08/2016,25.274999618530277,25.274999618530277,25.274999618530277,25.274999618530277,18.87174797058105,0
31/08/2016,25.299999237060547,25.799999237060547,25.25,25.350000381469727,18.9277458190918,3518774
01/09/2016,25.450000762939453,25.475000381469727,25.274999618530277,25.350000381469727,18.9277458190918,1522160
02/09/2016,25.450000762939453,25.700000762939453,25.325000762939453,25.649999618530277,19.151744842529297,1993538
05/09/2016,25.725000381469727,26.0,25.5,25.700000762939453,19.18907928466797,1227618
06/09/2016,25.774999618530277,26.325000762939453,25.625,26.25,19.599733352661133,5075914
07/09/2016,26.375,26.375,25.700000762939453,25.850000381469727,19.30107688903809,3381624
08/09/2016,25.899999618530277,26.125,25.850000381469727,26.100000381469727,19.487735748291016,1588924
09/09/2016,25.899999618530277,25.924999237060547,25.649999618530277,25.825000762939453,19.282405853271484,2261056
12/09/2016,25.825000762939453,25.825000762939453,25.825000762939453,25.825000762939453,19.282405853271484,0
13/09/2016,25.825000762939453,25.825000762939453,25.825000762939453,25.825000762939453,19.282405853271484,0
14/09/2016,25.825000762939453,25.825000762939453,25.825000762939453,25.825000762939453,19.282405853271484,0
15/09/2016,25.825000762939453,25.825000762939453,25.825000762939453,25.825000762939453,19.282405853271484,0
16/09/2016,25.649999618530277,25.725000381469727,25.0,25.0,18.666418075561523,4063716
19/09/2016,25.049999237060547,25.424999237060547,24.989999771118164,25.424999237060547,18.98374366760254,1349554
20/09/2016,25.375,25.424999237060547,25.174999237060547,25.200000762939453,18.815750122070312,1747170
21/09/2016,25.325000762939453,25.524999618530277,25.200000762939453,25.5,19.039745330810547,1561336
22/09/2016,25.75,26.200000762939453,25.600000381469727,26.174999237060547,19.543737411499023,2800794
23/09/2016,26.174999237060547,26.350000381469727,26.024999618530277,26.325000762939453,19.655738830566406,1249676
26/09/2016,25.25,26.024999618530277,25.200000762939453,25.799999237060547,19.26374053955078,1715758
27/09/2016,25.799999237060547,25.850000381469727,25.5,25.625,19.133079528808597,1520556
28/09/2016,25.625,25.625,25.274999618530277,25.350000381469727,18.9277458190918,1656664
29/09/2016,25.350000381469727,25.350000381469727,25.049999237060547,25.149999618530277,18.778413772583008,1635140
30/09/2016,25.049999237060547,25.149999618530277,25.024999618530277,25.024999618530277,18.68508529663086,1396368
03/10/2016,25.350000381469727,25.350000381469727,25.125,25.125,18.759748458862305,1798702
04/10/2016,25.125,25.225000381469727,24.979999542236328,25.174999237060547,18.79707908630371,2197832
05/10/2016,25.024999618530277,25.600000381469727,24.96999931335449,25.399999618530277,18.9650821685791,2539588
06/10/2016,25.5,25.625,25.125,25.125,18.759748458862305,1973494
07/10/2016,25.174999237060547,25.424999237060547,25.100000381469727,25.225000381469727,18.834415435791016,1275528
10/10/2016,25.225000381469727,25.350000381469727,25.100000381469727,25.149999618530277,18.778413772583008,2169088
11/10/2016,25.149999618530277,25.475000381469727,25.024999618530277,25.399999618530277,18.9650821685791,1485678
12/10/2016,25.475000381469727,25.524999618530277,25.024999618530277,25.049999237060547,18.70374870300293,1832764
13/10/2016,25.049999237060547,25.149999618530277,24.850000381469727,24.88999938964844,18.58428382873535,1578456
14/10/2016,24.989999771118164,25.125,24.93000030517578,24.959999084472656,18.63654899597168,1187022
17/10/2016,24.90999984741211,24.96999931335449,24.850000381469727,24.920000076293945,18.60668563842773,1755502
18/10/2016,24.950000762939453,25.225000381469727,24.950000762939453,25.149999618530277,18.778413772583008,2127640
19/10/2016,25.200000762939453,25.399999618530277,25.100000381469727,25.399999618530277,18.9650821685791,1647574
20/10/2016,25.399999618530277,25.649999618530277,25.350000381469727,25.575000762939453,19.095741271972656,1743254
21/10/2016,25.524999618530277,25.600000381469727,25.350000381469727,25.5,19.039745330810547,1019482
24/10/2016,25.625,25.75,25.549999237060547,25.700000762939453,19.18907928466797,1715160
25/10/2016,25.674999237060547,25.899999618530277,25.549999237060547,25.649999618530277,19.151744842529297,2706142
26/10/2016,25.649999618530277,25.875,25.600000381469727,25.700000762939453,19.18907928466797,2385574
27/10/2016,25.725000381469727,25.799999237060547,25.600000381469727,25.625,19.133079528808597,1326634
28/10/2016,25.625,25.649999618530277,25.100000381469727,25.200000762939453,18.815750122070312,835758
31/10/2016,25.225000381469727,25.424999237060547,25.0,25.200000762939453,18.815750122070312,926650
01/11/2016,25.149999618530277,25.225000381469727,24.81999969482422,24.81999969482422,18.53201484680176,1183284
02/11/2016,24.799999237060547,24.799999237060547,24.100000381469727,24.3700008392334,18.196022033691406,3959410
03/11/2016,24.3700008392334,24.5,24.100000381469727,24.11000061035156,18.00189208984375,1285244
04/11/2016,24.01000022888184,24.11000061035156,23.75,23.75,17.733097076416016,1745526
07/11/2016,24.18000030517578,24.770000457763672,24.18000030517578,24.63999938964844,18.593334197998047,2773138
08/11/2016,24.61000061035156,25.475000381469727,24.399999618530277,25.325000762939453,19.110239028930664,2949340
09/11/2016,24.700000762939453,25.299999237060547,24.6200008392334,25.174999237060547,18.997047424316406,2294994
10/11/2016,25.350000381469727,25.825000762939453,24.989999771118164,25.625,19.33662223815918,2459346
11/11/2016,25.575000762939453,25.575000762939453,24.649999618530277,24.649999618530277,18.60088157653809,1767120
14/11/2016,24.649999618530277,24.780000686645508,24.059999465942383,24.479999542236328,18.472599029541016,1774520
15/11/2016,24.5,25.049999237060547,24.040000915527344,24.309999465942383,18.344322204589844,2925734
16/11/2016,24.290000915527344,24.530000686645508,24.100000381469727,24.51000022888184,18.49524307250977,1877724
17/11/2016,24.6299991607666,24.90999984741211,24.280000686645508,24.63999938964844,18.593334197998047,1599752
18/11/2016,24.56999969482422,24.82999992370605,24.209999084472656,24.5,18.487693786621094,1227780
21/11/2016,24.489999771118164,24.51000022888184,24.25,24.459999084472656,18.45750999450684,703620
22/11/2016,24.440000534057617,24.600000381469727,24.26000022888184,24.26000022888184,18.306591033935547,1184026
23/11/2016,24.3700008392334,24.38999938964844,24.15999984741211,24.38999938964844,18.404687881469727,944878
24/11/2016,24.3700008392334,24.68000030517578,24.190000534057617,24.209999084472656,18.26886367797852,1101312
25/11/2016,24.209999084472656,24.32999992370605,23.950000762939453,24.01000022888184,18.117938995361328,847440
28/11/2016,24.270000457763672,24.399999618530277,24.190000534057617,24.270000457763672,18.314138412475582,462084
29/11/2016,24.21999931335449,24.21999931335449,23.90999984741211,23.959999084472656,18.080211639404297,1265750
30/11/2016,24.1200008392334,24.18000030517578,23.940000534057617,24.100000381469727,18.185850143432617,1317124
01/12/2016,24.100000381469727,24.200000762939453,23.459999084472656,23.46999931335449,17.71045684814453,1704364
02/12/2016,23.46999931335449,23.84000015258789,23.309999465942383,23.790000915527344,17.95193099975586,1014370
05/12/2016,23.739999771118164,24.059999465942383,23.6299991607666,23.809999465942383,17.967021942138672,909788
06/12/2016,23.950000762939453,24.18000030517578,23.86000061035156,23.979999542236328,18.095304489135746,1429050
07/12/2016,24.0,24.26000022888184,23.81999969482422,24.239999771118164,18.2914981842041,1291752
08/12/2016,24.239999771118164,24.25,23.81999969482422,24.09000015258789,18.17830848693848,1745298
09/12/2016,24.09000015258789,24.09000015258789,23.850000381469727,24.0,18.110395431518555,896548
12/12/2016,23.899999618530277,23.989999771118164,23.700000762939453,23.989999771118164,18.10284805297852,1255520
13/12/2016,24.040000915527344,24.5,23.899999618530277,24.5,18.487693786621094,1547678
14/12/2016,24.46999931335449,24.989999771118164,24.46999931335449,24.989999771118164,18.85744285583496,1127436
15/12/2016,24.850000381469727,25.075000762939453,24.700000762939453,25.075000762939453,18.921586990356445,1109960
16/12/2016,25.174999237060547,25.174999237060547,24.780000686645508,25.125,18.95932006835937,1250398
19/12/2016,25.100000381469727,25.100000381469727,24.68000030517578,24.690000534057617,18.631067276000977,1156826
20/12/2016,24.68000030517578,24.88999938964844,24.520000457763672,24.670000076293945,18.61597442626953,912668
21/12/2016,24.729999542236328,24.76000022888184,24.40999984741211,24.40999984741211,18.41978073120117,906418
22/12/2016,24.43000030517578,24.479999542236328,24.290000915527344,24.32999992370605,18.35941505432129,740316
23/12/2016,24.399999618530277,24.399999618530277,24.07999992370605,24.18000030517578,18.24622344970703,752492
26/12/2016,24.18000030517578,24.299999237060547,24.149999618530277,24.190000534057617,18.25377082824707,71970
27/12/2016,24.299999237060547,24.31999969482422,24.1299991607666,24.1299991607666,18.20849227905273,314996
28/12/2016,24.1200008392334,24.76000022888184,24.059999465942383,24.420000076293945,18.42732810974121,1635512
29/12/2016,24.38999938964844,24.850000381469727,24.31999969482422,24.709999084472656,18.646163940429688,919386
30/12/2016,24.709999084472656,24.809999465942383,24.5,24.5,18.487693786621094,969978
02/01/2017,24.46999931335449,24.51000022888184,24.270000457763672,24.350000381469727,18.37450408935547,1671866
03/01/2017,24.350000381469727,24.3700008392334,24.059999465942383,24.21999931335449,18.276411056518555,1471746
04/01/2017,24.239999771118164,24.46999931335449,24.020000457763672,24.46999931335449,18.465051651000977,1186620
05/01/2017,24.46999931335449,24.700000762939453,24.020000457763672,24.420000076293945,18.42732810974121,1316422
06/01/2017,24.049999237060547,24.43000030517578,24.049999237060547,24.309999465942383,18.344322204589844,520402
09/01/2017,24.270000457763672,24.600000381469727,24.100000381469727,24.15999984741211,18.231128692626957,2015992
10/01/2017,24.07999992370605,24.280000686645508,24.030000686645508,24.1200008392334,18.200950622558597,2280080
11/01/2017,24.06999969482422,24.59000015258789,24.0,24.59000015258789,18.55561065673828,2041648
12/01/2017,24.649999618530277,25.825000762939453,24.61000061035156,25.799999237060547,19.46867179870605,2864078
13/01/2017,25.649999618530277,26.450000762939453,25.524999618530277,26.424999237060547,19.940298080444336,1707436
16/01/2017,26.424999237060547,26.475000381469727,25.950000762939453,26.325000762939453,19.86484146118164,1064556
17/01/2017,26.399999618530277,26.600000381469727,25.850000381469727,26.024999618530277,19.63846206665039,2267032
18/01/2017,26.024999618530277,26.299999237060547,25.850000381469727,26.299999237060547,19.84596824645996,1475440
19/01/2017,26.375,26.549999237060547,26.299999237060547,26.549999237060547,20.03462600708008,1227882
20/01/2017,26.5,27.25,26.375,27.200000762939453,20.52511405944824,2066034
23/01/2017,27.149999618530277,27.25,26.575000762939453,26.850000381469727,20.261009216308597,1360348
24/01/2017,26.825000762939453,27.075000762939453,26.575000762939453,27.075000762939453,20.43078994750977,1775840
25/01/2017,27.125,27.225000381469727,26.350000381469727,26.625,20.091218948364254,1538962
26/01/2017,26.725000381469727,26.899999618530277,26.325000762939453,26.5,19.99689102172852,1084600
27/01/2017,26.524999618530277,26.774999618530277,26.174999237060547,26.399999618530277,19.92143440246582,1456152
30/01/2017,26.350000381469727,27.100000381469727,26.299999237060547,26.850000381469727,20.261009216308597,1256146
31/01/2017,26.850000381469727,27.024999618530277,26.625,26.924999237060547,20.31760025024414,1373558
01/02/2017,26.924999237060547,27.075000762939453,26.350000381469727,26.375,19.902568817138672,1386184
02/02/2017,26.5,26.600000381469727,26.25,26.549999237060547,20.03462600708008,1572088
03/02/2017,26.475000381469727,26.875,26.25,26.575000762939453,20.053491592407227,1705186
06/02/2017,26.825000762939453,26.825000762939453,26.25,26.25,19.80824279785156,857018
07/02/2017,26.274999618530277,26.450000762939453,25.924999237060547,26.25,19.80824279785156,1613722
08/02/2017,26.25,26.424999237060547,26.075000762939453,26.25,19.80824279785156,1083710
09/02/2017,26.225000381469727,26.375,25.950000762939453,26.149999618530277,19.732784271240234,1333362
10/02/2017,26.149999618530277,26.375,25.799999237060547,25.799999237060547,19.46867179870605,1431416
13/02/2017,25.799999237060547,26.049999237060547,25.549999237060547,25.825000762939453,19.487537384033203,1117702
14/02/2017,25.75,25.799999237060547,25.424999237060547,25.5,19.24229621887207,1774296
15/02/2017,25.725000381469727,26.450000762939453,25.549999237060547,26.450000762939453,19.959163665771484,1998844
16/02/2017,26.5,26.75,26.399999618530277,26.725000381469727,20.16668128967285,921294
17/02/2017,26.575000762939453,26.825000762939453,26.5,26.75,20.1855411529541,1371764
20/02/2017,26.975000381469727,26.975000381469727,26.399999618530277,26.5,19.99689102172852,809464
21/02/2017,26.5,26.649999618530277,26.325000762939453,26.524999618530277,20.015758514404297,1229502
22/02/2017,26.375,26.725000381469727,26.325000762939453,26.725000381469727,20.16668128967285,1102018
23/02/2017,26.700000762939453,26.850000381469727,26.524999618530277,26.850000381469727,20.261009216308597,812814
24/02/2017,26.725000381469727,26.774999618530277,26.049999237060547,26.225000381469727,19.78937721252441,1382198
27/02/2017,26.225000381469727,26.274999618530277,25.799999237060547,25.924999237060547,19.562997817993164,562562
28/02/2017,25.700000762939453,26.25,25.700000762939453,26.200000762939453,19.770511627197266,1616236
01/03/2017,26.149999618530277,26.5,26.049999237060547,26.350000381469727,19.883703231811523,786974
02/03/2017,26.350000381469727,26.399999618530277,26.100000381469727,26.399999618530277,19.92143440246582,1231014
03/03/2017,26.325000762939453,26.350000381469727,25.899999618530277,26.125,19.713916778564453,1131356
06/03/2017,26.25,26.75,26.225000381469727,26.75,20.1855411529541,856564
07/03/2017,26.875,28.274999618530277,26.825000762939453,28.274999618530277,21.3363094329834,4356856
08/03/2017,28.225000381469727,29.100000381469727,27.950000762939453,28.850000381469727,21.770204544067383,4690874
09/03/2017,28.850000381469727,29.225000381469727,28.399999618530277,28.399999618530277,21.430633544921875,1774134
10/03/2017,28.524999618530277,28.625,27.924999237060547,27.924999237060547,21.07219886779785,695020
13/03/2017,27.924999237060547,28.049999237060547,27.5,27.799999237060547,20.97787475585937,923532
14/03/2017,27.950000762939453,28.350000381469727,27.625,27.850000381469727,21.01560401916504,735348
15/03/2017,28.0,28.225000381469727,27.625,27.649999618530277,20.86468505859375,1291936
16/03/2017,27.924999237060547,28.100000381469727,27.5,27.725000381469727,20.92127990722656,1361490
17/03/2017,27.5,27.799999237060547,27.424999237060547,27.799999237060547,20.97787475585937,2305500
20/03/2017,27.75,28.174999237060547,27.575000762939453,28.174999237060547,21.260847091674805,788248
21/03/2017,28.299999237060547,28.475000381469727,28.100000381469727,28.25,21.317441940307617,1084110
22/03/2017,27.875,28.174999237060547,27.674999237060547,27.774999618530277,20.95900535583496,1528522
23/03/2017,27.825000762939453,28.274999618530277,27.600000381469727,28.274999618530277,21.3363094329834,1372198
24/03/2017,28.299999237060547,28.649999618530277,28.049999237060547,28.649999618530277,21.61928367614746,1164768
27/03/2017,28.575000762939453,28.799999237060547,28.375,28.799999237060547,21.732471466064453,1355360
28/03/2017,28.924999237060547,28.950000762939453,28.5,28.575000762939453,21.56268882751465,915318
29/03/2017,28.575000762939453,28.674999237060547,28.375,28.575000762939453,21.56268882751465,1119804
30/03/2017,28.575000762939453,28.799999237060547,28.375,28.5,21.50609397888184,898070
31/03/2017,28.350000381469727,28.450000762939453,27.924999237060547,27.950000762939453,21.091066360473636,962002
03/04/2017,28.100000381469727,28.100000381469727,27.725000381469727,28.0,21.128795623779297,820832
04/04/2017,28.0,28.100000381469727,27.774999618530277,27.975000381469727,21.10992813110352,1350444
05/04/2017,27.875,28.024999618530277,27.649999618530277,27.975000381469727,21.10992813110352,1256886
06/04/2017,27.674999237060547,28.125,27.649999618530277,28.0,21.128795623779297,1304350
07/04/2017,27.875,28.075000762939453,27.674999237060547,28.049999237060547,21.166522979736328,1188464
10/04/2017,28.049999237060547,28.375,27.875,28.200000762939453,21.279714584350582,945668
11/04/2017,28.149999618530277,28.399999618530277,28.0,28.399999618530277,21.430633544921875,1279900
12/04/2017,28.399999618530277,28.450000762939453,28.075000762939453,28.450000762939453,21.468366622924805,971320
13/04/2017,28.5,28.549999237060547,28.25,28.299999237060547,21.35517692565918,944466
14/04/2017,28.299999237060547,28.475000381469727,28.200000762939453,28.200000762939453,21.279714584350582,244066
17/04/2017,28.299999237060547,28.5,27.924999237060547,27.924999237060547,21.07219886779785,715186
18/04/2017,27.825000762939453,28.024999618530277,27.674999237060547,27.975000381469727,21.10992813110352,1206868
19/04/2017,27.975000381469727,27.975000381469727,27.774999618530277,27.899999618530277,21.053333282470703,1041066
20/04/2017,27.75,27.899999618530277,27.674999237060547,27.774999618530277,20.95900535583496,878336
21/04/2017,27.875,28.174999237060547,27.774999618530277,28.125,21.22311782836914,816208
24/04/2017,28.299999237060547,28.325000762939453,28.049999237060547,28.274999618530277,21.3363094329834,776712
25/04/2017,28.399999618530277,29.0,28.274999618530277,29.0,21.88339233398437,1494120
26/04/2017,29.0,29.0,28.600000381469727,28.649999618530277,21.61928367614746,1533258
27/04/2017,28.549999237060547,28.899999618530277,28.549999237060547,28.774999618530277,21.71360969543457,943072
28/04/2017,28.850000381469727,29.049999237060547,28.600000381469727,29.024999618530277,21.90225601196289,997472
01/05/2017,29.024999618530277,29.024999618530277,29.024999618530277,29.024999618530277,21.90225601196289,0
02/05/2017,29.100000381469727,29.225000381469727,28.799999237060547,28.799999237060547,21.732471466064453,853322
03/05/2017,28.799999237060547,28.975000381469727,28.649999618530277,28.725000381469727,21.675878524780277,1111200
04/05/2017,28.850000381469727,28.875,28.575000762939453,28.799999237060547,21.732471466064453,1170678
05/05/2017,28.649999618530277,28.950000762939453,28.625,28.700000762939453,21.65701103210449,1137898
08/05/2017,28.850000381469727,28.899999618530277,28.399999618530277,28.649999618530277,21.61928367614746,1286066
09/05/2017,29.299999237060547,30.100000381469727,29.299999237060547,30.0,22.63799095153809,4211428
10/05/2017,29.875,31.575000762939453,29.875,31.475000381469727,23.751026153564453,5285830
11/05/2017,31.475000381469727,31.600000381469727,31.200000762939453,31.575000762939453,23.82649040222168,1783664
12/05/2017,31.75,31.799999237060547,31.399999618530277,31.649999618530277,23.883081436157227,1096020
15/05/2017,31.799999237060547,32.29999923706055,31.799999237060547,32.04999923706055,24.18492317199707,1224820
16/05/2017,32.20000076293945,32.474998474121094,31.875,32.0,24.147193908691406,1701432
17/05/2017,31.850000381469727,32.025001525878906,31.149999618530277,31.325000762939453,23.637842178344727,1511018
18/05/2017,31.274999618530277,31.475000381469727,30.5,31.375,23.675567626953125,2054378
19/05/2017,31.375,31.375,31.375,31.375,23.675567626953125,0
22/05/2017,31.5,31.825000762939453,31.149999618530277,31.649999618530277,23.883081436157227,1048562
23/05/2017,31.350000381469727,31.924999237060547,31.024999618530277,31.924999237060547,24.09059715270996,1049672
24/05/2017,31.799999237060547,31.799999237060547,30.950000762939453,31.25,23.581241607666016,1074892
25/05/2017,31.375,31.649999618530277,31.075000762939453,31.575000762939453,23.82649040222168,1454024
26/05/2017,31.575000762939453,31.75,31.075000762939453,31.700000762939453,23.92081451416016,654764
29/05/2017,31.700000762939453,31.825000762939453,31.524999618530277,31.625,23.86421775817871,270296
30/05/2017,31.774999618530277,31.875,31.625,31.799999237060547,23.99627685546875,664630
31/05/2017,32.150001525878906,32.25,31.274999618530277,31.375,23.675567626953125,1698686
01/06/2017,31.5,32.0,31.149999618530277,31.924999237060547,24.09059715270996,1147060
02/06/2017,32.20000076293945,32.849998474121094,32.04999923706055,32.650001525878906,24.637680053710938,1384232
05/06/2017,32.724998474121094,32.849998474121094,32.25,32.32500076293945,24.392438888549805,1133662
06/06/2017,32.20000076293945,32.42499923706055,32.099998474121094,32.099998474121094,24.22265243530273,780464
07/06/2017,32.0,32.0,31.225000381469727,31.25,23.916519165039062,972508
08/06/2017,31.600000381469727,31.899999618530277,31.350000381469727,31.799999237060547,24.33745574951172,930838
09/06/2017,31.850000381469727,32.099998474121094,31.625,31.825000762939453,24.35658836364746,1090984
12/06/2017,31.875,32.20000076293945,31.799999237060547,32.04999923706055,24.528785705566406,674780
13/06/2017,32.04999923706055,32.29999923706055,31.725000381469727,32.275001525878906,24.700984954833984,776540
14/06/2017,32.275001525878906,32.70000076293945,32.125,32.5,24.87318229675293,1333416
15/06/2017,32.150001525878906,32.54999923706055,32.07500076293945,32.5,24.87318229675293,937366
16/06/2017,32.32500076293945,32.57500076293945,31.924999237060547,32.07500076293945,24.54791831970215,1400482
19/06/2017,32.099998474121094,32.400001525878906,31.924999237060547,32.099998474121094,24.56705093383789,600734
20/06/2017,32.099998474121094,32.400001525878906,31.975000381469727,32.375,24.777515411376957,489322
21/06/2017,32.25,32.5,32.125,32.125,24.5861873626709,701760
22/06/2017,32.375,32.57500076293945,32.150001525878906,32.525001525878906,24.892314910888672,733936
23/06/2017,32.54999923706055,32.67499923706055,32.349998474121094,32.54999923706055,24.91145133972168,943368
26/06/2017,32.54999923706055,32.54999923706055,32.54999923706055,32.54999923706055,24.91145133972168,0
27/06/2017,32.54999923706055,32.54999923706055,32.54999923706055,32.54999923706055,24.91145133972168,0
28/06/2017,32.57500076293945,32.75,32.0,32.400001525878906,24.79664802551269,1109908
29/06/2017,32.54999923706055,32.54999923706055,32.07500076293945,32.25,24.68185234069824,849792
30/06/2017,32.07500076293945,32.75,32.04999923706055,32.625,24.968847274780277,1804470
03/07/2017,32.625,32.67499923706055,32.25,32.349998474121094,24.758384704589844,1059140
04/07/2017,32.29999923706055,32.400001525878906,32.17499923706055,32.20000076293945,24.64358901977539,771704
05/07/2017,32.20000076293945,32.70000076293945,32.17499923706055,32.474998474121094,24.85405158996582,1013358
06/07/2017,32.42499923706055,32.900001525878906,32.375,32.67499923706055,25.00711441040039,984744
07/07/2017,32.67499923706055,32.775001525878906,32.20000076293945,32.20000076293945,24.64358901977539,495180
10/07/2017,32.25,32.375,32.025001525878906,32.04999923706055,24.528785705566406,633152
11/07/2017,32.04999923706055,32.67499923706055,31.524999618530277,32.32500076293945,24.73924827575684,1766790
12/07/2017,32.099998474121094,32.92499923706055,32.099998474121094,32.875,25.16018295288086,1167406
13/07/2017,32.875,33.25,32.75,33.0,25.25584983825684,825972
14/07/2017,33.0,33.95000076293945,32.82500076293945,33.79999923706055,25.86810874938965,1142424
17/07/2017,33.92499923706055,34.17499923706055,33.525001525878906,33.82500076293945,25.88724136352539,1418058
18/07/2017,33.79999923706055,34.04999923706055,33.650001525878906,33.75,25.82984161376953,466748
19/07/2017,33.724998474121094,34.5,33.70000076293945,34.45000076293945,26.36557006835937,1182566
20/07/2017,34.275001525878906,34.5,34.20000076293945,34.275001525878906,26.23164749145508,920750
21/07/2017,34.400001525878906,34.650001525878906,34.224998474121094,34.349998474121094,26.289045333862305,698488
24/07/2017,34.400001525878906,34.400001525878906,34.0,34.125,26.11684799194336,781826
25/07/2017,34.099998474121094,34.400001525878906,34.07500076293945,34.150001525878906,26.13597679138184,1931124
26/07/2017,34.25,34.25,33.79999923706055,34.025001525878906,26.04030990600586,1091094
27/07/2017,34.224998474121094,34.349998474121094,33.974998474121094,34.29999923706055,26.250778198242188,1251098
28/07/2017,34.04999923706055,34.5,33.974998474121094,34.32500076293945,26.269908905029297,898412
31/07/2017,34.474998474121094,34.5,34.20000076293945,34.29999923706055,26.250778198242188,813854
01/08/2017,34.45000076293945,34.79999923706055,34.349998474121094,34.650001525878906,26.518644332885746,1355592
02/08/2017,34.775001525878906,35.25,34.57500076293945,34.900001525878906,26.709970474243164,1207924
03/08/2017,34.70000076293945,34.900001525878906,34.29999923706055,34.400001525878906,26.32730865478516,953616
04/08/2017,34.400001525878906,35.099998474121094,34.400001525878906,34.95000076293945,26.748231887817383,1150738
07/08/2017,34.900001525878906,35.349998474121094,34.79999923706055,35.224998474121094,26.958702087402344,978794
08/08/2017,35.20000076293945,35.275001525878906,34.17499923706055,34.32500076293945,26.269908905029297,1768698
09/08/2017,34.20000076293945,34.25,33.75,34.25,26.21250915527344,1181258
10/08/2017,34.17499923706055,34.349998474121094,33.95000076293945,34.150001525878906,26.13597679138184,558832
11/08/2017,33.900001525878906,34.099998474121094,33.650001525878906,33.95000076293945,25.982913970947266,1829588
14/08/2017,34.025001525878906,34.20000076293945,33.650001525878906,33.875,25.925508499145508,1215588
15/08/2017,34.625,35.900001525878906,34.625,35.349998474121094,27.054367065429688,2288530
16/08/2017,35.400001525878906,35.400001525878906,34.5,35.07500076293945,26.843904495239254,2273154
17/08/2017,35.099998474121094,35.29999923706055,34.75,35.25,26.977840423583984,1356006
18/08/2017,35.099998474121094,37.125,35.025001525878906,37.04999923706055,28.355430603027344,2358610
21/08/2017,37.0,37.375,36.04999923706055,37.025001525878906,28.336301803588867,2711032
22/08/2017,37.25,37.625,36.75,37.04999923706055,28.355430603027344,963844
23/08/2017,37.04999923706055,37.5,36.92499923706055,37.5,28.699827194213867,874528
24/08/2017,37.5,37.97499847412109,37.0,37.025001525878906,28.336301803588867,893266
25/08/2017,37.025001525878906,37.92499923706055,36.97499847412109,37.900001525878906,29.005956649780277,1224896
28/08/2017,37.95000076293945,38.0,37.59999847412109,37.92499923706055,29.025089263916016,509068
29/08/2017,37.775001525878906,38.22499847412109,37.625,38.22499847412109,29.25469017028809,1348194
30/08/2017,38.22499847412109,38.22499847412109,38.22499847412109,38.22499847412109,29.25469017028809,0
31/08/2017,38.25,38.34999847412109,37.95000076293945,38.25,29.27381706237793,784102
01/09/2017,38.25,38.25,38.25,38.25,29.27381706237793,0
04/09/2017,38.25,38.25,38.25,38.25,29.27381706237793,0
05/09/2017,38.04999923706055,38.22499847412109,37.72499847412109,37.97499847412109,29.063350677490234,1407248
06/09/2017,38.125,38.72499847412109,38.0,38.70000076293945,29.61821746826172,1263176
07/09/2017,38.72499847412109,39.125,38.5,39.025001525878906,29.86695671081543,924158
08/09/2017,39.04999923706055,39.22499847412109,37.82500076293945,37.97499847412109,29.063350677490234,1017854
11/09/2017,38.25,38.82500076293945,37.875,37.900001525878906,29.005956649780277,1457466
12/09/2017,37.900001525878906,38.04999923706055,37.150001525878906,37.625,28.79549217224121,820058
13/09/2017,37.45000076293945,37.84999847412109,37.275001525878906,37.625,28.79549217224121,983718
14/09/2017,37.625,37.72499847412109,37.025001525878906,37.20000076293945,28.470230102539062,766332
15/09/2017,37.29999923706055,37.47499847412109,37.0,37.0,28.317161560058597,1964876
18/09/2017,37.125,38.22499847412109,37.0,37.70000076293945,28.8528995513916,1300796
19/09/2017,37.650001525878906,37.92499923706055,37.47499847412109,37.67499923706055,28.8337516784668,952144
20/09/2017,37.625,38.20000076293945,37.20000076293945,38.0,29.08249282836914,934976
21/09/2017,38.20000076293945,38.25,37.67499923706055,37.75,28.89116096496582,1145044
22/09/2017,37.84999847412109,38.29999923706055,37.45000076293945,38.29999923706055,29.312089920043945,949210
25/09/2017,38.04999923706055,38.375,37.72499847412109,37.900001525878906,29.005956649780277,1003154
26/09/2017,38.04999923706055,38.09999847412109,37.09999847412109,37.17499923706055,28.45109367370605,1188338
27/09/2017,37.125,37.25,36.025001525878906,36.625,28.030162811279297,1460896
28/09/2017,36.625,37.09999847412109,36.125,36.92499923706055,28.259763717651367,1416600
29/09/2017,36.875,37.42499923706055,36.375,37.125,28.412830352783203,1728982
02/10/2017,36.70000076293945,37.42499923706055,36.70000076293945,37.32500076293945,28.565895080566406,803116
03/10/2017,37.22499847412109,37.29999923706055,36.72499847412109,37.07500076293945,28.374557495117188,816396
04/10/2017,36.900001525878906,37.20000076293945,36.72499847412109,37.025001525878906,28.336301803588867,878530
05/10/2017,36.75,37.22499847412109,36.45000076293945,36.79999923706055,28.16409683227539,1101144
06/10/2017,36.775001525878906,36.775001525878906,36.42499923706055,36.625,28.030162811279297,789138
09/10/2017,36.125,36.57500076293945,35.650001525878906,35.849998474121094,27.437030792236328,2241004
10/10/2017,35.92499923706055,36.5,35.625,36.025001525878906,27.570964813232425,1741420
11/10/2017,35.875,37.22499847412109,35.79999923706055,37.20000076293945,28.470230102539062,1925536
12/10/2017,37.54999923706055,37.70000076293945,36.75,37.70000076293945,28.8528995513916,1247100
13/10/2017,37.59999847412109,38.0,37.09999847412109,37.97499847412109,29.063350677490234,1327748
16/10/2017,37.92499923706055,38.0,37.47499847412109,37.875,28.986825942993164,1555672
17/10/2017,37.875,38.275001525878906,37.57500076293945,38.09999847412109,29.159025192260746,898004
18/10/2017,38.25,38.75,38.07500076293945,38.650001525878906,29.5799560546875,1374576
19/10/2017,39.45000076293945,39.45000076293945,37.95000076293945,37.95000076293945,29.044225692749023,1357374
20/10/2017,38.0,38.54999923706055,38.0,38.54999923706055,29.503416061401367,1034152
23/10/2017,38.400001525878906,38.75,38.17499923706055,38.54999923706055,29.503416061401367,1038440
24/10/2017,38.25,38.47499847412109,37.79999923706055,37.79999923706055,28.929418563842773,1089166
25/10/2017,38.04999923706055,38.20000076293945,37.67499923706055,38.150001525878906,29.197296142578125,1152210
26/10/2017,38.20000076293945,38.72499847412109,38.125,38.32500076293945,29.33122444152832,1220946
27/10/2017,38.275001525878906,38.70000076293945,38.07500076293945,38.42499923706055,29.407752990722656,852606
30/10/2017,38.70000076293945,38.775001525878906,38.32500076293945,38.75,29.6564884185791,602706
31/10/2017,39.0,39.0,38.42499923706055,38.67499923706055,29.599090576171875,1140502
01/11/2017,38.82500076293945,40.0,38.72499847412109,39.95000076293945,30.574886322021484,2005616
02/11/2017,40.775001525878906,40.900001525878906,39.900001525878906,39.900001525878906,30.53661346435547,1934670
03/11/2017,40.04999923706055,40.09999847412109,39.09999847412109,39.775001525878906,30.440948486328125,1413298
06/11/2017,39.775001525878906,40.20000076293945,39.04999923706055,39.97499847412109,30.594017028808597,1140114
07/11/2017,40.45000076293945,41.42499923706055,40.32500076293945,40.67499923706055,31.129737854003903,2265094
08/11/2017,40.67499923706055,40.70000076293945,39.59999847412109,40.625,31.322486877441406,1122350
09/11/2017,41.025001525878906,41.22499847412109,39.775001525878906,39.775001525878906,30.667131423950195,1427682
10/11/2017,39.84999847412109,40.09999847412109,39.07500076293945,39.375,30.358732223510746,1466708
13/11/2017,39.75,39.75,38.84999847412109,39.275001525878906,30.281627655029297,1084206
14/11/2017,39.275001525878906,39.59999847412109,39.0,39.07500076293945,30.12743186950684,1048758
15/11/2017,38.97499847412109,39.32500076293945,38.47499847412109,38.5,29.684091567993164,1287976
16/11/2017,38.75,39.07500076293945,38.42499923706055,38.525001525878906,29.703369140625,1317878
17/11/2017,39.0,39.04999923706055,38.5,38.625,29.78046989440918,773008
20/11/2017,39.025001525878906,39.025001525878906,37.72499847412109,37.875,29.202207565307617,1489118
21/11/2017,37.67499923706055,37.97499847412109,37.25,37.75,29.10582733154297,3036242
22/11/2017,37.900001525878906,37.92499923706055,37.04999923706055,37.275001525878906,28.73959350585937,2465978
23/11/2017,37.57500076293945,37.70000076293945,37.20000076293945,37.32500076293945,28.77815055847168,1001030
24/11/2017,37.22499847412109,37.22499847412109,36.57500076293945,36.84999847412109,28.41191291809082,1547954
27/11/2017,36.79999923706055,36.97499847412109,36.25,36.5,28.14205741882324,1799970
28/11/2017,36.45000076293945,36.95000076293945,36.04999923706055,36.59999847412109,28.21915626525879,2420428
29/11/2017,36.625,37.125,36.04999923706055,36.125,27.852930068969727,1617236
30/11/2017,36.32500076293945,36.47499847412109,36.025001525878906,36.17499923706055,27.89147186279297,2492886
01/12/2017,35.95000076293945,36.900001525878906,35.82500076293945,36.82500076293945,28.392641067504883,1951886
04/12/2017,36.75,36.775001525878906,36.34999847412109,36.42499923706055,28.084232330322266,1244010
05/12/2017,36.75,36.775001525878906,36.375,36.400001525878906,28.06496238708496,1314836
06/12/2017,36.25,36.650001525878906,36.17499923706055,36.59999847412109,28.21915626525879,1625398
07/12/2017,36.67499923706055,36.67499923706055,36.29999923706055,36.29999923706055,27.987855911254883,1318284
08/12/2017,36.54999923706055,37.025001525878906,36.42499923706055,36.84999847412109,28.41191291809082,1712068
11/12/2017,37.0,37.04999923706055,36.42499923706055,36.47499847412109,28.122783660888672,1118936
12/12/2017,36.47499847412109,37.400001525878906,36.400001525878906,37.34999847412109,28.79742431640625,2942946
13/12/2017,37.5,37.650001525878906,36.875,37.20000076293945,28.68176651000977,1349474
14/12/2017,37.09999847412109,38.150001525878906,37.0,37.775001525878906,29.125110626220703,2619214
15/12/2017,37.72499847412109,38.125,37.400001525878906,37.625,29.00945281982422,4342758
18/12/2017,37.625,37.900001525878906,37.45000076293945,37.45000076293945,28.874526977539062,1086386
19/12/2017,37.54999923706055,37.72499847412109,37.375,37.45000076293945,28.874526977539062,1343118
20/12/2017,37.34999847412109,37.34999847412109,36.82500076293945,36.95000076293945,28.489017486572266,1575218
21/12/2017,36.95000076293945,38.54999923706055,36.82500076293945,38.54999923706055,29.722639083862305,1784982
22/12/2017,38.57500076293945,38.70000076293945,38.07500076293945,38.125,29.39496421813965,597324
25/12/2017,38.09999847412109,38.650001525878906,38.0,38.650001525878906,29.79974365234375,72290
26/12/2017,38.79999923706055,39.125,38.42499923706055,39.07500076293945,30.12743186950684,239648
27/12/2017,39.07500076293945,39.125,38.375,38.525001525878906,29.703369140625,910788
28/12/2017,38.525001525878906,39.0,38.47499847412109,38.900001525878906,29.992504119873047,1146966
29/12/2017,39.0,39.07500076293945,38.650001525878906,39.04999923706055,30.108142852783203,1583140
01/01/2018,39.04999923706055,39.04999923706055,39.04999923706055,39.04999923706055,30.108142852783203,0
02/01/2018,39.04999923706055,39.97499847412109,39.025001525878906,39.875,30.74423599243164,1222340
03/01/2018,39.900001525878906,39.900001525878906,38.54999923706055,38.59999847412109,29.761192321777344,1733828
04/01/2018,38.59999847412109,38.59999847412109,37.875,38.0,29.298583984375,2075082
05/01/2018,38.25,38.525001525878906,37.67499923706055,38.32500076293945,29.549161911010746,2042210
08/01/2018,38.375,38.47499847412109,37.97499847412109,38.0,29.298583984375,1536614
09/01/2018,37.900001525878906,38.32500076293945,37.57500076293945,38.09999847412109,29.37569046020508,1930552
10/01/2018,37.900001525878906,38.150001525878906,37.82500076293945,38.0,29.298583984375,1828088
11/01/2018,38.07500076293945,38.07500076293945,37.400001525878906,37.82500076293945,29.163650512695312,1274166
12/01/2018,38.125,38.125,37.57500076293945,37.70000076293945,29.06727600097656,1093004
15/01/2018,37.650001525878906,38.025001525878906,37.47499847412109,37.95000076293945,29.26002693176269,973806
16/01/2018,37.5,38.22499847412109,37.5,38.07500076293945,29.356407165527344,1577262
17/01/2018,37.900001525878906,38.67499923706055,37.650001525878906,38.525001525878906,29.703369140625,1694746
18/01/2018,38.70000076293945,38.75,38.150001525878906,38.650001525878906,29.79974365234375,1429662
19/01/2018,38.34999847412109,38.45000076293945,37.59999847412109,37.875,29.202207565307617,1162424
22/01/2018,37.875,38.125,37.29999923706055,37.775001525878906,29.125110626220703,1902798
23/01/2018,37.79999923706055,38.34999847412109,37.400001525878906,38.22499847412109,29.47205924987793,2071648
24/01/2018,38.17499923706055,38.5,37.82500076293945,38.20000076293945,29.45278549194336,1674014
25/01/2018,38.150001525878906,38.150001525878906,37.875,38.0,29.298583984375,3112990
26/01/2018,38.09999847412109,38.34999847412109,37.875,38.34999847412109,29.568435668945312,1871526
29/01/2018,38.375,38.54999923706055,37.775001525878906,38.0,29.298583984375,2354404
30/01/2018,37.75,38.125,37.75,37.84999847412109,29.18292999267578,2119846
31/01/2018,37.67499923706055,38.0,37.57500076293945,37.57500076293945,28.970903396606445,1326540
01/02/2018,37.57500076293945,37.775001525878906,37.54999923706055,37.59999847412109,28.99016761779785,1781428
02/02/2018,37.59999847412109,37.67499923706055,36.67499923706055,37.0,28.527568817138672,1714314
05/02/2018,37.0,37.150001525878906,36.625,37.125,28.623947143554688,1606260
06/02/2018,36.75,36.95000076293945,36.04999923706055,36.17499923706055,27.89147186279297,1480552
07/02/2018,36.17499923706055,36.25,35.625,36.0,27.75655174255371,3285242
08/02/2018,35.849998474121094,36.45000076293945,35.70000076293945,36.17499923706055,27.89147186279297,1553840
09/02/2018,35.900001525878906,36.09999847412109,35.5,35.5,27.371044158935547,1131806
12/02/2018,35.75,35.900001525878906,35.42499923706055,35.54999923706055,27.40959358215332,963138
13/02/2018,35.599998474121094,36.5,35.57500076293945,35.92499923706055,27.6987247467041,1491590
14/02/2018,36.25,36.32500076293945,35.875,36.025001525878906,27.775835037231445,771100
15/02/2018,36.5,36.5,36.04999923706055,36.34999847412109,28.026405334472656,787128
16/02/2018,36.5,36.95000076293945,36.25,36.72499847412109,28.31553840637207,742344
19/02/2018,36.625,37.22499847412109,36.625,37.025001525878906,28.546844482421875,951166
20/02/2018,37.04999923706055,37.20000076293945,36.650001525878906,36.900001525878906,28.45046043395996,873664
21/02/2018,36.84999847412109,37.025001525878906,36.5,37.025001525878906,28.546844482421875,1899126
22/02/2018,36.92499923706055,37.07500076293945,36.25,36.650001525878906,28.257713317871094,1791956
23/02/2018,36.82500076293945,36.84999847412109,36.54999923706055,36.54999923706055,28.180604934692383,1235622
26/02/2018,36.650001525878906,37.59999847412109,36.625,37.59999847412109,28.99016761779785,1048626
27/02/2018,37.59999847412109,37.82500076293945,37.29999923706055,37.75,29.10582733154297,1160458
28/02/2018,37.54999923706055,37.875,37.29999923706055,37.70000076293945,29.06727600097656,1386760
01/03/2018,37.375,37.57500076293945,36.20000076293945,36.25,27.94930458068848,2036650
02/03/2018,36.17499923706055,36.54999923706055,35.974998474121094,36.525001525878906,28.16134452819824,1218506
05/03/2018,36.650001525878906,37.25,36.25,37.25,28.720325469970703,969578
06/03/2018,37.29999923706055,38.125,36.67499923706055,36.79999923706055,28.373363494873047,2266582
07/03/2018,36.42499923706055,36.57500076293945,36.25,36.525001525878906,28.16134452819824,1118630
08/03/2018,36.5,37.54999923706055,36.45000076293945,37.45000076293945,28.874526977539062,1271718
09/03/2018,37.45000076293945,39.25,37.45000076293945,38.92499923706055,30.011775970458984,1441686
12/03/2018,39.07500076293945,39.375,38.25,38.375,29.58771514892578,509810
13/03/2018,38.25,38.875,38.04999923706055,38.5,29.684091567993164,817666
14/03/2018,38.34999847412109,38.34999847412109,37.67499923706055,37.72499847412109,29.08655548095703,848654
15/03/2018,37.70000076293945,37.900001525878906,37.54999923706055,37.82500076293945,29.163650512695312,687990
16/03/2018,37.95000076293945,37.97499847412109,37.45000076293945,37.875,29.202207565307617,753936
19/03/2018,38.025001525878906,38.07500076293945,37.45000076293945,37.84999847412109,29.18292999267578,1014552
20/03/2018,38.04999923706055,38.07500076293945,37.04999923706055,37.150001525878906,28.643218994140625,1801846
21/03/2018,37.09999847412109,37.45000076293945,37.04999923706055,37.375,28.81670379638672,1547528
22/03/2018,37.400001525878906,37.5,37.0,37.09999847412109,28.604665756225582,786206
23/03/2018,37.025001525878906,37.025001525878906,36.150001525878906,36.29999923706055,27.987855911254883,1909604
26/03/2018,36.375,36.54999923706055,36.20000076293945,36.275001525878906,27.968584060668945,1021872
27/03/2018,36.42499923706055,36.54999923706055,36.09999847412109,36.150001525878906,27.87220573425293,1218056
28/03/2018,35.974998474121094,36.150001525878906,35.70000076293945,35.95000076293945,27.718002319335938,2494582
29/03/2018,36.0,36.0,35.67499923706055,35.724998474121094,27.544523239135746,978586
30/03/2018,35.775001525878906,36.20000076293945,35.775001525878906,35.95000076293945,27.718002319335938,284900
02/04/2018,36.375,36.375,35.82500076293945,35.92499923706055,27.6987247467041,236252
03/04/2018,35.82500076293945,36.025001525878906,35.67499923706055,35.70000076293945,27.525243759155277,1127782
04/04/2018,35.724998474121094,35.79999923706055,35.5,35.599998474121094,27.44814109802246,1676948
05/04/2018,35.54999923706055,35.900001525878906,35.375,35.67499923706055,27.50597381591797,1271366
06/04/2018,35.474998474121094,35.650001525878906,35.42499923706055,35.54999923706055,27.40959358215332,857450
09/04/2018,35.5,35.95000076293945,35.5,35.57500076293945,27.428874969482425,2141570
10/04/2018,35.625,35.650001525878906,35.04999923706055,35.400001525878906,27.2939453125,1819018
11/04/2018,35.349998474121094,35.349998474121094,34.650001525878906,35.125,27.081918716430664,3121822
12/04/2018,34.775001525878906,35.42499923706055,34.775001525878906,35.125,27.081918716430664,1234984
13/04/2018,35.125,35.25,35.0,35.07500076293945,27.043365478515625,1077796
16/04/2018,35.20000076293945,35.42499923706055,35.04999923706055,35.25,27.17829322814941,987192
17/04/2018,35.400001525878906,35.724998474121094,34.92499923706055,35.45000076293945,27.332494735717773,2198040
18/04/2018,35.54999923706055,35.724998474121094,35.125,35.42499923706055,27.313217163085938,2466588
19/04/2018,35.42499923706055,35.45000076293945,35.20000076293945,35.25,27.17829322814941,1166528
20/04/2018,35.275001525878906,35.400001525878906,35.125,35.17499923706055,27.12046241760254,1470814
23/04/2018,35.17499923706055,35.17499923706055,35.17499923706055,35.17499923706055,27.12046241760254,0
24/04/2018,35.0,35.625,35.0,35.599998474121094,27.44814109802246,1580994
25/04/2018,35.75,36.67499923706055,35.54999923706055,36.275001525878906,27.968584060668945,2300956
26/04/2018,36.400001525878906,36.47499847412109,35.849998474121094,36.09999847412109,27.83365249633789,1359102
27/04/2018,36.025001525878906,36.17499923706055,35.54999923706055,35.54999923706055,27.40959358215332,1244192
30/04/2018,35.54999923706055,35.775001525878906,34.42499923706055,34.5,26.600027084350582,2431886
01/05/2018,34.5,34.5,34.5,34.5,26.600027084350582,0
02/05/2018,34.525001525878906,35.025001525878906,34.275001525878906,34.5,26.600027084350582,2856378
03/05/2018,34.54999923706055,34.599998474121094,34.224998474121094,34.525001525878906,26.61931037902832,1768484
04/05/2018,34.474998474121094,34.5,33.900001525878906,34.099998474121094,26.291624069213867,1763170
07/05/2018,34.150001525878906,34.42499923706055,34.0,34.17499923706055,26.349449157714844,957598
08/05/2018,34.099998474121094,34.400001525878906,33.875,34.32500076293945,26.46510124206543,1194288
09/05/2018,34.275001525878906,34.82500076293945,34.125,34.599998474121094,26.677125930786133,2769244
10/05/2018,34.650001525878906,34.875,34.0,34.400001525878906,26.52292823791504,1828128
11/05/2018,34.32500076293945,34.724998474121094,34.32500076293945,34.625,26.69641494750977,2246398
14/05/2018,34.54999923706055,34.650001525878906,34.150001525878906,34.20000076293945,26.36872673034668,1254080
15/05/2018,33.849998474121094,34.07500076293945,33.79999923706055,33.875,26.118144989013672,2640828
16/05/2018,34.0,35.67499923706055,33.79999923706055,35.17499923706055,27.12046241760254,2865490
17/05/2018,35.224998474121094,35.92499923706055,35.0,35.724998474121094,27.544523239135746,1720446
18/05/2018,35.79999923706055,36.07500076293945,35.45000076293945,35.57500076293945,27.428874969482425,1889624
21/05/2018,36.04999923706055,36.25,35.125,35.5,27.371044158935547,1655316
22/05/2018,35.75,36.0,35.32500076293945,35.57500076293945,27.428874969482425,1250750
23/05/2018,35.54999923706055,35.724998474121094,34.79999923706055,35.0,26.98553466796875,2364964
24/05/2018,35.17499923706055,35.650001525878906,35.0,35.20000076293945,27.13973999023437,2033288
25/05/2018,35.275001525878906,35.849998474121094,34.775001525878906,35.42499923706055,27.313217163085938,1474740
28/05/2018,35.54999923706055,36.275001525878906,35.54999923706055,36.20000076293945,27.91075897216797,816116
29/05/2018,36.25,36.25,35.67499923706055,35.70000076293945,27.525243759155277,1251616
30/05/2018,35.650001525878906,35.650001525878906,34.82500076293945,34.849998474121094,26.869888305664062,1826586
31/05/2018,34.95000076293945,35.150001525878906,34.150001525878906,34.775001525878906,26.812061309814453,1841858
01/06/2018,34.57500076293945,34.625,33.625,34.099998474121094,26.291624069213867,2137752
04/06/2018,34.099998474121094,34.25,33.599998474121094,33.849998474121094,26.098865509033203,1638824
05/06/2018,33.75,33.79999923706055,33.20000076293945,33.25,25.636260986328125,1355266
06/06/2018,33.0,33.0,31.274999618530277,32.599998474121094,25.557859420776367,2380828
07/06/2018,32.474998474121094,34.125,31.825000762939453,33.75,26.459444046020508,2674436
08/06/2018,33.775001525878906,34.025001525878906,32.57500076293945,33.099998474121094,25.949853897094727,1923946
11/06/2018,32.724998474121094,33.67499923706055,32.04999923706055,33.474998474121094,26.24384880065918,2771486
12/06/2018,33.32500076293945,33.32500076293945,31.924999237060547,33.025001525878906,25.89105987548828,1866772
13/06/2018,32.875,33.125,32.375,32.400001525878906,25.401065826416016,2076580
14/06/2018,32.349998474121094,35.5,32.29999923706055,34.45000076293945,27.00823211669922,1685386
15/06/2018,34.45000076293945,34.45000076293945,34.45000076293945,34.45000076293945,27.00823211669922,0
18/06/2018,33.775001525878906,33.775001525878906,32.625,32.724998474121094,25.655858993530277,3245256
19/06/2018,32.57500076293945,32.849998474121094,32.32500076293945,32.474998474121094,25.459867477416992,1721016
20/06/2018,32.349998474121094,32.57500076293945,31.75,31.825000762939453,24.950275421142575,2251356
21/06/2018,32.79999923706055,32.79999923706055,32.025001525878906,32.45000076293945,25.440263748168945,1541074
22/06/2018,33.275001525878906,34.125,32.625,33.849998474121094,26.53783798217773,1920140
25/06/2018,34.125,34.150001525878906,33.0,33.32500076293945,26.12624931335449,1822034
26/06/2018,33.75,33.75,32.849998474121094,33.0,25.871456146240234,1598328
27/06/2018,33.29999923706055,33.375,32.79999923706055,33.25,26.06744956970215,1284642
28/06/2018,33.349998474121094,34.125,33.17499923706055,33.974998474121094,26.63583755493164,1308386
29/06/2018,33.75,33.92499923706055,33.474998474121094,33.625,26.3614444732666,1446218
02/07/2018,33.5,33.67499923706055,33.07500076293945,33.099998474121094,25.949853897094727,1460188
03/07/2018,33.25,33.650001525878906,33.17499923706055,33.29999923706055,26.10664939880371,1617746
04/07/2018,33.42499923706055,34.525001525878906,33.025001525878906,34.5,27.04742813110352,2147722
05/07/2018,34.54999923706055,35.25,34.32500076293945,35.17499923706055,27.57662010192871,1945574
06/07/2018,35.150001525878906,35.525001525878906,34.25,34.79999923706055,27.28262710571289,1379052
09/07/2018,34.79999923706055,34.849998474121094,33.95000076293945,34.099998474121094,26.733835220336918,1855310
10/07/2018,33.525001525878906,34.349998474121094,33.349998474121094,33.724998474121094,26.43984031677246,2703950
11/07/2018,33.45000076293945,34.375,33.25,33.45000076293945,26.22424697875977,3404740
12/07/2018,33.0,33.599998474121094,31.924999237060547,32.650001525878906,25.59705924987793,4204416
13/07/2018,32.599998474121094,33.45000076293945,32.525001525878906,32.95000076293945,25.832258224487305,1654872
16/07/2018,33.07500076293945,33.375,32.79999923706055,33.17499923706055,26.00865173339844,1434748
17/07/2018,33.20000076293945,33.82500076293945,33.0,33.525001525878906,26.28305053710937,1388826
18/07/2018,33.5,34.75,33.07500076293945,34.70000076293945,27.204225540161133,3291242
19/07/2018,34.900001525878906,36.375,34.900001525878906,36.17499923706055,28.360597610473636,3159406
20/07/2018,36.375,36.67499923706055,35.349998474121094,36.42499923706055,28.556596755981445,1694486
23/07/2018,36.5,36.75,35.599998474121094,36.025001525878906,28.243013381958008,2143726
24/07/2018,36.34999847412109,36.67499923706055,35.099998474121094,35.29999923706055,27.67462158203125,2248324
25/07/2018,35.525001525878906,35.57500076293945,35.04999923706055,35.25,27.63541984558105,2290758
26/07/2018,35.349998474121094,35.57500076293945,34.599998474121094,34.82500076293945,27.302227020263672,1652750
27/07/2018,35.0,35.525001525878906,34.849998474121094,35.0,27.43941879272461,1405686
30/07/2018,35.20000076293945,35.25,34.54999923706055,35.0,27.43941879272461,1213732
31/07/2018,34.95000076293945,35.54999923706055,34.724998474121094,35.45000076293945,27.79221534729004,1779280
01/08/2018,35.400001525878906,35.400001525878906,34.79999923706055,34.900001525878906,27.361026763916016,1345354
02/08/2018,34.67499923706055,35.025001525878906,34.04999923706055,34.70000076293945,27.204225540161133,1242524
03/08/2018,34.5,35.099998474121094,34.224998474121094,34.45000076293945,27.00823211669922,1435664
06/08/2018,34.20000076293945,34.625,33.650001525878906,34.625,27.145435333251957,1224732
07/08/2018,34.599998474121094,34.974998474121094,34.04999923706055,34.95000076293945,27.400222778320312,1191768
08/08/2018,34.650001525878906,35.29999923706055,34.375,34.95000076293945,27.400222778320312,1136276
09/08/2018,34.474998474121094,35.849998474121094,34.125,35.82500076293945,28.08621406555176,2848520
10/08/2018,35.724998474121094,35.849998474121094,32.57500076293945,34.849998474121094,27.321826934814453,4775722
13/08/2018,34.70000076293945,35.025001525878906,33.57500076293945,34.150001525878906,26.77303695678711,6302136
14/08/2018,34.20000076293945,34.57500076293945,33.025001525878906,33.07500076293945,25.930255889892575,4517516
15/08/2018,33.474998474121094,33.5,31.625,32.75,25.67545509338379,5513584
16/08/2018,33.349998474121094,33.474998474121094,32.599998474121094,32.79999923706055,25.71466064453125,3089284
17/08/2018,32.82500076293945,32.92499923706055,31.950000762939453,32.82500076293945,25.73426055908203,2969342
20/08/2018,32.5,33.07500076293945,32.5,32.849998474121094,25.753856658935547,1730360
21/08/2018,32.849998474121094,32.849998474121094,32.849998474121094,32.849998474121094,25.753856658935547,0
22/08/2018,32.849998474121094,32.849998474121094,32.849998474121094,32.849998474121094,25.753856658935547,0
23/08/2018,32.849998474121094,32.849998474121094,32.849998474121094,32.849998474121094,25.753856658935547,0
24/08/2018,32.849998474121094,32.849998474121094,32.849998474121094,32.849998474121094,25.753856658935547,0
27/08/2018,32.95000076293945,34.20000076293945,32.92499923706055,33.45000076293945,26.22424697875977,1823546
28/08/2018,33.17499923706055,35.375,33.07500076293945,35.025001525878906,27.45902442932129,3696684
29/08/2018,35.42499923706055,36.775001525878906,35.20000076293945,35.95000076293945,28.1842098236084,2553442
30/08/2018,35.95000076293945,35.95000076293945,35.95000076293945,35.95000076293945,28.1842098236084,0
31/08/2018,36.47499847412109,36.70000076293945,35.42499923706055,36.275001525878906,28.43900489807129,2205754
03/09/2018,36.150001525878906,37.42499923706055,36.125,36.75,28.811399459838867,1734392
04/09/2018,36.625,37.150001525878906,35.599998474121094,36.150001525878906,28.341007232666016,2435540
05/09/2018,36.0,36.525001525878906,35.79999923706055,35.974998474121094,28.20380401611328,1632834
06/09/2018,35.775001525878906,36.47499847412109,35.775001525878906,36.29999923706055,28.458600997924805,1877916
07/09/2018,35.875,36.875,35.875,36.45000076293945,28.57620048522949,1396570
10/09/2018,37.0,37.0,36.150001525878906,36.59999847412109,28.69379234313965,1877890
11/09/2018,36.375,36.775001525878906,36.04999923706055,36.67499923706055,28.752593994140625,1587434
12/09/2018,36.75,37.59999847412109,36.70000076293945,37.42499923706055,29.34058380126953,2106356
13/09/2018,36.09999847412109,38.67499923706055,36.09999847412109,38.275001525878906,30.006967544555664,3475852
14/09/2018,38.650001525878906,38.75,37.59999847412109,37.79999923706055,29.634580612182617,1908336
17/09/2018,37.75,38.775001525878906,37.59999847412109,38.75,30.379365921020508,1351680
18/09/2018,38.79999923706055,39.0,38.54999923706055,38.775001525878906,30.398963928222656,1316828
19/09/2018,39.04999923706055,39.07500076293945,37.92499923706055,38.375,30.08536720275879,1993448
20/09/2018,38.34999847412109,39.67499923706055,38.07500076293945,39.67499923706055,31.104551315307617,2291770
21/09/2018,39.92499923706055,40.125,39.32500076293945,40.09999847412109,31.43773651123047,1497784
24/09/2018,40.150001525878906,40.17499923706055,38.97499847412109,39.47499847412109,30.94775009155273,2054616
25/09/2018,39.400001525878906,40.0,38.95000076293945,39.42499923706055,30.90855026245117,2255074
26/09/2018,39.72499847412109,39.97499847412109,39.25,39.900001525878906,31.280941009521484,1045700
27/09/2018,39.84999847412109,41.07500076293945,39.70000076293945,41.07500076293945,32.20212173461914,1821994
28/09/2018,41.0,41.04999923706055,40.150001525878906,40.57500076293945,31.81013298034668,2470962
01/10/2018,40.25,41.0,40.125,40.650001525878906,31.868932723999023,1370848
02/10/2018,40.150001525878906,40.45000076293945,39.67499923706055,40.32500076293945,31.6141357421875,1492220
03/10/2018,40.70000076293945,41.125,40.0,40.75,31.94732093811035,1345042
04/10/2018,41.025001525878906,41.5,39.900001525878906,41.47499847412109,32.515708923339844,2443930
05/10/2018,41.0,41.22499847412109,40.275001525878906,40.42499923706055,31.69253158569336,2199448
08/10/2018,39.97499847412109,40.22499847412109,39.57500076293945,40.04999923706055,31.398534774780277,1540244
09/10/2018,40.0,40.20000076293945,38.45000076293945,39.97499847412109,31.339740753173828,4000906
10/10/2018,39.95000076293945,40.0,38.625,39.04999923706055,30.61454963684082,2276690
11/10/2018,38.92499923706055,40.125,38.59999847412109,40.0,31.359336853027344,2893940
12/10/2018,40.25,40.79999923706055,39.07500076293945,40.0,31.359336853027344,2613480
15/10/2018,40.09999847412109,40.17499923706055,39.29999923706055,39.59999847412109,31.045747756958008,1816062
16/10/2018,39.5,40.07500076293945,39.025001525878906,39.95000076293945,31.32013893127441,2046594
17/10/2018,40.0,40.25,39.75,40.0,31.359336853027344,1506012
18/10/2018,39.79999923706055,40.17499923706055,39.375,39.5,30.96735191345215,1835334
19/10/2018,39.34999847412109,40.32500076293945,39.25,39.97499847412109,31.339740753173828,1405472
22/10/2018,40.22499847412109,40.59999847412109,39.75,40.25,31.55534172058105,1427254
23/10/2018,40.0,40.5,39.400001525878906,40.400001525878906,31.672935485839844,2335930
24/10/2018,40.400001525878906,41.025001525878906,40.125,41.0,32.1433219909668,1438854
25/10/2018,40.775001525878906,41.45000076293945,40.275001525878906,41.45000076293945,32.49612045288086,1733436
26/10/2018,41.29999923706055,41.29999923706055,39.900001525878906,39.95000076293945,31.32013893127441,2138086
29/10/2018,39.95000076293945,39.95000076293945,39.95000076293945,39.95000076293945,31.32013893127441,0
30/10/2018,39.5,40.32500076293945,38.79999923706055,39.95000076293945,31.32013893127441,3002918
31/10/2018,40.0,40.07500076293945,38.97499847412109,39.29999923706055,30.81055450439453,2681758
01/11/2018,39.45000076293945,40.04999923706055,39.29999923706055,39.92499923706055,31.300540924072266,1980252
02/11/2018,40.150001525878906,40.20000076293945,39.650001525878906,39.84999847412109,31.241743087768555,2457994
05/11/2018,39.625,39.97499847412109,39.0,39.775001525878906,31.182945251464844,2112974
06/11/2018,39.79999923706055,40.07500076293945,39.29999923706055,39.75,31.1633415222168,2576670
07/11/2018,39.29999923706055,39.59999847412109,39.150001525878906,39.45000076293945,31.242542266845703,2324426
08/11/2018,39.75,39.75,38.84999847412109,38.84999847412109,30.767370223999023,2081916
09/11/2018,38.775001525878906,39.17499923706055,38.42499923706055,38.5,30.49018669128418,1905456
12/11/2018,39.25,41.07500076293945,39.25,40.84999847412109,32.35127639770508,7316562
13/11/2018,40.42499923706055,41.09999847412109,40.275001525878906,40.47499847412109,32.05429458618164,1951262
14/11/2018,40.0,40.625,39.67499923706055,40.17499923706055,31.81670188903809,2666340
15/11/2018,39.75,41.75,39.75,41.75,33.06403350830078,3288314
16/11/2018,41.79999923706055,41.79999923706055,40.875,41.5,32.86604309082031,1860580
19/11/2018,41.09999847412109,41.57500076293945,41.04999923706055,41.47499847412109,32.84624099731445,2149266
20/11/2018,41.17499923706055,41.5,40.59999847412109,41.0,32.47006607055664,1397444
21/11/2018,40.82500076293945,41.5,40.79999923706055,41.5,32.86604309082031,1381328
22/11/2018,41.150001525878906,41.82500076293945,41.07500076293945,41.59999847412109,32.94523620605469,822618
23/11/2018,41.650001525878906,41.650001525878906,40.75,41.04999923706055,32.50966262817383,1290248
26/11/2018,41.45000076293945,41.47499847412109,40.79999923706055,41.275001525878906,32.68785095214844,1335900
27/11/2018,41.150001525878906,41.75,40.97499847412109,41.5,32.86604309082031,4117284
28/11/2018,41.54999923706055,41.92499923706055,41.47499847412109,41.5,32.86604309082031,1462162
29/11/2018,41.25,42.04999923706055,41.25,42.04999923706055,33.30161666870117,2104962
30/11/2018,42.0,42.275001525878906,41.650001525878906,41.97499847412109,33.242218017578125,1701892
03/12/2018,42.25,42.32500076293945,41.17499923706055,41.20000076293945,32.628456115722656,2219244
04/12/2018,40.84999847412109,41.72499847412109,40.84999847412109,41.67499923706055,33.004634857177734,2403014
05/12/2018,41.400001525878906,42.25,41.400001525878906,41.84999847412109,33.14323043823242,1511658
06/12/2018,41.95000076293945,42.32500076293945,41.72499847412109,42.04999923706055,33.30161666870117,1485452
07/12/2018,42.5,42.5,41.92499923706055,42.0,33.262020111083984,1345192
10/12/2018,41.79999923706055,42.22499847412109,41.5,42.20000076293945,33.420413970947266,1340494
11/12/2018,42.375,43.375,42.07500076293945,43.34999847412109,34.331153869628906,1955086
12/12/2018,43.42499923706055,44.150001525878906,42.97499847412109,44.0,34.84592056274414,2477510
13/12/2018,44.75,45.025001525878906,43.84999847412109,44.25,35.04391098022461,2395114
14/12/2018,44.0,44.34999847412109,43.47499847412109,43.57500076293945,34.50934600830078,2144522
17/12/2018,44.0,44.0,43.22499847412109,43.29999923706055,34.29155731201172,884214
18/12/2018,43.07500076293945,43.95000076293945,42.97499847412109,43.72499847412109,34.628135681152344,1536850
19/12/2018,43.75,43.875,43.34999847412109,43.75,34.64793395996094,1742058
20/12/2018,43.79999923706055,43.84999847412109,43.375,43.775001525878906,34.66773986816406,1645170
21/12/2018,43.34999847412109,43.84999847412109,43.20000076293945,43.82500076293945,34.70732879638672,1256704
24/12/2018,43.84999847412109,44.5,43.07500076293945,43.5,34.449947357177734,748784
25/12/2018,43.125,43.34999847412109,42.75,42.75,33.855987548828125,281332
26/12/2018,42.75,43.07500076293945,42.400001525878906,42.42499923706055,33.59859848022461,185128
27/12/2018,42.42499923706055,43.650001525878906,42.25,43.54999923706055,34.48954391479492,1388240
28/12/2018,43.525001525878906,43.875,42.54999923706055,42.54999923706055,33.697593688964844,1165156
31/12/2018,43.25,43.525001525878906,42.525001525878906,43.17499923706055,34.19255828857422,939148
01/01/2019,43.17499923706055,43.17499923706055,43.17499923706055,43.17499923706055,34.19255828857422,0
02/01/2019,43.29999923706055,43.29999923706055,41.70000076293945,42.04999923706055,33.30161666870117,1493730
03/01/2019,41.875,43.025001525878906,41.775001525878906,43.0,34.05397415161133,2718682
04/01/2019,43.0,43.54999923706055,42.47499847412109,43.20000076293945,34.21236038208008,2045950
07/01/2019,43.07500076293945,43.375,42.67499923706055,43.32500076293945,34.31134796142578,1398992
08/01/2019,43.79999923706055,44.04999923706055,43.275001525878906,43.900001525878906,34.766727447509766,1863130
09/01/2019,44.20000076293945,44.900001525878906,44.04999923706055,44.54999923706055,35.281497955322266,1504374
10/01/2019,44.75,44.95000076293945,44.125,44.84999847412109,35.519073486328125,1465082
11/01/2019,44.79999923706055,45.400001525878906,44.57500076293945,44.95000076293945,35.59827423095703,1352808
14/01/2019,44.75,45.29999923706055,44.400001525878906,44.47499847412109,35.22210693359375,1148376
15/01/2019,44.75,45.09999847412109,44.125,44.25,35.04391098022461,1081152
16/01/2019,44.17499923706055,44.72499847412109,43.54999923706055,44.70000076293945,35.400291442871094,2167514
17/01/2019,44.79999923706055,45.95000076293945,44.67499923706055,45.95000076293945,36.39023208618164,1844074
18/01/2019,45.92499923706055,46.70000076293945,44.95000076293945,46.70000076293945,36.98419952392578,2212578
21/01/2019,46.70000076293945,46.900001525878906,45.525001525878906,45.75,36.231842041015625,1199814
22/01/2019,45.775001525878906,46.5,45.0,45.5,36.03385925292969,2033088
23/01/2019,45.29999923706055,46.17499923706055,45.29999923706055,46.150001525878906,36.54863357543945,1490734
24/01/2019,46.25,46.67499923706055,45.900001525878906,46.54999923706055,36.86540985107422,1811936
25/01/2019,46.22499847412109,46.79999923706055,45.95000076293945,46.150001525878906,36.54863357543945,1161090
28/01/2019,46.09999847412109,46.75,45.95000076293945,46.47499847412109,36.80601119995117,986630
29/01/2019,46.32500076293945,46.72499847412109,45.47499847412109,46.70000076293945,36.98419952392578,2684336
30/01/2019,46.67499923706055,46.900001525878906,45.22499847412109,45.29999923706055,35.87546157836914,2995444
31/01/2019,45.5,45.59999847412109,44.47499847412109,45.22499847412109,35.816062927246094,1883820
01/02/2019,45.07500076293945,45.92499923706055,44.775001525878906,45.34999847412109,35.91505813598633,2010766
04/02/2019,45.34999847412109,45.54999923706055,44.650001525878906,45.275001525878906,35.85566711425781,821542
05/02/2019,45.400001525878906,46.34999847412109,45.17499923706055,46.29999923706055,36.667423248291016,1141620
06/02/2019,46.34999847412109,46.900001525878906,46.07500076293945,46.72499847412109,37.00399398803711,1256614
07/02/2019,46.625,46.82500076293945,45.34999847412109,46.125,36.52882385253906,1129256
08/02/2019,46.32500076293945,46.42499923706055,45.59999847412109,46.29999923706055,36.667423248291016,692200
11/02/2019,46.84999847412109,47.275001525878906,46.45000076293945,46.82500076293945,37.08319091796875,1052406
12/02/2019,47.07500076293945,47.07500076293945,46.09999847412109,46.17499923706055,36.56842041015625,1004516
13/02/2019,46.5,47.125,45.84999847412109,47.125,37.320777893066406,1616254
14/02/2019,47.42499923706055,47.42499923706055,45.625,45.97499847412109,36.410037994384766,1464630
15/02/2019,45.875,46.97499847412109,45.22499847412109,46.82500076293945,37.08319091796875,1253932
18/02/2019,47.04999923706055,47.04999923706055,46.0,46.57500076293945,36.88520050048828,999048
19/02/2019,46.5,46.5,45.32500076293945,45.650001525878906,36.152645111083984,686122
20/02/2019,45.70000076293945,46.09999847412109,44.625,46.04999923706055,36.46943283081055,1719434
21/02/2019,46.09999847412109,46.5,45.34999847412109,46.09999847412109,36.509033203125,1241162
22/02/2019,46.07500076293945,46.20000076293945,43.5,43.650001525878906,34.56874465942383,3249640
25/02/2019,44.04999923706055,44.67499923706055,43.79999923706055,44.375,35.14291000366211,2160922
26/02/2019,44.0,44.275001525878906,43.25,43.525001525878906,34.46975326538086,1938742
27/02/2019,43.5,44.29999923706055,43.17499923706055,44.125,34.944915771484375,1535644
28/02/2019,43.97499847412109,44.04999923706055,42.875,43.07500076293945,34.11336898803711,1837060
01/03/2019,42.84999847412109,43.75,42.650001525878906,43.70000076293945,34.60833740234375,1683182
04/03/2019,43.79999923706055,44.09999847412109,42.900001525878906,42.900001525878906,33.97478103637695,1678318
05/03/2019,42.92499923706055,43.22499847412109,41.900001525878906,42.0,33.262020111083984,2385878
06/03/2019,41.875,42.54999923706055,40.775001525878906,42.22499847412109,33.44020462036133,2508944
07/03/2019,45.0,45.0,43.42499923706055,43.47499847412109,34.430152893066406,3645236
08/03/2019,43.45000076293945,44.5,41.875,44.375,35.14291000366211,2628882
11/03/2019,44.25,44.67499923706055,42.29999923706055,42.375,33.55900573730469,2709904
12/03/2019,42.47499847412109,43.275001525878906,42.32500076293945,42.775001525878906,33.875789642333984,1217116
13/03/2019,42.57500076293945,43.04999923706055,42.42499923706055,42.97499847412109,34.0341682434082,1600920
14/03/2019,43.20000076293945,43.79999923706055,42.125,42.20000076293945,33.420413970947266,1263350
15/03/2019,42.75,43.025001525878906,42.47499847412109,42.97499847412109,34.0341682434082,930002
18/03/2019,42.75,43.0,42.5,42.79999923706055,33.89558410644531,897546
19/03/2019,42.54999923706055,42.75,42.0,42.47499847412109,33.63820266723633,1457568
20/03/2019,42.07500076293945,42.09999847412109,40.72499847412109,41.125,32.56905746459961,2681524
21/03/2019,40.82500076293945,40.84999847412109,39.775001525878906,39.97499847412109,31.65831756591797,2812618
22/03/2019,39.72499847412109,40.5,38.900001525878906,40.25,31.8761043548584,3484632
25/03/2019,40.400001525878906,41.75,40.400001525878906,40.92499923706055,32.410667419433594,2433630
26/03/2019,40.75,41.20000076293945,40.07500076293945,40.79999923706055,32.31167984008789,2735888
27/03/2019,40.400001525878906,41.0,38.07500076293945,38.09999847412109,30.17340660095215,4509162
28/03/2019,38.32500076293945,39.900001525878906,38.32500076293945,38.84999847412109,30.767370223999023,5001482
29/03/2019,38.45000076293945,38.75,37.92499923706055,38.375,30.39118194580078,2993422
01/04/2019,38.25,38.59999847412109,37.57500076293945,38.04999923706055,30.133804321289062,3661856
02/04/2019,38.32500076293945,39.5,38.25,39.22499847412109,31.064350128173828,2642990
03/04/2019,39.07500076293945,39.375,38.54999923706055,39.275001525878906,31.10394859313965,2144656
04/04/2019,39.79999923706055,40.59999847412109,39.625,40.150001525878906,31.796911239624023,3072716
05/04/2019,41.54999923706055,41.57500076293945,39.95000076293945,40.45000076293945,32.03449630737305,5762382
08/04/2019,40.650001525878906,40.650001525878906,39.57500076293945,39.625,31.38113212585449,1979546
09/04/2019,39.57500076293945,39.84999847412109,39.25,39.5,31.282140731811523,1300396
10/04/2019,39.75,39.75,39.125,39.20000076293945,31.0445556640625,1592692
11/04/2019,39.400001525878906,39.79999923706055,39.025001525878906,39.70000076293945,31.440526962280277,1124410
12/04/2019,39.5,39.70000076293945,39.47499847412109,39.5,31.282140731811523,1007260
15/04/2019,39.5,39.875,39.17499923706055,39.275001525878906,31.10394859313965,1513420
16/04/2019,39.22499847412109,39.92499923706055,39.22499847412109,39.57500076293945,31.341537475585938,1227810
17/04/2019,39.75,40.54999923706055,39.525001525878906,40.275001525878906,31.895906448364254,1647296
18/04/2019,40.0,40.375,39.82500076293945,40.09999847412109,31.75731086730957,1347242
19/04/2019,40.09999847412109,40.54999923706055,39.92499923706055,40.32500076293945,31.935503005981445,312546
22/04/2019,40.45000076293945,40.95000076293945,40.20000076293945,40.84999847412109,32.35127639770508,482980
23/04/2019,40.84999847412109,40.84999847412109,40.84999847412109,40.84999847412109,32.35127639770508,0
24/04/2019,40.59999847412109,41.45000076293945,39.900001525878906,39.92499923706055,31.61871910095215,3605736
25/04/2019,39.84999847412109,40.375,39.400001525878906,39.67499923706055,31.42072486877441,2569182
26/04/2019,39.59999847412109,40.900001525878906,39.59999847412109,40.650001525878906,32.19288635253906,1955432
29/04/2019,40.79999923706055,41.29999923706055,40.57500076293945,41.04999923706055,32.50966262817383,1932918
30/04/2019,40.92499923706055,41.92499923706055,40.92499923706055,41.75,33.06403350830078,2280508
01/05/2019,41.75,41.75,41.75,41.75,33.06403350830078,0
02/05/2019,41.47499847412109,41.525001525878906,40.025001525878906,40.125,31.777109146118164,2267776
03/05/2019,40.25,40.275001525878906,39.47499847412109,39.70000076293945,31.440526962280277,1544382
06/05/2019,39.525001525878906,39.75,38.84999847412109,39.57500076293945,31.341537475585938,1714046
07/05/2019,38.84999847412109,39.42499923706055,38.57500076293945,39.22499847412109,31.064350128173828,2553112
08/05/2019,39.275001525878906,39.92499923706055,39.150001525878906,39.22499847412109,31.064350128173828,1775158
09/05/2019,39.25,39.775001525878906,38.97499847412109,39.150001525878906,31.004955291748047,1728232
10/05/2019,39.32500076293945,39.47499847412109,38.625,39.025001525878906,30.90595817565918,2359528
13/05/2019,38.375,38.375,36.20000076293945,36.5,28.906274795532227,4276398
14/05/2019,36.625,37.32500076293945,36.07500076293945,37.25,29.500246047973636,3004154
15/05/2019,37.25,37.42499923706055,35.95000076293945,36.92499923706055,29.24286460876465,1965158
16/05/2019,37.09999847412109,37.09999847412109,36.25,36.45000076293945,28.866683959960938,1927742
17/05/2019,36.09999847412109,36.20000076293945,35.67499923706055,35.67499923706055,28.25291633605957,2192102
20/05/2019,35.67499923706055,36.900001525878906,35.67499923706055,36.79999923706055,29.14386558532715,1163588
21/05/2019,37.09999847412109,37.125,35.599998474121094,36.22499847412109,28.688486099243164,2010530
22/05/2019,36.07500076293945,36.92499923706055,35.525001525878906,36.25,28.708290100097656,1647788
23/05/2019,36.25,37.75,36.125,37.25,29.500246047973636,2154642
24/05/2019,37.400001525878906,37.45000076293945,36.59999847412109,36.900001525878906,29.223052978515625,2527220
27/05/2019,36.82500076293945,37.20000076293945,36.67499923706055,36.75,29.104267120361328,580164
28/05/2019,36.75,38.0,36.75,37.84999847412109,29.97541618347168,2200050
29/05/2019,37.525001525878906,38.5,37.025001525878906,38.34999847412109,30.37139320373535,2320598
30/05/2019,38.75,40.0,38.34999847412109,39.775001525878906,31.49991798400879,2736390
31/05/2019,39.59999847412109,39.79999923706055,38.775001525878906,39.775001525878906,31.49991798400879,1997678
03/06/2019,39.84999847412109,40.07500076293945,39.20000076293945,40.0,31.67811584472656,791288
04/06/2019,40.0,40.0,40.0,40.0,31.67811584472656,0
05/06/2019,40.0,40.0,40.0,40.0,31.67811584472656,0
06/06/2019,40.0,40.0,40.0,40.0,31.67811584472656,0
07/06/2019,39.84999847412109,41.125,38.82500076293945,40.875,32.371070861816406,3369206
10/06/2019,40.97499847412109,40.97499847412109,39.84999847412109,40.20000076293945,31.83650779724121,2035246
11/06/2019,40.04999923706055,40.400001525878906,39.45000076293945,39.5,31.282140731811523,3121922
12/06/2019,38.775001525878906,39.79999923706055,38.75,39.275001525878906,31.58370018005371,2092974
13/06/2019,39.5,39.5,38.57500076293945,38.84999847412109,31.241928100585938,3118468
14/06/2019,38.75,39.5,38.75,39.45000076293945,31.72443008422852,1783562
17/06/2019,39.45000076293945,40.0,38.84999847412109,39.67499923706055,31.90536117553711,1494538
18/06/2019,39.59999847412109,40.625,39.29999923706055,40.17499923706055,32.30744934082031,2276804
19/06/2019,40.09999847412109,40.400001525878906,39.650001525878906,40.04999923706055,32.20692825317383,2359742
20/06/2019,40.025001525878906,40.45000076293945,39.22499847412109,39.32500076293945,31.62391471862793,2669776
21/06/2019,39.025001525878906,39.34999847412109,38.79999923706055,39.07500076293945,31.422874450683597,2534762
24/06/2019,39.09999847412109,39.97499847412109,38.47499847412109,38.57500076293945,31.02078437805176,1807702
25/06/2019,38.34999847412109,38.875,37.82500076293945,37.95000076293945,30.518177032470703,3114926
26/06/2019,38.025001525878906,38.42499923706055,37.84999847412109,37.875,30.457860946655277,2064678
27/06/2019,38.025001525878906,38.625,38.025001525878906,38.59999847412109,31.040891647338867,1987522
28/06/2019,38.42499923706055,40.125,38.42499923706055,40.04999923706055,32.20692825317383,2538206
01/07/2019,41.0,41.82500076293945,39.70000076293945,41.650001525878906,33.49359893798828,2533098
02/07/2019,41.47499847412109,42.84999847412109,41.400001525878906,42.775001525878906,34.398292541503906,3158032
03/07/2019,42.775001525878906,43.09999847412109,42.34999847412109,43.0,34.579227447509766,1528266
04/07/2019,42.84999847412109,43.67499923706055,42.84999847412109,43.5,34.98130798339844,1172156
05/07/2019,43.45000076293945,43.70000076293945,42.75,43.025001525878906,34.599334716796875,2385356
08/07/2019,42.59999847412109,43.04999923706055,41.84999847412109,42.75,34.3781852722168,2410670
09/07/2019,42.59999847412109,44.34999847412109,42.59999847412109,43.875,35.28287124633789,3075016
10/07/2019,44.0,44.0,43.09999847412109,43.97499847412109,35.3632926940918,3139118
11/07/2019,44.17499923706055,45.400001525878906,43.625,44.95000076293945,36.14735412597656,2379062
12/07/2019,44.97499847412109,45.150001525878906,43.70000076293945,43.75,35.182350158691406,2055576
15/07/2019,43.75,43.75,43.75,43.75,35.182350158691406,0
16/07/2019,43.84999847412109,44.900001525878906,43.775001525878906,44.09999847412109,35.46381378173828,1307772
17/07/2019,44.54999923706055,45.45000076293945,44.400001525878906,44.79999923706055,36.026729583740234,1200996
18/07/2019,44.650001525878906,46.125,44.47499847412109,45.54999923706055,36.629859924316406,1573580
19/07/2019,46.0,46.29999923706055,45.375,45.72499847412109,36.77058029174805,954650
22/07/2019,45.79999923706055,45.92499923706055,45.20000076293945,45.775001525878906,36.810794830322266,1372544
23/07/2019,46.0,46.79999923706055,45.72499847412109,46.25,37.19277572631836,1253834
24/07/2019,47.0,47.5,46.119998931884766,47.400001525878906,38.11756896972656,1166986
25/07/2019,47.59999847412109,47.63999938964844,45.220001220703125,46.0,36.99173355102539,1758290
26/07/2019,46.040000915527344,46.93999862670898,45.34000015258789,46.560001373291016,37.44207000732422,1146363
29/07/2019,46.720001220703125,46.79999923706055,45.79999923706055,46.220001220703125,37.16865158081055,1008903
30/07/2019,46.20000076293945,46.97999954223633,45.79999923706055,46.93999862670898,37.74765396118164,1657929
31/07/2019,47.09999847412109,47.2599983215332,45.70000076293945,47.0,37.7958984375,2298490
01/08/2019,46.59999847412109,47.31999969482422,46.09999847412109,46.77999877929688,37.61898422241211,1292958
02/08/2019,46.68000030517578,47.27999877929688,46.52000045776367,46.81999969482422,37.651153564453125,1752851
05/08/2019,46.63999938964844,46.84000015258789,45.52000045776367,45.900001525878906,36.91132354736328,994955
06/08/2019,45.86000061035156,46.400001525878906,45.31999969482422,46.09999847412109,37.072147369384766,1436762
07/08/2019,46.0,47.09999847412109,45.79999923706055,46.79999923706055,37.63505935668945,1705979
08/08/2019,46.84000015258789,48.13999938964844,46.84000015258789,47.91999816894531,38.53573226928711,2686499
09/08/2019,48.02000045776367,48.36000061035156,47.900001525878906,48.02000045776367,38.61614608764648,1365306
12/08/2019,48.02000045776367,48.02000045776367,48.02000045776367,48.02000045776367,38.61614608764648,0
13/08/2019,48.02000045776367,48.02000045776367,48.02000045776367,48.02000045776367,38.61614608764648,0
14/08/2019,48.02000045776367,48.02000045776367,48.02000045776367,48.02000045776367,38.61614608764648,0
15/08/2019,47.47999954223633,50.04999923706055,46.59999847412109,49.47999954223633,39.79023361206055,4892169
16/08/2019,49.59999847412109,50.45000076293945,49.47999954223633,50.20000076293945,40.36923599243164,2367997
19/08/2019,50.45000076293945,50.59999847412109,49.560001373291016,49.58000183105469,39.87065505981445,1523241
20/08/2019,49.900001525878906,50.150001525878906,48.36000061035156,49.18000030517578,39.54898834228516,1948013
21/08/2019,49.060001373291016,49.81999969482422,48.5,48.619998931884766,39.09864807128906,1541403
22/08/2019,48.70000076293945,48.97999954223633,47.52000045776367,48.5,39.00214767456055,1567406
23/08/2019,48.97999954223633,50.150001525878906,48.380001068115234,49.7400016784668,39.99931716918945,1656707
26/08/2019,48.619998931884766,49.18000030517578,48.400001525878906,48.79999923706055,39.24340057373047,1015054
27/08/2019,48.59999847412109,48.63999938964844,46.70000076293945,46.900001525878906,37.71547317504883,2921946
28/08/2019,47.5,47.7400016784668,46.68000030517578,47.119998931884766,37.89239501953125,2442274
29/08/2019,46.900001525878906,47.59999847412109,46.720001220703125,46.91999816894531,37.731563568115234,913155
30/08/2019,46.91999816894531,46.91999816894531,46.91999816894531,46.91999816894531,37.731563568115234,0
02/09/2019,46.93999862670898,47.2599983215332,46.18000030517578,46.63999938964844,37.50639724731445,1490827
03/09/2019,46.77999877929688,46.77999877929688,45.380001068115234,45.59999847412109,36.670066833496094,1900002
04/09/2019,46.02000045776367,46.43999862670898,45.619998931884766,46.36000061035156,37.28123092651367,1520648
05/09/2019,46.540000915527344,47.459999084472656,46.41999816894531,47.36000061035156,38.08540344238281,1377552
06/09/2019,47.47999954223633,48.7599983215332,47.459999084472656,47.70000076293945,38.35881805419922,1806373
09/09/2019,48.34000015258789,48.68000030517578,47.7400016784668,48.29999923706055,38.84131240844727,1302932
10/09/2019,48.43999862670898,48.59999847412109,48.040000915527344,48.459999084472656,38.969974517822266,1679266
11/09/2019,48.619998931884766,48.619998931884766,47.900001525878906,48.540000915527344,39.03432083129883,1550096
12/09/2019,48.81999969482422,49.02000045776367,47.93999862670898,48.20000076293945,38.76091003417969,9856917
13/09/2019,48.400001525878906,48.63999938964844,48.0,48.5,39.00214767456055,1402509
16/09/2019,48.400001525878906,49.58000183105469,48.20000076293945,49.380001068115234,39.70981597900391,2284410
17/09/2019,49.459999084472656,49.81999969482422,48.93999862670898,49.040000915527344,39.43639755249024,2158764
18/09/2019,49.040000915527344,49.34000015258789,48.65999984741211,49.0,39.40422821044922,1910765
19/09/2019,49.5,49.5,48.84000015258789,49.0,39.40422821044922,1761307
20/09/2019,48.97999954223633,49.2400016784668,48.65999984741211,48.84000015258789,39.275577545166016,3189586
23/09/2019,48.900001525878906,49.47999954223633,48.31999969482422,49.400001525878906,39.72589492797852,1239212
24/09/2019,49.7599983215332,49.880001068115234,48.900001525878906,49.13999938964844,39.51681518554688,1085374
25/09/2019,49.20000076293945,49.58000183105469,48.900001525878906,49.459999084472656,39.774147033691406,961381
26/09/2019,49.619998931884766,49.619998931884766,48.70000076293945,48.86000061035156,39.29165267944336,1114463
27/09/2019,48.900001525878906,49.58000183105469,48.7599983215332,49.459999084472656,39.774147033691406,1184964
30/09/2019,49.5,49.540000915527344,48.86000061035156,49.20000076293945,39.565067291259766,1466985
01/10/2019,49.20000076293945,49.70000076293945,49.0,49.43999862670898,39.758060455322266,1285728
02/10/2019,49.86000061035156,49.86000061035156,49.0,49.52000045776367,39.82239532470703,1718501
03/10/2019,49.58000183105469,49.86000061035156,49.0,49.15999984741211,39.53289031982422,1201298
04/10/2019,49.02000045776367,49.29999923706055,48.65999984741211,48.93999862670898,39.3559799194336,901958
07/10/2019,48.720001220703125,49.18000030517578,47.65999984741211,47.97999954223633,38.583984375,4452487
08/10/2019,47.68000030517578,48.29999923706055,47.36000061035156,48.09999847412109,38.68048095703125,1473918
09/10/2019,47.93999862670898,48.2400016784668,47.5,47.900001525878906,38.5196418762207,1366882
10/10/2019,48.29999923706055,49.20000076293945,47.52000045776367,48.15999984741211,38.728736877441406,1700793
11/10/2019,48.040000915527344,48.13999938964844,47.540000915527344,47.7400016784668,38.390995025634766,882905
14/10/2019,47.43999862670898,48.20000076293945,46.7599983215332,47.77999877929688,38.42314910888672,2563868
15/10/2019,48.5,48.959999084472656,47.560001373291016,47.63999938964844,38.3105697631836,1467416
16/10/2019,47.84000015258789,47.900001525878906,46.02000045776367,46.09999847412109,37.072147369384766,2588051
17/10/2019,46.040000915527344,47.63999938964844,46.040000915527344,46.7400016784668,37.58681488037109,2502191
18/10/2019,47.0,47.459999084472656,46.81999969482422,47.36000061035156,38.08540344238281,1713526
21/10/2019,47.459999084472656,47.880001068115234,47.380001068115234,47.880001068115234,38.50357437133789,797107
22/10/2019,48.15999984741211,48.15999984741211,47.36000061035156,47.5,38.1979866027832,872048
23/10/2019,47.380001068115234,47.560001373291016,46.720001220703125,47.380001068115234,38.10147476196289,1131988
24/10/2019,47.77999877929688,48.18000030517578,47.18000030517578,48.060001373291016,38.6483154296875,2189575
25/10/2019,48.220001220703125,48.220001220703125,47.77999877929688,48.02000045776367,38.61614608764648,689403
28/10/2019,47.880001068115234,48.09999847412109,47.119998931884766,47.119998931884766,37.89239501953125,415504
30/10/2019,47.13999938964844,47.52000045776367,46.86000061035156,47.060001373291016,37.84415435791016,1562395
31/10/2019,47.27999877929688,47.560001373291016,46.84000015258789,47.400001525878906,38.11756896972656,1293685
01/11/2019,47.459999084472656,47.5,46.93999862670898,47.060001373291016,37.84415435791016,456459
04/11/2019,47.20000076293945,47.7599983215332,47.15999984741211,47.720001220703125,38.37490081787109,511115
05/11/2019,47.70000076293945,47.97999954223633,47.47999954223633,47.63999938964844,38.3105697631836,783151
06/11/2019,47.7400016784668,47.79999923706055,47.27999877929688,47.459999084472656,38.16582489013672,996364
07/11/2019,47.619998931884766,48.91999816894531,47.540000915527344,48.84000015258789,39.275577545166016,1230917
08/11/2019,48.79999923706055,49.0,47.77999877929688,47.880001068115234,38.50357437133789,1085566
11/11/2019,47.68000030517578,47.70000076293945,45.58000183105469,46.040000915527344,37.02389144897461,4643625
12/11/2019,46.0,46.20000076293945,44.84000015258789,45.18000030517578,36.332305908203125,2851734
13/11/2019,45.220001220703125,46.18000030517578,45.0,45.86000061035156,36.87914657592773,1945516
14/11/2019,45.880001068115234,45.959999084472656,44.720001220703125,44.79999923706055,36.026729583740234,2286318
15/11/2019,45.20000076293945,46.02000045776367,45.20000076293945,46.0,36.99173355102539,1601300
18/11/2019,46.0,46.15999984741211,45.59999847412109,45.81999969482422,37.33394241333008,1447093
19/11/2019,45.79999923706055,45.86000061035156,45.2400016784668,45.7400016784668,37.26876449584961,1538242
20/11/2019,45.68000030517578,45.68000030517578,45.29999923706055,45.41999816894531,37.00802993774414,1501397
21/11/2019,45.36000061035156,45.68000030517578,44.93999862670898,45.08000183105469,36.730995178222656,1603961
22/11/2019,45.220001220703125,45.220001220703125,44.7599983215332,44.91999816894531,36.60062789916992,1219351
25/11/2019,45.08000183105469,45.400001525878906,44.65999984741211,44.79999923706055,36.50285339355469,1814039
26/11/2019,44.7599983215332,44.91999816894531,44.119998931884766,44.29999923706055,36.095458984375,2131961
27/11/2019,44.36000061035156,45.36000061035156,44.15999984741211,45.34000015258789,36.94284439086914,1987291
28/11/2019,45.36000061035156,46.59999847412109,45.2599983215332,46.560001373291016,37.93689727783203,1993008
29/11/2019,46.5,46.59999847412109,45.619998931884766,45.81999969482422,37.33394241333008,1867349
02/12/2019,45.97999954223633,46.2599983215332,45.77999877929688,46.20000076293945,37.6435661315918,2093943
03/12/2019,46.220001220703125,46.220001220703125,45.459999084472656,45.619998931884766,37.17098236083984,1635434
04/12/2019,45.41999816894531,45.59999847412109,45.060001373291016,45.31999969482422,36.92654037475586,1426569
05/12/2019,45.5,45.59999847412109,45.29999923706055,45.380001068115234,36.975433349609375,1935864
06/12/2019,45.29999923706055,45.459999084472656,45.0,45.02000045776367,36.68210983276367,1294882
09/12/2019,45.08000183105469,45.08000183105469,44.27999877929688,45.02000045776367,36.68210983276367,1673865
10/12/2019,45.040000915527344,45.040000915527344,44.31999969482422,44.560001373291016,36.30730819702149,1535964
11/12/2019,44.119998931884766,44.36000061035156,43.84000015258789,44.09999847412109,36.25797271728516,2461817
12/12/2019,44.2599983215332,45.29999923706055,44.119998931884766,45.2599983215332,37.211692810058594,1985250
13/12/2019,45.43999862670898,45.63999938964844,44.720001220703125,45.0,36.99793243408203,2903228
16/12/2019,45.0,45.20000076293945,44.43999862670898,44.91999816894531,36.93215560913086,2466700
17/12/2019,45.02000045776367,45.18000030517578,44.880001068115234,45.040000915527344,37.03081512451172,1871436
18/12/2019,45.0,45.720001220703125,44.84000015258789,45.63999938964844,37.52412033081055,2856693
19/12/2019,45.81999969482422,46.060001373291016,45.459999084472656,45.68000030517578,37.557010650634766,2123928
20/12/2019,45.959999084472656,46.0,45.70000076293945,45.86000061035156,37.70499420166016,1391113
23/12/2019,45.84000015258789,45.97999954223633,45.68000030517578,45.93999862670898,37.77077102661133,671083
24/12/2019,46.220001220703125,46.68000030517578,46.220001220703125,46.560001373291016,38.2805290222168,763117
25/12/2019,46.5,46.7400016784668,46.2400016784668,46.7400016784668,38.42851257324219,405349
26/12/2019,46.5,46.93999862670898,46.43999862670898,46.86000061035156,38.52717971801758,527234
27/12/2019,46.900001525878906,47.15999984741211,46.70000076293945,47.08000183105469,38.70805740356445,633046
30/12/2019,46.93999862670898,47.15999984741211,46.65999984741211,46.880001068115234,38.54362106323242,721708
31/12/2019,46.97999954223633,47.380001068115234,46.79999923706055,46.79999923706055,38.47784423828125,513962
02/01/2020,46.7400016784668,46.880001068115234,46.29999923706055,46.34000015258789,38.099647521972656,926058
03/01/2020,46.459999084472656,47.52000045776367,46.380001068115234,47.400001525878906,38.971153259277344,2054113
06/01/2020,47.41999816894531,47.959999084472656,47.27999877929688,47.68000030517578,39.20136260986328,1533845
07/01/2020,47.70000076293945,48.380001068115234,47.380001068115234,48.040000915527344,39.497344970703125,1202536
08/01/2020,48.09999847412109,48.70000076293945,47.84000015258789,48.43999862670898,39.82622146606445,1517056
09/01/2020,48.63999938964844,48.959999084472656,47.619998931884766,48.84000015258789,40.15509033203125,2695325
10/01/2020,48.34000015258789,48.7599983215332,48.15999984741211,48.52000045776367,39.89199066162109,1284803
13/01/2020,48.5,48.86000061035156,48.18000030517578,48.459999084472656,39.8426513671875,1549206
14/01/2020,48.29999923706055,48.93999862670898,48.27999877929688,48.63999938964844,39.99065017700195,1578781
15/01/2020,48.900001525878906,49.41999816894531,48.79999923706055,49.220001220703125,40.4675178527832,1359071
16/01/2020,49.29999923706055,50.45000076293945,49.08000183105469,49.08000183105469,40.35241317749024,1879972
17/01/2020,49.119998931884766,49.880001068115234,48.560001373291016,49.400001525878906,40.61550521850586,1052164
20/01/2020,49.59999847412109,50.0,49.31999969482422,49.36000061035156,40.582618713378906,607643
21/01/2020,49.34000015258789,50.09999847412109,48.560001373291016,50.04999923706055,41.14992141723633,1707318
22/01/2020,50.20000076293945,50.34999847412109,48.93999862670898,49.380001068115234,40.59905624389648,1350179
23/01/2020,49.5,51.25,49.41999816894531,51.25,42.13653564453125,1814285
24/01/2020,51.59999847412109,51.70000076293945,50.0,50.34999847412109,41.39656448364258,1522520
27/01/2020,50.400001525878906,50.400001525878906,49.2400016784668,49.34000015258789,40.56616973876953,943084
28/01/2020,49.20000076293945,49.5,48.43999862670898,49.0,40.28662872314453,1477587
29/01/2020,49.15999984741211,49.86000061035156,48.86000061035156,49.7400016784668,40.89504623413086,1233521
30/01/2020,49.7599983215332,50.150001525878906,49.29999923706055,49.58000183105469,40.76349639892578,1581664
31/01/2020,49.59999847412109,49.59999847412109,48.63999938964844,49.08000183105469,40.35241317749024,1564957
03/02/2020,48.77999877929688,49.18000030517578,48.27999877929688,48.70000076293945,40.039981842041016,812788
04/02/2020,48.70000076293945,49.52000045776367,48.27999877929688,49.41999816894531,40.63194274902344,1377524
05/02/2020,49.5,49.52000045776367,48.65999984741211,48.65999984741211,40.00708770751953,1300268
06/02/2020,48.79999923706055,49.29999923706055,48.43999862670898,48.540000915527344,39.9084358215332,1260204
07/02/2020,48.400001525878906,48.81999969482422,48.060001373291016,48.09999847412109,39.546669006347656,1355217
10/02/2020,47.7599983215332,48.220001220703125,47.2400016784668,47.63999938964844,39.16847610473633,2520526
11/02/2020,47.70000076293945,48.34000015258789,47.619998931884766,48.0,39.464454650878906,1934149
12/02/2020,47.97999954223633,48.400001525878906,47.560001373291016,47.59999847412109,39.13558197021485,2260196
13/02/2020,47.5,47.65999984741211,47.119998931884766,47.58000183105469,39.11914443969727,1244746
14/02/2020,47.63999938964844,47.86000061035156,47.119998931884766,47.540000915527344,39.08625793457031,1609175
17/02/2020,47.7599983215332,47.959999084472656,47.31999969482422,47.58000183105469,39.11914443969727,778353
18/02/2020,47.2599983215332,47.58000183105469,47.15999984741211,47.400001525878906,38.971153259277344,1064840
19/02/2020,47.5,47.7599983215332,47.20000076293945,47.720001220703125,39.2342529296875,1347312
20/02/2020,47.79999923706055,48.43999862670898,47.79999923706055,48.15999984741211,39.59600830078125,5274041
21/02/2020,48.20000076293945,48.459999084472656,47.58000183105469,48.400001525878906,39.79333114624024,2751117
24/02/2020,48.52000045776367,48.58000183105469,47.5,48.2400016784668,39.66177368164063,2231515
25/02/2020,48.400001525878906,48.41999816894531,47.13999938964844,47.15999984741211,38.77382659912109,2037213
26/02/2020,47.15999984741211,48.29999923706055,46.619998931884766,48.15999984741211,39.59600830078125,2479544
27/02/2020,47.900001525878906,48.34000015258789,47.619998931884766,48.02000045776367,39.48089599609375,2668406
28/02/2020,46.20000076293945,47.880001068115234,46.0,46.880001068115234,38.54362106323242,1563493
02/03/2020,48.040000915527344,48.13999938964844,46.59999847412109,47.060001373291016,38.69161224365234,2209303
03/03/2020,47.2400016784668,48.29999923706055,47.2400016784668,48.02000045776367,39.48089599609375,2115064
04/03/2020,48.2400016784668,48.93999862670898,47.86000061035156,48.79999923706055,40.122196197509766,1404685
05/03/2020,49.43999862670898,52.150001525878906,49.0,51.25,42.13653564453125,2162901
06/03/2020,52.20000076293945,57.29999923706055,50.59999847412109,53.150001525878906,43.69865798950195,2012298
09/03/2020,52.650001525878906,52.650001525878906,50.75,51.900001525878906,42.67094421386719,2069359
10/03/2020,53.0,53.09999847412109,51.150001525878906,51.45000076293945,42.30096435546875,1506689
11/03/2020,51.45000076293945,51.45000076293945,51.45000076293945,51.45000076293945,42.30096435546875,0
12/03/2020,55.400001525878906,59.04999923706055,49.900001525878906,52.0,42.75315856933594,4167892
13/03/2020,52.25,53.59999847412109,49.79999923706055,50.59999847412109,41.60211181640625,2471294
16/03/2020,50.79999923706055,50.79999923706055,45.7400016784668,46.63999938964844,38.346290588378906,1862209
17/03/2020,48.560001373291016,48.59999847412109,45.0,45.52000045776367,37.42546463012695,2248776
18/03/2020,45.08000183105469,49.59999847412109,43.77999877929688,48.959999084472656,40.25373840332031,3508727
19/03/2020,49.400001525878906,53.0,49.400001525878906,52.09999847412109,42.83537673950195,3736777
20/03/2020,53.0,55.59999847412109,49.84000015258789,50.04999923706055,41.14992141723633,3436268
23/03/2020,49.81999969482422,53.650001525878906,48.70000076293945,52.59999847412109,43.24646759033203,4756456
24/03/2020,53.79999923706055,53.95000076293945,52.54999923706055,53.29999923706055,43.82199096679688,4169012
25/03/2020,53.5,53.70000076293945,51.25,51.75,42.54761505126953,3173981
26/03/2020,51.79999923706055,52.400001525878906,50.34999847412109,52.29999923706055,42.999813079833984,2929573
27/03/2020,52.04999923706055,52.20000076293945,50.20000076293945,50.20000076293945,41.27324676513672,1921459
30/03/2020,50.25,51.75,49.91999816894531,50.0,41.10880661010742,2463333
31/03/2020,50.59999847412109,50.75,49.93999862670898,50.45000076293945,41.47879409790039,1856020
01/04/2020,50.29999923706055,50.900001525878906,49.93999862670898,50.84999847412109,41.807655334472656,1927451
02/04/2020,51.29999923706055,51.79999923706055,50.0,50.45000076293945,41.47879409790039,2401144
03/04/2020,51.0,51.0,50.04999923706055,50.20000076293945,41.27324676513672,1514714
06/04/2020,50.650001525878906,50.650001525878906,50.150001525878906,50.29999923706055,41.3554573059082,1540068
07/04/2020,50.45000076293945,51.150001525878906,49.900001525878906,50.150001525878906,41.23213958740234,3919560
08/04/2020,50.0,50.34999847412109,49.7599983215332,50.0,41.10880661010742,1571701
09/04/2020,50.29999923706055,50.5,50.09999847412109,50.29999923706055,41.3554573059082,1945050
10/04/2020,51.54999923706055,53.0,51.45000076293945,51.900001525878906,42.67094421386719,3275785
13/04/2020,51.70000076293945,52.25,51.54999923706055,51.650001525878906,42.46540451049805,1967982
14/04/2020,51.79999923706055,52.29999923706055,51.25,51.650001525878906,42.46540451049805,2840854
15/04/2020,52.0,55.0,50.650001525878906,54.400001525878906,44.72638702392578,9709974
16/04/2020,55.0,55.900001525878906,54.0,54.70000076293945,44.97304153442383,4896530
17/04/2020,55.59999847412109,55.70000076293945,54.400001525878906,55.29999923706055,45.466339111328125,2581938
20/04/2020,56.20000076293945,56.75,55.34999847412109,56.45000076293945,46.41184997558594,2724068
21/04/2020,56.650001525878906,57.29999923706055,55.5,55.900001525878906,45.95965194702149,1724629
22/04/2020,55.84999847412109,56.29999923706055,55.04999923706055,55.25,45.42522811889648,2471532
24/04/2020,55.5,56.0,55.29999923706055,55.79999923706055,45.87742614746094,2646153
27/04/2020,56.25,56.75,55.5,55.79999923706055,45.87742614746094,2100196
28/04/2020,55.70000076293945,55.79999923706055,54.59999847412109,55.04999923706055,45.26079177856445,2032590
29/04/2020,56.54999923706055,56.54999923706055,55.45000076293945,56.09999847412109,46.12408065795898,4667229
30/04/2020,56.20000076293945,56.20000076293945,54.5,55.59999847412109,45.71299743652344,2247969
04/05/2020,54.59999847412109,55.0,53.34999847412109,53.400001525878906,43.90421295166016,2125690
05/05/2020,53.59999847412109,53.79999923706055,51.45000076293945,52.25,42.95870971679688,2789200
06/05/2020,52.150001525878906,52.25,51.29999923706055,51.34999847412109,42.218746185302734,2389958
07/05/2020,51.400001525878906,51.650001525878906,50.650001525878906,50.70000076293945,41.6843376159668,3059795
08/05/2020,50.79999923706055,51.29999923706055,50.20000076293945,51.0,41.93098449707031,4900874
11/05/2020,51.34999847412109,51.650001525878906,50.79999923706055,51.0,41.93098449707031,2369530
12/05/2020,51.150001525878906,52.29999923706055,50.95000076293945,51.84999847412109,42.62983703613281,5906006
13/05/2020,51.25,53.400001525878906,50.95000076293945,52.400001525878906,43.50152587890625,6182849
14/05/2020,52.5,54.29999923706055,52.400001525878906,54.04999923706055,44.8713264465332,6458291
15/05/2020,56.70000076293945,58.34999847412109,55.59999847412109,57.0,47.32036209106445,10384641
18/05/2020,57.25,62.0,57.25,61.900001525878906,51.38825607299805,7182502
20/05/2020,62.150001525878906,64.19999694824219,59.84999847412109,60.54999923706055,50.26750183105469,7079967
21/05/2020,61.04999923706055,62.59999847412109,60.09999847412109,61.59999847412109,51.13919448852539,3776854
22/05/2020,61.95000076293945,64.30000305175781,61.45000076293945,63.20000076293945,52.46749114990234,3877364
27/05/2020,64.19999694824219,65.0,62.20000076293945,63.150001525878906,52.42598724365234,4076854
28/05/2020,63.09999847412109,63.25,61.400001525878906,61.79999923706055,51.30523300170898,2530526
29/05/2020,61.70000076293945,63.5,61.400001525878906,63.25,52.50899887084961,2510327
01/06/2020,66.0,68.19999694824219,63.70000076293945,64.1500015258789,53.25616836547852,6067490
02/06/2020,64.5,64.5999984741211,62.34999847412109,63.54999923706055,52.75804901123047,2887612
03/06/2020,63.09999847412109,65.4000015258789,63.09999847412109,64.4000015258789,53.46370697021485,3228082
04/06/2020,65.3499984741211,68.94999694824219,64.5,68.69999694824219,57.03349304199219,5449255
05/06/2020,69.75,70.75,66.5,67.25,55.8297233581543,6157556
08/06/2020,66.4000015258789,66.55000305175781,64.80000305175781,64.9000015258789,53.87879943847656,3143806
09/06/2020,64.69999694824219,65.30000305175781,63.70000076293945,65.05000305175781,54.00333404541016,3098807
10/06/2020,65.25,65.3499984741211,64.4000015258789,64.75,53.75426483154297,2576410
11/06/2020,64.5999984741211,64.9000015258789,62.79999923706055,62.900001525878906,52.21843719482422,2850134
12/06/2020,62.34999847412109,64.6500015258789,61.75,63.79999923706055,52.965599060058594,3325861
15/06/2020,63.150001525878906,64.75,62.54999923706055,64.1500015258789,53.25616836547852,4411964
16/06/2020,65.0,65.44999694824219,64.3499984741211,64.5999984741211,53.62974548339844,2720595
17/06/2020,64.55000305175781,66.6500015258789,64.30000305175781,66.5,55.20708465576172,4259987
18/06/2020,66.69999694824219,67.69999694824219,66.4000015258789,67.0999984741211,55.70519256591797,2720945
19/06/2020,67.80000305175781,68.5,66.25,67.1500015258789,55.74671173095703,2794408
22/06/2020,67.5,69.0,67.5,68.5999984741211,56.95047378540039,2204277
23/06/2020,68.30000305175781,69.80000305175781,68.30000305175781,69.5,57.69763946533203,2220119
24/06/2020,69.0,71.0,68.94999694824219,70.5999984741211,58.61084365844727,2650086
25/06/2020,71.0999984741211,72.0,69.19999694824219,70.5999984741211,58.61084365844727,4217224
26/06/2020,70.94999694824219,71.0,69.75,69.94999694824219,58.07121276855469,1675131
29/06/2020,69.69999694824219,69.94999694824219,68.05000305175781,68.19999694824219,56.61839294433594,2250255
30/06/2020,68.1500015258789,68.94999694824219,67.5999984741211,68.4000015258789,56.78443908691406,5333593
01/07/2020,68.0,68.1500015258789,66.30000305175781,66.5,55.20708465576172,4190582
02/07/2020,66.5,66.94999694824219,66.30000305175781,66.69999694824219,55.37311935424805,3352178
03/07/2020,67.3499984741211,68.9000015258789,66.80000305175781,67.19999694824219,55.7882080078125,5794472
06/07/2020,68.0999984741211,70.30000305175781,68.0,69.69999694824219,57.86367034912109,6268753
07/07/2020,70.0,71.5999984741211,69.1500015258789,71.4000015258789,59.27497482299805,5194801
08/07/2020,71.4000015258789,72.0,70.05000305175781,70.4000015258789,58.44480514526367,3037741
09/07/2020,70.69999694824219,71.19999694824219,68.05000305175781,68.4000015258789,56.78443908691406,3472604
10/07/2020,68.9000015258789,68.9000015258789,67.6500015258789,68.5,56.86745834350586,2842934
13/07/2020,68.5999984741211,70.44999694824219,68.5999984741211,70.30000305175781,58.361793518066406,3074407
14/07/2020,70.5,71.0,69.9000015258789,70.5999984741211,58.61084365844727,3985398
16/07/2020,70.9000015258789,71.5,69.94999694824219,71.1500015258789,59.06743621826172,3417149
17/07/2020,71.0,71.4000015258789,70.3499984741211,70.75,58.7353515625,1898946
20/07/2020,70.8499984741211,71.80000305175781,70.5,71.3499984741211,59.23346710205078,2442366
21/07/2020,71.9000015258789,72.3499984741211,69.5,70.9000015258789,58.85989761352539,3529786
22/07/2020,71.30000305175781,71.55000305175781,70.55000305175781,71.1500015258789,59.06743621826172,2028733
23/07/2020,71.25,73.8499984741211,71.0,73.19999694824219,60.7692985534668,3751737
24/07/2020,72.9000015258789,73.6500015258789,72.4000015258789,73.5999984741211,61.101375579833984,2068654
27/07/2020,74.69999694824219,75.9000015258789,74.25,74.30000305175781,61.6825065612793,2675233
28/07/2020,74.3499984741211,75.55000305175781,73.55000305175781,73.80000305175781,61.26740264892578,3094250
29/07/2020,74.30000305175781,74.4000015258789,71.0999984741211,72.0999984741211,59.85610961914063,3853990
30/07/2020,72.0999984741211,72.30000305175781,71.30000305175781,71.44999694824219,59.31649398803711,1192533
04/08/2020,71.55000305175781,72.1500015258789,65.05000305175781,65.69999694824219,54.54294204711914,10875299
05/08/2020,65.30000305175781,66.8499984741211,62.04999923706055,63.54999923706055,52.75804901123047,7626182
06/08/2020,63.54999923706055,64.44999694824219,62.150001525878906,62.84999847412109,52.17692565917969,7137289
07/08/2020,62.70000076293945,63.59999847412109,61.150001525878906,63.09999847412109,52.38447189331055,8317126
10/08/2020,62.59999847412109,65.1500015258789,62.45000076293945,64.69999694824219,53.71276092529297,8975466
11/08/2020,65.75,66.80000305175781,64.25,65.9000015258789,54.70897674560547,8545822
12/08/2020,65.8499984741211,67.1500015258789,65.44999694824219,66.69999694824219,55.37311935424805,7040981
13/08/2020,67.9000015258789,68.19999694824219,66.4000015258789,67.5,56.03727340698242,6926685
14/08/2020,67.1500015258789,68.05000305175781,65.9000015258789,67.1500015258789,55.74671173095703,4434447
17/08/2020,67.30000305175781,67.5,66.80000305175781,66.9000015258789,55.539161682128906,2040719
18/08/2020,68.0,68.5,66.80000305175781,66.8499984741211,55.49765396118164,3630314
19/08/2020,68.69999694824219,71.0,68.5,70.44999694824219,58.486305236816406,10916432
20/08/2020,70.0999984741211,70.25,68.4000015258789,68.5999984741211,56.95047378540039,3498041
21/08/2020,69.1500015258789,69.4000015258789,67.5,68.25,56.659915924072266,3257875
24/08/2020,67.8499984741211,69.8499984741211,67.3499984741211,69.55000305175781,57.73914337158203,3640566
25/08/2020,69.5999984741211,69.75,68.0999984741211,68.44999694824219,56.8259391784668,3131335
26/08/2020,69.30000305175781,71.69999694824219,68.44999694824219,71.69999694824219,59.52404022216797,5576095
27/08/2020,71.75,72.6500015258789,70.8499984741211,71.0999984741211,59.02591323852539,3035699
28/08/2020,71.19999694824219,71.4000015258789,69.69999694824219,70.0,58.11271667480469,1987901
31/08/2020,70.0,70.19999694824219,67.4000015258789,68.19999694824219,56.61839294433594,5103459
01/09/2020,68.19999694824219,69.0999984741211,67.30000305175781,67.9000015258789,56.36934280395508,4163504
02/09/2020,68.25,68.25,67.75,67.8499984741211,56.32783508300781,2202318
03/09/2020,68.19999694824219,68.4000015258789,67.30000305175781,67.5,56.03727340698242,2221065
04/09/2020,67.4000015258789,68.3499984741211,67.1500015258789,67.75,56.244815826416016,1976997
07/09/2020,68.0999984741211,68.19999694824219,67.30000305175781,67.69999694824219,56.20330429077149,1569791
08/09/2020,67.69999694824219,67.94999694824219,67.19999694824219,67.6500015258789,56.16180419921875,1935231
09/09/2020,67.55000305175781,68.5999984741211,67.44999694824219,68.4000015258789,56.78443908691406,2232669
10/09/2020,68.30000305175781,68.5999984741211,67.19999694824219,67.8499984741211,56.32783508300781,2286196
11/09/2020,67.69999694824219,69.4000015258789,67.69999694824219,68.75,57.07499694824219,3108389
14/09/2020,69.30000305175781,70.55000305175781,68.75,70.3499984741211,58.403282165527344,2749404
15/09/2020,70.19999694824219,71.8499984741211,69.05000305175781,70.4000015258789,58.44480514526367,3880640
16/09/2020,70.30000305175781,71.44999694824219,69.5999984741211,69.94999694824219,58.07121276855469,2395286
17/09/2020,71.30000305175781,71.30000305175781,68.80000305175781,70.05000305175781,58.15423583984375,2375822
18/09/2020,70.0999984741211,70.3499984741211,69.5999984741211,69.94999694824219,58.07121276855469,1436994
21/09/2020,69.9000015258789,70.25,68.8499984741211,69.0999984741211,57.36555862426758,2247192
22/09/2020,68.55000305175781,69.9000015258789,68.55000305175781,68.9000015258789,57.19951629638672,2988112
23/09/2020,69.5999984741211,69.5999984741211,68.3499984741211,68.5,56.86745834350586,1881483
24/09/2020,68.30000305175781,69.19999694824219,68.1500015258789,68.94999694824219,57.24103546142578,1947891
25/09/2020,69.19999694824219,70.44999694824219,69.19999694824219,69.5,57.69763946533203,2854492
28/09/2020,69.0,69.5999984741211,68.3499984741211,68.4000015258789,56.78443908691406,2897809
29/09/2020,68.5999984741211,69.0,68.0,68.5,56.86745834350586,2669782
30/09/2020,68.94999694824219,69.9000015258789,68.80000305175781,69.69999694824219,57.86367034912109,2701813
01/10/2020,70.0,70.8499984741211,69.30000305175781,69.6500015258789,57.82216644287109,2350716
02/10/2020,69.80000305175781,69.80000305175781,69.0999984741211,69.44999694824219,57.65612411499024,1219594
05/10/2020,69.4000015258789,70.4000015258789,69.4000015258789,70.30000305175781,58.361793518066406,1549937
06/10/2020,70.5999984741211,70.75,69.5999984741211,69.5999984741211,57.7806510925293,2915866
07/10/2020,69.1500015258789,69.44999694824219,68.80000305175781,68.94999694824219,57.24103546142578,2080841
08/10/2020,68.9000015258789,69.55000305175781,68.80000305175781,69.0999984741211,57.36555862426758,2975017
09/10/2020,69.30000305175781,70.0,69.0999984741211,69.9000015258789,58.02971267700195,2066365
12/10/2020,70.05000305175781,71.0,69.8499984741211,70.44999694824219,58.486305236816406,2986676
13/10/2020,70.0,70.0999984741211,68.9000015258789,69.0,57.28253936767578,2762195
14/10/2020,68.9000015258789,69.19999694824219,68.30000305175781,69.0,57.954471588134766,2286568
15/10/2020,68.94999694824219,70.0,68.80000305175781,69.3499984741211,58.248443603515625,3340013
16/10/2020,69.5,69.80000305175781,69.0,69.5999984741211,58.45843124389648,1944692
19/10/2020,69.94999694824219,70.05000305175781,68.44999694824219,68.75,57.74450302124024,2913654
20/10/2020,68.94999694824219,69.9000015258789,68.5,69.5999984741211,58.45843124389648,5235330
21/10/2020,69.55000305175781,70.3499984741211,69.25,70.30000305175781,59.04638671875,2702943
22/10/2020,70.4000015258789,73.0999984741211,70.3499984741211,72.55000305175781,60.93619918823242,6849199
23/10/2020,72.94999694824219,72.94999694824219,70.1500015258789,70.44999694824219,59.172359466552734,4175268
26/10/2020,69.8499984741211,71.75,69.30000305175781,69.9000015258789,58.710411071777344,4571693
27/10/2020,69.8499984741211,72.05000305175781,69.55000305175781,70.3499984741211,59.08836364746094,3313218
28/10/2020,70.55000305175781,70.55000305175781,68.5,68.5,57.53451919555664,1295733
30/10/2020,68.5,69.25,66.0999984741211,67.5,56.69459915161133,4264827
02/11/2020,67.19999694824219,69.0,66.9000015258789,67.1500015258789,56.40063095092773,3213421
03/11/2020,67.44999694824219,68.55000305175781,67.3499984741211,68.19999694824219,57.28253936767578,3185137
04/11/2020,68.4000015258789,69.30000305175781,68.30000305175781,68.94999694824219,57.912479400634766,2165300
05/11/2020,69.0,69.3499984741211,68.3499984741211,68.5999984741211,57.61851501464844,2162569
06/11/2020,69.0999984741211,69.69999694824219,68.80000305175781,69.5999984741211,58.45843124389648,2843095
09/11/2020,71.69999694824219,71.69999694824219,68.94999694824219,70.1500015258789,58.92038345336914,4239843
10/11/2020,70.4000015258789,70.8499984741211,69.0999984741211,69.3499984741211,58.248443603515625,3278833
11/11/2020,69.0,69.94999694824219,68.69999694824219,69.25,58.16446685791016,3377077
12/11/2020,69.05000305175781,69.69999694824219,68.55000305175781,68.94999694824219,57.912479400634766,3729686
13/11/2020,68.6500015258789,69.1500015258789,68.3499984741211,68.69999694824219,57.7025032043457,2019758
16/11/2020,69.0999984741211,69.5,68.6500015258789,68.75,57.74450302124024,2082231
17/11/2020,69.3499984741211,71.19999694824219,69.3499984741211,70.55000305175781,59.25635147094727,6788438
18/11/2020,70.55000305175781,70.69999694824219,69.0999984741211,70.4000015258789,59.13037109375,3636099
19/11/2020,70.5,71.30000305175781,69.5,69.80000305175781,58.62641906738281,3806764
20/11/2020,70.0,70.5,69.55000305175781,69.5999984741211,58.45843124389648,2851117
23/11/2020,69.6500015258789,70.19999694824219,69.1500015258789,69.5,58.37444305419922,2716831
24/11/2020,69.44999694824219,69.9000015258789,68.69999694824219,68.80000305175781,57.78649520874024,3035860
25/11/2020,68.80000305175781,69.69999694824219,68.80000305175781,69.3499984741211,58.248443603515625,2867223
26/11/2020,69.55000305175781,70.44999694824219,69.25,70.19999694824219,58.962379455566406,3001780
27/11/2020,70.30000305175781,70.75,69.5,70.0,58.79439163208008,2306577
30/11/2020,70.19999694824219,71.8499984741211,70.0999984741211,70.19999694824219,58.962379455566406,7806423
01/12/2020,71.0,71.0999984741211,69.9000015258789,70.19999694824219,58.962379455566406,4292835
02/12/2020,70.55000305175781,70.5999984741211,69.5999984741211,69.6500015258789,58.500431060791016,2659897
03/12/2020,69.75,71.0,69.25,70.8499984741211,59.50832748413086,4058615
04/12/2020,71.1500015258789,71.25,70.0,70.69999694824219,59.382354736328125,3427461
07/12/2020,70.69999694824219,71.0,70.25,70.44999694824219,59.172359466552734,1964619
08/12/2020,70.1500015258789,70.75,69.25,69.3499984741211,58.248443603515625,2725823
09/12/2020,69.25,70.44999694824219,68.75,68.8499984741211,57.82848739624024,5758561
10/12/2020,69.0,69.5,68.9000015258789,69.1500015258789,58.08047103881836,2227161
11/12/2020,70.0,70.5999984741211,69.44999694824219,70.19999694824219,58.962379455566406,3835711
14/12/2020,70.19999694824219,70.69999694824219,69.75,70.44999694824219,59.172359466552734,3100153
15/12/2020,71.0999984741211,72.5,70.6500015258789,70.94999694824219,59.59231948852539,3891649
16/12/2020,71.19999694824219,71.3499984741211,70.0999984741211,70.25,59.00437927246094,2506228
17/12/2020,70.25,71.55000305175781,70.19999694824219,70.8499984741211,59.50832748413086,3523448
18/12/2020,71.30000305175781,72.25,70.75,72.05000305175781,60.51625061035156,2562223
21/12/2020,73.05000305175781,74.30000305175781,72.6500015258789,73.44999694824219,61.69211959838867,4740697
22/12/2020,73.5999984741211,73.6500015258789,71.9000015258789,72.1500015258789,60.60022735595703,4118624
23/12/2020,72.05000305175781,74.3499984741211,72.0,74.1500015258789,62.28007125854492,4388272
24/12/2020,74.0,75.0,73.0,73.5999984741211,61.8181037902832,2731798
25/12/2020,73.5,73.6500015258789,72.94999694824219,73.0999984741211,61.39814758300781,853701
28/12/2020,73.19999694824219,74.0,73.19999694824219,73.75,61.9441032409668,1210930
29/12/2020,73.5999984741211,75.8499984741211,73.30000305175781,75.69999694824219,63.581939697265625,3436798
30/12/2020,76.0,76.6500015258789,75.0,76.5,64.2538833618164,4284697
31/12/2020,76.75,76.80000305175781,75.5,76.44999694824219,64.21188354492188,3256051
04/01/2021,75.69999694824219,77.80000305175781,75.69999694824219,77.6500015258789,65.21979522705078,2450305
05/01/2021,77.0,77.05000305175781,75.69999694824219,76.30000305175781,64.08589935302734,3230039
06/01/2021,76.94999694824219,76.94999694824219,75.6500015258789,76.4000015258789,64.16988372802734,2337120
07/01/2021,76.55000305175781,77.30000305175781,76.0,77.0,64.67384338378906,4686507
08/01/2021,75.0999984741211,76.44999694824219,75.05000305175781,76.25,65.7517318725586,3303433
11/01/2021,76.05000305175781,77.0999984741211,75.8499984741211,76.44999694824219,65.92420196533203,3399479
12/01/2021,76.25,76.5999984741211,75.69999694824219,76.0999984741211,65.62239074707031,2017073
13/01/2021,76.30000305175781,76.75,75.6500015258789,76.4000015258789,65.88108825683594,2713500
14/01/2021,76.94999694824219,77.8499984741211,76.1500015258789,76.25,65.7517318725586,3498463
15/01/2021,76.19999694824219,76.3499984741211,74.4000015258789,74.55000305175781,64.2857894897461,2276262
18/01/2021,74.0999984741211,74.9000015258789,73.1500015258789,74.9000015258789,64.58760833740234,2205826
19/01/2021,75.30000305175781,75.5999984741211,74.19999694824219,74.30000305175781,64.07022094726562,1909684
20/01/2021,74.4000015258789,75.3499984741211,73.30000305175781,75.0999984741211,64.76006317138672,3992832
21/01/2021,75.4000015258789,75.69999694824219,73.5999984741211,73.69999694824219,63.55282974243164,3267298
22/01/2021,73.5999984741211,74.05000305175781,72.69999694824219,73.94999694824219,63.76839065551758,2402892
25/01/2021,74.3499984741211,74.69999694824219,73.3499984741211,73.44999694824219,63.33723831176758,2390183
26/01/2021,73.69999694824219,75.4000015258789,73.30000305175781,75.0,64.67384338378906,4386255
27/01/2021,75.0,75.30000305175781,73.75,74.4000015258789,64.15644073486328,3326919
28/01/2021,73.5999984741211,74.5,73.3499984741211,74.3499984741211,64.11333465576172,3446655
29/01/2021,73.80000305175781,74.0,71.94999694824219,71.94999694824219,62.04375457763672,3790657
01/02/2021,72.19999694824219,72.25,71.44999694824219,71.5,61.655738830566406,2076889
02/02/2021,71.75,72.1500015258789,71.19999694824219,71.3499984741211,61.5263786315918,2339634
03/02/2021,71.5999984741211,71.6500015258789,70.0999984741211,71.0999984741211,61.31078720092773,4677741
04/02/2021,71.5999984741211,72.19999694824219,71.25,71.55000305175781,61.6988410949707,2906330
05/02/2021,71.55000305175781,72.1500015258789,70.9000015258789,70.9000015258789,61.13833236694336,2458211
08/02/2021,71.0999984741211,71.5999984741211,70.5999984741211,71.0,61.22456359863281,2696746
09/02/2021,71.0,71.0999984741211,70.4000015258789,70.4000015258789,60.707176208496094,2345291
10/02/2021,70.5999984741211,71.94999694824219,70.5999984741211,71.25,61.44014739990234,4931996
11/02/2021,71.19999694824219,71.25,70.0,70.05000305175781,60.40536880493164,2496622
12/02/2021,69.9000015258789,69.9000015258789,68.8499984741211,68.94999694824219,59.456817626953125,2396258
15/02/2021,69.19999694824219,70.0,69.19999694824219,69.30000305175781,59.75862884521485,1505763
16/02/2021,69.3499984741211,69.55000305175781,67.5,68.05000305175781,58.68073272705078,2982971
17/02/2021,68.4000015258789,68.8499984741211,67.69999694824219,68.5999984741211,59.15501022338867,5131315
18/02/2021,68.9000015258789,69.69999694824219,68.4000015258789,68.4000015258789,58.9825439453125,5264226
19/02/2021,68.6500015258789,69.4000015258789,68.30000305175781,68.44999694824219,59.025657653808594,3103524
22/02/2021,68.44999694824219,68.5,67.0,67.0,57.77529525756836,3064076
23/02/2021,67.30000305175781,67.75,66.1500015258789,66.1500015258789,57.042327880859375,3402531
24/02/2021,65.94999694824219,66.6500015258789,65.4000015258789,65.4000015258789,56.39558410644531,4152687
25/02/2021,65.8499984741211,66.55000305175781,64.80000305175781,65.30000305175781,56.309364318847656,3867801
26/02/2021,63.70000076293945,67.1500015258789,63.650001525878906,66.0999984741211,56.99920272827149,5985610
01/03/2021,66.25,67.05000305175781,65.8499984741211,66.75,57.559715270996094,2518452
02/03/2021,67.19999694824219,68.5999984741211,67.0999984741211,68.0999984741211,58.72384262084961,3542155
03/03/2021,68.3499984741211,68.55000305175781,66.80000305175781,67.0,57.77529525756836,3185784
04/03/2021,66.94999694824219,67.55000305175781,66.3499984741211,66.44999694824219,57.3010139465332,3300651
05/03/2021,66.4000015258789,68.4000015258789,66.3499984741211,67.9000015258789,58.55138397216797,3743662
08/03/2021,68.1500015258789,68.4000015258789,66.8499984741211,66.8499984741211,57.64595031738281,3576509
09/03/2021,68.25,69.94999694824219,67.55000305175781,68.25,58.85319519042969,11248311
10/03/2021,68.44999694824219,69.0999984741211,68.1500015258789,68.9000015258789,59.413692474365234,5739530
11/03/2021,69.05000305175781,70.75,69.05000305175781,70.3499984741211,60.6640625,6268292
12/03/2021,70.3499984741211,71.4000015258789,69.3499984741211,71.25,61.44014739990234,4456996
15/03/2021,71.30000305175781,71.8499984741211,70.6500015258789,71.25,61.44014739990234,3624298
16/03/2021,71.30000305175781,72.25,71.0,72.25,62.30247497558594,3612239
17/03/2021,72.30000305175781,72.5999984741211,71.55000305175781,71.6500015258789,61.78507614135742,3949063
18/03/2021,71.19999694824219,73.6500015258789,71.19999694824219,71.6500015258789,61.78507614135742,4781235
19/03/2021,71.44999694824219,73.0,71.1500015258789,72.0,62.08687973022461,6719244
22/03/2021,69.0,69.19999694824219,64.80000305175781,64.80000305175781,55.878204345703125,8554045
23/03/2021,63.70000076293945,68.69999694824219,59.150001525878906,67.69999694824219,58.37892150878906,8242015
24/03/2021,68.0999984741211,69.80000305175781,66.75,69.0,59.49993133544922,4937722
25/03/2021,69.0,70.80000305175781,68.55000305175781,70.3499984741211,60.6640625,6753281
26/03/2021,70.94999694824219,72.0,68.0,72.0,62.08687973022461,6678897
29/03/2021,71.69999694824219,71.8499984741211,70.55000305175781,70.9000015258789,61.13833236694336,3202880
30/03/2021,70.80000305175781,72.5,70.4000015258789,71.5,61.655738830566406,3705859
31/03/2021,71.25,71.6500015258789,69.75,70.5999984741211,60.87965393066406,3826546
01/04/2021,70.80000305175781,71.44999694824219,70.55000305175781,70.6500015258789,60.922760009765625,2332486
02/04/2021,71.05000305175781,71.5999984741211,70.80000305175781,71.0,61.22456359863281,2343086
05/04/2021,71.05000305175781,71.0999984741211,70.3499984741211,70.44999694824219,60.75028991699219,1660843
06/04/2021,70.30000305175781,70.8499984741211,68.8499984741211,68.8499984741211,59.370582580566406,3556408
07/04/2021,68.9000015258789,69.3499984741211,67.5,68.94999694824219,59.456817626953125,3520389
08/04/2021,68.94999694824219,70.1500015258789,68.80000305175781,69.4000015258789,59.84485626220703,3499455
09/04/2021,69.55000305175781,70.0999984741211,67.8499984741211,68.94999694824219,59.456817626953125,4662261
12/04/2021,69.05000305175781,70.3499984741211,69.05000305175781,69.05000305175781,59.54305267333984,4145733
13/04/2021,69.94999694824219,69.94999694824219,68.80000305175781,69.3499984741211,59.80174255371094,2783615
14/04/2021,69.9000015258789,70.3499984741211,68.8499984741211,69.30000305175781,59.75862884521485,1944464
15/04/2021,69.44999694824219,69.75,68.69999694824219,69.1500015258789,59.6292724609375,2635439
16/04/2021,68.9000015258789,69.9000015258789,68.5999984741211,68.69999694824219,59.241241455078125,2347113
19/04/2021,68.69999694824219,69.0,67.1500015258789,67.5,58.20645904541016,2389265
20/04/2021,67.0,67.69999694824219,65.6500015258789,65.6500015258789,56.61117172241211,1799063
21/04/2021,65.94999694824219,66.9000015258789,64.6500015258789,65.5999984741211,56.56804656982422,3650483
22/04/2021,65.5999984741211,66.5999984741211,63.95000076293945,65.94999694824219,56.8698616027832,2708331
26/04/2021,65.69999694824219,66.30000305175781,65.4000015258789,66.05000305175781,56.95609664916992,2467952
27/04/2021,68.3499984741211,68.69999694824219,66.44999694824219,66.80000305175781,57.60284423828125,3591951
28/04/2021,67.05000305175781,67.19999694824219,65.55000305175781,66.30000305175781,57.17168045043945,3085601
29/04/2021,66.3499984741211,67.19999694824219,66.05000305175781,66.4000015258789,57.25791549682617,1943333
30/04/2021,66.05000305175781,66.30000305175781,65.0,65.0,56.05065536499024,3086182
03/05/2021,65.0,65.80000305175781,64.6500015258789,65.75,56.69740295410156,3024217
04/05/2021,65.75,66.25,64.69999694824219,64.69999694824219,55.79196166992188,3552877
05/05/2021,65.05000305175781,65.69999694824219,63.95000076293945,65.4000015258789,56.39558410644531,4027074
06/05/2021,65.4000015258789,66.25,65.1500015258789,66.0999984741211,56.99920272827149,4859619
07/05/2021,65.5,65.69999694824219,64.4000015258789,64.69999694824219,55.79196166992188,6133622
10/05/2021,64.75,66.0999984741211,64.69999694824219,65.9000015258789,56.826751708984375,4106513
11/05/2021,65.5,65.5999984741211,64.6500015258789,64.9000015258789,55.96443176269531,3985247
12/05/2021,64.69999694824219,65.5,64.44999694824219,64.8499984741211,55.92131805419922,1153177
17/05/2021,65.1500015258789,65.94999694824219,65.05000305175781,65.5999984741211,56.56804656982422,2650491
18/05/2021,65.8499984741211,66.55000305175781,65.6500015258789,65.6500015258789,56.61117172241211,2996761
20/05/2021,64.0,64.19999694824219,62.79999923706055,63.0,56.03304672241211,4023455
21/05/2021,63.150001525878906,63.84999847412109,62.900001525878906,62.900001525878906,55.94411087036133,2846747
24/05/2021,62.95000076293945,63.04999923706055,61.79999923706055,62.5,55.588340759277344,4170918
25/05/2021,62.79999923706055,62.900001525878906,60.54999923706055,61.34999847412109,54.56551361083984,4993155
26/05/2021,61.400001525878906,62.0,60.59999847412109,61.75,54.92128372192383,4924752
27/05/2021,61.650001525878906,61.70000076293945,60.150001525878906,60.45000076293945,53.765045166015625,6517783
28/05/2021,60.20000076293945,64.25,60.20000076293945,64.25,57.144813537597656,10766271
31/05/2021,63.45000076293945,64.5,63.04999923706055,63.95000076293945,56.87799072265625,4331091
01/06/2021,64.0,64.4000015258789,63.5,64.05000305175781,56.9669303894043,2182346
02/06/2021,63.54999923706055,63.54999923706055,62.70000076293945,62.95000076293945,55.98857879638672,2720786
03/06/2021,62.900001525878906,63.150001525878906,61.20000076293945,61.650001525878906,54.83234405517578,4071737
04/06/2021,61.54999923706055,62.20000076293945,61.34999847412109,62.20000076293945,55.32151794433594,1770680
07/06/2021,61.84999847412109,62.650001525878906,61.79999923706055,61.95000076293945,55.09917068481445,2446506
08/06/2021,61.900001525878906,62.59999847412109,61.59999847412109,62.0,55.14363479614258,2455417
09/06/2021,61.79999923706055,62.900001525878906,61.79999923706055,62.650001525878906,55.72175979614258,3295226
10/06/2021,62.5,63.20000076293945,62.04999923706055,62.70000076293945,55.7662239074707,4373008
11/06/2021,62.79999923706055,63.29999923706055,62.650001525878906,63.09999847412109,56.12198638916016,2070742
14/06/2021,63.09999847412109,64.4000015258789,62.84999847412109,64.4000015258789,57.27823257446289,4436869
15/06/2021,64.4000015258789,65.0,63.20000076293945,64.19999694824219,57.100341796875,3933878
16/06/2021,64.69999694824219,65.25,63.95000076293945,64.94999694824219,57.76740264892578,3725429
17/06/2021,64.5,65.1500015258789,63.95000076293945,64.05000305175781,56.9669303894043,3095139
18/06/2021,64.0999984741211,64.69999694824219,63.5,63.5,56.47775268554688,2678808
21/06/2021,63.59999847412109,64.5999984741211,63.400001525878906,64.55000305175781,57.41164016723633,1778900
22/06/2021,64.55000305175781,64.6500015258789,63.400001525878906,64.0999984741211,57.01140213012695,2228562
23/06/2021,64.1500015258789,64.44999694824219,62.79999923706055,62.84999847412109,55.899635314941406,2725613
24/06/2021,62.84999847412109,63.70000076293945,62.84999847412109,63.150001525878906,56.16646957397461,1937318
25/06/2021,63.09999847412109,63.25,62.0,62.04999923706055,55.188106536865234,1797019
28/06/2021,62.09999847412109,62.650001525878906,62.0,62.400001525878906,55.4994010925293,1744794
29/06/2021,62.400001525878906,63.29999923706055,62.400001525878906,63.29999923706055,56.29987335205078,2975157
30/06/2021,63.04999923706055,63.29999923706055,61.75,62.150001525878906,55.27705001831055,3607027
01/07/2021,62.45000076293945,62.84999847412109,61.75,61.900001525878906,55.05469131469727,1784376
02/07/2021,61.95000076293945,62.45000076293945,61.54999923706055,62.45000076293945,55.54386901855469,2287320
05/07/2021,62.0,62.79999923706055,61.95000076293945,62.59999847412109,55.67728805541992,1794403
06/07/2021,62.34999847412109,62.900001525878906,62.29999923706055,62.29999923706055,55.41046142578125,2141314
07/07/2021,62.34999847412109,63.09999847412109,62.34999847412109,62.59999847412109,55.67728805541992,1570789
08/07/2021,62.34999847412109,62.95000076293945,62.150001525878906,62.34999847412109,55.45492935180664,1645722
09/07/2021,62.25,63.400001525878906,62.25,63.25,56.255401611328125,1836947
12/07/2021,63.29999923706055,63.5,61.09999847412109,61.29999923706055,54.52104568481445,2950834
13/07/2021,61.400001525878906,62.0,60.95000076293945,61.20000076293945,54.43210983276367,2006270
14/07/2021,61.34999847412109,62.09999847412109,61.25,61.70000076293945,54.8768196105957,2187795
16/07/2021,61.650001525878906,62.45000076293945,61.45000076293945,61.75,54.92128372192383,2092767
19/07/2021,61.5,61.54999923706055,61.09999847412109,61.09999847412109,54.34316253662109,842871
26/07/2021,61.20000076293945,62.04999923706055,61.0,61.5,54.69892501831055,2520307
27/07/2021,61.150001525878906,61.75,60.79999923706055,61.75,54.92128372192383,1833752
28/07/2021,61.59999847412109,61.79999923706055,61.0,61.5,54.69892501831055,1587811
29/07/2021,61.900001525878906,63.5,61.900001525878906,63.34999847412109,56.34434509277344,2452242
30/07/2021,62.79999923706055,63.400001525878906,62.25,63.400001525878906,56.38880920410156,1675714
02/08/2021,63.29999923706055,63.900001525878906,62.95000076293945,63.09999847412109,56.12198638916016,1646086
03/08/2021,64.30000305175781,64.3499984741211,62.70000076293945,64.0999984741211,57.01140213012695,3094888
04/08/2021,64.05000305175781,64.69999694824219,63.29999923706055,63.400001525878906,56.38880920410156,3621198
05/08/2021,63.09999847412109,64.0,63.09999847412109,64.0,56.92245864868164,1988316
06/08/2021,63.79999923706055,64.9000015258789,63.150001525878906,64.5,57.36716842651367,4041250
09/08/2021,64.5,64.9000015258789,64.1500015258789,64.5999984741211,57.45610809326172,1675692
10/08/2021,64.5999984741211,69.1500015258789,64.5999984741211,68.44999694824219,60.88035202026367,8875931
11/08/2021,68.5,68.75,67.30000305175781,68.0,60.48011016845703,4190211
12/08/2021,68.0,71.4000015258789,68.0,70.0999984741211,62.34788131713867,6220165
13/08/2021,68.9000015258789,69.5999984741211,68.25,69.44999694824219,61.76976776123047,4610996
16/08/2021,69.4000015258789,70.69999694824219,69.25,69.94999694824219,62.2144775390625,3034256
17/08/2021,69.3499984741211,69.8499984741211,68.94999694824219,69.5,61.81424331665039,2639632
18/08/2021,69.5,70.4000015258789,69.3499984741211,69.69999694824219,61.99212265014648,3350195
19/08/2021,69.55000305175781,71.0999984741211,69.4000015258789,71.0999984741211,63.23728942871094,3623943
20/08/2021,71.0999984741211,71.9000015258789,70.5999984741211,71.30000305175781,63.415184020996094,3010625
23/08/2021,72.0,73.4000015258789,71.9000015258789,72.4000015258789,64.3935317993164,2306927
24/08/2021,72.5999984741211,73.5,72.30000305175781,73.4000015258789,65.28295135498047,3176615
25/08/2021,73.0999984741211,73.5,72.6500015258789,73.05000305175781,64.97166442871094,8592930
26/08/2021,73.4000015258789,73.80000305175781,72.80000305175781,73.5999984741211,65.46083068847656,3503620
27/08/2021,73.44999694824219,73.5,71.8499984741211,72.19999694824219,64.21563720703125,3065438
31/08/2021,72.5999984741211,72.69999694824219,71.05000305175781,71.8499984741211,63.90435409545898,3669097
01/09/2021,71.75,72.94999694824219,71.1500015258789,72.0,64.03776550292969,3048703
02/09/2021,71.6500015258789,72.4000015258789,70.0,72.30000305175781,64.30460357666016,1911446
03/09/2021,72.30000305175781,72.30000305175781,70.94999694824219,71.0999984741211,63.23728942871094,2298090
06/09/2021,70.80000305175781,71.5999984741211,70.69999694824219,70.94999694824219,63.1038818359375,1015647
07/09/2021,70.55000305175781,70.8499984741211,69.6500015258789,69.6500015258789,61.94764709472656,1375812
08/09/2021,69.5,70.0999984741211,69.0,69.5,61.81424331665039,1814524
09/09/2021,69.5,69.69999694824219,68.69999694824219,69.5999984741211,61.9031867980957,2554625
10/09/2021,69.4000015258789,69.6500015258789,68.55000305175781,68.80000305175781,61.191654205322266,1864754
13/09/2021,68.44999694824219,68.80000305175781,67.80000305175781,68.19999694824219,60.657997131347656,1531304
14/09/2021,68.0999984741211,68.30000305175781,67.30000305175781,67.44999694824219,59.99093627929688,2025296
15/09/2021,67.1500015258789,69.05000305175781,67.1500015258789,67.69999694824219,60.21329498291016,2877586
16/09/2021,67.75,68.44999694824219,67.5999984741211,68.25,60.70246887207031,1837273
17/09/2021,68.3499984741211,69.69999694824219,68.30000305175781,69.6500015258789,61.94764709472656,3017792
20/09/2021,68.55000305175781,69.0999984741211,67.5999984741211,67.5999984741211,60.12434768676758,1436418
21/09/2021,67.9000015258789,68.5,67.3499984741211,67.3499984741211,59.90199279785156,2102260
22/09/2021,67.55000305175781,68.0999984741211,67.19999694824219,68.05000305175781,60.52459335327149,1106833
23/09/2021,67.9000015258789,68.1500015258789,66.0,66.19999694824219,58.879173278808594,3384482
24/09/2021,65.69999694824219,65.69999694824219,64.25,64.9000015258789,57.722938537597656,3790580
27/09/2021,65.19999694824219,65.80000305175781,63.79999923706055,64.25,57.144813537597656,3534279
28/09/2021,63.84999847412109,64.1500015258789,62.900001525878906,63.0,56.03304672241211,2592312
29/09/2021,63.84999847412109,64.4000015258789,63.59999847412109,64.1500015258789,57.05587768554688,2072252
30/09/2021,64.5,64.55000305175781,63.0,63.900001525878906,56.83352279663086,4489429
01/10/2021,63.70000076293945,63.70000076293945,63.04999923706055,63.20000076293945,56.210933685302734,2325378
04/10/2021,63.09999847412109,63.25,62.29999923706055,62.34999847412109,55.45492935180664,2114125
05/10/2021,62.25,62.54999923706055,61.95000076293945,62.09999847412109,55.23257446289063,1942157
06/10/2021,62.0,62.650001525878906,61.150001525878906,61.20000076293945,54.43210983276367,3590904
07/10/2021,61.900001525878906,61.900001525878906,61.29999923706055,61.45000076293945,54.65445709228516,2286313
08/10/2021,61.5,62.79999923706055,61.0,61.84999847412109,55.01021957397461,5370515
11/10/2021,62.20000076293945,63.09999847412109,61.95000076293945,62.84999847412109,55.899635314941406,2959071
12/10/2021,62.70000076293945,62.900001525878906,62.150001525878906,62.29999923706055,55.41046142578125,2175846
13/10/2021,62.20000076293945,62.79999923706055,61.54999923706055,61.54999923706055,54.74340438842773,3088488
14/10/2021,61.650001525878906,61.79999923706055,60.29999923706055,60.45000076293945,53.765045166015625,6551289
15/10/2021,60.84999847412109,61.34999847412109,60.0,60.59999847412109,53.8984603881836,7175612
18/10/2021,60.70000076293945,61.29999923706055,60.54999923706055,60.70000076293945,53.98740005493164,6595199
19/10/2021,61.0,61.75,60.900001525878906,61.29999923706055,54.52104568481445,4073807
20/10/2021,61.70000076293945,61.70000076293945,60.79999923706055,60.900001525878906,54.165283203125,3609110
21/10/2021,60.95000076293945,61.900001525878906,60.150001525878906,61.900001525878906,55.05469131469727,6269833
22/10/2021,61.79999923706055,62.70000076293945,61.650001525878906,62.29999923706055,55.41046142578125,5226391
25/10/2021,61.900001525878906,62.09999847412109,61.29999923706055,61.45000076293945,54.65445709228516,9004707
26/10/2021,61.70000076293945,62.45000076293945,61.650001525878906,62.150001525878906,55.27705001831055,10850013
27/10/2021,62.5,63.650001525878906,62.34999847412109,63.09999847412109,56.12198638916016,15073232
28/10/2021,63.09999847412109,63.150001525878906,62.150001525878906,62.150001525878906,55.27705001831055,4817950
01/11/2021,60.900001525878906,64.30000305175781,60.70000076293945,64.0,56.92245864868164,13816581
02/11/2021,64.25,64.69999694824219,63.04999923706055,64.05000305175781,56.9669303894043,7610987
03/11/2021,64.0999984741211,64.55000305175781,62.650001525878906,64.55000305175781,57.41164016723633,6252213
04/11/2021,65.0,66.3499984741211,64.8499984741211,65.94999694824219,58.65681838989258,5242827
05/11/2021,66.0999984741211,66.1500015258789,64.80000305175781,65.55000305175781,58.30105209350586,3970081
08/11/2021,66.0,67.19999694824219,65.55000305175781,67.19999694824219,59.768585205078125,5475590
09/11/2021,66.94999694824219,67.0,65.55000305175781,65.6500015258789,58.38999938964844,9318540
10/11/2021,65.69999694824219,67.4000015258789,65.69999694824219,66.4000015258789,59.05706405639648,9499351
11/11/2021,66.3499984741211,66.80000305175781,66.0,66.19999694824219,58.879173278808594,4339896
12/11/2021,66.25,67.0999984741211,66.25,66.80000305175781,59.4128303527832,4771391
15/11/2021,66.94999694824219,67.69999694824219,66.69999694824219,67.19999694824219,59.768585205078125,8430943
16/11/2021,67.5,68.19999694824219,65.9000015258789,66.3499984741211,59.01258087158203,7810816
17/11/2021,64.4000015258789,65.44999694824219,64.25,65.44999694824219,60.0213508605957,5185455
18/11/2021,65.5,67.3499984741211,64.69999694824219,66.94999694824219,61.39692687988281,9496706
19/11/2021,67.25,67.5999984741211,66.5,66.75,61.21352005004883,4285305
22/11/2021,66.80000305175781,68.0999984741211,66.80000305175781,67.5999984741211,61.99302291870117,6700881
23/11/2021,67.5999984741211,68.05000305175781,66.4000015258789,68.05000305175781,62.40568923950195,8171277
24/11/2021,68.44999694824219,69.5,68.30000305175781,69.0,63.27690124511719,7660582
25/11/2021,69.0,69.4000015258789,68.25,68.94999694824219,63.23104476928711,3620027
26/11/2021,68.94999694824219,69.4000015258789,68.44999694824219,69.0999984741211,63.36860275268555,5474129
29/11/2021,69.25,69.75,68.5999984741211,69.44999694824219,63.6895637512207,4274477
30/11/2021,69.44999694824219,70.25,68.9000015258789,69.4000015258789,63.64373016357422,8307942
01/12/2021,69.75,71.0999984741211,69.69999694824219,70.1500015258789,64.3315200805664,5855377
02/12/2021,70.1500015258789,70.5999984741211,69.69999694824219,70.0999984741211,64.28565216064453,3411991
03/12/2021,70.25,70.69999694824219,69.75,69.9000015258789,64.10224914550781,4968973
06/12/2021,70.0999984741211,73.30000305175781,69.6500015258789,73.0,66.94512176513672,8626695
07/12/2021,77.25,78.1500015258789,75.55000305175781,77.55000305175781,71.11774444580078,15716086
08/12/2021,78.5,78.8499984741211,76.1500015258789,76.1500015258789,69.83385467529297,10025157
09/12/2021,76.25,76.94999694824219,74.5999984741211,74.8499984741211,68.64167022705078,12898100
10/12/2021,74.8499984741211,77.19999694824219,74.25,77.05000305175781,70.65921783447266,15258698
13/12/2021,77.4000015258789,79.19999694824219,76.5999984741211,78.25,71.75967407226562,10694298
14/12/2021,78.5999984741211,80.5999984741211,78.5999984741211,80.25,73.59378051757812,8682151
15/12/2021,81.80000305175781,84.0999984741211,81.25,83.4000015258789,76.4825210571289,8505892
16/12/2021,84.05000305175781,85.5999984741211,82.0999984741211,85.05000305175781,77.99565124511719,12670534
17/12/2021,86.5,88.4000015258789,76.55000305175781,77.25,70.84261322021484,14815788
20/12/2021,75.0,79.0,69.69999694824219,71.6500015258789,65.70709991455078,13443621
21/12/2021,75.0,75.6500015258789,64.5,65.4000015258789,59.97548675537109,20973533
22/12/2021,64.5,67.44999694824219,63.84999847412109,65.94999694824219,60.47988128662109,17549438
23/12/2021,67.0,67.4000015258789,61.09999847412109,64.0,58.69161224365234,15005957
24/12/2021,64.69999694824219,65.4000015258789,63.54999923706055,65.4000015258789,59.97548675537109,10116320
27/12/2021,65.5999984741211,66.5,63.650001525878906,63.900001525878906,58.599910736083984,10793253
28/12/2021,64.5,65.25,62.09999847412109,62.59999847412109,57.40773391723633,9118936
29/12/2021,62.650001525878906,64.44999694824219,62.09999847412109,63.70000076293945,58.41649627685547,8470699
30/12/2021,64.19999694824219,64.55000305175781,61.54999923706055,61.650001525878906,56.53653335571289,8732688
31/12/2021,61.95000076293945,62.400001525878906,61.29999923706055,61.29999923706055,56.21556091308594,6815504
03/01/2022,61.900001525878906,64.5999984741211,61.79999923706055,64.44999694824219,59.10429000854492,13199632
04/01/2022,65.0,67.69999694824219,65.0,67.69999694824219,62.084716796875,18241409
05/01/2022,68.5,69.69999694824219,67.9000015258789,69.30000305175781,63.55201721191406,12350697
06/01/2022,68.5,69.5999984741211,68.0999984741211,68.94999694824219,63.23104476928711,7575805
07/01/2022,69.5999984741211,72.80000305175781,69.44999694824219,72.69999694824219,66.66999816894531,12475196
10/01/2022,72.8499984741211,73.80000305175781,71.3499984741211,71.3499984741211,65.43196105957031,8677500
11/01/2022,72.0,72.0999984741211,69.80000305175781,70.9000015258789,65.0193099975586,8848086
12/01/2022,71.75,72.30000305175781,70.94999694824219,71.94999694824219,65.98220825195312,7845263
13/01/2022,71.5999984741211,71.8499984741211,70.4000015258789,70.44999694824219,64.60662841796875,6793569
14/01/2022,70.5,71.0,69.55000305175781,70.25,64.42321014404297,6042802
17/01/2022,70.5,72.19999694824219,70.5,71.69999694824219,65.75294494628906,6162544
18/01/2022,71.69999694824219,72.05000305175781,68.1500015258789,68.1500015258789,62.49740219116211,5584661
19/01/2022,68.1500015258789,70.5999984741211,67.25,70.30000305175781,64.46907806396484,10924811
20/01/2022,70.94999694824219,71.5,68.3499984741211,70.0,64.19395446777344,8526286
21/01/2022,70.1500015258789,70.30000305175781,68.55000305175781,69.75,63.964691162109375,6369445
24/01/2022,69.94999694824219,70.1500015258789,66.80000305175781,66.94999694824219,61.39692687988281,7904323
25/01/2022,67.9000015258789,68.44999694824219,66.19999694824219,68.19999694824219,62.54324722290039,7026273
26/01/2022,68.5,69.0999984741211,67.8499984741211,68.5,62.81837463378906,5620364
27/01/2022,67.05000305175781,71.9000015258789,67.05000305175781,71.9000015258789,65.93636322021484,9126809
28/01/2022,72.0999984741211,72.44999694824219,70.3499984741211,70.5999984741211,64.74417877197266,5830477
31/01/2022,71.19999694824219,71.44999694824219,70.30000305175781,70.3499984741211,64.51492309570312,4201007
01/02/2022,70.75,72.19999694824219,70.75,71.69999694824219,65.75294494628906,5395334
02/02/2022,72.0,72.0999984741211,70.25,70.55000305175781,64.6983413696289,3626917
03/02/2022,70.69999694824219,71.75,69.3499984741211,69.9000015258789,64.10224914550781,5108805
04/02/2022,70.30000305175781,70.5,68.55000305175781,68.6500015258789,62.955936431884766,5001954
07/02/2022,68.6500015258789,70.80000305175781,67.75,70.69999694824219,64.83589172363281,5524032
08/02/2022,70.6500015258789,71.80000305175781,69.4000015258789,71.1500015258789,65.24857330322266,6602842
09/02/2022,71.8499984741211,72.5,71.3499984741211,72.25,66.25732421875,6134344
10/02/2022,72.4000015258789,72.80000305175781,71.69999694824219,72.25,66.25732421875,5307836
11/02/2022,71.9000015258789,74.25,71.3499984741211,73.94999694824219,67.81632995605469,9657847
14/02/2022,73.0999984741211,74.75,71.1500015258789,73.25,67.17438507080078,12633800
15/02/2022,73.5,76.19999694824219,73.5,75.30000305175781,69.05435943603516,8647789
16/02/2022,76.0,76.0999984741211,74.8499984741211,75.30000305175781,69.05435943603516,5547627
17/02/2022,75.4000015258789,75.75,74.19999694824219,74.69999694824219,68.50411224365234,6202548
18/02/2022,75.0,75.75,74.3499984741211,75.75,69.46703338623047,4238958
21/02/2022,76.4000015258789,77.5,75.8499984741211,77.05000305175781,70.65921783447266,6630119
22/02/2022,75.25,76.05000305175781,74.19999694824219,75.55000305175781,69.28362274169922,7526254
23/02/2022,76.0,76.6500015258789,75.3499984741211,75.4000015258789,69.14605712890625,6089147
24/02/2022,70.0,71.8499984741211,67.9000015258789,71.1500015258789,65.24857330322266,8649703
25/02/2022,71.80000305175781,74.0999984741211,71.4000015258789,73.05000305175781,66.99097442626953,7062868
28/02/2022,72.0,73.55000305175781,71.30000305175781,73.0999984741211,67.03681945800781,7137207
01/03/2022,73.5,75.05000305175781,73.0999984741211,73.44999694824219,67.3577880859375,7405149
02/03/2022,73.69999694824219,74.94999694824219,73.69999694824219,74.9000015258789,68.68753051757812,5063378
03/03/2022,76.0,76.8499984741211,76.0,76.19999694824219,69.87969970703125,6487668
04/03/2022,75.9000015258789,76.1500015258789,74.6500015258789,74.69999694824219,68.50411224365234,6211025
07/03/2022,73.8499984741211,76.0999984741211,73.75,75.44999694824219,69.19190979003906,8000525
08/03/2022,74.80000305175781,77.4000015258789,74.25,76.5,70.15483093261719,6534022
09/03/2022,76.80000305175781,78.4000015258789,76.80000305175781,77.30000305175781,70.88845825195312,6182155
10/03/2022,77.80000305175781,77.9000015258789,75.55000305175781,75.94999694824219,69.65044403076172,6284136
11/03/2022,75.6500015258789,76.69999694824219,75.05000305175781,75.75,69.46703338623047,6556743
14/03/2022,76.25,77.5,76.1500015258789,77.44999694824219,71.02600860595703,5485009
15/03/2022,76.75,77.3499984741211,76.19999694824219,76.19999694824219,69.87969970703125,4507296
16/03/2022,76.5,76.94999694824219,75.5,76.4000015258789,70.06311798095703,3489898
17/03/2022,76.75,78.5999984741211,76.5,78.3499984741211,71.85136413574219,6180789
18/03/2022,78.5999984741211,80.55000305175781,78.44999694824219,80.55000305175781,73.868896484375,7062367
21/03/2022,80.5,81.5999984741211,79.6500015258789,81.3499984741211,74.60254669189453,6320892
22/03/2022,81.3499984741211,84.0,81.25,84.0,77.0327377319336,4604948
23/03/2022,83.8499984741211,84.3499984741211,82.55000305175781,84.0999984741211,77.12445068359375,4844532
24/03/2022,84.0999984741211,84.19999694824219,82.80000305175781,83.44999694824219,76.52835845947266,2902120
25/03/2022,82.5999984741211,84.69999694824219,82.44999694824219,84.0,77.0327377319336,4520383
28/03/2022,84.0,84.5999984741211,82.9000015258789,83.05000305175781,76.16154479980469,2905146
29/03/2022,83.5,84.19999694824219,83.0,84.0,77.0327377319336,3412228
30/03/2022,84.0,86.0,83.8499984741211,86.0,78.86685943603516,3652384
31/03/2022,85.80000305175781,85.80000305175781,84.1500015258789,84.6500015258789,77.62884521484375,4876902
01/04/2022,84.6500015258789,85.05000305175781,84.0,84.0,77.0327377319336,4381233
04/04/2022,84.0,84.30000305175781,81.5,81.75,74.96937561035156,8569708
05/04/2022,81.94999694824219,83.1500015258789,81.5,81.94999694824219,75.15277099609375,9534546
06/04/2022,81.8499984741211,82.05000305175781,80.19999694824219,80.80000305175781,74.09815216064453,5925245
07/04/2022,81.19999694824219,82.3499984741211,81.1500015258789,82.0,75.19862365722656,6551443
08/04/2022,82.25,83.3499984741211,82.19999694824219,83.30000305175781,76.39080810546875,6423731
11/04/2022,83.30000305175781,84.1500015258789,82.94999694824219,83.5,76.57421875,8039091
12/04/2022,83.5,85.0999984741211,82.8499984741211,84.0,77.0327377319336,10922334
13/04/2022,84.1500015258789,85.94999694824219,83.6500015258789,85.30000305175781,78.22492218017578,8327551
14/04/2022,86.0,86.30000305175781,84.94999694824219,84.94999694824219,77.90393829345703,4027725
15/04/2022,84.94999694824219,85.19999694824219,84.0999984741211,84.6500015258789,77.62884521484375,2452711
18/04/2022,84.69999694824219,85.25,84.05000305175781,84.69999694824219,77.67467498779297,2576723
19/04/2022,85.0999984741211,86.9000015258789,84.80000305175781,85.55000305175781,78.45419311523438,9566267
20/04/2022,85.8499984741211,87.19999694824219,85.05000305175781,86.80000305175781,79.60050964355469,6133952
21/04/2022,87.55000305175781,90.0999984741211,87.05000305175781,89.69999694824219,82.25997161865234,7512575
22/04/2022,89.4000015258789,90.05000305175781,86.0,86.30000305175781,79.14198303222656,5597266
25/04/2022,85.5999984741211,87.5,83.44999694824219,86.80000305175781,79.60050964355469,4725844
26/04/2022,86.80000305175781,87.9000015258789,82.5,82.69999694824219,75.84056854248047,6766049
27/04/2022,82.80000305175781,84.94999694824219,82.3499984741211,84.94999694824219,77.90393829345703,4917555
28/04/2022,84.8499984741211,85.44999694824219,83.3499984741211,83.94999694824219,76.98689270019531,3681346
29/04/2022,84.19999694824219,84.80000305175781,83.19999694824219,83.55000305175781,76.62007904052734,4937634
05/05/2022,84.19999694824219,86.05000305175781,84.05000305175781,85.0999984741211,78.04150390625,6470328
06/05/2022,84.6500015258789,84.6500015258789,82.19999694824219,83.05000305175781,76.16154479980469,7479941
09/05/2022,83.05000305175781,83.6500015258789,81.44999694824219,82.5,75.65716552734375,6698641
10/05/2022,83.19999694824219,83.75,82.9000015258789,83.5999984741211,76.66592407226562,1409106
11/05/2022,84.9000015258789,86.0999984741211,82.5,83.25,76.34495544433594,6179888
12/05/2022,82.5,83.30000305175781,81.1500015258789,82.25,75.42790222167969,5917403
13/05/2022,82.6500015258789,82.94999694824219,81.0,81.69999694824219,74.92350769042969,4170649
16/05/2022,81.69999694824219,82.0,80.1500015258789,81.80000305175781,75.01522827148438,3195803
17/05/2022,82.0,85.05000305175781,82.0,84.1500015258789,77.1703109741211,9932775
18/05/2022,83.5,84.0,81.30000305175781,82.0,75.19862365722656,9687290
20/05/2022,81.44999694824219,81.8499984741211,80.3499984741211,80.3499984741211,73.68549346923828,7824740
23/05/2022,80.8499984741211,81.55000305175781,77.9000015258789,80.30000305175781,73.63964080810547,8571325
24/05/2022,80.30000305175781,80.4000015258789,78.0999984741211,78.0999984741211,71.62211608886719,9549929
25/05/2022,78.0999984741211,80.75,78.0999984741211,79.6500015258789,73.04354095458984,5991259
26/05/2022,80.05000305175781,82.5,79.9000015258789,81.9000015258789,75.10694122314453,6485860
27/05/2022,81.94999694824219,82.30000305175781,80.9000015258789,81.75,74.96937561035156,5187286
30/05/2022,82.5,83.9000015258789,81.94999694824219,83.5,76.57421875,6939704
31/05/2022,83.5,83.80000305175781,82.44999694824219,82.5,75.65716552734375,8086174
01/06/2022,82.75,86.30000305175781,82.75,84.80000305175781,77.76639556884766,7663480
02/06/2022,86.0,89.0,84.4000015258789,88.0,80.70097351074219,5610719
03/06/2022,88.0,89.44999694824219,87.5,88.1500015258789,80.83853149414062,4627507
06/06/2022,89.0,89.44999694824219,88.1500015258789,88.44999694824219,81.11365509033203,3207404
07/06/2022,88.5,89.0,86.0999984741211,86.94999694824219,79.7380599975586,5384975
08/06/2022,87.05000305175781,88.05000305175781,83.80000305175781,83.80000305175781,76.84933471679688,5163137
09/06/2022,84.0999984741211,85.19999694824219,81.0999984741211,82.30000305175781,75.47374725341797,8568439
10/06/2022,82.0,82.9000015258789,80.5,81.5,74.74009704589844,5320656
13/06/2022,81.4000015258789,83.5,81.0999984741211,82.0,75.19862365722656,5092509
14/06/2022,82.55000305175781,85.0,82.55000305175781,83.6500015258789,76.71177673339844,6449421
15/06/2022,83.19999694824219,84.3499984741211,82.30000305175781,83.5999984741211,78.06578826904297,4657371
16/06/2022,83.8499984741211,83.8499984741211,80.5999984741211,81.6500015258789,76.24488067626953,9125036
17/06/2022,81.94999694824219,83.4000015258789,81.19999694824219,83.4000015258789,77.87904357910156,5243700
20/06/2022,83.8499984741211,84.4000015258789,81.55000305175781,82.75,77.27205657958984,4256339
21/06/2022,83.55000305175781,84.0,82.69999694824219,83.30000305175781,77.78565216064453,3299519
22/06/2022,83.05000305175781,85.0,82.9000015258789,84.5,78.90621185302734,5292207
23/06/2022,84.69999694824219,85.5,84.0999984741211,84.8499984741211,79.23303985595703,4213360
24/06/2022,85.30000305175781,85.3499984741211,84.05000305175781,84.4000015258789,78.81283569335938,3527157
27/06/2022,82.80000305175781,82.80000305175781,82.80000305175781,82.80000305175781,77.31875610351562,25028
28/06/2022,83.0,84.8499984741211,82.6500015258789,84.05000305175781,78.48599243164062,8496915
29/06/2022,83.69999694824219,84.0999984741211,81.0999984741211,81.19999694824219,75.82466888427734,4635539
30/06/2022,81.5,81.9000015258789,79.5999984741211,80.8499984741211,75.49784088134766,7300353
01/07/2022,80.9000015258789,82.9000015258789,80.75,82.5999984741211,77.1319808959961,3165264
04/07/2022,82.80000305175781,84.1500015258789,82.0999984741211,82.75,77.27205657958984,2731598
05/07/2022,83.0,83.3499984741211,80.1500015258789,80.8499984741211,75.49784088134766,3706098
06/07/2022,81.44999694824219,83.80000305175781,81.0,83.80000305175781,78.25254821777344,3901627
07/07/2022,84.0,85.19999694824219,82.94999694824219,85.19999694824219,79.55986785888672,3192918
08/07/2022,85.19999694824219,86.1500015258789,84.6500015258789,85.4000015258789,79.74662780761719,1236977
13/07/2022,85.4000015258789,85.4000015258789,82.80000305175781,83.80000305175781,78.25254821777344,3302305
14/07/2022,83.3499984741211,85.25,80.5,82.0,76.57170104980469,5017011
18/07/2022,83.0,84.5,83.0,84.4000015258789,78.81283569335938,2916913
19/07/2022,84.19999694824219,85.4000015258789,83.6500015258789,85.4000015258789,79.74662780761719,2875706
20/07/2022,86.0,86.0,84.0,85.3499984741211,79.69994354248047,3093729
21/07/2022,85.5,85.5,83.75,84.44999694824219,78.8595199584961,3695677
22/07/2022,84.94999694824219,85.5999984741211,84.30000305175781,84.75,79.13966369628906,3498484
25/07/2022,85.0,87.0,85.0,86.25,80.54036712646484,4682433
26/07/2022,86.55000305175781,89.80000305175781,86.4000015258789,88.25,82.407958984375,6852566
27/07/2022,88.8499984741211,90.9000015258789,87.30000305175781,90.3499984741211,84.36894226074219,5169539
28/07/2022,91.3000030517578,91.5,89.25,90.3000030517578,84.322265625,6591734
29/07/2022,90.5,92.6999969482422,89.4000015258789,92.0999984741211,86.00309753417969,4779827
01/08/2022,92.0999984741211,95.8000030517578,92.0999984741211,95.1500015258789,88.8511962890625,5161470
02/08/2022,95.0999984741211,95.5999984741211,93.1999969482422,93.4499969482422,87.26372528076172,3662481
03/08/2022,93.5999984741211,94.6500015258789,92.8000030517578,94.0500030517578,87.82402038574219,3300212
04/08/2022,95.3000030517578,96.9499969482422,95.0,95.3000030517578,88.99124908447266,3172308
05/08/2022,95.4000015258789,96.3000030517578,94.25,95.5500030517578,89.2247085571289,3021992
08/08/2022,95.9000015258789,99.1999969482422,95.8499984741211,98.6500015258789,92.11949920654295,4108099
09/08/2022,98.6500015258789,99.6999969482422,97.6999969482422,98.0,91.51251983642578,3071465
10/08/2022,99.0,103.4000015258789,98.6999969482422,103.0,96.18153381347656,5618514
11/08/2022,105.0,112.0999984741211,104.1999969482422,110.9000015258789,103.55855560302734,12474092
12/08/2022,110.9000015258789,111.9000015258789,107.8000030517578,108.9000015258789,101.6909637451172,6543739
15/08/2022,109.3000030517578,109.9000015258789,106.4000015258789,107.3000030517578,100.1968765258789,4959860
16/08/2022,107.6999969482422,111.0,104.0,110.5999984741211,103.2784194946289,8042440
17/08/2022,113.0,114.4000015258789,109.3000030517578,112.9000015258789,105.42617797851562,7828939
18/08/2022,110.0,110.6999969482422,104.0,107.0,99.91674041748048,13899194
19/08/2022,107.0,109.0999984741211,104.1999969482422,106.4000015258789,99.3564682006836,8553436
22/08/2022,106.4000015258789,111.0,105.1999969482422,110.5,103.18505096435548,7448499
23/08/2022,110.9000015258789,113.1999969482422,109.9000015258789,110.6999969482422,103.37179565429688,5774019
24/08/2022,111.3000030517578,112.5,108.1999969482422,111.0999984741211,103.74532318115234,7379903
25/08/2022,112.5,113.8000030517578,111.0,111.5999984741211,104.21221160888672,6006347
26/08/2022,112.0,113.5,110.4000015258789,112.9000015258789,105.42617797851562,6271790
29/08/2022,112.5,112.5999984741211,110.1999969482422,112.3000030517578,104.86589050292967,5255675
31/08/2022,112.3000030517578,112.3000030517578,109.4000015258789,109.4000015258789,102.15786743164062,6660823
01/09/2022,109.0,111.0,108.1999969482422,109.3000030517578,102.06449127197266,7698401
02/09/2022,109.6999969482422,113.9000015258789,108.5,108.5,101.31743621826172,11783167
05/09/2022,108.6999969482422,114.0999984741211,108.4000015258789,113.9000015258789,106.3599624633789,8653532
06/09/2022,115.8000030517578,117.0,111.8000030517578,113.0,105.51954650878906,8995477
07/09/2022,113.0999984741211,115.4000015258789,111.5,113.6999969482422,106.17321014404295,7030524
08/09/2022,114.5,120.5,114.5,120.0,112.05615234375,9062382
09/09/2022,121.0,124.4000015258789,119.5,121.1999969482422,113.1767120361328,6800798
12/09/2022,121.8000030517578,123.1999969482422,120.5999984741211,121.0999984741211,113.08333587646484,4710904
13/09/2022,124.0,124.5999984741211,116.4000015258789,117.0999984741211,109.34813690185548,6471586
14/09/2022,117.0999984741211,120.4000015258789,114.0999984741211,119.9000015258789,111.96277618408205,4334646
15/09/2022,120.0,121.4000015258789,117.0,117.0,109.25474548339844,4220610
16/09/2022,117.5999984741211,121.1999969482422,117.0999984741211,120.4000015258789,112.42967987060548,4863010
19/09/2022,120.5,121.4000015258789,115.6999969482422,115.8000030517578,108.13420867919922,3357912
20/09/2022,116.5999984741211,119.0,114.0999984741211,116.3000030517578,108.60108947753906,4336616
21/09/2022,118.0999984741211,119.4000015258789,115.5999984741211,116.0999984741211,108.41432189941406,5055573
22/09/2022,116.5999984741211,119.9000015258789,116.5,117.8000030517578,110.00178527832033,4264036
23/09/2022,117.8000030517578,123.3000030517578,117.5999984741211,120.0999984741211,112.1495361328125,7030772
26/09/2022,123.1999969482422,125.0,119.0,119.1999969482422,111.30911254882812,7335920
27/09/2022,120.0,123.3000030517578,119.8000030517578,122.0,113.92376708984376,5953103
28/09/2022,121.9000015258789,125.5999984741211,120.0999984741211,120.4000015258789,112.42967987060548,6519193
29/09/2022,121.5,121.6999969482422,112.9000015258789,116.8000030517578,109.0679931640625,4800419
30/09/2022,116.8000030517578,116.9000015258789,113.0999984741211,115.6999969482422,108.0408172607422,4728376
03/10/2022,116.5,123.6999969482422,116.0,123.3000030517578,115.13770294189452,5998861
04/10/2022,124.5,124.5,121.5,123.8000030517578,115.60460662841795,5328786
05/10/2022,124.0999984741211,126.5,122.3000030517578,124.1999969482422,115.97811889648438,6554932
06/10/2022,125.1999969482422,128.6999969482422,124.3000030517578,128.10000610351562,119.61994934082033,7308312
07/10/2022,128.60000610351562,129.39999389648438,125.0,126.4000015258789,118.03248596191406,9930826
10/10/2022,127.4000015258789,127.4000015258789,123.5,124.8000030517578,116.53840637207033,4201273
11/10/2022,125.0,125.8000030517578,122.4000015258789,122.9000015258789,114.76419067382812,4871846
12/10/2022,123.0,124.5,119.5999984741211,120.0999984741211,112.1495361328125,6481202
13/10/2022,122.9000015258789,124.5,120.5,123.5,115.32447052001952,6323432
14/10/2022,125.9000015258789,128.10000610351562,124.6999969482422,127.0999984741211,118.68614196777344,6966568
17/10/2022,128.0,138.39999389648438,127.8000030517578,138.0,128.8645782470703,10293582
18/10/2022,138.60000610351562,140.89999389648438,135.89999389648438,137.5,128.39767456054688,7446490
19/10/2022,138.89999389648438,144.6999969482422,138.10000610351562,141.3000030517578,131.94615173339844,6991527
20/10/2022,141.39999389648438,144.0,139.1999969482422,140.1999969482422,130.9189453125,5895188
21/10/2022,140.0,143.6999969482422,138.60000610351562,142.0,132.5997772216797,4425590
24/10/2022,142.3000030517578,145.3000030517578,140.6999969482422,142.60000610351562,133.16006469726562,4298568
25/10/2022,143.3000030517578,144.3000030517578,137.0,140.0,130.73219299316406,6496916
26/10/2022,140.6999969482422,140.6999969482422,136.1999969482422,136.8000030517578,127.7440185546875,6499168
27/10/2022,137.5,137.89999389648438,133.1999969482422,135.0,126.0631866455078,7137240
28/10/2022,135.0,135.0,132.0,132.8000030517578,124.0088119506836,2448111
31/10/2022,133.3000030517578,134.39999389648438,132.10000610351562,134.0,125.12936401367188,7590995
01/11/2022,135.0,140.3000030517578,134.89999389648438,138.39999389648438,129.23809814453125,6411601
02/11/2022,139.5,141.89999389648438,137.6999969482422,140.8000030517578,131.47923278808594,4839789
03/11/2022,141.0,141.3000030517578,136.60000610351562,139.89999389648438,130.63880920410156,5820215
04/11/2022,140.89999389648438,144.5,139.3000030517578,143.89999389648438,134.37399291992188,5938883
07/11/2022,145.0,147.8000030517578,144.39999389648438,147.10000610351562,137.36219787597656,5430423
08/11/2022,148.0,150.5,146.10000610351562,147.5,137.73570251464844,5963234
09/11/2022,138.8000030517578,139.6999969482422,135.0,138.39999389648438,129.23809814453125,17350428
10/11/2022,140.8000030517578,143.89999389648438,138.3000030517578,142.39999389648438,132.9733123779297,9569168
11/11/2022,143.8000030517578,143.89999389648438,134.6999969482422,135.89999389648438,126.9035873413086,12237814
14/11/2022,136.1999969482422,137.1999969482422,134.6999969482422,135.3000030517578,126.34332275390624,7854631
15/11/2022,136.1999969482422,136.8000030517578,132.6999969482422,134.0,125.12936401367188,10581139
16/11/2022,134.10000610351562,136.10000610351562,129.3000030517578,129.60000610351562,121.02066040039062,11240939
17/11/2022,130.1999969482422,130.1999969482422,124.0999984741211,126.0,117.6589584350586,6668106
18/11/2022,125.5,130.6999969482422,125.5,130.6999969482422,122.04782104492188,6384710
21/11/2022,131.8000030517578,132.89999389648438,125.3000030517578,128.1999969482422,119.71332550048828,10882049
22/11/2022,127.1999969482422,132.0,126.9000015258789,131.6999969482422,122.98162841796876,10546380
23/11/2022,132.5,133.10000610351562,129.0,130.0,121.3941650390625,9157650
24/11/2022,131.1999969482422,133.39999389648438,129.60000610351562,132.60000610351562,123.8220672607422,12665948
25/11/2022,133.0,133.6999969482422,131.8000030517578,132.3000030517578,123.54190826416016,8819118
28/11/2022,132.60000610351562,135.0,132.0,133.3000030517578,124.47572326660156,9553488
29/11/2022,135.0,136.10000610351562,132.3000030517578,133.89999389648438,125.03598022460938,9718429
30/11/2022,135.0,135.1999969482422,132.60000610351562,134.5,125.59628295898438,16453703
01/12/2022,135.39999389648438,135.89999389648438,130.5,131.0,122.32796478271484,14052457
02/12/2022,129.89999389648438,129.89999389648438,122.9000015258789,123.0,114.8575668334961,18426961
05/12/2022,122.0,125.3000030517578,117.6999969482422,120.5999984741211,112.61643981933594,20622347
06/12/2022,120.6999969482422,127.8000030517578,120.1999969482422,126.9000015258789,118.4993896484375,13989817
07/12/2022,126.8000030517578,126.8000030517578,118.3000030517578,119.5999984741211,111.6826400756836,14999548
08/12/2022,119.5999984741211,122.1999969482422,118.4000015258789,121.8000030517578,113.7370147705078,10441972
09/12/2022,122.4000015258789,123.5,121.0,123.0,114.8575668334961,8769059
12/12/2022,123.0999984741211,126.5999984741211,123.0999984741211,125.0999984741211,116.81854248046876,9356141
13/12/2022,125.5,134.1999969482422,125.5,132.89999389648438,124.10218811035156,20200640
14/12/2022,132.5,133.39999389648438,126.0999984741211,127.6999969482422,120.60768127441406,11428200
15/12/2022,129.0,131.0,126.5,128.5,121.36325073242188,7725027
16/12/2022,129.5,131.1999969482422,128.39999389648438,128.60000610351562,121.45770263671876,2345399
19/12/2022,131.89999389648438,132.8000030517578,130.10000610351562,131.10000610351562,123.81886291503906,9777502
20/12/2022,131.5,136.60000610351562,131.0,135.39999389648438,127.88001251220705,13155571
21/12/2022,136.3000030517578,140.0,134.39999389648438,138.8000030517578,131.09121704101562,15594387
22/12/2022,139.5,140.3000030517578,137.1999969482422,138.10000610351562,130.43008422851562,8416837
23/12/2022,139.10000610351562,139.1999969482422,135.10000610351562,136.89999389648438,129.29672241210938,6841480
26/12/2022,137.89999389648438,138.5,135.39999389648438,135.6999969482422,128.1633758544922,7276974
27/12/2022,136.39999389648438,138.6999969482422,135.89999389648438,137.10000610351562,129.48562622070312,7756432
28/12/2022,137.3000030517578,137.60000610351562,132.6999969482422,134.5,127.03003692626952,9273508
29/12/2022,134.6999969482422,138.10000610351562,134.10000610351562,136.5,128.9189453125,5399775
30/12/2022,137.6999969482422,139.89999389648438,136.60000610351562,136.89999389648438,129.29672241210938,9682946
02/01/2023,137.89999389648438,140.1999969482422,137.8000030517578,139.3000030517578,131.5634307861328,6940365
03/01/2023,140.39999389648438,142.89999389648438,137.8000030517578,140.0,132.2245635986328,13991501
04/01/2023,140.5,141.8000030517578,135.8000030517578,136.60000610351562,129.0133819580078,10183788
05/01/2023,137.5,137.60000610351562,130.8000030517578,131.5,124.1966323852539,6984369
06/01/2023,129.0,131.60000610351562,124.0,129.39999389648438,122.21327209472656,10427289
09/01/2023,130.39999389648438,133.0,127.0,130.8000030517578,123.53550720214844,10259541
10/01/2023,130.60000610351562,133.10000610351562,128.3000030517578,130.0,122.77994537353516,7302193
11/01/2023,131.5,133.0,124.4000015258789,124.4000015258789,117.490966796875,7717746
12/01/2023,128.5,129.39999389648438,121.1999969482422,126.0,119.0020980834961,10818464
13/01/2023,126.0,127.0,122.8000030517578,123.0999984741211,116.26315307617188,9535908
16/01/2023,123.8000030517578,128.1999969482422,123.5,128.1999969482422,121.07991027832033,6539053
17/01/2023,128.1999969482422,133.10000610351562,127.4000015258789,131.6999969482422,124.38552856445312,6146482
18/01/2023,132.6999969482422,135.1999969482422,131.0,134.39999389648438,126.93557739257812,8475216
19/01/2023,134.39999389648438,136.6999969482422,133.10000610351562,135.3000030517578,127.7855987548828,6241342
20/01/2023,135.60000610351562,136.6999969482422,133.89999389648438,135.3000030517578,127.7855987548828,5817336
23/01/2023,135.60000610351562,141.10000610351562,135.5,137.10000610351562,129.48562622070312,10291697
24/01/2023,137.0,138.3000030517578,134.6999969482422,136.89999389648438,129.29672241210938,9113965
25/01/2023,137.8000030517578,140.10000610351562,132.1999969482422,136.39999389648438,128.82447814941406,10529751
26/01/2023,136.0,138.1999969482422,133.0,133.89999389648438,126.4633331298828,7425117
27/01/2023,133.0,134.39999389648438,129.0,133.5,126.08555603027344,6114344
30/01/2023,134.10000610351562,134.10000610351562,128.1999969482422,128.3000030517578,121.1743621826172,7202273
31/01/2023,128.10000610351562,128.1999969482422,124.5,124.5,117.58541107177734,6720395
01/02/2023,125.0,125.5999984741211,119.0999984741211,119.0999984741211,112.4853286743164,7749806
02/02/2023,121.5,123.5,114.6999969482422,121.5999984741211,114.84646606445312,10082200
03/02/2023,125.0,127.1999969482422,122.8000030517578,127.0,119.9465560913086,11095795
06/02/2023,125.5,129.6999969482422,124.0,128.5,121.36325073242188,2406360
07/02/2023,128.0,128.5,119.0,120.0,113.33533477783205,5766439
08/02/2023,117.3000030517578,117.3000030517578,117.3000030517578,117.3000030517578,110.78529357910156,100
15/02/2023,129.0,132.0,126.0,132.0,124.66887664794922,5298546
16/02/2023,140.0,140.0,132.8000030517578,134.10000610351562,126.65225219726562,8896943
17/02/2023,133.89999389648438,138.10000610351562,131.5,135.3000030517578,127.7855987548828,6006927
20/02/2023,135.3000030517578,138.1999969482422,133.8000030517578,134.60000610351562,127.12448120117188,3502174
21/02/2023,134.60000610351562,137.1999969482422,134.10000610351562,134.3000030517578,126.84112548828124,3575982
22/02/2023,134.60000610351562,136.3000030517578,132.0,132.0,124.66887664794922,4097932
23/02/2023,132.5,134.0,131.6999969482422,133.60000610351562,126.18000793457033,3928812
24/02/2023,133.60000610351562,134.5,131.89999389648438,132.1999969482422,124.85775756835938,2831217
27/02/2023,133.0,135.39999389648438,129.89999389648438,135.1999969482422,127.6911392211914,6028310
28/02/2023,135.5,137.6999969482422,135.0,136.3000030517578,128.7300567626953,5752352
01/03/2023,137.3000030517578,139.89999389648438,136.6999969482422,139.1999969482422,131.468994140625,5128648
02/03/2023,139.1999969482422,142.1999969482422,136.39999389648438,141.8000030517578,133.92459106445312,7236147
03/03/2023,141.39999389648438,141.89999389648438,134.39999389648438,136.89999389648438,129.29672241210938,7089902
06/03/2023,137.5,140.60000610351562,136.1999969482422,140.0,132.2245635986328,7363149
07/03/2023,141.10000610351562,143.0,138.5,138.5,130.80789184570312,5438109
08/03/2023,138.39999389648438,139.5,136.10000610351562,139.5,131.7523193359375,3662365
09/03/2023,139.5,141.6999969482422,139.10000610351562,139.8000030517578,132.03567504882812,4514191
10/03/2023,140.1999969482422,142.89999389648438,139.0,141.60000610351562,133.73568725585938,7509547
13/03/2023,143.3000030517578,147.0,142.0,144.3000030517578,136.28575134277344,11747064
14/03/2023,144.6999969482422,146.0,137.8000030517578,137.8000030517578,130.14674377441406,10887728
15/03/2023,137.8000030517578,140.10000610351562,134.0,137.1999969482422,129.58004760742188,8440736
16/03/2023,137.89999389648438,145.1999969482422,137.39999389648438,145.0,136.9468536376953,9011125
17/03/2023,147.3000030517578,150.0,143.1999969482422,145.3000030517578,137.230224609375,11027211
20/03/2023,144.8000030517578,149.0,142.89999389648438,143.60000610351562,135.6246337890625,8426206
21/03/2023,143.89999389648438,145.5,140.0,140.3000030517578,132.50790405273438,7117532
22/03/2023,140.8000030517578,142.89999389648438,138.6999969482422,140.5,132.69677734375,5917034
23/03/2023,141.0,142.5,139.5,141.10000610351562,133.26345825195312,3971902
24/03/2023,142.3000030517578,143.6999969482422,141.10000610351562,141.8000030517578,133.92459106445312,5923946
27/03/2023,143.10000610351562,143.39999389648438,139.89999389648438,141.0,133.1690216064453,4118924
28/03/2023,141.0,146.6999969482422,140.0,142.8000030517578,134.8690643310547,8566536
29/03/2023,143.10000610351562,147.39999389648438,141.6999969482422,146.89999389648438,138.7413330078125,7241343
30/03/2023,147.1999969482422,148.8000030517578,144.89999389648438,147.0,138.8357696533203,4964694
31/03/2023,146.5,149.6999969482422,144.6999969482422,148.6999969482422,140.4413604736328,6105846
03/04/2023,148.39999389648438,151.5,143.5,148.6999969482422,140.4413604736328,8311175
04/04/2023,148.6999969482422,155.1999969482422,148.0,155.0,146.3914794921875,8052954
05/04/2023,155.5,157.8000030517578,153.1999969482422,153.3000030517578,144.78587341308594,4984280
06/04/2023,153.0,156.5,152.5,156.5,147.80816650390625,5719320
07/04/2023,156.39999389648438,157.10000610351562,153.5,154.6999969482422,146.10813903808594,2886214
10/04/2023,155.0,160.0,155.0,159.6999969482422,150.8304443359375,4133854
11/04/2023,159.6999969482422,162.8000030517578,157.60000610351562,159.89999389648438,151.0193328857422,5533909
12/04/2023,160.1999969482422,163.5,160.0,161.1999969482422,152.24713134765625,4266262
13/04/2023,161.89999389648438,163.39999389648438,159.8000030517578,162.3000030517578,153.28604125976562,5823950
14/04/2023,162.60000610351562,166.8000030517578,162.39999389648438,165.60000610351562,156.40277099609375,7034739
17/04/2023,164.6999969482422,164.6999969482422,161.10000610351562,162.10000610351562,153.09715270996094,5290925
18/04/2023,162.0,164.0,161.1999969482422,162.0,153.00271606445312,4295142
19/04/2023,162.0,164.0,161.0,162.3000030517578,153.28604125976562,3392534
20/04/2023,162.0,162.0,157.3000030517578,158.5,149.6970977783203,2568635
24/04/2023,158.5,159.6999969482422,155.5,156.0,147.3359375,4322961
25/04/2023,156.10000610351562,156.60000610351562,151.1999969482422,152.3000030517578,143.8414306640625,4528192
26/04/2023,151.0,155.1999969482422,147.6999969482422,153.60000610351562,145.06924438476562,5418075
27/04/2023,153.60000610351562,158.5,153.0,158.3000030517578,149.50819396972656,6146600
28/04/2023,158.0,159.3000030517578,153.5,156.1999969482422,147.5248260498047,6066973
02/05/2023,156.3000030517578,158.1999969482422,152.89999389648438,153.6999969482422,145.16366577148438,4117258
03/05/2023,153.89999389648438,157.0,146.60000610351562,156.39999389648438,147.71371459960938,4641610
04/05/2023,156.5,160.10000610351562,153.10000610351562,155.89999389648438,147.2415008544922,4438154
05/05/2023,155.89999389648438,158.0,153.8000030517578,157.0,148.2803955078125,5287748
08/05/2023,158.0,163.6999969482422,156.6999969482422,162.1999969482422,153.1916046142578,4502153
09/05/2023,157.0,166.1999969482422,156.0,165.5,156.3083038330078,10768564
10/05/2023,165.5,166.10000610351562,157.60000610351562,158.60000610351562,149.79151916503906,6678691
11/05/2023,158.39999389648438,174.39999389648438,158.10000610351562,174.39999389648438,164.7140350341797,9767891
12/05/2023,177.6999969482422,190.1999969482422,174.8000030517578,177.3000030517578,167.4529571533203,10095871
15/05/2023,159.60000610351562,161.10000610351562,159.60000610351562,159.60000610351562,150.73599243164062,12879876
16/05/2023,143.6999969482422,156.60000610351562,143.6999969482422,151.89999389648438,143.46363830566406,28282646
17/05/2023,152.39999389648438,153.89999389648438,145.6999969482422,146.6999969482422,138.5524444580078,11183746
18/05/2023,148.89999389648438,149.6999969482422,141.5,141.6999969482422,133.83013916015625,7690038
22/05/2023,142.60000610351562,143.6999969482422,135.60000610351562,136.89999389648438,129.29672241210938,6668732
23/05/2023,136.89999389648438,138.5,134.0,134.39999389648438,126.93557739257812,6113926
24/05/2023,134.6999969482422,136.5,133.39999389648438,133.39999389648438,125.99111938476562,5794398
25/05/2023,133.6999969482422,135.1999969482422,132.60000610351562,133.0,125.61333465576172,5525225
26/05/2023,133.5,135.1999969482422,132.1999969482422,134.5,127.03003692626952,11167617
29/05/2023,136.0,140.6999969482422,134.10000610351562,137.1999969482422,129.58004760742188,12379382
30/05/2023,139.10000610351562,142.3000030517578,139.10000610351562,140.60000610351562,132.791259765625,11631844
31/05/2023,141.1999969482422,142.60000610351562,139.89999389648438,141.0,133.1690216064453,9477602
01/06/2023,141.8000030517578,145.39999389648438,141.3000030517578,143.8000030517578,135.8135223388672,7245232
02/06/2023,146.8000030517578,149.39999389648438,144.6999969482422,145.89999389648438,137.796875,8610972
05/06/2023,147.89999389648438,156.3000030517578,147.3000030517578,154.10000610351562,145.54147338867188,10747929
06/06/2023,154.10000610351562,158.5,151.89999389648438,155.10000610351562,146.48594665527344,8047142
07/06/2023,157.1999969482422,162.3000030517578,157.1999969482422,160.6999969482422,151.77490234375,10760061
08/06/2023,161.0,162.89999389648438,157.89999389648438,161.3000030517578,152.3415985107422,7327118
09/06/2023,162.10000610351562,164.89999389648438,159.6999969482422,163.60000610351562,154.51385498046875,7476869
12/06/2023,169.10000610351562,169.89999389648438,164.60000610351562,164.60000610351562,155.45831298828125,8117399
13/06/2023,165.0,168.39999389648438,162.39999389648438,165.5,156.3083038330078,8275314
14/06/2023,164.60000610351562,165.5,157.5,161.1999969482422,154.10948181152344,7437371
15/06/2023,161.3000030517578,168.1999969482422,160.10000610351562,168.1999969482422,160.8015899658203,4918558
16/06/2023,168.0,180.10000610351562,166.89999389648438,176.89999389648438,169.11891174316406,11904578
19/06/2023,177.0,179.60000610351562,173.10000610351562,174.89999389648438,167.20687866210938,6909469
20/06/2023,172.0,173.8000030517578,164.6999969482422,166.0,158.69834899902344,6592833
21/06/2023,167.0,167.3000030517578,158.39999389648438,158.89999389648438,151.91065979003906,6931606
22/06/2023,160.3000030517578,166.89999389648438,157.10000610351562,166.3000030517578,158.98516845703125,9081044
23/06/2023,169.0,170.60000610351562,164.3000030517578,168.0,160.6103973388672,6461814
26/06/2023,168.6999969482422,173.10000610351562,167.5,172.0,164.43443298339844,5461889
27/06/2023,171.5,171.89999389648438,169.89999389648438,170.5,163.00042724609375,1569980
03/07/2023,172.1999969482422,178.89999389648438,171.8000030517578,178.89999389648438,171.03094482421875,5753716
04/07/2023,179.39999389648438,182.1999969482422,176.39999389648438,176.39999389648438,168.6409149169922,5780222
05/07/2023,180.1999969482422,181.0,173.60000610351562,180.6000061035156,172.65615844726562,9366155
06/07/2023,181.6999969482422,185.8999938964844,179.3000030517578,183.1999969482422,175.1417999267578,7996080
07/07/2023,183.3999938964844,185.6999969482422,179.60000610351562,181.1999969482422,173.2297821044922,6964463
10/07/2023,183.1000061035156,186.3000030517578,183.0,185.3999938964844,177.24502563476562,6569028
11/07/2023,189.1999969482422,189.6999969482422,184.1000061035156,185.6999969482422,177.53182983398438,5852249
12/07/2023,185.8000030517578,187.3999938964844,182.3999938964844,186.5,178.29664611816406,4948757
13/07/2023,187.0,188.0,183.0,184.0,175.90660095214844,6662494
14/07/2023,186.0,187.0,183.6999969482422,184.8000030517578,176.67141723632812,4623043
17/07/2023,187.0,195.5,186.3000030517578,194.6000061035156,186.0403594970703,8175029
18/07/2023,194.8000030517578,204.3999938964844,194.8000030517578,199.3999938964844,190.62921142578125,9067763
19/07/2023,199.3000030517578,201.6000061035156,193.8999938964844,199.8999938964844,191.10723876953125,5272912
20/07/2023,201.5,204.0,196.6999969482422,201.6000061035156,192.73245239257807,5743403
21/07/2023,203.0,203.1999969482422,198.8000030517578,203.0,194.07086181640625,3932748
24/07/2023,204.8000030517578,205.5,196.0,198.3000030517578,189.5776214599609,4793637
25/07/2023,198.8999938964844,200.0,191.3999938964844,194.1999969482422,185.65794372558597,4582269
26/07/2023,194.6000061035156,204.8000030517578,193.1999969482422,203.5,194.54888916015625,5015197
27/07/2023,204.0,204.3999938964844,200.8000030517578,204.0,195.02687072753903,4167618
28/07/2023,204.8999938964844,218.8000030517578,204.8000030517578,217.1999969482422,207.6462860107422,8686341
31/07/2023,217.1999969482422,221.1999969482422,215.8999938964844,216.1000061035156,206.59466552734372,4603809
01/08/2023,216.3999938964844,219.1000061035156,213.6999969482422,214.8000030517578,205.3518218994141,3339330
02/08/2023,214.0,223.1999969482422,213.6000061035156,220.1999969482422,210.51431274414065,5681345
03/08/2023,222.6000061035156,237.5,222.6000061035156,228.3000030517578,218.25804138183597,9902578
04/08/2023,228.3000030517578,235.8999938964844,225.6000061035156,230.8000030517578,220.6480712890625,5443375
07/08/2023,233.0,236.1000061035156,225.6000061035156,227.6999969482422,217.68441772460935,6319081
08/08/2023,229.8000030517578,232.5,225.6999969482422,231.1999969482422,221.03048706054688,5618591
09/08/2023,232.1999969482422,254.3000030517578,232.1999969482422,254.3000030517578,243.1143951416016,13223834
10/08/2023,254.3000030517578,275.3999938964844,254.3000030517578,266.70001220703125,254.96897888183597,15111913
11/08/2023,266.8999938964844,277.5,261.79998779296875,272.70001220703125,260.7051086425781,7232338
14/08/2023,276.20001220703125,278.0,265.0,272.5,260.513916015625,7418298
15/08/2023,272.5,273.5,253.5,259.29998779296875,247.89447021484372,7847159
16/08/2023,259.29998779296875,262.1000061035156,249.3999938964844,256.0,244.7396240234375,9608092
17/08/2023,256.0,258.70001220703125,251.5,252.5,241.39356994628903,6170158
18/08/2023,252.6999969482422,252.6999969482422,233.1999969482422,235.0,224.663330078125,13157293
21/08/2023,235.0,256.0,232.8999938964844,252.1999969482422,241.10678100585935,11773817
22/08/2023,255.0,256.5,243.8000030517578,251.0,239.9595489501953,9222800
23/08/2023,252.0,253.5,243.0,243.0,232.31146240234372,7514493
24/08/2023,245.0,250.8999938964844,240.1000061035156,240.1000061035156,229.5390167236328,9877002
25/08/2023,240.5,258.3999938964844,240.5,257.0,245.69564819335935,9534393
28/08/2023,261.0,266.0,255.1999969482422,256.0,244.7396240234375,8108540
29/08/2023,256.6000061035156,260.0,252.6999969482422,257.1000061035156,245.791259765625,5188220
31/08/2023,257.29998779296875,257.79998779296875,252.1999969482422,252.1999969482422,241.10678100585935,6052351
01/09/2023,253.8000030517578,261.0,252.8000030517578,259.20001220703125,247.79888916015625,5481056
04/09/2023,264.0,268.20001220703125,260.70001220703125,262.3999938964844,250.8581085205078,6467326
05/09/2023,263.0,264.20001220703125,259.8999938964844,264.20001220703125,252.57894897460935,4322018
06/09/2023,264.70001220703125,265.1000061035156,257.3999938964844,258.79998779296875,247.4164581298828,4825225
07/09/2023,263.0,275.0,263.0,273.0,260.99188232421875,10045870
08/09/2023,273.20001220703125,274.70001220703125,268.5,270.0,258.1238098144531,4621367
11/09/2023,272.6000061035156,275.1000061035156,269.3999938964844,270.0,258.1238098144531,4867529
12/09/2023,270.0,272.79998779296875,267.8999938964844,270.5,258.6018371582031,6663188
13/09/2023,271.3999938964844,275.5,269.70001220703125,270.0,258.1238098144531,7035415
14/09/2023,270.1000061035156,273.8999938964844,264.5,273.8999938964844,261.852294921875,7609284
15/09/2023,275.5,286.20001220703125,270.0,270.0,258.1238098144531,9432289
18/09/2023,270.0,271.3999938964844,266.8999938964844,268.0,256.2117919921875,5922135
19/09/2023,268.20001220703125,283.20001220703125,268.20001220703125,276.1000061035156,263.9555053710937,6339226
20/09/2023,276.20001220703125,277.8999938964844,270.0,270.0,258.1238098144531,3973953
21/09/2023,270.0,277.29998779296875,269.29998779296875,275.70001220703125,263.5731201171875,4297685
22/09/2023,278.0,278.3999938964844,271.29998779296875,273.3999938964844,261.3742980957031,3489370
25/09/2023,275.0,279.3999938964844,270.6000061035156,277.70001220703125,265.48516845703125,4520407
26/09/2023,278.1000061035156,283.6000061035156,273.6000061035156,275.3999938964844,263.28631591796875,4794737
27/09/2023,275.6000061035156,276.70001220703125,269.70001220703125,270.0,258.1238098144531,4531929
28/09/2023,270.6000061035156,272.20001220703125,269.20001220703125,270.0,258.1238098144531,4064315
29/09/2023,272.3999938964844,277.8999938964844,270.6000061035156,274.70001220703125,262.6171264648437,5934024
02/10/2023,275.1000061035156,291.5,274.3999938964844,291.5,278.6781311035156,8276248
03/10/2023,293.0,294.3999938964844,280.3999938964844,284.5,271.9860534667969,6816476
04/10/2023,284.79998779296875,291.5,281.79998779296875,289.8999938964844,277.14849853515625,15633041
05/10/2023,292.0,295.3999938964844,285.5,294.29998779296875,281.35498046875,11259236
06/10/2023,293.8999938964844,313.6000061035156,292.20001220703125,310.0,296.3644104003906,10282887
09/10/2023,305.6000061035156,319.20001220703125,299.8999938964844,313.0,299.2324523925781,9359366
10/10/2023,315.0,326.29998779296875,312.0,320.0,305.9245300292969,9130402
11/10/2023,320.1000061035156,323.1000061035156,319.0,320.6000061035156,306.4981384277344,7097790
12/10/2023,322.0,330.3999938964844,313.1000061035156,320.0,305.9245300292969,8091953
13/10/2023,321.20001220703125,325.20001220703125,318.20001220703125,320.0,305.9245300292969,4347788
16/10/2023,321.29998779296875,324.79998779296875,317.6000061035156,319.70001220703125,305.63775634765625,5284754
17/10/2023,320.3999938964844,323.1000061035156,309.3999938964844,313.0,299.2324523925781,5865347
18/10/2023,312.8999938964844,312.8999938964844,298.0,298.0,284.8922424316406,6990982
19/10/2023,300.0,301.20001220703125,293.6000061035156,293.8999938964844,280.9725646972656,4980162
20/10/2023,293.0,298.6000061035156,279.79998779296875,284.79998779296875,272.2727966308594,6187790
23/10/2023,286.6000061035156,297.20001220703125,285.20001220703125,290.3999938964844,277.6264953613281,5297352
24/10/2023,291.1000061035156,304.5,289.5,301.5,288.23828125,4631415
25/10/2023,301.5,302.6000061035156,282.29998779296875,283.3999938964844,270.93438720703125,4494127
26/10/2023,286.5,290.79998779296875,277.29998779296875,277.70001220703125,265.48516845703125,11462911
27/10/2023,278.70001220703125,281.3999938964844,272.5,277.1000061035156,264.9115295410156,5660231
30/10/2023,277.0,281.29998779296875,275.20001220703125,278.79998779296875,266.5367736816406,3758292
31/10/2023,280.0,283.70001220703125,271.79998779296875,272.0,260.035888671875,5861492
01/11/2023,273.20001220703125,277.5,268.70001220703125,275.8999938964844,263.7643127441406,5352548
02/11/2023,277.3999938964844,290.5,277.3999938964844,289.5,276.7660827636719,4953726
03/11/2023,289.5,289.79998779296875,280.5,286.0,273.4200744628906,4580823
06/11/2023,289.25,294.25,287.25,291.0,278.2001037597656,2892756
07/11/2023,291.5,298.25,289.5,296.25,283.2192077636719,3760654
08/11/2023,303.5,312.25,299.0,306.5,293.0183410644531,7363679
09/11/2023,306.5,308.75,299.0,306.0,292.5403137207031,3885107
10/11/2023,305.75,306.5,292.25,293.75,280.82916259765625,3560630
13/11/2023,293.75,294.0,283.0,284.0,271.508056640625,3412904
14/11/2023,285.75,290.0,282.75,287.0,274.3760681152344,3580258
15/11/2023,289.75,293.25,287.25,290.25,277.4831237792969,2850861
16/11/2023,291.75,303.0,291.0,301.5,288.23828125,3679389
17/11/2023,301.5,308.75,299.25,308.25,294.6913757324219,3570383
20/11/2023,310.0,313.0,304.25,304.25,290.8673400878906,3200895
21/11/2023,308.0,316.0,303.75,313.25,299.471435546875,4906328
22/11/2023,313.25,313.5,308.5,309.5,295.8863525390625,2823694
23/11/2023,309.5,316.25,306.5,309.5,295.8863525390625,3746955
24/11/2023,309.5,320.75,308.5,316.5,302.5784912109375,3950139
27/11/2023,317.25,324.5,315.5,320.5,306.4025573730469,3283159
28/11/2023,320.5,322.25,312.75,315.25,301.3834533691406,2824456
29/11/2023,316.0,318.5,308.5,312.0,298.2764587402344,2512772
30/11/2023,311.75,316.75,307.75,308.0,294.4523620605469,4013113
01/12/2023,313.25,315.0,302.0,305.5,292.06231689453125,2914514
04/12/2023,305.5,311.0,300.75,307.75,294.2134094238281,2888613
05/12/2023,307.75,309.75,303.0,308.75,295.1694030761719,1998515
06/12/2023,309.0,317.0,306.75,313.0,299.2324523925781,6794463
07/12/2023,313.75,323.5,311.5,323.5,309.27056884765625,5299039
08/12/2023,323.5,323.5,315.5,321.75,307.5975952148437,5811925
11/12/2023,321.75,327.0,314.0,316.25,302.3394470214844,5350263
12/12/2023,316.5,318.0,308.75,310.5,296.8423767089844,3283326
13/12/2023,310.0,311.0,300.5,302.0,288.7162780761719,3634221
14/12/2023,305.25,315.5,301.5,313.25,299.471435546875,3869593
15/12/2023,313.25,325.5,312.25,320.5,306.4025573730469,4772274
18/12/2023,320.5,324.5,315.5,318.0,304.01251220703125,2348230
19/12/2023,318.0,318.25,305.25,305.25,291.8233337402344,4402261
20/12/2023,305.25,308.5,302.0,304.0,293.5129699707031,3178687
21/12/2023,303.0,311.5,301.25,309.25,298.58184814453125,2827689
22/12/2023,311.5,313.5,305.75,309.5,298.8232116699219,2883999
25/12/2023,310.25,311.0,298.75,301.0,290.616455078125,1923215
26/12/2023,302.0,306.25,295.25,303.75,293.2716064453125,3302851
27/12/2023,303.75,309.5,299.0,306.0,295.4439392089844,2667404
28/12/2023,306.0,315.0,306.0,307.5,296.8922424316406,2731395
29/12/2023,307.5,314.0,299.5,300.75,290.37506103515625,3194999
02/01/2024,304.5,306.25,297.25,301.0,290.616455078125,4059211
03/01/2024,301.25,301.5,289.75,292.25,282.16827392578125,3804445
04/01/2024,292.5,304.5,291.25,302.5,292.064697265625,3533983
05/01/2024,302.75,307.25,299.75,307.25,296.6508178710937,3610519
08/01/2024,309.75,319.75,309.75,319.0,307.9955139160156,3908443
09/01/2024,320.0,322.5,314.5,319.5,308.478271484375,4015615
10/01/2024,316.0,320.75,311.75,318.25,307.2713928222656,4353176
11/01/2024,320.75,329.75,319.5,328.25,316.92645263671875,4316547
12/01/2024,328.25,337.75,325.0,335.0,323.4435729980469,7287141
15/01/2024,336.5,342.5,335.25,338.5,326.8228454589844,2824252
16/01/2024,338.75,339.5,332.5,335.0,323.4435729980469,2127034
17/01/2024,334.5,334.5,328.0,333.25,321.7539367675781,2486884
18/01/2024,335.0,337.5,332.0,333.75,322.2366943359375,2175556
19/01/2024,335.0,337.25,329.0,335.0,323.4435729980469,2653287
22/01/2024,335.0,347.0,330.5,345.5,333.5813903808594,2765487
23/01/2024,353.0,361.0,352.0,361.0,348.5466613769531,4268375
24/01/2024,361.0,371.25,357.5,367.75,355.06378173828125,3235867
25/01/2024,370.0,371.5,361.0,364.25,351.6845092773437,2545337
26/01/2024,364.25,372.0,362.0,370.25,357.4775390625,2940121
29/01/2024,373.0,375.5,366.25,372.0,359.16717529296875,2968229
30/01/2024,373.25,373.5,368.5,370.0,357.2361755371094,2402714
31/01/2024,370.25,388.75,368.75,381.0,367.8567199707031,4407606
01/02/2024,381.75,385.75,374.0,374.0,361.0981750488281,3884600
02/02/2024,377.0,378.25,366.0,368.25,355.5465393066406,3407161
05/02/2024,369.25,377.0,368.25,376.25,363.2705993652344,2378436
06/02/2024,378.0,380.5,373.0,378.5,365.4429321289063,3007371
07/02/2024,384.0,384.0,370.5,374.0,361.0981750488281,2915504
08/02/2024,374.0,392.0,372.75,386.25,372.9255981445313,4151965
09/02/2024,388.75,397.25,384.25,396.5,382.822021484375,3055225
12/02/2024,400.0,404.0,388.5,392.75,379.2013549804688,2624626
13/02/2024,397.0,397.5,380.0,380.0,366.8912353515625,2146599
14/02/2024,383.0,386.0,376.0,381.0,367.8567199707031,4064215
15/02/2024,383.5,402.5,381.25,399.25,385.4771423339844,5015226
16/02/2024,399.25,400.0,390.0,390.25,376.7876281738281,2960433
19/02/2024,391.75,396.75,387.75,390.0,376.5462646484375,3209826
20/02/2024,391.25,397.75,389.25,395.5,381.8565368652344,2862622
21/02/2024,397.25,405.0,395.0,402.25,388.3736877441406,4392826
22/02/2024,403.5,404.25,392.5,394.75,381.1323852539063,3500962
23/02/2024,395.75,396.5,390.75,395.0,381.373779296875,2073650
26/02/2024,396.0,402.0,390.5,395.0,381.373779296875,3161239
27/02/2024,396.0,396.25,383.0,385.0,371.7187194824219,3955616
28/02/2024,385.0,385.0,376.0,380.75,367.6153259277344,3785922
29/02/2024,384.25,394.75,380.0,388.25,374.8566284179688,5068716
01/03/2024,388.5,390.75,378.0,381.0,367.8567199707031,2249348
04/03/2024,381.5,388.75,369.25,373.0,360.1327209472656,4211963
05/03/2024,372.75,379.5,363.75,372.0,359.16717529296875,4789383
06/03/2024,371.0,380.0,366.0,372.25,359.4085388183594,3830011
07/03/2024,372.25,385.75,372.25,385.0,371.7187194824219,4460430
08/03/2024,387.75,392.25,386.5,388.5,375.0979919433594,4113356
11/03/2024,399.0,399.75,390.0,390.75,377.2703552246094,3359937
12/03/2024,391.5,398.75,388.5,398.75,384.994384765625,3670894
13/03/2024,398.0,398.0,385.75,386.25,372.9255981445313,3408339
14/03/2024,388.0,390.0,383.25,389.0,375.5807495117188,2550901
15/03/2024,389.0,390.75,378.5,378.5,365.4429321289063,3849114
18/03/2024,379.0,383.0,376.75,378.75,365.6842956542969,2307457
19/03/2024,377.0,389.75,373.75,386.5,373.1669616699219,2717610
20/03/2024,386.5,387.5,381.0,382.5,369.3049621582031,2693516
21/03/2024,388.0,389.0,378.0,384.0,370.7532043457031,4280634
22/03/2024,385.25,392.5,370.5,370.5,357.7189025878906,5247829
25/03/2024,371.75,374.0,356.0,356.0,343.7191162109375,5899390
26/03/2024,356.5,359.0,342.75,346.5,334.546875,4789337
27/03/2024,348.5,355.0,342.25,349.5,337.443359375,3923309
28/03/2024,352.0,352.75,346.0,351.5,339.3743591308594,4485945
29/03/2024,356.0,362.25,353.5,361.0,348.5466613769531,3486910
01/04/2024,365.0,368.75,353.0,362.5,349.994873046875,3308874
02/04/2024,364.0,369.0,358.75,364.75,352.1672668457031,3412101
03/04/2024,362.5,373.5,359.75,370.75,357.96026611328125,4290420
04/04/2024,370.75,382.5,369.5,380.0,366.8912353515625,4276175
05/04/2024,381.5,406.5,377.5,405.0,391.0287780761719,6035137
08/04/2024,404.0,407.75,399.75,402.25,388.3736877441406,3199891
15/04/2024,398.0,407.25,392.75,392.75,379.2013549804688,4049159
16/04/2024,390.0,395.0,385.5,392.0,378.4772644042969,2978012
17/04/2024,393.0,397.0,383.0,387.75,374.3738708496094,3908904
18/04/2024,387.25,387.75,367.75,367.75,355.06378173828125,4225656
19/04/2024,367.75,379.0,364.0,371.5,358.6844177246094,4849163
22/04/2024,381.25,381.25,367.5,370.0,357.2361755371094,2769205
24/04/2024,375.5,376.25,366.0,368.0,355.30517578125,2366273
25/04/2024,367.0,377.5,366.75,372.75,359.89129638671875,3770545
26/04/2024,374.0,390.0,374.0,386.5,373.1669616699219,3750071
29/04/2024,389.5,389.75,381.0,387.75,374.3738708496094,3762058
30/04/2024,387.75,395.0,383.5,387.0,373.6497497558594,4906356
02/05/2024,389.0,403.75,388.75,403.75,389.8219299316406,4266179
03/05/2024,403.75,417.25,401.25,417.25,402.8562316894531,4156841
06/05/2024,417.25,421.75,411.25,417.5,403.09759521484375,2814445
07/05/2024,417.5,425.0,412.5,419.0,404.5458679199219,3572172
08/05/2024,420.75,424.5,413.5,420.0,405.5113525390625,3202364
09/05/2024,420.0,425.0,418.75,425.0,410.33880615234375,2822223
10/05/2024,424.5,428.0,421.5,424.75,410.0974731445313,5810809
13/05/2024,426.5,434.5,423.5,426.0,411.3043212890625,3506092
14/05/2024,427.5,461.5,427.25,455.75,440.028076171875,7626574
15/05/2024,453.0,470.25,452.0,469.25,453.0623779296875,4773146
16/05/2024,469.0,469.0,457.25,466.75,450.6485900878906,3155392
17/05/2024,466.75,488.0,465.0,486.75,469.9586791992188,3480334
20/05/2024,486.75,487.25,476.5,487.25,470.44140625,2105612
21/05/2024,488.75,497.75,480.0,487.25,470.44140625,3776585
22/05/2024,489.25,491.5,480.5,485.0,468.2690734863281,2863871
23/05/2024,485.0,494.0,480.0,484.5,467.7863159179688,4005845
24/05/2024,482.0,482.75,466.75,467.5,451.3727416992188,2599871
27/05/2024,467.5,482.0,460.75,477.0,460.5450134277344,2594313
28/05/2024,477.0,487.0,472.75,481.75,465.1311950683594,3173101
29/05/2024,481.75,484.25,472.0,477.0,460.5450134277344,2197129
30/05/2024,476.75,477.0,467.5,474.75,458.3726501464844,1940439
31/05/2024,477.0,497.0,475.75,480.0,463.4415588378906,5250718
03/06/2024,483.75,498.75,481.75,496.75,479.6136779785156,3847310
04/06/2024,496.75,497.0,475.0,492.0,475.027587890625,6140334
05/06/2024,492.0,513.0,489.25,504.0,486.6135864257813,4022185
06/06/2024,505.0,512.0,498.0,500.5,483.2343444824219,1808145
07/06/2024,497.0,505.5,492.25,493.5,476.475830078125,2211901
10/06/2024,493.5,496.5,483.25,486.0,469.2345581054688,1795229
11/06/2024,487.25,508.5,487.25,498.5,481.3033447265625,2877116
12/06/2024,500.0,500.0,488.5,488.5,471.6482849121094,2980676
13/06/2024,514.5,537.0,513.0,526.0,507.8546142578125,6105134
14/06/2024,526.5,553.5,526.5,553.0,533.92333984375,5395203
20/06/2024,556.5,573.5,556.5,569.5,549.8541259765625,3249359
21/06/2024,573.0,583.0,564.0,574.0,554.1988525390625,3779301
24/06/2024,577.0,583.5,556.0,560.5,541.16455078125,2989907
25/06/2024,560.5,573.5,551.0,570.5,550.819580078125,4671376
26/06/2024,570.0,572.0,555.0,559.5,540.1990356445312,3222096
27/06/2024,559.0,566.5,555.5,559.5,540.1990356445312,4590014
28/06/2024,562.0,563.0,543.5,545.0,526.19921875,6600104
01/07/2024,548.0,556.5,546.0,554.0,534.8887329101562,3788717
02/07/2024,554.0,562.5,548.5,554.5,535.3715209960938,4595118
03/07/2024,555.0,555.5,536.0,550.0,531.0267333984375,3583363
04/07/2024,551.0,552.5,543.5,545.5,526.6819458007812,3285823
05/07/2024,547.0,553.5,542.0,553.5,534.406005859375,2643130
08/07/2024,555.0,564.5,555.0,558.5,539.2335815429688,3622779
09/07/2024,560.0,564.0,553.5,554.0,534.8887329101562,3527668
10/07/2024,557.0,562.0,543.0,543.0,524.2682495117188,4647004
11/07/2024,548.5,570.5,545.5,570.0,550.3368530273438,5226092
12/07/2024,570.5,578.5,567.0,578.5,558.5436401367188,3013287
16/07/2024,578.5,594.0,577.5,585.5,565.3021240234375,4128544
17/07/2024,585.0,598.0,582.0,596.0,577.4122924804688,3717481
18/07/2024,597.0,619.5,597.0,610.0,590.9756469726562,5059240
19/07/2024,611.5,622.0,606.0,614.5,595.3353271484375,2903630
22/07/2024,616.0,622.0,606.5,615.5,596.3041381835938,2123051
23/07/2024,616.5,620.5,608.0,615.0,595.8197631835938,2579878
24/07/2024,619.0,631.0,618.5,624.5,605.0234375,4078996
25/07/2024,627.5,627.5,609.0,613.0,593.882080078125,3034283
26/07/2024,613.5,618.0,610.5,612.5,593.3976440429688,1692520
29/07/2024,613.0,618.0,595.5,599.0,580.3187255859375,2986011
30/07/2024,600.5,618.0,597.0,615.5,596.3041381835938,3674906
31/07/2024,615.5,627.0,610.5,625.5,605.9922485351562,4515007
01/08/2024,627.0,631.0,612.0,612.0,592.9132080078125,4016246
02/08/2024,612.0,613.0,586.0,588.0,569.6616821289062,2734407
05/08/2024,550.0,579.5,550.0,557.5,540.1129760742188,4369600
06/08/2024,567.0,573.0,557.0,565.0,547.3790893554688,3420475
07/08/2024,567.5,576.0,556.0,558.0,540.5973510742188,2672887
08/08/2024,558.0,559.0,545.5,545.5,528.4871826171875,2837298
09/08/2024,550.5,578.0,550.5,564.5,546.8946533203125,4186611
12/08/2024,572.0,587.0,560.5,562.5,544.95703125,3385428
13/08/2024,564.5,571.5,554.0,570.5,552.7076416015625,2081356
14/08/2024,572.5,576.0,559.5,568.0,550.2854614257812,2939720
15/08/2024,570.0,574.0,557.0,572.0,554.1607666015625,2499390
16/08/2024,573.0,582.0,556.0,556.0,538.6597900390625,2774689
19/08/2024,562.0,578.5,555.0,573.5,555.614013671875,2179207
20/08/2024,572.0,575.5,561.0,562.0,544.4727172851562,1854452
21/08/2024,562.0,568.0,556.0,556.0,538.6597900390625,1593414
22/08/2024,562.0,566.5,554.5,562.0,544.4727172851562,2112070
23/08/2024,561.5,564.0,546.0,546.0,528.9716186523438,2632584
26/08/2024,548.0,552.0,537.0,539.5,522.6744384765625,2786927
27/08/2024,537.0,558.0,531.0,554.0,536.7221069335938,3346325
28/08/2024,555.0,566.0,552.5,553.5,536.2377319335938,2067445
29/08/2024,555.0,556.5,540.0,540.0,523.1587524414062,4303674
02/09/2024,544.0,563.5,543.5,562.5,544.95703125,3129025
03/09/2024,562.5,565.0,552.5,561.5,543.98828125,2410475
04/09/2024,558.5,565.0,552.0,557.5,540.1129760742188,3788809
05/09/2024,558.5,560.0,544.0,547.5,530.4248657226562,3415783
06/09/2024,548.0,556.5,546.0,547.5,530.4248657226562,2096402
09/09/2024,544.0,558.5,544.0,548.5,531.3936767578125,3053449
10/09/2024,550.5,564.5,549.5,560.0,542.5349731445312,3517182
11/09/2024,559.5,571.5,557.5,562.5,544.95703125,3998095
12/09/2024,565.0,568.5,538.5,557.5,540.1129760742188,3648717
13/09/2024,558.0,568.0,549.0,567.5,549.8010864257812,2430409
16/09/2024,567.5,573.5,563.5,568.0,550.2854614257812,2356151
17/09/2024,571.0,609.5,571.0,597.5,578.865478515625,5504099
18/09/2024,598.5,617.5,598.0,615.5,596.3041381835938,3854108
19/09/2024,619.5,623.0,606.5,609.5,590.4912109375,3924511
20/09/2024,610.0,614.5,570.0,570.0,552.2232055664062,4779164
23/09/2024,575.5,585.0,566.5,585.0,566.7553100585938,3780258
24/09/2024,584.5,593.5,578.0,580.5,562.3956909179688,3165715
25/09/2024,580.0,581.5,556.5,560.5,543.0193481445312,4714422
26/09/2024,564.5,566.5,538.5,538.5,521.70556640625,4999624
27/09/2024,536.5,537.0,498.0,498.0,482.4686279296875,10364230
30/09/2024,497.5,506.5,491.0,496.25,480.7732238769531,7719223
01/10/2024,498.25,501.0,475.0,483.5,468.4208679199219,5438666
02/10/2024,482.0,486.5,465.5,466.0,455.2327880859375,7598499
03/10/2024,469.0,483.25,468.25,477.5,466.4670715332031,8413624
04/10/2024,482.5,490.5,477.0,481.0,469.88616943359375,5258602
07/10/2024,483.0,483.0,460.75,462.5,451.8136596679688,6349275
08/10/2024,471.5,491.5,468.5,483.5,472.3284606933594,7486656
09/10/2024,484.75,492.0,470.25,485.0,473.7937622070313,5117865
10/10/2024,480.25,484.0,464.25,464.25,453.5232238769531,4319071
11/10/2024,465.0,479.25,462.5,466.0,455.2327880859375,5599142
14/10/2024,466.25,472.25,459.25,468.25,457.4307861328125,5713978
15/10/2024,470.0,479.25,464.5,467.75,456.9423522949219,6800114
16/10/2024,472.5,472.75,462.75,472.0,461.0941162109375,5283921
17/10/2024,472.0,476.75,468.0,470.25,459.3845520019531,5694995
18/10/2024,470.75,475.5,460.25,461.0,450.3483276367188,4704844
21/10/2024,461.25,463.25,445.75,445.75,435.4506530761719,5199343
22/10/2024,447.75,462.0,446.75,460.5,449.85986328125,4853107
23/10/2024,460.5,461.0,449.25,451.5,441.06781005859375,3867574
24/10/2024,455.0,479.25,455.0,475.5,464.5132751464844,8931013
25/10/2024,475.5,478.75,465.5,475.25,464.26904296875,4572571
28/10/2024,476.5,477.0,471.25,472.75,461.8268127441406,1247301
30/10/2024,473.75,488.5,467.5,486.5,475.2591247558594,7753111
31/10/2024,484.0,488.5,466.5,466.5,455.7212219238281,5492482
01/11/2024,468.25,474.75,464.25,465.0,454.2558898925781,4160530
04/11/2024,463.25,465.0,452.75,462.5,451.8136596679688,5371087
05/11/2024,464.75,468.5,454.0,460.0,449.3714294433594,3353173
06/11/2024,461.5,493.75,460.5,492.5,481.1204528808594,9921353
07/11/2024,493.25,495.5,484.5,488.25,476.96868896484375,4155046
08/11/2024,488.0,496.75,485.75,493.5,482.0973815917969,4873318
11/11/2024,495.75,498.5,485.0,491.0,479.6551513671875,4719971
12/11/2024,485.25,485.5,470.0,471.0,460.11724853515625,6579065
13/11/2024,470.75,478.0,469.5,471.5,460.6056823730469,6277930
14/11/2024,476.0,478.5,470.5,475.25,464.26904296875,3748151
15/11/2024,477.5,478.25,466.0,466.0,455.2327880859375,5859619
18/11/2024,467.5,470.25,457.25,459.75,449.127197265625,4842118
19/11/2024,461.75,464.0,455.25,457.5,446.92919921875,5166832
20/11/2024,459.5,461.75,443.5,444.0,433.7410888671875,3843564
21/11/2024,447.5,458.75,445.0,456.25,445.7080383300781,4529905
22/11/2024,457.5,469.75,454.0,468.25,457.4307861328125,5949484
25/11/2024,470.5,484.0,470.0,478.25,467.1997375488281,6122493
26/11/2024,476.5,479.5,473.0,474.25,463.2921447753906,2701428
27/11/2024,477.0,481.5,475.25,478.25,467.1997375488281,3889017
28/11/2024,479.5,487.75,478.5,486.0,474.7706909179688,4584801
29/11/2024,484.75,486.25,472.25,473.5,462.5594787597656,5869735
02/12/2024,470.5,489.5,468.0,487.25,475.9917602539063,4313196
03/12/2024,488.5,504.5,488.25,502.0,490.4009704589844,5253114
04/12/2024,502.0,513.5,499.5,506.5,494.7969970703125,4318964
05/12/2024,508.5,513.5,503.5,511.0,499.1930541992188,2664002
06/12/2024,514.5,520.0,509.0,515.0,503.1005859375,4231785
09/12/2024,520.0,526.0,514.5,526.0,513.846435546875,3376356
10/12/2024,525.5,530.5,522.0,526.0,513.846435546875,3860425
11/12/2024,533.0,551.5,532.0,538.0,525.5691528320312,5027992
12/12/2024,541.0,546.0,534.5,536.0,523.6154174804688,3271215
13/12/2024,535.5,535.5,524.0,529.0,516.777099609375,3506596
16/12/2024,529.0,529.5,510.5,513.0,501.1467895507813,3762043
17/12/2024,514.5,522.5,507.0,518.5,506.5197448730469,4633641
18/12/2024,515.0,516.5,506.5,507.0,499.1360778808594,3070759
19/12/2024,505.0,508.5,501.0,502.0,494.213623046875,2237898
20/12/2024,502.0,505.0,494.75,494.75,487.0760803222656,2735072
23/12/2024,495.5,498.75,486.25,491.0,483.3842468261719,2761677
24/12/2024,492.0,494.75,485.0,488.75,481.1691284179688,2129208
25/12/2024,503.0,516.0,503.0,511.0,503.0740356445313,3215448
26/12/2024,513.5,525.0,513.0,518.0,509.9654541015625,2944097
27/12/2024,518.0,525.5,516.5,522.0,513.9034423828125,2884372
30/12/2024,524.0,536.0,516.5,524.0,515.8723754882812,3812392
31/12/2024,524.0,541.0,518.0,528.5,520.3026123046875,5237680
02/01/2025,530.0,543.0,526.0,531.0,522.7637939453125,4989382
03/01/2025,532.0,537.5,525.0,531.0,522.7637939453125,3920752
06/01/2025,532.0,536.5,529.0,533.5,525.2250366210938,3149975
07/01/2025,532.0,534.5,524.5,527.0,518.8258666992188,3725433
08/01/2025,527.5,536.0,523.0,534.0,525.71728515625,5533641
09/01/2025,536.5,541.0,523.5,523.5,515.380126953125,4510285
10/01/2025,526.0,532.0,522.0,523.0,514.8878784179688,4642079
13/01/2025,522.5,524.0,512.0,524.0,515.8723754882812,4025141
14/01/2025,528.0,531.5,514.5,515.0,507.011962890625,4311120
15/01/2025,516.0,518.5,503.5,512.5,504.55078125,5244461
16/01/2025,517.0,521.0,501.0,504.0,496.1826171875,5961881
17/01/2025,506.0,512.5,500.5,509.0,501.1050720214844,4966422
20/01/2025,515.0,523.0,511.0,520.5,512.4266967773438,5429647
21/01/2025,519.0,529.0,516.5,521.5,513.4111938476562,4292429
22/01/2025,521.5,524.5,514.0,521.5,513.4111938476562,4572128
23/01/2025,524.0,527.0,513.5,515.0,507.011962890625,5965143
24/01/2025,516.0,518.5,511.0,514.0,506.0274963378906,4211125
27/01/2025,511.5,511.5,502.5,505.5,497.6593322753906,4335247
28/01/2025,506.5,523.5,502.5,522.5,514.3956298828125,6773295
29/01/2025,522.5,555.0,522.5,546.5,538.0233764648438,16127248
30/01/2025,547.0,557.0,546.0,552.5,543.9303588867188,6694164
31/01/2025,554.0,558.0,547.0,550.0,541.4690551757812,5915944
03/02/2025,547.0,555.5,531.5,537.5,529.1629638671875,5168076
04/02/2025,542.0,543.0,530.5,531.5,523.2560424804688,3225178
05/02/2025,533.0,548.0,532.0,539.5,531.1320190429688,8674442
06/02/2025,544.0,552.0,541.5,548.5,539.9923706054688,4340598
07/02/2025,548.5,562.0,544.0,561.5,552.7907104492188,6685697
10/02/2025,562.0,563.0,548.5,550.5,541.9613647460938,5959108
11/02/2025,550.5,564.0,542.0,563.0,554.2675170898438,5700524
12/02/2025,563.0,570.0,553.5,557.5,548.852783203125,6873043
13/02/2025,561.5,581.0,557.5,579.5,570.5115356445312,8305309
14/02/2025,575.0,576.0,559.0,559.0,550.3295288085938,6208819
17/02/2025,560.0,563.0,554.0,554.0,545.4070434570312,3664538
18/02/2025,554.0,568.5,550.5,564.0,555.251953125,5247636
19/02/2025,564.5,567.5,552.0,555.0,546.3915405273438,5175211
20/02/2025,540.0,543.5,518.5,535.0,526.7017822265625,16289372
21/02/2025,535.0,541.0,508.5,512.0,504.05853271484375,7161837
24/02/2025,519.0,525.0,512.5,514.5,506.5197448730469,4483056
25/02/2025,516.5,519.0,504.0,504.5,496.6748352050781,4720986
26/02/2025,505.0,516.0,504.0,510.0,502.0895385742188,5354748
27/02/2025,510.0,522.0,507.0,517.0,508.98095703125,5889081
28/02/2025,517.0,519.5,505.5,506.0,498.1515808105469,7039613
03/03/2025,512.0,528.0,511.5,525.5,517.34912109375,7259690
04/03/2025,527.0,531.5,520.5,524.5,516.3646240234375,5172317
05/03/2025,530.0,549.5,529.0,542.5,534.08544921875,7341395
06/03/2025,548.5,558.0,540.0,553.5,544.914794921875,6113496
07/03/2025,552.0,563.5,550.0,554.5,545.8992919921875,5665140
10/03/2025,528.0,542.0,513.5,517.0,508.98095703125,12307747
11/03/2025,519.0,524.5,509.5,516.5,508.48870849609375,9249977
12/03/2025,519.5,524.5,513.0,519.0,510.9499206542969,10258217
13/03/2025,521.0,534.5,521.0,528.0,519.8103637695312,11950841
14/03/2025,533.0,536.0,524.5,524.5,516.3646240234375,9634720
17/03/2025,526.5,527.5,515.5,515.5,507.5042419433594,6852813
18/03/2025,516.0,517.0,506.0,506.0,498.1515808105469,6915391
19/03/2025,470.0,488.75,455.5,455.5,448.4348754882813,16403801
20/03/2025,457.5,479.0,445.5,454.75,447.6965026855469,31386718
21/03/2025,455.25,458.5,409.5,409.5,403.1483459472656,18416879
24/03/2025,415.0,428.25,399.0,414.0,407.5785827636719,24584457
25/03/2025,424.0,455.25,419.5,455.25,448.1887512207031,22289796
26/03/2025,455.25,475.75,453.0,462.25,455.0801696777344,16709056
27/03/2025,469.75,478.75,458.75,461.75,454.5879211425781,9105202
28/03/2025,461.75,463.75,453.5,458.25,451.1422119140625,7771878
02/04/2025,453.75,458.5,444.5,446.0,439.0822143554688,6175997
03/04/2025,447.0,453.75,442.0,442.5,435.6365051269531,4912749
04/04/2025,443.0,447.0,434.75,437.5,430.7140502929688,6477806
07/04/2025,429.0,462.0,420.0,452.5,445.4814147949219,13077291
08/04/2025,459.75,470.5,454.0,467.5,460.2487487792969,7003943
09/04/2025,465.0,466.75,456.5,459.75,452.6189575195313,6413229
10/04/2025,476.0,483.5,460.0,460.0,452.8650817871094,8146828
11/04/2025,463.0,472.75,456.5,461.0,453.8495788574219,6742679
14/04/2025,465.0,468.5,463.25,466.0,458.7720336914063,4081121
15/04/2025,467.5,473.0,462.25,464.0,456.8030395507813,4330956
16/04/2025,463.5,472.25,453.0,457.0,449.91162109375,6586472
17/04/2025,457.0,469.0,453.5,458.75,451.6344604492188,7912783
18/04/2025,460.25,461.0,447.75,447.75,440.8050842285156,3849473
21/04/2025,448.5,451.0,442.0,444.75,437.85162353515625,4527492
22/04/2025,447.0,451.75,445.75,448.75,441.7895812988281,4449594
24/04/2025,450.0,464.75,448.25,463.25,456.0646667480469,7591754
25/04/2025,465.75,469.0,463.75,466.25,459.0181579589844,4194549
28/04/2025,468.0,472.5,463.25,465.0,457.7875061035156,4427796
29/04/2025,465.0,468.25,461.5,464.0,456.8030395507813,3762847
30/04/2025,466.0,471.5,449.75,451.0,444.0046691894531,5760470
02/05/2025,453.5,470.75,452.0,470.0,462.7099609375,5124828
05/05/2025,472.25,476.0,469.0,474.0,466.6479187011719,6204573
06/05/2025,473.0,475.75,471.75,473.0,465.6634521484375,3734610
07/05/2025,475.0,491.5,475.0,490.0,482.3997497558594,6802401
08/05/2025,496.0,498.5,483.5,490.5,482.8919982910156,2749274
09/05/2025,476.5,480.5,465.5,478.75,471.3242492675781,9790142
12/05/2025,489.0,502.0,488.5,497.5,489.7834167480469,6578397
13/05/2025,497.5,506.0,494.5,495.0,487.32220458984375,5521181
14/05/2025,496.25,503.0,489.75,496.5,488.7989196777344,5810578
15/05/2025,496.75,502.5,493.0,495.5,487.814453125,3631537
16/05/2025,496.5,499.5,488.25,494.0,486.3377075195313,4429183
20/05/2025,490.75,492.5,469.25,470.75,463.4483337402344,7530948
21/05/2025,468.0,474.5,466.5,466.5,459.2642517089844,4462329
22/05/2025,470.0,481.5,468.0,476.5,469.1091613769531,6438679
23/05/2025,478.0,482.75,474.5,476.5,469.1091613769531,5678853
26/05/2025,480.5,485.0,476.0,483.75,476.2466735839844,3718029
27/05/2025,484.0,487.75,478.0,479.75,472.3087463378906,3471059
28/05/2025,477.5,482.25,477.25,480.0,472.5548706054688,3967051
29/05/2025,482.25,484.5,480.25,483.0,475.5083312988281,5046831
30/05/2025,483.0,483.0,472.5,476.0,468.6169128417969,5815243
02/06/2025,479.75,490.5,476.75,486.0,478.4617919921875,5187391
03/06/2025,490.75,500.5,489.25,496.5,488.7989196777344,4718140
04/06/2025,497.5,515.5,487.0,515.5,507.5042419433594,6411603
05/06/2025,514.0,521.5,509.0,521.5,513.4111938476562,1988727
10/06/2025,525.0,533.0,517.5,524.5,516.3646240234375,4024999
11/06/2025,520.0,523.5,512.5,519.0,510.9499206542969,4692107
12/06/2025,515.0,519.0,501.0,505.5,497.6593322753906,5308606
13/06/2025,497.0,497.0,475.5,495.0,487.32220458984375,6748953
16/06/2025,493.0,501.5,487.0,496.5,488.7989196777344,4727796
17/06/2025,496.5,508.0,496.0,503.0,495.1981201171875,4066177
18/06/2025,498.0,498.5,478.0,481.5,477.8314514160156,4880425
19/06/2025,484.5,489.25,475.0,475.5,471.8771667480469,4253303
20/06/2025,486.0,486.0,467.25,469.25,465.6747741699219,4812586
23/06/2025,464.0,466.25,451.5,456.75,453.27001953125,5088353
24/06/2025,478.0,493.75,476.5,489.0,485.2742919921875,7255433
25/06/2025,489.5,491.75,472.0,476.5,472.8695373535156,5056160
26/06/2025,476.75,477.75,467.5,467.5,463.9381103515625,3959982
27/06/2025,469.5,473.5,461.5,468.25,464.6824035644531,5005770
30/06/2025,471.0,505.0,470.0,494.75,490.9804992675781,11052654
01/07/2025,495.25,500.0,490.25,496.0,492.2209777832031,6393677
02/07/2025,496.5,513.5,496.0,512.0,508.09906005859375,7160421
03/07/2025,519.5,522.0,502.0,507.5,503.6333312988281,4802583
04/07/2025,507.0,510.5,502.0,507.0,503.13714599609375,2851712
07/07/2025,500.0,504.0,496.25,499.5,495.6943054199219,3120838
08/07/2025,503.5,504.0,483.75,488.0,484.2819213867188,4295703
09/07/2025,489.0,495.5,485.0,493.0,489.2438354492188,3720854
10/07/2025,497.0,506.5,497.0,499.0,495.1981201171875,4042835
11/07/2025,502.0,506.5,491.25,495.75,491.9728698730469,4588401
14/07/2025,495.75,504.0,493.5,499.0,495.1981201171875,4325235
16/07/2025,498.25,498.75,483.0,487.0,483.28955078125,5601772
17/07/2025,491.25,502.5,485.75,496.0,492.2209777832031,6450131
18/07/2025,496.0,497.5,489.5,489.75,486.0185852050781,3912460
21/07/2025,492.0,501.5,491.25,498.25,494.4538269042969,5239512
22/07/2025,498.75,508.5,497.5,504.0,500.1600036621094,7335492
23/07/2025,506.0,507.5,499.25,499.25,495.4461975097656,3610980
24/07/2025,502.5,515.5,500.0,508.5,504.625732421875,7425597
25/07/2025,510.5,514.5,506.0,511.0,507.106689453125,4105940
28/07/2025,513.5,518.5,507.5,515.0,511.0762023925781,3556552
29/07/2025,517.5,522.5,514.5,517.0,513.0609741210938,4049171
30/07/2025,518.0,525.0,517.5,520.0,516.0380859375,3660708
31/07/2025,522.5,531.5,519.5,530.5,526.4581298828125,4652797
01/08/2025,533.0,533.0,521.5,528.0,523.9771728515625,3628542
04/08/2025,528.5,532.5,527.5,528.5,524.4733276367188,3719114
05/08/2025,529.5,532.0,526.0,526.0,521.9923706054688,2760882
06/08/2025,526.0,535.0,526.0,534.0,529.9314575195312,3803261
07/08/2025,536.5,537.5,528.5,529.5,525.4656982421875,3523527
08/08/2025,530.5,534.5,528.0,531.5,527.4505004882812,2317116
11/08/2025,533.0,542.0,533.0,538.0,533.9009399414062,3075917
12/08/2025,538.5,540.5,534.5,537.5,533.40478515625,2411267
13/08/2025,537.0,537.0,520.0,525.0,521.0,4470185
14/08/2025,523.0,535.0,521.0,531.0,526.9542846679688,4150858
15/08/2025,520.0,534.0,514.0,523.0,519.0152587890625,4164085
18/08/2025,523.0,529.5,522.5,524.0,520.0076293945312,5325280
19/08/2025,526.0,528.5,509.0,509.0,505.1219177246094,3835806
20/08/2025,510.5,518.0,508.0,513.0,509.0914306640625,3707767
21/08/2025,516.0,534.5,516.0,529.0,524.9695434570312,6679930
22/08/2025,530.5,531.5,522.0,523.5,519.5114135742188,3432804
25/08/2025,528.5,533.5,526.0,526.5,522.4885864257812,3446756
26/08/2025,527.5,537.5,525.0,536.0,531.9161987304688,5189519
27/08/2025,537.0,539.0,530.0,530.5,526.4581298828125,3345228
28/08/2025,533.0,545.0,532.5,536.0,531.9161987304688,4814628
29/08/2025,536.0,537.0,522.5,530.0,525.9619140625,5594214
01/09/2025,530.0,530.0,520.0,529.5,525.4656982421875,3811537
02/09/2025,531.5,535.5,505.0,509.5,505.61810302734375,6531002
03/09/2025,510.5,514.0,501.5,510.5,506.6104736328125,4804599
04/09/2025,510.5,523.0,508.5,516.0,512.068603515625,4584220
05/09/2025,518.0,522.5,511.0,515.0,511.0762023925781,3762795
08/09/2025,510.0,511.0,486.5,487.0,483.28955078125,5729548
09/09/2025,487.75,500.5,483.25,486.25,482.5452575683594,8087283
10/09/2025,489.25,496.75,486.25,494.0,490.2362060546875,4540540
11/09/2025,494.0,504.0,486.25,489.0,485.2742919921875,5675768
12/09/2025,489.0,493.5,484.0,488.5,484.7781066894531,3510920
15/09/2025,490.0,526.5,487.5,524.5,520.5038452148438,8924390
16/09/2025,525.5,534.5,521.5,525.0,521.0,7090124
17/09/2025,521.0,528.0,515.0,517.5,517.5,4764175
18/09/2025,521.0,524.0,510.5,512.5,512.5,4866332
19/09/2025,514.5,532.5,514.0,532.0,532.0,7435609
22/09/2025,544.5,546.0,538.0,542.0,542.0,3999699
23/09/2025,539.5,549.0,536.0,538.0,538.0,5509396
24/09/2025,538.5,541.5,527.5,536.5,536.5,4237101
25/09/2025,542.5,542.5,530.5,532.0,532.0,3445827
26/09/2025,534.0,538.5,525.0,526.0,526.0,4774779
29/09/2025,526.0,545.0,525.0,535.0,535.0,6532494
30/09/2025,537.5,544.0,532.0,541.0,541.0,5589920
01/10/2025,539.5,576.5,538.0,567.5,567.5,8582190
02/10/2025,567.0,571.5,563.5,567.0,567.0,3698821
03/10/2025,569.0,576.0,559.5,563.5,563.5,5621680
06/10/2025,564.0,575.0,556.5,561.5,561.5,3703026
07/10/2025,562.0,572.5,561.0,567.0,567.0,3316091
08/10/2025,555.0,563.0,545.0,556.0,556.0,12420017
09/10/2025,562.0,563.5,541.5,543.5,543.5,6201022
10/10/2025,546.0,553.0,540.5,544.0,544.0,3643927
13/10/2025,538.0,553.5,537.5,546.0,546.0,4798132
14/10/2025,547.0,551.0,540.5,544.5,544.5,3852559
15/10/2025,546.5,557.5,543.0,546.5,546.5,4514555
16/10/2025,546.5,546.5,527.5,539.5,539.5,7145996
17/10/2025,537.0,538.0,518.5,527.0,527.0,5450569
20/10/2025,529.0,538.5,521.5,538.0,538.0,6062098
21/10/2025,538.5,540.5,522.0,524.0,524.0,4905388
22/10/2025,527.0,545.0,525.0,538.0,538.0,5890273
23/10/2025,538.5,553.0,537.5,547.0,547.0,4517623
24/10/2025,553.0,587.0,548.0,579.5,579.5,9761770
27/10/2025,574.3852849365019,578.3499806047435,555.057393553824,560.5088500976562,,5531761
28/10/2025,561.995568373178,568.933785266674,558.52645992643,561.00439453125,,2556825
29/10/2025,561.00439453125,561.00439453125,561.00439453125,561.00439453125,,0
30/10/2025,562.9867640904017,565.9602857317243,523.8353958129883,527.3045043945312,,13213087
31/10/2025,527.3045194551543,537.7118454970323,520.8618890482774,534.2427368164062,,9616216
03/11/2025,535.7294472082338,542.6676639158335,530.2779912236912,531.2691650390625,,6870414
04/11/2025,531.269218566608,533.7471533546985,521.853066371864,527.8001098632812,,5837324
05/11/2025,527.8000595481808,531.7647548311718,518.3839082510771,524.8265380859375,,5578718
06/11/2025,530.2780165201085,549.6059068418695,529.2868426574541,546.6323852539062,,10624229
07/11/2025,552.0838252005817,557.53528128425,543.6588476167309,551.0926513671875,,5332212
10/11/2025,555.0573417467949,561.9955585186298,535.2338652558379,541.180908203125,,5293716
11/11/2025,551.092675341357,572.898500624648,537.2162410701717,550.1015014648438,,15492851
12/11/2025,552.5794329350268,568.9338018021622,546.632389710614,556.5441284179688,,7371455
13/11/2025,557.0397108117776,561.0044062623952,542.6676898032886,546.6323852539062,,4543681
14/11/2025,544.6500220040425,545.6411958384448,528.7912406536063,539.6941528320312,,4682666
17/11/2025,542.1721037688079,543.6588645652488,527.8000827365452,535.23388671875,,6215752
18/11/2025,532.2603910109576,548.6147605671601,529.2868692734662,539.1986083984375,,4965558
19/11/2025,540.6853184212387,556.0485126201922,538.2073838730204,547.62353515625,,5475632
20/11/2025,552.0838414985055,555.552950017796,542.1721028719614,546.6323852539062,,3179195
21/11/2025,543.658855967278,547.127964437443,534.2427044054017,543.1632690429688,,4820910
24/11/2025,541.6765145275081,542.6676883875766,527.8000804865471,530.2780151367188,,6500582
25/11/2025,533.7471182077484,539.1985743825722,528.7912489579086,531.7647705078125,,4521625
26/11/2025,532.7559542874677,542.6676929718858,529.7824326821424,540.1897583007812,,3823179
27/11/2025,544.6500462003004,545.1456331395182,535.729481294381,538.7030029296875,,3194865
28/11/2025,540.1897670525634,544.1544625905639,532.2603759765625,532.2603759765625,,4020358
01/12/2025,531.7647804190259,540.1897583007812,528.7912588137006,540.1897583007812,,5266614
02/12/2025,540.189742139516,550.5970674467911,535.2338729455755,544.6500244140625,,5497018
03/12/2025,546.1367752320143,554.0661657979963,518.8794951614509,524.8265380859375,,15802833
04/12/2025,525.8177359156035,528.7912575136182,520.861866585579,523.8353881835938,,7189509
05/12/2025,524.3309749087972,526.3133226400214,507.48101919339166,509.9589538574219,,10099213
08/12/2025,512.9324991669135,528.2956947941351,508.4722165654621,522.84423828125,,8749426
09/12/2025,522.844182583769,526.8088778071531,518.8794873603849,521.357421875,,4221243
10/12/2025,524.3309589550598,535.2338711450516,522.8441982018791,528.295654296875,,7750769
11/12/2025,531.2691619542531,550.597051241768,526.3132929061725,549.1102905273438,,11497320
12/12/2025,550.1015145046707,553.5706231547001,544.6500580546244,552.0838623046875,,4583665
15/12/2025,554.0662108523594,570.9161671752397,551.5882760989947,568.438232421875,,6500737
16/12/2025,568.4382171226831,569.4293909973521,560.0132391879964,561.5,,6333466
17/12/2025,562.0,563.5,547.0,551.5,,6024210
18/12/2025,553.5,556.0,542.0,544.5,,6057717
19/12/2025,545.0,552.0,544.0,550.0,,5414920
22/12/2025,552.5,553.5,538.5,540.0,3634398
23/12/2025,541.0,548.0,533.5,535.5,5416475
24/12/2025,544.0,565.5,543.5,552.0,13338091
25/12/2025,552.0,554.5,548.0,548.0,2233663
26/12/2025,549.0,551.0,541.0,543.5,3040155
29/12/2025,543.5,544.5,529.0,530.0,4593556
30/12/2025,531.5,540.5,526.5,539.0,5653007
31/12/2025,540.0,547.5,535.0,536.5,5758865
02/01/2026,536.5,544.0,535.5,543.0,3243966
05/01/2026,543.5,563.5,543.0,553.5,8545964
06/01/2026,556.0,579.0,551.0,573.5,10141722
07/01/2026,578.0,590.5,574.5,587.0,7150058
08/01/2026,587.0,593.0,575.0,592.0,5753649
09/01/2026,598.0,604.5,591.5,604.5,5532142
12/01/2026,612.0,632.0,604.0,619.0,8361304
13/01/2026,619.0,655.0,618.0,643.0,12488056
14/01/2026,648.5,655.5,620.0,621.5,10274715
15/01/2026,623.0,629.0,615.0,624.5,8463738
16/01/2026,625.5,647.5,622.0,647.0,9513686
19/01/2026,654.0,655.0,621.0,621.0,8437395
20/01/2026,621.0,625.5,613.5,618.0,8187912
21/01/2026,620.0,624.5,610.5,611.0,5758048
22/01/2026,622.0,639.5,617.0,626.0,12669442
23/01/2026,629.0,639.5,624.5,628.5,6970585
26/01/2026,625.0,636.5,622.0,633.0,6922029
27/01/2026,635.0,637.5,625.0,625.0,5942296
28/01/2026,626.0,643.5,626.0,637.0,7104185
29/01/2026,645.5,679.5,640.5,675.0,13619684
30/01/2026,677.0,677.0,656.0,664.0,8229381
02/02/2026,652.5,680.5,638.0,665.5,12078520
03/02/2026,674.5,698.5,670.0,683.5,12108579
04/02/2026,690.0,693.0,680.5,688.5,6219789
05/02/2026,685.0,698.0,676.5,676.5,8121090
06/02/2026,676.5,686.5,674.0,683.0,5137555
09/02/2026,690.0,708.5,688.5,704.0,6291849
10/02/2026,704.0,706.0,693.5,698.5,5737416
11/02/2026,694.0,711.0,685.0,698.0,6904914
12/02/2026,703.0,708.5,690.0,701.5,9554981
13/02/2026,702.0,714.0,698.5,707.5,8559771
16/02/2026,712.0,724.5,707.0,716.0,7059770
17/02/2026,716.0,716.0,699.0,699.0,5858202
18/02/2026,701.0,719.0,691.0,705.0,9589362
19/02/2026,710.0,710.0,684.0,690.0,6840224
20/02/2026,690.5,697.0,672.5,684.0,5628151
23/02/2026,696.0,702.5,687.5,689.0,5175401
24/02/2026,687.5,696.5,685.0,690.5,4830183
25/02/2026,693.5,695.0,678.5,683.5,3912230
26/02/2026,685.0,685.0,662.0,677.5,5358197
27/02/2026,682.0,683.0,653.0,667.5,8792595
02/03/2026,630.0,683.0,628.0,674.5,6640500
03/03/2026,676.5,688.0,652.5,653.0,5744345
04/03/2026,652.0,662.5,638.5,659.5,6110471
05/03/2026,664.0,668.5,645.0,645.0,4093887
06/03/2026,645.0,647.0,617.0,621.0,5508779
09/03/2026,608.5,640.0,607.5,639.5,5835692
10/03/2026,654.0,658.0,644.5,652.5,4570499
11/03/2026,665.0,697.5,665.0,694.5,10488660
12/03/2026,692.5,721.0,688.0,708.5,8743224
13/03/2026,708.5,715.0,697.0,707.0,4379863
16/03/2026,707.0,707.5,677.5,683.0,4413826
17/03/2026,687.0,692.0,681.5,688.0,3001251
18/03/2026,688.0,694.0,667.5,675.0,4430021
19/03/2026,671.5,692.0,663.0,692.0,2610888
23/03/2026,685.0,693.0,653.0,692.0,7398200
24/03/2026,689.0,689.5,673.0,679.5,4085475
25/03/2026,685.5,708.0,685.5,705.0,7038627
26/03/2026,705.0,705.0,673.0,673.0,5309794
27/03/2026,679.5,685.0,670.5,670.5,3611367
30/03/2026,669.0,682.0,662.5,677.0,2830706
31/03/2026,681.0,690.0,673.5,683.0,4164035
01/04/2026,694.0,700.0,688.5,689.0,4391380
02/04/2026,683.0,710.5,681.0,703.5,5841313
03/04/2026,707.0,708.0,686.5,691.0,4217711
06/04/2026,691.0,696.0,685.0,691.0,4680137
07/04/2026,691.0,697.5,683.5,685.5,4374254
08/04/2026,710.0,739.5,710.0,726.5,7915225
09/04/2026,726.0,746.0,724.0,739.0,4761088
10/04/2026,744.0,751.5,734.5,751.0,4765926
13/04/2026,739.5,744.0,730.0,744.0,5205580
14/04/2026,748.5,763.5,743.5,752.0,5656715
15/04/2026,755.5,766.0,750.0,753.0,3493631
16/04/2026,758.5,765.0,744.0,746.0,3445344
17/04/2026,748.0,770.5,742.5,765.0,5990677
20/04/2026,755.5,764.5,750.0,756.0,3426728
21/04/2026,758.5,765.0,752.5,752.5,2912672
22/04/2026,758.0,770.5,752.5,763.0,4359906
24/04/2026,761.0,761.5,747.0,760.0,3729933
27/04/2026,761.5,764.0,751.5,752.5,3008305
28/04/2026,752.0,752.5,729.0,730.0,3480818
29/04/2026,732.5,739.0,732.0,734.0,491386
