Tarih,Açılış,Yüksek,Düşük,Kapanış,Düzeltilmiş_Kapanış,Hacim
29/10/2015,3.446665048599243,3.446665048599243,3.446665048599243,3.446665048599243,2.44144344329834,0
30/10/2015,3.459999084472656,3.473331928253174,3.4333319664001465,3.446665048599243,2.44144344329834,2588540
02/11/2015,3.5466649532318115,3.5466649532318115,3.446665048599243,3.466665029525757,2.4556102752685547,6382675
03/11/2015,3.4866650104522705,3.506664991378784,3.473331928253174,3.4866650104522705,2.469778299331665,2550768
04/11/2015,3.526664972305298,3.533332109451294,3.513331890106201,3.513331890106201,2.488667249679565,1679433
05/11/2015,3.47999906539917,3.506664991378784,3.47999906539917,3.4933319091796875,2.4745004177093506,2664164
06/11/2015,3.459999084472656,3.466665029525757,3.41999888420105,3.4333319664001465,2.4319992065429688,1678090
09/11/2015,3.459999084472656,3.506664991378784,3.45333194732666,3.506664991378784,2.4839446544647217,1649262
10/11/2015,3.446665048599243,3.466665029525757,3.426665067672729,3.4333319664001465,2.4319992065429688,1575028
11/11/2015,3.41999888420105,3.4399991035461426,3.399998903274536,3.399998903274536,2.40871524810791,1687111
12/11/2015,3.413331985473633,3.413331985473633,3.3799989223480225,3.406665086746216,2.413437843322754,1469772
13/11/2015,3.399998903274536,3.399998903274536,3.373332023620605,3.393332004547119,2.4039926528930664,1564732
16/11/2015,3.3799989223480225,3.413331985473633,3.3799989223480225,3.393332004547119,2.4039926528930664,1904382
17/11/2015,3.3799989223480225,3.3799989223480225,3.333332061767578,3.333332061767578,2.3614861965179443,2689173
18/11/2015,3.346664905548096,3.353332042694092,3.3133320808410645,3.3133320808410645,2.3473165035247803,1445275
19/11/2015,3.319998979568481,3.326664924621582,3.279999017715454,3.293332099914551,2.333147525787353,2108627
20/11/2015,3.299998998641968,3.3133320808410645,3.2866649627685547,3.2866649627685547,2.3284246921539307,2854043
23/11/2015,3.279999017715454,3.346664905548096,3.279999017715454,3.3133320808410645,2.3473165035247803,2622561
24/11/2015,3.2533318996429443,3.293332099914551,3.1333320140838623,3.1666650772094727,2.243411064147949,5262421
25/11/2015,3.153331995010376,3.219999074935913,3.093332052230835,3.1733319759368896,2.2481346130371094,2945049
26/11/2015,3.1799991130828857,3.1999990940093994,3.093332052230835,3.099998950958252,2.1961820125579834,2946290
27/11/2015,3.1866650581359863,3.213331937789917,3.1133320331573486,3.1266651153564453,2.215073347091675,2010372
30/11/2015,3.1066648960113525,3.2066650390625,3.093332052230835,3.1933319568634038,2.262303113937378,8400711
01/12/2015,3.1999990940093994,3.213331937789917,3.1733319759368896,3.1999990940093994,2.267026424407959,4063918
02/12/2015,3.213331937789917,3.2333319187164307,3.159998893737793,3.1999990940093994,2.267026424407959,6386257
03/12/2015,3.2266650199890137,3.2266650199890137,3.1133320331573486,3.1333320140838623,2.219796657562256,4960487
04/12/2015,3.1399989128112797,3.146665096282959,3.066664934158325,3.146665096282959,2.22924280166626,5275057
07/12/2015,3.153331995010376,3.153331995010376,3.053332090377808,3.053332090377808,2.163120985031128,2777796
08/12/2015,3.0466649532318115,3.066664934158325,2.9866650104522705,3.013331890106201,2.1347827911376958,2793270
09/12/2015,3.013331890106201,3.066664934158325,2.9866650104522705,3.0199990272521973,2.1395063400268555,3443180
10/12/2015,3.006664991378784,3.039999008178711,2.91999888420105,2.9333319664001465,2.0781075954437256,3763553
11/12/2015,2.946665048599243,2.973331928253174,2.893332004547119,2.893332004547119,2.0497689247131348,4722329
14/12/2015,2.926665067672729,2.973331928253174,2.826664924621582,2.839998960494995,2.011986017227173,2648811
15/12/2015,2.846664905548096,2.97999906539917,2.846664905548096,2.966665029525757,2.10172176361084,3519320
16/12/2015,2.95333194732666,2.999999046325684,2.8666648864746094,2.966665029525757,2.10172176361084,3108054
17/12/2015,2.966665029525757,3.026664972305298,2.946665048599243,3.013331890106201,2.1347827911376958,2434355
18/12/2015,3.013331890106201,3.039999008178711,2.973331928253174,3.026664972305298,2.14422869682312,3694739
21/12/2015,3.033332109451294,3.066664934158325,2.966665029525757,2.966665029525757,2.10172176361084,1609194
22/12/2015,2.966665029525757,2.973331928253174,2.913331985473633,2.95333194732666,2.092276096343994,1549468
23/12/2015,2.97999906539917,2.999999046325684,2.91999888420105,2.926665067672729,2.073384046554565,2149262
24/12/2015,2.9866650104522705,3.053332090377808,2.97999906539917,3.033332109451294,2.1489522457122803,3228845
25/12/2015,3.033332109451294,3.039999008178711,2.9866650104522705,3.013331890106201,2.1347827911376958,540490
28/12/2015,3.013331890106201,3.039999008178711,2.946665048599243,2.959999084472656,2.0969996452331543,2186514
29/12/2015,2.959999084472656,2.973331928253174,2.913331985473633,2.9399991035461426,2.0828306674957275,1816562
30/12/2015,2.9399991035461426,2.973331928253174,2.926665067672729,2.95333194732666,2.092276096343994,2027705
31/12/2015,2.959999084472656,3.099998950958252,2.7533318996429443,3.013331890106201,2.1347827911376958,4210025
01/01/2016,3.013331890106201,3.013331890106201,3.013331890106201,3.013331890106201,2.1347827911376958,0
04/01/2016,2.8666648864746094,2.899998903274536,2.819998979568481,2.833332061767578,2.0072624683380127,2802620
05/01/2016,2.846664905548096,2.853332042694092,2.713331937789917,2.719999074935913,1.9269728660583496,6312567
06/01/2016,2.7066650390625,2.7399990558624268,2.6733319759368896,2.719999074935913,1.9269728660583496,6776034
07/01/2016,2.6866650581359863,2.773332118988037,2.6799991130828857,2.7533318996429443,1.9505871534347532,6796969
08/01/2016,2.773332118988037,2.833332061767578,2.7399990558624268,2.8066649436950684,1.9883708953857424,6389389
11/01/2016,2.7866649627685547,2.846664905548096,2.7599990367889404,2.819998979568481,1.9978173971176147,3824288
12/01/2016,2.839998960494995,2.853332042694092,2.773332118988037,2.799998998641968,1.9836479425430296,5326050
13/01/2016,2.819998979568481,2.859998941421509,2.7866649627685547,2.799998998641968,1.9836479425430296,7762983
14/01/2016,2.773332118988037,2.793332099914551,2.746665000915528,2.779999017715454,1.9694794416427608,3760792
15/01/2016,2.7866649627685547,2.793332099914551,2.7399990558624268,2.7599990367889404,1.955310344696045,3455484
18/01/2016,2.773332118988037,2.826664924621582,2.766664981842041,2.7866649627685547,1.9742019176483157,3028911
19/01/2016,2.8133320808410645,2.853332042694092,2.746665000915528,2.779999017715454,1.9694794416427608,3299007
20/01/2016,2.746665000915528,2.766664981842041,2.6666650772094727,2.6733319759368896,1.8939112424850464,6489366
21/01/2016,2.6666650772094727,2.7066650390625,2.6066648960113525,2.6666650772094727,1.889187574386597,3890216
22/01/2016,2.6666650772094727,2.6666650772094727,2.6666650772094727,2.6666650772094727,1.889187574386597,0
25/01/2016,2.6799991130828857,2.6999990940093994,2.6666650772094727,2.6866650581359863,1.9033572673797607,3660983
26/01/2016,2.6666650772094727,2.713331937789917,2.646665096282959,2.713331937789917,1.9222489595413208,4094075
27/01/2016,2.719999074935913,2.7866649627685547,2.6933319568634038,2.779999017715454,1.9694794416427608,8058683
28/01/2016,2.819998979568481,2.846664905548096,2.7866649627685547,2.826664924621582,2.00253963470459,4460627
29/01/2016,2.833332061767578,2.9333319664001465,2.833332061767578,2.926665067672729,2.073384046554565,7598774
01/02/2016,2.899998903274536,2.959999084472656,2.8066649436950684,2.846664905548096,2.0167081356048584,5827993
02/02/2016,2.846664905548096,2.886665105819702,2.7866649627685547,2.793332099914551,1.9789243936538696,8520944
03/02/2016,2.7599990367889404,2.7866649627685547,2.7399990558624268,2.779999017715454,1.9694794416427608,5871090
04/02/2016,2.826664924621582,2.8799989223480225,2.799998998641968,2.859998941421509,2.0261545181274414,4164712
05/02/2016,2.859998941421509,2.899998903274536,2.839998960494995,2.893332004547119,2.0497689247131348,3556318
08/02/2016,2.913331985473633,2.926665067672729,2.819998979568481,2.853332042694092,2.0214314460754395,3622964
09/02/2016,2.826664924621582,2.839998960494995,2.7533318996429443,2.839998960494995,2.011986017227173,3401733
10/02/2016,2.819998979568481,2.91999888420105,2.799998998641968,2.8666648864746094,2.030877113342285,5053244
11/02/2016,2.833332061767578,2.913331985473633,2.793332099914551,2.893332004547119,2.0497689247131348,5062957
12/02/2016,2.893332004547119,2.97999906539917,2.886665105819702,2.926665067672729,2.073384046554565,3870028
15/02/2016,2.9399991035461426,2.946665048599243,2.799998998641968,2.926665067672729,2.073384046554565,3511801
16/02/2016,2.926665067672729,2.95333194732666,2.886665105819702,2.893332004547119,2.0497689247131348,3821086
17/02/2016,2.8799989223480225,2.973331928253174,2.8799989223480225,2.926665067672729,2.073384046554565,3861103
18/02/2016,2.9333319664001465,2.9933319091796875,2.906665086746216,2.973331928253174,2.106445074081421,4957672
19/02/2016,2.946665048599243,2.966665029525757,2.913331985473633,2.926665067672729,2.073384046554565,1795226
22/02/2016,2.973331928253174,2.97999906539917,2.946665048599243,2.959999084472656,2.0969996452331543,2284851
23/02/2016,2.946665048599243,3.039999008178711,2.9399991035461426,3.026664972305298,2.14422869682312,3135422
24/02/2016,3.0199990272521973,3.066664934158325,2.973331928253174,3.039999008178711,2.1536753177642822,5068693
25/02/2016,3.093332052230835,3.1133320331573486,3.0466649532318115,3.1066648960113525,2.200904130935669,5435046
26/02/2016,3.1199989318847656,3.1866650581359863,3.1199989318847656,3.146665096282959,2.22924280166626,3942788
29/02/2016,3.1199989318847656,3.2533318996429443,3.1199989318847656,3.1866650581359863,2.257580041885376,5961001
01/03/2016,3.1733319759368896,3.1999990940093994,3.093332052230835,3.1266651153564453,2.215073347091675,4319774
02/03/2016,3.1866650581359863,3.1933319568634038,3.1133320331573486,3.1133320331573486,2.205627918243408,3622426
03/03/2016,3.1333320140838623,3.159998893737793,3.1066648960113525,3.146665096282959,2.22924280166626,3671086
04/03/2016,3.1199989318847656,3.1933319568634038,3.1133320331573486,3.146665096282959,2.22924280166626,3599543
07/03/2016,3.159998893737793,3.1866650581359863,3.1133320331573486,3.1266651153564453,2.215073347091675,2507769
08/03/2016,3.1133320331573486,3.1333320140838623,3.099998950958252,3.1066648960113525,2.200904130935669,1931270
09/03/2016,3.099998950958252,3.1399989128112797,3.086664915084839,3.1266651153564453,2.215073347091675,2102265
10/03/2016,3.1266651153564453,3.1266651153564453,3.0466649532318115,3.066664934158325,2.1725664138793945,2940071
11/03/2016,3.086664915084839,3.146665096282959,3.0599989891052246,3.1399989128112797,2.2245194911956787,4260821
14/03/2016,3.1399989128112797,3.1666650772094727,3.093332052230835,3.159998893737793,2.2386891841888428,2640237
15/03/2016,3.159998893737793,3.1666650772094727,3.039999008178711,3.0599989891052246,2.167843580245972,4592807
16/03/2016,3.0733320713043213,3.086664915084839,2.966665029525757,3.0199990272521973,2.1395063400268555,4978816
17/03/2016,3.0799989700317383,3.159998893737793,3.066664934158325,3.159998893737793,2.2386891841888428,3857456
18/03/2016,3.1666650772094727,3.293332099914551,3.1266651153564453,3.293332099914551,2.333147525787353,7569896
21/03/2016,3.293332099914551,3.293332099914551,3.219999074935913,3.2399990558624268,2.2953641414642334,10286312
22/03/2016,3.2066650390625,3.2266650199890137,3.153331995010376,3.213331937789917,2.2764718532562256,6346135
23/03/2016,3.1933319568634038,3.213331937789917,3.1733319759368896,3.213331937789917,2.2764718532562256,4367231
24/03/2016,3.213331937789917,3.2533318996429443,3.1999990940093994,3.2333319187164307,2.2906410694122314,5304495
25/03/2016,3.2333319187164307,3.2599990367889404,3.219999074935913,3.2399990558624268,2.2953641414642334,511168
28/03/2016,3.2399990558624268,3.2866649627685547,3.2333319187164307,3.2599990367889404,2.3095333576202397,863059
29/03/2016,3.266664981842041,3.3066649436950684,3.2333319187164307,3.2599990367889404,2.3095333576202397,2947428
30/03/2016,3.273332118988037,3.3066649436950684,3.219999074935913,3.219999074935913,2.281195640563965,3787666
31/03/2016,3.2266650199890137,3.3066649436950684,3.1999990940093994,3.2533318996429443,2.3048095703125,7176549
01/04/2016,3.2399990558624268,3.279999017715454,3.1866650581359863,3.2066650390625,2.271749496459961,2758884
04/04/2016,3.2266650199890137,3.2599990367889404,3.219999074935913,3.2533318996429443,2.3048095703125,2009529
05/04/2016,3.2399990558624268,3.246665000915528,3.159998893737793,3.1733319759368896,2.2481346130371094,7330023
06/04/2016,3.1933319568634038,3.1933319568634038,3.1066648960113525,3.1266651153564453,2.215073347091675,3850295
07/04/2016,3.1666650772094727,3.1666650772094727,3.093332052230835,3.099998950958252,2.1961820125579834,3717874
08/04/2016,3.099998950958252,3.146665096282959,3.093332052230835,3.146665096282959,2.22924280166626,5477511
11/04/2016,3.1399989128112797,3.1866650581359863,3.1399989128112797,3.1666650772094727,2.243411064147949,4361180
12/04/2016,3.1666650772094727,3.1799991130828857,3.1066648960113525,3.1266651153564453,2.215073347091675,5497479
13/04/2016,3.153331995010376,3.1799991130828857,3.1333320140838623,3.1733319759368896,2.2481346130371094,5923593
14/04/2016,3.1733319759368896,3.1999990940093994,3.153331995010376,3.159998893737793,2.2386891841888428,8369444
15/04/2016,3.1733319759368896,3.1799991130828857,3.146665096282959,3.1733319759368896,2.2481346130371094,4840744
18/04/2016,3.146665096282959,3.2266650199890137,3.146665096282959,3.219999074935913,2.281195640563965,7504484
19/04/2016,3.2266650199890137,3.279999017715454,3.2066650390625,3.279999017715454,2.323702573776245,9775487
20/04/2016,3.213331937789917,3.246665000915528,3.1866650581359863,3.1933319568634038,2.262670993804932,5240035
21/04/2016,3.1933319568634038,3.2533318996429443,3.1866650581359863,3.2533318996429443,2.305184364318848,4338902
22/04/2016,3.2533318996429443,3.333332061767578,3.2399990558624268,3.333332061767578,2.3618698120117188,10623204
25/04/2016,3.326664924621582,3.346664905548096,3.293332099914551,3.319998979568481,2.352421998977661,5211463
26/04/2016,3.319998979568481,3.346664905548096,3.2866649627685547,3.3133320808410645,2.347698211669922,3640877
27/04/2016,3.326664924621582,3.346664905548096,3.266664981842041,3.273332118988037,2.319355726242065,4176502
28/04/2016,3.279999017715454,3.3133320808410645,3.2399990558624268,3.246665000915528,2.3004603385925293,3551699
29/04/2016,3.2533318996429443,3.2866649627685547,3.2066650390625,3.2399990558624268,2.295737266540528,6321132
02/05/2016,3.246665000915528,3.246665000915528,3.1733319759368896,3.1799991130828857,2.253223180770874,2870462
03/05/2016,3.1933319568634038,3.1999990940093994,3.1133320331573486,3.1199989318847656,2.210710048675537,3677465
04/05/2016,3.1133320331573486,3.1266651153564453,2.999999046325684,3.006664991378784,2.130406141281128,5150189
05/05/2016,2.9333319664001465,3.0599989891052246,2.926665067672729,3.013331890106201,2.135129690170288,4750142
06/05/2016,3.013331890106201,3.153331995010376,2.999999046325684,3.086664915084839,2.1870903968811035,5134813
09/05/2016,3.086664915084839,3.153331995010376,3.086664915084839,3.1333320140838623,2.2201571464538574,3514741
10/05/2016,3.153331995010376,3.1666650772094727,3.0599989891052246,3.086664915084839,2.1870903968811035,6154902
11/05/2016,3.093332052230835,3.1266651153564453,3.0466649532318115,3.086664915084839,2.1870903968811035,5242990
12/05/2016,3.099998950958252,3.1333320140838623,3.0466649532318115,3.086664915084839,2.1870903968811035,6470466
13/05/2016,3.0199990272521973,3.0199990272521973,2.8799989223480225,2.899998903274536,2.0548267364501958,18984911
16/05/2016,2.906665086746216,2.966665029525757,2.899998903274536,2.926665067672729,2.073720693588257,11109186
17/05/2016,2.9399991035461426,2.966665029525757,2.893332004547119,2.906665086746216,2.0595502853393555,11142087
18/05/2016,2.893332004547119,2.899998903274536,2.819998979568481,2.839998960494995,2.0123131275177,10151579
19/05/2016,2.839998960494995,2.839998960494995,2.839998960494995,2.839998960494995,2.0123131275177,0
20/05/2016,2.833332061767578,2.966665029525757,2.833332061767578,2.95333194732666,2.092616319656372,7124328
23/05/2016,2.960999011993408,3.0029990673065186,2.918998956680298,2.9959990978240967,2.1228485107421875,4387752
24/05/2016,2.988998889923096,3.023998975753784,2.904999017715454,3.0099990367889404,2.132768154144287,10732340
25/05/2016,3.023998975753784,3.0659990310668945,2.981998920440674,3.0659990310668945,2.172447443008423,8643803
26/05/2016,3.04499888420105,3.0659990310668945,2.9959990978240967,3.0659990310668945,2.172447443008423,5577435
27/05/2016,3.0729990005493164,3.0799989700317383,3.023998975753784,3.04499888420105,2.1575677394866943,5712580
30/05/2016,3.04499888420105,3.093998908996582,3.030998945236206,3.04499888420105,2.1575677394866943,3688892
31/05/2016,3.0589990615844727,3.0589990615844727,2.96799898147583,2.96799898147583,2.103008985519409,76609844
01/06/2016,3.0099990367889404,3.0099990367889404,2.9469990730285645,2.9469990730285645,2.0881290435791016,19175004
02/06/2016,2.9539990425109863,2.9959990978240967,2.9469990730285645,2.96799898147583,2.103008985519409,8468259
03/06/2016,2.96799898147583,3.037998914718628,2.96799898147583,2.9959990978240967,2.1228485107421875,9204671
06/06/2016,3.0029990673065186,3.037998914718628,2.988998889923096,3.0029990673065186,2.127808094024658,8234128
07/06/2016,3.0099990367889404,3.0659990310668945,2.981998920440674,2.9959990978240967,2.1228485107421875,17384804
08/06/2016,3.0099990367889404,3.0169990062713623,2.96799898147583,3.0029990673065186,2.127808094024658,10669158
09/06/2016,2.9959990978240967,3.0099990367889404,2.918998956680298,2.92599892616272,2.073248863220215,9254892
10/06/2016,2.9329988956451416,2.960999011993408,2.92599892616272,2.9399991035461426,2.083169460296631,4487512
13/06/2016,2.92599892616272,2.974998950958252,2.904999017715454,2.974998950958252,2.1079680919647217,6054916
14/06/2016,2.960999011993408,3.023998975753784,2.9399991035461426,2.981998920440674,2.112928628921509,6795123
15/06/2016,2.9959990978240967,3.0169990062713623,2.960999011993408,2.960999011993408,2.098048686981201,5033562
16/06/2016,2.9469990730285645,2.960999011993408,2.855998992919922,2.855998992919922,2.0236501693725586,9597199
17/06/2016,2.897999048233032,2.911998987197876,2.855998992919922,2.911998987197876,2.0633292198181152,5197650
20/06/2016,2.960999011993408,2.974998950958252,2.9329988956451416,2.974998950958252,2.1079680919647217,3426133
21/06/2016,2.9539990425109863,2.988998889923096,2.9399991035461426,2.9539990425109863,2.0930886268615723,3123415
22/06/2016,2.96799898147583,2.981998920440674,2.904999017715454,2.9399991035461426,2.083169460296631,5263492
23/06/2016,2.9399991035461426,2.988998889923096,2.9329988956451416,2.96799898147583,2.103008985519409,5765951
24/06/2016,2.8279991149902344,2.92599892616272,2.8279991149902344,2.897999048233032,2.053409576416016,5358195
27/06/2016,2.911998987197876,3.107999086380005,2.911998987197876,3.08699893951416,2.1873269081115723,20103971
28/06/2016,3.1149990558624268,3.156999111175537,3.0799989700317383,3.1149990558624268,2.207166910171509,18966242
29/06/2016,3.1219990253448486,3.170999050140381,3.1149990558624268,3.149998903274536,2.231966495513916,13984234
30/06/2016,3.149998903274536,3.1849989891052246,3.0729990005493164,3.0729990005493164,2.177407741546631,17735139
01/07/2016,3.100999116897583,3.170999050140381,3.0799989700317383,3.1149990558624268,2.207166910171509,10272148
04/07/2016,3.1429989337921143,3.163999080657959,3.1219990253448486,3.156999111175537,2.236926794052124,1866046
05/07/2016,3.156999111175537,3.156999111175537,3.156999111175537,3.156999111175537,2.236926794052124,0
06/07/2016,3.156999111175537,3.156999111175537,3.156999111175537,3.156999111175537,2.236926794052124,0
07/07/2016,3.156999111175537,3.156999111175537,3.156999111175537,3.156999111175537,2.236926794052124,0
08/07/2016,3.163999080657959,3.219999074935913,3.149998903274536,3.2059988975524902,2.271646022796631,6254118
11/07/2016,3.212999105453491,3.2479989528656006,3.1849989891052246,3.1989989280700684,2.2666866779327397,7830545
12/07/2016,3.2059988975524902,3.2549989223480225,3.1989989280700684,3.2409989833831787,2.2964463233947754,10731555
13/07/2016,3.2549989223480225,3.282999038696289,3.212999105453491,3.2479989528656006,2.301405668258667,5883188
14/07/2016,3.275999069213867,3.289999008178711,3.2479989528656006,3.2689990997314453,2.3162858486175537,4589187
15/07/2016,3.275999069213867,3.275999069213867,3.212999105453491,3.233999013900757,2.2914857864379883,3395542
18/07/2016,3.1849989891052246,3.2059988975524902,3.0659990310668945,3.1849989891052246,2.2567663192749023,12124190
19/07/2016,3.149998903274536,3.2549989223480225,3.149998903274536,3.1989989280700684,2.2666866779327397,7451596
20/07/2016,3.1849989891052246,3.2619988918304443,3.1359989643096924,3.233999013900757,2.2914857864379883,7287163
21/07/2016,3.226999044418335,3.2619988918304443,2.960999011993408,2.988998889923096,2.1178884506225586,18151310
22/07/2016,3.04499888420105,3.051999092102051,2.897999048233032,2.92599892616272,2.073248863220215,7324333
25/07/2016,2.96799898147583,3.051999092102051,2.92599892616272,3.030998945236206,2.1476480960845947,19438238
26/07/2016,3.0659990310668945,3.08699893951416,3.030998945236206,3.051999092102051,2.1625277996063232,16825490
27/07/2016,3.0659990310668945,3.093998908996582,3.030998945236206,3.0799989700317383,2.1823675632476807,9803078
28/07/2016,3.093998908996582,3.1429989337921143,3.0799989700317383,3.107999086380005,2.202207088470459,5635954
29/07/2016,3.1149990558624268,3.1149990558624268,3.0659990310668945,3.0799989700317383,2.1823675632476807,4204715
01/08/2016,3.100999116897583,3.1219990253448486,3.093998908996582,3.100999116897583,2.197247266769409,4883331
02/08/2016,3.1149990558624268,3.1779990196228027,3.093998908996582,3.170999050140381,2.2468466758728027,10543651
03/08/2016,3.170999050140381,3.212999105453491,3.156999111175537,3.1919989585876465,2.2617263793945312,11732897
04/08/2016,3.212999105453491,3.2619988918304443,3.1989989280700684,3.2549989223480225,2.306365728378296,5589820
05/08/2016,3.2689990997314453,3.275999069213867,3.1219990253448486,3.1989989280700684,2.2666866779327397,7104533
08/08/2016,3.2409989833831787,3.282999038696289,3.212999105453491,3.275999069213867,2.3212451934814453,10709678
09/08/2016,3.282999038696289,3.296998977661133,3.219999074935913,3.219999074935913,2.281566381454468,16254378
10/08/2016,3.2409989833831787,3.2479989528656006,3.1219990253448486,3.1429989337921143,2.2270069122314453,8917646
11/08/2016,3.149998903274536,3.2059988975524902,3.1359989643096924,3.1989989280700684,2.2666866779327397,10034725
12/08/2016,3.2059988975524902,3.219999074935913,3.093998908996582,3.107999086380005,2.202207088470459,11170848
15/08/2016,3.1219990253448486,3.1989989280700684,3.1219990253448486,3.1779990196228027,2.251806735992432,8656769
16/08/2016,3.2059988975524902,3.226999044418335,3.163999080657959,3.170999050140381,2.2468466758728027,7135460
17/08/2016,3.1779990196228027,3.233999013900757,3.1779990196228027,3.2059988975524902,2.271646022796631,11194204
18/08/2016,3.226999044418335,3.233999013900757,3.1359989643096924,3.149998903274536,2.231966495513916,5649490
19/08/2016,3.149998903274536,3.156999111175537,3.1149990558624268,3.1289989948272705,2.2170870304107666,7525753
22/08/2016,3.107999086380005,3.1429989337921143,3.100999116897583,3.1289989948272705,2.2170870304107666,2985767
23/08/2016,3.1359989643096924,3.156999111175537,3.107999086380005,3.1289989948272705,2.2170870304107666,3545043
24/08/2016,3.0799989700317383,3.0799989700317383,3.04499888420105,3.0589990615844727,2.167487621307373,3856692
25/08/2016,3.0729990005493164,3.1149990558624268,3.0729990005493164,3.093998908996582,2.1922876834869385,2892687
26/08/2016,3.100999116897583,3.1359989643096924,3.0799989700317383,3.1359989643096924,2.2220470905303955,2386327
29/08/2016,3.1219990253448486,3.1289989948272705,3.0729990005493164,3.0729990005493164,2.177407741546631,2112014
30/08/2016,3.0729990005493164,3.0729990005493164,3.0729990005493164,3.0729990005493164,2.177407741546631,0
31/08/2016,3.0799989700317383,3.100999116897583,3.051999092102051,3.0589990615844727,2.167487621307373,4414584
01/09/2016,3.0659990310668945,3.08699893951416,3.051999092102051,3.0589990615844727,2.167487621307373,3744222
02/09/2016,3.0729990005493164,3.100999116897583,3.0659990310668945,3.0799989700317383,2.1823675632476807,4064328
05/09/2016,3.100999116897583,3.1149990558624268,3.08699893951416,3.093998908996582,2.1922876834869385,4061115
06/09/2016,3.100999116897583,3.1429989337921143,3.093998908996582,3.1359989643096924,2.2220470905303955,6015866
07/09/2016,3.1359989643096924,3.170999050140381,3.1359989643096924,3.1359989643096924,2.2220470905303955,5430594
08/09/2016,3.1429989337921143,3.156999111175537,3.1359989643096924,3.149998903274536,2.231966495513916,3651042
09/09/2016,3.156999111175537,3.1849989891052246,3.1359989643096924,3.163999080657959,2.241886854171753,6347250
12/09/2016,3.163999080657959,3.163999080657959,3.163999080657959,3.163999080657959,2.241886854171753,0
13/09/2016,3.163999080657959,3.163999080657959,3.163999080657959,3.163999080657959,2.241886854171753,0
14/09/2016,3.163999080657959,3.163999080657959,3.163999080657959,3.163999080657959,2.241886854171753,0
15/09/2016,3.163999080657959,3.163999080657959,3.163999080657959,3.163999080657959,2.241886854171753,0
16/09/2016,3.170999050140381,3.1779990196228027,3.0729990005493164,3.0729990005493164,2.177407741546631,4282392
19/09/2016,3.100999116897583,3.149998903274536,3.0799989700317383,3.1219990253448486,2.212127208709717,6853876
20/09/2016,3.1289989948272705,3.1289989948272705,3.093998908996582,3.093998908996582,2.1922876834869385,3733589
21/09/2016,3.100999116897583,3.149998903274536,3.093998908996582,3.1149990558624268,2.207166910171509,3666888
22/09/2016,3.1359989643096924,3.1779990196228027,3.1359989643096924,3.163999080657959,2.241886854171753,4723767
23/09/2016,3.1779990196228027,3.1989989280700684,3.163999080657959,3.163999080657959,2.241886854171753,4954428
26/09/2016,3.037998914718628,3.1149990558624268,2.855998992919922,3.0799989700317383,2.1823675632476807,4665168
27/09/2016,3.093998908996582,3.1289989948272705,3.08699893951416,3.1289989948272705,2.2170870304107666,3439859
28/09/2016,3.1219990253448486,3.1219990253448486,3.093998908996582,3.093998908996582,2.192450761795044,2855317
29/09/2016,3.093998908996582,3.100999116897583,3.0589990615844727,3.0729990005493164,2.1775693893432617,3995932
30/09/2016,3.0589990615844727,3.08699893951416,3.04499888420105,3.0729990005493164,2.1775693893432617,3148600
03/10/2016,3.0799989700317383,3.1359989643096924,3.0729990005493164,3.08699893951416,2.187489748001098,5047672
04/10/2016,3.08699893951416,3.1149990558624268,3.08699893951416,3.107999086380005,2.202371120452881,5478765
05/10/2016,3.1219990253448486,3.2619988918304443,3.1149990558624268,3.212999105453491,2.276776075363159,17848182
06/10/2016,3.233999013900757,3.2689990997314453,3.1989989280700684,3.226999044418335,2.286696195602417,10123530
07/10/2016,3.2409989833831787,3.275999069213867,3.1989989280700684,3.2689990997314453,2.316458225250244,4992527
10/10/2016,3.275999069213867,3.296998977661133,3.219999074935913,3.233999013900757,2.291656494140625,7949522
11/10/2016,3.233999013900757,3.2409989833831787,3.1919989585876465,3.219999074935913,2.281736135482788,5670817
12/10/2016,3.233999013900757,3.233999013900757,3.1849989891052246,3.2059988975524902,2.271815299987793,3260518
13/10/2016,3.1989989280700684,3.233999013900757,3.156999111175537,3.233999013900757,2.291656494140625,4663571
14/10/2016,3.2409989833831787,3.2689990997314453,3.219999074935913,3.2689990997314453,2.316458225250244,3882892
17/10/2016,3.2619988918304443,3.2619988918304443,3.219999074935913,3.2479989528656006,2.30157732963562,2598556
18/10/2016,3.2549989223480225,3.3039989471435547,3.2479989528656006,3.3039989471435547,2.341259479522705,7167974
19/10/2016,3.3039989471435547,3.345999002456665,3.3039989471435547,3.345999002456665,2.371021270751953,5397985
20/10/2016,3.359998941421509,3.373999118804932,3.310998916625977,3.3249990940093994,2.356140375137329,7846025
21/10/2016,3.338999032974243,3.373999118804932,3.3249990940093994,3.3249990940093994,2.356140375137329,13289746
24/10/2016,3.345999002456665,3.380999088287353,3.338999032974243,3.345999002456665,2.371021270751953,3066356
25/10/2016,3.3319990634918213,3.3669989109039307,3.289999008178711,3.310998916625977,2.346219778060913,3505266
26/10/2016,3.3179988861083984,3.3319990634918213,3.3039989471435547,3.3249990940093994,2.356140375137329,2169372
27/10/2016,3.3249990940093994,3.3249990940093994,3.2689990997314453,3.282999038696289,2.32637882232666,2267952
28/10/2016,3.2619988918304443,3.3319990634918213,3.2619988918304443,3.310998916625977,2.346219778060913,1857730
31/10/2016,3.3319990634918213,3.338999032974243,3.2619988918304443,3.3039989471435547,2.341259479522705,2360833
01/11/2016,3.289999008178711,3.3039989471435547,3.212999105453491,3.226999044418335,2.286696195602417,4101014
02/11/2016,3.212999105453491,3.226999044418335,3.1849989891052246,3.219999074935913,2.281736135482788,3074018
03/11/2016,3.233999013900757,3.2409989833831787,3.2059988975524902,3.233999013900757,2.291656494140625,2137797
04/11/2016,3.163999080657959,3.226999044418335,3.163999080657959,3.1919989585876465,2.261894702911377,3638082
07/11/2016,3.212999105453491,3.226999044418335,3.1849989891052246,3.212999105453491,2.276776075363159,2525056
08/11/2016,3.1989989280700684,3.2619988918304443,3.1919989585876465,3.2619988918304443,2.311497926712036,4007508
09/11/2016,3.156999111175537,3.289999008178711,3.156999111175537,3.289999008178711,2.33133864402771,4793774
10/11/2016,3.3249990940093994,3.3319990634918213,3.2409989833831787,3.275999069213867,2.321418523788452,4136996
11/11/2016,3.2619988918304443,3.2619988918304443,3.1849989891052246,3.1849989891052246,2.256934404373169,3383323
14/11/2016,3.1989989280700684,3.282999038696289,3.1219990253448486,3.2689990997314453,2.316458225250244,5641357
15/11/2016,3.2689990997314453,3.275999069213867,3.219999074935913,3.2409989833831787,2.296617269515991,6320554
16/11/2016,3.2479989528656006,3.275999069213867,3.226999044418335,3.2689990997314453,2.316458225250244,6642054
17/11/2016,3.289999008178711,3.296998977661133,3.2409989833831787,3.2619988918304443,2.311497926712036,5894917
18/11/2016,3.2479989528656006,3.3319990634918213,3.2409989833831787,3.289999008178711,2.33133864402771,5822985
21/11/2016,3.289999008178711,3.338999032974243,3.2619988918304443,3.338999032974243,2.366060733795166,4813484
22/11/2016,3.3319990634918213,3.373999118804932,3.3319990634918213,3.359998941421509,2.38094162940979,3318695
23/11/2016,3.359998941421509,3.3669989109039307,3.2689990997314453,3.282999038696289,2.32637882232666,3958722
24/11/2016,3.289999008178711,3.352998971939087,3.2409989833831787,3.2409989833831787,2.296617269515991,3152886
25/11/2016,3.2549989223480225,3.289999008178711,3.2409989833831787,3.282999038696289,2.32637882232666,2196102
28/11/2016,3.296998977661133,3.3249990940093994,3.289999008178711,3.289999008178711,2.33133864402771,1870403
29/11/2016,3.282999038696289,3.3179988861083984,3.2689990997314453,3.296998977661133,2.336298942565918,2915263
30/11/2016,3.3039989471435547,3.310998916625977,3.2619988918304443,3.2689990997314453,2.316458225250244,2838773
01/12/2016,3.275999069213867,3.3179988861083984,3.2619988918304443,3.3039989471435547,2.341259479522705,4094395
02/12/2016,3.3179988861083984,3.443999052047729,3.310998916625977,3.408998966217041,2.415663480758667,7280990
05/12/2016,3.415998935699463,3.48599910736084,3.3949990272521973,3.401998996734619,2.410703659057617,4609399
06/12/2016,3.408998966217041,3.464998960494995,3.3949990272521973,3.3949990272521973,2.405742883682251,3583346
07/12/2016,3.3949990272521973,3.450999021530152,3.3949990272521973,3.4299991130828857,2.4305450916290283,3758493
08/12/2016,3.4299991130828857,3.478998899459839,3.408998966217041,3.436999082565308,2.4355053901672363,6799214
09/12/2016,3.443999052047729,3.471998929977417,3.408998966217041,3.450999021530152,2.445425510406494,4342928
12/12/2016,3.436999082565308,3.520998001098633,3.415998935699463,3.499998092651367,2.480146884918213,4872531
13/12/2016,3.506998062133789,3.5489981174468994,3.464998960494995,3.506998062133789,2.485107421875,7632796
14/12/2016,3.506998062133789,3.6049981117248535,3.492997884750366,3.583997964859009,2.539839506149292,8171346
15/12/2016,3.5559980869293213,3.6119980812072754,3.5489981174468994,3.583997964859009,2.539839506149292,4760474
16/12/2016,3.618998050689697,3.6749980449676514,3.6119980812072754,3.6469979286193848,2.5844855308532715,3990505
19/12/2016,3.6679980754852295,3.7099978923797607,3.625998020172119,3.688997983932495,2.614248275756836,5647884
20/12/2016,3.681998014450073,3.744997978210449,3.660998106002808,3.7309980392456055,2.644012689590454,3547808
21/12/2016,3.744997978210449,3.744997978210449,3.639997959136963,3.639997959136963,2.5795249938964844,5284445
22/12/2016,3.653997898101807,3.660998106002808,3.5979979038238525,3.6049981117248535,2.55472183227539,4107864
23/12/2016,3.6049981117248535,3.660998106002808,3.5979979038238525,3.632997989654541,2.5745632648468018,2666700
26/12/2016,3.639997959136963,3.6679980754852295,3.625998020172119,3.632997989654541,2.5745632648468018,571605
27/12/2016,3.639997959136963,3.653997898101807,3.6119980812072754,3.632997989654541,2.5745632648468018,2232592
28/12/2016,3.632997989654541,3.7099978923797607,3.632997989654541,3.695997953414917,2.619209289550781,2829513
29/12/2016,3.7099978923797607,3.765997886657715,3.702997922897339,3.765997886657715,2.668815851211548,3792143
30/12/2016,3.7799980640411377,3.7799980640411377,3.695997953414917,3.765997886657715,2.668815851211548,4273141
02/01/2017,3.751997947692871,3.751997947692871,3.695997953414917,3.723998069763184,2.639051914215088,1700964
03/01/2017,3.7379980087280273,3.758997917175293,3.660998106002808,3.751997947692871,2.6588945388793945,4230396
04/01/2017,3.758997917175293,3.758997917175293,3.7309980392456055,3.7379980087280273,2.6489734649658203,2130852
05/01/2017,3.751997947692871,3.82899808883667,3.7309980392456055,3.821997880935669,2.708500623703003,4578112
06/01/2017,3.821997880935669,3.8429980278015137,3.793998003005981,3.807997941970825,2.698579788208008,1983904
09/01/2017,3.793998003005981,3.849997997283936,3.78699803352356,3.82899808883667,2.713461875915528,2786143
10/01/2017,3.835998058319092,3.919997930526733,3.7169981002807617,3.919997930526733,2.777949810028076,7632480
11/01/2017,3.898998022079468,3.9059979915618896,3.849997997283936,3.898998022079468,2.763067483901977,7564512
12/01/2017,3.9059979915618896,3.9689979553222656,3.898998022079468,3.940998077392578,2.7928316593170166,4477836
13/01/2017,3.940998077392578,4.059998035430908,3.940998077392578,4.059998035430908,2.877161979675293,3074245
16/01/2017,4.059998035430908,4.094997882843018,4.017998218536377,4.087997913360596,2.8970046043396,3614776
17/01/2017,4.094997882843018,4.129998207092285,4.080997943878174,4.087997913360596,2.8970046043396,2219869
18/01/2017,4.087997913360596,4.087997913360596,3.996998071670532,4.003997802734375,2.837476968765259,3869849
19/01/2017,4.017998218536377,4.059998035430908,3.9899981021881104,4.0459980964660645,2.86724066734314,2552607
20/01/2017,4.031998157501221,4.052998065948486,4.010997772216797,4.052998065948486,2.8722012042999268,1965621
23/01/2017,4.052998065948486,4.073997974395752,4.003997802734375,4.073997974395752,2.887083053588867,2829749
24/01/2017,4.059998035430908,4.108997821807861,4.010997772216797,4.031998157501221,2.857319593429565,4093294
25/01/2017,4.031998157501221,4.038998126983643,3.912997961044312,3.933998107910156,2.7878706455230717,7227136
26/01/2017,3.947998046875,4.017998218536377,3.898998022079468,3.9899981021881104,2.827556133270264,3046162
27/01/2017,3.947998046875,4.038998126983643,3.947998046875,3.9689979553222656,2.812673568725586,3834348
30/01/2017,3.9689979553222656,4.024998188018799,3.9689979553222656,4.010997772216797,2.842437744140625,6924254
31/01/2017,4.017998218536377,4.052998065948486,4.017998218536377,4.017998218536377,2.8473987579345703,3327083
01/02/2017,4.073997974395752,4.143998146057129,4.038998126983643,4.115997791290283,2.916846990585327,14649777
02/02/2017,4.129998207092285,4.129998207092285,4.06699800491333,4.06699800491333,2.882122755050659,2938439
03/02/2017,4.087997913360596,4.192997932434082,4.059998035430908,4.192997932434082,2.97141432762146,11785699
06/02/2017,4.234998226165772,4.241998195648193,4.080997943878174,4.087997913360596,2.8970046043396,3650875
07/02/2017,4.087997913360596,4.122998237609863,4.0459980964660645,4.073997974395752,2.887083053588867,4084471
08/02/2017,4.080997943878174,4.108997821807861,4.06699800491333,4.080997943878174,2.892044305801392,3684053
09/02/2017,4.108997821807861,4.136998176574707,4.059998035430908,4.06699800491333,2.882122755050659,5731767
10/02/2017,4.073997974395752,4.087997913360596,4.031998157501221,4.031998157501221,2.857319593429565,2677059
13/02/2017,4.094997882843018,4.094997882843018,3.814997911453247,4.010997772216797,2.842437744140625,2009447
14/02/2017,4.017998218536377,4.0459980964660645,3.996998071670532,3.996998071670532,2.832516431808472,3985283
15/02/2017,4.024998188018799,4.024998188018799,3.947998046875,4.010997772216797,2.842437744140625,2828823
16/02/2017,4.024998188018799,4.031998157501221,3.9689979553222656,3.996998071670532,2.832516431808472,2099757
17/02/2017,3.975997924804688,4.017998218536377,3.9689979553222656,4.003997802734375,2.837476968765259,2501043
20/02/2017,4.059998035430908,4.059998035430908,3.947998046875,3.954998016357422,2.802752733230591,2215303
21/02/2017,3.940998077392578,3.975997924804688,3.940998077392578,3.9689979553222656,2.812673568725586,3426826
22/02/2017,3.954998016357422,3.975997924804688,3.9059979915618896,3.9269979000091553,2.782910108566284,2723905
23/02/2017,3.912997961044312,3.9689979553222656,3.912997961044312,3.9689979553222656,2.812673568725586,3596183
24/02/2017,3.982997894287109,3.996998071670532,3.919997930526733,3.933998107910156,2.7878706455230717,2742685
27/02/2017,3.940998077392578,3.9689979553222656,3.919997930526733,3.933998107910156,2.7878706455230717,1715340
28/02/2017,3.947998046875,3.954998016357422,3.9059979915618896,3.947998046875,2.797792196273804,3941656
01/03/2017,3.954998016357422,4.052998065948486,3.954998016357422,4.038998126983643,2.8622801303863525,4972321
02/03/2017,4.073997974395752,4.178997993469238,4.073997974395752,4.150998115539551,2.941650152206421,7714115
03/03/2017,4.129998207092285,4.192997932434082,4.094997882843018,4.192997932434082,2.97141432762146,6300073
06/03/2017,4.206997871398926,4.227997779846191,4.1649980545043945,4.178997993469238,2.961493015289306,3840823
07/03/2017,4.192997932434082,4.30499792098999,4.192997932434082,4.30499792098999,3.050784111022949,7188402
08/03/2017,4.311997890472412,4.374998092651367,4.262998104095459,4.360998153686523,3.0904691219329834,5857564
09/03/2017,4.353998184204102,4.444997787475586,4.262998104095459,4.276998043060303,3.0309414863586426,10193110
10/03/2017,4.276998043060303,4.388998031616211,4.276998043060303,4.34699821472168,3.080547571182251,4206752
13/03/2017,4.374998092651367,4.374998092651367,4.269998073577881,4.269998073577881,3.0259804725646973,1999393
14/03/2017,4.276998043060303,4.283998012542725,4.192997932434082,4.192997932434082,2.97141432762146,3898441
15/03/2017,4.199997901916504,4.248998165130615,4.178997993469238,4.2209978103637695,2.9912562370300293,4083818
16/03/2017,4.241998195648193,4.255998134613037,4.192997932434082,4.192997932434082,2.97141432762146,3596863
17/03/2017,4.199997901916504,4.248998165130615,4.18599796295166,4.18599796295166,2.966453313827514,3622878
20/03/2017,4.199997901916504,4.255998134613037,4.171998023986816,4.241998195648193,3.006138563156128,2701477
21/03/2017,4.255998134613037,4.318997859954834,4.248998165130615,4.269998073577881,3.0259804725646973,4655161
22/03/2017,4.283998012542725,4.374998092651367,4.255998134613037,4.374998092651367,3.1003897190093994,4204684
23/03/2017,4.381998062133789,4.388998031616211,4.30499792098999,4.318997859954834,3.0607049465179443,2111356
24/03/2017,4.332997798919678,4.395998001098633,4.297997951507568,4.381998062133789,3.105350971221924,1982009
27/03/2017,4.381998062133789,4.381998062133789,4.311997890472412,4.374998092651367,3.1003897190093994,2163553
28/03/2017,4.374998092651367,4.374998092651367,4.318997859954834,4.3399977684021,3.075587034225464,1029320
29/03/2017,4.34699821472168,4.374998092651367,4.255998134613037,4.255998134613037,3.0160601139068604,3391769
30/03/2017,4.262998104095459,4.30499792098999,4.255998134613037,4.2909979820251465,3.040863037109375,1745320
31/03/2017,4.30499792098999,4.3399977684021,4.262998104095459,4.269998073577881,3.0259804725646973,3205896
03/04/2017,4.262998104095459,4.325997829437256,4.262998104095459,4.2909979820251465,3.040863037109375,2763615
04/04/2017,4.283998012542725,4.311997890472412,4.276998043060303,4.297997951507568,3.045823097229004,3257583
05/04/2017,4.297997951507568,4.381998062133789,4.2909979820251465,4.360998153686523,3.0904691219329834,5712064
06/04/2017,4.353998184204102,4.395998001098633,4.332997798919678,4.374998092651367,3.1003897190093994,3548969
07/04/2017,4.3399977684021,4.360998153686523,4.234998226165772,4.234998226165772,3.0011777877807617,5361062
10/04/2017,4.255998134613037,4.332997798919678,4.248998165130615,4.318997859954834,3.0607049465179443,5736771
11/04/2017,4.325997829437256,4.3399977684021,4.269998073577881,4.297997951507568,3.045823097229004,4807231
12/04/2017,4.297997951507568,4.325997829437256,4.2909979820251465,4.311997890472412,3.0557448863983154,2606903
13/04/2017,4.311997890472412,4.318997859954834,4.157998085021973,4.171998023986816,2.9565320014953613,2977703
14/04/2017,4.171998023986816,4.241998195648193,4.150998115539551,4.2209978103637695,2.9912562370300293,1053034
17/04/2017,4.269998073577881,4.283998012542725,4.227997779846191,4.227997779846191,2.9962170124053955,2028277
18/04/2017,4.213997840881348,4.234998226165772,4.171998023986816,4.2209978103637695,2.9912562370300293,4301816
19/04/2017,4.178997993469238,4.18599796295166,4.10199785232544,4.10199785232544,2.965949535369873,4231836
20/04/2017,4.108997821807861,4.171998023986816,4.10199785232544,4.150998115539551,3.0013792514801025,5160254
21/04/2017,4.1649980545043945,4.248998165130615,4.1649980545043945,4.241998195648193,3.067177057266236,7432336
24/04/2017,4.255998134613037,4.30499792098999,4.248998165130615,4.269998073577881,3.0874216556549072,8147368
25/04/2017,4.297997951507568,4.297997951507568,4.241998195648193,4.241998195648193,3.067177057266236,7953312
26/04/2017,4.241998195648193,4.255998134613037,4.150998115539551,4.150998115539551,3.0013792514801025,8910748
27/04/2017,4.178330898284912,4.231997966766357,4.132330894470215,4.208998203277588,3.043316125869751,5753801
28/04/2017,4.224330902099609,4.231997966766357,4.178330898284912,4.18599796295166,3.026685953140259,3029523
01/05/2017,4.18599796295166,4.18599796295166,4.18599796295166,4.18599796295166,3.026685953140259,0
02/05/2017,4.18599796295166,4.208998203277588,4.116998195648193,4.116998195648193,2.9767956733703613,3604368
03/05/2017,4.109331130981445,4.116998195648193,4.032664775848389,4.055665016174316,2.9324488639831543,6786609
04/05/2017,4.070998191833496,4.132330894470215,4.047997951507568,4.101665019989014,2.9657087326049805,6591888
05/05/2017,4.124664783477783,4.139997959136963,4.063331127166748,4.139997959136963,2.9934256076812744,4669423
08/05/2017,4.147665023803711,4.193665027618408,4.132330894470215,4.139997959136963,2.9934256076812744,4944008
09/05/2017,4.124664783477783,4.178330898284912,4.101665019989014,4.124664783477783,2.9823386669158936,5032490
10/05/2017,4.1706647872924805,4.1706647872924805,4.086330890655518,4.116998195648193,2.9767956733703613,10677259
11/05/2017,4.124664783477783,4.216664791107178,4.124664783477783,4.20133113861084,3.03777289390564,8937333
12/05/2017,4.224330902099609,4.254998207092285,4.193665027618408,4.20133113861084,3.03777289390564,5233424
15/05/2017,4.2396650314331055,4.254998207092285,4.1706647872924805,4.193665027618408,3.0322299003601074,3432521
16/05/2017,4.208998203277588,4.247331142425537,4.193665027618408,4.224330902099609,3.0544028282165527,6122115
17/05/2017,4.208998203277588,4.224330902099609,4.116998195648193,4.124664783477783,2.9823386669158936,6748995
18/05/2017,4.124664783477783,4.147665023803711,4.063331127166748,4.124664783477783,2.9823386669158936,6893518
19/05/2017,4.124664783477783,4.124664783477783,4.124664783477783,4.124664783477783,2.9823386669158936,0
22/05/2017,4.1706647872924805,4.1706647872924805,4.093997955322266,4.116998195648193,2.9767956733703613,10352222
23/05/2017,4.116998195648193,4.147665023803711,4.101665019989014,4.101665019989014,2.9657087326049805,6046035
24/05/2017,4.101665019989014,4.139997959136963,4.101665019989014,4.101665019989014,2.9657087326049805,10355600
25/05/2017,4.116998195648193,4.116998195648193,4.055665016174316,4.093997955322266,2.96016526222229,7188384
26/05/2017,4.101665019989014,4.109331130981445,4.047997951507568,4.047997951507568,2.9269049167633057,5593897
29/05/2017,4.055665016174316,4.078664779663086,4.04033088684082,4.063331127166748,2.9379918575286865,2691884
30/05/2017,4.070998191833496,4.109331130981445,4.063331127166748,4.078664779663086,2.9490790367126465,3528593
31/05/2017,4.093997955322266,4.124664783477783,4.070998191833496,4.109331130981445,2.971251964569092,5793414
01/06/2017,4.116998195648193,4.124664783477783,4.093997955322266,4.109331130981445,2.971251964569092,4019371
02/06/2017,4.124664783477783,4.147665023803711,4.109331130981445,4.132330894470215,2.987881898880005,4822778
05/06/2017,4.155331134796143,4.155331134796143,4.063331127166748,4.070998191833496,2.9435348510742188,5112792
06/06/2017,4.063331127166748,4.093997955322266,4.063331127166748,4.078664779663086,2.9490790367126465,2985243
07/06/2017,4.078664779663086,4.124664783477783,4.078664779663086,4.109331130981445,2.971251964569092,3827242
08/06/2017,4.124664783477783,4.124664783477783,4.086330890655518,4.101665019989014,2.9657087326049805,4214132
09/06/2017,4.109331130981445,4.193665027618408,4.086330890655518,4.193665027618408,3.0322299003601074,13498047
12/06/2017,4.193665027618408,4.216664791107178,4.1706647872924805,4.18599796295166,3.026685953140259,5193106
13/06/2017,4.18599796295166,4.20133113861084,4.162998199462891,4.162998199462891,3.0100557804107666,3896190
14/06/2017,4.1706647872924805,4.18599796295166,4.116998195648193,4.132330894470215,2.987881898880005,4179503
15/06/2017,4.139997959136963,4.139997959136963,4.101665019989014,4.101665019989014,2.9657087326049805,3047528
16/06/2017,4.101665019989014,4.116998195648193,4.078664779663086,4.109331130981445,2.971251964569092,2246609
19/06/2017,4.109331130981445,4.139997959136963,4.093997955322266,4.101665019989014,2.9657087326049805,3133117
20/06/2017,4.109331130981445,4.124664783477783,4.078664779663086,4.093997955322266,2.96016526222229,3372036
21/06/2017,4.093997955322266,4.124664783477783,4.093997955322266,4.116998195648193,2.9767956733703613,2927551
22/06/2017,4.124664783477783,4.178330898284912,4.116998195648193,4.155331134796143,3.004512310028076,4656721
23/06/2017,4.1706647872924805,4.20133113861084,4.155331134796143,4.162998199462891,3.0100557804107666,4671883
26/06/2017,4.162998199462891,4.162998199462891,4.162998199462891,4.162998199462891,3.0100557804107666,0
27/06/2017,4.162998199462891,4.162998199462891,4.162998199462891,4.162998199462891,3.0100557804107666,0
28/06/2017,4.139997959136963,4.18599796295166,4.132330894470215,4.132330894470215,2.987881898880005,4721499
29/06/2017,4.139997959136963,4.147665023803711,4.063331127166748,4.063331127166748,2.9379918575286865,5371427
30/06/2017,4.063331127166748,4.116998195648193,4.063331127166748,4.116998195648193,2.9767956733703613,6140194
03/07/2017,4.124664783477783,4.124664783477783,4.086330890655518,4.086330890655518,2.9546215534210205,2543159
04/07/2017,4.086330890655518,4.109331130981445,4.070998191833496,4.078664779663086,2.9490790367126465,2868723
05/07/2017,4.086330890655518,4.155331134796143,4.070998191833496,4.124664783477783,2.9823386669158936,8578865
06/07/2017,4.116998195648193,4.116998195648193,4.024998188018799,4.024998188018799,2.9102749824523926,7406860
07/07/2017,4.078664779663086,4.109331130981445,4.04033088684082,4.04033088684082,2.9213614463806152,13702476
10/07/2017,4.055665016174316,4.070998191833496,4.032664775848389,4.04033088684082,2.9213614463806152,3914834
11/07/2017,4.04033088684082,4.124664783477783,4.032664775848389,4.109331130981445,2.971251964569092,7437174
12/07/2017,4.116998195648193,4.155331134796143,4.101665019989014,4.109331130981445,2.971251964569092,6594593
13/07/2017,4.109331130981445,4.139997959136963,4.101665019989014,4.101665019989014,2.9657087326049805,4749857
14/07/2017,4.116998195648193,4.147665023803711,4.109331130981445,4.147665023803711,2.998969793319702,2599328
17/07/2017,4.155331134796143,4.178330898284912,4.147665023803711,4.1706647872924805,3.015599250793457,3867811
18/07/2017,4.1706647872924805,4.270330905914307,4.155331134796143,4.262664794921875,3.082119941711426,13954510
19/07/2017,4.270330905914307,4.300998210906982,4.231997966766357,4.254998207092285,3.076576471328736,5276309
20/07/2017,4.262664794921875,4.285665035247803,4.216664791107178,4.231997966766357,3.059946060180664,4943442
21/07/2017,4.254998207092285,4.254998207092285,4.139997959136963,4.155331134796143,3.004512310028076,4346165
24/07/2017,4.1706647872924805,4.178330898284912,4.116998195648193,4.155331134796143,3.004512310028076,3579688
25/07/2017,4.147665023803711,4.18599796295166,4.139997959136963,4.18599796295166,3.026685953140259,4928191
26/07/2017,4.193665027618408,4.208998203277588,4.178330898284912,4.208998203277588,3.043316125869751,4220065
27/07/2017,4.224330902099609,4.231997966766357,4.20133113861084,4.224330902099609,3.0544028282165527,3497503
28/07/2017,4.216664791107178,4.224330902099609,4.18599796295166,4.216664791107178,3.0488593578338623,2551027
31/07/2017,4.216664791107178,4.277997970581055,4.20133113861084,4.231997966766357,3.059946060180664,8254282
01/08/2017,4.254998207092285,4.262664794921875,4.139997959136963,4.155331134796143,3.004512310028076,4250371
02/08/2017,4.155331134796143,4.18599796295166,4.009665012359619,4.078664779663086,2.9490790367126465,9071355
03/08/2017,4.078664779663086,4.078664779663086,4.009665012359619,4.032664775848389,2.915818452835083,6859786
04/08/2017,4.047997951507568,4.093997955322266,4.032664775848389,4.078664779663086,2.9490790367126465,6924682
07/08/2017,4.086330890655518,4.109331130981445,4.070998191833496,4.093997955322266,2.96016526222229,5522615
08/08/2017,4.109331130981445,4.116998195648193,4.078664779663086,4.086330890655518,2.9546215534210205,2929075
09/08/2017,4.078664779663086,4.078664779663086,3.9866650104522714,3.994330883026123,2.888101100921631,8862198
10/08/2017,4.04033088684082,4.063331127166748,4.017331123352051,4.04033088684082,2.9213614463806152,4596930
11/08/2017,4.032664775848389,4.055665016174316,4.009665012359619,4.047997951507568,2.9269049167633057,3510888
14/08/2017,4.055665016174316,4.116998195648193,4.047997951507568,4.109331130981445,2.971251964569092,5850193
15/08/2017,4.116998195648193,4.124664783477783,3.994330883026123,3.994330883026123,2.888101100921631,3242051
16/08/2017,4.063331127166748,4.086330890655518,3.994330883026123,4.017331123352051,2.904731035232544,6422214
17/08/2017,4.032664775848389,4.063331127166748,4.017331123352051,4.055665016174316,2.9324488639831543,3528709
18/08/2017,4.032664775848389,4.078664779663086,4.017331123352051,4.063331127166748,2.9379918575286865,2250715
21/08/2017,4.063331127166748,4.093997955322266,4.032664775848389,4.070998191833496,2.9435348510742188,2822768
22/08/2017,4.078664779663086,4.116998195648193,4.063331127166748,4.078664779663086,2.9490790367126465,3527744
23/08/2017,4.086330890655518,4.101665019989014,4.063331127166748,4.063331127166748,2.9379918575286865,2861491
24/08/2017,4.063331127166748,4.093997955322266,4.055665016174316,4.070998191833496,2.9435348510742188,3461390
25/08/2017,4.063331127166748,4.101665019989014,4.063331127166748,4.078664779663086,2.9490790367126465,2148586
28/08/2017,4.086330890655518,4.093997955322266,4.078664779663086,4.078664779663086,2.9490790367126465,948623
29/08/2017,4.086330890655518,4.101665019989014,4.063331127166748,4.101665019989014,2.9657087326049805,2615226
30/08/2017,4.101665019989014,4.101665019989014,4.101665019989014,4.101665019989014,2.9657087326049805,0
31/08/2017,4.109331130981445,4.132330894470215,4.101665019989014,4.101665019989014,2.9657087326049805,1439152
01/09/2017,4.101665019989014,4.101665019989014,4.101665019989014,4.101665019989014,2.9657087326049805,0
04/09/2017,4.101665019989014,4.101665019989014,4.101665019989014,4.101665019989014,2.9657087326049805,0
05/09/2017,4.101665019989014,4.147665023803711,4.086330890655518,4.086330890655518,2.9546215534210205,4146287
06/09/2017,4.086330890655518,4.147665023803711,4.086330890655518,4.109331130981445,2.971251964569092,3300713
07/09/2017,4.116998195648193,4.147665023803711,4.101665019989014,4.101665019989014,2.9657087326049805,2368071
08/09/2017,4.101665019989014,4.109331130981445,4.047997951507568,4.055665016174316,2.9324488639831543,4046495
11/09/2017,4.063331127166748,4.101665019989014,4.063331127166748,4.093997955322266,2.96016526222229,2436505
12/09/2017,4.086330890655518,4.093997955322266,4.063331127166748,4.070998191833496,2.9435348510742188,2159005
13/09/2017,4.070998191833496,4.078664779663086,4.04033088684082,4.047997951507568,2.9269049167633057,1945898
14/09/2017,4.063331127166748,4.063331127166748,4.024998188018799,4.04033088684082,2.9213614463806152,1471546
15/09/2017,4.04033088684082,4.063331127166748,4.009665012359619,4.024998188018799,2.9102749824523926,4747366
18/09/2017,4.04033088684082,4.04033088684082,3.994330883026123,4.001997947692871,2.8936445713043213,4313614
19/09/2017,4.001997947692871,4.024998188018799,3.902331113815308,3.902331113815308,2.821580648422241,4110181
20/09/2017,3.909997940063477,4.024998188018799,3.902331113815308,4.024998188018799,2.9102749824523926,2834613
21/09/2017,4.017331123352051,4.032664775848389,3.994330883026123,4.017331123352051,2.904731035232544,1818849
22/09/2017,4.017331123352051,4.024998188018799,3.9713308811187744,4.009665012359619,2.899188041687012,1192088
25/09/2017,3.9866650104522714,4.009665012359619,3.948331117630005,4.001997947692871,2.8936445713043213,1967964
26/09/2017,4.009665012359619,4.04033088684082,3.9789979457855225,4.04033088684082,2.9213614463806152,2351862
27/09/2017,4.009665012359619,4.055665016174316,3.9713308811187744,4.055665016174316,2.952561855316162,4608235
28/09/2017,4.024998188018799,4.055665016174316,3.994330883026123,4.017331123352051,2.924654245376587,1965124
29/09/2017,4.017331123352051,4.017331123352051,3.955997943878174,3.9713308811187744,2.8911657333374023,2279190
02/10/2017,3.9713308811187744,4.055665016174316,3.9713308811187744,4.017331123352051,2.924654245376587,2860362
03/10/2017,4.024998188018799,4.04033088684082,4.001997947692871,4.001997947692871,2.91349196434021,1642734
04/10/2017,4.001997947692871,4.04033088684082,4.001997947692871,4.009665012359619,2.919073820114136,1467715
05/10/2017,4.009665012359619,4.017331123352051,3.994330883026123,4.017331123352051,2.924654245376587,1717908
06/10/2017,4.009665012359619,4.047997951507568,4.009665012359619,4.032664775848389,2.9358174800872803,2276625
09/10/2017,3.9866650104522714,4.047997951507568,3.909997940063477,4.017331123352051,2.924654245376587,5511095
10/10/2017,4.032664775848389,4.101665019989014,4.001997947692871,4.086330890655518,2.9748871326446533,5850686
11/10/2017,4.070998191833496,4.1706647872924805,4.070998191833496,4.139997959136963,3.0139567852020264,6529133
12/10/2017,4.1706647872924805,4.178330898284912,4.101665019989014,4.132330894470215,3.008375406265259,3264323
13/10/2017,4.116998195648193,4.147665023803711,4.101665019989014,4.109331130981445,2.991631031036377,2004967
16/10/2017,4.109331130981445,4.124664783477783,4.086330890655518,4.109331130981445,2.991631031036377,2130146
17/10/2017,4.116998195648193,4.132330894470215,4.101665019989014,4.109331130981445,2.991631031036377,2006138
18/10/2017,4.116998195648193,4.124664783477783,4.093997955322266,4.109331130981445,2.991631031036377,2401023
19/10/2017,4.109331130981445,4.20133113861084,4.109331130981445,4.18599796295166,3.047445297241211,3269020
20/10/2017,4.20133113861084,4.231997966766357,4.162998199462891,4.208998203277588,3.0641894340515137,7834144
23/10/2017,4.193665027618408,4.254998207092285,4.1706647872924805,4.247331142425537,3.0920968055725098,2787233
24/10/2017,4.254998207092285,4.270330905914307,4.224330902099609,4.254998207092285,3.0976779460906982,2580371
25/10/2017,4.247331142425537,4.270330905914307,4.216664791107178,4.247331142425537,3.0920968055725098,1970699
26/10/2017,4.2396650314331055,4.277997970581055,4.224330902099609,4.224330902099609,3.075352191925049,1223930
27/10/2017,4.216664791107178,4.34699821472168,4.20133113861084,4.339331150054932,3.1590735912323,4289529
30/10/2017,4.3546648025512695,4.362330913543701,4.300998210906982,4.339331150054932,3.1590735912323,1285218
31/10/2017,4.362330913543701,4.4159979820251465,4.323997974395752,4.408330917358398,3.20930552482605,2482311
01/11/2017,4.408330917358398,4.523331165313721,4.392998218536377,4.515664100646973,3.287445545196533,3124133
02/11/2017,4.56166410446167,4.56166410446167,4.431331157684326,4.469664096832275,3.2539570331573486,2643966
03/11/2017,4.477331161499023,4.477331161499023,4.369997978210449,4.431331157684326,3.22605037689209,2414029
06/11/2017,4.423665046691895,4.523331165313721,4.408330917358398,4.523331165313721,3.2930266857147217,2388423
07/11/2017,4.530998229980469,4.553997993469238,4.477331161499023,4.523331165313721,3.2930266857147217,2835280
08/11/2017,4.515664100646973,4.523331165313721,4.431331157684326,4.454330921173096,3.242794275283813,2177610
09/11/2017,4.484998226165772,4.530998229980469,4.400664806365967,4.469664096832275,3.2539570331573486,2356285
10/11/2017,4.461997985839844,4.507997989654541,4.423665046691895,4.461997985839844,3.24837589263916,1859743
13/11/2017,4.484998226165772,4.484998226165772,4.3316650390625,4.423665046691895,3.2204694747924805,2496947
14/11/2017,4.438998222351074,4.515664100646973,4.400664806365967,4.507997989654541,3.281864881515503,2677718
15/11/2017,4.507997989654541,4.523331165313721,4.4159979820251465,4.492663860321045,3.2707014083862305,1691734
16/11/2017,4.507997989654541,4.538663864135742,4.469664096832275,4.523331165313721,3.2930266857147217,2576839
17/11/2017,4.538663864135742,4.538663864135742,4.423665046691895,4.431331157684326,3.22605037689209,2091972
20/11/2017,4.438998222351074,4.461997985839844,4.4159979820251465,4.446664810180664,3.237213373184204,1812612
21/11/2017,4.431331157684326,4.538663864135742,4.4159979820251465,4.523331165313721,3.2930266857147217,2835794
22/11/2017,4.54633092880249,4.70733118057251,4.530998229980469,4.69199800491333,3.415818214416504,5562409
23/11/2017,4.70733118057251,4.753331184387207,4.576998233795166,4.592330932617188,3.343259334564209,4525036
24/11/2017,4.58466386795044,4.622998237609863,4.484998226165772,4.492663860321045,3.2707014083862305,3105535
27/11/2017,4.484998226165772,4.515664100646973,4.385331153869629,4.392998218536377,3.198143482208252,3667969
28/11/2017,4.392998218536377,4.431331157684326,4.339331150054932,4.3546648025512695,3.170236349105835,4576231
29/11/2017,4.3546648025512695,4.454330921173096,4.3546648025512695,4.385331153869629,3.1925618648529053,2936288
30/11/2017,4.423665046691895,4.423665046691895,4.293331146240234,4.323997974395752,3.147911071777344,5425444
01/12/2017,4.323997974395752,4.423665046691895,4.285665035247803,4.4159979820251465,3.214887857437134,2539010
04/12/2017,4.423665046691895,4.454330921173096,4.392998218536377,4.438998222351074,3.2316317558288574,1359273
05/12/2017,4.484998226165772,4.507997989654541,4.446664810180664,4.507997989654541,3.281864881515503,1500935
06/12/2017,4.484998226165772,4.507997989654541,4.423665046691895,4.438998222351074,3.2316317558288574,1417380
07/12/2017,4.461997985839844,4.477331161499023,4.392998218536377,4.400664806365967,3.2037248611450195,1440489
08/12/2017,4.408330917358398,4.500330924987793,4.408330917358398,4.500330924987793,3.276283025741577,2792930
11/12/2017,4.507997989654541,4.530998229980469,4.446664810180664,4.454330921173096,3.242794275283813,1694981
12/12/2017,4.461997985839844,4.477331161499023,4.369997978210449,4.377665042877197,3.186981201171875,2116443
13/12/2017,4.377665042877197,4.438998222351074,4.362330913543701,4.400664806365967,3.226326465606689,3769441
14/12/2017,4.484998226165772,4.523331165313721,4.385331153869629,4.523331165313721,3.316258192062378,3851677
15/12/2017,4.523331165313721,4.54633092880249,4.484998226165772,4.54633092880249,3.333120346069336,6821891
18/12/2017,4.523331165313721,4.56166410446167,4.507997989654541,4.538663864135742,3.3274991512298584,1911431
19/12/2017,4.58466386795044,4.592330932617188,4.469664096832275,4.469664096832275,3.2769129276275635,3329908
20/12/2017,4.507997989654541,4.515664100646973,4.446664810180664,4.454330921173096,3.265671491622925,2835757
21/12/2017,4.469664096832275,4.477331161499023,4.446664810180664,4.469664096832275,3.2769129276275635,2086901
22/12/2017,4.477331161499023,4.500330924987793,4.461997985839844,4.484998226165772,3.288154363632202,1433907
25/12/2017,4.507997989654541,4.507997989654541,4.477331161499023,4.484998226165772,3.288154363632202,492292
26/12/2017,4.500330924987793,4.500330924987793,4.454330921173096,4.461997985839844,3.271292209625244,589645
27/12/2017,4.461997985839844,4.507997989654541,4.454330921173096,4.500330924987793,3.299396276473999,871942
28/12/2017,4.515664100646973,4.530998229980469,4.477331161499023,4.515664100646973,3.3106377124786377,1744268
29/12/2017,4.523331165313721,4.684330940246582,4.500330924987793,4.622998237609863,3.389329195022583,16151300
01/01/2018,4.622998237609863,4.622998237609863,4.622998237609863,4.622998237609863,3.389329195022583,0
02/01/2018,4.630663871765137,4.630663871765137,4.54633092880249,4.54633092880249,3.333120346069336,3847614
03/01/2018,4.56166410446167,4.592330932617188,4.54633092880249,4.54633092880249,3.333120346069336,1887214
04/01/2018,4.56166410446167,4.592330932617188,4.515664100646973,4.523331165313721,3.316258192062378,1940759
05/01/2018,4.538663864135742,4.599997997283936,4.530998229980469,4.54633092880249,3.333120346069336,2813913
08/01/2018,4.56166410446167,4.58466386795044,4.56166410446167,4.569331169128418,3.3499834537506104,1303419
09/01/2018,4.569331169128418,4.58466386795044,4.538663864135742,4.54633092880249,3.333120346069336,1416303
10/01/2018,4.553997993469238,4.56166410446167,4.507997989654541,4.56166410446167,3.3443615436553955,1842021
11/01/2018,4.569331169128418,4.576998233795166,4.500330924987793,4.507997989654541,3.305017709732056,980980
12/01/2018,4.507997989654541,4.523331165313721,4.438998222351074,4.438998222351074,3.254430055618286,2056366
15/01/2018,4.431331157684326,4.454330921173096,4.316330909729004,4.316330909729004,3.1644976139068604,1066480
16/01/2018,4.293331146240234,4.377665042877197,4.285665035247803,4.3546648025512695,3.1926016807556152,1141630
17/01/2018,4.523331165313721,4.676663875579834,4.431331157684326,4.438998222351074,3.254430055618286,7873243
18/01/2018,4.477331161499023,4.484998226165772,4.392998218536377,4.392998218536377,3.220705509185791,3618550
19/01/2018,4.385331153869629,4.408330917358398,4.3316650390625,4.362330913543701,3.198221445083618,4007118
22/01/2018,4.3546648025512695,4.369997978210449,4.316330909729004,4.3316650390625,3.175739049911499,3645686
23/01/2018,4.3546648025512695,4.408330917358398,4.3546648025512695,4.377665042877197,3.2094645500183105,3551856
24/01/2018,4.408330917358398,4.446664810180664,4.400664806365967,4.408330917358398,3.2319464683532715,3736180
25/01/2018,4.423665046691895,4.431331157684326,4.369997978210449,4.369997978210449,3.203842878341675,1892218
26/01/2018,4.369997978210449,4.484998226165772,4.369997978210449,4.431331157684326,3.248809576034546,4614395
29/01/2018,4.461997985839844,4.507997989654541,4.454330921173096,4.492663860321045,3.29377555847168,1951385
30/01/2018,4.492663860321045,4.538663864135742,4.339331150054932,4.339331150054932,3.181360006332397,7083960
31/01/2018,4.3546648025512695,4.400664806365967,4.300998210906982,4.3316650390625,3.175739049911499,6641671
01/02/2018,4.3546648025512695,4.385331153869629,4.34699821472168,4.369997978210449,3.203842878341675,2939231
02/02/2018,4.377665042877197,4.385331153869629,4.300998210906982,4.316330909729004,3.1644976139068604,2953692
05/02/2018,4.300998210906982,4.3316650390625,4.293331146240234,4.293331146240234,3.147634983062744,2583633
06/02/2018,4.20133113861084,4.316330909729004,4.139997959136963,4.20133113861084,3.080185651779175,5443432
07/02/2018,4.2396650314331055,4.277997970581055,4.20133113861084,4.20133113861084,3.080185651779175,3682475
08/02/2018,4.216664791107178,4.369997978210449,4.208998203277588,4.3316650390625,3.175739049911499,5634037
09/02/2018,4.300998210906982,4.316330909729004,4.224330902099609,4.247331142425537,3.1139109134674072,2852891
12/02/2018,4.270330905914307,4.308664798736572,4.254998207092285,4.254998207092285,3.1195313930511475,2357540
13/02/2018,4.2396650314331055,4.277997970581055,4.193665027618408,4.193665027618408,3.0745654106140137,1820268
14/02/2018,4.216664791107178,4.231997966766357,4.178330898284912,4.193665027618408,3.0745654106140137,1255848
15/02/2018,4.224330902099609,4.277997970581055,4.208998203277588,4.270330905914307,3.130772590637207,1292649
16/02/2018,4.277997970581055,4.339331150054932,4.277997970581055,4.3316650390625,3.175739049911499,1848219
19/02/2018,4.34699821472168,4.34699821472168,4.254998207092285,4.270330905914307,3.130772590637207,1555036
20/02/2018,4.293331146240234,4.316330909729004,4.231997966766357,4.231997966766357,3.102669239044189,1282358
21/02/2018,4.277997970581055,4.285665035247803,4.254998207092285,4.270330905914307,3.130772590637207,1231585
22/02/2018,4.262664794921875,4.293331146240234,4.254998207092285,4.270330905914307,3.130772590637207,948597
23/02/2018,4.277997970581055,4.285665035247803,4.247331142425537,4.247331142425537,3.1139109134674072,1671099
26/02/2018,4.247331142425537,4.277997970581055,4.247331142425537,4.262664794921875,3.125152111053467,795241
27/02/2018,4.270330905914307,4.293331146240234,4.270330905914307,4.277997970581055,3.136393785476685,900407
28/02/2018,4.270330905914307,4.277997970581055,4.208998203277588,4.216664791107178,3.091427564620972,1576593
01/03/2018,4.216664791107178,4.231997966766357,4.147665023803711,4.162998199462891,3.052082300186157,2113382
02/03/2018,4.155331134796143,4.18599796295166,4.139997959136963,4.162998199462891,3.052082300186157,1306904
05/03/2018,4.20133113861084,4.254998207092285,4.147665023803711,4.155331134796143,3.046461582183838,2335456
06/03/2018,4.162998199462891,4.18599796295166,4.086330890655518,4.086330890655518,2.9958744049072266,2968589
07/03/2018,4.070998191833496,4.093997955322266,4.04033088684082,4.070998191833496,2.984632730484009,1716281
08/03/2018,4.086330890655518,4.116998195648193,4.055665016174316,4.063331127166748,2.979012012481689,1609075
09/03/2018,4.078664779663086,4.124664783477783,4.070998191833496,4.093997955322266,3.001494646072388,2520516
12/03/2018,4.116998195648193,4.155331134796143,4.101665019989014,4.109331130981445,3.012736320495605,1516882
13/03/2018,4.109331130981445,4.132330894470215,4.078664779663086,4.116998195648193,3.018357515335083,2850190
14/03/2018,4.109331130981445,4.132330894470215,4.078664779663086,4.078664779663086,2.990253210067749,2053499
15/03/2018,4.086330890655518,4.101665019989014,4.070998191833496,4.086330890655518,2.9958744049072266,1780091
16/03/2018,4.093997955322266,4.178330898284912,4.093997955322266,4.162998199462891,3.052082300186157,3006787
19/03/2018,4.132330894470215,4.178330898284912,4.116998195648193,4.162998199462891,3.052082300186157,3060982
20/03/2018,4.18599796295166,4.20133113861084,4.162998199462891,4.1706647872924805,3.057702779769897,2202741
21/03/2018,4.162998199462891,4.1706647872924805,4.132330894470215,4.132330894470215,3.0295987129211426,1695050
22/03/2018,4.147665023803711,4.155331134796143,4.078664779663086,4.086330890655518,2.9958744049072266,2973199
23/03/2018,4.063331127166748,4.086330890655518,4.04033088684082,4.078664779663086,2.990253210067749,1468572
26/03/2018,4.086330890655518,4.132330894470215,4.070998191833496,4.116998195648193,3.018357515335083,2736323
27/03/2018,4.124664783477783,4.1706647872924805,4.116998195648193,4.139997959136963,3.035219669342041,3086883
28/03/2018,4.147665023803711,4.162998199462891,4.132330894470215,4.139997959136963,3.035219669342041,2652077
29/03/2018,4.139997959136963,4.162998199462891,4.139997959136963,4.155331134796143,3.046461582183838,1882410
30/03/2018,4.162998199462891,4.231997966766357,4.147665023803711,4.208998203277588,3.085806608200073,2976408
02/04/2018,4.216664791107178,4.247331142425537,4.162998199462891,4.162998199462891,3.052082300186157,1483199
03/04/2018,4.178330898284912,4.18599796295166,4.147665023803711,4.1706647872924805,3.057702779769897,3914200
04/04/2018,4.1706647872924805,4.20133113861084,4.162998199462891,4.18599796295166,3.0689444541931152,2324857
05/04/2018,4.18599796295166,4.254998207092285,4.1706647872924805,4.231997966766357,3.102669239044189,6560935
06/04/2018,4.231997966766357,4.3546648025512695,4.231997966766357,4.34699821472168,3.186981201171875,4653647
09/04/2018,4.34699821472168,4.392998218536377,4.162998199462891,4.193665027618408,3.0745654106140137,7468466
10/04/2018,4.208998203277588,4.208998203277588,4.04033088684082,4.139997959136963,3.035219669342041,6283321
11/04/2018,4.132330894470215,4.178330898284912,3.994330883026123,4.078664779663086,2.990253210067749,2994818
12/04/2018,4.078664779663086,4.109331130981445,4.04033088684082,4.055665016174316,2.973391532897949,1919852
13/04/2018,4.078664779663086,4.086330890655518,3.955997943878174,3.955997943878174,2.9003207683563232,3190652
16/04/2018,3.994330883026123,4.047997951507568,3.9866650104522714,4.032664775848389,2.956528902053833,3422156
17/04/2018,4.017331123352051,4.024998188018799,3.82566499710083,3.8486649990081783,2.887505054473877,6071903
18/04/2018,3.8333311080932617,3.932997941970825,3.756664991378784,3.925331115722656,2.9450244903564453,4196230
19/04/2018,3.9176650047302246,3.940665006637573,3.894665002822876,3.9176650047302246,2.939272880554199,1260074
20/04/2018,3.9176650047302246,3.9176650047302246,3.840997934341431,3.8639979362487793,2.899008512496948,2889004
23/04/2018,3.8639979362487793,3.8639979362487793,3.8639979362487793,3.8639979362487793,2.899008512496948,0
24/04/2018,3.8563311100006095,3.879331111907959,3.764331102371216,3.779664993286133,2.8357367515563965,5141255
25/04/2018,3.764331102371216,3.779664993286133,3.718331098556519,3.725997924804688,2.795472383499145,3893550
26/04/2018,3.702997922897339,3.756664991378784,3.6876649856567374,3.6876649856567374,2.7667124271392822,2100709
27/04/2018,3.69533109664917,3.718331098556519,3.672331094741821,3.69533109664917,2.7724645137786865,2261931
30/04/2018,3.69533109664917,3.748997926712036,3.69533109664917,3.725997924804688,2.795472383499145,2079359
01/05/2018,3.725997924804688,3.725997924804688,3.725997924804688,3.725997924804688,2.795472383499145,0
02/05/2018,3.741331100463867,3.7719979286193848,3.6876649856567374,3.718331098556519,2.7897207736968994,2884494
03/05/2018,3.710664987564087,3.741331100463867,3.6569979190826416,3.6799979209899902,2.760960578918457,3174929
04/05/2018,3.672331094741821,3.741331100463867,3.6646649837493896,3.733664989471436,2.801224708557129,3732857
07/05/2018,3.748997926712036,3.7719979286193848,3.718331098556519,3.748997926712036,2.8127284049987797,2251674
08/05/2018,3.748997926712036,3.756664991378784,3.672331094741821,3.702997922897339,2.77821683883667,3512462
09/05/2018,3.6876649856567374,3.764331102371216,3.6646649837493896,3.748997926712036,2.8127284049987797,3112091
10/05/2018,3.733664989471436,3.756664991378784,3.710664987564087,3.741331100463867,2.806976079940796,2906419
11/05/2018,3.756664991378784,3.779664993286133,3.733664989471436,3.7719979286193848,2.8299849033355717,2028179
14/05/2018,3.764331102371216,3.8563311100006095,3.756664991378784,3.787331104278565,2.8414885997772217,3038332
15/05/2018,3.764331102371216,3.794997930526733,3.718331098556519,3.725997924804688,2.795472383499145,2962262
16/05/2018,3.718331098556519,3.741331100463867,3.6876649856567374,3.725997924804688,2.795472383499145,1970315
17/05/2018,3.725997924804688,3.7719979286193848,3.725997924804688,3.741331100463867,2.806976079940796,1203639
18/05/2018,3.7719979286193848,3.8563311100006095,3.748997926712036,3.840997934341431,2.8817524909973145,4843333
21/05/2018,3.840997934341431,3.886997938156128,3.82566499710083,3.8639979362487793,2.899008512496948,2179088
22/05/2018,3.8716650009155273,3.886997938156128,3.8333311080932617,3.840997934341431,2.8817524909973145,1855473
23/05/2018,3.8333311080932617,3.925331115722656,3.8333311080932617,3.8716650009155273,2.90476131439209,6455258
24/05/2018,3.8833329677581783,3.950000047683716,3.849999904632568,3.8833329677581783,2.913515329360962,3769818
25/05/2018,3.866666078567505,3.9083330631256095,3.858333110809326,3.8833329677581783,2.913515329360962,1409551
28/05/2018,3.9083330631256095,3.9583330154418954,3.8833329677581783,3.891665935516357,2.919767141342163,2014978
29/05/2018,3.900000095367432,3.9083330631256095,3.8333330154418954,3.858333110809326,2.894758701324463,1213949
30/05/2018,3.858333110809326,3.891665935516357,3.791666030883789,3.791666030883789,2.844741106033325,2396793
31/05/2018,3.799999952316284,3.841665983200073,3.716665983200073,3.724999904632568,2.7947239875793457,2404885
01/06/2018,3.700000047683716,3.733333110809326,3.650000095367432,3.666666030883789,2.7509584426879883,2979099
04/06/2018,3.683332920074463,3.741666078567505,3.683332920074463,3.7083330154418954,2.782219171524048,795513
05/06/2018,3.716665983200073,3.724999904632568,3.625,3.641665935516357,2.732201099395752,761541
06/06/2018,3.650000095367432,3.666666030883789,3.558332920074463,3.575000047683716,2.6821846961975098,3062766
07/06/2018,3.5666658878326416,3.608333110809326,3.549999952316284,3.575000047683716,2.6821846961975098,2032312
08/06/2018,3.5666658878326416,3.5666658878326416,3.5083329677581787,3.525000095367432,2.644671440124512,2007533
11/06/2018,3.541666030883789,3.5999999046325684,3.483333110809326,3.5833330154418945,2.688436269760132,1736870
12/06/2018,3.575000047683716,3.641665935516357,3.416666030883789,3.466665983200073,2.600905656814575,6235450
13/06/2018,3.466665983200073,3.5,3.424999952316284,3.450000047683716,2.588402032852173,4845947
14/06/2018,3.450000047683716,3.5333330631256104,3.375,3.4583330154418945,2.5946545600891118,6720129
15/06/2018,3.4583330154418945,3.4583330154418945,3.4583330154418945,3.4583330154418945,2.5946545600891118,0
18/06/2018,3.4583330154418945,3.591665983200073,3.4583330154418945,3.525000095367432,2.644671440124512,4357581
19/06/2018,3.5166659355163574,3.650000095367432,3.5166659355163574,3.6333329677581783,2.72594952583313,4711251
20/06/2018,3.6583330631256095,3.766665935516357,3.641665935516357,3.7583329677581783,2.819732189178467,5648907
21/06/2018,3.775000095367432,3.8833329677581783,3.766665935516357,3.8333330154418954,2.876002073287964,4220307
22/06/2018,3.849999904632568,3.891665935516357,3.8166658878326416,3.875,2.9072628021240234,3726336
25/06/2018,3.966665983200073,4.008333206176758,3.799999952316284,3.825000047683716,2.8697502613067627,2987611
26/06/2018,3.8333330154418954,3.8833329677581783,3.8166658878326416,3.8166658878326416,2.863497257232666,2094032
27/06/2018,3.849999904632568,3.858333110809326,3.775000095367432,3.791666030883789,2.844741106033325,2220985
28/06/2018,3.7833330631256095,3.841665983200073,3.75,3.7583329677581783,2.819732189178467,3194396
29/06/2018,3.799999952316284,3.933332920074463,3.791666030883789,3.866666078567505,2.901010274887085,4289286
02/07/2018,3.9083330631256095,3.966665983200073,3.875,3.9583330154418954,2.9697844982147217,3356313
03/07/2018,3.966665983200073,3.966665983200073,3.858333110809326,3.875,2.9072628021240234,1947787
04/07/2018,3.9083330631256095,3.924999952316284,3.875,3.916666030883789,2.938523530960083,1486528
05/07/2018,3.900000095367432,3.991666078567505,3.891665935516357,3.9416658878326416,2.9572794437408447,3094199
06/07/2018,3.9416658878326416,3.9583330154418954,3.9083330631256095,3.924999952316284,2.944776058197021,2280530
09/07/2018,3.916666030883789,3.933332920074463,3.858333110809326,3.900000095367432,2.9260199069976807,4321876
10/07/2018,3.858333110809326,3.891665935516357,3.8166658878326416,3.8166658878326416,2.863497257232666,1861670
11/07/2018,3.858333110809326,3.858333110809326,3.6583330631256095,3.716665983200073,2.7884714603424072,3046086
12/07/2018,3.733333110809326,3.7583329677581783,3.608333110809326,3.724999904632568,2.7947239875793457,1852222
13/07/2018,3.7833330631256095,3.8166658878326416,3.741666078567505,3.775000095367432,2.832237243652344,2890859
16/07/2018,3.799999952316284,3.825000047683716,3.7583329677581783,3.766665935516357,2.825984239578247,3158256
17/07/2018,3.766665935516357,3.791666030883789,3.7583329677581783,3.791666030883789,2.844741106033325,3335555
18/07/2018,3.766665935516357,3.7833330631256095,3.741666078567505,3.766665935516357,2.825984239578247,2984332
19/07/2018,3.7583329677581783,3.7833330631256095,3.741666078567505,3.775000095367432,2.832237243652344,2078471
20/07/2018,3.766665935516357,3.891665935516357,3.766665935516357,3.875,2.9072628021240234,1710259
23/07/2018,3.924999952316284,3.933332920074463,3.849999904632568,3.866666078567505,2.901010274887085,2734033
24/07/2018,3.858333110809326,3.9583330154418954,3.841665983200073,3.9083330631256095,2.9322710037231445,4022003
25/07/2018,3.924999952316284,3.991666078567505,3.924999952316284,3.983333110809326,2.988541603088379,1966371
26/07/2018,3.983333110809326,3.991666078567505,3.849999904632568,3.8833329677581783,2.913515329360962,1987797
27/07/2018,3.8833329677581783,3.983333110809326,3.8833329677581783,3.966665983200073,2.976036548614502,2538406
30/07/2018,3.966665983200073,4.066666126251221,3.966665983200073,4.066666126251221,3.051062822341919,2082295
31/07/2018,4.083333015441895,4.116665840148926,4.025000095367432,4.033332824707031,3.0260543823242188,2545847
01/08/2018,4.074999809265137,4.074999809265137,3.950000047683716,3.9583330154418954,2.9697844982147217,3210716
02/08/2018,3.9583330154418954,3.991666078567505,3.900000095367432,3.950000047683716,2.9635329246521,3075750
03/08/2018,3.950000047683716,4.0,3.9416658878326416,3.974999904632568,2.9822885990142822,1966983
06/08/2018,3.9583330154418954,4.025000095367432,3.9583330154418954,3.991666078567505,2.994792938232422,1361565
07/08/2018,4.0,4.125,4.0,4.099999904632568,3.0760715007781982,2626769
08/08/2018,4.125,4.183332920074463,4.125,4.158332824707031,3.1198363304138184,2436091
09/08/2018,4.158332824707031,4.224999904632568,4.133333206176758,4.166666030883789,3.126088857650757,2818299
10/08/2018,4.108333110809326,4.25,3.983333110809326,4.183332920074463,3.1385931968688965,5031628
13/08/2018,4.150000095367432,4.449999809265137,4.141665935516357,4.333333015441895,3.25113296508789,7336419
14/08/2018,4.241665840148926,4.241665840148926,4.041666030883789,4.041666030883789,3.03230619430542,7294883
15/08/2018,4.074999809265137,4.083333015441895,3.841665983200073,3.841665983200073,2.882253885269165,5332736
16/08/2018,3.9083330631256095,4.025000095367432,3.75,3.891665935516357,2.919767141342163,5134443
17/08/2018,3.8833329677581783,3.9416658878326416,3.799999952316284,3.875,2.9072628021240234,3482327
20/08/2018,3.900000095367432,4.283332824707031,3.900000095367432,4.283332824707031,3.213619470596313,2522355
21/08/2018,4.283332824707031,4.283332824707031,4.283332824707031,4.283332824707031,3.213619470596313,0
22/08/2018,4.283332824707031,4.283332824707031,4.283332824707031,4.283332824707031,3.213619470596313,0
23/08/2018,4.283332824707031,4.283332824707031,4.283332824707031,4.283332824707031,3.213619470596313,0
24/08/2018,4.283332824707031,4.283332824707031,4.283332824707031,4.283332824707031,3.213619470596313,0
27/08/2018,4.283332824707031,4.283332824707031,4.191666126251221,4.216666221618652,3.163601875305176,2263310
28/08/2018,4.216666221618652,4.283332824707031,4.216666221618652,4.266665935516357,3.201115131378174,2122559
29/08/2018,4.241665840148926,4.341666221618652,4.233333110809326,4.241665840148926,3.182358264923096,2821465
30/08/2018,4.241665840148926,4.241665840148926,4.241665840148926,4.241665840148926,3.182358264923096,0
31/08/2018,4.224999904632568,4.324999809265137,4.224999904632568,4.291666030883789,3.219871759414673,2798488
03/09/2018,4.300000190734863,4.408332824707031,4.300000190734863,4.383333206176758,3.2886459827423096,2984891
04/09/2018,4.416666030883789,4.466666221618652,4.383333206176758,4.449999809265137,3.338663101196289,3138038
05/09/2018,4.449999809265137,4.508333206176758,4.425000190734863,4.491665840148926,3.3699233531951904,2500807
06/09/2018,4.5,4.525000095367432,4.433332920074463,4.458333015441895,3.3449156284332275,1736587
07/09/2018,4.458333015441895,4.491665840148926,4.383333206176758,4.400000095367432,3.3011505603790283,3231548
10/09/2018,4.391665935516357,4.433332920074463,4.300000190734863,4.308332920074463,3.2323758602142334,2042727
11/09/2018,4.349999904632568,4.441666126251221,4.341666221618652,4.400000095367432,3.3011505603790283,1723823
12/09/2018,4.400000095367432,4.416666030883789,4.241665840148926,4.275000095367432,3.2073676586151123,3491657
13/09/2018,4.300000190734863,4.391665935516357,4.275000095367432,4.366665840148926,3.2761409282684326,3485326
14/09/2018,4.383333206176758,4.408332824707031,4.233333110809326,4.291666030883789,3.219871759414673,5176497
17/09/2018,4.300000190734863,4.349999904632568,4.241665840148926,4.324999809265137,3.244881153106689,4494443
18/09/2018,4.341666221618652,4.391665935516357,4.316666126251221,4.375,3.282393217086792,1815117
19/09/2018,4.400000095367432,4.425000190734863,4.308332920074463,4.349999904632568,3.263637065887451,2381677
20/09/2018,4.375,4.383333206176758,4.324999809265137,4.366665840148926,3.2761409282684326,2281144
21/09/2018,4.416666030883789,4.433332920074463,4.324999809265137,4.324999809265137,3.244881153106689,1981412
24/09/2018,4.366665840148926,4.400000095367432,4.333333015441895,4.349999904632568,3.263637065887451,1752112
25/09/2018,4.349999904632568,4.366665840148926,4.333333015441895,4.333333015441895,3.25113296508789,1203459
26/09/2018,4.366665840148926,4.375,4.316666126251221,4.349999904632568,3.263637065887451,1272790
27/09/2018,4.341666221618652,4.433332920074463,4.341666221618652,4.408332824707031,3.3074021339416504,1745926
28/09/2018,4.416666030883789,4.416666030883789,4.341666221618652,4.341666221618652,3.2573845386505127,774153
01/10/2018,4.349999904632568,4.425000190734863,4.308332920074463,4.324999809265137,3.244881153106689,2040375
02/10/2018,4.333333015441895,4.366665840148926,4.324999809265137,4.341666221618652,3.2573845386505127,904635
03/10/2018,4.341666221618652,4.341666221618652,4.258333206176758,4.258333206176758,3.1948633193969727,1688126
04/10/2018,4.283332824707031,4.291666030883789,4.241665840148926,4.241665840148926,3.182358264923096,1029476
05/10/2018,4.25,4.275000095367432,4.141665935516357,4.224999904632568,3.1698548793792725,3775750
08/10/2018,4.224999904632568,4.258333206176758,4.125,4.133333206176758,3.101080656051636,4286505
09/10/2018,4.133333206176758,4.175000190734863,4.099999904632568,4.133333206176758,3.101080656051636,3520182
10/10/2018,4.175000190734863,4.183332920074463,4.074999809265137,4.091666221618652,3.069819450378418,3004953
11/10/2018,4.099999904632568,4.116665840148926,4.066666126251221,4.091666221618652,3.069819450378418,1875259
12/10/2018,4.099999904632568,4.116665840148926,4.050000190734863,4.091666221618652,3.069819450378418,2511453
15/10/2018,4.125,4.224999904632568,4.074999809265137,4.158332824707031,3.1198363304138184,3674564
16/10/2018,4.166666030883789,4.199999809265137,4.083333015441895,4.116665840148926,3.088575601577759,5848397
17/10/2018,4.125,4.158332824707031,4.091666221618652,4.141665935516357,3.107332229614258,2055929
18/10/2018,4.141665935516357,4.158332824707031,4.074999809265137,4.091666221618652,3.069819450378418,1743158
19/10/2018,4.091666221618652,4.099999904632568,4.050000190734863,4.083333015441895,3.0635669231414795,1210321
22/10/2018,4.083333015441895,4.091666221618652,3.983333110809326,4.0,3.0010459423065186,4018784
23/10/2018,3.9583330154418954,4.0,3.875,3.8833329677581783,2.913515329360962,1472641
24/10/2018,3.875,3.950000047683716,3.866666078567505,3.866666078567505,2.901010274887085,1714043
25/10/2018,3.841665983200073,3.9416658878326416,3.841665983200073,3.858333110809326,2.894758701324463,1857781
26/10/2018,3.875,3.924999952316284,3.8333330154418954,3.841665983200073,2.882253885269165,1697893
29/10/2018,3.841665983200073,3.841665983200073,3.841665983200073,3.841665983200073,2.882253885269165,0
30/10/2018,3.8166658878326416,3.8833329677581783,3.775000095367432,3.875,2.9072628021240234,2172740
31/10/2018,3.900000095367432,3.924999952316284,3.849999904632568,3.866666078567505,2.901010274887085,2300290
01/11/2018,3.916666030883789,3.9416658878326416,3.8333330154418954,3.875,2.9072628021240234,3817312
02/11/2018,3.8833329677581783,3.9083330631256095,3.875,3.891665935516357,2.919767141342163,2315056
05/11/2018,3.9416658878326416,3.9416658878326416,3.866666078567505,3.866666078567505,2.901010274887085,1693019
06/11/2018,3.8833329677581783,3.891665935516357,3.799999952316284,3.8166658878326416,2.863497257232666,1609817
07/11/2018,3.825000047683716,3.891665935516357,3.808332920074463,3.8833329677581783,2.913515329360962,4139148
08/11/2018,3.900000095367432,3.900000095367432,3.849999904632568,3.858333110809326,2.894758701324463,2331881
09/11/2018,3.8833329677581783,3.933332920074463,3.858333110809326,3.8833329677581783,2.913515329360962,4924286
12/11/2018,3.891665935516357,3.924999952316284,3.866666078567505,3.891665935516357,2.919767141342163,1915429
13/11/2018,3.891665935516357,3.966665983200073,3.8833329677581783,3.966665983200073,2.976036548614502,2146685
14/11/2018,3.9583330154418954,3.9583330154418954,3.916666030883789,3.933332920074463,2.9510278701782227,2265791
15/11/2018,3.933332920074463,3.9583330154418954,3.916666030883789,3.9416658878326416,2.9572794437408447,1426715
16/11/2018,3.950000047683716,4.0,3.9416658878326416,3.966665983200073,2.976036548614502,3765828
19/11/2018,3.983333110809326,4.033332824707031,3.966665983200073,4.025000095367432,3.01980209350586,1239130
20/11/2018,4.033332824707031,4.033332824707031,3.9416658878326416,3.974999904632568,2.9822885990142822,2680841
21/11/2018,3.983333110809326,4.008333206176758,3.950000047683716,3.983333110809326,2.988541603088379,998434
22/11/2018,3.974999904632568,3.974999904632568,3.924999952316284,3.9416658878326416,2.9572794437408447,1305287
23/11/2018,3.933332920074463,3.933332920074463,3.858333110809326,3.875,2.9072628021240234,1003989
26/11/2018,3.875,3.900000095367432,3.858333110809326,3.866666078567505,2.901010274887085,1383128
27/11/2018,3.858333110809326,3.866666078567505,3.799999952316284,3.808332920074463,2.8572452068328857,2254657
28/11/2018,3.808332920074463,3.841665983200073,3.791666030883789,3.825000047683716,2.8697502613067627,1878477
29/11/2018,3.8333330154418954,3.891665935516357,3.8333330154418954,3.875,2.9072628021240234,3399525
30/11/2018,3.875,3.9416658878326416,3.875,3.933332920074463,2.9510278701782227,1925097
03/12/2018,3.924999952316284,3.950000047683716,3.8333330154418954,3.849999904632568,2.8885066509246826,2937424
04/12/2018,3.825000047683716,3.891665935516357,3.791666030883789,3.825000047683716,2.8697502613067627,3054293
05/12/2018,3.8166658878326416,3.8333330154418954,3.741666078567505,3.75,2.8134803771972656,4385747
06/12/2018,3.733333110809326,3.766665935516357,3.700000047683716,3.75,2.8134803771972656,1484391
07/12/2018,3.741666078567505,3.858333110809326,3.724999904632568,3.808332920074463,2.8572452068328857,4678946
10/12/2018,3.799999952316284,3.8333330154418954,3.775000095367432,3.8166658878326416,2.863497257232666,2141135
11/12/2018,3.825000047683716,3.8333330154418954,3.7833330631256095,3.7833330631256095,2.838489055633545,1910453
12/12/2018,3.7583329677581783,3.766665935516357,3.674999952316284,3.7083330154418954,2.806949615478516,2562728
13/12/2018,3.7583329677581783,3.825000047683716,3.7083330154418954,3.808332920074463,2.88264274597168,3198165
14/12/2018,3.841665983200073,3.8833329677581783,3.8166658878326416,3.8333330154418954,2.9015660285949707,1667749
17/12/2018,3.799999952316284,3.866666078567505,3.791666030883789,3.849999904632568,2.914181709289551,1470430
18/12/2018,3.866666078567505,3.916666030883789,3.8166658878326416,3.866666078567505,2.9267969131469727,4242623
19/12/2018,3.875,3.900000095367432,3.8333330154418954,3.841665983200073,2.9078736305236816,1240015
20/12/2018,3.841665983200073,3.866666078567505,3.75,3.7833330631256095,2.863719701766968,1958035
21/12/2018,3.791666030883789,3.791666030883789,3.683332920074463,3.724999904632568,2.819565534591675,3020147
24/12/2018,3.683332920074463,3.724999904632568,3.683332920074463,3.724999904632568,2.819565534591675,695279
25/12/2018,3.700000047683716,3.766665935516357,3.6916658878326416,3.7583329677581783,2.8447964191436768,537297
26/12/2018,3.7583329677581783,3.766665935516357,3.75,3.766665935516357,2.8511037826538086,223978
27/12/2018,3.7833330631256095,3.791666030883789,3.741666078567505,3.741666078567505,2.8321807384490967,1629703
28/12/2018,3.7583329677581783,3.766665935516357,3.7083330154418954,3.724999904632568,2.819565534591675,826286
31/12/2018,3.741666078567505,3.8166658878326416,3.741666078567505,3.808332920074463,2.88264274597168,935231
01/01/2019,3.808332920074463,3.808332920074463,3.808332920074463,3.808332920074463,2.88264274597168,0
02/01/2019,3.825000047683716,3.858333110809326,3.7833330631256095,3.849999904632568,2.914181709289551,2148208
03/01/2019,3.849999904632568,3.858333110809326,3.700000047683716,3.724999904632568,2.819565534591675,1950208
04/01/2019,3.766665935516357,3.7833330631256095,3.724999904632568,3.75,2.838488817214966,699365
07/01/2019,3.7833330631256095,3.799999952316284,3.7583329677581783,3.7583329677581783,2.8447964191436768,594999
08/01/2019,3.75,3.775000095367432,3.733333110809326,3.75,2.838488817214966,644216
09/01/2019,3.7583329677581783,3.775000095367432,3.733333110809326,3.775000095367432,2.857412099838257,1121090
10/01/2019,3.7583329677581783,3.799999952316284,3.75,3.775000095367432,2.857412099838257,678045
11/01/2019,3.7833330631256095,3.791666030883789,3.75,3.7583329677581783,2.8447964191436768,444976
14/01/2019,3.7583329677581783,3.766665935516357,3.733333110809326,3.7583329677581783,2.8447964191436768,249461
15/01/2019,3.766665935516357,3.766665935516357,3.700000047683716,3.724999904632568,2.819565534591675,1187769
16/01/2019,3.733333110809326,3.75,3.716665983200073,3.733333110809326,2.8258731365203857,663635
17/01/2019,3.775000095367432,3.808332920074463,3.7583329677581783,3.791666030883789,2.8700268268585205,2008880
18/01/2019,3.791666030883789,3.849999904632568,3.791666030883789,3.8333330154418954,2.9015660285949707,10341894
21/01/2019,3.858333110809326,3.866666078567505,3.791666030883789,3.8166658878326416,2.8889501094818115,1733918
22/01/2019,3.808332920074463,3.841665983200073,3.808332920074463,3.825000047683716,2.895258665084839,855524
23/01/2019,3.849999904632568,3.9583330154418954,3.825000047683716,3.9583330154418954,2.9961822032928467,2862976
24/01/2019,3.966665983200073,3.991666078567505,3.933332920074463,3.983333110809326,3.0151054859161377,1267039
25/01/2019,3.966665983200073,4.025000095367432,3.933332920074463,4.016665935516357,3.0403366088867188,1030324
28/01/2019,4.016665935516357,4.033332824707031,3.983333110809326,4.016665935516357,3.0403366088867188,886514
29/01/2019,4.0,4.300000190734863,3.991666078567505,4.291666030883789,3.248492479324341,3538775
30/01/2019,4.375,4.375,4.133333206176758,4.166666030883789,3.1538760662078857,3060310
31/01/2019,4.166666030883789,4.199999809265137,4.116665840148926,4.141665935516357,3.1349523067474365,1322673
01/02/2019,4.108333110809326,4.141665935516357,4.074999809265137,4.108333110809326,3.109722137451172,931719
04/02/2019,4.099999904632568,4.125,4.041666030883789,4.083333015441895,3.090798854827881,1019487
05/02/2019,4.033332824707031,4.166666030883789,4.033332824707031,4.074999809265137,3.084490776062012,1536452
06/02/2019,4.083333015441895,4.150000095367432,4.066666126251221,4.141665935516357,3.1349523067474365,1359256
07/02/2019,4.166666030883789,4.199999809265137,4.083333015441895,4.099999904632568,3.1034140586853027,788775
08/02/2019,4.091666221618652,4.158332824707031,4.050000190734863,4.116665840148926,3.116029024124145,595163
11/02/2019,4.125,4.241665840148926,4.125,4.216666221618652,3.191722631454468,1452247
12/02/2019,4.175000190734863,4.25,4.150000095367432,4.208333015441895,3.1854147911071777,1647119
13/02/2019,4.216666221618652,4.25,4.158332824707031,4.166666030883789,3.1538760662078857,1553961
14/02/2019,4.158332824707031,4.183332920074463,3.9416658878326416,3.9583330154418954,2.9961822032928467,2792491
15/02/2019,3.9583330154418954,4.074999809265137,3.9583330154418954,4.041666030883789,3.0592598915100098,1372486
18/02/2019,4.041666030883789,4.083333015441895,4.025000095367432,4.066666126251221,3.078183174133301,846007
19/02/2019,4.066666126251221,4.074999809265137,4.025000095367432,4.050000190734863,3.065567970275879,549608
20/02/2019,4.058332920074463,4.183332920074463,4.041666030883789,4.150000095367432,3.141261100769043,1649037
21/02/2019,4.150000095367432,4.208333015441895,4.125,4.141665935516357,3.1349523067474365,1175482
22/02/2019,4.133333206176758,4.191666126251221,4.125,4.191666126251221,3.172799587249756,700664
25/02/2019,4.175000190734863,4.216666221618652,4.158332824707031,4.166666030883789,3.1538760662078857,1299751
26/02/2019,4.158332824707031,4.208333015441895,4.150000095367432,4.166666030883789,3.1538760662078857,1338574
27/02/2019,4.166666030883789,4.191666126251221,4.150000095367432,4.166666030883789,3.1538760662078857,565023
28/02/2019,4.166666030883789,4.183332920074463,4.133333206176758,4.158332824707031,3.1475679874420166,548677
01/03/2019,4.175000190734863,4.191666126251221,4.133333206176758,4.183332920074463,3.1664915084838867,896725
04/03/2019,4.208333015441895,4.233333110809326,4.175000190734863,4.175000190734863,3.160184383392334,618859
05/03/2019,4.166666030883789,4.175000190734863,4.033332824707031,4.058332920074463,3.0718753337860107,3228297
06/03/2019,4.058332920074463,4.141665935516357,4.041666030883789,4.050000190734863,3.065567970275879,2890845
07/03/2019,4.058332920074463,4.125,4.033332824707031,4.091666221618652,3.097106456756592,1850029
08/03/2019,4.066666126251221,4.133333206176758,4.066666126251221,4.091666221618652,3.097106456756592,937899
11/03/2019,4.099999904632568,4.133333206176758,4.091666221618652,4.125,3.122337818145752,400991
12/03/2019,4.133333206176758,4.191666126251221,4.133333206176758,4.175000190734863,3.160184383392334,1515051
13/03/2019,4.166666030883789,4.208333015441895,4.108333110809326,4.158332824707031,3.1475679874420166,2256891
14/03/2019,4.150000095367432,4.191666126251221,4.116665840148926,4.175000190734863,3.160184383392334,2550323
15/03/2019,4.199999809265137,4.199999809265137,4.158332824707031,4.166666030883789,3.1538760662078857,341853
18/03/2019,4.125,4.133333206176758,4.066666126251221,4.116665840148926,3.116029024124145,2887521
19/03/2019,4.083333015441895,4.133333206176758,4.066666126251221,4.116665840148926,3.116029024124145,2173748
20/03/2019,4.108333110809326,4.141665935516357,4.091666221618652,4.125,3.122337818145752,1370228
21/03/2019,4.133333206176758,4.175000190734863,4.108333110809326,4.150000095367432,3.141261100769043,1584507
22/03/2019,4.166666030883789,4.166666030883789,3.900000095367432,4.066666126251221,3.078183174133301,6587634
25/03/2019,4.066666126251221,4.091666221618652,4.050000190734863,4.074999809265137,3.084490776062012,1062301
26/03/2019,4.0,4.133333206176758,4.0,4.099999904632568,3.1034140586853027,2618597
27/03/2019,4.099999904632568,4.099999904632568,3.933332920074463,3.933332920074463,2.977258920669556,1392593
28/03/2019,3.983333110809326,4.0,3.875,3.933332920074463,2.977258920669556,1313523
29/03/2019,3.924999952316284,3.966665983200073,3.8833329677581783,3.933332920074463,2.977258920669556,1242955
01/04/2019,3.825000047683716,3.9416658878326416,3.791666030883789,3.891665935516357,2.9457194805145264,906455
02/04/2019,3.974999904632568,4.016665935516357,3.891665935516357,3.924999952316284,2.970951795578003,2526863
03/04/2019,3.924999952316284,3.974999904632568,3.900000095367432,3.950000047683716,2.989875555038452,757358
04/04/2019,3.991666078567505,4.0,3.950000047683716,3.974999904632568,3.008798122406006,495832
05/04/2019,4.016665935516357,4.041666030883789,4.0,4.025000095367432,3.046644926071167,565634
08/04/2019,4.058332920074463,4.066666126251221,3.974999904632568,4.050000190734863,3.065567970275879,705359
09/04/2019,4.091666221618652,4.108333110809326,4.041666030883789,4.066666126251221,3.078183174133301,650098
10/04/2019,4.074999809265137,4.099999904632568,4.050000190734863,4.083333015441895,3.090798854827881,438548
11/04/2019,4.099999904632568,4.150000095367432,4.050000190734863,4.116665840148926,3.116029024124145,2778773
12/04/2019,4.133333206176758,4.133333206176758,4.091666221618652,4.125,3.122337818145752,242403
15/04/2019,4.158332824707031,4.208333015441895,4.108333110809326,4.166666030883789,3.1538760662078857,1066703
16/04/2019,4.183332920074463,4.233333110809326,4.166666030883789,4.208333015441895,3.1854147911071777,587470
17/04/2019,4.133333206176758,4.208333015441895,4.083333015441895,4.208333015441895,3.2829275131225586,2643255
18/04/2019,4.208333015441895,4.333333015441895,4.116665840148926,4.316666126251221,3.367438793182373,2610905
19/04/2019,4.300000190734863,4.333333015441895,4.208333015441895,4.233333110809326,3.3024299144744877,498772
22/04/2019,4.241665840148926,4.241665840148926,4.158332824707031,4.208333015441895,3.2829275131225586,314884
23/04/2019,4.208333015441895,4.208333015441895,4.208333015441895,4.208333015441895,3.2829275131225586,0
24/04/2019,4.208333015441895,4.358333110809326,4.199999809265137,4.358333110809326,3.3999428749084477,2616970
25/04/2019,4.375,4.383333206176758,4.275000095367432,4.316666126251221,3.367438793182373,3115026
26/04/2019,4.333333015441895,4.366665840148926,4.241665840148926,4.275000095367432,3.3349342346191406,2911048
29/04/2019,4.300000190734863,4.308332920074463,4.216666221618652,4.241665840148926,3.3089308738708496,1453349
30/04/2019,4.258333206176758,4.533332824707031,4.258333206176758,4.449999809265137,3.471452236175537,3350418
01/05/2019,4.449999809265137,4.449999809265137,4.449999809265137,4.449999809265137,3.471452236175537,0
02/05/2019,4.466666221618652,4.566666126251221,4.366665840148926,4.391665935516357,3.4259462356567383,2960201
03/05/2019,4.408332824707031,4.516665935516357,4.241665840148926,4.408332824707031,3.4389476776123047,2289869
06/05/2019,4.416666030883789,4.416666030883789,4.291666030883789,4.316666126251221,3.367438793182373,1059221
07/05/2019,4.275000095367432,4.324999809265137,4.150000095367432,4.266665935516357,3.3284335136413574,4026575
08/05/2019,4.258333206176758,4.275000095367432,4.199999809265137,4.224999904632568,3.2959296703338623,1572314
09/05/2019,4.233333110809326,4.258333206176758,4.141665935516357,4.241665840148926,3.3089308738708496,1417522
10/05/2019,4.416666030883789,4.5,4.308332920074463,4.341666221618652,3.386941432952881,2539101
13/05/2019,4.375,4.400000095367432,4.300000190734863,4.358333110809326,3.3999428749084477,1024261
14/05/2019,4.366665840148926,4.383333206176758,4.158332824707031,4.166666030883789,3.2504236698150635,1748469
15/05/2019,4.183332920074463,4.191666126251221,4.133333206176758,4.166666030883789,3.2504236698150635,1243154
16/05/2019,4.158332824707031,4.199999809265137,4.125,4.141665935516357,3.230920553207397,1472597
17/05/2019,4.166666030883789,4.183332920074463,4.108333110809326,4.116665840148926,3.2114174365997314,548258
20/05/2019,4.158332824707031,4.158332824707031,4.050000190734863,4.074999809265137,3.1789140701293945,835485
21/05/2019,4.074999809265137,4.208333015441895,4.050000190734863,4.191666126251221,3.269925832748413,1663904
22/05/2019,4.175000190734863,4.199999809265137,4.150000095367432,4.166666030883789,3.2504236698150635,691597
23/05/2019,4.150000095367432,4.191666126251221,4.150000095367432,4.166666030883789,3.2504236698150635,547226
24/05/2019,4.208333015441895,4.258333206176758,4.183332920074463,4.233333110809326,3.3024299144744877,652697
27/05/2019,4.291666030883789,4.375,4.258333206176758,4.300000190734863,3.3544371128082275,598487
28/05/2019,4.358333110809326,4.375,4.241665840148926,4.275000095367432,3.3349342346191406,1294276
29/05/2019,4.291666030883789,4.316666126251221,4.224999904632568,4.275000095367432,3.3349342346191406,1880317
30/05/2019,4.224999904632568,4.358333110809326,4.224999904632568,4.349999904632568,3.393442392349243,694953
31/05/2019,4.375,4.408332824707031,4.316666126251221,4.400000095367432,3.432446956634521,757246
03/06/2019,4.375,4.425000190734863,4.375,4.408332824707031,3.4389476776123047,81445
04/06/2019,4.408332824707031,4.408332824707031,4.408332824707031,4.408332824707031,3.4389476776123047,0
05/06/2019,4.408332824707031,4.408332824707031,4.408332824707031,4.408332824707031,3.4389476776123047,0
06/06/2019,4.408332824707031,4.408332824707031,4.408332824707031,4.408332824707031,3.4389476776123047,0
07/06/2019,4.408332824707031,4.449999809265137,4.333333015441895,4.433332920074463,3.458450555801392,696175
10/06/2019,4.441666126251221,4.483333110809326,4.0,4.449999809265137,3.471452236175537,2528037
11/06/2019,4.433332920074463,4.449999809265137,4.349999904632568,4.391665935516357,3.4259462356567383,590714
12/06/2019,4.375,4.383333206176758,4.233333110809326,4.283332824707031,3.341434955596924,1565960
13/06/2019,4.266665935516357,4.316666126251221,4.216666221618652,4.25,3.315432071685791,1428201
14/06/2019,4.266665935516357,4.316666126251221,4.224999904632568,4.25,3.315432071685791,333027
17/06/2019,4.241665840148926,4.341666221618652,4.241665840148926,4.316666126251221,3.367438793182373,548210
18/06/2019,4.333333015441895,4.358333110809326,4.300000190734863,4.333333015441895,3.3804402351379395,610978
19/06/2019,4.349999904632568,4.358333110809326,4.316666126251221,4.349999904632568,3.393442392349243,401332
20/06/2019,4.324999809265137,4.358333110809326,4.266665935516357,4.300000190734863,3.3544371128082275,533667
21/06/2019,4.316666126251221,4.458333015441895,4.291666030883789,4.449999809265137,3.471452236175537,919495
24/06/2019,4.483333110809326,4.5,4.341666221618652,4.366665840148926,3.4064435958862305,699493
25/06/2019,4.366665840148926,4.5,4.358333110809326,4.483333110809326,3.497455596923828,3449708
26/06/2019,4.458333015441895,4.574999809265137,4.449999809265137,4.566666126251221,3.562463760375977,1423973
27/06/2019,4.591666221618652,4.683332920074463,4.525000095367432,4.558332920074463,3.555963516235352,1577477
28/06/2019,4.508333206176758,4.608333110809326,4.416666030883789,4.541666030883789,3.542961359024048,1975721
01/07/2019,4.625,4.650000095367432,4.508333206176758,4.591666221618652,3.5819668769836426,1064527
02/07/2019,4.599999904632568,4.833333015441895,4.541666030883789,4.816666126251221,3.757488965988159,3616389
03/07/2019,4.816666126251221,4.916666030883789,4.708333015441895,4.75,3.705483913421631,3354950
04/07/2019,4.775000095367432,4.908332824707031,4.658332824707031,4.691666126251221,3.659976720809937,2847856
05/07/2019,4.724999904632568,4.933332920074463,4.699999809265137,4.833333015441895,3.770490884780884,3467685
08/07/2019,4.724999904632568,4.941666126251221,4.724999904632568,4.791666030883789,3.7379865646362314,4334700
09/07/2019,4.783332824707031,4.941666126251221,4.783332824707031,4.875,3.802994966506958,2227267
10/07/2019,4.925000190734863,4.983333110809326,4.849999904632568,4.925000190734863,3.842000722885132,4037495
11/07/2019,4.958333015441895,4.974999904632568,4.900000095367432,4.958333015441895,3.8680036067962646,754582
12/07/2019,4.933332920074463,4.983333110809326,4.833333015441895,4.875,3.802994966506958,2587787
15/07/2019,4.875,4.875,4.875,4.875,3.802994966506958,0
16/07/2019,4.858333110809326,4.941666126251221,4.800000190734863,4.891665935516357,3.815996408462525,3681952
17/07/2019,4.908332824707031,4.908332824707031,4.824999809265137,4.833333015441895,3.770490884780884,953204
18/07/2019,4.900000095367432,4.900000095367432,4.824999809265137,4.841666221618652,3.776991605758667,2241694
19/07/2019,4.858333110809326,4.858333110809326,4.816666126251221,4.816666126251221,3.757488965988159,2505783
22/07/2019,4.824999809265137,4.858333110809326,4.816666126251221,4.849999904632568,3.783493041992188,556930
23/07/2019,4.883333206176758,4.933332920074463,4.824999809265137,4.841666221618652,3.776991605758667,930087
24/07/2019,4.833333015441895,4.883333206176758,4.824999809265137,4.841666221618652,3.776991605758667,526831
25/07/2019,4.841666221618652,4.866665840148926,4.800000190734863,4.808332920074463,3.750988721847534,1216043
26/07/2019,4.800000190734863,4.866665840148926,4.791666030883789,4.833333015441895,3.770490884780884,874693
29/07/2019,4.849999904632568,4.849999904632568,4.775000095367432,4.833333015441895,3.770490884780884,2232757
30/07/2019,4.816666126251221,4.966666221618652,4.791666030883789,4.900000095367432,3.8224985599517822,3499840
31/07/2019,4.941666126251221,5.133333206176758,4.891665935516357,5.083333015441895,3.965516805648804,3418262
01/08/2019,5.033332824707031,5.150000095367432,4.983333110809326,4.983333110809326,3.887506484985352,3281469
02/08/2019,4.974999904632568,5.0416669845581055,4.916666030883789,4.925000190734863,3.842000722885132,768941
05/08/2019,4.891665935516357,4.933332920074463,4.791666030883789,4.808332920074463,3.750988721847534,1007908
06/08/2019,4.849999904632568,4.866665840148926,4.708333015441895,4.75,3.705483913421631,1638153
07/08/2019,4.75,4.783332824707031,4.691666126251221,4.691666126251221,3.659976720809937,827875
08/08/2019,4.716666221618652,4.741665840148926,4.658332824707031,4.683332920074463,3.653476476669312,839512
09/08/2019,4.833333015441895,4.841666221618652,4.599999904632568,4.608333110809326,3.59496808052063,1661103
12/08/2019,4.608333110809326,4.608333110809326,4.608333110809326,4.608333110809326,3.59496808052063,0
13/08/2019,4.608333110809326,4.608333110809326,4.608333110809326,4.608333110809326,3.59496808052063,0
14/08/2019,4.608333110809326,4.608333110809326,4.608333110809326,4.608333110809326,3.59496808052063,0
15/08/2019,4.583333015441895,4.599999904632568,4.441666126251221,4.449999809265137,3.471452236175537,1037657
16/08/2019,4.491665840148926,4.541666030883789,4.458333015441895,4.525000095367432,3.52996039390564,1181726
19/08/2019,4.516665935516357,4.633333206176758,4.491665840148926,4.558332920074463,3.555963516235352,1107638
20/08/2019,4.566666126251221,4.625,4.516665935516357,4.533332824707031,3.5364606380462646,541324
21/08/2019,4.541666030883789,4.566666126251221,4.516665935516357,4.525000095367432,3.52996039390564,427295
22/08/2019,4.566666126251221,4.625,4.533332824707031,4.591666221618652,3.5819668769836426,964157
23/08/2019,4.566666126251221,4.625,4.558332920074463,4.616665840148926,3.601468563079834,415972
26/08/2019,4.625,4.849999904632568,4.625,4.741665840148926,3.698981285095215,2683178
27/08/2019,4.758333206176758,4.883333206176758,4.708333015441895,4.824999809265137,3.763990640640259,2108950
28/08/2019,4.875,4.891665935516357,4.766665935516357,4.775000095367432,3.724985122680664,2783164
29/08/2019,4.758333206176758,4.866665840148926,4.758333206176758,4.808332920074463,3.750988721847534,765331
30/08/2019,4.808332920074463,4.808332920074463,4.808332920074463,4.808332920074463,3.750988721847534,0
02/09/2019,4.800000190734863,4.891665935516357,4.800000190734863,4.816666126251221,3.757488965988159,672907
03/09/2019,4.816666126251221,4.833333015441895,4.766665935516357,4.808332920074463,3.750988721847534,513169
04/09/2019,4.808332920074463,4.841666221618652,4.766665935516357,4.775000095367432,3.724985122680664,725920
05/09/2019,4.775000095367432,4.800000190734863,4.741665840148926,4.75,3.705483913421631,2714902
06/09/2019,4.758333206176758,4.775000095367432,4.724999904632568,4.733333110809326,3.692480564117432,515576
09/09/2019,4.733333110809326,4.766665935516357,4.650000095367432,4.658332824707031,3.6339735984802246,1323041
10/09/2019,4.641665935516357,4.666666030883789,4.608333110809326,4.616665840148926,3.601468563079834,4088903
11/09/2019,4.708333015441895,4.724999904632568,4.675000190734863,4.683332920074463,3.653476476669312,1147315
12/09/2019,4.691666126251221,4.75,4.666666030883789,4.699999809265137,3.66647744178772,2717372
13/09/2019,4.716666221618652,4.775000095367432,4.716666221618652,4.758333206176758,3.7119839191436768,1281316
16/09/2019,4.75,4.783332824707031,4.724999904632568,4.766665935516357,3.7184841632843018,974141
17/09/2019,4.766665935516357,4.766665935516357,4.683332920074463,4.699999809265137,3.66647744178772,2870387
18/09/2019,4.683332920074463,4.724999904632568,4.658332824707031,4.666666030883789,3.6404733657836914,1766291
19/09/2019,4.666666030883789,4.675000190734863,4.583333015441895,4.591666221618652,3.5819668769836426,1625036
20/09/2019,4.599999904632568,4.666666030883789,4.566666126251221,4.650000095367432,3.627473831176758,1614448
23/09/2019,4.666666030883789,4.741665840148926,4.650000095367432,4.683332920074463,3.653476476669312,2532538
24/09/2019,4.699999809265137,4.716666221618652,4.675000190734863,4.683332920074463,3.653476476669312,1407035
25/09/2019,4.683332920074463,4.708333015441895,4.633333206176758,4.650000095367432,3.627473831176758,2169359
26/09/2019,4.658332824707031,4.716666221618652,4.650000095367432,4.675000190734863,3.64697527885437,2711391
27/09/2019,4.675000190734863,4.758333206176758,4.666666030883789,4.691666126251221,3.659976720809937,2496062
30/09/2019,4.708333015441895,4.75,4.691666126251221,4.716666221618652,3.679478645324707,1749083
01/10/2019,4.716666221618652,4.849999904632568,4.716666221618652,4.775000095367432,3.724985122680664,2829825
02/10/2019,4.791666030883789,4.875,4.775000095367432,4.800000190734863,3.74448823928833,3169582
03/10/2019,4.816666126251221,4.849999904632568,4.808332920074463,4.833333015441895,3.770490884780884,1536310
04/10/2019,4.824999809265137,4.833333015441895,4.775000095367432,4.808332920074463,3.750988721847534,2757811
07/10/2019,4.800000190734863,4.916666030883789,4.791666030883789,4.875,3.802994966506958,5826897
08/10/2019,4.925000190734863,4.933332920074463,4.833333015441895,4.875,3.802994966506958,1973669
09/10/2019,4.883333206176758,4.925000190734863,4.758333206176758,4.816666126251221,3.757488965988159,2730761
10/10/2019,4.800000190734863,4.883333206176758,4.766665935516357,4.875,3.802994966506958,4729251
11/10/2019,4.800000190734863,4.858333110809326,4.800000190734863,4.816666126251221,3.757488965988159,1177245
14/10/2019,4.833333015441895,4.833333015441895,4.741665840148926,4.766665935516357,3.7184841632843018,1429953
15/10/2019,4.783332824707031,4.783332824707031,4.733333110809326,4.741665840148926,3.698981285095215,422462
16/10/2019,4.733333110809326,4.741665840148926,4.583333015441895,4.591666221618652,3.5819668769836426,1035686
17/10/2019,4.550000190734863,4.616665840148926,4.533332824707031,4.608333110809326,3.59496808052063,883640
18/10/2019,4.658332824707031,4.833333015441895,4.650000095367432,4.650000095367432,3.627473831176758,1204946
21/10/2019,4.675000190734863,4.699999809265137,4.599999904632568,4.608333110809326,3.59496808052063,961111
22/10/2019,4.599999904632568,4.633333206176758,4.583333015441895,4.583333015441895,3.5754659175872803,705081
23/10/2019,4.616665840148926,4.666666030883789,4.608333110809326,4.658332824707031,3.6339735984802246,651599
24/10/2019,4.699999809265137,4.741665840148926,4.666666030883789,4.708333015441895,3.6729791164398193,1738918
25/10/2019,4.716666221618652,4.775000095367432,4.699999809265137,4.75,3.705483913421631,870338
28/10/2019,4.758333206176758,4.783332824707031,4.75,4.775000095367432,3.724985122680664,209457
30/10/2019,4.75,4.824999809265137,4.724999904632568,4.800000190734863,3.74448823928833,926188
31/10/2019,4.800000190734863,4.866665840148926,4.75,4.800000190734863,3.74448823928833,945526
01/11/2019,4.816666126251221,4.833333015441895,4.766665935516357,4.775000095367432,3.724985122680664,424562
04/11/2019,4.783332824707031,4.841666221618652,4.783332824707031,4.833333015441895,3.770490884780884,1476795
05/11/2019,4.841666221618652,4.866665840148926,4.783332824707031,4.808332920074463,3.750988721847534,690117
06/11/2019,4.808332920074463,4.816666126251221,4.775000095367432,4.791666030883789,3.7379865646362314,1035333
07/11/2019,4.791666030883789,4.841666221618652,4.791666030883789,4.824999809265137,3.763990640640259,1125304
08/11/2019,4.816666126251221,4.858333110809326,4.791666030883789,4.808332920074463,3.750988721847534,811181
11/11/2019,4.833333015441895,4.891665935516357,4.808332920074463,4.841666221618652,3.776991605758667,1938022
12/11/2019,4.858333110809326,4.875,4.824999809265137,4.875,3.802994966506958,4018206
13/11/2019,4.833333015441895,4.833333015441895,4.758333206176758,4.816666126251221,3.8496170043945312,1851647
14/11/2019,4.808332920074463,4.841666221618652,4.791666030883789,4.816666126251221,3.8496170043945312,831001
15/11/2019,4.833333015441895,4.849999904632568,4.808332920074463,4.816666126251221,3.8496170043945312,1964845
18/11/2019,4.833333015441895,4.858333110809326,4.808332920074463,4.824999809265137,3.856277942657471,7258115
19/11/2019,4.833333015441895,4.849999904632568,4.816666126251221,4.841666221618652,3.869597434997559,2280405
20/11/2019,4.849999904632568,4.858333110809326,4.800000190734863,4.824999809265137,3.856277942657471,1704959
21/11/2019,4.816666126251221,4.833333015441895,4.783332824707031,4.791666030883789,3.829636573791504,764725
22/11/2019,4.800000190734863,4.841666221618652,4.800000190734863,4.824999809265137,3.856277942657471,818397
25/11/2019,4.849999904632568,4.875,4.783332824707031,4.783332824707031,3.822976589202881,3368357
26/11/2019,4.791666030883789,4.816666126251221,4.733333110809326,4.783332824707031,3.822976589202881,4389399
27/11/2019,4.808332920074463,4.841666221618652,4.775000095367432,4.800000190734863,3.836297035217285,1480375
28/11/2019,4.783332824707031,4.816666126251221,4.783332824707031,4.791666030883789,3.829636573791504,1678825
29/11/2019,4.800000190734863,4.808332920074463,4.783332824707031,4.800000190734863,3.836297035217285,1016254
02/12/2019,4.824999809265137,4.849999904632568,4.816666126251221,4.816666126251221,3.8496170043945312,4616685
03/12/2019,4.824999809265137,4.833333015441895,4.791666030883789,4.791666030883789,3.829636573791504,2513042
04/12/2019,4.791666030883789,4.841666221618652,4.791666030883789,4.816666126251221,3.8496170043945312,6945421
05/12/2019,4.824999809265137,4.908332824707031,4.816666126251221,4.841666221618652,3.869597434997559,16499389
06/12/2019,4.875,4.966666221618652,4.875,4.933332920074463,3.9428598880767822,16984873
09/12/2019,4.974999904632568,5.150000095367432,4.974999904632568,5.066667079925537,4.049424648284912,11310272
10/12/2019,5.074999809265137,5.108333110809326,4.966666221618652,5.025000095367432,4.0161237716674805,7037509
11/12/2019,5.0,5.099999904632568,4.958333015441895,5.058332920074463,4.042763233184815,5110239
12/12/2019,5.083333015441895,5.133333206176758,5.074999809265137,5.099999904632568,4.076065540313721,4385076
13/12/2019,5.108333110809326,5.158332824707031,5.050000190734863,5.058332920074463,4.042763233184815,3937998
16/12/2019,5.083333015441895,5.099999904632568,5.033332824707031,5.033332824707031,4.022782802581787,2425426
17/12/2019,5.0416669845581055,5.216667175292969,5.0416669845581055,5.216667175292969,4.169308662414551,4917582
18/12/2019,5.233333110809326,5.25,5.066667079925537,5.1666669845581055,4.129348278045654,4501911
19/12/2019,5.241666793823242,5.266666889190674,5.133333206176758,5.150000095367432,4.116026878356934,3738430
20/12/2019,5.1666669845581055,5.224999904632568,5.133333206176758,5.150000095367432,4.116026878356934,2948548
23/12/2019,5.141666889190674,5.158332824707031,5.108333110809326,5.141666889190674,4.109366893768311,2111518
24/12/2019,5.141666889190674,5.216667175292969,5.141666889190674,5.199999809265137,4.155989170074463,1936803
25/12/2019,5.208333015441895,5.224999904632568,5.183332920074463,5.199999809265137,4.155989170074463,811187
26/12/2019,5.199999809265137,5.266666889190674,5.199999809265137,5.25,4.195949077606201,2188406
27/12/2019,5.258333206176758,5.308332920074463,5.216667175292969,5.233333110809326,4.182629585266113,3492419
30/12/2019,5.25,5.400000095367432,5.241666793823242,5.349999904632568,4.275872707366943,3156611
31/12/2019,5.366666793823242,5.4166669845581055,5.324999809265137,5.375,4.295853614807129,1589175
02/01/2020,5.358333110809326,5.391666889190674,5.316667079925537,5.358333110809326,4.282532691955566,1182277
03/01/2020,5.333333015441895,5.349999904632568,5.25,5.333333015441895,4.262552261352539,2602071
06/01/2020,5.300000190734863,5.300000190734863,5.175000190734863,5.25,4.195949077606201,1252443
07/01/2020,5.275000095367432,5.375,5.275000095367432,5.341667175292969,4.269213676452637,1618352
08/01/2020,5.316667079925537,5.333333015441895,5.233333110809326,5.316667079925537,4.249232292175293,1840432
09/01/2020,5.366666793823242,5.4166669845581055,5.349999904632568,5.400000095367432,4.3158345222473145,2782199
10/01/2020,5.441667079925537,5.458333015441895,5.358333110809326,5.358333110809326,4.282532691955566,1600646
13/01/2020,5.366666793823242,5.4166669845581055,5.366666793823242,5.383333206176758,4.30251407623291,1630763
14/01/2020,5.391666889190674,5.558332920074463,5.366666793823242,5.550000190734863,4.435718536376953,2720266
15/01/2020,5.558332920074463,5.558332920074463,5.449999809265137,5.491666793823242,4.389097690582275,1654467
16/01/2020,5.466667175292969,5.525000095367432,5.449999809265137,5.491666793823242,4.389097690582275,1463296
17/01/2020,5.491666793823242,5.5,5.425000190734863,5.441667079925537,4.349135875701904,3144230
20/01/2020,5.408332824707031,5.5416669845581055,5.408332824707031,5.525000095367432,4.415738582611084,1236278
21/01/2020,5.483333110809326,5.533332824707031,5.449999809265137,5.474999904632568,4.3757758140563965,2945423
22/01/2020,5.491666793823242,5.641666889190674,5.491666793823242,5.591667175292969,4.469020366668701,4171786
23/01/2020,5.599999904632568,5.599999904632568,5.525000095367432,5.5416669845581055,4.42905855178833,1223419
24/01/2020,5.5416669845581055,5.583333015441895,5.516666889190674,5.566667079925537,4.449038982391357,2249283
27/01/2020,5.566667079925537,5.633333206176758,5.5416669845581055,5.583333015441895,4.462359428405762,1861685
28/01/2020,5.616666793823242,5.616666793823242,5.525000095367432,5.566667079925537,4.449038982391357,3039729
29/01/2020,5.558332920074463,5.574999809265137,5.516666889190674,5.516666889190674,4.409077167510986,2340769
30/01/2020,5.533332824707031,5.583333015441895,5.508333206176758,5.550000190734863,4.435718536376953,1728397
31/01/2020,5.525000095367432,5.891666889190674,5.525000095367432,5.891666889190674,4.7087883949279785,4003358
03/02/2020,5.933332920074463,5.933332920074463,5.758333206176758,5.758333206176758,4.602224826812744,2493711
04/02/2020,5.783332824707031,5.816667079925537,5.75,5.766666889190674,4.608884334564209,2271723
05/02/2020,5.7916669845581055,5.824999809265137,5.758333206176758,5.7916669845581055,4.6288652420043945,2394154
06/02/2020,5.833333015441895,5.875,5.691667079925537,5.699999809265137,4.555602550506592,3616623
07/02/2020,5.708333015441895,5.733333110809326,5.641666889190674,5.6666669845581055,4.528961658477783,1706444
10/02/2020,5.675000190734863,5.675000190734863,5.341667175292969,5.483333110809326,4.382436275482178,3142097
11/02/2020,5.616666793823242,5.616666793823242,5.391666889190674,5.458333015441895,4.362455368041992,2346646
12/02/2020,5.474999904632568,5.574999809265137,5.425000190734863,5.5,4.395757675170898,2775326
13/02/2020,5.483333110809326,5.650000095367432,5.474999904632568,5.591667175292969,4.469020366668701,3287294
14/02/2020,5.599999904632568,5.641666889190674,5.574999809265137,5.599999904632568,4.475679874420166,2604431
17/02/2020,5.625,5.6666669845581055,5.616666793823242,5.633333206176758,4.502320766448975,1627960
18/02/2020,5.616666793823242,5.691667079925537,5.599999904632568,5.650000095367432,4.515641212463379,2403296
19/02/2020,5.758333206176758,5.783332824707031,5.650000095367432,5.675000190734863,4.535622596740723,3362105
20/02/2020,5.708333015441895,5.724999904632568,5.408332824707031,5.433332920074463,4.342474460601807,4675372
21/02/2020,5.433332920074463,5.574999809265137,5.358333110809326,5.516666889190674,4.409077167510986,2832809
24/02/2020,5.491666793823242,5.508333206176758,5.391666889190674,5.474999904632568,4.3757758140563965,1774869
25/02/2020,5.525000095367432,5.574999809265137,5.466667175292969,5.516666889190674,4.409077167510986,2277850
26/02/2020,5.533332824707031,5.6666669845581055,5.533332824707031,5.608333110809326,4.482339859008789,3798156
27/02/2020,5.574999809265137,5.599999904632568,5.425000190734863,5.433332920074463,4.342474460601807,3261670
28/02/2020,4.941666126251221,5.491666793823242,4.883333206176758,5.383333206176758,4.30251407623291,2286236
02/03/2020,5.400000095367432,5.491666793823242,5.199999809265137,5.308332920074463,4.2425713539123535,2169935
03/03/2020,5.324999809265137,5.4166669845581055,5.324999809265137,5.408332824707031,4.322493553161621,483733
04/03/2020,5.391666889190674,5.583333015441895,5.366666793823242,5.550000190734863,4.435718536376953,2152402
05/03/2020,5.758333206176758,6.066667079925537,5.491666793823242,5.508333206176758,4.402417182922363,5027423
06/03/2020,5.5416669845581055,5.625,5.5,5.566667079925537,4.449038982391357,3057668
09/03/2020,5.5,5.5,5.158332824707031,5.191667079925537,4.149328708648682,3089036
10/03/2020,5.341667175292969,5.441667079925537,4.908332824707031,4.916666030883789,3.9295403957366943,3432394
11/03/2020,4.916666030883789,4.916666030883789,4.916666030883789,4.916666030883789,3.9295403957366943,0
12/03/2020,4.583333015441895,4.741665840148926,4.566666126251221,4.583333015441895,3.663130760192871,1995747
13/03/2020,4.574999809265137,5.0,4.566666126251221,4.983333110809326,3.982821941375733,2253971
16/03/2020,4.866665840148926,4.875,4.708333015441895,4.724999904632568,3.776354789733887,2388130
17/03/2020,4.708333015441895,4.875,4.658332824707031,4.75,3.7963361740112314,3413409
18/03/2020,4.733333110809326,4.791666030883789,4.633333206176758,4.766665935516357,3.8096554279327393,1206903
19/03/2020,4.724999904632568,4.816666126251221,4.675000190734863,4.675000190734863,3.736393213272095,2641528
20/03/2020,4.691666126251221,4.791666030883789,4.691666126251221,4.724999904632568,3.776354789733887,1242501
23/03/2020,4.733333110809326,4.900000095367432,4.650000095367432,4.891665935516357,3.909559011459351,2003554
24/03/2020,4.908332824707031,5.058332920074463,4.908332824707031,5.016666889190674,4.009463310241699,2289514
25/03/2020,5.016666889190674,5.050000190734863,4.875,4.891665935516357,3.909559011459351,2976877
26/03/2020,4.891665935516357,4.983333110809326,4.875,4.949999809265137,3.956181764602661,1276139
27/03/2020,4.941666126251221,4.974999904632568,4.699999809265137,4.741665840148926,3.7896745204925537,1270504
30/03/2020,4.716666221618652,4.791666030883789,4.666666030883789,4.775000095367432,3.816315889358521,1418083
31/03/2020,4.783332824707031,5.0416669845581055,4.783332824707031,5.033332824707031,4.022782802581787,2148401
01/04/2020,5.1666669845581055,5.275000095367432,5.0,5.0416669845581055,4.029444217681885,1482530
02/04/2020,5.058332920074463,5.091667175292969,4.883333206176758,4.908332824707031,3.922879934310913,846303
03/04/2020,4.908332824707031,5.0,4.900000095367432,4.974999904632568,3.976162433624268,487334
06/04/2020,5.0,5.358333110809326,5.0,5.1666669845581055,4.129348278045654,661846
07/04/2020,5.275000095367432,5.308332920074463,5.016666889190674,5.016666889190674,4.009463310241699,1424030
08/04/2020,5.025000095367432,5.175000190734863,5.025000095367432,5.1666669845581055,4.129348278045654,1412038
09/04/2020,5.141666889190674,5.258333206176758,5.133333206176758,5.224999904632568,4.175968647003174,1222513
10/04/2020,5.283332824707031,5.458333015441895,5.241666793823242,5.383333206176758,4.30251407623291,1672225
13/04/2020,5.4166669845581055,5.783332824707031,5.349999904632568,5.724999904632568,4.575582981109619,2358237
14/04/2020,5.658332824707031,5.699999809265137,5.324999809265137,5.366666793823242,4.404597759246826,2647732
15/04/2020,5.400000095367432,5.400000095367432,5.091667175292969,5.108333110809326,4.192574501037598,1580120
16/04/2020,5.066667079925537,5.074999809265137,4.966666221618652,5.0416669845581055,4.137860298156738,1735369
17/04/2020,5.091667175292969,5.5,5.091667175292969,5.349999904632568,4.390918254852295,5813514
20/04/2020,5.4166669845581055,5.533332824707031,5.333333015441895,5.375,4.411437034606934,2292171
21/04/2020,5.358333110809326,5.466667175292969,5.191667079925537,5.308332920074463,4.356720924377441,3064406
22/04/2020,5.341667175292969,5.383333206176758,5.233333110809326,5.300000190734863,4.349882125854492,2701046
24/04/2020,5.324999809265137,5.349999904632568,5.25,5.266666889190674,4.322525024414063,1420127
27/04/2020,5.300000190734863,5.324999809265137,5.224999904632568,5.266666889190674,4.322525024414063,2482599
28/04/2020,5.283332824707031,5.2916669845581055,5.183332920074463,5.191667079925537,4.260970115661621,1280293
29/04/2020,5.175000190734863,5.2916669845581055,5.150000095367432,5.224999904632568,4.288327217102051,1161592
30/04/2020,5.266666889190674,5.266666889190674,5.116666793823242,5.116666793823242,4.199414253234863,1521808
04/05/2020,5.033332824707031,5.199999809265137,5.008333206176758,5.099999904632568,4.185735702514648,1676816
05/05/2020,5.158332824707031,5.175000190734863,5.074999809265137,5.099999904632568,4.185735702514648,687477
06/05/2020,5.125,5.133333206176758,5.033332824707031,5.058332920074463,4.151537418365479,1357741
07/05/2020,5.016666889190674,5.175000190734863,5.0,5.141666889190674,4.21993350982666,2382944
08/05/2020,5.175000190734863,5.233333110809326,5.133333206176758,5.175000190734863,4.247291088104248,1943563
11/05/2020,5.183332920074463,5.300000190734863,5.183332920074463,5.199999809265137,4.2678093910217285,2067176
12/05/2020,5.216667175292969,5.2916669845581055,5.208333015441895,5.241666793823242,4.302006244659424,2493517
13/05/2020,5.216667175292969,5.25,5.183332920074463,5.233333110809326,4.295166492462158,2220759
14/05/2020,5.25,5.25,5.141666889190674,5.141666889190674,4.21993350982666,1094875
15/05/2020,5.208333015441895,5.208333015441895,5.125,5.1666669845581055,4.240451812744141,1189247
18/05/2020,5.224999904632568,5.224999904632568,5.141666889190674,5.1666669845581055,4.240451812744141,1576347
20/05/2020,5.1666669845581055,5.199999809265137,5.083333015441895,5.091667175292969,4.178895950317383,1860770
21/05/2020,5.099999904632568,5.199999809265137,5.091667175292969,5.091667175292969,4.178895950317383,2335280
22/05/2020,5.091667175292969,5.150000095367432,5.083333015441895,5.116666793823242,4.199414253234863,1437068
27/05/2020,5.189332962036133,5.3293328285217285,5.179999828338623,5.2733330726623535,4.327996253967285,3800174
28/05/2020,5.3480000495910645,5.3480000495910645,5.236000061035156,5.2733330726623535,4.327996253967285,1426993
29/05/2020,5.28266716003418,5.291999816894531,5.170667171478272,5.179999828338623,4.251394271850586,2023600
01/06/2020,5.133333206176758,5.161333084106445,5.124000072479248,5.151999950408936,4.2284135818481445,1797776
02/06/2020,5.151999950408936,5.179999828338623,5.133333206176758,5.151999950408936,4.2284135818481445,4360995
03/06/2020,5.170667171478272,5.179999828338623,5.067999839782715,5.086667060852051,4.174793243408203,4466661
04/06/2020,5.0960001945495605,5.124000072479248,5.058667182922363,5.105332851409912,4.190113067626953,3757111
05/06/2020,5.114666938781738,5.170667171478272,5.105332851409912,5.133333206176758,4.213093280792236,3212969
08/06/2020,5.161333084106445,5.198667049407959,5.142666816711426,5.179999828338623,4.251394271850586,6222038
09/06/2020,5.198667049407959,5.254666805267334,5.170667171478272,5.226666927337647,4.289695262908936,9691145
10/06/2020,5.236000061035156,5.263999938964844,5.189332962036133,5.198667049407959,4.266714572906494,8540030
11/06/2020,5.179999828338623,5.254666805267334,5.170667171478272,5.179999828338623,4.251394271850586,6005766
12/06/2020,5.151999950408936,5.208000183105469,5.133333206176758,5.208000183105469,4.2743754386901855,3440713
15/06/2020,5.189332962036133,5.460000038146973,5.161333084106445,5.320000171661377,4.366297245025635,17394964
16/06/2020,5.422667026519775,5.47866678237915,5.375999927520752,5.413332939147949,4.442897796630859,12693949
17/06/2020,5.441332817077637,5.450666904449463,5.375999927520752,5.441332817077637,4.465878486633301,4976597
18/06/2020,5.460000038146973,5.553332805633545,5.413332939147949,5.49733304977417,4.511839389801025,9271621
19/06/2020,5.525332927703857,5.609333038330078,5.450666904449463,5.525332927703857,4.534821033477783,12451622
22/06/2020,5.590666770935059,6.057332992553711,5.572000026702881,6.057332992553711,4.971449851989746,24635793
23/06/2020,6.019999980926514,6.076000213623047,5.796000003814697,5.852000236511231,4.802926540374756,20892963
24/06/2020,5.852000236511231,5.852000236511231,5.581333160400391,5.627999782562256,4.619082927703857,10452655
25/06/2020,5.590666770935059,5.814667224884033,5.544000148773193,5.7306671142578125,4.703344345092773,10324673
26/06/2020,5.7586669921875,5.823999881744385,5.693333148956299,5.711999893188477,4.688024997711182,5306078
29/06/2020,5.721333026885986,5.9079999923706055,5.684000015258789,5.786666870117188,4.74930477142334,12139147
30/06/2020,5.796000003814697,5.842667102813721,5.7586669921875,5.76800012588501,4.73398494720459,5218314
01/07/2020,5.777332782745361,5.917333126068115,5.721333026885986,5.898666858673096,4.8412275314331055,6564520
02/07/2020,5.926667213439941,5.97333288192749,5.870666980743408,5.945333003997803,4.879528045654297,5770676
03/07/2020,5.926667213439941,5.992000102996826,5.786666870117188,5.833333015441895,4.7876057624816895,4962767
06/07/2020,5.861332893371582,5.8893327713012695,5.814667224884033,5.823999881744385,4.7799458503723145,4847487
07/07/2020,5.833333015441895,6.047999858856201,5.823999881744385,5.926667213439941,4.864208698272705,17120793
08/07/2020,6.206666946411133,6.262667179107666,5.964000225067139,5.964000225067139,4.894848823547363,24988276
09/07/2020,5.982666969299316,6.085332870483398,5.684000015258789,5.684000015258789,4.665042877197266,8243640
10/07/2020,5.646667003631592,5.665332794189453,5.375999927520752,5.572000026702881,4.573121547698975,7506339
13/07/2020,5.711999893188477,5.739999771118164,5.646667003631592,5.702667236328125,4.680364608764648,4525138
14/07/2020,5.684000015258789,5.76800012588501,5.637332916259766,5.674666881561279,4.657383441925049,4924971
16/07/2020,5.739999771118164,5.97333288192749,5.721333026885986,5.917333126068115,4.856547355651856,13194668
17/07/2020,5.964000225067139,6.019999980926514,5.8893327713012695,5.917333126068115,4.856547355651856,6890443
20/07/2020,5.898666858673096,6.421332836151123,5.898666858673096,6.309332847595215,5.178273677825928,39667465
21/07/2020,6.383999824523926,6.421332836151123,5.982666969299316,6.001333236694336,4.925488471984863,18329910
22/07/2020,6.019999980926514,6.085332870483398,5.777332782745361,5.926667213439941,4.864208698272705,11743652
23/07/2020,5.982666969299316,6.104000091552734,5.964000225067139,6.057332992553711,4.971449851989746,11728527
24/07/2020,6.019999980926514,6.113333225250244,5.97333288192749,6.010666847229004,4.933149814605713,5902689
27/07/2020,6.085332870483398,6.141333103179932,6.019999980926514,6.029333114624023,4.948469638824463,7820957
28/07/2020,6.03866720199585,6.057332992553711,5.861332893371582,5.898666858673096,4.8412275314331055,8211993
29/07/2020,5.917333126068115,6.141333103179932,5.749332904815674,6.076000213623047,4.9867706298828125,12040224
30/07/2020,6.122666835784912,6.141333103179932,6.047999858856201,6.057332992553711,4.971449851989746,2639360
04/08/2020,6.159999847412109,6.159999847412109,5.599999904632568,5.749332904815674,4.718664169311523,9380366
05/08/2020,5.786666870117188,5.945333003997803,5.609333038330078,5.945333003997803,4.879528045654297,7637485
06/08/2020,6.066667079925537,6.066667079925537,5.599999904632568,5.711999893188477,4.688024997711182,7957563
07/08/2020,5.814667224884033,6.019999980926514,5.441332817077637,5.97333288192749,4.902508735656738,8959054
10/08/2020,5.861332893371582,6.094666957855225,5.76800012588501,5.992000102996826,4.917829036712647,9725555
11/08/2020,6.047999858856201,6.066667079925537,5.97333288192749,5.992000102996826,4.917829036712647,6348384
12/08/2020,6.010666847229004,6.104000091552734,5.97333288192749,6.057332992553711,4.971449851989746,6903784
13/08/2020,6.159999847412109,6.3466668128967285,6.113333225250244,6.2906670570373535,5.162954807281494,18473663
14/08/2020,6.328000068664551,6.328000068664551,6.029333114624023,6.057332992553711,4.971449851989746,11763335
17/08/2020,6.057332992553711,6.076000213623047,5.992000102996826,6.010666847229004,4.933149814605713,4225032
18/08/2020,6.001333236694336,6.150667190551758,5.992000102996826,6.122666835784912,5.025071144104004,3788245
19/08/2020,6.131999969482422,6.225333213806152,6.113333225250244,6.188000202178955,5.07869291305542,3987135
20/08/2020,6.23466682434082,6.365333080291748,6.113333225250244,6.178667068481445,5.071032524108887,10071990
21/08/2020,6.355999946594238,6.654666900634766,6.150667190551758,6.197332859039307,5.086352348327637,23397543
24/08/2020,6.178667068481445,6.216000080108643,6.085332870483398,6.122666835784912,5.025071144104004,4729406
25/08/2020,6.188000202178955,6.206666946411133,6.104000091552734,6.141333103179932,5.040391445159912,4457693
26/08/2020,6.113333225250244,6.178667068481445,6.104000091552734,6.169332981109619,5.063371658325195,4667841
27/08/2020,6.188000202178955,6.206666946411133,6.113333225250244,6.131999969482422,5.032732009887695,3560279
28/08/2020,6.141333103179932,6.141333103179932,6.047999858856201,6.085332870483398,4.994430541992188,2918569
31/08/2020,6.057332992553711,6.057332992553711,5.97333288192749,5.992000102996826,4.917829036712647,2615322
01/09/2020,5.97333288192749,6.085332870483398,5.945333003997803,6.076000213623047,4.9867706298828125,3921454
02/09/2020,6.076000213623047,6.085332870483398,6.019999980926514,6.029333114624023,4.948469638824463,1810773
03/09/2020,6.029333114624023,6.113333225250244,6.010666847229004,6.076000213623047,4.9867706298828125,2211517
04/09/2020,6.076000213623047,6.225333213806152,6.047999858856201,6.150667190551758,5.048052310943604,5341451
07/09/2020,6.159999847412109,6.25333309173584,6.159999847412109,6.216000080108643,5.101673126220703,2838132
08/09/2020,6.24399995803833,6.281332969665527,6.178667068481445,6.23466682434082,5.116994380950928,2397957
09/09/2020,6.25333309173584,6.309332847595215,6.225333213806152,6.262667179107666,5.139974117279053,3155854
10/09/2020,6.281332969665527,6.309332847595215,6.23466682434082,6.262667179107666,5.139974117279053,1322558
11/09/2020,6.25333309173584,6.25333309173584,6.206666946411133,6.216000080108643,5.101673126220703,1131960
14/09/2020,6.225333213806152,6.300000190734863,6.206666946411133,6.24399995803833,5.124653339385986,1557253
15/09/2020,6.24399995803833,6.355999946594238,6.23466682434082,6.309332847595215,5.178273677825928,3667439
16/09/2020,6.309332847595215,6.328000068664551,6.23466682434082,6.262667179107666,5.139974117279053,1898549
17/09/2020,6.262667179107666,6.309332847595215,6.225333213806152,6.271999835968018,5.147634506225586,1812028
18/09/2020,6.2906670570373535,6.561333179473877,6.262667179107666,6.533332824707031,5.362118721008301,6015228
21/09/2020,6.701333045959473,6.701333045959473,6.374667167663574,6.430666923522949,5.277856826782227,4638097
22/09/2020,6.421332836151123,6.477333068847656,6.3373332023620605,6.374667167663574,5.231896877288818,2112689
23/09/2020,6.505332946777344,6.505332946777344,6.383999824523926,6.402667045593262,5.254876613616943,2420505
24/09/2020,6.374667167663574,6.421332836151123,6.328000068664551,6.355999946594238,5.216575622558594,3966371
25/09/2020,6.402667045593262,6.412000179290772,6.24399995803833,6.309332847595215,5.178273677825928,5062906
28/09/2020,6.300000190734863,6.393332958221436,6.24399995803833,6.365333080291748,5.224235534667969,4347219
29/09/2020,6.383999824523926,6.477333068847656,6.365333080291748,6.4679999351501465,5.308497905731201,3892497
30/09/2020,6.495999813079834,6.570666790008545,6.4679999351501465,6.533332824707031,5.362118721008301,2630053
01/10/2020,6.617332935333252,6.626667022705078,6.458666801452637,6.4679999351501465,5.308497905731201,2278056
02/10/2020,6.449333190917969,6.495999813079834,6.421332836151123,6.430666923522949,5.277856826782227,2591995
05/10/2020,6.4679999351501465,6.505332946777344,6.440000057220459,6.505332946777344,5.339138031005859,2247994
06/10/2020,6.51466703414917,6.841332912445068,6.486667156219482,6.617332935333252,5.431060314178467,11715103
07/10/2020,6.579999923706055,6.803999900817871,6.579999923706055,6.794666767120361,5.57660436630249,4123003
08/10/2020,6.831999778747559,6.850666999816895,6.64533281326294,6.738667011260986,5.530642986297607,3217032
09/10/2020,6.766666889190674,6.803999900817871,6.664000034332275,6.682666778564453,5.484681606292725,2275632
12/10/2020,6.673333168029785,6.776000022888184,6.64533281326294,6.64533281326294,5.45404052734375,2881434
13/10/2020,6.570666790008545,6.682666778564453,6.561333179473877,6.598667144775391,5.415740489959717,3234900
14/10/2020,6.607999801635742,6.71999979019165,6.5893330574035645,6.654666900634766,5.461701393127441,3880257
15/10/2020,6.682666778564453,6.691999912261963,6.626667022705078,6.64533281326294,5.45404052734375,2246904
16/10/2020,6.691999912261963,6.831999778747559,6.664000034332275,6.72933292388916,5.522982120513916,4721353
19/10/2020,6.766666889190674,6.766666889190674,6.673333168029785,6.738667011260986,5.530642986297607,3858726
20/10/2020,6.748000144958496,6.831999778747559,6.701333045959473,6.803999900817871,5.584263324737549,4245641
21/10/2020,6.803999900817871,6.822667121887207,6.654666900634766,6.691999912261963,5.4923415184021,3120725
22/10/2020,6.673333168029785,6.710667133331299,6.626667022705078,6.654666900634766,5.461701393127441,1910763
23/10/2020,6.766666889190674,6.776000022888184,6.626667022705078,6.701333045959473,5.500001430511475,2928440
26/10/2020,6.626667022705078,6.654666900634766,6.505332946777344,6.617332935333252,5.431060314178467,5769498
27/10/2020,6.673333168029785,6.831999778747559,6.579999923706055,6.72933292388916,5.522982120513916,4721721
28/10/2020,6.710667133331299,6.794666767120361,6.701333045959473,6.738667011260986,5.530642986297607,2385249
30/10/2020,6.626667022705078,6.766666889190674,6.626667022705078,6.738667011260986,5.530642986297607,4424814
02/11/2020,6.72933292388916,6.813333034515381,6.673333168029785,6.71999979019165,5.515321731567383,5395485
03/11/2020,6.71999979019165,6.831999778747559,6.682666778564453,6.691999912261963,5.4923415184021,6333141
04/11/2020,6.691999912261963,6.794666767120361,6.691999912261963,6.757332801818848,5.545962333679199,4916166
05/11/2020,6.766666889190674,7.111999988555908,6.766666889190674,7.056000232696533,5.791088104248047,7311779
06/11/2020,7.037333011627197,7.1493330001831055,6.925333023071289,7.111999988555908,5.837048530578613,3703903
09/11/2020,7.177332878112793,7.298666954040527,7.056000232696533,7.177332878112793,5.890670299530029,5101856
10/11/2020,7.158667087554932,7.158667087554932,6.934667110443115,6.962666988372803,5.714486122131348,3649949
11/11/2020,6.962666988372803,6.99066686630249,6.850666999816895,6.897333145141602,5.6608662605285645,3732958
12/11/2020,6.915999889373779,6.981332778930664,6.72933292388916,6.878666877746582,5.64554500579834,5641268
13/11/2020,6.831999778747559,6.878666877746582,6.738667011260986,6.803999900817871,5.584263324737549,4209698
16/11/2020,6.813333034515381,6.906667232513428,6.766666889190674,6.794666767120361,5.57660436630249,4029224
17/11/2020,6.831999778747559,6.841332912445068,6.71999979019165,6.72933292388916,5.522982120513916,3272964
18/11/2020,6.710667133331299,6.785333156585693,6.710667133331299,6.757332801818848,5.545962333679199,2069095
19/11/2020,6.766666889190674,6.831999778747559,6.691999912261963,6.776000022888184,5.561283111572266,2664963
20/11/2020,6.776000022888184,6.803999900817871,6.710667133331299,6.710667133331299,5.507661819458008,2755357
23/11/2020,6.738667011260986,6.794666767120361,6.64533281326294,6.691999912261963,5.4923415184021,4290071
24/11/2020,6.710667133331299,6.71999979019165,6.636000156402588,6.664000034332275,5.469361305236816,2627172
25/11/2020,6.691999912261963,6.748000144958496,6.607999801635742,6.626667022705078,5.438720703125,3452252
26/11/2020,6.636000156402588,6.64533281326294,6.570666790008545,6.64533281326294,5.45404052734375,2198623
27/11/2020,6.636000156402588,6.691999912261963,6.579999923706055,6.617332935333252,5.431060314178467,2455081
30/11/2020,6.552000045776367,6.664000034332275,6.505332946777344,6.51466703414917,5.346799373626709,2560700
01/12/2020,6.636000156402588,6.701333045959473,6.542666912078857,6.654666900634766,5.461701393127441,5050242
02/12/2020,6.664000034332275,6.757332801818848,6.654666900634766,6.738667011260986,5.530642986297607,5521543
03/12/2020,6.803999900817871,6.831999778747559,6.766666889190674,6.766666889190674,5.553623676300049,4514246
04/12/2020,6.766666889190674,6.785333156585693,6.64533281326294,6.673333168029785,5.477020740509033,2590460
07/12/2020,6.664000034332275,6.785333156585693,6.617332935333252,6.673333168029785,5.477020740509033,6055885
08/12/2020,6.701333045959473,6.701333045959473,6.64533281326294,6.673333168029785,5.477020740509033,2019209
09/12/2020,6.664000034332275,6.71999979019165,6.664000034332275,6.673333168029785,5.477020740509033,2105773
10/12/2020,6.748000144958496,6.841332912445068,6.673333168029785,6.738667011260986,5.530642986297607,7216105
11/12/2020,6.691999912261963,6.757332801818848,6.654666900634766,6.72933292388916,5.522982120513916,5671048
14/12/2020,6.785333156585693,6.906667232513428,6.757332801818848,6.822667121887207,5.599584102630615,9076300
15/12/2020,6.822667121887207,6.822667121887207,6.738667011260986,6.748000144958496,5.538302898406982,4043222
16/12/2020,6.776000022888184,6.813333034515381,6.682666778564453,6.710667133331299,5.507661819458008,3359762
17/12/2020,6.72933292388916,6.813333034515381,6.701333045959473,6.794666767120361,5.57660436630249,4552556
18/12/2020,6.934667110443115,6.981332778930664,6.776000022888184,6.813333034515381,5.591923713684082,7390667
21/12/2020,6.757332801818848,6.831999778747559,6.701333045959473,6.738667011260986,5.530642986297607,5154556
22/12/2020,6.776000022888184,6.869332790374756,6.757332801818848,6.794666767120361,5.57660436630249,4863750
23/12/2020,6.813333034515381,6.934667110443115,6.794666767120361,6.897333145141602,5.6608662605285645,7691505
24/12/2020,6.925333023071289,7.0,6.831999778747559,6.869332790374756,5.63788366317749,7950330
25/12/2020,6.878666877746582,6.925333023071289,6.831999778747559,6.850666999816895,5.622564792633057,2883156
28/12/2020,6.888000011444092,6.906667232513428,6.841332912445068,6.850666999816895,5.622564792633057,4051942
29/12/2020,6.869332790374756,6.981332778930664,6.813333034515381,6.934667110443115,5.691506862640381,9710107
30/12/2020,6.953332901000977,6.962666988372803,6.869332790374756,6.878666877746582,5.64554500579834,4371269
31/12/2020,6.906667232513428,6.943999767303467,6.878666877746582,6.906667232513428,5.66852617263794,4771741
04/01/2021,6.906667232513428,7.065332889556885,6.897333145141602,6.981332778930664,5.729806900024414,8051440
05/01/2021,6.953332901000977,7.4106669425964355,6.915999889373779,7.28000020980835,5.974932193756104,26137198
06/01/2021,7.27066707611084,7.830667018890381,7.214666843414307,7.550666809082031,6.19707727432251,19361741
07/01/2021,7.597332954406738,7.6626667976379395,7.429333209991455,7.532000064849853,6.181756019592285,7574971
08/01/2021,7.559999942779541,7.653333187103271,7.438666820526123,7.513332843780518,6.166436672210693,5393258
11/01/2021,7.606667041778564,7.74666690826416,7.513332843780518,7.5879998207092285,6.227717399597168,7487707
12/01/2021,7.653333187103271,8.343999862670898,7.541333198547363,8.343999862670898,6.848191261291504,14774793
13/01/2021,8.614666938781738,9.137332916259766,8.185333251953125,8.185333251953125,6.717968940734863,32494519
14/01/2021,8.204000473022461,8.2413330078125,7.74666690826416,7.75600004196167,6.365601062774658,17056846
15/01/2021,7.728000164031982,7.849332809448242,7.569333076477051,7.653333187103271,6.281339168548584,9710321
18/01/2021,7.681333065032959,7.877333164215088,7.550666809082031,7.74666690826416,6.357941627502441,13375224
19/01/2021,7.840000152587891,7.858666896820068,7.76533317565918,7.793333053588867,6.396241188049316,8714384
20/01/2021,7.830667018890381,7.830667018890381,7.681333065032959,7.737332820892334,6.350280284881592,4999439
21/01/2021,7.802667140960693,7.895999908447266,7.690667152404785,7.728000164031982,6.342619895935059,8907531
22/01/2021,7.699999809265137,7.737332820892334,7.541333198547363,7.616000175476074,6.250698566436768,4902303
25/01/2021,7.6626667976379395,7.671999931335449,7.569333076477051,7.5879998207092285,6.227717399597168,5011214
26/01/2021,7.597332954406738,7.606667041778564,7.494667053222656,7.541333198547363,6.189416885375977,5630551
27/01/2021,7.578667163848877,7.606667041778564,7.205333232879639,7.205333232879639,5.913651466369629,10186949
28/01/2021,7.074666976928711,7.289332866668701,7.0,7.261332988739014,5.9596123695373535,9833328
29/01/2021,7.223999977111816,7.308000087738037,7.065332889556885,7.261332988739014,5.9596123695373535,7013051
01/02/2021,7.27066707611084,7.420000076293945,7.168000221252441,7.308000087738037,5.997913360595703,7494433
02/02/2021,7.345333099365234,7.681333065032959,7.28000020980835,7.504000186920166,6.158777236938477,10283661
03/02/2021,7.569333076477051,7.634666919708252,7.438666820526123,7.550666809082031,6.19707727432251,6739014
04/02/2021,7.559999942779541,7.5879998207092285,7.401332855224609,7.4106669425964355,6.082175254821777,5471408
05/02/2021,7.429333209991455,7.47599983215332,7.335999965667725,7.335999965667725,6.020893573760986,5627548
08/02/2021,7.382667064666748,7.392000198364258,7.223999977111816,7.289332866668701,5.982592582702637,6420269
09/02/2021,7.317333221435547,7.447999954223633,7.27066707611084,7.28000020980835,5.974932193756104,7667803
10/02/2021,7.326666831970215,7.354667186737059,7.261332988739014,7.27066707611084,5.967272758483887,5802465
11/02/2021,7.27066707611084,7.345333099365234,7.233333110809326,7.242667198181152,5.944292545318604,5325775
12/02/2021,7.223999977111816,7.233333110809326,7.102666854858398,7.139999866485596,5.860030174255371,6108046
15/02/2021,7.242667198181152,7.317333221435547,7.233333110809326,7.251999855041504,5.951951503753662,7277150
16/02/2021,7.317333221435547,7.326666831970215,7.111999988555908,7.214666843414307,5.921311378479004,7211329
17/02/2021,7.242667198181152,7.27066707611084,7.111999988555908,7.130667209625244,5.852369785308838,5544409
18/02/2021,7.168000221252441,7.177332878112793,7.037333011627197,7.074666976928711,5.80640983581543,6961003
19/02/2021,7.093332767486572,7.168000221252441,7.027999877929688,7.139999866485596,5.860030174255371,8617545
22/02/2021,7.196000099182129,7.335999965667725,7.084000110626221,7.121333122253418,5.844709396362305,11813048
23/02/2021,7.139999866485596,7.158667087554932,6.943999767303467,6.953332901000977,5.706826686859131,6980641
24/02/2021,6.906667232513428,6.934667110443115,6.71999979019165,6.71999979019165,5.515321731567383,7452536
25/02/2021,6.776000022888184,6.831999778747559,6.64533281326294,6.794666767120361,5.57660436630249,6984461
26/02/2021,6.626667022705078,6.766666889190674,6.598667144775391,6.598667144775391,5.415740489959717,7424101
01/03/2021,6.664000034332275,6.878666877746582,6.664000034332275,6.813333034515381,5.591923713684082,6931958
02/03/2021,6.813333034515381,6.953332901000977,6.766666889190674,6.860000133514404,5.630224704742432,8648386
03/03/2021,6.897333145141602,7.102666854858398,6.888000011444092,7.037333011627197,5.775768280029297,10015542
04/03/2021,7.037333011627197,7.541333198547363,7.0,7.317333221435547,6.00557279586792,40357230
05/03/2021,7.466667175292969,7.653333187103271,7.363999843597412,7.373332977294922,6.0515336990356445,29605089
08/03/2021,7.382667064666748,7.47599983215332,7.28000020980835,7.289332866668701,5.982592582702637,15388688
09/03/2021,7.335999965667725,7.858666896820068,7.289332866668701,7.74666690826416,6.357941627502441,40512850
10/03/2021,7.75600004196167,7.783999919891357,7.578667163848877,7.5879998207092285,6.227717399597168,11481256
11/03/2021,7.74666690826416,7.989333152770996,7.7093329429626465,7.830667018890381,6.426883697509766,19462523
12/03/2021,7.840000152587891,7.868000030517578,7.6626667976379395,7.6626667976379395,6.288999557495117,10272836
15/03/2021,7.7093329429626465,7.886666774749756,7.653333187103271,7.699999809265137,6.319640636444092,8604675
16/03/2021,7.718667030334473,7.74666690826416,7.578667163848877,7.644000053405762,6.273679733276367,7174670
17/03/2021,7.625332832336426,7.793333053588867,7.494667053222656,7.494667053222656,6.151116371154785,10067688
18/03/2021,7.522666931152344,7.569333076477051,7.354667186737059,7.382667064666748,6.059194564819336,5427093
19/03/2021,7.298666954040527,7.522666931152344,7.251999855041504,7.317333221435547,6.00557279586792,8574823
22/03/2021,6.860000133514404,7.205333232879639,6.691999912261963,6.906667232513428,5.66852617263794,11833629
23/03/2021,6.906667232513428,7.438666820526123,6.766666889190674,7.373332977294922,6.0515336990356445,10764561
24/03/2021,7.401332855224609,7.597332954406738,7.401332855224609,7.466667175292969,6.128135681152344,10200345
25/03/2021,7.466667175292969,7.569333076477051,7.326666831970215,7.354667186737059,6.036214351654053,10536480
26/03/2021,7.420000076293945,7.438666820526123,7.102666854858398,7.261332988739014,5.9596123695373535,7615334
29/03/2021,7.261332988739014,7.980000019073486,7.261332988739014,7.980000019073486,6.549445152282715,25367967
30/03/2021,8.03600025177002,8.381333351135254,7.6626667976379395,7.7093329429626465,6.327300071716309,46285659
31/03/2021,7.76533317565918,7.933332920074463,7.392000198364258,7.392000198364258,6.066854953765869,14795048
01/04/2021,7.504000186920166,7.6626667976379395,7.494667053222656,7.597332954406738,6.235378265380859,11429382
02/04/2021,7.653333187103271,7.699999809265137,7.494667053222656,7.578667163848877,6.220058441162109,6585520
05/04/2021,7.606667041778564,7.6626667976379395,7.550666809082031,7.5879998207092285,6.227717399597168,6333766
06/04/2021,7.578667163848877,7.597332954406738,7.47599983215332,7.47599983215332,6.135796070098877,4579145
07/04/2021,7.466667175292969,7.513332843780518,7.373332977294922,7.429333209991455,6.097495079040527,8205901
08/04/2021,7.438666820526123,7.634666919708252,7.438666820526123,7.48533296585083,6.143455505371094,8660855
09/04/2021,7.494667053222656,7.550666809082031,7.261332988739014,7.382667064666748,6.059194564819336,5892628
12/04/2021,7.438666820526123,7.550666809082031,7.345333099365234,7.48533296585083,6.143455505371094,7002349
13/04/2021,7.168000221252441,7.205333232879639,6.71999979019165,6.981332778930664,5.996855735778809,13616521
14/04/2021,6.981332778930664,7.102666854858398,6.934667110443115,7.00933313369751,6.020907878875732,5273469
15/04/2021,7.027999877929688,7.205333232879639,6.897333145141602,7.121333122253418,6.11711311340332,8249689
16/04/2021,7.121333122253418,7.671999931335449,7.093332767486572,7.559999942779541,6.493921279907227,27071023
19/04/2021,7.569333076477051,7.634666919708252,7.289332866668701,7.513332843780518,6.4538350105285645,15775405
20/04/2021,7.504000186920166,7.569333076477051,7.242667198181152,7.251999855041504,6.229353427886963,5964044
21/04/2021,7.205333232879639,7.345333099365234,6.943999767303467,7.018667221069336,6.02892541885376,7554627
22/04/2021,6.906667232513428,7.065332889556885,6.906667232513428,6.9720001220703125,5.98883867263794,5858112
26/04/2021,6.906667232513428,7.158667087554932,6.906667232513428,7.139999866485596,6.133148670196533,4938888
27/04/2021,7.121333122253418,7.214666843414307,7.074666976928711,7.084000110626221,6.085044860839844,3944305
28/04/2021,7.084000110626221,7.158667087554932,6.99066686630249,7.111999988555908,6.109096050262451,3359817
29/04/2021,7.093332767486572,7.205333232879639,7.084000110626221,7.130667209625244,6.125131130218506,2301360
30/04/2021,7.139999866485596,7.420000076293945,7.130667209625244,7.326666831970215,6.293492317199707,7204553
03/05/2021,7.363999843597412,7.447999954223633,7.326666831970215,7.382667064666748,6.34159517288208,4153320
04/05/2021,7.392000198364258,7.429333209991455,7.223999977111816,7.261332988739014,6.237371444702148,4526223
05/05/2021,7.261332988739014,7.401332855224609,7.251999855041504,7.354667186737059,6.317543983459473,4585835
06/05/2021,7.354667186737059,7.513332843780518,7.345333099365234,7.47599983215332,6.421766757965088,5848846
07/05/2021,7.513332843780518,7.5879998207092285,7.354667186737059,7.420000076293945,6.373663902282715,6994526
10/05/2021,7.429333209991455,7.541333198547363,7.4106669425964355,7.504000186920166,6.445818901062012,5365395
11/05/2021,7.447999954223633,7.532000064849853,7.4106669425964355,7.420000076293945,6.373663902282715,4217893
12/05/2021,7.821332931518555,8.064000129699707,7.7093329429626465,7.74666690826416,6.654265403747559,12868922
17/05/2021,7.793333053588867,7.970666885375977,7.793333053588867,7.952000141143799,6.830643177032471,8895944
18/05/2021,7.970666885375977,7.989333152770996,7.868000030517578,7.868000030517578,6.75848913192749,5399773
20/05/2021,7.849332809448242,8.297332763671875,7.811999797821045,8.297332763671875,7.127278327941895,11175612
21/05/2021,8.213333129882812,8.390666961669922,7.989333152770996,8.250666618347168,7.087193489074707,9791878
24/05/2021,8.250666618347168,8.474666595458984,8.185333251953125,8.353333473205566,7.175382137298584,5762512
25/05/2021,8.353333473205566,8.362667083740234,7.895999908447266,7.980000019073486,6.854694366455078,6796580
26/05/2021,8.026666641235352,8.119999885559082,7.905333042144775,8.008000373840332,6.87874698638916,4401847
27/05/2021,8.017333030700684,8.054667472839355,7.877333164215088,7.895999908447266,6.782540321350098,3488467
28/05/2021,7.840000152587891,7.980000019073486,7.783999919891357,7.914667129516602,6.798574447631836,3793855
31/05/2021,7.914667129516602,8.138667106628418,7.895999908447266,8.054667472839355,6.918832778930664,4315058
01/06/2021,7.998666763305664,8.073332786560059,7.952000141143799,7.980000019073486,6.854694366455078,3031933
02/06/2021,7.952000141143799,8.101332664489746,7.933332920074463,7.998666763305664,6.870729446411133,5037810
03/06/2021,8.026666641235352,8.213333129882812,8.026666641235352,8.185333251953125,7.031073093414307,4115929
04/06/2021,8.204000473022461,8.51200008392334,8.138667106628418,8.474666595458984,7.279604911804199,9585452
07/06/2021,8.484000205993652,8.58666706085205,8.409333229064941,8.446666717529297,7.255553722381592,3794801
08/06/2021,8.446666717529297,8.558667182922363,8.390666961669922,8.437333106994629,7.247537136077881,2898672
09/06/2021,8.437333106994629,8.465332984924316,8.325332641601562,8.381333351135254,7.19943380355835,2118413
10/06/2021,8.362667083740234,8.446666717529297,8.232000350952148,8.297332763671875,7.127278327941895,2693171
11/06/2021,8.269332885742188,8.456000328063965,8.22266674041748,8.334667205810547,7.159348487854004,2670165
14/06/2021,8.343999862670898,8.362667083740234,8.175999641418457,8.175999641418457,7.023055076599121,2123109
15/06/2021,8.166666984558105,8.2413330078125,8.054667472839355,8.064000129699707,6.926849842071533,2995068
16/06/2021,8.073332786560059,8.157333374023438,8.026666641235352,8.101332664489746,6.958917617797852,2489051
17/06/2021,8.064000129699707,8.22266674041748,8.064000129699707,8.175999641418457,7.023055076599121,2833648
18/06/2021,8.185333251953125,8.2413330078125,8.11066722869873,8.204000473022461,7.047107696533203,2587332
21/06/2021,8.185333251953125,8.213333129882812,8.119999885559082,8.194666862487793,7.039090156555176,2156128
22/06/2021,8.204000473022461,8.343999862670898,8.166666984558105,8.343999862670898,7.167365074157715,3191606
23/06/2021,8.353333473205566,8.502667427062988,8.260000228881836,8.493332862854004,7.2956390380859375,4036180
24/06/2021,8.493332862854004,8.763999938964844,8.428000450134277,8.62399959564209,7.407880783081055,5773267
25/06/2021,8.595999717712402,8.633333206176758,8.399999618530273,8.409333229064941,7.223485469818115,4904488
28/06/2021,8.399999618530273,8.595999717712402,8.353333473205566,8.530667304992676,7.327710151672363,4878719
29/06/2021,8.493332862854004,8.642666816711426,8.493332862854004,8.614666938781738,7.399863243103027,4634301
30/06/2021,8.60533332824707,8.745332717895508,8.58666706085205,8.708000183105469,7.480035781860352,3090446
01/07/2021,8.661333084106445,8.857333183288574,8.661333084106445,8.838666915893555,7.592276096343994,2779589
02/07/2021,8.838666915893555,8.969332695007324,8.60533332824707,8.60533332824707,7.391845703125,4336816
05/07/2021,8.60533332824707,8.60533332824707,8.465332984924316,8.484000205993652,7.287622451782227,2708592
06/07/2021,8.502667427062988,8.558667182922363,8.437333106994629,8.474666595458984,7.279604911804199,2041037
07/07/2021,8.465332984924316,8.51200008392334,8.381333351135254,8.446666717529297,7.255553722381592,2027610
08/07/2021,8.437333106994629,8.642666816711426,8.41866683959961,8.549332618713379,7.343742847442627,3857640
09/07/2021,8.521332740783691,8.558667182922363,8.409333229064941,8.446666717529297,7.255553722381592,2541604
12/07/2021,8.446666717529297,8.474666595458984,8.260000228881836,8.353333473205566,7.175382137298584,2167168
13/07/2021,8.30666732788086,8.353333473205566,8.204000473022461,8.213333129882812,7.055124282836914,1385777
14/07/2021,8.185333251953125,8.465332984924316,8.101332664489746,8.456000328063965,7.263571262359619,2287279
16/07/2021,8.456000328063965,8.484000205993652,8.343999862670898,8.371999740600586,7.191416263580322,906059
19/07/2021,8.325332641601562,8.399999618530273,8.30666732788086,8.399999618530273,7.215468883514404,330946
26/07/2021,8.399999618530273,8.539999961853027,8.371999740600586,8.530667304992676,7.327710151672363,1730554
27/07/2021,8.530667304992676,8.71733283996582,8.51200008392334,8.71733283996582,7.488052845001221,2305161
28/07/2021,8.726667404174805,8.904000282287598,8.633333206176758,8.633333206176758,7.415897369384766,2204887
29/07/2021,8.642666816711426,8.754667282104492,8.62399959564209,8.6986665725708,7.472017288208008,2080128
30/07/2021,8.708000183105469,8.745332717895508,8.51200008392334,8.642666816711426,7.423915863037109,2254181
02/08/2021,8.60533332824707,8.6986665725708,8.558667182922363,8.60533332824707,7.391845703125,1656896
03/08/2021,8.60533332824707,8.754667282104492,8.595999717712402,8.6986665725708,7.472017288208008,2138348
04/08/2021,8.689332962036133,9.015999794006348,8.689332962036133,8.736000061035156,7.504086971282959,4243014
05/08/2021,8.726667404174805,8.791999816894531,8.708000183105469,8.763999938964844,7.528137683868408,1235514
06/08/2021,8.773332595825195,8.885333061218262,8.763999938964844,8.857333183288574,7.608310699462891,1408446
09/08/2021,8.857333183288574,8.922666549682617,8.838666915893555,8.87600040435791,7.624345779418945,1065618
10/08/2021,8.885333061218262,8.960000038146973,8.857333183288574,8.904000282287598,7.648396968841553,1402851
11/08/2021,8.91333293914795,8.978667259216309,8.8013334274292,8.904000282287598,7.648396968841553,2846576
12/08/2021,8.904000282287598,9.006667137145996,8.866666793823242,8.98799991607666,7.720551013946533,1629325
13/08/2021,8.960000038146973,9.333333015441896,8.932000160217285,9.053333282470703,7.776670932769775,5904623
16/08/2021,9.174667358398438,9.8186674118042,9.174667358398438,9.286666870117188,7.977101802825928,9838606
17/08/2021,9.286666870117188,9.46399974822998,9.109333038330078,9.109333038330078,7.82477331161499,3942094
18/08/2021,9.137332916259766,9.482666969299316,9.137332916259766,9.27733325958252,7.969082832336426,5617431
19/08/2021,9.286666870117188,9.435999870300291,9.128000259399414,9.435999870300291,8.105376243591309,3153859
20/08/2021,9.435999870300291,9.491999626159668,9.286666870117188,9.333333015441896,8.01718521118164,2673841
23/08/2021,9.333333015441896,9.491999626159668,9.333333015441896,9.46399974822998,8.129426956176758,2039450
24/08/2021,9.501333236694336,9.82800006866455,9.501333236694336,9.800000190734863,8.418046951293945,3580381
25/08/2021,9.75333309173584,9.800000190734863,9.267999649047852,9.529333114624023,8.185547828674316,2200658
26/08/2021,9.491999626159668,9.762666702270508,9.491999626159668,9.744000434875488,8.36994457244873,1903630
27/08/2021,9.75333309173584,10.145334243774414,9.706666946411133,10.079999923706056,8.658561706542969,4255047
31/08/2021,10.13599967956543,10.36933422088623,10.107999801635742,10.238666534423828,8.794853210449219,3162844
01/09/2021,10.257333755493164,10.33199977874756,9.968000411987305,10.238666534423828,8.794853210449219,3416798
02/09/2021,10.145334243774414,10.238666534423828,10.033333778381348,10.033333778381348,8.618476867675781,1703059
03/09/2021,10.033333778381348,10.033333778381348,9.725333213806152,9.762666702270508,8.385976791381836,4070353
06/09/2021,9.762666702270508,9.977333068847656,9.715999603271484,9.744000434875488,8.36994457244873,2707015
07/09/2021,9.73466682434082,9.846667289733888,9.669333457946776,9.669333457946776,8.305806159973145,2122988
08/09/2021,9.641332626342772,9.837332725524902,9.56666660308838,9.75333309173584,8.377959251403809,2343682
09/09/2021,9.697333335876465,9.986666679382324,9.697333335876465,9.977333068847656,8.570372581481934,2250507
10/09/2021,9.986666679382324,10.014666557312012,9.75333309173584,9.772000312805176,8.39399528503418,2209880
13/09/2021,9.772000312805176,9.846667289733888,9.75333309173584,9.75333309173584,8.377959251403809,2051690
14/09/2021,9.772000312805176,9.846667289733888,9.75333309173584,9.772000312805176,8.39399528503418,1722894
15/09/2021,9.762666702270508,9.86533260345459,9.762666702270508,9.800000190734863,8.418046951293945,1164608
16/09/2021,9.772000312805176,9.846667289733888,9.75333309173584,9.8186674118042,8.434081077575684,1191760
17/09/2021,9.800000190734863,9.958666801452637,9.482666969299316,9.501333236694336,8.161495208740234,5849917
20/09/2021,9.380000114440918,9.669333457946776,9.342666625976562,9.46399974822998,8.129426956176758,2077144
21/09/2021,9.75333309173584,9.772000312805176,9.370667457580566,9.38933277130127,8.065288543701172,2766256
22/09/2021,9.435999870300291,9.501333236694336,9.342666625976562,9.445332527160645,8.11339282989502,1695966
23/09/2021,9.482666969299316,9.73466682434082,9.417332649230955,9.687999725341797,8.321840286254883,2449722
24/09/2021,9.65999984741211,9.977333068847656,9.650667190551758,9.837332725524902,8.450113296508789,3565199
27/09/2021,9.837332725524902,9.92133331298828,9.687999725341797,9.772000312805176,8.39399528503418,2286042
28/09/2021,9.772000312805176,9.8186674118042,9.54800033569336,9.594667434692385,8.241668701171875,3977437
29/09/2021,9.62266731262207,9.631999969482422,9.491999626159668,9.510666847229004,8.169512748718262,2227906
30/09/2021,9.510666847229004,9.697333335876465,9.380000114440918,9.697333335876465,8.32985782623291,4191386
01/10/2021,9.613332748413086,9.631999969482422,9.380000114440918,9.417332649230955,8.089341163635254,3976342
04/10/2021,9.398667335510254,9.56666660308838,9.35200023651123,9.361332893371582,8.041237831115723,4163500
05/10/2021,9.370667457580566,9.529333114624023,9.342666625976562,9.398667335510254,8.073308944702148,4043160
06/10/2021,9.380000114440918,9.407999992370604,9.286666870117188,9.361332893371582,8.041237831115723,2472511
07/10/2021,9.370667457580566,9.454667091369627,9.361332893371582,9.417332649230955,8.089341163635254,2806152
08/10/2021,9.42666721343994,9.482666969299316,9.38933277130127,9.417332649230955,8.089341163635254,3096685
11/10/2021,9.42666721343994,9.491999626159668,9.398667335510254,9.473333358764648,8.137445449829102,2514599
12/10/2021,9.454667091369627,9.697333335876465,9.417332649230955,9.604000091552734,8.249686241149902,6480061
13/10/2021,9.613332748413086,9.650667190551758,9.529333114624023,9.613332748413086,8.257702827453613,2920717
14/10/2021,9.62266731262207,9.678667068481444,9.538666725158691,9.56666660308838,8.21761703491211,8357943
15/10/2021,9.613332748413086,9.62266731262207,9.398667335510254,9.417332649230955,8.089341163635254,3014756
18/10/2021,9.435999870300291,9.510666847229004,9.42666721343994,9.491999626159668,8.153477668762207,2732800
19/10/2021,9.510666847229004,9.529333114624023,9.417332649230955,9.454667091369627,8.121411323547363,1942023
20/10/2021,9.46399974822998,9.501333236694336,9.380000114440918,9.380000114440918,8.057271957397461,2150676
21/10/2021,9.380000114440918,9.800000190734863,9.380000114440918,9.800000190734863,8.418046951293945,6813850
22/10/2021,9.762666702270508,10.052000045776367,9.687999725341797,9.968000411987305,8.562355995178223,5406670
25/10/2021,9.958666801452637,10.201333999633787,9.958666801452637,10.079999923706056,8.658561706542969,5061985
26/10/2021,10.173334121704102,10.229333877563477,10.089333534240724,10.19200038909912,8.754768371582031,2967131
27/10/2021,10.19200038909912,10.201333999633787,10.061333656311035,10.117334365844728,8.690631866455078,3225391
28/10/2021,10.117334365844728,10.285333633422852,10.107999801635742,10.266667366027832,8.818904876708984,2775608
01/11/2021,10.266667366027832,10.303999900817873,10.042667388916016,10.089333534240724,8.666581153869629,3058896
02/11/2021,10.107999801635742,10.220000267028809,10.052000045776367,10.107999801635742,8.682613372802734,3994042
03/11/2021,10.107999801635742,10.154666900634766,9.986666679382324,10.145334243774414,8.714682579040527,3129754
04/11/2021,10.182666778564451,10.313334465026855,10.173334121704102,10.303999900817873,8.850974082946777,2987365
05/11/2021,10.322667121887209,10.490667343139648,10.313334465026855,10.425333976745604,8.95519733428955,5431833
08/11/2021,10.40666675567627,10.472000122070312,10.359999656677246,10.416000366210938,8.947181701660156,4375194
09/11/2021,10.453333854675291,10.56533432006836,10.416000366210938,10.416000366210938,8.947181701660156,5434596
10/11/2021,10.434666633605955,10.86400032043457,10.434666633605955,10.826666831970217,9.299936294555664,7235433
11/11/2021,10.873333930969238,11.34000015258789,10.733333587646484,11.312000274658203,9.716830253601074,8482966
12/11/2021,11.312000274658203,11.582667350769045,11.15333366394043,11.433334350585938,9.821054458618164,5983739
15/11/2021,11.526666641235352,12.48799991607666,11.284000396728516,12.28266716003418,10.550618171691896,7557864
16/11/2021,12.28266716003418,12.39466667175293,11.489334106445312,11.526666641235352,9.901225090026855,7808528
17/11/2021,11.573333740234377,11.890666961669922,11.573333740234377,11.890666961669922,10.213896751403809,5205357
18/11/2021,11.974666595458984,12.48799991607666,11.974666595458984,12.236000061035156,10.51053237915039,8404265
19/11/2021,12.254667282104492,12.478667259216309,11.88133430480957,11.909334182739258,10.229930877685549,5246188
22/11/2021,11.91866683959961,12.31999969482422,11.91866683959961,12.217333793640137,10.494498252868652,4422285
23/11/2021,12.413333892822266,13.421334266662598,12.413333892822266,13.309333801269531,11.43250846862793,15649071
24/11/2021,13.59866714477539,14.531999588012695,13.365333557128906,13.533333778381348,11.624922752380373,15836173
25/11/2021,13.645334243774414,14.317334175109863,13.645334243774414,14.317334175109863,12.29836654663086,9534499
26/11/2021,14.373333930969238,14.43866729736328,13.748000144958496,14.38266658782959,12.354484558105469,8131111
29/11/2021,14.503999710083008,14.84000015258789,14.046667098999023,14.336000442504885,12.314398765563965,8061781
30/11/2021,14.373333930969238,14.74666690826416,14.093334197998049,14.485334396362305,12.44267463684082,9217296
01/12/2021,14.727999687194824,15.213334083557127,14.485334396362305,15.157334327697754,13.019912719726562,9093874
02/12/2021,15.334667205810549,15.530667304992676,14.793334007263184,14.961334228515623,12.851551055908203,6662371
03/12/2021,15.026666641235352,16.165334701538086,14.989334106445312,16.00666618347168,13.749475479125977,9820684
06/12/2021,16.1373348236084,16.501333236694336,15.092000961303713,15.166666984558104,13.027929306030272,14581600
07/12/2021,15.428001403808594,15.502667427062988,15.260001182556152,15.49333381652832,13.308530807495115,7341065
08/12/2021,15.549333572387695,15.605334281921388,15.32533359527588,15.502667427062988,13.316547393798828,6232446
09/12/2021,15.502667427062988,15.540000915527344,15.250666618347168,15.437334060668944,13.260428428649902,7774812
10/12/2021,15.68933391571045,15.922666549682615,15.353334426879885,15.502667427062988,13.316547393798828,13212655
13/12/2021,15.521333694458008,15.76400089263916,15.484001159667969,15.614666938781738,13.41275405883789,8804387
14/12/2021,15.78266716003418,15.838666915893556,15.540000915527344,15.754667282104492,13.533011436462402,7327318
15/12/2021,16.72533416748047,17.229333877563477,15.932001113891602,16.240001678466797,13.949907302856444,17254074
16/12/2021,16.520000457763672,17.02400016784668,16.33333396911621,17.02400016784668,14.6233491897583,13508583
17/12/2021,18.013334274291992,18.349334716796875,15.38133430480957,16.72533416748047,14.366798400878906,15299441
20/12/2021,16.72533416748047,17.481334686279297,15.960000991821287,16.80000114440918,14.43093967437744,14125223
21/12/2021,16.781333923339844,16.781333923339844,15.120000839233398,15.120000839233398,12.98784351348877,6694612
22/12/2021,14.205333709716797,14.57866668701172,13.607999801635742,13.607999801635742,11.689056396484377,9512365
23/12/2021,13.813334465026855,14.0,12.684000015258787,13.533333778381348,11.624922752380373,6255544
24/12/2021,13.720000267028809,13.850666999816896,13.449334144592283,13.776000022888184,11.833368301391602,7488958
27/12/2021,13.813334465026855,14.186667442321776,13.12266731262207,13.300000190734863,11.42449188232422,10600244
28/12/2021,13.468000411987305,13.542667388916016,12.880000114440918,13.020000457763672,11.18397617340088,4743595
29/12/2021,13.085333824157717,14.317334175109863,13.038666725158691,14.317334175109863,12.29836654663086,9990313
30/12/2021,14.914667129516602,15.18533420562744,14.233333587646484,14.326666831970217,12.306382179260254,15692981
31/12/2021,14.466667175292969,14.74666690826416,13.748000144958496,14.055999755859377,12.073883056640623,6669935
03/01/2022,14.279999732971191,14.65333366394043,13.822667121887209,14.485334396362305,12.44267463684082,5378647
04/01/2022,14.513334274291992,14.802666664123535,14.4573335647583,14.597333908081056,12.538880348205566,5082894
05/01/2022,14.616000175476074,14.84000015258789,14.47599983215332,14.812000274658203,12.88808536529541,3256222
06/01/2022,14.765334129333496,14.914667129516602,14.410667419433594,14.410667419433594,12.538881301879885,4596745
07/01/2022,14.401333808898926,14.54133415222168,14.046667098999023,14.140000343322754,12.303370475769045,4613101
10/01/2022,14.205333709716797,14.466667175292969,14.140000343322754,14.242667198181152,12.392702102661133,4235185
11/01/2022,14.36400032043457,14.401333808898926,13.98133373260498,14.223999977111816,12.376459121704102,3490250
12/01/2022,14.27066707611084,14.410667419433594,13.90666675567627,14.046667098999023,12.222161293029783,4958251
13/01/2022,14.06533432006836,14.149333953857422,13.850666999816896,13.859999656677246,12.059739112854004,4111221
14/01/2022,13.859999656677246,14.242667198181152,13.850666999816896,14.093334197998049,12.26276683807373,5320781
17/01/2022,14.158666610717772,14.43866729736328,14.130666732788086,14.410667419433594,12.538881301879885,4389450
18/01/2022,14.420000076293944,14.67199993133545,13.701333999633787,13.701333999633787,11.921682357788086,4587659
19/01/2022,13.579999923706056,13.79466724395752,13.33733367919922,13.757333755493164,11.97040843963623,4750903
20/01/2022,13.79466724395752,13.990667343139648,13.346667289733888,13.4399995803833,11.694292068481444,3991369
21/01/2022,13.449334144592283,14.30799961090088,13.449334144592283,14.037334442138672,12.214041709899902,7502955
24/01/2022,13.96266746520996,14.774666786193848,13.916000366210938,13.934666633605955,12.12470817565918,9489447
25/01/2022,14.513334274291992,14.513334274291992,13.71066665649414,14.112000465393066,12.279007911682127,6075850
26/01/2022,14.205333709716797,14.289334297180176,13.83199977874756,13.859999656677246,12.059739112854004,4663810
27/01/2022,13.626667022705078,13.972000122070312,13.4399995803833,13.90666675567627,12.100345611572266,3328033
28/01/2022,13.953333854675291,14.242667198181152,13.813334465026855,14.046667098999023,12.222161293029783,4948503
31/01/2022,14.102666854858398,14.616000175476074,14.102666854858398,14.616000175476074,12.717543601989746,5062514
01/02/2022,14.616000175476074,14.830666542053224,14.410667419433594,14.420000076293944,12.547000885009766,3381394
02/02/2022,14.522666931152344,14.531999588012695,14.16800022125244,14.186667442321776,12.343976020812988,2414862
03/02/2022,14.233333587646484,14.261334419250488,13.96266746520996,13.98133373260498,12.165312767028809,1813701
04/02/2022,13.972000122070312,14.251999855041504,13.850666999816896,14.149333953857422,12.311492919921877,2830543
07/02/2022,14.17733383178711,14.373333930969238,13.953333854675291,14.36400032043457,12.498275756835938,2763314
08/02/2022,14.354666709899902,14.616000175476074,14.298666954040527,14.466667175292969,12.587606430053713,3498949
09/02/2022,14.494667053222656,14.569334030151367,14.242667198181152,14.401333808898926,12.530759811401367,3953345
10/02/2022,14.410667419433594,14.513334274291992,14.251999855041504,14.251999855041504,12.400821685791016,2693686
11/02/2022,14.233333587646484,14.34533405303955,14.06533432006836,14.298666954040527,12.441428184509276,1942551
14/02/2022,13.96266746520996,14.055999755859377,13.3186674118042,13.579999923706056,11.81610870361328,4922847
15/02/2022,13.589333534240724,13.916000366210938,13.50533390045166,13.701333999633787,11.921682357788086,2893268
16/02/2022,13.776000022888184,13.887999534606934,13.738666534423828,13.757333755493164,11.97040843963623,1795620
17/02/2022,13.776000022888184,13.934666633605955,13.561333656311035,13.682666778564451,11.905439376831056,1879492
18/02/2022,13.682666778564451,13.850666999816896,13.645334243774414,13.813334465026855,12.019135475158691,1586517
21/02/2022,13.822667121887209,13.90666675567627,13.169334411621094,13.33733367919922,11.604962348937988,3517087
22/02/2022,13.010666847229004,13.010666847229004,12.55333423614502,12.935999870300291,11.255757331848145,4526289
23/02/2022,12.889333724975586,13.020000457763672,12.600000381469728,12.66533374786377,11.02024745941162,4486308
24/02/2022,11.423999786376951,11.946666717529297,11.40533447265625,11.40533447265625,9.923908233642578,7369280
25/02/2022,11.573333740234377,12.506667137145996,11.274666786193848,11.928000450134276,10.378684997558594,5489511
28/02/2022,11.573333740234377,11.853334426879885,11.218667030334473,11.433334350585938,9.948270797729492,5114780
01/03/2022,11.45199966430664,11.657334327697754,11.265334129333496,11.423999786376951,9.940149307250977,2614083
02/03/2022,11.433334350585938,11.573333740234377,11.237334251403809,11.237334251403809,9.777727127075195,2512069
03/03/2022,11.199999809265137,12.142666816711426,11.199999809265137,11.946666717529297,10.394927978515623,7333584
04/03/2022,11.946666717529297,12.142666816711426,11.619999885559082,11.937334060668944,10.386807441711426,5347767
07/03/2022,11.937334060668944,12.301334381103516,11.82533359527588,12.273333549499512,10.679162979125977,4911055
08/03/2022,12.133334159851074,12.506667137145996,12.08666706085205,12.142666816711426,10.565469741821287,3789881
09/03/2022,12.217333793640137,13.04800033569336,12.0773344039917,12.973334312438965,11.288241386413574,7925573
10/03/2022,13.06666660308838,13.748000144958496,13.06666660308838,13.468000411987305,11.718656539916992,9353600
11/03/2022,13.514666557312012,13.83199977874756,13.215999603271484,13.355999946594238,11.621203422546388,6452842
14/03/2022,13.449334144592283,13.626667022705078,13.290666580200195,13.309333801269531,11.580598831176758,3812155
15/03/2022,13.300000190734863,13.346667289733888,13.104000091552734,13.300000190734863,11.572477340698242,3285842
16/03/2022,13.309333801269531,13.411999702453612,13.225334167480469,13.290666580200195,11.564355850219728,2477346
17/03/2022,13.309333801269531,13.374667167663574,13.215999603271484,13.253334045410156,11.531871795654297,2926313
18/03/2022,13.3186674118042,14.223999977111816,13.3186674118042,14.196000099182127,12.352096557617188,11850036
21/03/2022,14.158666610717772,14.569334030151367,14.093334197998049,14.149333953857422,12.311492919921877,4942037
22/03/2022,14.214667320251465,14.38266658782959,14.130666732788086,14.205333709716797,12.360218048095703,4134801
23/03/2022,14.27066707611084,14.63466739654541,14.158666610717772,14.317334175109863,12.457672119140623,8415211
24/03/2022,14.373333930969238,14.718667030334473,14.326666831970217,14.429333686828612,12.55512237548828,4445116
25/03/2022,14.503999710083008,14.513334274291992,14.317334175109863,14.410667419433594,12.538881301879885,3087304
28/03/2022,14.513334274291992,14.868000030517578,14.466667175292969,14.485334396362305,12.603849411010742,4014038
29/03/2022,14.5600004196167,15.30666732788086,14.447999954223633,14.802666664123535,12.879963874816896,11747512
30/03/2022,14.858667373657228,14.877333641052246,14.410667419433594,14.485334396362305,12.603849411010742,4309396
31/03/2022,14.606666564941406,15.008001327514648,14.466667175292969,15.008001327514648,13.058629035949709,5331460
01/04/2022,14.933334350585938,14.989334106445312,14.681333541870115,14.84933376312256,12.920571327209473,4523694
04/04/2022,14.933334350585938,15.120000839233398,14.802666664123535,14.84933376312256,12.920571327209473,7371787
05/04/2022,14.895999908447266,15.446666717529297,14.895999908447266,15.213334083557127,13.237289428710938,9861201
06/04/2022,15.148000717163086,15.148000717163086,14.74666690826416,14.793334007263184,12.871844291687012,6511885
07/04/2022,14.830666542053224,15.148000717163086,14.802666664123535,15.026666641235352,13.074869155883787,4651839
08/04/2022,15.101333618164062,15.372000694274902,15.045333862304688,15.148000717163086,13.180442810058594,4540581
11/04/2022,15.241333961486816,15.540000915527344,15.129334449768066,15.194666862487791,13.22104835510254,7401244
12/04/2022,15.213334083557127,15.344000816345217,14.895999908447266,15.194666862487791,13.22104835510254,6807358
13/04/2022,14.830666542053224,14.90533447265625,14.466667175292969,14.569334030151367,13.07861614227295,5887519
14/04/2022,14.63466739654541,14.63466739654541,14.447999954223633,14.485334396362305,13.003211975097656,3938668
15/04/2022,14.494667053222656,14.765334129333496,14.485334396362305,14.597333908081056,13.103751182556152,4262697
18/04/2022,14.606666564941406,14.65333366394043,14.513334274291992,14.531999588012695,13.045101165771484,2673481
19/04/2022,14.597333908081056,14.802666664123535,14.54133415222168,14.662667274475098,13.162400245666504,8384684
20/04/2022,14.74666690826416,14.774666786193848,14.531999588012695,14.588000297546388,13.095373153686523,6956911
21/04/2022,14.681333541870115,15.260001182556152,14.662667274475098,14.998666763305664,13.46402072906494,11250084
22/04/2022,14.979999542236328,14.979999542236328,14.522666931152344,14.5600004196167,13.070237159729004,6325936
25/04/2022,14.531999588012695,14.57866668701172,14.36400032043457,14.503999710083008,13.01996612548828,5499112
26/04/2022,14.625333786010742,14.74666690826416,14.317334175109863,14.420000076293944,12.944561958312988,6424224
27/04/2022,14.43866729736328,14.765334129333496,14.261334419250488,14.690667152404783,13.187535285949709,5293395
28/04/2022,14.690667152404783,14.784000396728516,14.550666809082031,14.718667030334473,13.21267032623291,3328899
29/04/2022,14.765334129333496,14.812000274658203,14.662667274475098,14.812000274658203,13.296454429626465,2446404
05/05/2022,14.886667251586914,14.970666885375977,14.755999565124512,14.830666542053224,13.313209533691406,5335481
06/05/2022,14.793334007263184,14.970666885375977,14.727999687194824,14.923999786376951,13.39699363708496,4574368
09/05/2022,14.989334106445312,15.521333694458008,14.989334106445312,15.278667449951172,13.715371131896973,7577790
10/05/2022,14.830666542053224,14.84000015258789,14.466667175292969,14.67199993133545,13.170778274536133,3063865
11/05/2022,14.5600004196167,14.737334251403809,14.513334274291992,14.65333366394043,13.154020309448242,3930448
12/05/2022,14.625333786010742,14.65333366394043,14.447999954223633,14.503999710083008,13.01996612548828,4179296
13/05/2022,14.531999588012695,14.690667152404783,14.466667175292969,14.466667175292969,12.986454010009766,3070388
16/05/2022,14.466667175292969,14.5600004196167,14.43866729736328,14.531999588012695,13.045101165771484,2431889
17/05/2022,14.531999588012695,14.597333908081056,14.420000076293944,14.5600004196167,13.070237159729004,2468525
18/05/2022,14.5600004196167,14.737334251403809,14.47599983215332,14.5600004196167,13.070237159729004,3872044
20/05/2022,14.662667274475098,14.727999687194824,14.447999954223633,14.4573335647583,12.978076934814451,3516737
23/05/2022,14.531999588012695,14.569334030151367,14.233333587646484,14.289334297180176,12.827265739440918,2622900
24/05/2022,14.289334297180176,14.34533405303955,14.233333587646484,14.279999732971191,12.818887710571287,3588210
25/05/2022,14.289334297180176,14.531999588012695,14.289334297180176,14.4573335647583,12.978076934814451,5760389
26/05/2022,14.5600004196167,14.569334030151367,14.4573335647583,14.531999588012695,13.045101165771484,3511940
27/05/2022,14.531999588012695,14.597333908081056,14.485334396362305,14.550666809082031,13.061859130859377,1907734
30/05/2022,14.569334030151367,14.858667373657228,14.503999710083008,14.812000274658203,13.296454429626465,2682696
31/05/2022,14.821333885192873,14.868000030517578,14.606666564941406,14.681333541870115,13.179155349731444,2312471
01/06/2022,14.737334251403809,15.129334449768066,14.65333366394043,15.017333984375,13.480777740478516,6208979
02/06/2022,15.082667350769045,15.157334327697754,14.802666664123535,14.821333885192873,13.304831504821776,3332963
03/06/2022,14.895999908447266,15.316000938415527,14.895999908447266,15.260001182556152,13.698615074157717,6713926
06/06/2022,16.299999237060547,16.299999237060547,15.520000457763672,15.630000114440918,14.030755996704102,6932121
07/06/2022,15.68000030517578,16.010000228881836,15.470000267028809,16.010000228881836,14.371875762939451,6568683
08/06/2022,16.100000381469727,16.8799991607666,15.579999923706056,15.90999984741211,14.28210735321045,11400098
09/06/2022,16.0,16.760000228881836,15.600000381469728,16.709999084472656,15.000250816345217,10627715
10/06/2022,16.700000762939453,18.100000381469727,16.3700008392334,17.90999984741211,16.077470779418945,16350176
13/06/2022,17.920000076293945,18.190000534057617,16.889999389648438,16.889999389648438,15.161834716796877,10750009
14/06/2022,17.020000457763672,18.56999969482422,16.950000762939453,18.280000686645508,16.40961456298828,20854588
15/06/2022,18.309999465942383,19.34000015258789,18.13999938964844,18.770000457763672,16.849477767944336,33569752
16/06/2022,18.649999618530277,18.649999618530277,17.65999984741211,18.100000381469727,16.248027801513672,21229118
17/06/2022,18.229999542236328,19.09000015258789,18.229999542236328,18.59000015258789,16.687894821166992,52773982
20/06/2022,18.799999237060547,19.36000061035156,18.299999237060547,18.299999237060547,16.427566528320312,6361714
21/06/2022,18.3799991607666,18.61000061035156,17.950000762939453,17.979999542236328,16.140304565429688,5783892
22/06/2022,18.0,18.82999992370605,18.0,18.600000381469727,16.696870803833008,7726448
23/06/2022,18.59000015258789,19.149999618530277,18.40999984741211,18.739999771118164,16.82254409790039,6150989
24/06/2022,18.899999618530277,19.0,18.46999931335449,18.530000686645508,16.634033203125,2652260
27/06/2022,18.010000228881836,18.010000228881836,18.010000228881836,18.010000228881836,16.167238235473633,32315
28/06/2022,18.899999618530277,18.950000762939453,18.149999618530277,18.200000762939453,16.337797164916992,2428882
29/06/2022,18.25,18.489999771118164,17.90999984741211,17.979999542236328,16.140304565429688,2215674
30/06/2022,17.959999084472656,18.26000022888184,17.239999771118164,17.239999771118164,15.47602081298828,6208340
01/07/2022,17.190000534057617,17.719999313354492,16.850000381469727,17.219999313354492,15.45806884765625,3636243
04/07/2022,17.290000915527344,17.799999237060547,17.290000915527344,17.43000030517578,15.646583557128906,2388318
05/07/2022,17.3799991607666,17.770000457763672,17.010000228881836,17.260000228881836,15.493977546691896,3262828
06/07/2022,17.5,17.950000762939453,17.3799991607666,17.75,15.933839797973633,3727284
07/07/2022,17.65999984741211,18.280000686645508,17.6299991607666,17.969999313354492,16.131328582763672,2752213
08/07/2022,18.010000228881836,18.489999771118164,17.90999984741211,18.030000686645508,16.185190200805664,1296245
13/07/2022,18.25,19.559999465942383,18.1200008392334,19.479999542236328,17.48682975769043,6803461
14/07/2022,19.51000022888184,20.540000915527344,18.31999969482422,18.31999969482422,16.445518493652344,6240949
18/07/2022,18.709999084472656,18.709999084472656,18.3700008392334,18.559999465942383,16.660961151123047,2379681
19/07/2022,18.75,20.34000015258789,18.56999969482422,20.34000015258789,18.25883674621582,5295835
20/07/2022,20.34000015258789,20.920000076293945,20.020000457763672,20.1200008392334,18.06134414672852,4123959
21/07/2022,20.13999938964844,20.459999084472656,19.26000022888184,19.270000457763672,17.298316955566406,2981372
22/07/2022,19.38999938964844,19.729999542236328,18.86000061035156,18.979999542236328,17.037988662719727,2596905
25/07/2022,19.030000686645508,19.38999938964844,18.920000076293945,18.950000762939453,17.011056900024414,1563678
26/07/2022,19.049999237060547,19.170000076293945,18.729999542236328,18.75,16.83152198791504,2377613
27/07/2022,18.8700008392334,19.600000381469727,18.790000915527344,19.100000381469727,17.145709991455078,4348556
28/07/2022,19.229999542236328,19.299999237060547,18.68000030517578,18.76000022888184,16.840499877929688,4012906
29/07/2022,18.850000381469727,19.170000076293945,18.700000762939453,18.71999931335449,16.804590225219727,5392407
01/08/2022,18.739999771118164,19.200000762939453,18.71999931335449,18.989999771118164,17.046966552734375,2375188
02/08/2022,19.030000686645508,19.1200008392334,18.649999618530277,18.649999618530277,16.74175262451172,1710843
03/08/2022,18.709999084472656,19.13999938964844,18.700000762939453,18.8799991607666,16.948219299316406,1849880
04/08/2022,19.020000457763672,19.07999992370605,18.86000061035156,18.920000076293945,16.984127044677734,2112273
05/08/2022,18.96999931335449,19.030000686645508,18.690000534057617,18.729999542236328,16.813568115234375,1396074
08/08/2022,18.809999465942383,19.020000457763672,18.770000457763672,18.959999084472656,17.02003288269043,2249238
09/08/2022,19.0,19.899999618530277,18.93000030517578,19.559999465942383,17.558645248413086,5771301
10/08/2022,19.559999465942383,19.63999938964844,19.25,19.38999938964844,17.406038284301758,2376338
11/08/2022,19.5,19.709999084472656,19.32999992370605,19.61000061035156,17.603527069091797,2985563
12/08/2022,19.6200008392334,20.520000457763672,19.489999771118164,20.36000061035156,18.27678871154785,3386033
15/08/2022,20.559999465942383,21.36000061035156,20.239999771118164,20.31999969482422,18.240880966186523,3103715
16/08/2022,20.399999618530277,20.459999084472656,19.3799991607666,19.979999542236328,17.935667037963867,3094034
17/08/2022,19.649999618530277,20.21999931335449,19.280000686645508,20.100000381469727,18.04339027404785,5181966
18/08/2022,20.1200008392334,20.26000022888184,19.540000915527344,19.940000534057617,17.899763107299805,2750517
19/08/2022,20.299999237060547,20.540000915527344,19.84000015258789,19.84000015258789,17.809995651245117,5126555
22/08/2022,19.84000015258789,20.0,19.56999969482422,19.61000061035156,17.603527069091797,4016560
23/08/2022,19.6200008392334,19.739999771118164,19.520000457763672,19.549999237060547,17.54966926574707,2765131
24/08/2022,19.56999969482422,19.61000061035156,18.899999618530277,18.950000762939453,17.011056900024414,2337579
25/08/2022,18.979999542236328,19.350000381469727,18.81999969482422,19.020000457763672,17.073894500732422,3187860
26/08/2022,19.049999237060547,19.26000022888184,18.86000061035156,18.959999084472656,17.02003288269043,1971457
29/08/2022,18.959999084472656,18.959999084472656,18.690000534057617,18.700000762939453,16.786640167236328,1303032
31/08/2022,18.71999931335449,18.920000076293945,18.489999771118164,18.489999771118164,16.598125457763672,2130541
01/09/2022,18.51000022888184,18.989999771118164,18.46999931335449,18.489999771118164,16.598125457763672,2610227
02/09/2022,18.540000915527344,18.950000762939453,18.5,18.739999771118164,16.82254409790039,2019520
05/09/2022,18.899999618530277,19.11000061035156,18.82999992370605,18.989999771118164,17.046966552734375,3358390
06/09/2022,19.11000061035156,19.489999771118164,18.18000030517578,19.31999969482422,17.343198776245117,4767040
07/09/2022,19.530000686645508,19.600000381469727,18.799999237060547,18.799999237060547,16.876407623291016,4186193
08/09/2022,18.96999931335449,19.280000686645508,18.809999465942383,18.82999992370605,16.903335571289062,3667610
09/09/2022,18.950000762939453,19.200000762939453,18.81999969482422,19.06999969482422,17.1187801361084,3057213
12/09/2022,19.309999465942383,19.950000762939453,19.239999771118164,19.530000686645508,17.531713485717773,6704734
13/09/2022,19.90999984741211,19.950000762939453,18.40999984741211,18.40999984741211,16.526308059692383,4554353
14/09/2022,18.5,19.100000381469727,18.5,18.75,16.83152198791504,3839114
15/09/2022,18.76000022888184,19.18000030517578,18.690000534057617,18.799999237060547,16.876407623291016,3224129
16/09/2022,19.0,19.31999969482422,18.63999938964844,19.31999969482422,17.343198776245117,6501429
19/09/2022,19.549999237060547,19.8700008392334,19.07999992370605,19.100000381469727,17.145709991455078,6345583
20/09/2022,19.149999618530277,19.46999931335449,18.75,18.93000030517578,16.993104934692383,4631133
21/09/2022,18.93000030517578,19.15999984741211,18.700000762939453,18.700000762939453,16.786640167236328,3117802
22/09/2022,18.700000762939453,18.729999542236328,18.40999984741211,18.46999931335449,16.580169677734375,3518599
23/09/2022,18.5,18.559999465942383,17.899999618530273,17.899999618530273,16.068492889404297,4896147
26/09/2022,17.899999618530273,18.26000022888184,17.81999969482422,18.059999465942383,16.212121963500977,3128399
27/09/2022,18.059999465942383,18.25,17.6299991607666,17.6299991607666,15.826116561889648,2843579
28/09/2022,17.65999984741211,17.65999984741211,16.770000457763672,16.770000457763672,15.054112434387209,5357080
29/09/2022,16.809999465942383,17.0,15.739999771118164,15.949999809265137,14.31801414489746,6321929
30/09/2022,15.979999542236328,17.299999237060547,15.979999542236328,16.90999984741211,15.179789543151855,6262913
03/10/2022,16.899999618530273,17.530000686645508,16.850000381469727,17.489999771118164,15.70044231414795,4624213
04/10/2022,17.600000381469727,17.639999389648438,17.15999984741211,17.399999618530273,15.619651794433594,3877909
05/10/2022,17.40999984741211,17.420000076293945,17.020000457763672,17.1200008392334,15.36830234527588,4047059
06/10/2022,17.15999984741211,17.940000534057617,17.1299991607666,17.770000457763672,15.951796531677246,7442889
07/10/2022,17.799999237060547,17.860000610351562,17.399999618530273,17.420000076293945,15.637606620788574,3446593
10/10/2022,17.600000381469727,18.07999992370605,17.5,17.899999618530273,16.068492889404297,5513216
11/10/2022,18.0,18.149999618530277,17.65999984741211,17.68000030517578,15.871002197265623,4627007
12/10/2022,17.690000534057617,17.760000228881836,17.09000015258789,17.09000015258789,15.341373443603516,5215364
13/10/2022,17.110000610351562,17.399999618530273,16.969999313354492,17.079999923706055,15.332395553588867,2880416
14/10/2022,17.260000228881836,17.489999771118164,17.200000762939453,17.25,15.48499870300293,3747312
17/10/2022,17.280000686645508,17.639999389648438,17.280000686645508,17.510000228881836,15.718398094177246,7643474
18/10/2022,17.549999237060547,18.1200008392334,17.520000457763672,17.700000762939453,15.888957023620604,9280300
19/10/2022,17.770000457763672,18.18000030517578,17.75,18.07999992370605,16.23007583618164,7175454
20/10/2022,18.11000061035156,18.420000076293945,17.93000030517578,17.940000534057617,16.104400634765625,10842313
21/10/2022,17.940000534057617,18.07999992370605,17.65999984741211,18.059999465942383,16.212121963500977,7652967
24/10/2022,18.170000076293945,19.11000061035156,18.15999984741211,18.8799991607666,16.948219299316406,13132214
25/10/2022,18.8700008392334,18.8799991607666,18.209999084472656,18.25,16.38268280029297,6688690
26/10/2022,18.34000015258789,18.799999237060547,18.34000015258789,18.59000015258789,16.687894821166992,6580689
27/10/2022,18.649999618530277,18.68000030517578,18.1299991607666,18.209999084472656,16.346773147583008,4912270
28/10/2022,18.21999931335449,18.459999084472656,18.030000686645508,18.030000686645508,16.185190200805664,1908936
31/10/2022,18.06999969482422,18.739999771118164,18.06999969482422,18.739999771118164,16.82254409790039,7960863
01/11/2022,18.809999465942383,18.950000762939453,18.520000457763672,18.6200008392334,16.71482276916504,4831910
02/11/2022,18.71999931335449,19.100000381469727,18.540000915527344,18.950000762939453,17.011056900024414,9009384
03/11/2022,19.100000381469727,19.489999771118164,18.90999984741211,19.489999771118164,17.495805740356445,10926572
04/11/2022,19.75,19.979999542236328,19.07999992370605,19.1200008392334,17.163663864135742,16212913
07/11/2022,19.15999984741211,19.450000762939453,19.1200008392334,19.350000381469727,17.37013053894043,10513140
08/11/2022,19.399999618530277,19.46999931335449,19.059999465942383,19.13999938964844,17.181615829467773,10459898
09/11/2022,19.350000381469727,21.020000457763672,19.350000381469727,20.280000686645508,18.204973220825195,35457940
10/11/2022,20.57999992370605,22.0,20.479999542236328,21.36000061035156,19.174468994140625,21037209
11/11/2022,22.0,22.280000686645508,21.3799991607666,21.940000534057617,19.695125579833984,21003940
14/11/2022,21.959999084472656,22.479999542236328,21.81999969482422,22.059999465942383,19.802846908569336,13531129
15/11/2022,22.200000762939453,22.76000022888184,21.57999992370605,22.059999465942383,19.802846908569336,15790865
16/11/2022,22.13999938964844,22.26000022888184,21.15999984741211,21.8799991607666,19.641263961791992,11621512
17/11/2022,21.8799991607666,21.940000534057617,21.020000457763672,21.059999465942383,18.90516471862793,7971474
18/11/2022,21.1200008392334,21.57999992370605,20.920000076293945,21.1200008392334,18.959028244018555,8079610
21/11/2022,21.31999969482422,21.31999969482422,20.76000022888184,21.18000030517578,19.012887954711918,7298141
22/11/2022,21.239999771118164,22.57999992370605,21.239999771118164,22.239999771118164,19.964427947998047,14773375
23/11/2022,22.440000534057617,23.13999938964844,22.200000762939453,22.799999237060547,20.467130661010746,15490505
24/11/2022,22.940000534057617,24.6200008392334,22.940000534057617,24.280000686645508,21.795700073242188,26004987
25/11/2022,24.299999237060547,24.479999542236328,23.700000762939453,23.739999771118164,21.310949325561523,18420034
28/11/2022,23.899999618530277,24.31999969482422,23.559999465942383,23.76000022888184,21.328901290893555,16783019
29/11/2022,24.0,26.040000915527344,23.780000686645508,25.18000030517578,22.603612899780277,40461937
30/11/2022,25.31999969482422,26.1200008392334,25.200000762939453,25.65999984741211,23.03449821472168,21737467
01/12/2022,26.15999984741211,26.18000030517578,25.34000015258789,25.600000381469727,22.980636596679688,37124691
02/12/2022,26.040000915527344,26.399999618530277,25.399999618530277,26.059999465942383,23.39357185363769,72985339
05/12/2022,26.459999084472656,26.799999237060547,25.940000534057617,26.65999984741211,23.932178497314453,162615990
06/12/2022,26.8799991607666,27.920000076293945,26.31999969482422,26.5,23.788549423217773,145935556
07/12/2022,26.420000076293945,26.420000076293945,23.86000061035156,23.940000534057617,21.490488052368164,116919519
08/12/2022,23.65999984741211,24.34000015258789,22.36000061035156,23.020000457763672,20.664623260498047,73153009
09/12/2022,23.059999465942383,24.31999969482422,22.81999969482422,23.979999542236328,21.52639389038086,95300365
12/12/2022,24.399999618530277,24.76000022888184,24.1200008392334,24.5,21.993186950683597,68919497
13/12/2022,24.700000762939453,25.059999465942383,24.3799991607666,24.479999542236328,21.97523498535156,125658607
14/12/2022,24.540000915527344,24.86000061035156,23.299999237060547,23.299999237060547,20.915971755981445,101917557
15/12/2022,23.979999542236328,25.6200008392334,23.959999084472656,25.6200008392334,22.998594284057617,205365605
16/12/2022,26.3799991607666,27.979999542236328,26.200000762939453,27.299999237060547,24.506696701049805,83859531
19/12/2022,27.299999237060547,27.440000534057617,26.13999938964844,26.57999992370605,23.860366821289062,101356549
20/12/2022,26.76000022888184,27.459999084472656,26.520000457763672,26.559999465942383,23.84241104125977,74697501
21/12/2022,26.700000762939453,27.700000762939453,26.420000076293945,26.739999771118164,24.00399398803711,116881079
22/12/2022,26.8799991607666,28.81999969482422,26.8799991607666,27.920000076293945,25.063257217407227,168423911
23/12/2022,28.100000381469727,30.700000762939453,27.8799991607666,30.700000762939453,27.558813095092773,182729577
26/12/2022,31.459999084472656,33.7599983215332,30.959999084472656,32.29999923706055,28.995100021362305,236815650
27/12/2022,32.439998626708984,32.560001373291016,30.3799991607666,30.559999465942383,27.433135986328125,119938129
28/12/2022,30.799999237060547,32.65999984741211,30.71999931335449,31.8799991607666,28.618072509765625,198355154
29/12/2022,32.20000076293945,34.880001068115234,32.20000076293945,34.13999938964844,30.646833419799805,148927014
30/12/2022,34.400001525878906,34.560001373291016,32.959999084472656,33.13999938964844,29.74915313720703,119020789
02/01/2023,33.7599983215332,34.599998474121094,33.7400016784668,33.84000015258789,30.377531051635746,72475314
03/01/2023,33.91999816894531,35.599998474121094,32.84000015258789,35.040000915527344,31.454748153686523,180374135
04/01/2023,35.5,36.380001068115234,34.47999954223633,34.47999954223633,30.95204162597656,133455004
05/01/2023,34.84000015258789,35.18000030517578,33.099998474121094,33.68000030517578,30.23390007019043,83988119
06/01/2023,31.5,34.13999938964844,30.020000457763672,34.13999938964844,30.646833419799805,155300417
09/01/2023,35.29999923706055,35.380001068115234,33.5,34.2599983215332,30.75455665588379,152523472
10/01/2023,34.060001373291016,34.5,31.280000686645508,32.5,29.174636840820312,98221927
11/01/2023,32.81999969482422,33.08000183105469,29.84000015258789,29.84000015258789,26.786808013916016,95097642
12/01/2023,30.84000015258789,32.560001373291016,29.299999237060547,32.220001220703125,28.923288345336918,131069488
13/01/2023,31.780000686645508,32.779998779296875,31.239999771118164,31.3799991607666,28.16923141479492,79548682
16/01/2023,31.6200008392334,32.400001525878906,31.21999931335449,32.18000030517578,28.887378692626957,84227593
17/01/2023,32.29999923706055,33.70000076293945,32.2400016784668,32.79999923706055,29.443941116333008,87343546
18/01/2023,33.0,34.02000045776367,32.13999938964844,32.540000915527344,29.21054458618164,106252403
19/01/2023,32.29999923706055,32.86000061035156,31.34000015258789,31.65999984741211,28.42058563232422,67620058
20/01/2023,31.940000534057617,32.2599983215332,30.100000381469727,30.559999465942383,27.433135986328125,75885478
23/01/2023,30.899999618530277,30.940000534057617,29.459999084472656,29.700000762939453,26.66112899780273,68779232
24/01/2023,29.780000686645508,30.63999938964844,29.36000061035156,30.040000915527344,26.96634101867676,78743327
25/01/2023,30.18000030517578,30.459999084472656,28.239999771118164,29.200000762939453,26.212289810180664,72086098
26/01/2023,29.13999938964844,30.26000022888184,28.899999618530277,29.739999771118164,26.69703865051269,52777682
27/01/2023,29.540000915527344,30.040000915527344,28.5,28.8799991607666,25.925031661987305,46544843
30/01/2023,29.0,29.239999771118164,28.520000457763672,28.6200008392334,25.691635131835938,33886991
31/01/2023,28.3799991607666,30.899999618530277,28.299999237060547,29.68000030517578,26.643177032470703,78957645
01/02/2023,29.700000762939453,29.81999969482422,28.040000915527344,28.040000915527344,25.170978546142575,57256222
02/02/2023,27.979999542236328,28.440000534057617,25.239999771118164,27.299999237060547,24.506696701049805,74733892
03/02/2023,27.299999237060547,28.68000030517578,27.1200008392334,28.459999084472656,25.548006057739254,43536446
06/02/2023,27.899999618530277,28.399999618530277,26.520000457763672,28.36000061035156,25.45823860168457,9728707
07/02/2023,27.979999542236328,28.21999931335449,25.540000915527344,25.540000915527344,22.92677497863769,26313434
08/02/2023,23.3799991607666,23.3799991607666,23.3799991607666,23.3799991607666,20.98778343200684,250
15/02/2023,26.34000015258789,28.07999992370605,25.959999084472656,28.07999992370605,25.20688819885254,48268367
16/02/2023,29.020000457763672,29.399999618530277,26.6200008392334,26.6200008392334,23.89627265930176,60585526
17/02/2023,26.3799991607666,27.440000534057617,26.040000915527344,26.920000076293945,24.165576934814453,44024537
20/02/2023,27.059999465942383,27.920000076293945,26.040000915527344,27.040000915527344,24.273298263549805,45969597
21/02/2023,26.86000061035156,29.65999984741211,26.65999984741211,28.36000061035156,25.45823860168457,108185409
22/02/2023,28.5,30.5,28.36000061035156,30.020000457763672,26.948389053344727,104317005
23/02/2023,30.200000762939453,31.5,29.799999237060547,31.5,28.276954650878903,70988158
24/02/2023,31.280000686645508,31.399999618530277,30.34000015258789,30.5,27.379274368286133,48881541
27/02/2023,30.520000457763672,31.540000915527344,30.299999237060547,31.100000381469727,27.91788482666016,47011437
28/02/2023,31.299999237060547,32.81999969482422,31.07999992370605,32.720001220703125,29.372129440307617,62644577
01/03/2023,32.900001525878906,33.29999923706055,32.47999954223633,32.560001373291016,29.228498458862305,50349749
02/03/2023,32.70000076293945,33.18000030517578,32.060001373291016,32.18000030517578,28.887378692626957,48836162
03/03/2023,32.29999923706055,33.060001373291016,30.700000762939453,32.540000915527344,29.21054458618164,60894916
06/03/2023,32.959999084472656,33.380001068115234,32.439998626708984,32.939998626708984,29.56961441040039,53927341
07/03/2023,33.099998474121094,33.63999938964844,32.7599983215332,32.959999084472656,29.587570190429688,49180923
08/03/2023,33.099998474121094,34.880001068115234,32.84000015258789,33.2400016784668,29.838926315307617,81088703
09/03/2023,33.5,33.86000061035156,33.220001220703125,33.279998779296875,29.87482643127441,37547353
10/03/2023,33.20000076293945,33.58000183105469,32.81999969482422,33.20000076293945,29.803016662597656,42155050
13/03/2023,33.36000061035156,33.400001525878906,32.220001220703125,32.439998626708984,29.120777130126957,44949773
14/03/2023,32.459999084472656,32.720001220703125,31.280000686645508,31.5,28.276954650878903,30158999
15/03/2023,31.399999618530277,31.5,29.71999931335449,29.76000022888184,26.714990615844727,49731307
16/03/2023,30.13999938964844,30.540000915527344,29.420000076293945,29.86000061035156,26.804759979248047,25725572
17/03/2023,30.26000022888184,31.57999992370605,29.979999542236328,30.0,26.93043327331543,35086053
20/03/2023,30.040000915527344,30.399999618530277,28.559999465942383,29.100000381469727,26.122520446777344,31170298
21/03/2023,29.239999771118164,29.299999237060547,28.399999618530277,28.399999618530277,25.4941463470459,20104931
22/03/2023,28.57999992370605,28.780000686645508,28.21999931335449,28.559999465942383,25.637775421142575,12402001
23/03/2023,28.63999938964844,29.71999931335449,28.5,29.479999542236328,26.463638305664062,23295938
24/03/2023,29.600000381469727,30.13999938964844,29.239999771118164,29.239999771118164,26.24819564819336,25243843
27/03/2023,29.5,29.799999237060547,28.979999542236328,28.979999542236328,26.014801025390625,15992304
28/03/2023,29.1200008392334,29.239999771118164,27.700000762939453,27.920000076293945,25.063257217407227,27264989
29/03/2023,27.799999237060547,28.600000381469727,26.940000534057617,28.07999992370605,25.20688819885254,25010962
30/03/2023,28.459999084472656,29.399999618530277,28.200000762939453,28.84000015258789,25.889123916625977,31878854
31/03/2023,28.8799991607666,29.799999237060547,28.76000022888184,29.299999237060547,26.30205726623535,47013640
03/04/2023,29.26000022888184,30.399999618530277,29.26000022888184,30.399999618530277,27.28950500488281,47290596
04/04/2023,30.57999992370605,31.780000686645508,30.5,31.520000457763672,28.29491233825684,40890386
05/04/2023,31.6200008392334,31.63999938964844,30.700000762939453,30.700000762939453,27.558813095092773,28427005
06/04/2023,30.899999618530277,31.299999237060547,30.540000915527344,30.81999969482422,27.66653251647949,31209958
07/04/2023,31.020000457763672,31.020000457763672,30.299999237060547,30.299999237060547,27.19973945617676,18942699
10/04/2023,30.57999992370605,31.3799991607666,30.399999618530277,31.34000015258789,28.13332939147949,24213435
11/04/2023,31.399999618530277,32.13999938964844,31.26000022888184,32.02000045776367,28.743751525878903,27259812
12/04/2023,31.899999618530277,32.220001220703125,31.18000030517578,31.459999084472656,28.5651798248291,27422713
13/04/2023,31.559999465942383,31.84000015258789,31.0,31.020000457763672,28.165666580200195,27425818
14/04/2023,31.15999984741211,31.739999771118164,30.68000030517578,30.799999237060547,27.965909957885746,35054933
17/04/2023,30.920000076293945,30.959999084472656,29.399999618530277,29.540000915527344,26.821849822998047,23971425
18/04/2023,30.200000762939453,30.57999992370605,28.940000534057617,28.940000534057617,26.277061462402344,23425133
19/04/2023,29.399999618530277,30.26000022888184,28.84000015258789,30.059999465942383,27.29400062561035,36228644
20/04/2023,29.979999542236328,30.3799991607666,29.739999771118164,30.34000015258789,27.548236846923828,11182917
24/04/2023,30.559999465942383,31.3799991607666,30.559999465942383,30.899999618530277,28.05670738220215,28170679
25/04/2023,30.959999084472656,31.540000915527344,29.36000061035156,29.36000061035156,26.65841484069824,60523384
26/04/2023,29.5,29.71999931335449,28.799999237060547,29.3799991607666,26.676572799682617,37983179
27/04/2023,29.5,29.57999992370605,28.84000015258789,28.920000076293945,26.258899688720703,27734849
28/04/2023,28.920000076293945,29.020000457763672,27.280000686645508,27.34000015258789,24.82428741455078,27046602
02/05/2023,27.399999618530277,27.899999618530277,26.459999084472656,26.459999084472656,24.025257110595703,24574574
03/05/2023,26.420000076293945,26.600000381469727,25.100000381469727,25.780000686645508,23.40782928466797,23776358
04/05/2023,25.5,26.71999931335449,25.0,25.0,22.699602127075195,28504674
05/05/2023,24.920000076293945,25.200000762939453,24.21999931335449,24.920000076293945,22.6269645690918,35387818
08/05/2023,25.059999465942383,25.81999969482422,24.68000030517578,25.780000686645508,23.40782928466797,20957213
09/05/2023,25.780000686645508,26.26000022888184,24.959999084472656,25.18000030517578,22.863040924072266,22138861
10/05/2023,24.899999618530277,25.15999984741211,23.940000534057617,23.940000534057617,21.737140655517575,24772410
11/05/2023,23.76000022888184,26.15999984741211,23.700000762939453,25.540000915527344,23.189912796020508,61191400
12/05/2023,25.440000534057617,25.57999992370605,24.1200008392334,24.299999237060547,22.06401252746582,43712810
15/05/2023,23.100000381469727,25.13999938964844,22.940000534057617,23.68000030517578,21.50106430053711,38151347
16/05/2023,23.76000022888184,24.86000061035156,23.739999771118164,24.299999237060547,22.06401252746582,48876613
17/05/2023,24.3799991607666,25.26000022888184,24.21999931335449,24.84000015258789,22.55432510375977,48848643
18/05/2023,25.020000457763672,25.5,23.700000762939453,23.700000762939453,21.51922607421875,39829874
22/05/2023,23.8799991607666,24.13999938964844,23.100000381469727,23.15999984741211,21.02891159057617,34250312
23/05/2023,23.34000015258789,23.920000076293945,23.200000762939453,23.5,21.337627410888672,43329055
24/05/2023,23.600000381469727,24.1200008392334,23.559999465942383,24.059999465942383,21.846097946166992,42414545
25/05/2023,24.059999465942383,24.420000076293945,23.280000686645508,23.299999237060547,21.156030654907227,39969577
26/05/2023,23.3799991607666,24.07999992370605,23.26000022888184,23.84000015258789,21.646339416503903,31691474
29/05/2023,24.540000915527344,25.739999771118164,24.26000022888184,25.540000915527344,23.189912796020508,44596607
30/05/2023,25.799999237060547,26.86000061035156,25.65999984741211,26.399999618530277,23.970779418945312,56505490
31/05/2023,26.540000915527344,26.86000061035156,25.68000030517578,25.86000061035156,23.480470657348636,50853814
01/06/2023,26.13999938964844,26.65999984741211,25.86000061035156,25.979999542236328,23.58942604064941,34684034
02/06/2023,27.26000022888184,28.559999465942383,26.799999237060547,27.299999237060547,24.787965774536133,114636645
05/06/2023,27.799999237060547,28.26000022888184,27.3799991607666,28.020000457763672,25.44171714782715,69254835
06/06/2023,28.020000457763672,28.479999542236328,27.76000022888184,28.200000762939453,25.605154037475582,65403750
07/06/2023,29.21999931335449,30.5,29.13999938964844,29.420000076293945,26.712892532348636,93447947
08/06/2023,29.200000762939453,29.76000022888184,28.780000686645508,29.479999542236328,26.767370223999023,60362486
09/06/2023,29.899999618530277,30.420000076293945,29.399999618530277,30.21999931335449,27.43927955627441,67053719
12/06/2023,30.5,31.059999465942383,29.739999771118164,29.899999618530277,27.148725509643555,88735975
13/06/2023,29.940000534057617,30.040000915527344,28.86000061035156,29.059999465942383,26.38601875305176,47479370
14/06/2023,29.059999465942383,29.540000915527344,27.6200008392334,27.940000534057617,25.36907386779785,56068575
15/06/2023,28.200000762939453,28.479999542236328,28.0,28.440000534057617,25.82306671142578,36615631
16/06/2023,28.5,28.81999969482422,27.940000534057617,27.979999542236328,25.4053955078125,32251480
19/06/2023,28.0,28.07999992370605,26.5,26.5,24.06157684326172,29093698
20/06/2023,26.459999084472656,27.31999969482422,26.13999938964844,26.420000076293945,23.98893928527832,30569740
21/06/2023,26.600000381469727,27.07999992370605,26.479999542236328,26.700000762939453,24.243173599243164,35670454
22/06/2023,26.86000061035156,28.399999618530277,25.899999618530277,28.34000015258789,25.732267379760746,75023931
23/06/2023,28.799999237060547,29.3799991607666,28.0,28.700000762939453,26.05914306640625,75863890
26/06/2023,28.71999931335449,29.65999984741211,28.700000762939453,29.3799991607666,26.676572799682617,51416944
27/06/2023,29.31999969482422,29.5,29.059999465942383,29.299999237060547,26.603933334350582,17407083
03/07/2023,29.899999618530277,30.440000534057617,29.520000457763672,29.959999084472656,27.203201293945312,69312202
04/07/2023,30.520000457763672,31.040000915527344,29.700000762939453,29.700000762939453,26.96712684631348,97265843
05/07/2023,29.739999771118164,30.420000076293945,29.5,30.15999984741211,27.38479995727539,50451884
06/07/2023,30.5,30.940000534057617,30.07999992370605,30.15999984741211,27.38479995727539,40533682
07/07/2023,30.15999984741211,31.540000915527344,30.1200008392334,31.5,28.601497650146484,69944689
10/07/2023,32.0,32.459999084472656,31.68000030517578,32.119998931884766,29.164447784423828,56103902
11/07/2023,32.619998931884766,32.79999923706055,31.479999542236328,31.940000534057617,29.001014709472656,48510361
12/07/2023,31.979999542236328,32.0,31.239999771118164,31.26000022888184,28.383583068847656,39407598
13/07/2023,31.31999969482422,32.220001220703125,31.059999465942383,31.07999992370605,28.22014617919922,56918251
14/07/2023,31.459999084472656,32.099998474121094,31.1200008392334,31.84000015258789,28.910215377807617,49285049
17/07/2023,32.65999984741211,34.279998779296875,32.63999938964844,33.380001068115234,30.30851173400879,73401314
18/07/2023,33.58000183105469,33.65999984741211,31.76000022888184,31.76000022888184,28.837575912475582,51213673
19/07/2023,31.76000022888184,32.52000045776367,31.299999237060547,32.13999938964844,29.18260955810547,71575461
20/07/2023,32.540000915527344,32.959999084472656,31.799999237060547,32.7400016784668,29.72740364074707,65617322
21/07/2023,32.720001220703125,33.20000076293945,32.29999923706055,33.13999938964844,30.090591430664062,59032906
24/07/2023,33.58000183105469,33.63999938964844,31.920000076293945,32.0,29.05549049377441,55127224
25/07/2023,32.099998474121094,32.2400016784668,31.040000915527344,31.36000061035156,28.47438240051269,44702912
26/07/2023,31.34000015258789,31.940000534057617,30.959999084472656,31.81999969482422,28.89205551147461,39806206
27/07/2023,32.0,32.58000183105469,31.979999542236328,32.29999923706055,29.327884674072266,38545198
28/07/2023,32.619998931884766,33.060001373291016,32.52000045776367,32.939998626708984,29.908994674682617,63879552
31/07/2023,33.400001525878906,33.7400016784668,33.040000915527344,33.619998931884766,30.526426315307617,72666476
01/08/2023,33.720001220703125,35.380001068115234,33.68000030517578,34.36000061035156,31.198331832885746,102553274
02/08/2023,34.380001068115234,34.619998931884766,33.779998779296875,33.779998779296875,30.671703338623047,68488124
03/08/2023,34.0,34.2400016784668,32.65999984741211,32.7400016784668,29.72740364074707,49955145
04/08/2023,32.900001525878906,33.900001525878906,32.540000915527344,33.540000915527344,30.453784942626957,42759357
07/08/2023,33.599998474121094,33.91999816894531,32.97999954223633,33.18000030517578,30.12691307067871,44867282
08/08/2023,33.31999969482422,33.7599983215332,32.7599983215332,32.939998626708984,29.908994674682617,46477504
09/08/2023,33.08000183105469,33.52000045776367,32.65999984741211,33.2599983215332,30.19954872131348,58925986
10/08/2023,33.58000183105469,34.220001220703125,31.920000076293945,32.040000915527344,29.091812133789062,64469657
11/08/2023,32.119998931884766,33.15999984741211,32.08000183105469,33.15999984741211,30.108753204345703,61886500
14/08/2023,33.79999923706055,35.58000183105469,33.79999923706055,34.18000030517578,31.034900665283203,97622343
15/08/2023,34.540000915527344,35.099998474121094,33.36000061035156,34.0,30.871461868286133,63377615
16/08/2023,34.099998474121094,35.02000045776367,33.70000076293945,34.619998931884766,31.43440818786621,65890064
17/08/2023,34.7400016784668,34.97999954223633,33.70000076293945,33.779998779296875,30.671703338623047,80160616
18/08/2023,33.939998626708984,34.220001220703125,31.5,32.20000076293945,29.23708915710449,67624988
21/08/2023,32.0,33.29999923706055,31.68000030517578,33.0,29.963476181030277,71824454
22/08/2023,33.15999984741211,33.2599983215332,32.099998474121094,32.2599983215332,29.291566848754883,53214596
23/08/2023,32.439998626708984,33.34000015258789,32.220001220703125,32.279998779296875,29.30972671508789,74839270
24/08/2023,32.5,33.040000915527344,30.81999969482422,30.81999969482422,27.98406982421875,66479324
25/08/2023,31.020000457763672,31.440000534057617,30.34000015258789,31.299999237060547,28.41990089416504,54068366
28/08/2023,31.739999771118164,32.15999984741211,31.600000381469727,31.780000686645508,28.855735778808597,43919782
29/08/2023,31.920000076293945,32.29999923706055,31.420000076293945,31.600000381469727,28.69229507446289,39100250
31/08/2023,31.799999237060547,33.459999084472656,31.63999938964844,32.79999923706055,29.781877517700195,81071864
01/09/2023,33.13999938964844,33.58000183105469,32.63999938964844,33.34000015258789,30.27219009399414,55957994
04/09/2023,33.779998779296875,34.81999969482422,33.47999954223633,33.900001525878906,30.78066062927246,81566240
05/09/2023,33.86000061035156,34.099998474121094,33.2599983215332,34.099998474121094,30.962255477905277,45474449
06/09/2023,34.459999084472656,34.58000183105469,33.459999084472656,33.459999084472656,30.38114356994629,53392087
07/09/2023,33.58000183105469,34.5,33.47999954223633,34.5,31.32544708251953,53954249
08/09/2023,34.7400016784668,35.15999984741211,33.97999954223633,34.2400016784668,31.08937644958496,52847237
11/09/2023,34.5,36.63999938964844,33.959999084472656,34.720001220703125,31.52521133422852,166740727
12/09/2023,34.959999084472656,38.18000030517578,34.86000061035156,38.18000030517578,34.66683578491211,163050481
13/09/2023,37.47999954223633,39.040000915527344,36.720001220703125,36.93999862670898,33.54092788696289,210477905
14/09/2023,37.040000915527344,38.34000015258789,36.5,37.47999954223633,34.03124237060547,144727919
15/09/2023,37.459999084472656,38.81999969482422,36.400001525878906,36.70000076293945,33.32301712036133,120843995
18/09/2023,36.70000076293945,37.540000915527344,35.18000030517578,35.220001220703125,31.97920036315918,75152575
19/09/2023,35.279998779296875,35.52000045776367,34.41999816894531,34.560001373291016,31.37993049621582,66641784
20/09/2023,34.779998779296875,35.15999984741211,33.18000030517578,33.36000061035156,30.29035186767578,58977379
21/09/2023,33.279998779296875,34.97999954223633,33.20000076293945,34.939998626708984,31.724966049194336,62558101
22/09/2023,35.119998931884766,35.900001525878906,34.2599983215332,34.65999984741211,31.470727920532227,53328777
25/09/2023,35.13999938964844,35.619998931884766,34.880001068115234,35.36000061035156,32.10631561279297,52190672
26/09/2023,35.459999084472656,35.540000915527344,34.400001525878906,34.400001525878906,31.23465156555176,53041093
27/09/2023,34.52000045776367,35.2400016784668,34.220001220703125,34.459999084472656,31.28913116455078,52667004
28/09/2023,35.099998474121094,35.400001525878906,34.279998779296875,34.400001525878906,31.23465156555176,47581076
29/09/2023,34.599998474121094,34.939998626708984,34.400001525878906,34.81999969482422,31.61600685119629,40361164
02/10/2023,35.040000915527344,35.36000061035156,34.939998626708984,35.060001373291016,31.83392143249512,46480371
03/10/2023,35.13999938964844,36.77999877929688,35.08000183105469,36.77999877929688,33.395652770996094,102215352
04/10/2023,36.59999847412109,36.70000076293945,35.279998779296875,35.400001525878906,32.14263916015625,62268524
05/10/2023,35.599998474121094,36.2400016784668,34.560001373291016,36.18000030517578,32.85086441040039,59938074
06/10/2023,35.79999923706055,36.2400016784668,35.63999938964844,35.79999923706055,32.505828857421875,33894596
09/10/2023,34.97999954223633,34.97999954223633,33.400001525878906,33.439998626708984,30.362985610961918,40679519
10/10/2023,34.0,34.2599983215332,33.7599983215332,33.97999954223633,30.853302001953125,31253919
11/10/2023,34.099998474121094,34.439998626708984,32.63999938964844,32.63999938964844,29.6366024017334,42315246
12/10/2023,33.099998474121094,33.31999969482422,31.520000457763672,32.15999984741211,29.200767517089844,44083138
13/10/2023,32.099998474121094,32.63999938964844,31.65999984741211,32.119998931884766,29.164447784423828,33004483
16/10/2023,32.400001525878906,32.959999084472656,31.5,32.34000015258789,29.364206314086918,44767046
17/10/2023,32.41999816894531,33.13999938964844,31.979999542236328,33.060001373291016,30.017953872680664,32330469
18/10/2023,32.15999984741211,32.58000183105469,31.959999084472656,32.0,29.05549049377441,32944071
19/10/2023,32.099998474121094,32.63999938964844,31.940000534057617,32.380001068115234,29.40052604675293,29976245
20/10/2023,31.799999237060547,32.119998931884766,30.920000076293945,31.299999237060547,28.41990089416504,25329255
23/10/2023,32.0,32.20000076293945,31.100000381469727,31.8799991607666,28.946531295776367,25856613
24/10/2023,32.02000045776367,32.720001220703125,31.959999084472656,32.58000183105469,29.58212280273437,28241037
25/10/2023,32.81999969482422,33.119998931884766,29.940000534057617,29.940000534057617,27.185043334960938,29404743
26/10/2023,30.399999618530277,30.959999084472656,29.84000015258789,30.520000457763672,27.711673736572266,34939611
27/10/2023,30.559999465942383,31.399999618530277,30.440000534057617,31.18000030517578,28.310943603515625,30626751
30/10/2023,31.100000381469727,31.600000381469727,30.920000076293945,31.13999938964844,28.27462577819824,20430470
31/10/2023,31.34000015258789,31.459999084472656,30.299999237060547,30.420000076293945,27.620874404907227,15965621
01/11/2023,30.799999237060547,31.020000457763672,29.440000534057617,30.040000915527344,27.275842666625977,18729765
02/11/2023,30.299999237060547,31.31999969482422,30.200000762939453,31.299999237060547,28.41990089416504,21229450
03/11/2023,31.299999237060547,31.34000015258789,30.34000015258789,30.739999771118164,27.91143226623535,24243444
06/11/2023,31.200000762939453,31.6200008392334,31.040000915527344,31.6200008392334,28.71045684814453,18499660
07/11/2023,31.6200008392334,32.41999816894531,31.57999992370605,32.20000076293945,29.23708915710449,22731535
08/11/2023,32.58000183105469,32.68000030517578,31.8799991607666,32.41999816894531,29.43684196472168,18188472
09/11/2023,32.0,32.29999923706055,31.479999542236328,32.02000045776367,29.07365226745605,21357516
10/11/2023,32.040000915527344,33.86000061035156,31.979999542236328,33.279998779296875,30.217708587646484,41693273
13/11/2023,33.400001525878906,34.36000061035156,32.939998626708984,33.119998931884766,30.072433471679688,33889098
14/11/2023,33.119998931884766,33.599998474121094,32.560001373291016,33.41999816894531,30.344825744628903,25531828
15/11/2023,33.599998474121094,33.81999969482422,32.86000061035156,32.959999084472656,29.927154541015625,19879969
16/11/2023,33.0,33.41999816894531,32.91999816894531,33.099998474121094,30.054271697998047,21446075
17/11/2023,33.13999938964844,33.619998931884766,33.13999938964844,33.41999816894531,30.344825744628903,18569097
20/11/2023,33.619998931884766,33.959999084472656,33.599998474121094,33.70000076293945,30.599063873291016,19918641
21/11/2023,33.900001525878906,34.380001068115234,33.459999084472656,33.79999923706055,30.689865112304688,31449811
22/11/2023,33.81999969482422,35.41999816894531,33.70000076293945,34.959999084472656,31.743125915527344,59200657
23/11/2023,35.060001373291016,35.099998474121094,34.0,34.02000045776367,30.889619827270508,28531797
24/11/2023,34.060001373291016,34.619998931884766,33.880001068115234,34.41999816894531,31.2528076171875,21510877
27/11/2023,34.560001373291016,34.7400016784668,34.2599983215332,34.599998474121094,31.416248321533203,19562928
28/11/2023,34.65999984741211,35.880001068115234,34.439998626708984,35.70000076293945,32.415035247802734,52751254
29/11/2023,35.70000076293945,36.02000045776367,34.91999816894531,35.31999969482422,32.06999588012695,28167885
30/11/2023,35.400001525878906,35.84000015258789,35.060001373291016,35.15999984741211,31.92472076416016,27039410
01/12/2023,35.5,35.86000061035156,34.86000061035156,34.900001525878906,31.68864631652832,20850205
04/12/2023,34.939998626708984,35.220001220703125,34.720001220703125,34.86000061035156,31.652326583862305,22292479
05/12/2023,34.84000015258789,34.91999816894531,33.81999969482422,33.84000015258789,30.72618293762207,23898415
06/12/2023,33.959999084472656,34.099998474121094,32.439998626708984,32.439998626708984,29.45500373840332,23668430
07/12/2023,32.439998626708984,32.91999816894531,31.940000534057617,32.91999816894531,29.89083480834961,23416603
08/12/2023,32.97999954223633,33.34000015258789,32.70000076293945,32.97999954223633,29.945316314697266,18419012
11/12/2023,33.060001373291016,33.91999816894531,32.900001525878906,33.0,29.963476181030277,31026181
12/12/2023,32.97999954223633,34.380001068115234,32.900001525878906,34.2599983215332,31.10753631591797,28302045
13/12/2023,34.02000045776367,35.02000045776367,33.79999923706055,33.959999084472656,30.835140228271484,33607064
14/12/2023,34.29999923706055,35.13999938964844,33.97999954223633,34.400001525878906,31.23465156555176,37193961
15/12/2023,34.540000915527344,36.15999984741211,34.52000045776367,35.79999923706055,32.505828857421875,42983436
18/12/2023,35.599998474121094,37.119998931884766,35.560001373291016,36.18000030517578,32.85086441040039,39408933
19/12/2023,36.27999877929688,36.43999862670898,35.02000045776367,36.31999969482422,32.97798156738281,33247533
20/12/2023,37.0,37.900001525878906,36.7400016784668,37.20000076293945,33.77701187133789,50633518
21/12/2023,37.18000030517578,37.20000076293945,35.84000015258789,36.86000061035156,33.468292236328125,31655062
22/12/2023,36.91999816894531,37.13999938964844,35.65999984741211,35.720001220703125,32.43319320678711,24714800
25/12/2023,35.5,35.52000045776367,33.81999969482422,33.939998626708984,30.81698036193848,16174358
26/12/2023,34.29999923706055,34.720001220703125,33.63999938964844,34.13999938964844,30.99857711791992,18867379
27/12/2023,33.900001525878906,34.36000061035156,33.47999954223633,33.70000076293945,30.599063873291016,25681902
28/12/2023,34.099998474121094,34.52000045776367,33.959999084472656,34.20000076293945,31.05306053161621,17351810
29/12/2023,34.2599983215332,34.599998474121094,33.959999084472656,34.0,30.871461868286133,15936124
02/01/2024,34.279998779296875,34.31999969482422,33.91999816894531,34.099998474121094,30.962255477905277,21211911
03/01/2024,33.79999923706055,34.220001220703125,32.84000015258789,32.84000015258789,30.26192283630371,22776235
04/01/2024,32.81999969482422,33.29999923706055,32.41999816894531,33.29999923706055,30.68580818176269,19859462
05/01/2024,33.29999923706055,33.459999084472656,32.84000015258789,33.279998779296875,30.667377471923828,13633972
08/01/2024,33.439998626708984,33.97999954223633,33.439998626708984,33.81999969482422,31.164987564086918,21147386
09/01/2024,33.97999954223633,34.47999954223633,33.380001068115234,33.68000030517578,31.03597450256348,22086679
10/01/2024,33.70000076293945,35.58000183105469,33.599998474121094,35.36000061035156,32.58408737182617,30866587
11/01/2024,35.439998626708984,36.08000183105469,34.81999969482422,35.2599983215332,32.49193572998047,23764702
12/01/2024,34.900001525878906,35.400001525878906,34.29999923706055,34.97999954223633,32.233917236328125,23906364
15/01/2024,35.099998474121094,35.34000015258789,34.560001373291016,34.81999969482422,32.08647918701172,18467923
16/01/2024,35.20000076293945,35.52000045776367,34.880001068115234,35.040000915527344,32.289215087890625,18468476
17/01/2024,34.79999923706055,35.02000045776367,34.540000915527344,34.79999923706055,32.068050384521484,15841315
18/01/2024,35.02000045776367,35.18000030517578,34.720001220703125,34.86000061035156,32.12334442138672,19299131
19/01/2024,34.97999954223633,35.040000915527344,34.29999923706055,34.380001068115234,31.6810245513916,13700514
22/01/2024,34.36000061035156,34.7400016784668,33.959999084472656,34.31999969482422,31.625732421875,16662110
23/01/2024,34.58000183105469,34.97999954223633,34.040000915527344,34.08000183105469,31.404577255249023,20165762
24/01/2024,34.13999938964844,35.18000030517578,33.84000015258789,35.13999938964844,32.38136291503906,23526083
25/01/2024,35.279998779296875,35.81999969482422,35.060001373291016,35.34000015258789,32.5656623840332,23527795
26/01/2024,35.400001525878906,36.560001373291016,35.220001220703125,36.41999816894531,33.560874938964844,26483292
29/01/2024,36.5,37.060001373291016,36.34000015258789,36.79999923706055,33.911041259765625,27602648
30/01/2024,36.959999084472656,36.959999084472656,36.060001373291016,36.20000076293945,33.35814666748047,18192385
31/01/2024,36.220001220703125,37.720001220703125,36.119998931884766,37.2599983215332,34.334930419921875,42689950
01/02/2024,37.31999969482422,39.7599983215332,37.31999969482422,38.65999984741211,35.62502670288086,45828498
02/02/2024,38.720001220703125,39.68000030517578,38.27999877929688,39.08000183105469,36.012054443359375,28782960
05/02/2024,38.91999816894531,39.52000045776367,38.459999084472656,38.68000030517578,35.643455505371094,25636172
06/02/2024,38.900001525878906,39.47999954223633,38.77999877929688,38.900001525878906,35.846187591552734,31073674
07/02/2024,39.08000183105469,40.02000045776367,38.84000015258789,39.400001525878906,36.30693435668945,48476259
08/02/2024,39.5,40.13999938964844,39.27999877929688,39.400001525878906,36.30693435668945,24848290
09/02/2024,39.560001373291016,40.41999816894531,39.119998931884766,39.5,36.39908218383789,38454746
12/02/2024,39.93999862670898,40.58000183105469,39.5,40.18000030517578,37.02569580078125,40520807
13/02/2024,40.2599983215332,40.41999816894531,39.08000183105469,39.08000183105469,36.012054443359375,25145201
14/02/2024,39.119998931884766,40.18000030517578,38.77999877929688,39.97999954223633,36.841400146484375,26204113
15/02/2024,40.02000045776367,40.65999984741211,39.97999954223633,40.15999984741211,37.007266998291016,29204771
16/02/2024,40.31999969482422,41.43999862670898,40.220001220703125,40.220001220703125,37.06255722045898,38473222
19/02/2024,40.47999954223633,41.02000045776367,39.7599983215332,39.880001068115234,36.74925231933594,33219588
20/02/2024,40.040000915527344,40.5,39.7599983215332,40.34000015258789,37.17313766479492,20547721
21/02/2024,40.5,40.79999923706055,39.18000030517578,39.560001373291016,36.454376220703125,21491457
22/02/2024,39.65999984741211,40.0,39.41999816894531,39.84000015258789,36.7123908996582,14147933
23/02/2024,39.91999816894531,41.13999938964844,39.79999923706055,40.959999084472656,37.74446105957031,32742929
26/02/2024,41.31999969482422,41.43999862670898,39.84000015258789,40.060001373291016,36.91511917114258,21772568
27/02/2024,39.97999954223633,40.060001373291016,38.08000183105469,38.08000183105469,35.09056091308594,24364116
28/02/2024,37.97999954223633,38.36000061035156,37.20000076293945,37.20000076293945,34.27964401245117,28304464
29/02/2024,37.47999954223633,38.15999984741211,37.27999877929688,37.79999923706055,34.83253860473633,20497298
01/03/2024,37.93999862670898,38.2400016784668,37.09999847412109,37.18000030517578,34.26121139526367,14935887
04/03/2024,37.41999816894531,38.43999862670898,37.060001373291016,37.13999938964844,34.22434997558594,28225984
05/03/2024,37.2599983215332,38.040000915527344,37.13999938964844,37.70000076293945,34.740386962890625,24187949
06/03/2024,37.68000030517578,38.5,37.52000045776367,38.119998931884766,35.127418518066406,25071154
07/03/2024,39.47999954223633,39.59999847412109,38.2400016784668,38.400001525878906,35.38543701171875,42844663
08/03/2024,38.59999847412109,38.720001220703125,38.060001373291016,38.060001373291016,35.0721321105957,31346209
11/03/2024,38.5,38.619998931884766,37.13999938964844,37.29999923706055,34.371788024902344,24065515
12/03/2024,37.34000015258789,37.560001373291016,36.220001220703125,36.400001525878906,33.54244613647461,19706151
13/03/2024,36.459999084472656,36.65999984741211,35.939998626708984,35.939998626708984,33.118553161621094,16426054
14/03/2024,36.02000045776367,36.540000915527344,35.959999084472656,36.20000076293945,33.35814666748047,16048639
15/03/2024,36.2400016784668,36.79999923706055,36.119998931884766,36.20000076293945,33.35814666748047,20440316
18/03/2024,36.2400016784668,37.060001373291016,36.2400016784668,36.400001525878906,33.54244613647461,16160130
19/03/2024,36.36000061035156,36.560001373291016,36.040000915527344,36.18000030517578,33.339717864990234,15759172
20/03/2024,36.220001220703125,36.36000061035156,35.459999084472656,35.47999954223633,32.694671630859375,18982518
21/03/2024,35.779998779296875,35.86000061035156,35.2400016784668,35.34000015258789,32.5656623840332,23082844
22/03/2024,35.459999084472656,36.220001220703125,35.380001068115234,35.720001220703125,32.915828704833984,29250546
25/03/2024,35.47999954223633,35.959999084472656,34.7400016784668,34.79999923706055,32.068050384521484,28935873
26/03/2024,34.81999969482422,34.86000061035156,33.70000076293945,33.70000076293945,31.054407119750977,22748506
27/03/2024,34.02000045776367,34.86000061035156,33.900001525878906,34.540000915527344,31.828466415405277,18830490
28/03/2024,34.58000183105469,35.099998474121094,34.29999923706055,34.439998626708984,31.736312866210938,20098261
29/03/2024,34.619998931884766,34.91999816894531,34.34000015258789,34.79999923706055,32.068050384521484,16555088
01/04/2024,34.91999816894531,34.939998626708984,33.880001068115234,34.18000030517578,31.496726989746094,18454792
02/04/2024,34.34000015258789,34.84000015258789,33.79999923706055,34.02000045776367,31.349285125732425,20158751
03/04/2024,33.91999816894531,34.040000915527344,33.41999816894531,33.41999816894531,30.79638671875,13586294
04/04/2024,33.5,35.13999938964844,33.5,34.91999816894531,32.17863082885742,18160351
05/04/2024,35.36000061035156,36.59999847412109,34.81999969482422,36.59999847412109,33.72674560546875,22607847
08/04/2024,36.68000030517578,37.27999877929688,36.380001068115234,36.84000015258789,33.94790267944336,15952807
15/04/2024,36.47999954223633,36.880001068115234,35.599998474121094,35.70000076293945,32.89739990234375,17278368
16/04/2024,35.400001525878906,35.81999969482422,35.2599983215332,35.29999923706055,32.52880096435547,16050361
17/04/2024,35.63999938964844,35.81999969482422,34.84000015258789,34.900001525878906,32.16020584106445,14627333
18/04/2024,34.900001525878906,35.279998779296875,34.31999969482422,34.540000915527344,31.828466415405277,15852694
19/04/2024,34.41999816894531,35.70000076293945,34.040000915527344,35.599998474121094,32.80524826049805,16262130
22/04/2024,36.0,36.36000061035156,35.79999923706055,36.13999938964844,33.302852630615234,20990054
24/04/2024,36.43999862670898,36.52000045776367,35.779998779296875,36.15999984741211,33.321285247802734,14898593
25/04/2024,37.13999938964844,37.27999877929688,36.720001220703125,37.040000915527344,34.132205963134766,27523916
26/04/2024,37.18000030517578,39.220001220703125,37.119998931884766,38.900001525878906,35.846187591552734,30939435
29/04/2024,39.08000183105469,39.400001525878906,38.41999816894531,39.09999847412109,36.03048706054688,19976446
30/04/2024,39.09999847412109,39.09999847412109,37.70000076293945,38.400001525878906,35.38543701171875,24526646
02/05/2024,38.619998931884766,38.91999816894531,38.34000015258789,38.59999847412109,35.569732666015625,16424957
03/05/2024,38.59999847412109,38.7599983215332,37.81999969482422,38.13999938964844,35.14584732055664,14034139
06/05/2024,38.13999938964844,38.959999084472656,37.959999084472656,38.79999923706055,35.7540397644043,14645943
07/05/2024,38.7599983215332,39.040000915527344,38.060001373291016,38.43999862670898,35.42229080200195,17969272
08/05/2024,38.59999847412109,39.47999954223633,38.59999847412109,39.2400016784668,36.15949249267578,28735385
09/05/2024,39.2400016784668,39.47999954223633,38.79999923706055,39.15999984741211,36.08577728271485,14344537
10/05/2024,39.2599983215332,40.060001373291016,39.08000183105469,39.619998931884766,36.50965881347656,18864208
13/05/2024,39.63999938964844,39.63999938964844,38.5,38.560001373291016,35.53287887573242,25144767
14/05/2024,37.29999923706055,37.5,36.060001373291016,36.20000076293945,34.47574615478516,28960917
15/05/2024,36.34000015258789,36.47999954223633,36.040000915527344,36.220001220703125,34.49479293823242,15089955
16/05/2024,36.400001525878906,36.880001068115234,36.13999938964844,36.880001068115234,35.12335968017578,10629710
17/05/2024,37.02000045776367,37.900001525878906,36.93999862670898,37.900001525878906,36.09477233886719,11968866
20/05/2024,37.880001068115234,38.2599983215332,37.63999938964844,37.900001525878906,36.09477233886719,16423019
21/05/2024,38.0,38.720001220703125,37.84000015258789,38.47999954223633,36.64714431762695,27409408
22/05/2024,38.70000076293945,39.97999954223633,38.5,39.68000030517578,37.78998947143555,22556891
23/05/2024,39.68000030517578,41.70000076293945,39.52000045776367,40.84000015258789,38.89473724365234,30161773
24/05/2024,40.43999862670898,40.93999862670898,39.5,39.63999938964844,37.75189208984375,14211712
27/05/2024,39.720001220703125,40.619998931884766,39.34000015258789,40.2400016784668,38.32331848144531,15484667
28/05/2024,40.400001525878906,40.619998931884766,39.5,40.119998931884766,38.20903015136719,11439964
29/05/2024,42.380001068115234,42.459999084472656,40.459999084472656,40.59999847412109,38.66616821289063,31624773
30/05/2024,40.34000015258789,41.18000030517578,40.060001373291016,40.7400016784668,38.799503326416016,19172102
31/05/2024,40.7400016784668,41.59999847412109,40.2599983215332,41.58000183105469,39.59949493408203,27751654
03/06/2024,41.720001220703125,42.2599983215332,41.15999984741211,42.08000183105469,40.07567596435547,22478131
04/06/2024,42.040000915527344,42.13999938964844,40.70000076293945,40.880001068115234,38.93283081054688,18387711
05/06/2024,40.91999816894531,41.63999938964844,40.29999923706055,41.2599983215332,39.29473114013672,17517678
06/06/2024,41.31999969482422,41.77999877929688,41.060001373291016,41.060001373291016,39.1042594909668,12495575
07/06/2024,41.2400016784668,41.81999969482422,40.63999938964844,40.81999969482422,38.87569046020508,14955386
10/06/2024,40.400001525878906,40.84000015258789,40.040000915527344,40.13999938964844,38.22808074951172,8715101
11/06/2024,40.09999847412109,40.43999862670898,39.77999877929688,39.86000061035156,37.96141815185547,12131807
12/06/2024,39.81999969482422,40.34000015258789,39.68000030517578,40.040000915527344,38.132843017578125,10412836
13/06/2024,40.43999862670898,42.27999877929688,40.380001068115234,42.09999847412109,40.09471893310547,23801393
14/06/2024,42.13999938964844,42.459999084472656,41.7599983215332,42.0,39.99948501586914,15865984
20/06/2024,42.400001525878906,42.7400016784668,41.459999084472656,42.27999877929688,40.26614761352539,19428531
21/06/2024,42.36000061035156,42.959999084472656,41.619998931884766,41.619998931884766,39.6375846862793,18232050
24/06/2024,41.619998931884766,42.59999847412109,41.540000915527344,42.31999969482422,40.30424499511719,19256876
25/06/2024,42.27999877929688,42.81999969482422,41.720001220703125,41.7599983215332,39.77091217041016,15801805
26/06/2024,41.720001220703125,41.900001525878906,41.2599983215332,41.43999862670898,39.46615982055664,12178387
27/06/2024,41.63999938964844,41.70000076293945,40.77999877929688,41.2400016784668,39.27568817138672,17645624
28/06/2024,41.5,41.7599983215332,41.0,41.15999984741211,39.199493408203125,23361835
01/07/2024,41.400001525878906,41.7599983215332,39.31999969482422,39.59999847412109,37.71379852294922,18415158
02/07/2024,39.540000915527344,40.5,39.29999923706055,40.47999954223633,38.551883697509766,13626296
03/07/2024,40.43999862670898,40.720001220703125,39.93999862670898,40.619998931884766,38.68521499633789,12926674
04/07/2024,40.619998931884766,41.900001525878906,40.619998931884766,41.7599983215332,39.77091217041016,18743612
05/07/2024,42.0,42.2400016784668,41.31999969482422,41.59999847412109,39.61853790283203,26735556
08/07/2024,41.81999969482422,42.18000030517578,40.59999847412109,40.59999847412109,38.66616821289063,21357222
09/07/2024,40.7400016784668,41.040000915527344,40.09999847412109,40.20000076293945,38.28522109985352,17757714
10/07/2024,40.20000076293945,41.0,40.0,40.70000076293945,38.76140975952149,17027986
11/07/2024,40.97999954223633,41.619998931884766,40.79999923706055,41.41999816894531,39.44710922241211,15369267
12/07/2024,41.5,42.400001525878906,41.380001068115234,42.13999938964844,40.13281631469727,20659651
16/07/2024,42.880001068115234,43.720001220703125,42.70000076293945,43.31999969482422,41.256614685058594,25644643
17/07/2024,43.41999816894531,43.619998931884766,43.0,43.20000076293945,41.14233016967773,16268864
18/07/2024,43.34000015258789,43.58000183105469,42.79999923706055,42.900001525878906,40.85661697387695,15575905
19/07/2024,42.880001068115234,43.880001068115234,42.5,43.7400016784668,41.65660858154297,20976571
22/07/2024,43.880001068115234,44.5,43.70000076293945,44.13999938964844,42.03755569458008,14442052
23/07/2024,44.2400016784668,44.27999877929688,43.09999847412109,43.619998931884766,41.54232025146485,14161429
24/07/2024,43.52000045776367,47.0,43.52000045776367,45.52000045776367,43.35182189941406,53496543
25/07/2024,45.540000915527344,46.91999816894531,45.36000061035156,46.65999984741211,44.43751907348633,22298055
26/07/2024,46.900001525878906,47.02000045776367,45.400001525878906,45.7400016784668,43.56134414672852,14925820
29/07/2024,45.7400016784668,46.86000061035156,45.5,46.7599983215332,44.53275680541992,19160653
30/07/2024,46.97999954223633,47.27999877929688,45.86000061035156,46.77999877929688,44.55180358886719,18653228
31/07/2024,47.08000183105469,47.36000061035156,46.31999969482422,46.619998931884766,44.3994255065918,16580110
01/08/2024,46.91999816894531,47.7599983215332,46.880001068115234,47.63999938964844,45.37084197998047,13035896
02/08/2024,46.70000076293945,47.2599983215332,45.86000061035156,46.36000061035156,44.15181350708008,15334485
05/08/2024,44.7599983215332,46.97999954223633,43.040000915527344,45.0,42.856590270996094,34701865
06/08/2024,45.63999938964844,46.65999984741211,44.81999969482422,45.84000015258789,43.65657806396485,21495902
07/08/2024,45.97999954223633,46.900001525878906,45.77999877929688,46.5,44.2851448059082,11167508
08/08/2024,46.29999923706055,46.619998931884766,45.41999816894531,45.70000076293945,43.52325439453125,17552538
09/08/2024,46.0,46.15999984741211,44.27999877929688,44.27999877929688,42.17088317871094,10568241
12/08/2024,44.27999877929688,44.63999938964844,43.65999984741211,44.0,41.90422058105469,13795841
13/08/2024,44.0,44.79999923706055,43.7599983215332,44.77999877929688,42.64706802368164,9524832
14/08/2024,44.97999954223633,45.20000076293945,44.41999816894531,44.63999938964844,42.51373672485352,7072087
15/08/2024,44.70000076293945,45.13999938964844,43.97999954223633,45.09999847412109,42.95182800292969,10006089
16/08/2024,45.36000061035156,45.77999877929688,44.84000015258789,45.0,42.856590270996094,9388264
19/08/2024,45.5,47.79999923706055,45.5,47.5,45.23751068115234,26874108
20/08/2024,47.29999923706055,47.77999877929688,46.7599983215332,46.959999084472656,44.72323226928711,13842149
21/08/2024,46.880001068115234,47.43999862670898,46.2599983215332,46.31999969482422,44.11371612548828,8927854
22/08/2024,46.560001373291016,49.09999847412109,46.560001373291016,48.70000076293945,46.38035583496094,21360287
23/08/2024,48.720001220703125,49.36000061035156,47.040000915527344,47.040000915527344,44.7994270324707,19613331
26/08/2024,47.900001525878906,47.900001525878906,45.63999938964844,45.79999923706055,43.61848449707031,14433605
27/08/2024,45.77999877929688,47.2400016784668,45.41999816894531,47.2400016784668,44.98989868164063,12924129
28/08/2024,47.220001220703125,49.7400016784668,46.91999816894531,49.08000183105469,46.74225616455078,27227874
29/08/2024,49.0,49.63999938964844,48.52000045776367,48.79999923706055,46.47558975219727,12621501
02/09/2024,49.02000045776367,51.29999923706055,48.900001525878906,50.75,48.33271026611328,17834756
03/09/2024,51.20000076293945,51.29999923706055,50.04999923706055,50.70000076293945,48.28509521484375,12076156
04/09/2024,50.04999923706055,50.75,49.13999938964844,50.75,48.33271026611328,11778219
05/09/2024,51.0,51.75,50.5,51.70000076293945,49.23746109008789,10662359
06/09/2024,51.70000076293945,51.70000076293945,50.34999847412109,50.400001525878906,47.99938201904297,6163727
09/09/2024,50.04999923706055,50.54999923706055,48.77999877929688,49.0,46.66606521606445,8791240
10/09/2024,49.20000076293945,49.380001068115234,47.81999969482422,48.31999969482422,46.01845550537109,9491266
11/09/2024,48.18000030517578,48.79999923706055,46.93999862670898,47.0,44.761329650878906,11701309
12/09/2024,47.58000183105469,48.040000915527344,46.68000030517578,47.65999984741211,45.38988876342773,9270310
13/09/2024,47.65999984741211,49.900001525878906,47.380001068115234,49.900001525878906,47.523197174072266,9327028
16/09/2024,49.63999938964844,49.63999938964844,48.02000045776367,48.09999847412109,45.80893325805664,10649021
17/09/2024,48.27999877929688,48.900001525878906,48.119998931884766,48.560001373291016,46.24702453613281,8125065
18/09/2024,48.5,48.720001220703125,47.880001068115234,47.900001525878906,45.61846160888672,8631646
19/09/2024,48.31999969482422,49.13999938964844,48.119998931884766,49.060001373291016,46.72320938110352,10920471
20/09/2024,49.09999847412109,49.20000076293945,47.77999877929688,47.900001525878906,45.61846160888672,10295398
23/09/2024,48.13999938964844,48.34000015258789,46.2599983215332,46.5,44.2851448059082,17888175
24/09/2024,46.63999938964844,47.47999954223633,46.2599983215332,46.58000183105469,44.36133575439453,18229308
25/09/2024,46.63999938964844,47.08000183105469,45.86000061035156,45.959999084472656,43.7708625793457,12398174
26/09/2024,46.119998931884766,46.65999984741211,45.02000045776367,45.02000045776367,42.87563705444336,15887395
27/09/2024,45.09999847412109,45.619998931884766,44.959999084472656,45.31999969482422,43.16134643554688,9175431
30/09/2024,44.84000015258789,45.720001220703125,44.7400016784668,45.29999923706055,43.14230346679688,8624985
01/10/2024,46.0,47.18000030517578,45.2599983215332,46.040000915527344,43.8470573425293,26213517
02/10/2024,45.540000915527344,46.81999969482422,45.540000915527344,46.040000915527344,43.8470573425293,12252716
03/10/2024,46.34000015258789,46.52000045776367,44.77999877929688,45.040000915527344,42.89468383789063,14412915
04/10/2024,45.2400016784668,45.560001373291016,43.97999954223633,45.540000915527344,43.37086868286133,8942635
07/10/2024,45.540000915527344,46.34000015258789,45.15999984741211,45.400001525878906,43.23754119873047,7282214
08/10/2024,45.2599983215332,46.41999816894531,44.41999816894531,45.7400016784668,43.56134414672852,9343048
09/10/2024,45.58000183105469,46.0,44.79999923706055,46.0,43.8089599609375,8844915
10/10/2024,46.0,46.43999862670898,44.41999816894531,44.41999816894531,42.30421447753906,11622452
11/10/2024,44.47999954223633,45.84000015258789,44.400001525878906,44.77999877929688,42.64706802368164,11879419
14/10/2024,44.81999969482422,45.09999847412109,42.59999847412109,42.59999847412109,40.57090377807617,12926367
15/10/2024,42.79999923706055,44.20000076293945,42.619998931884766,44.02000045776367,41.92327117919922,11290405
16/10/2024,43.70000076293945,45.31999969482422,43.59999847412109,44.97999954223633,42.83753967285156,11732949
17/10/2024,44.93999862670898,47.380001068115234,44.93999862670898,46.93999862670898,44.70418548583984,19606930
18/10/2024,47.02000045776367,48.08000183105469,46.86000061035156,47.7400016784668,45.46608352661133,19818003
21/10/2024,47.79999923706055,48.63999938964844,45.79999923706055,45.91999816894531,43.73276519775391,18341961
22/10/2024,46.040000915527344,48.220001220703125,45.79999923706055,48.119998931884766,45.82798004150391,18730289
23/10/2024,48.20000076293945,48.380001068115234,46.59999847412109,47.13999938964844,44.89466094970703,10950514
24/10/2024,47.619998931884766,48.27999877929688,47.400001525878906,48.27999877929688,45.98036193847656,12195903
25/10/2024,48.36000061035156,48.5,47.47999954223633,47.880001068115234,45.59941482543945,7587216
28/10/2024,47.77999877929688,48.09999847412109,47.65999984741211,47.91999816894531,45.63750457763672,2560589
30/10/2024,47.959999084472656,48.5,47.7599983215332,48.220001220703125,45.9232177734375,15590998
31/10/2024,48.2599983215332,48.68000030517578,47.040000915527344,47.08000183105469,44.837520599365234,10298444
01/11/2024,47.13999938964844,48.97999954223633,47.13999938964844,48.7400016784668,46.418453216552734,13631622
04/11/2024,48.65999984741211,48.97999954223633,47.5,47.79999923706055,45.523223876953125,12810676
05/11/2024,48.0,48.70000076293945,47.47999954223633,47.7599983215332,45.48512649536133,12502339
06/11/2024,48.47999954223633,52.400001525878906,48.380001068115234,51.95000076293945,49.47555541992188,40260104
07/11/2024,52.25,52.95000076293945,50.70000076293945,51.84999847412109,49.380313873291016,19303956
08/11/2024,52.20000076293945,54.400001525878906,51.95000076293945,53.650001525878906,51.09458160400391,20398159
11/11/2024,53.75,53.95000076293945,51.75,52.04999923706055,49.57078552246094,16198019
12/11/2024,52.04999923706055,55.09999847412109,52.04999923706055,55.0,52.38027572631836,24807747
13/11/2024,54.84999847412109,55.75,53.95000076293945,54.54999923706055,51.95170974731445,29278563
14/11/2024,55.0,56.150001525878906,54.45000076293945,54.900001525878906,52.285037994384766,14947354
15/11/2024,55.150001525878906,55.400001525878906,53.75,53.75,51.18981552124024,9889110
18/11/2024,53.25,53.400001525878906,51.95000076293945,52.79999923706055,50.285064697265625,12407933
19/11/2024,53.09999847412109,53.84999847412109,50.45000076293945,51.150001525878906,48.713661193847656,15828235
20/11/2024,52.54999923706055,52.650001525878906,48.900001525878906,48.959999084472656,46.627967834472656,17003923
21/11/2024,48.81999969482422,50.25,48.63999938964844,50.04999923706055,47.666053771972656,16001704
22/11/2024,50.09999847412109,51.34999847412109,49.59999847412109,51.29999923706055,48.85651397705078,14061199
25/11/2024,51.54999923706055,52.5,51.400001525878906,51.900001525878906,49.42793655395508,9312733
26/11/2024,51.900001525878906,51.900001525878906,50.25,50.5,48.0946159362793,9218932
27/11/2024,50.95000076293945,51.79999923706055,49.97999954223633,51.20000076293945,48.76128005981445,13537749
28/11/2024,51.29999923706055,52.29999923706055,51.25,51.650001525878906,49.18984222412109,10514581
29/11/2024,51.75,52.75,51.0,52.45000076293945,49.95173645019531,12633529
02/12/2024,55.0,55.09999847412109,52.59999847412109,52.59999847412109,50.09458923339844,15294588
03/12/2024,52.75,54.09999847412109,52.75,53.45000076293945,50.90410614013672,12535463
04/12/2024,53.70000076293945,54.0,52.95000076293945,53.29999923706055,50.76124954223633,7639835
05/12/2024,53.45000076293945,53.75,53.04999923706055,53.59999847412109,51.04695892333984,6265449
06/12/2024,53.900001525878906,54.0,53.29999923706055,53.650001525878906,51.09458160400391,7466198
09/12/2024,54.54999923706055,57.20000076293945,54.5,56.20000076293945,53.52312088012695,27502155
10/12/2024,55.84999847412109,56.54999923706055,53.400001525878906,53.54999923706055,50.99934387207031,13017613
11/12/2024,53.70000076293945,54.20000076293945,52.900001525878906,53.25,50.71363067626953,12719707
12/12/2024,53.45000076293945,54.29999923706055,52.5,52.95000076293945,50.427921295166016,8332927
13/12/2024,52.84999847412109,53.75,51.95000076293945,53.75,51.18981552124024,8705235
16/12/2024,53.900001525878906,54.25,53.09999847412109,53.29999923706055,50.76124954223633,6384187
17/12/2024,53.34999847412109,55.20000076293945,53.0,54.650001525878906,52.04695129394531,16561700
18/12/2024,55.0,55.20000076293945,53.59999847412109,54.20000076293945,51.61838150024414,11126895
19/12/2024,53.59999847412109,53.79999923706055,52.04999923706055,52.5,49.99935531616211,10158394
20/12/2024,52.5,52.75,50.79999923706055,50.84999847412109,48.42794799804688,9243259
23/12/2024,51.09999847412109,51.5,50.400001525878906,51.09999847412109,48.6660385131836,8125187
24/12/2024,51.29999923706055,51.400001525878906,50.45000076293945,51.09999847412109,48.6660385131836,6304009
25/12/2024,51.59999847412109,52.09999847412109,51.400001525878906,51.45000076293945,48.99936676025391,5613868
26/12/2024,51.70000076293945,52.150001525878906,51.0,51.400001525878906,48.95175552368164,9350896
27/12/2024,51.54999923706055,52.79999923706055,51.400001525878906,52.34999847412109,49.85649871826172,9471881
30/12/2024,52.59999847412109,52.650001525878906,50.150001525878906,50.34999847412109,47.951759338378906,11038353
31/12/2024,49.0,49.63999938964844,47.93999862670898,48.59999847412109,46.28511428833008,20157072
02/01/2025,49.08000183105469,50.04999923706055,48.63999938964844,49.84000015258789,47.46605682373047,15290149
03/01/2025,49.84000015258789,50.75,49.400001525878906,50.650001525878906,48.23747634887695,13549888
06/01/2025,50.79999923706055,51.25,50.09999847412109,50.150001525878906,47.76129150390625,8707666
07/01/2025,50.150001525878906,50.54999923706055,49.77999877929688,49.900001525878906,47.523197174072266,10479045
08/01/2025,49.77999877929688,49.81999969482422,48.59999847412109,48.68000030517578,46.36130905151367,11024378
09/01/2025,48.84000015258789,49.68000030517578,48.560001373291016,49.52000045776367,47.16130065917969,10439881
10/01/2025,49.58000183105469,49.79999923706055,48.58000183105469,48.880001068115234,46.55178451538086,13577543
13/01/2025,48.720001220703125,48.900001525878906,47.619998931884766,47.880001068115234,45.59941482543945,8840245
14/01/2025,48.119998931884766,49.2400016784668,47.91999816894531,48.93999862670898,46.608924865722656,13889096
15/01/2025,49.040000915527344,50.45000076293945,48.52000045776367,48.93999862670898,46.608924865722656,29343837
16/01/2025,49.41999816894531,50.54999923706055,49.0,50.5,48.0946159362793,26507190
17/01/2025,50.54999923706055,50.900001525878906,49.93999862670898,50.45000076293945,48.047000885009766,12217034
20/01/2025,50.70000076293945,51.5,50.34999847412109,51.34999847412109,48.90412902832031,15843707
21/01/2025,51.09999847412109,51.34999847412109,50.09999847412109,50.25,47.85652923583984,12951823
22/01/2025,50.29999923706055,50.54999923706055,49.84000015258789,50.25,47.85652923583984,9676290
23/01/2025,50.45000076293945,51.20000076293945,50.29999923706055,50.59999847412109,48.18985366821289,10549377
24/01/2025,50.79999923706055,51.54999923706055,50.79999923706055,50.95000076293945,48.52318572998047,15082801
27/01/2025,50.34999847412109,50.5,49.720001220703125,50.09999847412109,47.71366882324219,12495947
28/01/2025,50.25,50.29999923706055,48.65999984741211,48.70000076293945,46.38035583496094,20419821
29/01/2025,48.91999816894531,49.09999847412109,48.15999984741211,48.27999877929688,45.98036193847656,15392110
30/01/2025,48.41999816894531,49.560001373291016,48.2400016784668,49.0,46.66606521606445,16239029
31/01/2025,49.040000915527344,49.2400016784668,48.119998931884766,48.70000076293945,46.38035583496094,10191538
03/02/2025,48.43999862670898,48.43999862670898,46.7599983215332,46.79999923706055,44.57085418701172,12083584
04/02/2025,46.97999954223633,48.040000915527344,46.52000045776367,47.720001220703125,45.4470329284668,12030206
05/02/2025,47.77999877929688,48.43999862670898,46.560001373291016,47.27999877929688,45.02799224853516,14858216
06/02/2025,47.720001220703125,48.400001525878906,47.58000183105469,48.20000076293945,45.90417098999024,13121875
07/02/2025,48.31999969482422,49.380001068115234,48.0,49.36000061035156,47.008914947509766,13615530
10/02/2025,49.86000061035156,50.09999847412109,48.68000030517578,48.880001068115234,46.55178451538086,13919978
11/02/2025,48.880001068115234,50.54999923706055,48.7400016784668,50.45000076293945,48.047000885009766,19406819
12/02/2025,50.54999923706055,52.70000076293945,50.54999923706055,51.45000076293945,48.99936676025391,27816329
13/02/2025,53.54999923706055,53.95000076293945,51.34999847412109,52.20000076293945,49.71364974975586,36279205
14/02/2025,52.25,53.5,52.04999923706055,52.34999847412109,49.85649871826172,19722436
17/02/2025,52.34999847412109,52.45000076293945,51.34999847412109,51.79999923706055,49.33269882202149,11034829
18/02/2025,51.79999923706055,54.20000076293945,51.54999923706055,53.5,50.95172500610352,21180467
19/02/2025,53.5,54.04999923706055,51.5,51.59999847412109,49.1422233581543,14628887
20/02/2025,51.79999923706055,52.650001525878906,51.54999923706055,52.150001525878906,49.6660270690918,10895120
21/02/2025,51.95000076293945,52.400001525878906,49.36000061035156,49.77999877929688,47.408912658691406,11947901
24/02/2025,50.400001525878906,51.0,49.29999923706055,49.86000061035156,47.485107421875,8466709
25/02/2025,49.93999862670898,50.09999847412109,47.79999923706055,47.91999816894531,45.63750457763672,12329088
26/02/2025,47.880001068115234,49.2400016784668,47.59999847412109,48.59999847412109,46.28511428833008,15928890
27/02/2025,48.5,49.58000183105469,48.380001068115234,49.27999877929688,46.9327278137207,15446782
28/02/2025,49.02000045776367,49.2599983215332,48.13999938964844,48.58000183105469,46.26607131958008,17224452
03/03/2025,48.619998931884766,49.220001220703125,47.65999984741211,48.31999969482422,46.01845550537109,25081241
04/03/2025,48.400001525878906,48.7599983215332,47.97999954223633,48.34000015258789,46.03750228881836,19209457
05/03/2025,49.31999969482422,50.79999923706055,49.31999969482422,50.79999923706055,48.38032913208008,24944496
06/03/2025,53.95000076293945,53.95000076293945,52.09999847412109,53.5,50.95172500610352,32856374
07/03/2025,53.5,54.95000076293945,52.75,54.70000076293945,52.09457015991211,22446870
10/03/2025,54.75,55.150001525878906,53.5,53.84999847412109,51.28505325317383,21285362
11/03/2025,54.20000076293945,55.95000076293945,54.04999923706055,55.25,52.61837387084961,20629311
12/03/2025,57.0,57.29999923706055,54.59999847412109,54.95000076293945,52.33266067504883,33968919
13/03/2025,55.0,56.95000076293945,54.84999847412109,56.20000076293945,53.52312088012695,27271193
14/03/2025,56.5,58.34999847412109,55.70000076293945,57.5,54.76119995117188,33745450
17/03/2025,58.0,58.79999923706055,57.34999847412109,58.45000076293945,55.66595077514648,25796309
18/03/2025,58.09999847412109,61.54999923706055,58.0,61.09999847412109,58.18972396850586,39498956
19/03/2025,56.900001525878906,63.70000076293945,56.900001525878906,58.59999847412109,55.80880355834961,62860994
20/03/2025,59.84999847412109,61.5,59.59999847412109,60.84999847412109,57.95163345336914,47394866
21/03/2025,60.5,61.400001525878906,56.70000076293945,59.45000076293945,56.61831665039063,81567616
24/03/2025,60.5,62.54999923706055,57.5,59.70000076293945,56.85641098022461,45907794
25/03/2025,60.650001525878906,62.29999923706055,58.75,61.70000076293945,58.76114654541016,37424859
26/03/2025,61.59999847412109,65.55000305175781,61.09999847412109,64.1500015258789,61.09445190429688,35758368
27/03/2025,64.9000015258789,67.19999694824219,62.150001525878906,63.04999923706055,60.04684448242188,33511576
28/03/2025,62.900001525878906,63.900001525878906,61.70000076293945,63.650001525878906,60.61826705932617,17232393
02/04/2025,63.54999923706055,65.19999694824219,60.70000076293945,60.70000076293945,57.80877685546875,24987352
03/04/2025,60.75,63.59999847412109,60.75,62.70000076293945,59.71352005004883,20647183
04/04/2025,62.70000076293945,62.79999923706055,59.54999923706055,59.59999847412109,56.761173248291016,19061676
07/04/2025,57.650001525878906,60.75,57.5,60.0,57.142120361328125,24805404
08/04/2025,60.900001525878906,61.29999923706055,59.04999923706055,59.400001525878906,56.57070159912109,16069833
09/04/2025,59.29999923706055,62.0,59.20000076293945,61.20000076293945,58.28496551513672,26386541
10/04/2025,63.34999847412109,63.400001525878906,61.45000076293945,62.650001525878906,59.66590118408203,16897828
11/04/2025,62.5,65.05000305175781,62.150001525878906,64.5999984741211,61.52301406860352,20486676
14/04/2025,65.0999984741211,65.4000015258789,63.79999923706055,63.84999847412109,60.808738708496094,10549309
15/04/2025,63.84999847412109,64.94999694824219,63.650001525878906,64.0,60.95159530639648,11112873
16/04/2025,61.95000076293945,62.95000076293945,60.29999923706055,61.900001525878906,60.85328674316406,11870446
17/04/2025,61.79999923706055,64.05000305175781,59.79999923706055,60.75,59.72273254394531,18683991
18/04/2025,61.29999923706055,61.29999923706055,59.54999923706055,59.900001525878906,58.88710784912109,7180986
21/04/2025,60.0,60.84999847412109,59.0,59.84999847412109,58.83795166015625,9519789
22/04/2025,61.150001525878906,61.59999847412109,60.25,61.400001525878906,60.36174392700195,10007398
24/04/2025,61.900001525878906,65.5999984741211,61.900001525878906,64.75,63.65509796142578,23877485
25/04/2025,64.44999694824219,64.75,61.0,61.0,59.968505859375,15424695
28/04/2025,61.45000076293945,64.80000305175781,60.900001525878906,64.19999694824219,63.1143913269043,18809838
29/04/2025,64.0,64.55000305175781,63.29999923706055,63.650001525878906,62.57369613647461,9138796
30/04/2025,64.0999984741211,65.44999694824219,62.45000076293945,64.0,62.91777801513672,14589279
02/05/2025,64.0,65.0999984741211,62.0,62.70000076293945,61.6397590637207,12388035
05/05/2025,63.59999847412109,64.94999694824219,63.29999923706055,63.75,62.67200469970703,8930735
06/05/2025,63.34999847412109,64.80000305175781,63.29999923706055,64.0,62.91777801513672,12742309
07/05/2025,63.75,64.30000305175781,61.54999923706055,61.95000076293945,60.902442932128906,11306436
08/05/2025,62.5,62.900001525878906,61.29999923706055,62.29999923706055,61.24652099609375,4850465
09/05/2025,64.6500015258789,69.3499984741211,64.0999984741211,68.05000305175781,66.8992919921875,24818564
12/05/2025,71.0,74.8499984741211,69.55000305175781,74.8499984741211,73.58430480957031,33645545
13/05/2025,75.05000305175781,75.44999694824219,69.0,69.0,67.8332290649414,35915273
14/05/2025,69.0,71.0999984741211,67.5,68.0,66.85014343261719,35011030
15/05/2025,67.8499984741211,68.0,64.5999984741211,66.19999694824219,65.08056640625,25142070
16/05/2025,66.19999694824219,66.69999694824219,64.5999984741211,65.05000305175781,63.95002746582031,16837196
20/05/2025,66.19999694824219,66.5,63.95000076293945,64.1500015258789,63.06523895263672,18799417
21/05/2025,63.79999923706055,66.0,63.70000076293945,64.55000305175781,63.45847702026367,17056032
22/05/2025,65.0,65.05000305175781,62.34999847412109,62.59999847412109,61.541446685791016,19628402
23/05/2025,62.34999847412109,64.3499984741211,61.84999847412109,62.20000076293945,61.14821243286133,19995688
26/05/2025,63.84999847412109,64.5999984741211,63.34999847412109,63.54999923706055,62.47538375854492,16486732
27/05/2025,63.5,63.650001525878906,61.5,61.54999923706055,60.50920486450195,10346987
28/05/2025,61.5,61.95000076293945,60.5,61.29999923706055,60.263431549072266,11474564
29/05/2025,61.75,62.29999923706055,60.75,61.0,59.968505859375,9170190
30/05/2025,60.900001525878906,62.09999847412109,60.29999923706055,60.29999923706055,59.28034210205078,14304126
02/06/2025,59.400001525878906,61.84999847412109,58.5,61.0,59.968505859375,14726356
03/06/2025,61.150001525878906,63.400001525878906,61.150001525878906,62.45000076293945,61.393985748291016,8781046
04/06/2025,62.29999923706055,63.400001525878906,62.09999847412109,63.400001525878906,62.32792282104492,8556317
05/06/2025,63.25,63.650001525878906,62.70000076293945,63.0,61.93468475341797,2864632
10/06/2025,63.25,64.0,62.79999923706055,63.59999847412109,62.524539947509766,8892298
11/06/2025,63.04999923706055,64.75,62.95000076293945,64.30000305175781,63.52901840209961,11563272
12/06/2025,63.0,63.95000076293945,61.650001525878906,62.70000076293945,61.94820022583008,13362937
13/06/2025,60.0,62.54999923706055,59.150001525878906,62.54999923706055,61.79999923706055,12466527
16/06/2025,61.79999923706055,63.45000076293945,61.0,62.29999923706055,61.55299377441406,9874371
17/06/2025,62.45000076293945,64.1500015258789,62.400001525878906,63.75,62.98561096191406,9694538
18/06/2025,63.75,63.79999923706055,61.75,62.25,61.50359725952149,8683677
19/06/2025,62.29999923706055,62.79999923706055,60.79999923706055,60.79999923706055,60.07098007202149,6780320
20/06/2025,61.95000076293945,61.95000076293945,60.34999847412109,60.34999847412109,59.62637710571289,7031624
23/06/2025,60.34999847412109,61.29999923706055,59.900001525878906,60.400001525878906,59.67578125,6971055
24/06/2025,63.0,63.400001525878906,62.25,62.900001525878906,62.14580535888672,10363787
25/06/2025,62.900001525878906,64.05000305175781,62.5,63.0,62.24460220336914,10229477
26/06/2025,63.34999847412109,64.6500015258789,63.25,63.70000076293945,62.93621063232422,10077603
27/06/2025,63.70000076293945,63.79999923706055,61.59999847412109,62.84999847412109,62.09640121459961,11526475
30/06/2025,62.84999847412109,66.44999694824219,62.75,66.44999694824219,65.65323638916016,20869602
01/07/2025,66.8499984741211,68.94999694824219,66.69999694824219,68.4000015258789,67.5798568725586,14459728
02/07/2025,68.25,68.9000015258789,66.30000305175781,66.69999694824219,65.90023803710938,16470270
03/07/2025,67.19999694824219,68.3499984741211,67.1500015258789,67.75,66.9376449584961,10508082
04/07/2025,67.6500015258789,68.5999984741211,66.75,67.69999694824219,66.88824462890625,8047452
07/07/2025,66.5,67.05000305175781,65.3499984741211,66.0,65.20863342285156,7887372
08/07/2025,66.0999984741211,66.44999694824219,64.05000305175781,64.55000305175781,63.77602005004883,9327073
09/07/2025,64.55000305175781,64.75,63.54999923706055,64.05000305175781,63.28201675415039,12917396
10/07/2025,64.55000305175781,65.4000015258789,64.55000305175781,64.9000015258789,64.121826171875,10401425
11/07/2025,65.5,66.0,64.1500015258789,65.05000305175781,64.27002716064453,11544539
14/07/2025,65.25,65.6500015258789,63.20000076293945,64.19999694824219,63.43021011352539,11982358
16/07/2025,64.1500015258789,64.1500015258789,62.09999847412109,63.0,62.24460220336914,10517238
17/07/2025,63.29999923706055,64.4000015258789,62.900001525878906,64.05000305175781,63.28201675415039,10436841
18/07/2025,63.900001525878906,65.6500015258789,63.29999923706055,65.5,64.71463012695312,11058431
21/07/2025,65.55000305175781,68.1500015258789,65.30000305175781,67.30000305175781,66.49304962158203,21294221
22/07/2025,67.4000015258789,68.6500015258789,66.94999694824219,68.05000305175781,67.23405456542969,17693165
23/07/2025,68.3499984741211,70.0,68.30000305175781,68.55000305175781,67.72805786132812,15048819
24/07/2025,68.5999984741211,69.69999694824219,67.55000305175781,68.30000305175781,67.4810562133789,13413471
25/07/2025,68.5,69.44999694824219,67.9000015258789,69.1500015258789,68.32086181640625,9698792
28/07/2025,69.5,69.5999984741211,67.9000015258789,69.19999694824219,68.3702621459961,10257799
29/07/2025,69.4000015258789,69.8499984741211,66.55000305175781,66.55000305175781,65.75203704833984,16707380
30/07/2025,66.05000305175781,69.0999984741211,65.75,68.8499984741211,68.02445983886719,16223940
31/07/2025,69.0,69.94999694824219,68.5999984741211,69.5999984741211,68.76546478271484,7490095
01/08/2025,69.44999694824219,70.5,68.5999984741211,68.9000015258789,68.07386016845703,14857467
04/08/2025,68.9000015258789,70.8499984741211,68.9000015258789,69.9000015258789,69.06187438964844,12716686
05/08/2025,70.0999984741211,71.3499984741211,69.5,69.55000305175781,68.71607208251953,9658505
06/08/2025,69.8499984741211,70.1500015258789,68.6500015258789,69.5999984741211,68.76546478271484,7643864
07/08/2025,69.94999694824219,73.30000305175781,69.9000015258789,72.5999984741211,71.7294921875,17090824
08/08/2025,72.6500015258789,73.05000305175781,71.75,72.6500015258789,71.77890014648438,6275591
11/08/2025,73.6500015258789,74.0,72.30000305175781,72.30000305175781,71.43309783935547,6786273
12/08/2025,72.4000015258789,72.75,71.0,71.44999694824219,70.5932846069336,6044785
13/08/2025,71.80000305175781,73.4000015258789,71.1500015258789,73.25,72.3717041015625,9131792
14/08/2025,73.19999694824219,73.25,70.94999694824219,71.69999694824219,70.84028625488281,9295374
15/08/2025,71.69999694824219,74.30000305175781,71.5999984741211,73.30000305175781,72.42110443115234,13688505
18/08/2025,75.94999694824219,76.0,72.4000015258789,73.4000015258789,72.51990509033203,17074415
19/08/2025,73.69999694824219,74.69999694824219,71.69999694824219,71.69999694824219,70.84028625488281,14946748
20/08/2025,71.9000015258789,73.55000305175781,71.0999984741211,73.1500015258789,72.27290344238281,13613853
21/08/2025,73.55000305175781,74.80000305175781,73.05000305175781,74.0,73.11270904541016,10872596
22/08/2025,73.94999694824219,74.5999984741211,72.5999984741211,73.19999694824219,72.32229614257812,10902545
25/08/2025,73.5,74.75,72.8499984741211,74.0999984741211,73.21150970458984,14781777
26/08/2025,74.0999984741211,74.25,72.94999694824219,73.25,72.3717041015625,9200301
27/08/2025,73.30000305175781,73.5999984741211,71.8499984741211,72.0,71.13668823242188,8649729
28/08/2025,72.1500015258789,72.6500015258789,71.1500015258789,71.94999694824219,71.08728790283203,7590752
29/08/2025,71.94999694824219,73.69999694824219,71.1500015258789,73.1500015258789,72.27290344238281,13912459
01/09/2025,73.3499984741211,73.44999694824219,71.80000305175781,72.94999694824219,72.0752944946289,7639617
02/09/2025,72.9000015258789,73.1500015258789,67.5,68.80000305175781,67.97505950927734,17012980
03/09/2025,68.80000305175781,69.1500015258789,66.3499984741211,68.5,67.67865753173828,15822449
04/09/2025,68.55000305175781,69.44999694824219,67.75,69.0999984741211,68.2714614868164,11186273
05/09/2025,69.44999694824219,71.1500015258789,69.0,69.19999694824219,68.3702621459961,11734003
08/09/2025,67.75,69.0999984741211,67.25,67.8499984741211,67.03644561767578,9730437
09/09/2025,67.9000015258789,68.9000015258789,66.6500015258789,66.80000305175781,65.99903869628906,12081628
10/09/2025,67.0999984741211,67.25,65.55000305175781,66.44999694824219,65.65323638916016,11323309
11/09/2025,66.0999984741211,69.1500015258789,66.0999984741211,66.8499984741211,66.0484390258789,14670354
12/09/2025,67.0999984741211,68.9000015258789,66.69999694824219,68.25,67.43165588378906,11622125
15/09/2025,68.25,75.05000305175781,68.25,74.8499984741211,73.9525146484375,34426448
16/09/2025,75.0,76.0999984741211,73.8499984741211,74.30000305175781,73.40911102294922,24572909
17/09/2025,74.1500015258789,76.4000015258789,73.8499984741211,75.19999694824219,74.2983169555664,21407388
18/09/2025,75.5,77.6500015258789,74.6500015258789,74.94999694824219,74.05131530761719,20764704
19/09/2025,74.94999694824219,76.19999694824219,74.4000015258789,75.9000015258789,74.98992919921875,14941858
22/09/2025,77.5,77.6500015258789,75.25,75.5,74.59471893310547,14771155
23/09/2025,75.19999694824219,76.0999984741211,74.4000015258789,74.94999694824219,74.05131530761719,11483918
24/09/2025,74.94999694824219,76.5,73.4000015258789,75.25,74.34771728515625,16354517
25/09/2025,75.5,76.0999984741211,72.69999694824219,73.69999694824219,72.81629943847656,11133111
26/09/2025,73.6500015258789,74.05000305175781,71.5,71.5,70.64268493652344,12212551
29/09/2025,71.44999694824219,72.05000305175781,70.5,70.55000305175781,69.7040786743164,7961639
30/09/2025,70.9000015258789,71.1500015258789,69.8499984741211,70.4000015258789,69.55587768554688,11235861
01/10/2025,70.4000015258789,72.55000305175781,69.75,71.30000305175781,70.44508361816406,14024406
02/10/2025,71.4000015258789,71.9000015258789,70.55000305175781,70.69999694824219,69.8522720336914,8941465
03/10/2025,71.0999984741211,71.75,69.80000305175781,70.4000015258789,69.55587768554688,11969005
06/10/2025,70.8499984741211,71.30000305175781,67.80000305175781,68.0999984741211,67.283447265625,14527451
07/10/2025,68.19999694824219,69.80000305175781,67.75,69.5,68.66666412353516,14718726
08/10/2025,69.5,70.1500015258789,67.80000305175781,69.44999694824219,69.44999694824219,14479849
09/10/2025,70.19999694824219,70.25,68.0,68.3499984741211,68.3499984741211,9519706
10/10/2025,68.3499984741211,71.0,68.1500015258789,70.0,70.0,15150082
13/10/2025,68.25,70.0999984741211,68.25,69.5999984741211,69.5999984741211,9703641
14/10/2025,69.5999984741211,70.1500015258789,68.5,69.5,69.5,10516468
15/10/2025,69.5,74.0999984741211,68.3499984741211,73.6500015258789,73.6500015258789,21554931
16/10/2025,73.6500015258789,74.19999694824219,70.1500015258789,70.69999694824219,70.69999694824219,16806324
17/10/2025,70.75,71.19999694824219,68.9000015258789,70.5,70.5,13061474
20/10/2025,70.75,72.55000305175781,69.19999694824219,72.1500015258789,72.1500015258789,16627956
21/10/2025,72.5,72.80000305175781,71.19999694824219,71.19999694824219,71.19999694824219,12787428
22/10/2025,71.4000015258789,75.1500015258789,71.0999984741211,74.5999984741211,74.5999984741211,24092709
23/10/2025,74.5999984741211,75.44999694824219,73.9000015258789,74.5,74.5,14400269
24/10/2025,74.8499984741211,77.30000305175781,74.0,75.5,75.5,32004879
27/10/2025,75.5,76.75,75.0,76.0,,15085904
28/10/2025,75.9000015258789,76.6500015258789,75.69999694824219,75.80000305175781,,4548399
29/10/2025,75.80000305175781,75.80000305175781,75.80000305175781,75.80000305175781,,0
30/10/2025,76.1500015258789,78.30000305175781,75.44999694824219,77.25,,15201284
31/10/2025,77.25,78.30000305175781,76.80000305175781,77.69999694824219,,15002835
03/11/2025,77.69999694824219,78.5999984741211,75.69999694824219,76.0,,16739952
04/11/2025,76.0,76.5,75.0999984741211,75.94999694824219,,10587802
05/11/2025,76.0,76.6500015258789,75.30000305175781,75.69999694824219,,9925136
06/11/2025,75.94999694824219,77.9000015258789,75.80000305175781,77.55000305175781,,10983491
07/11/2025,77.55000305175781,78.0,76.5,77.9000015258789,,9311000
10/11/2025,78.0999984741211,78.19999694824219,75.1500015258789,76.25,,13741006
11/11/2025,76.25,77.1500015258789,72.6500015258789,73.5,,14777970
12/11/2025,73.80000305175781,74.6500015258789,72.55000305175781,74.30000305175781,,11235619
13/11/2025,74.30000305175781,74.6500015258789,73.30000305175781,73.80000305175781,,10403012
14/11/2025,73.3499984741211,74.6500015258789,73.0999984741211,74.0,,7789962
17/11/2025,74.3499984741211,75.5,73.55000305175781,73.80000305175781,,11348196
18/11/2025,73.69999694824219,75.0,73.3499984741211,74.5999984741211,,13660300
19/11/2025,75.0,76.6500015258789,74.3499984741211,75.9000015258789,,15876221
20/11/2025,76.25,76.8499984741211,75.30000305175781,76.05000305175781,,9494967
21/11/2025,75.75,76.0999984741211,74.75,76.0,,7712544
24/11/2025,76.3499984741211,79.4000015258789,75.8499984741211,78.19999694824219,,27196252
25/11/2025,78.30000305175781,81.4000015258789,76.5999984741211,77.4000015258789,,30977440
26/11/2025,77.75,78.0999984741211,76.80000305175781,77.1500015258789,,9808770
27/11/2025,77.5999984741211,80.30000305175781,77.44999694824219,79.25,,19267673
28/11/2025,79.4000015258789,80.05000305175781,78.75,79.4000015258789,,7112766
01/12/2025,79.4000015258789,79.80000305175781,78.80000305175781,79.25,,10817031
02/12/2025,79.1500015258789,80.30000305175781,78.3499984741211,79.6500015258789,,13210467
03/12/2025,79.69999694824219,80.94999694824219,78.6500015258789,80.19999694824219,,11093114
04/12/2025,80.3499984741211,81.30000305175781,79.8499984741211,80.05000305175781,,8007813
05/12/2025,80.05000305175781,80.75,78.9000015258789,79.75,,9940665
08/12/2025,80.0,81.6500015258789,80.0,81.0999984741211,,7237607
09/12/2025,81.0999984741211,81.8499984741211,79.9000015258789,81.55000305175781,,7779022
10/12/2025,81.55000305175781,81.69999694824219,80.3499984741211,80.80000305175781,,6072237
11/12/2025,81.0999984741211,81.6500015258789,80.05000305175781,80.05000305175781,,6680666
12/12/2025,80.30000305175781,81.0999984741211,80.05000305175781,80.1500015258789,,5222631
15/12/2025,80.3499984741211,82.25,80.30000305175781,81.25,,10648931
16/12/2025,81.6500015258789,82.05000305175781,80.19999694824219,80.75,,7952796
17/12/2025,80.9000015258789,80.94999694824219,78.9000015258789,80.25,,11031005
18/12/2025,80.25,80.5,78.19999694824219,78.5,,10596009
19/12/2025,78.69999694824219,78.75,77.6500015258789,78.25,,8264597
22/12/2025,75.6994666985156,76.9570965735892,75.6994666985156,76.13479614257812,7051554
23/12/2025,76.13479663559886,76.4250211873312,74.92553997124234,75.50598907470703,6130206
24/12/2025,75.45761585584599,76.13479663559886,74.68368863837105,75.50598907470703,6609930
25/12/2025,75.9413158841076,76.42501853305095,75.60272550599058,75.79620361328125,2698762
26/12/2025,75.79620716115737,76.8603515625,75.07065315378053,76.8603515625,6192261
29/12/2025,78.3598286287516,78.8435312746081,75.40923953674034,75.55435180664062,10186931
30/12/2025,75.55435869853372,76.42502501663888,74.82880466356562,75.94132232666016,6735167
31/12/2025,76.32828044435504,77.82775424660595,76.08642911682585,76.2799072265625,9868545
02/01/2026,76.27990958473583,77.48916625976562,76.08643146901787,77.48916625976562,6869770
05/01/2026,77.58590223284982,78.35982942638475,77.15057279943437,78.16635131835938,7712909
06/01/2026,78.31145763404682,80.05279016082893,78.11797952250075,79.76256561279297,10441324
07/01/2026,79.90768516201882,80.00442422659948,78.55331611573698,78.65006256103516,6267271
08/01/2026,78.65005586910496,80.39138102554902,77.39242599440905,80.0044174194336,10070033
09/01/2026,80.24626949338682,80.2946427123678,78.31145882561893,78.74679565429688,8379723
12/01/2026,79.2304971197591,79.27886295728968,77.34405231886194,77.39242553710938,13386144
13/01/2026,77.39242270560678,78.79515741485926,77.19894460112938,78.31145477294922,13368322
14/01/2026,78.19742588136164,78.9305267489994,77.80643726045729,78.34404754638672,9056946
15/01/2026,78.34404495105622,79.12601470947266,77.07333383958432,79.12601470947266,14067272
16/01/2026,79.17489624023438,82.49828843811217,78.88165290079391,82.1072998046875,16497379
19/01/2026,82.49828847322146,83.0847676948641,80.68997443253672,80.7877197265625,11946821
20/01/2026,80.73884338695778,80.88546505680607,78.24630482948854,78.73503875732422,13392554
21/01/2026,78.88165028078322,79.37038419195905,78.34404745298241,78.63728332519531,10186473
22/01/2026,78.9305243107425,80.34784962806425,78.39291404142048,80.29898071289062,17406867
23/01/2026,80.6410929992366,82.5960285870969,80.54334771134108,82.20503997802734,15171439
26/01/2026,82.10729733179069,82.205042622831,80.4944739284187,82.15617370605469,15418428
27/01/2026,82.2050400647471,83.32912952045008,81.17870335453021,82.49828338623047,13157730
28/01/2026,82.69377429753281,90.02478278946812,82.69377429753281,88.94956970214844,29890434
29/01/2026,88.94957485494416,93.73916883863104,88.50971730294235,91.93085479736328,26233920
30/01/2026,91.93085225118526,95.98733777337148,90.56239579982099,95.64522552490234,22978226
02/02/2026,93.25043230578103,93.73916621990202,90.70901744384946,92.27296447753906,16571543
03/02/2026,92.27296199778809,94.81437679142147,91.39323948451451,94.0812759399414,13868375
04/02/2026,94.71663162305428,95.69409942626953,93.98353077064286,95.69409942626953,9942511
05/02/2026,95.49860122679542,95.64522288852288,93.34817504641744,93.93465423583984,8723866
06/02/2026,93.93465935648419,93.93465935648419,91.19775383748735,92.37071228027344,9157190
09/02/2026,92.8594437233893,95.35198966948589,92.71282205759167,95.05874633789062,7930403
10/02/2026,95.10762003139145,95.20536532000536,92.51732886694172,93.20155334472656,9521449
11/02/2026,92.81056983194625,94.52113857787724,92.02860002258483,93.8369140625,9586833
12/02/2026,93.836914127028,99.99496459960938,93.54367078738588,99.99496459960938,15695078
13/02/2026,100.19045508395767,101.7544021596243,97.74678544776359,98.8219985961914,11718439
16/02/2026,99.21298729791094,101.85214752382574,99.11524200389334,100.5814437866211,10491849
17/02/2026,100.58143851847504,101.55890632243012,97.74678039550781,97.74678039550781,12827401
18/02/2026,97.9422735087164,99.8972091672336,95.84072364180058,97.25804901123047,16479094
19/02/2026,97.55129234300313,98.919741337975,96.18283589054356,97.25804901123047,11109938
20/02/2026,97.30692793009803,99.70172119140625,96.81819400268918,99.70172119140625,10926907
23/02/2026,100.09270476819653,102.340876246208,98.91973892718019,100.67918395996094,11565319
24/02/2026,100.67918395996094,101.07017257363304,98.7242483490879,100.67918395996094,9386127
25/02/2026,101.07017258328781,101.65665177510823,98.4310050338646,99.5062255859375,10453610
26/02/2026,98.91973893662954,100.09270477775792,97.84452584204418,99.5062255859375,6998276
27/02/2026,99.79946641635735,102.04764546387813,97.74678541415761,99.40847778320312,15482182
02/03/2026,93.83690906729541,97.55128970087085,93.64141848973354,95.54747772216797,13402738
03/03/2026,94.81437658216723,96.67156689331541,90.9045053829026,91.00225067138672,9416086
04/03/2026,91.00225331633273,92.12634281029004,89.7315496141317,90.95338439941406,10089316
05/03/2026,92.85944354534374,93.59254441543855,90.46465035269574,91.0999984741211,13116101
06/03/2026,91.09999840494167,92.17521897958773,87.58111572265625,87.58111572265625,10943829
09/03/2026,85.52843726388535,90.02478790283203,85.23519392455687,90.02478790283203,11398132
10/03/2026,92.71282446816925,92.85944613777912,90.02478786944407,91.34436798095703,14996873
11/03/2026,90.95338158519229,90.95338158519229,87.53224429225634,88.65632629394531,16010724
12/03/2026,87.9721019875366,90.95338176010922,87.92322561454853,89.24281311035156,13490240
13/03/2026,88.85182705934567,92.370709748753,88.6074601023384,91.53986358642578,15988940
16/03/2026,91.93085219086561,93.05493422688555,91.24662023688856,92.1263427734375,9366983
17/03/2026,92.61507924397787,94.96100358703795,92.61507924397787,93.8369140625,9395838
18/03/2026,94.3256453698694,96.18283573393433,92.76169833709969,94.03240203857422,11031894
19/03/2026,93.10380788880241,93.88578511128341,90.85562896728516,90.85562896728516,5176467
23/03/2026,90.31802889668958,95.3031133334007,89.24281577622055,95.20536804199219,18298962
24/03/2026,94.32564268083742,95.49860105760413,91.4909845699158,91.58872985839844,8812229
25/03/2026,92.46845494429284,93.00606523214717,91.05112957811355,91.83309936523438,9686176
26/03/2026,91.68648513266196,92.02859738052885,89.43830614812921,89.7804183959961,7177504
27/03/2026,90.75788620513165,91.00225316177308,89.4871825050888,90.36689758300781,7408487
30/03/2026,89.8781661998342,92.61507917425864,89.73155198771224,91.34436798095703,9727612
31/03/2026,91.34436798095703,93.2993036891208,90.70901984179413,91.34436798095703,10151945
01/04/2026,93.59254195885167,93.78803253608403,91.3932394062938,92.61507415771484,7799787
02/04/2026,91.34436801566632,92.95719146701185,90.51352183087859,92.22409057617188,8199579
03/04/2026,92.2240880830511,92.27296445744763,91.29549662941851,91.53986358642578,4563897
06/04/2026,91.88197835286459,94.3745243656449,91.88197835286459,93.8369140625,9352490
07/04/2026,93.83691137213683,93.98353303765333,90.46465035269574,91.0999984741211,7709319
08/04/2026,95.5,96.4000015258789,94.5,95.05000305175781,15693011
09/04/2026,94.9000015258789,95.5,94.05000305175781,94.75,8671514
10/04/2026,95.55000305175781,102.30000305175781,95.30000305175781,102.19999694824219,21125954
13/04/2026,100.30000305175781,101.69999694824219,98.75,100.30000305175781,12965590
14/04/2026,101.80000305175781,108.0,101.5,104.5999984741211,18500698
15/04/2026,104.69999694824219,105.5,103.0,104.19999694824219,8136383
16/04/2026,104.5999984741211,106.9000015258789,102.5999984741211,103.80000305175781,8805276
17/04/2026,103.80000305175781,108.5999984741211,103.4000015258789,108.0,11140402
20/04/2026,106.0,108.19999694824219,104.9000015258789,107.5,9321027
21/04/2026,107.80000305175781,108.0999984741211,104.5999984741211,105.5,7453994
