Tarih,Açılış,Yüksek,Düşük,Kapanış,Düzeltilmiş_Kapanış,Hacim
29/10/2015,2.039999961853028,2.039999961853028,2.039999961853028,2.039999961853028,1.0269657373428345,0
30/10/2015,2.025000095367432,2.0799999237060547,2.0199999809265137,2.069999933242798,1.0420682430267334,18738598
02/11/2015,2.150000095367432,2.150000095367432,2.0799999237060547,2.0799999237060547,1.047102451324463,38104204
03/11/2015,2.0999999046325684,2.1050000190734863,2.0899999141693115,2.0899999141693115,1.0521365404129028,11821432
04/11/2015,2.119999885559082,2.134999990463257,2.115000009536743,2.134999990463257,1.074790120124817,11143046
05/11/2015,2.0450000762939453,2.055000066757202,2.0299999713897705,2.049999952316284,1.031999945640564,23626618
06/11/2015,1.995000004768372,1.995000004768372,1.955000042915344,1.955000042915344,0.9841755628585817,26138540
09/11/2015,1.975000023841858,1.9850000143051147,1.945000052452088,1.950000047683716,0.9816585183143616,18667354
10/11/2015,1.950000047683716,1.9700000286102293,1.945000052452088,1.945000052452088,0.9791414737701416,20849824
11/11/2015,1.9700000286102293,1.975000023841858,1.950000047683716,1.955000042915344,0.9841755628585817,15138602
12/11/2015,1.9700000286102293,1.9700000286102293,1.945000052452088,1.9600000381469729,0.9866925477981568,15955356
13/11/2015,1.955000042915344,1.955000042915344,1.9299999475479128,1.934999942779541,0.974107265472412,30376218
16/11/2015,1.919999957084656,1.9299999475479128,1.909999966621399,1.919999957084656,0.9665560722351074,16842136
17/11/2015,1.9299999475479128,1.940000057220459,1.909999966621399,1.909999966621399,0.961521863937378,15317386
18/11/2015,1.9049999713897705,1.9049999713897705,1.8799999952316284,1.8799999952316284,0.9464194774627686,19278630
19/11/2015,1.914999961853028,1.914999961853028,1.8899999856948853,1.909999966621399,0.961521863937378,17145894
20/11/2015,1.919999957084656,1.9299999475479128,1.9049999713897705,1.9299999475479128,0.971590220928192,11467824
23/11/2015,1.899999976158142,1.9049999713897705,1.8849999904632568,1.8849999904632568,0.9489365220069884,14137038
24/11/2015,1.8550000190734863,1.870000004768372,1.7999999523162842,1.8049999475479128,0.9086633324623108,29914782
25/11/2015,1.815000057220459,1.820000052452088,1.7949999570846558,1.815000057220459,0.9136975407600404,20188534
26/11/2015,1.8350000381469729,1.8550000190734863,1.830000042915344,1.840000033378601,0.9262829422950744,16023852
27/11/2015,1.8600000143051147,1.870000004768372,1.840000033378601,1.8650000095367432,0.9388682246208192,13909026
30/11/2015,1.8650000095367432,1.899999976158142,1.8650000095367432,1.8799999952316284,0.9464194774627686,34092728
01/12/2015,1.8899999856948853,1.9049999713897705,1.8450000286102293,1.8899999856948853,0.9514535069465636,40201916
02/12/2015,1.870000004768372,1.875,1.809999942779541,1.809999942779541,0.9111804962158204,44248070
03/12/2015,1.820000052452088,1.840000033378601,1.7999999523162842,1.7999999523162842,0.906146228313446,29391090
04/12/2015,1.809999942779541,1.815000057220459,1.7200000286102295,1.75,0.8809754848480225,44125272
07/12/2015,1.7549999952316284,1.7599999904632568,1.7100000381469729,1.725000023841858,0.8683902025222778,34246702
08/12/2015,1.7200000286102295,1.7300000190734863,1.6799999475479126,1.6799999475479126,0.8457365036010742,33744102
09/12/2015,1.684999942779541,1.7100000381469729,1.6649999618530271,1.7000000476837158,0.8558049201965332,32535848
10/12/2015,1.690000057220459,1.7450000047683716,1.659999966621399,1.6699999570846558,0.8407024145126343,41235554
11/12/2015,1.6749999523162842,1.6950000524520874,1.6449999809265137,1.6549999713897705,0.8331511616706848,45740882
14/12/2015,1.6699999570846558,1.684999942779541,1.5700000524520874,1.5700000524520874,0.7903609871864319,46183332
15/12/2015,1.5800000429153442,1.6449999809265137,1.5750000476837158,1.6449999809265137,0.8281170129776001,37584842
16/12/2015,1.6399999856948853,1.6449999809265137,1.6100000143051147,1.6299999952316284,0.8205658793449402,27090378
17/12/2015,1.6399999856948853,1.6549999713897705,1.6200000047683716,1.625,0.8180486559867859,47016440
18/12/2015,1.6200000047683716,1.625,1.5549999475479126,1.5549999475479126,0.7828095555305481,47338534
21/12/2015,1.565000057220459,1.5800000429153442,1.5449999570846558,1.5549999475479126,0.7828095555305481,45256164
22/12/2015,1.5549999475479126,1.559999942779541,1.524999976158142,1.5449999570846558,0.7777755260467529,32410884
23/12/2015,1.5449999570846558,1.600000023841858,1.5449999570846558,1.590000033378601,0.8004292845726013,40168518
24/12/2015,1.600000023841858,1.6200000047683716,1.5950000286102295,1.6100000143051147,0.8104974627494812,24322358
25/12/2015,1.6200000047683716,1.6200000047683716,1.6050000190734863,1.6050000190734863,0.807980477809906,5195164
28/12/2015,1.6150000095367432,1.6299999952316284,1.590000033378601,1.5950000286102295,0.8029463291168213,20379648
29/12/2015,1.6050000190734863,1.6050000190734863,1.565000057220459,1.5850000381469729,0.7979121208190918,21740698
30/12/2015,1.5850000381469729,1.590000033378601,1.565000057220459,1.565000057220459,0.7878438830375671,10227480
31/12/2015,1.5700000524520874,1.5700000524520874,1.5199999809265137,1.5199999809265137,0.7651901841163635,21485774
01/01/2016,1.5199999809265137,1.5199999809265137,1.5199999809265137,1.5199999809265137,0.7651901841163635,0
04/01/2016,1.5,1.5,1.475000023841858,1.4800000190734863,0.7450535893440247,31834484
05/01/2016,1.4900000095367432,1.5,1.434999942779541,1.4900000095367432,0.7500877976417542,70763906
06/01/2016,1.4800000190734863,1.565000057220459,1.4800000190734863,1.559999942779541,0.7853267788887024,58103414
07/01/2016,1.5449999570846558,1.5549999475479126,1.5049999952316284,1.5449999570846558,0.7777755260467529,46327058
08/01/2016,1.5549999475479126,1.5700000524520874,1.4950000047683716,1.4950000047683716,0.7526048421859741,36715750
11/01/2016,1.4950000047683716,1.534999966621399,1.4850000143051147,1.5149999856948853,0.7626730799674988,32125290
12/01/2016,1.5149999856948853,1.534999966621399,1.4850000143051147,1.5149999856948853,0.7626730799674988,43747862
13/01/2016,1.524999976158142,1.5449999570846558,1.5149999856948853,1.5299999713897705,0.7702243328094482,59826382
14/01/2016,1.5199999809265137,1.534999966621399,1.4950000047683716,1.5099999904632568,0.7601560354232788,40226148
15/01/2016,1.5099999904632568,1.5299999713897705,1.475000023841858,1.4800000190734863,0.7450535893440247,47209202
18/01/2016,1.4900000095367432,1.5049999952316284,1.4800000190734863,1.4950000047683716,0.7526048421859741,23120736
19/01/2016,1.5099999904632568,1.5299999713897705,1.4800000190734863,1.4950000047683716,0.7526048421859741,64197652
20/01/2016,1.4900000095367432,1.4950000047683716,1.4600000381469729,1.4600000381469729,0.7349853515625,29006040
21/01/2016,1.4550000429153442,1.4700000286102295,1.4149999618530271,1.4450000524520874,0.7274340987205505,45804802
22/01/2016,1.4450000524520874,1.4450000524520874,1.4450000524520874,1.4450000524520874,0.7274340987205505,0
25/01/2016,1.534999966621399,1.5549999475479126,1.5099999904632568,1.524999976158142,0.7677072286605835,44263258
26/01/2016,1.5149999856948853,1.534999966621399,1.5,1.524999976158142,0.7677072286605835,38906906
27/01/2016,1.524999976158142,1.559999942779541,1.524999976158142,1.5399999618530271,0.7752584218978882,51126596
28/01/2016,1.5499999523162842,1.5499999523162842,1.5199999809265137,1.5299999713897705,0.7702243328094482,46029702
29/01/2016,1.5449999570846558,1.5499999523162842,1.534999966621399,1.5449999570846558,0.7777755260467529,51089690
01/02/2016,1.5449999570846558,1.5549999475479126,1.534999966621399,1.5499999523162842,0.7802925705909729,24459352
02/02/2016,1.5549999475479126,1.565000057220459,1.5399999618530271,1.5399999618530271,0.7752584218978882,31479910
03/02/2016,1.5399999618530271,1.5700000524520874,1.5199999809265137,1.5549999475479126,0.7828095555305481,30378936
04/02/2016,1.5750000476837158,1.6100000143051147,1.559999942779541,1.6050000190734863,0.807980477809906,50725092
05/02/2016,1.6150000095367432,1.6449999809265137,1.6100000143051147,1.6399999856948853,0.8255999088287354,27730028
08/02/2016,1.649999976158142,1.6549999713897705,1.600000023841858,1.6100000143051147,0.8104974627494812,29478974
09/02/2016,1.5950000286102295,1.600000023841858,1.5399999618530271,1.5700000524520874,0.7903609871864319,34456462
10/02/2016,1.5750000476837158,1.6050000190734863,1.5499999523162842,1.565000057220459,0.7878438830375671,38274682
11/02/2016,1.5499999523162842,1.559999942779541,1.5099999904632568,1.5549999475479126,0.7828095555305481,32584320
12/02/2016,1.5750000476837158,1.5800000429153442,1.5399999618530271,1.5399999618530271,0.7752584218978882,23786818
15/02/2016,1.5499999523162842,1.5700000524520874,1.5049999952316284,1.5700000524520874,0.7903609871864319,35012396
16/02/2016,1.5850000381469729,1.590000033378601,1.5499999523162842,1.559999942779541,0.7853267788887024,23056066
17/02/2016,1.559999942779541,1.6150000095367432,1.5449999570846558,1.5950000286102295,0.8029463291168213,25799160
18/02/2016,1.5950000286102295,1.6299999952316284,1.590000033378601,1.625,0.8180486559867859,26461668
19/02/2016,1.6200000047683716,1.625,1.5950000286102295,1.6150000095367432,0.8130145072937012,14721194
22/02/2016,1.6349999904632568,1.6399999856948853,1.6200000047683716,1.6299999952316284,0.8205658793449402,23653210
23/02/2016,1.6299999952316284,1.690000057220459,1.6200000047683716,1.684999942779541,0.8482534885406494,37384580
24/02/2016,1.684999942779541,1.7100000381469729,1.649999976158142,1.6649999618530271,0.8381853699684143,34423524
25/02/2016,1.6799999475479126,1.690000057220459,1.6649999618530271,1.684999942779541,0.8482534885406494,21544502
26/02/2016,1.690000057220459,1.7100000381469729,1.6749999523162842,1.684999942779541,0.8482534885406494,37662532
29/02/2016,1.6799999475479126,1.7400000095367432,1.6799999475479126,1.725000023841858,0.8683902025222778,30381108
01/03/2016,1.7450000047683716,1.75,1.725000023841858,1.7450000047683716,0.8784584999084473,28554854
02/03/2016,1.7599999904632568,1.7649999856948853,1.7200000286102295,1.7400000095367432,0.8759413361549377,30866692
03/03/2016,1.7450000047683716,1.7549999952316284,1.725000023841858,1.7350000143051147,0.8734242916107178,34439604
04/03/2016,1.7400000095367432,1.774999976158142,1.715000033378601,1.7699999809265137,0.8910439014434814,49252370
07/03/2016,1.774999976158142,1.7999999523162842,1.75,1.7999999523162842,0.906146228313446,33173134
08/03/2016,1.7949999570846558,1.8450000286102293,1.784999966621399,1.7949999570846558,0.903629183769226,69437880
09/03/2016,1.7699999809265137,1.7799999713897705,1.7350000143051147,1.7799999713897705,0.8960778713226318,44725694
10/03/2016,1.7949999570846558,1.8350000381469729,1.7899999618530271,1.809999942779541,0.9111804962158204,50850318
11/03/2016,1.825000047683716,1.825000047683716,1.7799999713897705,1.825000047683716,0.918731689453125,35483790
14/03/2016,1.820000052452088,1.8650000095367432,1.809999942779541,1.8550000190734863,0.9338340163230896,38425654
15/03/2016,1.8600000143051147,1.870000004768372,1.820000052452088,1.8350000381469729,0.9237658977508544,31693076
16/03/2016,1.8350000381469729,1.8450000286102293,1.8049999475479128,1.830000042915344,0.921248733997345,26318292
17/03/2016,1.8550000190734863,1.8949999809265137,1.840000033378601,1.8899999856948853,0.9514535069465636,40383568
18/03/2016,1.899999976158142,1.9900000095367432,1.8849999904632568,1.9900000095367432,1.001794934272766,80312258
21/03/2016,1.9900000095367432,2.039999961853028,1.9800000190734863,2.0,1.0068292617797852,39655144
22/03/2016,1.995000004768372,1.995000004768372,1.934999942779541,1.975000023841858,0.994243860244751,42773752
23/03/2016,1.975000023841858,1.9850000143051147,1.9299999475479128,1.934999942779541,0.974107265472412,30631152
24/03/2016,1.940000057220459,2.0199999809265137,1.9299999475479128,2.0199999809265137,1.0168975591659546,31581694
25/03/2016,2.0199999809265137,2.0299999713897705,1.9900000095367432,1.995000004768372,1.0043120384216309,6831764
28/03/2016,2.005000114440918,2.049999952316284,1.995000004768372,2.049999952316284,1.031999945640564,16310988
29/03/2016,2.059999942779541,2.1050000190734863,2.049999952316284,2.075000047683716,1.0445854663848877,43282940
30/03/2016,2.1050000190734863,2.1549999713897705,2.0999999046325684,2.140000104904175,1.0773072242736816,43792544
31/03/2016,2.1449999809265137,2.1549999713897705,2.0850000381469727,2.119999885559082,1.0672388076782229,54465514
01/04/2016,2.125,2.134999990463257,2.095000028610229,2.134999990463257,1.074790120124817,34047262
04/04/2016,2.134999990463257,2.174999952316284,2.119999885559082,2.1549999713897705,1.0848582983016968,28397034
05/04/2016,2.150000095367432,2.174999952316284,2.125,2.1449999809265137,1.0798243284225464,31740132
06/04/2016,2.1700000762939453,2.1700000762939453,2.115000009536743,2.115000009536743,1.0647218227386477,27333268
07/04/2016,2.140000104904175,2.184999942779541,2.134999990463257,2.184999942779541,1.0999608039855957,41549564
08/04/2016,2.2100000381469727,2.259999990463257,2.1700000762939453,2.25,1.1326829195022583,38004888
11/04/2016,2.259999990463257,2.3499999046325684,2.255000114440918,2.345000028610229,1.1805073022842407,38141904
12/04/2016,2.3499999046325684,2.450000047683716,2.319999933242798,2.414999961853028,1.215746283531189,58289690
13/04/2016,2.434999942779541,2.494999885559082,2.4200000762939453,2.4800000190734863,1.248468279838562,40431278
14/04/2016,2.490000009536743,2.5299999713897705,2.390000104904175,2.4649999141693115,1.240916728973389,66207954
15/04/2016,2.450000047683716,2.470000028610229,2.359999895095825,2.380000114440918,1.198127031326294,48164572
18/04/2016,2.359999895095825,2.424999952316284,2.359999895095825,2.4100000858306885,1.2132292985916138,33571702
19/04/2016,2.424999952316284,2.424999952316284,2.375,2.384999990463257,1.20064377784729,21614008
20/04/2016,2.380000114440918,2.490000009536743,2.365000009536743,2.440000057220459,1.2283318042755127,51401750
21/04/2016,2.4749999046325684,2.525000095367432,2.470000028610229,2.5,1.258536458015442,38742448
22/04/2016,2.505000114440918,2.525000095367432,2.430000066757202,2.4649999141693115,1.240916728973389,30665908
25/04/2016,2.4600000381469727,2.5199999809265137,2.450000047683716,2.490000009536743,1.2535022497177124,28020338
26/04/2016,2.505000114440918,2.509999990463257,2.380000114440918,2.384999990463257,1.20064377784729,55405340
27/04/2016,2.3949999809265137,2.400000095367432,2.315000057220459,2.3299999237060547,1.1729559898376465,51245712
28/04/2016,2.3350000381469727,2.375,2.2850000858306885,2.3550000190734863,1.1855415105819702,58625452
29/04/2016,2.345000028610229,2.3499999046325684,2.309999942779541,2.3350000381469727,1.1754733324050903,29452136
02/05/2016,2.3299999237060547,2.359999895095825,2.299999952316284,2.299999952316284,1.157853603363037,28052618
03/05/2016,2.309999942779541,2.325000047683716,2.200000047683716,2.220000028610229,1.1175804138183594,44214356
04/05/2016,2.2100000381469727,2.315000057220459,2.180000066757202,2.289999961853028,1.1528193950653076,34428376
05/05/2016,2.244999885559082,2.369999885559082,2.240000009536743,2.3399999141693115,1.177990198135376,37104318
06/05/2016,2.3399999141693115,2.359999895095825,2.2850000858306885,2.345000028610229,1.1805073022842407,21722098
09/05/2016,2.359999895095825,2.430000066757202,2.2799999713897705,2.2799999713897705,1.1477853059768677,35092842
10/05/2016,2.2699999809265137,2.2699999809265137,2.184999942779541,2.234999895095825,1.125131607055664,47221616
11/05/2016,2.25,2.2950000762939453,2.244999885559082,2.2799999713897705,1.1477853059768677,37808454
12/05/2016,2.289999961853028,2.305000066757202,2.180000066757202,2.184999942779541,1.0999608039855957,47782556
13/05/2016,2.174999952316284,2.194999933242798,2.125,2.180000066757202,1.09744393825531,39180234
16/05/2016,2.190000057220459,2.200000047683716,2.134999990463257,2.190000057220459,1.1024779081344604,21715104
17/05/2016,2.200000047683716,2.2100000381469727,2.125,2.140000104904175,1.0773072242736816,36325086
18/05/2016,2.130000114440918,2.2049999237060547,2.109999895095825,2.184999942779541,1.0999608039855957,36282806
19/05/2016,2.184999942779541,2.184999942779541,2.184999942779541,2.184999942779541,1.0999608039855957,0
20/05/2016,2.194999933242798,2.234999895095825,2.1700000762939453,2.2100000381469727,1.1125463247299194,32950296
23/05/2016,2.2149999141693115,2.2249999046325684,2.1449999809265137,2.1600000858306885,1.0873756408691406,30638186
24/05/2016,2.1600000858306885,2.2149999141693115,2.130000114440918,2.200000047683716,1.1075122356414795,31506118
25/05/2016,2.075000047683716,2.0850000381469727,2.055000066757202,2.075000047683716,1.121018409729004,29447512
26/05/2016,2.075000047683716,2.115000009536743,2.065000057220459,2.0999999046325684,1.1345245838165283,34532158
27/05/2016,2.1050000190734863,2.119999885559082,2.059999942779541,2.059999942779541,1.1129145622253418,26099056
30/05/2016,2.059999942779541,2.095000028610229,2.055000066757202,2.0799999237060547,1.123719573020935,11886584
31/05/2016,2.0999999046325684,2.0999999046325684,2.0450000762939453,2.059999942779541,1.1129145622253418,30773478
01/06/2016,2.059999942779541,2.069999933242798,1.9700000286102293,1.9800000190734863,1.069694757461548,34917772
02/06/2016,1.995000004768372,2.005000114440918,1.9600000381469729,1.9700000286102293,1.064292073249817,22816342
03/06/2016,1.975000023841858,2.049999952316284,1.955000042915344,2.0199999809265137,1.0913045406341553,24399062
06/06/2016,2.0350000858306885,2.069999933242798,2.0199999809265137,2.055000066757202,1.1102133989334106,16770558
07/06/2016,2.069999933242798,2.095000028610229,2.065000057220459,2.0850000381469727,1.1264208555221558,28507186
08/06/2016,2.1050000190734863,2.115000009536743,2.069999933242798,2.109999895095825,1.1399270296096802,29328122
09/06/2016,2.115000009536743,2.119999885559082,2.0299999713897705,2.039999961853028,1.1021095514297483,30892648
10/06/2016,2.0299999713897705,2.059999942779541,2.0199999809265137,2.0350000858306885,1.0994083881378174,15017052
13/06/2016,2.0350000858306885,2.039999961853028,1.9700000286102293,2.039999961853028,1.1021095514297483,24308728
14/06/2016,2.039999961853028,2.0450000762939453,1.9850000143051147,1.995000004768372,1.0777982473373413,22916088
15/06/2016,2.015000104904175,2.025000095367432,2.0,2.0199999809265137,1.0913045406341553,15744928
16/06/2016,2.009999990463257,2.039999961853028,1.9700000286102293,1.9700000286102293,1.064292073249817,21688328
17/06/2016,1.9900000095367432,2.005000114440918,1.950000047683716,1.975000023841858,1.0669934749603271,26686234
20/06/2016,2.015000104904175,2.025000095367432,1.995000004768372,2.025000095367432,1.094005823135376,18290720
21/06/2016,2.025000095367432,2.039999961853028,2.009999990463257,2.0299999713897705,1.096707105636597,28317108
22/06/2016,2.0350000858306885,2.0450000762939453,1.9900000095367432,1.995000004768372,1.0777982473373413,20640490
23/06/2016,2.0,2.0350000858306885,1.9800000190734863,2.025000095367432,1.094005823135376,30640110
24/06/2016,1.919999957084656,1.9700000286102293,1.899999976158142,1.9700000286102293,1.064292073249817,21795348
27/06/2016,1.965000033378601,1.9800000190734863,1.950000047683716,1.955000042915344,1.0561883449554443,20217880
28/06/2016,1.9800000190734863,2.049999952316284,1.975000023841858,2.039999961853028,1.1021095514297483,31330592
29/06/2016,2.049999952316284,2.069999933242798,2.025000095367432,2.055000066757202,1.1102133989334106,32511036
30/06/2016,2.059999942779541,2.0799999237060547,2.015000104904175,2.0299999713897705,1.096707105636597,35070474
01/07/2016,2.039999961853028,2.109999895095825,2.0350000858306885,2.1050000190734863,1.137225866317749,31409666
04/07/2016,2.109999895095825,2.109999895095825,2.0899999141693115,2.1050000190734863,1.137225866317749,8089630
05/07/2016,2.1050000190734863,2.1050000190734863,2.1050000190734863,2.1050000190734863,1.137225866317749,0
06/07/2016,2.1050000190734863,2.1050000190734863,2.1050000190734863,2.1050000190734863,1.137225866317749,0
07/07/2016,2.1050000190734863,2.1050000190734863,2.1050000190734863,2.1050000190734863,1.137225866317749,0
08/07/2016,2.0850000381469727,2.125,2.075000047683716,2.115000009536743,1.1426284313201904,24020054
11/07/2016,2.130000114440918,2.164999961853028,2.115000009536743,2.1549999713897705,1.1642383337020874,34912388
12/07/2016,2.1549999713897705,2.255000114440918,2.1449999809265137,2.25,1.2155619859695437,40104258
13/07/2016,2.244999885559082,2.265000104904175,2.2049999237060547,2.2149999141693115,1.1966532468795776,28395042
14/07/2016,2.240000009536743,2.325000047683716,2.2300000190734863,2.309999942779541,1.2479770183563232,43520288
15/07/2016,2.305000066757202,2.369999885559082,2.299999952316284,2.369999885559082,1.280391812324524,34970452
18/07/2016,2.309999942779541,2.345000028610229,2.240000009536743,2.345000028610229,1.2668858766555786,45404166
19/07/2016,2.319999933242798,2.384999990463257,2.25,2.3299999237060547,1.2587820291519165,32534898
20/07/2016,2.345000028610229,2.345000028610229,2.259999990463257,2.2850000858306885,1.2344707250595093,32524142
21/07/2016,2.275000095367432,2.2850000858306885,2.134999990463257,2.140000104904175,1.1561346054077148,38926826
22/07/2016,2.184999942779541,2.184999942779541,2.055000066757202,2.0999999046325684,1.1345245838165283,37583508
25/07/2016,2.1050000190734863,2.259999990463257,2.1050000190734863,2.2300000190734863,1.2047570943832395,24004294
26/07/2016,2.25,2.25,2.184999942779541,2.220000028610229,1.1993545293807983,20959856
27/07/2016,2.220000028610229,2.315000057220459,2.220000028610229,2.309999942779541,1.2479770183563232,20644030
28/07/2016,2.325000047683716,2.384999990463257,2.315000057220459,2.3350000381469727,1.2614833116531372,24824858
29/07/2016,2.3350000381469727,2.3350000381469727,2.244999885559082,2.2699999809265137,1.2263671159744265,29078514
01/08/2016,2.315000057220459,2.3399999141693115,2.2850000858306885,2.325000047683716,1.2560807466506958,18556880
02/08/2016,2.3350000381469727,2.3350000381469727,2.259999990463257,2.265000104904175,1.2236659526824951,18600640
03/08/2016,2.265000104904175,2.275000095367432,2.194999933242798,2.2300000190734863,1.2047570943832395,16416914
04/08/2016,2.240000009536743,2.3399999141693115,2.2100000381469727,2.3350000381469727,1.2614833116531372,23615808
05/08/2016,2.345000028610229,2.414999961853028,2.319999933242798,2.4049999713897705,1.2993006706237793,42019816
08/08/2016,2.434999942779541,2.490000009536743,2.434999942779541,2.4649999141693115,1.3317155838012695,30413358
09/08/2016,2.4800000190734863,2.5199999809265137,2.4549999237060547,2.490000009536743,1.345221996307373,28952336
10/08/2016,2.494999885559082,2.5,2.434999942779541,2.484999895095825,1.3425205945968628,18436712
11/08/2016,2.4749999046325684,2.4800000190734863,2.384999990463257,2.470000028610229,1.3344172239303589,34019282
12/08/2016,2.5,2.5,2.440000057220459,2.470000028610229,1.3344172239303589,17801976
15/08/2016,2.4800000190734863,2.4800000190734863,2.440000057220459,2.450000047683716,1.323612093925476,11557946
16/08/2016,2.4549999237060547,2.470000028610229,2.3550000190734863,2.365000009536743,1.2776907682418823,23764644
17/08/2016,2.369999885559082,2.4549999237060547,2.365000009536743,2.424999952316284,1.3101056814193726,22935278
18/08/2016,2.450000047683716,2.4600000381469727,2.390000104904175,2.400000095367432,1.2965996265411377,18909266
19/08/2016,2.400000095367432,2.4549999237060547,2.380000114440918,2.450000047683716,1.323612093925476,16686772
22/08/2016,2.440000057220459,2.4549999237060547,2.4049999713897705,2.424999952316284,1.3101056814193726,15850074
23/08/2016,2.430000066757202,2.434999942779541,2.380000114440918,2.380000114440918,1.2857948541641235,15129512
24/08/2016,2.3399999141693115,2.3550000190734863,2.109999895095825,2.345000028610229,1.2668858766555786,28070134
25/08/2016,2.3499999046325684,2.359999895095825,2.319999933242798,2.3399999141693115,1.264184594154358,23030126
26/08/2016,2.3350000381469727,2.345000028610229,2.305000066757202,2.3350000381469727,1.2614833116531372,11541088
29/08/2016,2.3350000381469727,2.3350000381469727,2.2850000858306885,2.299999952316284,1.2425745725631714,7042104
30/08/2016,2.299999952316284,2.299999952316284,2.299999952316284,2.299999952316284,1.2425745725631714,0
31/08/2016,2.2950000762939453,2.299999952316284,2.2249999046325684,2.2249999046325684,1.2020556926727295,26247652
01/09/2016,2.2300000190734863,2.265000104904175,2.2300000190734863,2.255000114440918,1.2182633876800537,16720978
02/09/2016,2.244999885559082,2.2799999713897705,2.244999885559082,2.255000114440918,1.2182633876800537,18093884
05/09/2016,2.265000104904175,2.319999933242798,2.265000104904175,2.319999933242798,1.2533795833587646,31181340
06/09/2016,2.3350000381469727,2.3550000190734863,2.309999942779541,2.319999933242798,1.2533795833587646,16610542
07/09/2016,2.299999952316284,2.3350000381469727,2.299999952316284,2.3299999237060547,1.2587820291519165,12391146
08/09/2016,2.3350000381469727,2.3550000190734863,2.2699999809265137,2.275000095367432,1.229068398475647,23046252
09/09/2016,2.265000104904175,2.2699999809265137,2.184999942779541,2.200000047683716,1.1885497570037842,36654170
12/09/2016,2.200000047683716,2.200000047683716,2.200000047683716,2.200000047683716,1.1885497570037842,0
13/09/2016,2.200000047683716,2.200000047683716,2.200000047683716,2.200000047683716,1.1885497570037842,0
14/09/2016,2.200000047683716,2.200000047683716,2.200000047683716,2.200000047683716,1.1885497570037842,0
15/09/2016,2.200000047683716,2.200000047683716,2.200000047683716,2.200000047683716,1.1885497570037842,0
16/09/2016,2.1700000762939453,2.1700000762939453,2.0999999046325684,2.130000114440918,1.1507320404052734,47030604
19/09/2016,2.1449999809265137,2.164999961853028,2.130000114440918,2.1549999713897705,1.1642383337020874,29857458
20/09/2016,2.140000104904175,2.150000095367432,2.125,2.140000104904175,1.1561346054077148,21844072
21/09/2016,2.1449999809265137,2.180000066757202,2.130000114440918,2.174999952316284,1.1750433444976809,31126584
22/09/2016,2.200000047683716,2.220000028610229,2.190000057220459,2.2049999237060547,1.1912508010864258,32147728
23/09/2016,2.2100000381469727,2.234999895095825,2.194999933242798,2.2100000381469727,1.193952202796936,23499560
26/09/2016,2.075000047683716,2.164999961853028,2.065000057220459,2.140000104904175,1.1561346054077148,22647508
27/09/2016,2.1600000858306885,2.1700000762939453,2.115000009536743,2.119999885559082,1.1453295946121216,19864050
28/09/2016,2.119999885559082,2.130000114440918,2.095000028610229,2.0999999046325684,1.1345245838165283,24323018
29/09/2016,2.115000009536743,2.119999885559082,2.0850000381469727,2.095000028610229,1.1318235397338867,26642980
30/09/2016,2.095000028610229,2.095000028610229,2.065000057220459,2.065000057220459,1.115615963935852,22515804
03/10/2016,2.0799999237060547,2.1050000190734863,2.075000047683716,2.0999999046325684,1.1345245838165283,23612762
04/10/2016,2.1050000190734863,2.164999961853028,2.0999999046325684,2.1050000190734863,1.137225866317749,47160678
05/10/2016,2.095000028610229,2.2100000381469727,2.095000028610229,2.194999933242798,1.1858482360839844,35411022
06/10/2016,2.2100000381469727,2.244999885559082,2.125,2.134999990463257,1.1534332036972046,38144586
07/10/2016,2.1449999809265137,2.1549999713897705,2.119999885559082,2.125,1.1480309963226318,22107108
10/10/2016,2.140000104904175,2.1449999809265137,2.109999895095825,2.115000009536743,1.1426284313201904,17385252
11/10/2016,2.115000009536743,2.115000009536743,2.075000047683716,2.0799999237060547,1.123719573020935,29219042
12/10/2016,2.0850000381469727,2.1050000190734863,2.065000057220459,2.0850000381469727,1.1264208555221558,24926378
13/10/2016,2.0799999237060547,2.140000104904175,2.0799999237060547,2.130000114440918,1.1507320404052734,45179200
14/10/2016,2.1449999809265137,2.180000066757202,2.119999885559082,2.1600000858306885,1.166939616203308,37743846
17/10/2016,2.1549999713897705,2.180000066757202,2.115000009536743,2.174999952316284,1.1750433444976809,29080188
18/10/2016,2.184999942779541,2.2049999237060547,2.164999961853028,2.2049999237060547,1.1912508010864258,65267140
19/10/2016,2.2149999141693115,2.2249999046325684,2.190000057220459,2.2149999141693115,1.1966532468795776,49265204
20/10/2016,2.220000028610229,2.2249999046325684,2.174999952316284,2.184999942779541,1.1804457902908323,36756816
21/10/2016,2.184999942779541,2.184999942779541,2.0999999046325684,2.0999999046325684,1.1345245838165283,77853338
24/10/2016,2.109999895095825,2.130000114440918,2.109999895095825,2.119999885559082,1.1453295946121216,32256584
25/10/2016,2.125,2.1600000858306885,2.119999885559082,2.134999990463257,1.1534332036972046,46408586
26/10/2016,2.130000114440918,2.150000095367432,2.0999999046325684,2.109999895095825,1.1399270296096802,35326126
27/10/2016,2.109999895095825,2.119999885559082,2.0899999141693115,2.0999999046325684,1.1345245838165283,28237266
28/10/2016,2.095000028610229,2.0999999046325684,2.075000047683716,2.0899999141693115,1.129122018814087,11520742
31/10/2016,2.0999999046325684,2.1050000190734863,2.075000047683716,2.0999999046325684,1.1345245838165283,25290794
01/11/2016,2.0999999046325684,2.115000009536743,2.0450000762939453,2.0450000762939453,1.1048108339309692,35242832
02/11/2016,2.055000066757202,2.0899999141693115,2.039999961853028,2.075000047683716,1.121018409729004,29629252
03/11/2016,2.0799999237060547,2.0999999046325684,2.065000057220459,2.0850000381469727,1.1264208555221558,21510618
04/11/2016,2.059999942779541,2.075000047683716,1.9299999475479128,1.945000052452088,1.0507858991622925,50966344
07/11/2016,1.975000023841858,2.009999990463257,1.9600000381469729,2.005000114440918,1.0832009315490725,42337002
08/11/2016,2.005000114440918,2.015000104904175,1.965000033378601,2.0,1.0804997682571411,31161818
09/11/2016,1.950000047683716,2.0199999809265137,1.945000052452088,2.0199999809265137,1.0913045406341553,45626130
10/11/2016,2.039999961853028,2.109999895095825,2.039999961853028,2.0850000381469727,1.1264208555221558,50823662
11/11/2016,2.0799999237060547,2.140000104904175,2.065000057220459,2.134999990463257,1.1534332036972046,67834836
14/11/2016,2.134999990463257,2.174999952316284,2.095000028610229,2.1600000858306885,1.166939616203308,41320302
15/11/2016,2.164999961853028,2.184999942779541,2.140000104904175,2.180000066757202,1.177744746208191,49837714
16/11/2016,2.180000066757202,2.200000047683716,2.140000104904175,2.1600000858306885,1.166939616203308,40656406
17/11/2016,2.164999961853028,2.180000066757202,2.130000114440918,2.140000104904175,1.1561346054077148,40349636
18/11/2016,2.125,2.164999961853028,2.109999895095825,2.150000095367432,1.1615371704101562,27286338
21/11/2016,2.150000095367432,2.174999952316284,2.140000104904175,2.1600000858306885,1.166939616203308,22715948
22/11/2016,2.1549999713897705,2.220000028610229,2.1549999713897705,2.184999942779541,1.1804457902908323,45638578
23/11/2016,2.194999933242798,2.2149999141693115,2.190000057220459,2.200000047683716,1.1885497570037842,21726288
24/11/2016,2.200000047683716,2.244999885559082,2.194999933242798,2.2100000381469727,1.193952202796936,30346610
25/11/2016,2.200000047683716,2.234999895095825,2.180000066757202,2.2249999046325684,1.2020556926727295,20386362
28/11/2016,2.244999885559082,2.309999942779541,2.244999885559082,2.305000066757202,1.2452757358551023,37098188
29/11/2016,2.299999952316284,2.3499999046325684,2.2850000858306885,2.299999952316284,1.2425745725631714,36637248
30/11/2016,2.305000066757202,2.3550000190734863,2.25,2.3550000190734863,1.2722883224487305,46267730
01/12/2016,2.3550000190734863,2.369999885559082,2.289999961853028,2.309999942779541,1.2479770183563232,29000194
02/12/2016,2.309999942779541,2.359999895095825,2.2699999809265137,2.3399999141693115,1.264184594154358,31662514
05/12/2016,2.319999933242798,2.3949999809265137,2.319999933242798,2.375,1.2830933332443235,25016310
06/12/2016,2.400000095367432,2.509999990463257,2.390000104904175,2.509999990463257,1.3560268878936768,48059094
07/12/2016,2.509999990463257,2.569999933242798,2.494999885559082,2.5199999809265137,1.3614295721054075,39588238
08/12/2016,2.5350000858306885,2.565000057220459,2.4749999046325684,2.565000057220459,1.3857407569885254,36025020
09/12/2016,2.575000047683716,2.5850000381469727,2.5199999809265137,2.5299999713897705,1.3668320178985596,25723562
12/12/2016,2.515000104904175,2.5799999237060547,2.5,2.5799999237060547,1.3938446044921875,22987226
13/12/2016,2.595000028610229,2.634999990463257,2.5799999237060547,2.5850000381469727,1.3965457677841189,34406630
14/12/2016,2.5899999141693115,2.6050000190734863,2.525000095367432,2.5350000858306885,1.3695333003997805,33416300
15/12/2016,2.525000095367432,2.5799999237060547,2.5199999809265137,2.569999933242798,1.3884419202804563,20587708
16/12/2016,2.575000047683716,2.5999999046325684,2.569999933242798,2.5999999046325684,1.4046494960784912,20115568
19/12/2016,2.609999895095825,2.609999895095825,2.494999885559082,2.5199999809265137,1.3614295721054075,27971368
20/12/2016,2.5199999809265137,2.555000066757202,2.509999990463257,2.525000095367432,1.3641308546066284,15336852
21/12/2016,2.5350000858306885,2.575000047683716,2.525000095367432,2.539999961853028,1.3722344636917114,16700456
22/12/2016,2.539999961853028,2.5850000381469727,2.539999961853028,2.5850000381469727,1.3965457677841189,16504180
23/12/2016,2.5850000381469727,2.595000028610229,2.539999961853028,2.5450000762939453,1.3749358654022217,9196842
26/12/2016,2.549999952316284,2.555000066757202,2.5299999713897705,2.539999961853028,1.3722344636917114,2366222
27/12/2016,2.5450000762939453,2.569999933242798,2.5450000762939453,2.559999942779541,1.3830393552780151,5040276
28/12/2016,2.559999942779541,2.5799999237060547,2.555000066757202,2.575000047683716,1.3911434412002563,9879222
29/12/2016,2.565000057220459,2.5799999237060547,2.539999961853028,2.539999961853028,1.3722344636917114,11613508
30/12/2016,2.539999961853028,2.575000047683716,2.539999961853028,2.569999933242798,1.3884419202804563,13872556
02/01/2017,2.555000066757202,2.569999933242798,2.539999961853028,2.549999952316284,1.3776370286941528,7678926
03/01/2017,2.555000066757202,2.555000066757202,2.4649999141693115,2.490000009536743,1.345221996307373,26131994
04/01/2017,2.490000009536743,2.5,2.3499999046325684,2.375,1.2830933332443235,45261086
05/01/2017,2.384999990463257,2.424999952316284,2.325000047683716,2.4200000762939453,1.307404398918152,46132654
06/01/2017,2.4200000762939453,2.4200000762939453,2.365000009536743,2.4049999713897705,1.2993006706237793,37889706
09/01/2017,2.390000104904175,2.434999942779541,2.369999885559082,2.4100000858306885,1.302002191543579,22813968
10/01/2017,2.4100000858306885,2.484999895095825,2.3949999809265137,2.484999895095825,1.3425205945968628,35937668
11/01/2017,2.4600000381469727,2.664999961853028,2.4600000381469727,2.650000095367432,1.4316619634628296,64478316
12/01/2017,2.680000066757202,2.8299999237060547,2.6600000858306885,2.809999942779541,1.518101930618286,54322372
13/01/2017,2.805000066757202,2.8299999237060547,2.75,2.819999933242798,1.5235044956207275,36395696
16/01/2017,2.819999933242798,2.880000114440918,2.799999952316284,2.8299999237060547,1.5289068222045898,28898668
17/01/2017,2.8550000190734863,2.865000009536743,2.7799999713897705,2.815000057220459,1.5208033323287964,32201890
18/01/2017,2.8399999141693115,2.8399999141693115,2.7300000190734863,2.765000104904175,1.4937907457351685,30812972
19/01/2017,2.7850000858306885,2.809999942779541,2.734999895095825,2.759999990463257,1.4910894632339478,22034426
20/01/2017,2.755000114440918,2.805000066757202,2.700000047683716,2.7950000762939453,1.5099982023239136,19207944
23/01/2017,2.805000066757202,2.8350000381469727,2.7699999809265137,2.805000066757202,1.515400767326355,16927706
24/01/2017,2.789999961853028,2.875,2.789999961853028,2.875,1.553218126296997,28640132
25/01/2017,2.875,2.884999990463257,2.7850000858306885,2.799999952316284,1.5126994848251345,19909880
26/01/2017,2.815000057220459,2.845000028610229,2.7850000858306885,2.819999933242798,1.5235044956207275,19557204
27/01/2017,2.799999952316284,2.845000028610229,2.7950000762939453,2.845000028610229,1.5370107889175415,12517696
30/01/2017,2.8399999141693115,2.940000057220459,2.8299999237060547,2.914999961853028,1.5748281478881836,20992124
31/01/2017,2.9100000858306885,2.930000066757202,2.884999990463257,2.9049999713897705,1.5694255828857422,15310184
01/02/2017,2.900000095367432,2.9749999046325684,2.8949999809265137,2.9749999046325684,1.6072431802749634,20018312
02/02/2017,2.984999895095825,3.0,2.924999952316284,2.950000047683716,1.5937368869781494,22108464
03/02/2017,2.930000066757202,2.9600000381469727,2.880000114440918,2.9600000381469727,1.5991395711898804,33073556
06/02/2017,2.990000009536743,3.005000114440918,2.924999952316284,2.9600000381469727,1.5991395711898804,26830704
07/02/2017,2.940000057220459,2.9600000381469727,2.859999895095825,2.865000009536743,1.5478156805038452,47842322
08/02/2017,2.884999990463257,2.9049999713897705,2.8299999237060547,2.859999895095825,1.5451143980026243,35771804
09/02/2017,2.859999895095825,2.8949999809265137,2.8299999237060547,2.859999895095825,1.5451143980026243,36276254
10/02/2017,2.880000114440918,2.924999952316284,2.7799999713897705,2.865000009536743,1.5478156805038452,101784914
13/02/2017,2.859999895095825,2.944999933242798,2.825000047683716,2.934999942779541,1.5856332778930664,34687220
14/02/2017,2.9200000762939453,2.984999895095825,2.9049999713897705,2.984999895095825,1.6126458644866943,33604544
15/02/2017,2.994999885559082,2.994999885559082,2.930000066757202,2.950000047683716,1.5937368869781494,25170746
16/02/2017,2.9649999141693115,2.9749999046325684,2.930000066757202,2.9549999237060547,1.59643816947937,24041026
17/02/2017,2.9549999237060547,2.984999895095825,2.940000057220459,2.9600000381469727,1.5991395711898804,24101390
20/02/2017,2.9749999046325684,2.9749999046325684,2.880000114440918,2.914999961853028,1.5748281478881836,18516576
21/02/2017,2.930000066757202,2.950000047683716,2.884999990463257,2.944999933242798,1.5910358428955078,25156258
22/02/2017,2.940000057220459,2.9649999141693115,2.924999952316284,2.9549999237060547,1.59643816947937,24636238
23/02/2017,2.970000028610229,3.049999952316284,2.934999942779541,3.049999952316284,1.6477618217468262,36339110
24/02/2017,3.049999952316284,3.049999952316284,2.950000047683716,2.9749999046325684,1.6072431802749634,31919800
27/02/2017,2.9749999046325684,2.994999885559082,2.9600000381469727,2.970000028610229,1.6045417785644531,12899164
28/02/2017,2.9800000190734863,2.9800000190734863,2.924999952316284,2.970000028610229,1.6045417785644531,25717404
01/03/2017,2.9749999046325684,2.9800000190734863,2.950000047683716,2.9749999046325684,1.6072431802749634,17236756
02/03/2017,2.9749999046325684,3.049999952316284,2.9649999141693115,3.039999961853028,1.6423593759536743,30914044
03/03/2017,3.0299999713897705,3.075000047683716,2.990000009536743,3.0199999809265137,1.6315542459487915,18555996
06/03/2017,3.0350000858306885,3.055000066757202,3.015000104904175,3.0199999809265137,1.6315542459487915,15380432
07/03/2017,3.0299999713897705,3.0350000858306885,2.9800000190734863,2.990000009536743,1.615346908569336,17454670
08/03/2017,2.994999885559082,3.005000114440918,2.9200000762939453,2.924999952316284,1.580230474472046,18783394
09/03/2017,2.924999952316284,2.9600000381469727,2.924999952316284,2.950000047683716,1.5937368869781494,15835268
10/03/2017,2.9600000381469727,3.005000114440918,2.930000066757202,2.944999933242798,1.5910358428955078,20923404
13/03/2017,2.944999933242798,2.9649999141693115,2.9100000858306885,2.9649999141693115,1.601840615272522,14255192
14/03/2017,2.9649999141693115,2.994999885559082,2.924999952316284,2.924999952316284,1.580230474472046,19058444
15/03/2017,2.940000057220459,3.015000104904175,2.940000057220459,3.0,1.620749592781067,26808408
16/03/2017,3.0299999713897705,3.0999999046325684,3.025000095367432,3.095000028610229,1.672073245048523,31429494
17/03/2017,3.0999999046325684,3.150000095367432,3.0899999141693115,3.1050000190734863,1.6774754524230957,35148794
20/03/2017,3.0899999141693115,3.1050000190734863,3.0199999809265137,3.059999942779541,1.6531643867492676,18505250
21/03/2017,3.069999933242798,3.119999885559082,3.0350000858306885,3.055000066757202,1.6504631042480469,25755770
22/03/2017,3.0199999809265137,3.039999961853028,2.9749999046325684,3.025000095367432,1.6342557668685913,23693464
23/03/2017,3.039999961853028,3.039999961853028,2.9600000381469727,2.9749999046325684,1.6072431802749634,20083828
24/03/2017,2.9649999141693115,3.009999990463257,2.950000047683716,2.984999895095825,1.6126458644866943,18846216
27/03/2017,2.9800000190734863,2.984999895095825,2.9100000858306885,2.930000066757202,1.5829318761825562,23036004
28/03/2017,2.9549999237060547,2.9649999141693115,2.900000095367432,2.9549999237060547,1.59643816947937,20700950
29/03/2017,2.950000047683716,2.984999895095825,2.934999942779541,2.9600000381469727,1.5991395711898804,27159466
30/03/2017,2.970000028610229,2.984999895095825,2.944999933242798,2.9749999046325684,1.6072431802749634,18769174
31/03/2017,2.970000028610229,2.984999895095825,2.944999933242798,2.950000047683716,1.5937368869781494,16078816
03/04/2017,2.9600000381469727,2.9649999141693115,2.9200000762939453,2.930000066757202,1.5829318761825562,13822276
04/04/2017,2.934999942779541,2.994999885559082,2.890000104904175,2.994999885559082,1.6180481910705566,34958082
05/04/2017,2.809999942779541,2.815000057220459,2.765000104904175,2.789999961853028,1.6180481910705566,33447804
06/04/2017,2.7850000858306885,2.8299999237060547,2.7699999809265137,2.7799999713897705,1.6122488975524902,30414708
07/04/2017,2.7699999809265137,2.7950000762939453,2.759999990463257,2.765000104904175,1.6035494804382324,23245228
10/04/2017,2.775000095367432,2.845000028610229,2.775000095367432,2.8399999141693115,1.647045373916626,29686510
11/04/2017,2.845000028610229,2.859999895095825,2.7950000762939453,2.799999952316284,1.623847723007202,43844444
12/04/2017,2.809999942779541,2.8350000381469727,2.789999961853028,2.7950000762939453,1.6209478378295898,21333698
13/04/2017,2.805000066757202,2.805000066757202,2.694999933242798,2.734999895095825,1.5861510038375854,61893434
14/04/2017,2.7300000190734863,2.755000114440918,2.7100000381469727,2.7300000190734863,1.5832513570785522,10857368
17/04/2017,2.755000114440918,2.7950000762939453,2.7300000190734863,2.7799999713897705,1.6122488975524902,34329852
18/04/2017,2.7850000858306885,2.8499999046325684,2.7799999713897705,2.845000028610229,1.6499452590942385,59744326
19/04/2017,2.8499999046325684,2.9100000858306885,2.8399999141693115,2.859999895095825,1.6586443185806274,118502190
20/04/2017,2.880000114440918,2.900000095367432,2.8499999046325684,2.900000095367432,1.6818422079086304,90372894
21/04/2017,2.9649999141693115,2.984999895095825,2.914999961853028,2.9200000762939453,1.6934411525726318,138404890
24/04/2017,2.944999933242798,3.0299999713897705,2.924999952316284,3.009999990463257,1.7456361055374146,104830550
25/04/2017,3.025000095367432,3.1050000190734863,2.990000009536743,3.0999999046325684,1.7978315353393557,124418004
26/04/2017,3.0999999046325684,3.184999942779541,3.0899999141693115,3.1700000762939453,1.8384276628494265,111829876
27/04/2017,3.184999942779541,3.234999895095825,3.1600000858306885,3.220000028610229,1.8674249649047847,126939004
28/04/2017,3.234999895095825,3.299999952316284,3.200000047683716,3.255000114440918,1.8877228498458865,83013030
01/05/2017,3.255000114440918,3.255000114440918,3.255000114440918,3.255000114440918,1.8877228498458865,0
02/05/2017,3.25,3.265000104904175,3.190000057220459,3.2049999237060547,1.858725547790528,80413868
03/05/2017,3.2049999237060547,3.234999895095825,3.1449999809265137,3.164999961853028,1.8355278968811035,46848082
04/05/2017,3.1700000762939453,3.200000047683716,3.134999990463257,3.1600000858306885,1.8326282501220703,31613916
05/05/2017,3.134999990463257,3.174999952316284,3.1050000190734863,3.1600000858306885,1.8326282501220703,52747706
08/05/2017,3.174999952316284,3.180000066757202,3.130000114440918,3.150000095367432,1.8268287181854248,38625510
09/05/2017,3.140000104904175,3.2950000762939453,3.140000104904175,3.2950000762939453,1.9109206199646,75104122
10/05/2017,3.275000095367432,3.325000047683716,3.265000104904175,3.2850000858306885,1.9051213264465328,118745982
11/05/2017,3.289999961853028,3.3499999046325684,3.25,3.2799999713897705,1.9022216796875,66024114
12/05/2017,3.289999961853028,3.325000047683716,3.2049999237060547,3.2249999046325684,1.87032437324524,58773936
15/05/2017,3.25,3.259999990463257,3.2100000381469727,3.220000028610229,1.8674249649047847,38585842
16/05/2017,3.2300000190734863,3.240000009536743,3.194999933242798,3.2149999141693115,1.8645250797271729,36288490
17/05/2017,3.200000047683716,3.25,3.174999952316284,3.200000047683716,1.8558257818222048,50780830
18/05/2017,3.190000057220459,3.240000009536743,3.1700000762939453,3.2049999237060547,1.858725547790528,41127342
19/05/2017,3.2049999237060547,3.2049999237060547,3.2049999237060547,3.2049999237060547,1.858725547790528,0
22/05/2017,3.2249999046325684,3.2950000762939453,3.2249999046325684,3.289999961853028,1.9080209732055664,46810508
23/05/2017,3.2850000858306885,3.319999933242798,3.255000114440918,3.275000095367432,1.899321794509888,47521798
24/05/2017,3.265000104904175,3.2950000762939453,3.240000009536743,3.244999885559082,1.8819231986999512,37628886
25/05/2017,3.25,3.299999952316284,3.2300000190734863,3.275000095367432,1.899321794509888,36778124
26/05/2017,3.275000095367432,3.2850000858306885,3.2249999046325684,3.240000009536743,1.879023790359497,31625364
29/05/2017,3.25,3.275000095367432,3.240000009536743,3.240000009536743,1.879023790359497,15396500
30/05/2017,3.244999885559082,3.259999990463257,3.220000028610229,3.240000009536743,1.879023790359497,18251396
31/05/2017,3.259999990463257,3.259999990463257,3.184999942779541,3.194999933242798,1.8529260158538816,35432748
01/06/2017,3.200000047683716,3.2049999237060547,3.1449999809265137,3.174999952316284,1.84132719039917,40737844
02/06/2017,3.194999933242798,3.299999952316284,3.190000057220459,3.289999961853028,1.9080209732055664,66468588
05/06/2017,3.2950000762939453,3.299999952316284,3.234999895095825,3.25,1.884823083877564,30977894
06/06/2017,3.25,3.25,3.2049999237060547,3.2300000190734863,1.873224258422852,30918160
07/06/2017,3.220000028610229,3.255000114440918,3.184999942779541,3.190000057220459,1.8500264883041384,47629148
08/06/2017,3.2100000381469727,3.2300000190734863,3.2049999237060547,3.2049999237060547,1.858725547790528,33525918
09/06/2017,3.2149999141693115,3.259999990463257,3.2149999141693115,3.220000028610229,1.8674249649047847,35494382
12/06/2017,3.2249999046325684,3.309999942779541,3.2249999046325684,3.2799999713897705,1.9022216796875,40345318
13/06/2017,3.289999961853028,3.319999933242798,3.2149999141693115,3.220000028610229,1.8674249649047847,50876008
14/06/2017,3.2300000190734863,3.234999895095825,3.190000057220459,3.190000057220459,1.8500264883041384,37037180
15/06/2017,3.190000057220459,3.240000009536743,3.164999961853028,3.220000028610229,1.8674249649047847,43607714
16/06/2017,3.2149999141693115,3.234999895095825,3.1549999713897705,3.1700000762939453,1.8384276628494265,34143616
19/06/2017,3.190000057220459,3.2049999237060547,3.1600000858306885,3.174999952316284,1.84132719039917,28645728
20/06/2017,3.194999933242798,3.220000028610229,3.1700000762939453,3.174999952316284,1.84132719039917,20814392
21/06/2017,3.174999952316284,3.265000104904175,3.150000095367432,3.265000104904175,1.8935225009918213,46718972
22/06/2017,3.2699999809265137,3.2850000858306885,3.2149999141693115,3.2300000190734863,1.873224258422852,31898540
23/06/2017,3.2300000190734863,3.265000104904175,3.2300000190734863,3.244999885559082,1.8819231986999512,24627374
26/06/2017,3.244999885559082,3.244999885559082,3.244999885559082,3.244999885559082,1.8819231986999512,0
27/06/2017,3.244999885559082,3.244999885559082,3.244999885559082,3.244999885559082,1.8819231986999512,0
28/06/2017,3.265000104904175,3.4100000858306885,3.25,3.4049999713897705,1.974714756011963,76468662
29/06/2017,3.4100000858306885,3.5299999713897705,3.3949999809265137,3.490000009536743,2.024010181427002,56082660
30/06/2017,3.4749999046325684,3.559999942779541,3.434999942779541,3.525000095367432,2.0443081855773926,52445668
03/07/2017,3.5199999809265137,3.555000066757202,3.490000009536743,3.539999961853028,2.053007364273072,31229970
04/07/2017,3.5199999809265137,3.5350000858306885,3.484999895095825,3.515000104904175,2.038508892059326,31820692
05/07/2017,3.515000104904175,3.6050000190734863,3.509999990463257,3.575000047683716,2.073305606842041,52675086
06/07/2017,3.5799999237060547,3.615000009536743,3.525000095367432,3.5299999713897705,2.047208070755005,40579776
07/07/2017,3.5450000762939453,3.5899999141693115,3.5299999713897705,3.5299999713897705,2.047208070755005,20959506
10/07/2017,3.569999933242798,3.674999952316284,3.569999933242798,3.650000095367432,2.1168015003204346,31086798
11/07/2017,3.660000085830689,3.740000009536743,3.6549999713897705,3.704999923706055,2.148698329925537,50417042
12/07/2017,3.724999904632568,3.7699999809265137,3.694999933242798,3.7699999809265137,2.186394691467285,28735760
13/07/2017,3.775000095367432,3.8350000381469727,3.759999990463257,3.809999942779541,2.209592580795288,31743854
14/07/2017,3.809999942779541,3.825000047683716,3.775000095367432,3.795000076293945,2.2008934020996094,18328108
17/07/2017,3.805000066757202,3.829999923706055,3.785000085830689,3.805000066757202,2.206693172454834,21142628
18/07/2017,3.805000066757202,3.8350000381469727,3.7899999618530273,3.805000066757202,2.206693172454834,26440298
19/07/2017,3.825000047683716,3.869999885559082,3.799999952316284,3.869999885559082,2.244389295578003,51087154
20/07/2017,3.875,3.875,3.825000047683716,3.825000047683716,2.218291997909546,36206644
21/07/2017,3.829999923706055,3.984999895095825,3.809999942779541,3.964999914169312,2.2994842529296875,37580282
24/07/2017,3.990000009536743,3.994999885559082,3.884999990463257,3.924999952316284,2.276286602020264,36727680
25/07/2017,3.930000066757202,3.9700000286102295,3.910000085830689,3.954999923706055,2.293684720993042,23240748
26/07/2017,3.944999933242798,3.990000009536743,3.940000057220459,3.954999923706055,2.293684720993042,25734696
27/07/2017,3.974999904632568,4.03000020980835,3.9600000381469727,3.990000009536743,2.313982963562012,23095720
28/07/2017,3.984999895095825,3.984999895095825,3.944999933242798,3.944999933242798,2.287885427474976,20002660
31/07/2017,3.950000047683716,3.984999895095825,3.920000076293945,3.920000076293945,2.273386716842652,18029202
01/08/2017,3.930000066757202,3.950000047683716,3.884999990463257,3.9049999713897705,2.2646875381469727,16551114
02/08/2017,3.924999952316284,3.954999923706055,3.900000095367432,3.924999952316284,2.276286602020264,11119384
03/08/2017,3.930000066757202,4.03000020980835,3.920000076293945,4.03000020980835,2.3371806144714355,38411474
04/08/2017,4.03000020980835,4.114999771118164,4.03000020980835,4.09499979019165,2.374876976013184,35004314
07/08/2017,4.114999771118164,4.15500020980835,4.110000133514404,4.119999885559082,2.389375686645508,22630428
08/08/2017,4.135000228881836,4.150000095367432,4.070000171661377,4.070000171661377,2.3603787422180176,21757284
09/08/2017,4.070000171661377,4.139999866485596,4.014999866485596,4.014999866485596,2.328481435775757,45132566
10/08/2017,4.019999980926514,4.074999809265137,3.900000095367432,3.900000095367432,2.2617878913879395,33253666
11/08/2017,3.859999895095825,3.910000085830689,3.75,3.884999990463257,2.2530884742736816,42477430
14/08/2017,3.924999952316284,4.0,3.924999952316284,4.0,2.319782257080078,25329482
15/08/2017,4.010000228881836,4.019999980926514,3.815000057220459,3.825000047683716,2.218291997909546,29318412
16/08/2017,3.829999923706055,3.944999933242798,3.7100000381469727,3.920000076293945,2.273386716842652,51465896
17/08/2017,3.954999923706055,3.9800000190734863,3.865000009536743,3.880000114440918,2.2501888275146484,25260548
18/08/2017,3.859999895095825,3.9049999713897705,3.799999952316284,3.9049999713897705,2.2646875381469727,20646836
21/08/2017,3.8949999809265137,4.079999923706055,3.8550000190734863,4.039999961853027,2.342980146408081,48342726
22/08/2017,4.050000190734863,4.125,4.014999866485596,4.085000038146973,2.3690779209136963,33213856
23/08/2017,4.079999923706055,4.105000019073486,4.054999828338623,4.090000152587891,2.371977567672729,22383472
24/08/2017,4.090000152587891,4.114999771118164,4.019999980926514,4.019999980926514,2.331381320953369,19484498
25/08/2017,4.03000020980835,4.070000171661377,4.0,4.010000228881836,2.325581789016724,15545900
28/08/2017,4.025000095367432,4.050000190734863,4.0,4.050000190734863,2.3487796783447266,17906982
29/08/2017,4.03000020980835,4.059999942779541,4.019999980926514,4.059999942779541,2.354579210281372,18177540
30/08/2017,4.059999942779541,4.059999942779541,4.059999942779541,4.059999942779541,2.354579210281372,0
31/08/2017,4.070000171661377,4.139999866485596,4.054999828338623,4.110000133514404,2.3835763931274414,19786992
01/09/2017,4.110000133514404,4.110000133514404,4.110000133514404,4.110000133514404,2.3835763931274414,0
04/09/2017,4.110000133514404,4.110000133514404,4.110000133514404,4.110000133514404,2.3835763931274414,0
05/09/2017,4.119999885559082,4.135000228881836,4.050000190734863,4.059999942779541,2.354579210281372,20861000
06/09/2017,4.059999942779541,4.110000133514404,4.010000228881836,4.074999809265137,2.3632779121398926,32462234
07/09/2017,4.085000038146973,4.114999771118164,4.050000190734863,4.074999809265137,2.3632779121398926,28215270
08/09/2017,4.074999809265137,4.085000038146973,4.025000095367432,4.025000095367432,2.3342809677124023,25382786
11/09/2017,4.045000076293945,4.085000038146973,4.045000076293945,4.050000190734863,2.3487796783447266,37948586
12/09/2017,4.054999828338623,4.065000057220459,4.005000114440918,4.010000228881836,2.325581789016724,37400006
13/09/2017,4.014999866485596,4.03000020980835,3.9049999713897705,3.9049999713897705,2.2646875381469727,42813854
14/09/2017,3.930000066757202,4.0,3.9149999618530273,3.990000009536743,2.313982963562012,25295156
15/09/2017,4.0,4.014999866485596,3.924999952316284,3.924999952316284,2.276286602020264,27088718
18/09/2017,3.940000057220459,3.940000057220459,3.849999904632568,3.865000009536743,2.241489887237549,18339252
19/09/2017,3.865000009536743,3.890000104904175,3.7200000286102295,3.740000009536743,2.168996572494507,31116690
20/09/2017,3.759999990463257,3.8350000381469727,3.734999895095825,3.7899999618530273,2.197993516921997,26251150
21/09/2017,3.775000095367432,3.809999942779541,3.744999885559082,3.759999990463257,2.1805953979492188,18744770
22/09/2017,3.7799999713897705,3.785000085830689,3.684999942779541,3.704999923706055,2.148698329925537,20823674
25/09/2017,3.660000085830689,3.75,3.630000114440918,3.75,2.174795866012573,26686794
26/09/2017,3.785000085830689,3.930000066757202,3.775000095367432,3.930000066757202,2.2791860103607178,29962876
27/09/2017,3.944999933242798,3.944999933242798,3.825000047683716,3.900000095367432,2.2617878913879395,34452814
28/09/2017,3.900000095367432,3.930000066757202,3.839999914169312,3.839999914169312,2.2269911766052246,27899184
29/09/2017,3.8450000286102295,3.9049999713897705,3.829999923706055,3.865000009536743,2.241489887237549,27359132
02/10/2017,3.865000009536743,3.990000009536743,3.865000009536743,3.9600000381469727,2.2965846061706543,23935848
03/10/2017,3.964999914169312,4.099999904632568,3.964999914169312,4.099999904632568,2.377776622772217,39795034
04/10/2017,4.105000019073486,4.119999885559082,4.005000114440918,4.025000095367432,2.3342809677124023,24262058
05/10/2017,4.03000020980835,4.099999904632568,4.025000095367432,4.070000171661377,2.3603787422180176,20087724
06/10/2017,4.050000190734863,4.074999809265137,4.025000095367432,4.054999828338623,2.3516790866851807,16075840
09/10/2017,3.994999885559082,4.054999828338623,3.869999885559082,4.025000095367432,2.3342809677124023,37109544
10/10/2017,4.059999942779541,4.110000133514404,4.014999866485596,4.085000038146973,2.3690779209136963,22277276
11/10/2017,4.070000171661377,4.099999904632568,4.034999847412109,4.039999961853027,2.342980146408081,25287268
12/10/2017,4.079999923706055,4.230000019073486,4.079999923706055,4.230000019073486,2.453169822692871,49541168
13/10/2017,4.235000133514404,4.309999942779541,4.224999904632568,4.244999885559082,2.46186900138855,30867168
16/10/2017,4.264999866485596,4.315000057220459,4.235000133514404,4.235000133514404,2.4560694694519043,30504124
17/10/2017,4.244999885559082,4.289999961853027,4.199999809265137,4.21999979019165,2.4473702907562256,23252234
18/10/2017,4.244999885559082,4.25,4.179999828338623,4.179999828338623,2.4241724014282227,25732440
19/10/2017,4.195000171661377,4.239999771118164,4.184999942779541,4.230000019073486,2.453169822692871,13978956
20/10/2017,4.25,4.275000095367432,4.224999904632568,4.239999771118164,2.4589688777923584,34164130
23/10/2017,4.235000133514404,4.25,4.170000076293945,4.204999923706055,2.438671112060547,18147342
24/10/2017,4.210000038146973,4.309999942779541,4.199999809265137,4.309999942779541,2.499565362930298,39710538
25/10/2017,4.324999809265137,4.375,4.309999942779541,4.364999771118164,2.5314621925354004,29944190
26/10/2017,4.360000133514404,4.369999885559082,4.28000020980835,4.284999847412109,2.4850666522979736,18789472
27/10/2017,4.269999980926514,4.284999847412109,4.204999923706055,4.255000114440918,2.467668533325196,31535888
30/10/2017,4.275000095367432,4.315000057220459,4.244999885559082,4.28000020980835,2.4821670055389404,14783676
31/10/2017,4.269999980926514,4.449999809265137,4.264999866485596,4.449999809265137,2.5807576179504395,35912736
01/11/2017,4.449999809265137,4.625,4.400000095367432,4.610000133514404,2.6735494136810303,30340430
02/11/2017,4.630000114440918,4.670000076293945,4.574999809265137,4.614999771118164,2.6764488220214844,21269418
03/11/2017,4.610000133514404,4.695000171661377,4.550000190734863,4.585000038146973,2.659050226211548,23898490
06/11/2017,4.610000133514404,4.900000095367432,4.59499979019165,4.760000228881836,2.7605414390563965,29129502
07/11/2017,4.764999866485596,4.864999771118164,4.760000228881836,4.800000190734863,2.7837390899658203,23969514
08/11/2017,4.860000133514404,4.934999942779541,4.744999885559082,4.755000114440918,2.757641553878784,31702030
09/11/2017,4.804999828338623,4.929999828338623,4.795000076293945,4.909999847412109,2.8475329875946045,31085926
10/11/2017,4.914999961853027,4.914999961853027,4.815000057220459,4.829999923706055,2.801137208938598,21553484
13/11/2017,4.875,4.880000114440918,4.71999979019165,4.71999979019165,2.737343072891236,25902384
14/11/2017,4.710000038146973,4.744999885559082,4.590000152587891,4.679999828338623,2.7141454219818115,34147954
15/11/2017,4.699999809265137,4.715000152587891,4.46999979019165,4.46999979019165,2.592356443405152,34197626
16/11/2017,4.485000133514404,4.539999961853027,4.409999847412109,4.420000076293945,2.563359260559082,51787060
17/11/2017,4.440000057220459,4.460000038146973,4.360000133514404,4.400000095367432,2.551760673522949,15865214
20/11/2017,4.40500020980835,4.425000190734863,4.28000020980835,4.380000114440918,2.5401618480682373,25531618
21/11/2017,4.340000152587891,4.489999771118164,4.295000076293945,4.485000133514404,2.6010560989379883,35137776
22/11/2017,4.565000057220459,4.565000057220459,4.375,4.5,2.609755516052246,34666944
23/11/2017,4.525000095367432,4.574999809265137,4.460000038146973,4.574999809265137,2.653250932693481,19595162
24/11/2017,4.559999942779541,4.764999866485596,4.550000190734863,4.670000076293945,2.708345890045166,30195610
27/11/2017,4.699999809265137,4.699999809265137,4.545000076293945,4.545000076293945,2.635852575302124,21283410
28/11/2017,4.534999847412109,4.610000133514404,4.315000057220459,4.315000057220459,2.50246524810791,26383946
29/11/2017,4.340000152587891,4.429999828338623,4.125,4.289999961853027,2.487966537475586,22733664
30/11/2017,4.329999923706055,4.385000228881836,4.255000114440918,4.304999828338623,2.496665477752685,40471502
01/12/2017,4.315000057220459,4.340000152587891,4.199999809265137,4.199999809265137,2.4357714653015137,22239642
04/12/2017,4.199999809265137,4.429999828338623,4.199999809265137,4.429999828338623,2.5691587924957275,24906638
05/12/2017,4.454999923706055,4.534999847412109,4.400000095367432,4.440000057220459,2.574958562850952,23769428
06/12/2017,4.420000076293945,4.420000076293945,4.295000076293945,4.340000152587891,2.5169639587402344,19103964
07/12/2017,4.369999885559082,4.534999847412109,4.360000133514404,4.480000019073486,2.598156213760376,25083116
08/12/2017,4.494999885559082,4.545000076293945,4.445000171661377,4.46999979019165,2.592356443405152,17784586
11/12/2017,4.514999866485596,4.670000076293945,4.485000133514404,4.65500020980835,2.699646711349488,28106052
12/12/2017,4.644999980926514,4.679999828338623,4.519999980926514,4.525000095367432,2.624253988265991,21609758
13/12/2017,4.539999961853027,4.635000228881836,4.465000152587891,4.514999866485596,2.6184542179107666,26793456
14/12/2017,4.539999961853027,4.664999961853027,4.434999942779541,4.630000114440918,2.685148239135742,37963130
15/12/2017,4.630000114440918,4.715000152587891,4.599999904632568,4.664999961853027,2.7054460048675537,29469986
18/12/2017,4.684999942779541,4.809999942779541,4.684999942779541,4.730000019073486,2.743142604827881,26071372
19/12/2017,4.735000133514404,4.795000076293945,4.684999942779541,4.695000171661377,2.7228446006774902,29012286
20/12/2017,4.699999809265137,4.820000171661377,4.659999847412109,4.809999942779541,2.7895379066467285,31484758
21/12/2017,4.820000171661377,4.849999904632568,4.735000133514404,4.735000133514404,2.746042490005493,21241070
22/12/2017,4.760000228881836,4.864999771118164,4.760000228881836,4.820000171661377,2.795337677001953,19603966
25/12/2017,4.840000152587891,4.885000228881836,4.824999809265137,4.885000228881836,2.83303451538086,7659032
26/12/2017,4.894999980926514,4.914999961853027,4.809999942779541,4.815000057220459,2.79243803024292,9614520
27/12/2017,4.829999923706055,4.885000228881836,4.78000020980835,4.84499979019165,2.8098361492156982,11593476
28/12/2017,4.869999885559082,4.954999923706055,4.860000133514404,4.940000057220459,2.864931106567383,19064272
29/12/2017,4.954999923706055,5.025000095367432,4.934999942779541,5.010000228881836,2.9055275917053223,22846494
01/01/2018,5.010000228881836,5.010000228881836,5.010000228881836,5.010000228881836,2.9055275917053223,0
02/01/2018,5.065000057220459,5.135000228881836,5.039999961853027,5.135000228881836,2.978020668029785,17712386
03/01/2018,5.144999980926514,5.289999961853027,5.025000095367432,5.090000152587891,2.95192289352417,27355850
04/01/2018,5.090000152587891,5.190000057220459,4.974999904632568,5.0,2.8997278213500977,33230980
05/01/2018,5.034999847412109,5.079999923706055,5.014999866485596,5.054999828338623,2.9316251277923584,21225468
08/01/2018,5.099999904632568,5.114999771118164,4.974999904632568,4.974999904632568,2.885229110717773,23892284
09/01/2018,4.980000019073486,5.019999980926514,4.885000228881836,4.954999923706055,2.873630285263061,25337728
10/01/2018,4.949999809265137,4.965000152587891,4.840000152587891,4.849999904632568,2.8127357959747314,32584478
11/01/2018,4.909999847412109,4.925000190734863,4.804999828338623,4.900000095367432,2.84173321723938,37606636
12/01/2018,4.914999961853027,5.034999847412109,4.885000228881836,5.0,2.8997278213500977,45007884
15/01/2018,4.994999885559082,5.079999923706055,4.889999866485596,4.900000095367432,2.84173321723938,33258070
16/01/2018,4.875,5.019999980926514,4.860000133514404,5.0,2.8997278213500977,25367228
17/01/2018,5.005000114440918,5.079999923706055,4.940000057220459,5.079999923706055,2.9461236000061035,27444182
18/01/2018,5.085000038146973,5.099999904632568,5.005000114440918,5.025000095367432,2.914226531982422,26554496
19/01/2018,5.014999866485596,5.074999809265137,4.934999942779541,4.945000171661377,2.867831230163574,19654096
22/01/2018,4.960000038146973,5.074999809265137,4.960000038146973,5.070000171661377,2.940324306488037,24570380
23/01/2018,5.09499979019165,5.110000133514404,5.010000228881836,5.014999866485596,2.9084270000457764,31250654
24/01/2018,5.014999866485596,5.090000152587891,5.014999866485596,5.034999847412109,2.920025587081909,22309666
25/01/2018,5.034999847412109,5.054999828338623,4.980000019073486,4.985000133514404,2.891028881072998,20981530
26/01/2018,4.994999885559082,5.050000190734863,4.994999885559082,5.034999847412109,2.920025587081909,21038260
29/01/2018,5.065000057220459,5.070000171661377,4.974999904632568,5.005000114440918,2.902628183364868,30752848
30/01/2018,4.985000133514404,5.034999847412109,4.954999923706055,4.965000152587891,2.879430055618286,20489724
31/01/2018,4.980000019073486,5.014999866485596,4.96999979019165,4.974999904632568,2.885229110717773,26680998
01/02/2018,5.019999980926514,5.125,5.014999866485596,5.119999885559082,2.969321250915528,67053950
02/02/2018,5.139999866485596,5.164999961853027,4.980000019073486,5.019999980926514,2.9113266468048096,48040862
05/02/2018,4.994999885559082,5.010000228881836,4.864999771118164,4.900000095367432,2.84173321723938,35502024
06/02/2018,4.775000095367432,4.960000038146973,4.735000133514404,4.929999828338623,2.859131336212158,28578538
07/02/2018,4.960000038146973,4.96999979019165,4.869999885559082,4.869999885559082,2.8243348598480225,30488476
08/02/2018,4.900000095367432,4.90500020980835,4.760000228881836,4.815000057220459,2.79243803024292,22645556
09/02/2018,4.760000228881836,4.914999961853027,4.724999904632568,4.84499979019165,2.8098361492156982,20850288
12/02/2018,4.880000114440918,4.914999961853027,4.824999809265137,4.824999809265137,2.7982378005981445,19794318
13/02/2018,4.849999904632568,4.960000038146973,4.824999809265137,4.954999923706055,2.873630285263061,33941420
14/02/2018,4.994999885559082,5.050000190734863,4.960000038146973,4.985000133514404,2.891028881072998,25208604
15/02/2018,5.03000020980835,5.159999847412109,5.025000095367432,5.144999980926514,2.9838201999664307,33992884
16/02/2018,5.190000057220459,5.210000038146973,5.119999885559082,5.175000190734863,3.001218557357788,20994304
19/02/2018,5.190000057220459,5.21999979019165,5.039999961853027,5.114999771118164,2.966421365737915,14852716
20/02/2018,5.135000228881836,5.255000114440918,5.079999923706055,5.105000019073486,2.960622549057007,22243994
21/02/2018,5.150000095367432,5.25,5.125,5.25,3.0447139739990234,23707072
22/02/2018,5.224999904632568,5.244999885559082,5.135000228881836,5.215000152587891,3.024416208267212,21453588
23/02/2018,5.239999771118164,5.414999961853027,5.230000019073486,5.385000228881836,3.12300705909729,31220992
26/02/2018,5.414999961853027,5.445000171661377,5.28000020980835,5.385000228881836,3.12300705909729,23008822
27/02/2018,5.389999866485596,5.519999980926514,5.389999866485596,5.440000057220459,3.154904365539551,23871332
28/02/2018,5.449999809265137,5.715000152587891,5.40500020980835,5.715000152587891,3.3143889904022217,44671286
01/03/2018,5.65500020980835,5.679999828338623,5.539999961853027,5.559999942779541,3.2244977951049805,27891304
02/03/2018,5.494999885559082,5.5,5.289999961853027,5.329999923706055,3.0911099910736084,32914224
05/03/2018,5.340000152587891,5.480000019073486,5.275000095367432,5.389999866485596,3.1259067058563232,17601492
06/03/2018,5.440000057220459,5.489999771118164,5.284999847412109,5.389999866485596,3.1259067058563232,18324544
07/03/2018,5.329999923706055,5.360000133514404,5.224999904632568,5.244999885559082,3.0418145656585693,20707662
08/03/2018,5.25,5.320000171661377,5.244999885559082,5.309999942779541,3.0795111656188965,17072676
09/03/2018,5.309999942779541,5.445000171661377,5.275000095367432,5.420000076293945,3.14330530166626,14882018
12/03/2018,5.460000038146973,5.574999809265137,5.40500020980835,5.425000190734863,3.146205186843872,15153044
13/03/2018,5.445000171661377,5.514999866485596,5.40500020980835,5.445000171661377,3.157803773880005,15453512
14/03/2018,5.454999923706055,5.510000228881836,5.409999847412109,5.434999942779541,3.15200424194336,12112314
15/03/2018,5.460000038146973,5.550000190734863,5.409999847412109,5.525000095367432,3.204199314117432,21972386
16/03/2018,5.539999961853027,5.570000171661377,5.465000152587891,5.480000019073486,3.1781017780303955,11070442
19/03/2018,5.474999904632568,5.485000133514404,5.355000019073486,5.385000228881836,3.12300705909729,12135228
20/03/2018,5.40500020980835,5.485000133514404,5.355000019073486,5.46999979019165,3.172302007675171,17302890
21/03/2018,5.489999771118164,5.565000057220459,5.480000019073486,5.559999942779541,3.2244977951049805,24448174
22/03/2018,5.554999828338623,5.585000038146973,5.534999847412109,5.545000076293945,3.2157986164093018,25401762
23/03/2018,5.46999979019165,5.474999904632568,5.340000152587891,5.409999847412109,3.137505054473877,45049338
26/03/2018,5.440000057220459,5.449999809265137,5.28000020980835,5.324999809265137,3.088210105895996,21456504
27/03/2018,5.369999885559082,5.389999866485596,5.284999847412109,5.335000038146973,3.0940096378326416,20280222
28/03/2018,5.309999942779541,5.349999904632568,5.150000095367432,5.170000076293945,2.998318672180176,22294452
29/03/2018,5.199999809265137,5.235000133514404,5.184999942779541,5.199999809265137,3.015717029571533,20941086
30/03/2018,5.224999904632568,5.284999847412109,5.215000152587891,5.25,3.0447139739990234,11298578
02/04/2018,5.255000114440918,5.275000095367432,5.175000190734863,5.190000057220459,3.009917736053467,6111268
03/04/2018,5.184999942779541,5.329999923706055,5.184999942779541,5.284999847412109,3.0650124549865723,23046042
04/04/2018,5.324999809265137,5.329999923706055,5.215000152587891,5.300000190734863,3.07371187210083,20415358
05/04/2018,5.304999828338623,5.375,5.235000133514404,5.360000133514404,3.108508586883545,22389408
06/04/2018,5.34499979019165,5.380000114440918,5.295000076293945,5.329999923706055,3.0911099910736084,13702784
09/04/2018,5.349999904632568,5.364999771118164,5.179999828338623,5.199999809265137,3.015717029571533,19641904
10/04/2018,5.21999979019165,5.21999979019165,5.074999809265137,5.135000228881836,2.978020668029785,24228516
11/04/2018,5.090000152587891,5.230000019073486,4.914999961853027,5.215000152587891,3.024416208267212,29962704
12/04/2018,5.199999809265137,5.355000019073486,5.15500020980835,5.335000038146973,3.0940096378326416,27674964
13/04/2018,5.360000133514404,5.434999942779541,5.320000171661377,5.414999961853027,3.1404056549072266,24260020
16/04/2018,5.420000076293945,5.434999942779541,5.360000133514404,5.389999866485596,3.1259067058563232,12948378
17/04/2018,5.440000057220459,5.474999904632568,5.264999866485596,5.304999828338623,3.076611518859864,31186300
18/04/2018,5.315000057220459,5.494999885559082,5.230000019073486,5.489999771118164,3.183900833129883,33085358
19/04/2018,5.505000114440918,5.664999961853027,5.465000152587891,5.605000019073486,3.250595092773437,27628566
20/04/2018,5.59499979019165,5.710000038146973,5.559999942779541,5.684999942779541,3.296990394592285,20918762
23/04/2018,5.684999942779541,5.684999942779541,5.684999942779541,5.684999942779541,3.296990394592285,0
24/04/2018,5.710000038146973,5.710000038146973,5.550000190734863,5.65500020980835,3.279592752456665,23629902
25/04/2018,5.65500020980835,5.684999942779541,5.420000076293945,5.505000114440918,3.19260048866272,25366256
26/04/2018,5.53000020980835,5.559999942779541,5.434999942779541,5.539999961853027,3.2128984928131104,21793058
27/04/2018,5.489999771118164,5.489999771118164,5.315000057220459,5.324999809265137,3.088210105895996,22879168
30/04/2018,5.34499979019165,5.349999904632568,5.039999961853027,5.079999923706055,2.9461236000061035,28023820
01/05/2018,5.079999923706055,5.079999923706055,5.079999923706055,5.079999923706055,2.9461236000061035,0
02/05/2018,5.119999885559082,5.360000133514404,5.110000133514404,5.360000133514404,3.108508586883545,32442680
03/05/2018,5.375,5.514999866485596,5.25,5.340000152587891,3.096909523010254,35747846
04/05/2018,5.340000152587891,5.434999942779541,5.184999942779541,5.244999885559082,3.0418145656585693,33248458
07/05/2018,5.21999979019165,5.25,4.940000057220459,4.945000171661377,2.867831230163574,26450514
08/05/2018,4.96999979019165,5.204999923706055,4.949999809265137,5.15500020980835,2.989619255065918,45330306
09/05/2018,5.099999904632568,5.289999961853027,5.03000020980835,5.275000095367432,3.059212684631348,29085102
10/05/2018,5.304999828338623,5.335000038146973,5.130000114440918,5.284999847412109,3.0650124549865723,21325980
11/05/2018,5.289999961853027,5.5,5.284999847412109,5.349999904632568,3.102708578109741,31641672
14/05/2018,5.394999980926514,5.585000038146973,5.364999771118164,5.534999847412109,3.209999084472656,18889252
15/05/2018,5.485000133514404,5.664999961853027,5.460000038146973,5.619999885559082,3.259294033050537,31489902
16/05/2018,5.650000095367432,5.860000133514404,5.625,5.809999942779541,3.369483709335327,26919206
17/05/2018,5.829999923706055,5.900000095367432,5.730000019073486,5.784999847412109,3.354984998703003,18675066
18/05/2018,5.78000020980835,5.934999942779541,5.704999923706055,5.75,3.3346869945526123,16863038
21/05/2018,5.75,5.889999866485596,5.715000152587891,5.840000152587891,3.386882305145264,15174822
22/05/2018,5.840000152587891,5.985000133514404,5.744999885559082,5.960000038146973,3.4564759731292725,17687862
23/05/2018,5.875,5.940000057220459,5.704999923706055,5.760000228881836,3.340486764907837,23565714
24/05/2018,5.860000133514404,5.920000076293945,5.630000114440918,5.65500020980835,3.279592752456665,19373682
25/05/2018,5.699999809265137,5.974999904632568,5.679999828338623,5.960000038146973,3.4564759731292725,26522748
28/05/2018,6.0,6.224999904632568,5.965000152587891,6.179999828338623,3.5840632915496826,25406144
29/05/2018,5.75,5.949999809265137,5.715000152587891,5.934999942779541,3.6929545402526855,25860740
30/05/2018,5.909999847412109,5.989999771118164,5.764999866485596,5.804999828338623,3.612064123153688,29131054
31/05/2018,5.835000038146973,5.864999771118164,5.269999980926514,5.650000095367432,3.515618085861206,38511926
01/06/2018,5.619999885559082,5.855000019073486,5.454999923706055,5.664999961853027,3.524951934814453,35856026
04/06/2018,5.664999961853027,5.744999885559082,5.599999904632568,5.625,3.5000624656677246,20192400
05/06/2018,5.679999828338623,5.710000038146973,5.59499979019165,5.619999885559082,3.496951103210449,19675638
06/06/2018,5.635000228881836,5.659999847412109,5.40500020980835,5.505000114440918,3.425394296646118,26555540
07/06/2018,5.494999885559082,5.635000228881836,5.454999923706055,5.550000190734863,3.453394651412964,18610480
08/06/2018,5.53000020980835,5.53000020980835,5.125,5.139999866485596,3.1982791423797607,24814416
11/06/2018,5.159999847412109,5.385000228881836,5.010000228881836,5.329999923706055,3.3165037631988525,36023560
12/06/2018,5.304999828338623,5.385000228881836,5.210000038146973,5.300000190734863,3.297836303710937,23390466
13/06/2018,5.275000095367432,5.380000114440918,5.195000171661377,5.21999979019165,3.24805760383606,27778836
14/06/2018,5.224999904632568,5.400000095367432,5.090000152587891,5.289999961853027,3.291613817214966,21695404
15/06/2018,5.289999961853027,5.289999961853027,5.289999961853027,5.289999961853027,3.291613817214966,0
18/06/2018,5.284999847412109,5.284999847412109,5.090000152587891,5.144999980926514,3.201390027999878,20402772
19/06/2018,5.125,5.474999904632568,5.099999904632568,5.445000171661377,3.3880600929260254,26007830
20/06/2018,5.425000190734863,5.425000190734863,5.215000152587891,5.230000019073486,3.2542800903320312,26696954
21/06/2018,5.235000133514404,5.25,5.119999885559082,5.21999979019165,3.24805760383606,25605446
22/06/2018,5.25,5.335000038146973,5.190000057220459,5.269999980926514,3.27916955947876,20219728
25/06/2018,5.375,5.425000190734863,5.074999809265137,5.135000228881836,3.1951680183410645,20568870
26/06/2018,5.159999847412109,5.235000133514404,5.090000152587891,5.215000152587891,3.244946241378784,18224966
27/06/2018,5.224999904632568,5.300000190734863,5.144999980926514,5.15500020980835,3.2076125144958496,24019670
28/06/2018,5.150000095367432,5.210000038146973,5.110000133514404,5.114999771118164,3.182722806930542,22076684
29/06/2018,5.130000114440918,5.175000190734863,5.090000152587891,5.09499979019165,3.170278310775757,20646454
02/07/2018,5.074999809265137,5.130000114440918,5.025000095367432,5.105000019073486,3.176501035690308,24704296
03/07/2018,5.119999885559082,5.375,5.09499979019165,5.28000020980835,3.285391569137573,42621542
04/07/2018,5.315000057220459,5.320000171661377,5.215000152587891,5.244999885559082,3.263613224029541,18223678
05/07/2018,5.255000114440918,5.414999961853027,5.255000114440918,5.364999771118164,3.3382816314697266,23242346
06/07/2018,5.400000095367432,5.420000076293945,5.269999980926514,5.324999809265137,3.313392400741577,21314742
09/07/2018,5.380000114440918,5.440000057220459,5.260000228881836,5.324999809265137,3.313392400741577,21964320
10/07/2018,5.25,5.46999979019165,5.235000133514404,5.465000152587891,3.4005045890808105,34456112
11/07/2018,5.445000171661377,5.53000020980835,5.295000076293945,5.429999828338623,3.378726959228516,33700004
12/07/2018,5.425000190734863,5.46999979019165,4.96999979019165,5.054999828338623,3.1453888416290283,54556054
13/07/2018,5.099999904632568,5.130000114440918,4.889999866485596,5.005000114440918,3.1142778396606445,32240952
16/07/2018,5.050000190734863,5.130000114440918,4.96999979019165,5.065000057220459,3.151611566543579,25365632
17/07/2018,5.065000057220459,5.295000076293945,5.050000190734863,5.289999961853027,3.291613817214966,30725114
18/07/2018,5.275000095367432,5.570000171661377,5.260000228881836,5.519999980926514,3.434727668762207,40855004
19/07/2018,5.525000095367432,5.699999809265137,5.429999828338623,5.625,3.5000624656677246,48266076
20/07/2018,5.619999885559082,5.659999847412109,5.514999866485596,5.605000019073486,3.487617492675781,17040462
23/07/2018,5.599999904632568,5.699999809265137,5.599999904632568,5.625,3.5000624656677246,18840954
24/07/2018,5.610000133514404,5.650000095367432,5.389999866485596,5.394999980926514,3.3569486141204834,30783726
25/07/2018,5.375,5.505000114440918,5.34499979019165,5.480000019073486,3.4098381996154785,35795084
26/07/2018,5.510000228881836,5.514999866485596,5.309999942779541,5.420000076293945,3.372504234313965,38261404
27/07/2018,5.425000190734863,5.5,5.385000228881836,5.46999979019165,3.403615713119507,21026386
30/07/2018,5.429999828338623,5.519999980926514,5.414999961853027,5.494999885559082,3.4191715717315674,17316278
31/07/2018,5.465000152587891,5.565000057220459,5.454999923706055,5.53000020980835,3.440950632095337,33969696
01/08/2018,5.534999847412109,5.840000152587891,5.53000020980835,5.835000038146973,3.6307311058044434,54998050
02/08/2018,5.75,6.03000020980835,5.690000057220459,6.019999980926514,3.74584436416626,46004258
03/08/2018,6.005000114440918,6.054999828338623,5.835000038146973,5.90500020980835,3.674288034439087,30658078
06/08/2018,5.875,5.945000171661377,5.815000057220459,5.875,3.6556203365325928,20003650
07/08/2018,5.875,6.050000190734863,5.829999923706055,6.034999847412109,3.7551777362823486,24231844
08/08/2018,6.045000076293945,6.110000133514404,5.989999771118164,6.03000020980835,3.752066850662232,22543234
09/08/2018,5.96999979019165,6.195000171661377,5.894999980926514,6.090000152587891,3.789400815963745,31038044
10/08/2018,5.75,6.21999979019165,5.170000076293945,5.894999980926514,3.668065309524536,75233802
13/08/2018,5.894999980926514,6.090000152587891,5.550000190734863,5.664999961853027,3.524951934814453,74914936
14/08/2018,5.75,5.925000190734863,5.5,5.614999771118164,3.493839740753174,48248538
15/08/2018,5.704999923706055,5.880000114440918,5.585000038146973,5.664999961853027,3.524951934814453,50967228
16/08/2018,5.804999828338623,5.804999828338623,5.195000171661377,5.239999771118164,3.260502338409424,51384216
17/08/2018,5.190000057220459,5.650000095367432,5.099999904632568,5.650000095367432,3.515618085861206,56946976
20/08/2018,5.639999866485596,5.704999923706055,5.510000228881836,5.59499979019165,3.481395483016968,13702466
21/08/2018,5.59499979019165,5.59499979019165,5.59499979019165,5.59499979019165,3.481395483016968,0
22/08/2018,5.59499979019165,5.59499979019165,5.59499979019165,5.59499979019165,3.481395483016968,0
23/08/2018,5.59499979019165,5.59499979019165,5.59499979019165,5.59499979019165,3.481395483016968,0
24/08/2018,5.59499979019165,5.59499979019165,5.59499979019165,5.59499979019165,3.481395483016968,0
27/08/2018,5.699999809265137,5.769999980926514,5.585000038146973,5.769999980926514,3.5902860164642334,41083172
28/08/2018,5.755000114440918,6.03000020980835,5.630000114440918,6.0,3.733399629592896,40902978
29/08/2018,5.960000038146973,5.96999979019165,5.730000019073486,5.795000076293945,3.605842351913452,27558410
30/08/2018,5.795000076293945,5.795000076293945,5.795000076293945,5.795000076293945,3.605842351913452,0
31/08/2018,5.789999961853027,5.909999847412109,5.71999979019165,5.900000095367432,3.671176671981812,30236734
03/09/2018,5.855000019073486,6.090000152587891,5.835000038146973,6.074999809265137,3.780066728591919,28258346
04/09/2018,6.050000190734863,6.059999942779541,5.789999961853027,5.835000038146973,3.6307311058044434,26994892
05/09/2018,5.815000057220459,5.864999771118164,5.679999828338623,5.71999979019165,3.5591742992401123,29920792
06/09/2018,5.75,5.795000076293945,5.659999847412109,5.675000190734863,3.5311734676361084,20432162
07/09/2018,5.670000076293945,5.789999961853027,5.639999866485596,5.690000057220459,3.5405073165893555,29341948
10/09/2018,5.664999961853027,5.710000038146973,5.610000133514404,5.635000228881836,3.5062849521636963,16752222
11/09/2018,5.625,5.675000190734863,5.579999923706055,5.664999961853027,3.524951934814453,19285652
12/09/2018,5.650000095367432,5.75,5.614999771118164,5.619999885559082,3.496951103210449,28081164
13/09/2018,5.65500020980835,5.71999979019165,5.510000228881836,5.675000190734863,3.5311734676361084,34109128
14/09/2018,5.679999828338623,5.695000171661377,5.519999980926514,5.53000020980835,3.440950632095337,32691824
17/09/2018,5.494999885559082,5.605000019073486,5.465000152587891,5.574999809265137,3.468949794769287,15599992
18/09/2018,5.574999809265137,5.639999866485596,5.510000228881836,5.519999980926514,3.434727668762207,23134050
19/09/2018,5.539999961853027,5.614999771118164,5.539999961853027,5.585000038146973,3.475172758102417,18717434
20/09/2018,5.625,5.675000190734863,5.510000228881836,5.550000190734863,3.453394651412964,30874156
21/09/2018,5.554999828338623,5.71999979019165,5.554999828338623,5.699999809265137,3.546729803085327,34724986
24/09/2018,5.715000152587891,5.739999771118164,5.590000152587891,5.679999828338623,3.5342845916748047,24307100
25/09/2018,5.699999809265137,5.710000038146973,5.574999809265137,5.619999885559082,3.496951103210449,25149440
26/09/2018,5.625,5.635000228881836,5.440000057220459,5.510000228881836,3.4285054206848145,23590138
27/09/2018,5.485000133514404,5.675000190734863,5.425000190734863,5.625,3.5000624656677246,34253610
28/09/2018,5.610000133514404,5.619999885559082,5.485000133514404,5.554999828338623,3.45650577545166,28520456
01/10/2018,5.53000020980835,5.650000095367432,5.505000114440918,5.525000095367432,3.437838792800904,19968022
02/10/2018,5.525000095367432,5.59499979019165,5.505000114440918,5.570000171661377,3.46583890914917,22696306
03/10/2018,5.565000057220459,5.599999904632568,5.46999979019165,5.489999771118164,3.416060447692871,15570590
04/10/2018,5.480000019073486,5.559999942779541,5.335000038146973,5.505000114440918,3.425394296646118,25414556
05/10/2018,5.510000228881836,5.559999942779541,5.394999980926514,5.550000190734863,3.453394651412964,27448772
08/10/2018,5.514999866485596,5.545000076293945,5.445000171661377,5.510000228881836,3.4285054206848145,24773800
09/10/2018,5.514999866485596,5.599999904632568,5.46999979019165,5.59499979019165,3.481395483016968,22665460
10/10/2018,5.605000019073486,5.650000095367432,5.369999885559082,5.380000114440918,3.3476147651672363,25901670
11/10/2018,5.369999885559082,5.449999809265137,5.275000095367432,5.304999828338623,3.300947427749634,27015764
12/10/2018,5.375,5.534999847412109,5.260000228881836,5.445000171661377,3.3880600929260254,29459584
15/10/2018,5.480000019073486,5.574999809265137,5.400000095367432,5.494999885559082,3.4191715717315674,25383068
16/10/2018,5.494999885559082,5.545000076293945,5.420000076293945,5.440000057220459,3.38494873046875,32737122
17/10/2018,5.485000133514404,5.5,5.215000152587891,5.315000057220459,3.307170152664185,44015464
18/10/2018,5.275000095367432,5.349999904632568,5.15500020980835,5.159999847412109,3.210723400115967,28198516
19/10/2018,5.150000095367432,5.184999942779541,5.085000038146973,5.09499979019165,3.170278310775757,24201982
22/10/2018,5.125,5.144999980926514,4.925000190734863,4.949999809265137,3.08005428314209,32629520
23/10/2018,4.864999771118164,4.989999771118164,4.855000019073486,4.929999828338623,3.067610025405884,29455390
24/10/2018,4.925000190734863,4.945000171661377,4.635000228881836,4.650000095367432,2.893385171890259,29914488
25/10/2018,4.664999961853027,4.829999923706055,4.539999961853027,4.809999942779541,2.9929423332214355,32066714
26/10/2018,4.78000020980835,4.800000190734863,4.510000228881836,4.519999980926514,2.8124942779541016,29546832
29/10/2018,4.519999980926514,4.519999980926514,4.519999980926514,4.519999980926514,2.8124942779541016,0
30/10/2018,4.525000095367432,4.539999961853027,4.315000057220459,4.360000133514404,2.712937355041504,40660988
31/10/2018,4.364999771118164,4.565000057220459,4.340000152587891,4.465000152587891,2.778271675109864,46813838
01/11/2018,4.5,4.585000038146973,4.380000114440918,4.389999866485596,2.7316038608551025,33906428
02/11/2018,4.485000133514404,4.764999866485596,4.46999979019165,4.65500020980835,2.896495819091797,48504644
05/11/2018,4.684999942779541,4.735000133514404,4.579999923706055,4.735000133514404,2.946274518966675,29474456
06/11/2018,4.755000114440918,4.784999847412109,4.614999771118164,4.65500020980835,2.896495819091797,26055872
07/11/2018,4.65500020980835,4.699999809265137,4.570000171661377,4.574999809265137,2.846717357635498,24404452
08/11/2018,4.570000171661377,4.605000019073486,4.400000095367432,4.5,2.8000497817993164,25584548
09/11/2018,4.505000114440918,4.550000190734863,4.400000095367432,4.550000190734863,2.831161499023437,19877922
12/11/2018,4.550000190734863,4.554999828338623,4.355000019073486,4.360000133514404,2.712937355041504,19563988
13/11/2018,4.340000152587891,4.519999980926514,4.340000152587891,4.414999961853027,2.747159957885742,26447124
14/11/2018,4.400000095367432,4.585000038146973,4.369999885559082,4.5,2.8000497817993164,29293006
15/11/2018,4.534999847412109,4.534999847412109,4.425000190734863,4.429999828338623,2.756493091583252,29030324
16/11/2018,4.429999828338623,4.474999904632568,4.369999885559082,4.425000190734863,2.753382444381714,24047684
19/11/2018,4.425000190734863,4.519999980926514,4.364999771118164,4.375,2.7222707271575928,30646754
20/11/2018,4.380000114440918,4.389999866485596,4.105000019073486,4.110000133514404,2.557379007339477,46457126
21/11/2018,4.139999866485596,4.199999809265137,4.045000076293945,4.130000114440918,2.5698235034942627,36388912
22/11/2018,4.159999847412109,4.224999904632568,4.09499979019165,4.110000133514404,2.557379007339477,27808414
23/11/2018,4.105000019073486,4.130000114440918,4.045000076293945,4.059999942779541,2.5262668132781982,13937548
26/11/2018,4.085000038146973,4.099999904632568,4.0,4.010000228881836,2.495155572891236,18746970
27/11/2018,4.010000228881836,4.03000020980835,3.865000009536743,3.875,2.41115403175354,32941400
28/11/2018,3.875,3.9700000286102295,3.849999904632568,3.884999990463257,2.4173762798309326,40060250
29/11/2018,3.920000076293945,3.9600000381469727,3.765000104904175,3.775000095367432,2.348930835723877,51999754
30/11/2018,3.7699999809265137,3.880000114440918,3.759999990463257,3.815000057220459,2.373819828033448,47315952
03/12/2018,3.900000095367432,4.199999809265137,3.900000095367432,4.074999809265137,2.535600423812866,83712340
04/12/2018,4.03000020980835,4.085000038146973,3.930000066757202,3.9600000381469727,2.464043617248535,32902638
05/12/2018,3.940000057220459,4.159999847412109,3.8949999809265137,4.114999771118164,2.5604898929595947,42238474
06/12/2018,4.045000076293945,4.090000152587891,3.880000114440918,3.900000095367432,2.4267098903656006,49397818
07/12/2018,3.940000057220459,3.9600000381469727,3.8550000190734863,3.9149999618530273,2.436043262481689,29890554
10/12/2018,3.8949999809265137,3.924999952316284,3.714999914169312,3.724999904632568,2.3178188800811768,38083778
11/12/2018,3.724999904632568,3.809999942779541,3.680000066757202,3.7200000286102295,2.3147075176239014,69599706
12/12/2018,3.740000009536743,3.785000085830689,3.680000066757202,3.694999933242798,2.29915189743042,54962548
13/12/2018,3.704999923706055,3.865000009536743,3.6649999618530273,3.865000009536743,2.4049315452575684,85942878
14/12/2018,3.8550000190734863,3.8550000190734863,3.700000047683716,3.7699999809265137,2.3458194732666016,35288912
17/12/2018,3.775000095367432,3.805000066757202,3.714999914169312,3.744999885559082,2.330263614654541,14287252
18/12/2018,3.7300000190734863,3.75,3.690000057220459,3.740000009536743,2.3271524906158447,28645110
19/12/2018,3.755000114440918,3.8550000190734863,3.740000009536743,3.8350000381469727,2.38626480102539,45677294
20/12/2018,3.7799999713897705,3.799999952316284,3.7100000381469727,3.734999895095825,2.3240408897399902,34132258
21/12/2018,3.724999904632568,3.759999990463257,3.690000057220459,3.704999923706055,2.3053741455078125,27431274
24/12/2018,3.7300000190734863,3.775000095367432,3.704999923706055,3.714999914169312,2.311596632003784,17170346
25/12/2018,3.690000057220459,3.694999933242798,3.6449999809265137,3.6649999618530273,2.280484914779663,9856586
26/12/2018,3.674999952316284,3.684999942779541,3.615000009536743,3.630000114440918,2.258707046508789,9228442
27/12/2018,3.684999942779541,3.694999933242798,3.575000047683716,3.5799999237060547,2.227595090866089,17857254
28/12/2018,3.575000047683716,3.625,3.555000066757202,3.559999942779541,2.2151503562927246,17770372
31/12/2018,3.559999942779541,3.634999990463257,3.5299999713897705,3.615000009536743,2.249373435974121,18800096
01/01/2019,3.615000009536743,3.615000009536743,3.615000009536743,3.615000009536743,2.249373435974121,0
02/01/2019,3.595000028610229,3.6449999809265137,3.505000114440918,3.515000104904175,2.187150001525879,20716062
03/01/2019,3.484999895095825,3.609999895095825,3.4749999046325684,3.5350000858306885,2.199594736099243,41557454
04/01/2019,3.569999933242798,3.640000104904175,3.525000095367432,3.634999990463257,2.2618179321289062,41516494
07/01/2019,3.670000076293945,3.714999914169312,3.6449999809265137,3.660000085830689,2.277373790740967,46401600
08/01/2019,3.670000076293945,3.714999914169312,3.609999895095825,3.7100000381469727,2.308485507965088,32762520
09/01/2019,3.740000009536743,3.839999914169312,3.714999914169312,3.819999933242798,2.3769311904907227,49682640
10/01/2019,3.839999914169312,3.8450000286102295,3.755000114440918,3.755000114440918,2.3364861011505127,25155906
11/01/2019,3.7799999713897705,3.8350000381469727,3.684999942779541,3.700000047683716,2.302263021469116,40902432
14/01/2019,3.650000095367432,3.740000009536743,3.5999999046325684,3.7300000190734863,2.3209304809570312,32813406
15/01/2019,3.7699999809265137,3.819999933242798,3.704999923706055,3.734999895095825,2.3240408897399902,48557688
16/01/2019,3.744999885559082,3.75,3.6549999713897705,3.694999933242798,2.29915189743042,37692574
17/01/2019,3.700000047683716,3.755000114440918,3.680000066757202,3.704999923706055,2.3053741455078125,42694666
18/01/2019,3.775000095367432,3.954999923706055,3.7699999809265137,3.934999942779541,2.4484879970550537,67929682
21/01/2019,3.974999904632568,4.179999828338623,3.964999914169312,4.074999809265137,2.535600423812866,76872694
22/01/2019,4.090000152587891,4.244999885559082,4.045000076293945,4.215000152587891,2.622713565826416,50695012
23/01/2019,4.199999809265137,4.255000114440918,4.09499979019165,4.195000171661377,2.6102685928344727,60025356
24/01/2019,4.210000038146973,4.264999866485596,4.159999847412109,4.239999771118164,2.6382689476013184,50597714
25/01/2019,4.304999828338623,4.340000152587891,4.204999923706055,4.224999904632568,2.6289353370666504,46574868
28/01/2019,4.25,4.369999885559082,4.110000133514404,4.114999771118164,2.5604898929595947,59067290
29/01/2019,4.130000114440918,4.309999942779541,4.125,4.309999942779541,2.681825637817383,55220946
30/01/2019,4.329999923706055,4.360000133514404,4.195000171661377,4.230000019073486,2.632046937942505,71154502
31/01/2019,4.300000190734863,4.329999923706055,4.21999979019165,4.244999885559082,2.641380071640014,52916734
01/02/2019,4.239999771118164,4.275000095367432,4.130000114440918,4.159999847412109,2.5884902477264404,35134882
04/02/2019,4.139999866485596,4.230000019073486,4.125,4.15500020980835,2.585379123687744,23079334
05/02/2019,4.170000076293945,4.204999923706055,4.085000038146973,4.130000114440918,2.5698235034942627,23861620
06/02/2019,4.15500020980835,4.159999847412109,3.930000066757202,4.105000019073486,2.554267406463623,52696268
07/02/2019,4.105000019073486,4.300000190734863,4.065000057220459,4.300000190734863,2.675603151321411,94725720
08/02/2019,4.224999904632568,4.34499979019165,4.110000133514404,4.15500020980835,2.585379123687744,72697738
11/02/2019,4.199999809265137,4.269999980926514,4.164999961853027,4.25,2.64449143409729,46467834
12/02/2019,4.275000095367432,4.340000152587891,4.230000019073486,4.264999866485596,2.653825044631958,56047464
13/02/2019,4.304999828338623,4.369999885559082,4.230000019073486,4.239999771118164,2.6382689476013184,57443908
14/02/2019,4.255000114440918,4.335000038146973,4.139999866485596,4.329999923706055,2.694269895553589,58248174
15/02/2019,4.34499979019165,4.369999885559082,4.21999979019165,4.300000190734863,2.675603151321411,54756894
18/02/2019,4.304999828338623,4.460000038146973,4.289999961853027,4.409999847412109,2.744048833847046,62958230
19/02/2019,4.434999942779541,4.534999847412109,4.389999866485596,4.514999866485596,2.8093831539154053,78206816
20/02/2019,4.525000095367432,4.53000020980835,4.400000095367432,4.409999847412109,2.744048833847046,41231832
21/02/2019,4.409999847412109,4.465000152587891,4.394999980926514,4.40500020980835,2.7409377098083496,37218632
22/02/2019,4.440000057220459,4.630000114440918,4.414999961853027,4.625,2.87782883644104,59053544
25/02/2019,4.679999828338623,4.764999866485596,4.554999828338623,4.559999942779541,2.83738374710083,49455790
26/02/2019,4.599999904632568,4.75,4.599999904632568,4.71999979019165,2.936941146850586,56079220
27/02/2019,4.699999809265137,4.769999980926514,4.635000228881836,4.735000133514404,2.946274518966675,35277994
28/02/2019,4.71999979019165,4.78000020980835,4.644999980926514,4.675000190734863,2.90894079208374,44550114
01/03/2019,4.695000171661377,4.710000038146973,4.474999904632568,4.5,2.8000497817993164,51886214
04/03/2019,4.525000095367432,4.565000057220459,4.519999980926514,4.534999847412109,2.8218276500701904,25832830
05/03/2019,4.53000020980835,4.550000190734863,4.434999942779541,4.445000171661377,2.765826940536499,40441150
06/03/2019,4.449999809265137,4.574999809265137,4.449999809265137,4.494999885559082,2.796938419342041,38075250
07/03/2019,4.494999885559082,4.554999828338623,4.454999923706055,4.460000038146973,2.775160312652588,29941872
08/03/2019,4.460000038146973,4.480000019073486,4.320000171661377,4.385000228881836,2.7284929752349854,28565800
11/03/2019,4.40500020980835,4.510000228881836,4.400000095367432,4.445000171661377,2.765826940536499,24538018
12/03/2019,4.5,4.534999847412109,4.400000095367432,4.465000152587891,2.778271675109864,28485430
13/03/2019,4.485000133514404,4.53000020980835,4.420000076293945,4.46999979019165,2.7813825607299805,23508422
14/03/2019,4.480000019073486,4.605000019073486,4.449999809265137,4.590000152587891,2.856050729751587,31650886
15/03/2019,4.59499979019165,4.675000190734863,4.570000171661377,4.670000076293945,2.905829429626465,29230696
18/03/2019,4.71999979019165,4.775000095367432,4.679999828338623,4.724999904632568,2.940051794052124,31172650
19/03/2019,4.71999979019165,4.860000133514404,4.704999923706055,4.840000152587891,3.0116095542907715,49304062
20/03/2019,4.730000019073486,4.764999866485596,4.605000019073486,4.630000114440918,2.8809399604797363,29396740
21/03/2019,4.635000228881836,4.670000076293945,4.465000152587891,4.465000152587891,2.778271675109864,38482466
22/03/2019,4.550000190734863,4.559999942779541,4.369999885559082,4.389999866485596,2.7316038608551025,30128540
25/03/2019,4.414999961853027,4.619999885559082,4.380000114440918,4.614999771118164,2.8716065883636475,50297962
26/03/2019,4.630000114440918,4.715000152587891,4.519999980926514,4.574999809265137,2.846717357635498,47450204
27/03/2019,4.574999809265137,4.614999771118164,4.190000057220459,4.275000095367432,2.6600472927093506,76128048
28/03/2019,4.420000076293945,4.679999828338623,4.389999866485596,4.590000152587891,2.856050729751587,62504460
29/03/2019,4.585000038146973,4.635000228881836,4.474999904632568,4.590000152587891,2.856050729751587,30282192
01/04/2019,4.579999923706055,4.625,4.505000114440918,4.525000095367432,2.815605640411377,36584552
02/04/2019,4.489999771118164,4.59499979019165,4.434999942779541,4.525000095367432,2.815605640411377,45996828
03/04/2019,4.474999904632568,4.554999828338623,4.474999904632568,4.525000095367432,2.815605640411377,20300856
04/04/2019,4.53000020980835,4.690000057220459,4.53000020980835,4.644999980926514,2.8902738094329834,36358374
05/04/2019,4.75,4.784999847412109,4.639999866485596,4.679999828338623,2.9120519161224365,37212400
08/04/2019,4.699999809265137,4.755000114440918,4.614999771118164,4.644999980926514,2.8902738094329834,20696152
09/04/2019,4.724999904632568,4.869999885559082,4.71999979019165,4.804999828338623,2.989830732345581,28560508
10/04/2019,4.855000019073486,4.885000228881836,4.75,4.784999847412109,2.9773857593536377,19747868
11/04/2019,4.764999866485596,4.775000095367432,4.684999942779541,4.695000171661377,2.9213852882385254,14835094
12/04/2019,4.639999866485596,4.724999904632568,4.585000038146973,4.704999923706055,2.927607774734497,17823502
15/04/2019,4.695000171661377,4.715000152587891,4.590000152587891,4.599999904632568,2.8622729778289795,38843208
16/04/2019,4.619999885559082,4.639999866485596,4.570000171661377,4.610000133514404,2.8684957027435303,27681348
17/04/2019,4.619999885559082,4.684999942779541,4.610000133514404,4.619999885559082,2.874717950820923,28530670
18/04/2019,4.610000133514404,4.635000228881836,4.574999809265137,4.625,2.87782883644104,18473706
19/04/2019,4.619999885559082,4.659999847412109,4.619999885559082,4.639999866485596,2.887162208557129,9102760
22/04/2019,4.630000114440918,4.65500020980835,4.590000152587891,4.625,2.87782883644104,5837038
23/04/2019,4.625,4.625,4.625,4.625,2.87782883644104,0
24/04/2019,4.614999771118164,4.625,4.539999961853027,4.545000076293945,2.828050374984741,31038700
25/04/2019,4.539999961853027,4.554999828338623,4.380000114440918,4.400000095367432,2.737826347351074,34173482
26/04/2019,4.440000057220459,4.474999904632568,4.335000038146973,4.380000114440918,2.725381851196289,30015210
29/04/2019,4.385000228881836,4.534999847412109,4.375,4.525000095367432,2.815605640411377,45623542
30/04/2019,4.519999980926514,4.625,4.510000228881836,4.590000152587891,2.856050729751587,27967542
01/05/2019,4.590000152587891,4.590000152587891,4.590000152587891,4.590000152587891,2.856050729751587,0
02/05/2019,4.574999809265137,4.635000228881836,4.505000114440918,4.510000228881836,2.806272268295288,24111956
03/05/2019,4.514999866485596,4.559999942779541,4.445000171661377,4.510000228881836,2.806272268295288,18886466
06/05/2019,4.485000133514404,4.5,4.389999866485596,4.440000057220459,2.7627158164978027,28148694
07/05/2019,4.349999904632568,4.474999904632568,4.320000171661377,4.460000038146973,2.775160312652588,72604000
08/05/2019,3.795000076293945,3.859999895095825,3.724999904632568,3.734999895095825,2.749396085739136,46613598
09/05/2019,3.7300000190734863,3.7300000190734863,3.660000085830689,3.684999942779541,2.712590217590332,21038602
10/05/2019,3.714999914169312,3.809999942779541,3.714999914169312,3.775000095367432,2.778841018676758,35122496
13/05/2019,3.7699999809265137,3.7799999713897705,3.615000009536743,3.700000047683716,2.7236320972442627,30733154
14/05/2019,3.704999923706055,3.829999923706055,3.674999952316284,3.815000057220459,2.8082854747772217,28158302
15/05/2019,3.829999923706055,3.829999923706055,3.7300000190734863,3.7799999713897705,2.782521724700928,17980968
16/05/2019,3.799999952316284,3.865000009536743,3.785000085830689,3.819999933242798,2.811966180801392,23726144
17/05/2019,3.875,3.940000057220459,3.7100000381469727,3.724999904632568,2.742035150527954,45278244
20/05/2019,3.75,3.759999990463257,3.690000057220459,3.734999895095825,2.749396085739136,13012422
21/05/2019,3.7100000381469727,3.724999904632568,3.565000057220459,3.640000104904175,2.6794652938842773,27767618
22/05/2019,3.630000114440918,3.660000085830689,3.549999952316284,3.555000066757202,2.6168954372406006,29134366
23/05/2019,3.549999952316284,3.634999990463257,3.5299999713897705,3.630000114440918,2.6721041202545166,15606854
24/05/2019,3.650000095367432,3.684999942779541,3.619999885559082,3.650000095367432,2.686826229095459,26513844
27/05/2019,3.650000095367432,3.660000085830689,3.549999952316284,3.575000047683716,2.631617784500122,20280204
28/05/2019,3.5799999237060547,3.640000104904175,3.569999933242798,3.6050000190734863,2.653700828552246,40850794
29/05/2019,3.5999999046325684,3.674999952316284,3.5799999237060547,3.609999895095825,2.657381772994995,43175088
30/05/2019,3.6549999713897705,3.694999933242798,3.615000009536743,3.6649999618530273,2.6978681087493896,45979850
31/05/2019,3.6649999618530273,3.6649999618530273,3.609999895095825,3.625,2.668423652648926,29763138
03/06/2019,3.625,3.650000095367432,3.615000009536743,3.6449999809265137,2.683145761489868,11028550
04/06/2019,3.6449999809265137,3.6449999809265137,3.6449999809265137,3.6449999809265137,2.683145761489868,0
05/06/2019,3.6449999809265137,3.6449999809265137,3.6449999809265137,3.6449999809265137,2.683145761489868,0
06/06/2019,3.6449999809265137,3.6449999809265137,3.6449999809265137,3.6449999809265137,2.683145761489868,0
07/06/2019,3.650000095367432,3.75,3.6449999809265137,3.7300000190734863,2.745716094970703,31719426
10/06/2019,3.744999885559082,3.8450000286102295,3.734999895095825,3.819999933242798,2.811966180801392,44696114
11/06/2019,3.839999914169312,3.875,3.805000066757202,3.8550000190734863,2.8377301692962646,37427140
12/06/2019,3.8550000190734863,3.884999990463257,3.775000095367432,3.809999942779541,2.804605007171631,32394224
13/06/2019,3.775000095367432,3.7799999713897705,3.7200000286102295,3.75,2.760437726974488,19167936
14/06/2019,3.740000009536743,3.759999990463257,3.660000085830689,3.680000066757202,2.7089102268218994,30826328
17/06/2019,3.680000066757202,3.680000066757202,3.619999885559082,3.670000076293945,2.7015485763549805,34707504
18/06/2019,3.680000066757202,3.740000009536743,3.650000095367432,3.724999904632568,2.742035150527954,80756170
19/06/2019,3.7200000286102295,3.7699999809265137,3.6649999618530273,3.704999923706055,2.727312564849853,48616812
20/06/2019,3.7300000190734863,3.799999952316284,3.7200000286102295,3.755000114440918,2.7641186714172363,59837010
21/06/2019,3.75,3.775000095367432,3.704999923706055,3.7699999809265137,2.775160312652588,19331646
24/06/2019,3.825000047683716,3.869999885559082,3.795000076293945,3.805000066757202,2.80092453956604,36794162
25/06/2019,3.805000066757202,3.859999895095825,3.7699999809265137,3.839999914169312,2.826688528060913,26610142
26/06/2019,3.839999914169312,3.875,3.815000057220459,3.8350000381469727,2.8230080604553223,30371648
27/06/2019,3.8550000190734863,3.934999942779541,3.839999914169312,3.910000085830689,2.8782167434692383,36999578
28/06/2019,3.920000076293945,3.940000057220459,3.8450000286102295,3.924999952316284,2.889258623123169,33311194
01/07/2019,3.9800000190734863,4.034999847412109,3.954999923706055,3.974999904632568,2.9260642528533936,53850842
02/07/2019,3.984999895095825,3.994999885559082,3.924999952316284,3.930000066757202,2.89293909072876,26148170
03/07/2019,3.940000057220459,3.964999914169312,3.890000104904175,3.8949999809265137,2.867174863815308,23469402
04/07/2019,3.8949999809265137,3.9149999618530273,3.829999923706055,3.900000095367432,2.8708558082580566,23600660
05/07/2019,3.890000104904175,3.900000095367432,3.7799999713897705,3.795000076293945,2.7935636043548584,25895542
08/07/2019,3.724999904632568,3.8350000381469727,3.7100000381469727,3.7799999713897705,2.782521724700928,35779158
09/07/2019,3.755000114440918,3.7799999713897705,3.5850000381469727,3.650000095367432,2.686826229095459,46612500
10/07/2019,3.609999895095825,3.640000104904175,3.565000057220459,3.6050000190734863,2.653700828552246,39821100
11/07/2019,3.634999990463257,3.75,3.625,3.724999904632568,2.742035150527954,40714992
12/07/2019,3.744999885559082,3.775000095367432,3.5850000381469727,3.615000009536743,2.661062240600586,32170508
15/07/2019,3.615000009536743,3.615000009536743,3.615000009536743,3.615000009536743,2.661062240600586,0
16/07/2019,3.660000085830689,3.7300000190734863,3.6449999809265137,3.704999923706055,2.727312564849853,19789140
17/07/2019,3.704999923706055,3.744999885559082,3.680000066757202,3.704999923706055,2.727312564849853,20322034
18/07/2019,3.704999923706055,3.765000104904175,3.670000076293945,3.744999885559082,2.756757497787476,35077530
19/07/2019,3.775000095367432,3.910000085830689,3.775000095367432,3.875,2.852452754974365,79578008
22/07/2019,3.859999895095825,3.9049999713897705,3.809999942779541,3.829999923706055,2.819327116012573,29948254
23/07/2019,3.839999914169312,3.869999885559082,3.819999933242798,3.8350000381469727,2.8230080604553223,26127590
24/07/2019,3.8350000381469727,3.890000104904175,3.825000047683716,3.865000009536743,2.8450913429260254,32149820
25/07/2019,3.875,3.884999990463257,3.795000076293945,3.8350000381469727,2.8230080604553223,27731258
26/07/2019,3.809999942779541,3.865000009536743,3.805000066757202,3.849999904632568,2.834049701690674,23345630
29/07/2019,3.849999904632568,3.859999895095825,3.829999923706055,3.829999923706055,2.819327116012573,17123326
30/07/2019,3.8350000381469727,3.8550000190734863,3.75,3.759999990463257,2.767799139022827,31436932
31/07/2019,3.759999990463257,3.7699999809265137,3.684999942779541,3.700000047683716,2.7236320972442627,23473128
01/08/2019,3.674999952316284,3.704999923706055,3.634999990463257,3.670000076293945,2.7015485763549805,23596626
02/08/2019,3.6549999713897705,3.6649999618530273,3.5999999046325684,3.6050000190734863,2.653700828552246,23518454
05/08/2019,3.5850000381469727,3.625,3.5299999713897705,3.5450000762939453,2.60953426361084,25639158
06/08/2019,3.549999952316284,3.5850000381469727,3.5299999713897705,3.5450000762939453,2.60953426361084,21072304
07/08/2019,3.549999952316284,3.559999942779541,3.3499999046325684,3.365000009536743,2.4770328998565674,51849710
08/08/2019,3.390000104904175,3.440000057220459,3.345000028610229,3.380000114440918,2.488074779510498,46111488
09/08/2019,3.380000114440918,3.434999942779541,3.359999895095825,3.369999885559082,2.4807136058807373,33862784
12/08/2019,3.369999885559082,3.369999885559082,3.369999885559082,3.369999885559082,2.4807136058807373,0
13/08/2019,3.369999885559082,3.369999885559082,3.369999885559082,3.369999885559082,2.4807136058807373,0
14/08/2019,3.369999885559082,3.369999885559082,3.369999885559082,3.369999885559082,2.4807136058807373,0
15/08/2019,3.289999961853028,3.299999952316284,3.180000066757202,3.194999933242798,2.3518929481506348,55691376
16/08/2019,3.194999933242798,3.2149999141693115,3.1050000190734863,3.109999895095825,2.289323329925537,40203358
19/08/2019,3.119999885559082,3.1700000762939453,3.059999942779541,3.075000047683716,2.263559103012085,39889536
20/08/2019,3.069999933242798,3.140000104904175,3.065000057220459,3.119999885559082,2.296684503555298,36501136
21/08/2019,3.125,3.140000104904175,3.059999942779541,3.069999933242798,2.259878635406494,46052404
22/08/2019,3.065000057220459,3.119999885559082,3.039999961853028,3.1050000190734863,2.2856428623199463,57819878
23/08/2019,3.119999885559082,3.234999895095825,3.1050000190734863,3.200000047683716,2.355573892593384,85248700
26/08/2019,3.134999990463257,3.2300000190734863,3.134999990463257,3.220000028610229,2.3702962398529053,32482142
27/08/2019,3.2249999046325684,3.234999895095825,3.1549999713897705,3.194999933242798,2.3518929481506348,49461246
28/08/2019,3.2149999141693115,3.2249999046325684,3.164999961853028,3.174999952316284,2.3371708393096924,35978672
29/08/2019,3.174999952316284,3.244999885559082,3.164999961853028,3.200000047683716,2.355573892593384,45368404
30/08/2019,3.200000047683716,3.200000047683716,3.200000047683716,3.200000047683716,2.355573892593384,0
02/09/2019,3.2100000381469727,3.244999885559082,3.200000047683716,3.2249999046325684,2.373976707458496,53013090
03/09/2019,3.220000028610229,3.2699999809265137,3.2049999237060547,3.244999885559082,2.3886988162994385,72006142
04/09/2019,3.265000104904175,3.2799999713897705,3.240000009536743,3.25,2.3923795223236084,48994292
05/09/2019,3.2699999809265137,3.3499999046325684,3.2699999809265137,3.325000047683716,2.4475884437561035,83815898
06/09/2019,3.325000047683716,3.3550000190734863,3.2799999713897705,3.299999952316284,2.429185390472412,41032652
09/09/2019,3.315000057220459,3.430000066757202,3.315000057220459,3.414999961853028,2.513838768005371,59667698
10/09/2019,3.424999952316284,3.4600000381469727,3.4200000762939453,3.444999933242798,2.5359225273132324,40424612
11/09/2019,3.4600000381469727,3.5350000858306885,3.434999942779541,3.4549999237060547,2.543283462524414,52103096
12/09/2019,3.4749999046325684,3.569999933242798,3.4749999046325684,3.525000095367432,2.59481167793274,56925136
13/09/2019,3.5299999713897705,3.549999952316284,3.509999990463257,3.539999961853028,2.605853319168091,23891512
16/09/2019,3.525000095367432,3.5350000858306885,3.4649999141693115,3.484999895095825,2.5653669834136963,27167358
17/09/2019,3.505000114440918,3.539999961853028,3.470000028610229,3.505000114440918,2.580089569091797,35257622
18/09/2019,3.515000104904175,3.5850000381469727,3.490000009536743,3.549999952316284,2.6132147312164307,43068224
19/09/2019,3.539999961853028,3.555000066757202,3.4600000381469727,3.4600000381469727,2.546964168548584,37283854
20/09/2019,3.4649999141693115,3.4749999046325684,3.380000114440918,3.3949999809265137,2.4991164207458496,39129594
23/09/2019,3.4049999713897705,3.4100000858306885,3.2699999809265137,3.275000095367432,2.4107825756073,61142318
24/09/2019,3.365000009536743,3.390000104904175,3.325000047683716,3.3399999141693115,2.458630084991455,77236832
25/09/2019,3.299999952316284,3.3550000190734863,3.299999952316284,3.3499999046325684,2.465991258621216,35607868
26/09/2019,3.365000009536743,3.375,3.299999952316284,3.309999942779541,2.436546564102173,36152496
27/09/2019,3.3299999237060547,3.424999952316284,3.325000047683716,3.4100000858306885,2.51015853881836,64894676
30/09/2019,3.434999942779541,3.4749999046325684,3.414999961853028,3.434999942779541,2.5285611152648926,47399248
01/10/2019,3.434999942779541,3.470000028610229,3.390000104904175,3.4049999713897705,2.5064775943756104,53459632
02/10/2019,3.384999990463257,3.4100000858306885,3.345000028610229,3.3550000190734863,2.469671726226806,35594784
03/10/2019,3.369999885559082,3.4100000858306885,3.2850000858306885,3.315000057220459,2.440227031707764,38754884
04/10/2019,3.315000057220459,3.345000028610229,3.289999961853028,3.3350000381469727,2.454949855804444,26232180
07/10/2019,3.325000047683716,3.390000104904175,3.289999961853028,3.315000057220459,2.440227031707764,58572332
08/10/2019,3.2850000858306885,3.3299999237060547,3.259999990463257,3.305000066757202,2.432866334915161,35275382
09/10/2019,3.319999933242798,3.3499999046325684,3.2799999713897705,3.289999961853028,2.4218244552612305,35616398
10/10/2019,3.2850000858306885,3.365000009536743,3.2850000858306885,3.3499999046325684,2.465991258621216,56812888
11/10/2019,3.365000009536743,3.484999895095825,3.3499999046325684,3.450000047683716,2.5396032333374023,72071558
14/10/2019,3.450000047683716,3.494999885559082,3.259999990463257,3.3399999141693115,2.458630084991455,73856498
15/10/2019,3.305000066757202,3.384999990463257,3.2950000762939453,3.345000028610229,2.462310791015625,43540134
16/10/2019,3.299999952316284,3.3499999046325684,3.265000104904175,3.345000028610229,2.462310791015625,35786780
17/10/2019,3.3350000381469727,3.3550000190734863,3.234999895095825,3.289999961853028,2.4218244552612305,57685334
18/10/2019,3.4200000762939453,3.440000057220459,3.2850000858306885,3.305000066757202,2.432866334915161,110291382
21/10/2019,3.299999952316284,3.309999942779541,3.25,3.255000114440918,2.3960604667663574,47755614
22/10/2019,3.255000114440918,3.259999990463257,3.2100000381469727,3.2300000190734863,2.377657175064087,50537026
23/10/2019,3.25,3.305000066757202,3.2249999046325684,3.299999952316284,2.429185390472412,65286374
24/10/2019,3.319999933242798,3.3550000190734863,3.2799999713897705,3.289999961853028,2.4218244552612305,85183954
25/10/2019,3.299999952316284,3.3299999237060547,3.2799999713897705,3.2950000762939453,2.4255049228668213,41423802
28/10/2019,3.2950000762939453,3.299999952316284,3.265000104904175,3.265000104904175,2.403421401977539,19949772
30/10/2019,3.240000009536743,3.315000057220459,3.234999895095825,3.299999952316284,2.429185390472412,67828042
31/10/2019,3.305000066757202,3.3350000381469727,3.275000095367432,3.2850000858306885,2.41814398765564,76604762
01/11/2019,3.2799999713897705,3.2950000762939453,3.2300000190734863,3.244999885559082,2.3886988162994385,85741568
04/11/2019,3.2850000858306885,3.345000028610229,3.265000104904175,3.345000028610229,2.462310791015625,73981764
05/11/2019,3.345000028610229,3.4600000381469727,3.3350000381469727,3.440000057220459,2.5322420597076416,88676924
06/11/2019,3.450000047683716,3.515000104904175,3.414999961853028,3.4649999141693115,2.550644636154175,70735874
07/11/2019,3.4800000190734863,3.630000114440918,3.4749999046325684,3.615000009536743,2.661062240600586,70557258
08/11/2019,3.609999895095825,3.684999942779541,3.575000047683716,3.625,2.668423652648926,74421350
11/11/2019,3.609999895095825,3.660000085830689,3.539999961853028,3.630000114440918,2.6721041202545166,55699456
12/11/2019,3.634999990463257,3.684999942779541,3.634999990463257,3.680000066757202,2.7089102268218994,62997468
13/11/2019,3.680000066757202,3.684999942779541,3.619999885559082,3.660000085830689,2.694187641143799,58288200
14/11/2019,3.630000114440918,3.660000085830689,3.595000028610229,3.6050000190734863,2.653700828552246,38785862
15/11/2019,3.6449999809265137,3.690000057220459,3.5999999046325684,3.674999952316284,2.705229520797729,61523908
18/11/2019,3.704999923706055,3.799999952316284,3.700000047683716,3.765000104904175,2.771479845046997,44563528
19/11/2019,3.7799999713897705,3.825000047683716,3.734999895095825,3.799999952316284,2.79724383354187,51415328
20/11/2019,3.785000085830689,3.799999952316284,3.740000009536743,3.75,2.760437726974488,58158882
21/11/2019,3.7200000286102295,3.740000009536743,3.680000066757202,3.734999895095825,2.749396085739136,47425038
22/11/2019,3.744999885559082,3.809999942779541,3.734999895095825,3.805000066757202,2.80092453956604,57208910
25/11/2019,3.869999885559082,3.9149999618530273,3.839999914169312,3.849999904632568,2.834049701690674,105072532
26/11/2019,3.880000114440918,3.9700000286102295,3.869999885559082,3.9600000381469727,2.915022373199463,99578462
27/11/2019,3.950000047683716,3.9800000190734863,3.859999895095825,3.9049999713897705,2.8745360374450684,49751692
28/11/2019,3.900000095367432,3.940000057220459,3.869999885559082,3.930000066757202,2.89293909072876,32759564
29/11/2019,3.924999952316284,4.034999847412109,3.924999952316284,4.025000095367432,2.9628701210021973,92232562
02/12/2019,4.03000020980835,4.144999980926514,4.019999980926514,4.125,3.0364818572998047,70571288
03/12/2019,4.110000133514404,4.150000095367432,4.0,4.025000095367432,2.9628701210021973,85980948
04/12/2019,4.054999828338623,4.114999771118164,4.010000228881836,4.085000038146973,3.007037401199341,65550916
05/12/2019,4.110000133514404,4.125,4.059999942779541,4.065000057220459,2.99231505393982,62748252
06/12/2019,4.065000057220459,4.125,4.045000076293945,4.079999923706055,3.003356456756592,71464796
09/12/2019,4.090000152587891,4.184999942779541,4.074999809265137,4.164999961853027,3.065926551818848,75397376
10/12/2019,4.15500020980835,4.210000038146973,4.110000133514404,4.164999961853027,3.065926551818848,46854420
11/12/2019,4.164999961853027,4.175000190734863,4.110000133514404,4.139999866485596,3.047523498535156,26182390
12/12/2019,4.170000076293945,4.340000152587891,4.170000076293945,4.320000171661377,3.1800248622894287,52702372
13/12/2019,4.414999961853027,4.460000038146973,4.284999847412109,4.309999942779541,3.172663450241089,80961494
16/12/2019,4.329999923706055,4.369999885559082,4.289999961853027,4.320000171661377,3.1800248622894287,40259384
17/12/2019,4.335000038146973,4.369999885559082,4.300000190734863,4.324999809265137,3.1837050914764404,31027626
18/12/2019,4.300000190734863,4.375,4.264999866485596,4.269999980926514,3.143218755722046,63621686
19/12/2019,4.300000190734863,4.315000057220459,4.255000114440918,4.289999961853027,3.1579411029815674,46654870
20/12/2019,4.295000076293945,4.375,4.284999847412109,4.375,3.2205111980438232,38371424
23/12/2019,4.385000228881836,4.434999942779541,4.349999904632568,4.394999980926514,3.2352330684661865,38922650
24/12/2019,4.409999847412109,4.429999828338623,4.389999866485596,4.40500020980835,3.242594957351685,17912112
25/12/2019,4.400000095367432,4.40500020980835,4.375,4.385000228881836,3.227872371673584,8216242
26/12/2019,4.375,4.434999942779541,4.369999885559082,4.400000095367432,3.2389137744903564,18155162
27/12/2019,4.409999847412109,4.489999771118164,4.409999847412109,4.465000152587891,3.28676176071167,33696230
30/12/2019,4.46999979019165,4.550000190734863,4.465000152587891,4.519999980926514,3.3272480964660645,40213310
31/12/2019,4.525000095367432,4.570000171661377,4.514999866485596,4.534999847412109,3.338289499282837,26273130
02/01/2020,4.519999980926514,4.565000057220459,4.489999771118164,4.550000190734863,3.3493316173553467,33264604
03/01/2020,4.534999847412109,4.554999828338623,4.429999828338623,4.480000019073486,3.297803401947021,39127658
06/01/2020,4.449999809265137,4.460000038146973,4.340000152587891,4.434999942779541,3.264677762985229,46800898
07/01/2020,4.474999904632568,4.554999828338623,4.454999923706055,4.465000152587891,3.28676176071167,42506964
08/01/2020,4.40500020980835,4.525000095367432,4.389999866485596,4.460000038146973,3.2830810546875,47401146
09/01/2020,4.559999942779541,4.65500020980835,4.550000190734863,4.630000114440918,3.408220767974853,61871652
10/01/2020,4.650000095367432,4.684999942779541,4.610000133514404,4.630000114440918,3.408220767974853,50220496
13/01/2020,4.664999961853027,4.809999942779541,4.65500020980835,4.775000095367432,3.514957904815674,73923108
14/01/2020,4.78000020980835,4.789999961853027,4.710000038146973,4.784999847412109,3.5223183631896973,53259230
15/01/2020,4.744999885559082,4.760000228881836,4.635000228881836,4.670000076293945,3.4376654624938965,69517768
16/01/2020,4.684999942779541,4.755000114440918,4.599999904632568,4.635000228881836,3.4119014739990234,63844864
17/01/2020,4.679999828338623,4.744999885559082,4.619999885559082,4.730000019073486,3.481832504272461,52227656
20/01/2020,4.795000076293945,4.920000076293945,4.795000076293945,4.875,3.588569641113281,62126740
21/01/2020,4.864999771118164,4.945000171661377,4.820000171661377,4.920000076293945,3.621694564819336,48842024
22/01/2020,4.945000171661377,4.980000019073486,4.824999809265137,4.855000019073486,3.5738470554351807,51116240
23/01/2020,4.840000152587891,4.909999847412109,4.829999923706055,4.849999904632568,3.5701663494110107,36122292
24/01/2020,4.894999980926514,4.90500020980835,4.769999980926514,4.820000171661377,3.548083066940308,34704862
27/01/2020,4.730000019073486,4.769999980926514,4.690000057220459,4.715000152587891,3.4707911014556885,33246360
28/01/2020,4.730000019073486,4.744999885559082,4.650000095367432,4.670000076293945,3.4376654624938965,38487412
29/01/2020,4.71999979019165,4.75,4.630000114440918,4.71999979019165,3.4744713306427,40405872
30/01/2020,4.695000171661377,4.710000038146973,4.659999847412109,4.704999923706055,3.4634296894073486,18810254
31/01/2020,4.710000038146973,4.730000019073486,4.635000228881836,4.650000095367432,3.422943592071533,40769246
03/02/2020,4.644999980926514,4.664999961853027,4.559999942779541,4.59499979019165,3.3824563026428223,33218488
04/02/2020,4.635000228881836,4.699999809265137,4.599999904632568,4.690000057220459,3.452387809753418,38694194
05/02/2020,4.724999904632568,4.820000171661377,4.699999809265137,4.730000019073486,3.481832504272461,53894128
06/02/2020,4.769999980926514,4.804999828338623,4.690000057220459,4.710000038146973,3.4671103954315186,42654848
07/02/2020,4.690000057220459,4.71999979019165,4.590000152587891,4.619999885559082,3.4008595943450928,40747566
10/02/2020,4.585000038146973,4.639999866485596,4.46999979019165,4.534999847412109,3.338289499282837,51472728
11/02/2020,4.579999923706055,4.650000095367432,4.519999980926514,4.614999771118164,3.397178888320923,54147456
12/02/2020,4.53000020980835,4.639999866485596,4.485000133514404,4.554999828338623,3.3530118465423584,85134476
13/02/2020,4.550000190734863,4.579999923706055,4.525000095367432,4.539999961853027,3.341970205307007,28049784
14/02/2020,4.53000020980835,4.590000152587891,4.489999771118164,4.519999980926514,3.3272480964660645,41137386
17/02/2020,4.554999828338623,4.565000057220459,4.494999885559082,4.514999866485596,3.3235673904418945,22861412
18/02/2020,4.480000019073486,4.494999885559082,4.429999828338623,4.460000038146973,3.2830810546875,26507458
19/02/2020,4.474999904632568,4.474999904632568,4.360000133514404,4.389999866485596,3.231552600860596,34620368
20/02/2020,4.380000114440918,4.429999828338623,4.304999828338623,4.40500020980835,3.242594957351685,56963028
21/02/2020,4.375,4.510000228881836,4.324999809265137,4.480000019073486,3.297803401947021,47242060
24/02/2020,4.420000076293945,4.420000076293945,4.244999885559082,4.320000171661377,3.1800248622894287,48384422
25/02/2020,4.355000019073486,4.409999847412109,4.295000076293945,4.340000152587891,3.194746971130371,56000778
26/02/2020,4.320000171661377,4.489999771118164,4.275000095367432,4.460000038146973,3.2830810546875,65912050
27/02/2020,4.385000228881836,4.440000057220459,4.269999980926514,4.289999961853027,3.1579411029815674,48945846
28/02/2020,3.660000085830689,4.239999771118164,3.660000085830689,4.159999847412109,3.062245607376098,27978756
02/03/2020,4.239999771118164,4.284999847412109,4.090000152587891,4.139999866485596,3.047523498535156,24801186
03/03/2020,4.195000171661377,4.260000228881836,4.170000076293945,4.215000152587891,3.1027326583862305,27298030
04/03/2020,4.25,4.295000076293945,4.164999961853027,4.170000076293945,3.0696072578430176,31428058
05/03/2020,4.204999923706055,4.375,4.184999942779541,4.355000019073486,3.2057888507843018,50373522
06/03/2020,4.409999847412109,4.590000152587891,4.375,4.454999923706055,3.27940034866333,101400650
09/03/2020,4.349999904632568,4.369999885559082,4.090000152587891,4.28000020980835,3.1505801677703857,54036860
10/03/2020,4.364999771118164,4.485000133514404,4.25,4.289999961853027,3.1579411029815674,58487870
11/03/2020,4.289999961853027,4.289999961853027,4.289999961853027,4.289999961853027,3.1579411029815674,0
12/03/2020,4.090000152587891,4.105000019073486,3.924999952316284,4.045000076293945,2.9775924682617188,42014934
13/03/2020,4.065000057220459,4.264999866485596,3.954999923706055,4.054999828338623,2.9849534034729004,97038510
16/03/2020,3.924999952316284,3.924999952316284,3.625,3.734999895095825,2.749396085739136,49936720
17/03/2020,3.759999990463257,3.7899999618530273,3.390000104904175,3.690000057220459,2.716271162033081,77114126
18/03/2020,3.565000057220459,3.805000066757202,3.509999990463257,3.785000085830689,2.7862021923065186,67961458
19/03/2020,3.690000057220459,3.8350000381469727,3.680000066757202,3.809999942779541,2.804605007171631,40539118
20/03/2020,3.9049999713897705,3.964999914169312,3.7100000381469727,3.839999914169312,2.826688528060913,48240684
23/03/2020,3.744999885559082,3.859999895095825,3.670000076293945,3.795000076293945,2.7935636043548584,38619582
24/03/2020,3.920000076293945,4.034999847412109,3.875,4.019999980926514,2.9591896533966064,41902548
25/03/2020,4.039999961853027,4.125,3.839999914169312,3.865000009536743,2.8450913429260254,65195026
26/03/2020,3.825000047683716,3.849999904632568,3.734999895095825,3.825000047683716,2.815646886825561,52053090
27/03/2020,3.815000057220459,3.825000047683716,3.674999952316284,3.684999942779541,2.712590217590332,42802190
30/03/2020,3.634999990463257,3.805000066757202,3.555000066757202,3.724999904632568,2.742035150527954,39126076
31/03/2020,3.759999990463257,3.825000047683716,3.724999904632568,3.775000095367432,2.778841018676758,31638144
01/04/2020,3.674999952316284,3.8550000190734863,3.674999952316284,3.799999952316284,2.79724383354187,48305370
02/04/2020,3.839999914169312,3.859999895095825,3.759999990463257,3.785000085830689,2.7862021923065186,23422664
03/04/2020,3.7899999618530273,3.809999942779541,3.759999990463257,3.805000066757202,2.80092453956604,19846234
06/04/2020,3.8550000190734863,3.930000066757202,3.829999923706055,3.924999952316284,2.889258623123169,25933728
07/04/2020,3.9600000381469727,4.010000228881836,3.8450000286102295,3.8550000190734863,2.8377301692962646,41659462
08/04/2020,3.8450000286102295,3.875,3.744999885559082,3.7799999713897705,2.782521724700928,32705228
09/04/2020,3.795000076293945,3.849999904632568,3.7699999809265137,3.8350000381469727,2.8230080604553223,43102100
10/04/2020,3.8350000381469727,3.8350000381469727,3.799999952316284,3.815000057220459,2.8082854747772217,18915858
13/04/2020,3.765000104904175,3.875,3.755000114440918,3.809999942779541,2.804605007171631,33895656
14/04/2020,3.825000047683716,3.920000076293945,3.825000047683716,3.900000095367432,2.8708558082580566,64375808
15/04/2020,3.924999952316284,3.990000009536743,3.819999933242798,3.9700000286102295,2.9223837852478027,106927620
16/04/2020,4.0,4.074999809265137,3.9800000190734863,4.010000228881836,2.9518284797668457,67035278
17/04/2020,4.065000057220459,4.130000114440918,4.039999961853027,4.119999885559082,3.032801389694214,53135386
20/04/2020,4.150000095367432,4.190000057220459,4.09499979019165,4.164999961853027,3.065926551818848,41852886
21/04/2020,4.135000228881836,4.139999866485596,4.059999942779541,4.09499979019165,3.014398097991944,33662058
22/04/2020,4.085000038146973,4.090000152587891,4.025000095367432,4.050000190734863,2.9812731742858887,31931842
24/04/2020,4.034999847412109,4.065000057220459,3.964999914169312,3.984999895095825,2.9334254264831543,36806642
27/04/2020,4.010000228881836,4.079999923706055,4.005000114440918,4.045000076293945,2.9775924682617188,37092560
28/04/2020,4.045000076293945,4.054999828338623,3.9800000190734863,3.9800000190734863,2.9297449588775635,21251580
29/04/2020,3.974999904632568,4.090000152587891,3.974999904632568,4.079999923706055,3.003356456756592,46457220
30/04/2020,4.019999980926514,4.074999809265137,3.984999895095825,4.070000171661377,2.9959957599639893,49141364
04/05/2020,3.990000009536743,4.014999866485596,3.880000114440918,3.8949999809265137,2.867174863815308,39838710
05/05/2020,3.924999952316284,3.940000057220459,3.849999904632568,3.880000114440918,2.856133222579956,30283324
06/05/2020,3.875,4.050000190734863,3.875,4.0,2.944467067718506,78058176
07/05/2020,4.014999866485596,4.130000114440918,3.950000047683716,4.005000114440918,2.948148012161255,79007304
08/05/2020,4.019999980926514,4.059999942779541,3.9800000190734863,4.025000095367432,2.9628701210021973,33951128
11/05/2020,4.050000190734863,4.059999942779541,3.950000047683716,3.964999914169312,2.918703317642212,21907154
12/05/2020,3.930000066757202,4.054999828338623,3.910000085830689,4.03000020980835,2.9665510654449463,36101658
13/05/2020,4.005000114440918,4.099999904632568,3.994999885559082,4.050000190734863,2.9812731742858887,37961798
14/05/2020,4.050000190734863,4.074999809265137,3.954999923706055,3.994999885559082,2.940786361694336,40375458
15/05/2020,4.019999980926514,4.03000020980835,3.974999904632568,3.974999904632568,2.9260642528533936,19240412
18/05/2020,3.990000009536743,4.034999847412109,3.9800000190734863,3.994999885559082,2.940786361694336,26639028
20/05/2020,4.0,4.019999980926514,3.9800000190734863,3.994999885559082,2.940786361694336,22018684
21/05/2020,3.990000009536743,4.085000038146973,3.984999895095825,4.085000038146973,3.007037401199341,72141022
22/05/2020,4.079999923706055,4.085000038146973,4.019999980926514,4.03000020980835,2.9665510654449463,31951862
27/05/2020,4.085000038146973,4.099999904632568,4.039999961853027,4.070000171661377,2.9959957599639893,63085818
28/05/2020,4.09499979019165,4.159999847412109,4.050000190734863,4.065000057220459,2.99231505393982,88813298
29/05/2020,4.045000076293945,4.070000171661377,4.034999847412109,4.045000076293945,2.9775924682617188,29237738
01/06/2020,4.045000076293945,4.079999923706055,4.034999847412109,4.065000057220459,2.99231505393982,35652398
02/06/2020,4.079999923706055,4.15500020980835,4.070000171661377,4.125,3.0364818572998047,87610574
03/06/2020,4.179999828338623,4.244999885559082,4.170000076293945,4.21999979019165,3.106412887573242,92784078
04/06/2020,4.230000019073486,4.329999923706055,4.210000038146973,4.244999885559082,3.1248157024383545,83095828
05/06/2020,4.28000020980835,4.360000133514404,4.239999771118164,4.335000038146973,3.191066265106201,81183798
08/06/2020,4.340000152587891,4.445000171661377,4.320000171661377,4.349999904632568,3.202108144760132,65743050
09/06/2020,4.375,4.394999980926514,4.289999961853027,4.309999942779541,3.172663450241089,37038934
10/06/2020,4.315000057220459,4.355000019073486,4.284999847412109,4.309999942779541,3.172663450241089,51875942
11/06/2020,4.264999866485596,4.380000114440918,4.264999866485596,4.289999961853027,3.1579411029815674,52245612
12/06/2020,4.25,4.284999847412109,4.235000133514404,4.255000114440918,3.1321771144866943,31103514
15/06/2020,4.224999904632568,4.224999904632568,4.15500020980835,4.184999942779541,3.080648899078369,50795474
16/06/2020,4.235000133514404,4.239999771118164,4.199999809265137,4.204999923706055,3.0953710079193115,35083002
17/06/2020,4.190000057220459,4.215000152587891,4.130000114440918,4.139999866485596,3.047523498535156,38407860
18/06/2020,4.130000114440918,4.244999885559082,4.110000133514404,4.170000076293945,3.0696072578430176,136202030
19/06/2020,4.204999923706055,4.210000038146973,4.119999885559082,4.125,3.0364818572998047,85272218
22/06/2020,4.204999923706055,4.264999866485596,4.170000076293945,4.235000133514404,3.117455005645752,111773222
23/06/2020,4.260000228881836,4.284999847412109,4.215000152587891,4.224999904632568,3.110093116760254,73412168
24/06/2020,4.224999904632568,4.264999866485596,4.179999828338623,4.195000171661377,3.08801007270813,88036026
25/06/2020,4.190000057220459,4.269999980926514,4.175000190734863,4.239999771118164,3.121135234832764,89312334
26/06/2020,4.264999866485596,4.284999847412109,4.235000133514404,4.239999771118164,3.121135234832764,60921506
29/06/2020,4.25,4.264999866485596,4.235000133514404,4.25,3.1284964084625244,43258412
30/06/2020,4.264999866485596,4.309999942779541,4.260000228881836,4.304999828338623,3.168982744216919,108000146
01/07/2020,4.320000171661377,4.335000038146973,4.195000171661377,4.204999923706055,3.0953710079193115,113907006
02/07/2020,4.230000019073486,4.380000114440918,4.230000019073486,4.369999885559082,3.216830253601074,131656722
03/07/2020,4.385000228881836,4.40500020980835,4.235000133514404,4.260000228881836,3.1358578205108643,134381650
06/07/2020,4.329999923706055,4.349999904632568,4.300000190734863,4.324999809265137,3.1837050914764404,67640202
07/07/2020,4.329999923706055,4.335000038146973,4.25,4.264999866485596,3.139538049697876,91774848
08/07/2020,4.275000095367432,4.375,4.255000114440918,4.320000171661377,3.1800248622894287,155251234
09/07/2020,4.349999904632568,4.440000057220459,4.320000171661377,4.34499979019165,3.198427438735962,226150114
10/07/2020,4.340000152587891,4.355000019073486,4.255000114440918,4.304999828338623,3.168982744216919,127111990
13/07/2020,4.375,4.445000171661377,4.349999904632568,4.440000057220459,3.2683587074279785,138167890
14/07/2020,4.449999809265137,4.510000228881836,4.409999847412109,4.440000057220459,3.2683587074279785,184196590
16/07/2020,4.554999828338623,4.574999809265137,4.46999979019165,4.489999771118164,3.305164337158203,119437100
17/07/2020,4.375,4.414999961853027,4.340000152587891,4.360000133514404,3.293832540512085,74994542
20/07/2020,4.349999904632568,4.364999771118164,4.295000076293945,4.300000190734863,3.248504638671875,53464756
21/07/2020,4.309999942779541,4.335000038146973,4.190000057220459,4.210000038146973,3.1805126667022705,90693436
22/07/2020,4.224999904632568,4.235000133514404,4.164999961853027,4.175000190734863,3.15407133102417,75854336
23/07/2020,4.199999809265137,4.215000152587891,4.164999961853027,4.170000076293945,3.150294303894043,42222036
24/07/2020,4.15500020980835,4.190000057220459,4.130000114440918,4.179999828338623,3.157848358154297,47727352
27/07/2020,4.204999923706055,4.255000114440918,4.195000171661377,4.235000133514404,3.199399471282959,73316736
28/07/2020,4.235000133514404,4.264999866485596,4.039999961853027,4.045000076293945,3.05586051940918,104257664
29/07/2020,4.03000020980835,4.059999942779541,3.934999942779541,3.950000047683716,2.984091520309448,81706444
30/07/2020,3.944999933242798,3.944999933242798,3.819999933242798,3.819999933242798,2.885880708694458,41810660
04/08/2020,3.875,3.950000047683716,3.704999923706055,3.875,2.927431583404541,105494716
05/08/2020,3.9049999713897705,4.065000057220459,3.809999942779541,3.994999885559082,3.018087148666382,125639316
06/08/2020,4.010000228881836,4.019999980926514,3.825000047683716,3.9800000190734863,3.006755352020264,99087910
07/08/2020,3.990000009536743,4.130000114440918,3.8949999809265137,4.09499979019165,3.0936336517333984,151368934
10/08/2020,4.065000057220459,4.21999979019165,4.039999961853027,4.215000152587891,3.184290170669556,89198044
11/08/2020,4.224999904632568,4.289999961853027,4.215000152587891,4.260000228881836,3.2182860374450684,68843756
12/08/2020,4.275000095367432,4.309999942779541,4.199999809265137,4.295000076293945,3.24472713470459,62027342
13/08/2020,4.304999828338623,4.355000019073486,4.244999885559082,4.304999828338623,3.252281904220581,70183830
14/08/2020,4.315000057220459,4.324999809265137,4.260000228881836,4.284999847412109,3.2371726036071777,36757746
17/08/2020,4.284999847412109,4.300000190734863,4.244999885559082,4.269999980926514,3.2258405685424805,45053114
18/08/2020,4.255000114440918,4.300000190734863,4.239999771118164,4.264999866485596,3.2220633029937744,41200546
19/08/2020,4.295000076293945,4.414999961853027,4.28000020980835,4.400000095367432,3.3240509033203125,70863766
20/08/2020,4.400000095367432,4.514999866485596,4.324999809265137,4.494999885559082,3.395820140838623,74075182
21/08/2020,4.519999980926514,4.539999961853027,4.364999771118164,4.460000038146973,3.3693790435791016,79527900
24/08/2020,4.480000019073486,4.53000020980835,4.460000038146973,4.474999904632568,3.380711078643799,51537736
25/08/2020,4.489999771118164,4.539999961853027,4.360000133514404,4.400000095367432,3.3240509033203125,50843294
26/08/2020,4.369999885559082,4.429999828338623,4.34499979019165,4.389999866485596,3.3164963722229004,43379482
27/08/2020,4.409999847412109,4.440000057220459,4.385000228881836,4.425000190734863,3.34293794631958,40266734
28/08/2020,4.440000057220459,4.485000133514404,4.380000114440918,4.434999942779541,3.350492238998413,32113572
31/08/2020,4.460000038146973,4.480000019073486,4.385000228881836,4.409999847412109,3.331605911254883,47825444
01/09/2020,4.360000133514404,4.364999771118164,4.199999809265137,4.289999961853027,3.240949869155884,76377040
02/09/2020,4.275000095367432,4.335000038146973,4.269999980926514,4.329999923706055,3.2711684703826904,52893992
03/09/2020,4.340000152587891,4.40500020980835,4.340000152587891,4.360000133514404,3.293832540512085,47743870
04/09/2020,4.335000038146973,4.420000076293945,4.324999809265137,4.389999866485596,3.3164963722229004,30820336
07/09/2020,4.389999866485596,4.474999904632568,4.380000114440918,4.465000152587891,3.3731565475463867,27735444
08/09/2020,4.525000095367432,4.525000095367432,4.425000190734863,4.460000038146973,3.3693790435791016,48785190
09/09/2020,4.46999979019165,4.525000095367432,4.465000152587891,4.519999980926514,3.4147069454193115,56007924
10/09/2020,4.525000095367432,4.550000190734863,4.489999771118164,4.514999866485596,3.410929679870605,46153042
11/09/2020,4.510000228881836,4.59499979019165,4.505000114440918,4.570000171661377,3.4524805545806885,58874602
14/09/2020,4.590000152587891,4.625,4.570000171661377,4.590000152587891,3.4675896167755127,34591362
15/09/2020,4.579999923706055,4.59499979019165,4.525000095367432,4.579999923706055,3.460034847259521,50101424
16/09/2020,4.590000152587891,4.599999904632568,4.545000076293945,4.559999942779541,3.444925546646118,26764046
17/09/2020,4.534999847412109,4.664999961853027,4.525000095367432,4.650000095367432,3.512917995452881,63899840
18/09/2020,4.635000228881836,4.644999980926514,4.59499979019165,4.605000019073486,3.478921890258789,23615830
21/09/2020,4.610000133514404,4.630000114440918,4.525000095367432,4.539999961853027,3.429816246032715,25297376
22/09/2020,4.53000020980835,4.644999980926514,4.519999980926514,4.630000114440918,3.49780821800232,33583324
23/09/2020,4.635000228881836,4.65500020980835,4.554999828338623,4.559999942779541,3.444925546646118,29624446
24/09/2020,4.53000020980835,4.650000095367432,4.53000020980835,4.639999866485596,3.5053627490997314,29826670
25/09/2020,4.65500020980835,4.690000057220459,4.574999809265137,4.590000152587891,3.4675896167755127,58086160
28/09/2020,4.570000171661377,4.630000114440918,4.539999961853027,4.610000133514404,3.482699394226074,35458680
29/09/2020,4.59499979019165,4.675000190734863,4.59499979019165,4.650000095367432,3.512917995452881,52885062
30/09/2020,4.684999942779541,4.755000114440918,4.684999942779541,4.730000019073486,3.573354959487915,63859786
01/10/2020,4.755000114440918,4.829999923706055,4.739999771118164,4.760000228881836,3.5960192680358887,49793054
02/10/2020,4.724999904632568,4.820000171661377,4.724999904632568,4.809999942779541,3.6337924003601074,31473570
05/10/2020,4.829999923706055,4.864999771118164,4.795000076293945,4.860000133514404,3.671565771102905,26037950
06/10/2020,4.885000228881836,4.900000095367432,4.815000057220459,4.835000038146973,3.6526787281036377,35273820
07/10/2020,4.809999942779541,4.820000171661377,4.760000228881836,4.784999847412109,3.6149051189422607,21253994
08/10/2020,4.800000190734863,4.849999904632568,4.730000019073486,4.764999866485596,3.599796295166016,36602620
09/10/2020,4.775000095367432,4.860000133514404,4.775000095367432,4.84499979019165,3.660233736038208,23762718
12/10/2020,4.855000019073486,4.889999866485596,4.840000152587891,4.864999771118164,3.675342798233032,20270402
13/10/2020,4.824999809265137,4.835000038146973,4.78000020980835,4.809999942779541,3.6337924003601074,16094108
14/10/2020,4.809999942779541,4.909999847412109,4.789999961853027,4.90500020980835,3.705561876296997,26224062
15/10/2020,4.900000095367432,4.909999847412109,4.815000057220459,4.864999771118164,3.675342798233032,19977458
16/10/2020,4.849999904632568,4.875,4.820000171661377,4.860000133514404,3.671565771102905,19705730
19/10/2020,4.84499979019165,4.869999885559082,4.804999828338623,4.829999923706055,3.648901462554932,22424166
20/10/2020,4.804999828338623,4.875,4.755000114440918,4.869999885559082,3.6791200637817374,24570522
21/10/2020,4.875,4.974999904632568,4.820000171661377,4.949999809265137,3.739557266235352,67648760
22/10/2020,4.914999961853027,5.0,4.894999980926514,4.920000076293945,3.716893434524536,56740864
23/10/2020,4.909999847412109,5.045000076293945,4.894999980926514,5.045000076293945,3.811326742172241,79600944
26/10/2020,4.994999885559082,5.099999904632568,4.925000190734863,5.014999866485596,3.788662433624268,72470364
27/10/2020,4.965000152587891,5.034999847412109,4.789999961853027,4.835000038146973,3.6526787281036377,51282980
28/10/2020,4.824999809265137,4.840000152587891,4.639999866485596,4.644999980926514,3.509140729904175,21422332
30/10/2020,4.550000190734863,4.775000095367432,4.53000020980835,4.730000019073486,3.573354959487915,53126530
02/11/2020,4.775000095367432,5.019999980926514,4.744999885559082,4.920000076293945,3.716893434524536,76002690
03/11/2020,4.929999828338623,5.099999904632568,4.824999809265137,5.039999961853027,3.807549715042114,47223854
04/11/2020,5.039999961853027,5.204999923706055,5.03000020980835,5.170000076293945,3.9057600498199454,73182780
05/11/2020,5.190000057220459,5.195000171661377,5.034999847412109,5.085000038146973,3.841545581817627,28247204
06/11/2020,5.054999828338623,5.289999961853027,5.054999828338623,5.275000095367432,3.985083818435669,51532646
09/11/2020,5.425000190734863,5.650000095367432,5.375,5.5,4.155064105987549,69078756
10/11/2020,5.635000228881836,5.880000114440918,5.514999866485596,5.835000038146973,4.408144950866699,77786558
11/11/2020,5.789999961853027,5.980000019073486,5.670000076293945,5.795000076293945,4.377926826477051,79942936
12/11/2020,5.775000095367432,5.78000020980835,5.534999847412109,5.630000114440918,4.253274917602539,58508028
13/11/2020,5.625,5.639999866485596,5.425000190734863,5.514999866485596,4.166395664215088,40561836
16/11/2020,5.574999809265137,5.670000076293945,5.440000057220459,5.465000152587891,4.128622531890869,33898086
17/11/2020,5.414999961853027,5.585000038146973,5.389999866485596,5.440000057220459,4.109735488891602,39661792
18/11/2020,5.425000190734863,5.989999771118164,5.425000190734863,5.954999923706055,4.498800754547119,112901428
19/11/2020,5.900000095367432,6.150000095367432,5.695000171661377,5.75,4.343930244445801,172802530
20/11/2020,5.744999885559082,5.840000152587891,5.639999866485596,5.670000076293945,4.283493041992188,54713566
23/11/2020,5.690000057220459,5.775000095367432,5.559999942779541,5.650000095367432,4.268383979797363,39998216
24/11/2020,5.760000228881836,5.784999847412109,5.630000114440918,5.764999866485596,4.355262279510498,35383594
25/11/2020,5.815000057220459,5.920000076293945,5.800000190734863,5.824999809265137,4.400590419769287,49287148
26/11/2020,5.875,5.954999923706055,5.820000171661377,5.934999942779541,4.483691692352295,39115904
27/11/2020,5.929999828338623,6.050000190734863,5.889999866485596,5.914999961853027,4.4685821533203125,48975380
30/11/2020,5.809999942779541,5.869999885559082,5.539999961853027,5.579999923706055,4.215500831604004,71717266
01/12/2020,5.605000019073486,5.675000190734863,5.485000133514404,5.644999980926514,4.264606475830078,51857704
02/12/2020,5.65500020980835,5.864999771118164,5.65500020980835,5.835000038146973,4.408144950866699,69382040
03/12/2020,5.815000057220459,5.885000228881836,5.78000020980835,5.820000171661377,4.39681339263916,44092752
04/12/2020,5.800000190734863,5.885000228881836,5.795000076293945,5.824999809265137,4.400590419769287,44124410
07/12/2020,5.809999942779541,6.150000095367432,5.795000076293945,6.099999904632568,4.608343601226807,96274538
08/12/2020,6.179999828338623,6.724999904632568,6.179999828338623,6.724999904632568,5.080509662628174,176956442
09/12/2020,6.659999847412109,7.125,6.65500020980835,6.809999942779541,5.144724369049072,420140728
10/12/2020,6.800000190734863,6.864999771118164,6.679999828338623,6.730000019073486,5.084287166595459,82801228
11/12/2020,6.735000133514404,7.375,6.710000038146973,7.090000152587891,5.356255531311035,179534090
14/12/2020,7.239999771118164,7.295000076293945,7.070000171661377,7.125,5.382696628570557,89640756
15/12/2020,7.144999980926514,7.204999923706055,6.994999885559082,7.125,5.382696628570557,70366398
16/12/2020,7.204999923706055,7.360000133514404,7.130000114440918,7.199999809265137,5.439356327056885,70100468
17/12/2020,7.239999771118164,7.309999942779541,7.125,7.159999847412109,5.409137725830078,47756712
18/12/2020,7.099999904632568,7.119999885559082,6.934999942779541,6.980000019073486,5.273153781890869,42311430
21/12/2020,6.949999809265137,6.949999809265137,6.679999828338623,6.715000152587891,5.07295560836792,56662402
22/12/2020,6.824999809265137,7.184999942779541,6.824999809265137,7.110000133514404,5.371364593505859,110162260
23/12/2020,7.119999885559082,7.119999885559082,6.989999771118164,7.105000019073486,5.367587089538574,33233810
24/12/2020,7.139999866485596,7.230000019073486,7.03000020980835,7.175000190734863,5.420469760894775,48851140
25/12/2020,7.210000038146973,7.215000152587891,7.099999904632568,7.110000133514404,5.371364593505859,22050856
28/12/2020,7.159999847412109,7.195000171661377,7.070000171661377,7.110000133514404,5.371364593505859,31053984
29/12/2020,7.119999885559082,7.465000152587891,7.065000057220459,7.449999809265137,5.628222942352295,51832202
30/12/2020,7.510000228881836,7.789999961853027,7.460000038146973,7.619999885559082,5.756652355194092,92517092
31/12/2020,7.610000133514404,7.65500020980835,7.414999961853027,7.489999771118164,5.658441543579102,63978238
04/01/2021,7.474999904632568,7.550000190734863,7.130000114440918,7.400000095367432,5.590449333190918,51511174
05/01/2021,7.40500020980835,7.545000076293945,7.190000057220459,7.199999809265137,5.439356327056885,63973174
06/01/2021,7.364999771118164,7.46999979019165,7.289999961853027,7.335000038146973,5.541343688964844,54679298
07/01/2021,7.349999904632568,7.355000019073486,7.139999866485596,7.295000076293945,5.511125564575195,98617756
08/01/2021,7.485000133514404,7.539999961853027,7.400000095367432,7.525000095367432,5.684883117675781,80379932
11/01/2021,7.465000152587891,7.570000171661377,7.360000133514404,7.425000190734863,5.609336853027344,41179498
12/01/2021,7.440000057220459,7.625,7.34499979019165,7.574999809265137,5.722655773162842,72443040
13/01/2021,7.625,7.704999923706055,7.574999809265137,7.659999847412109,5.786870956420898,61740648
14/01/2021,7.71999979019165,7.769999980926514,7.554999828338623,7.585000038146973,5.73021125793457,47384442
15/01/2021,7.525000095367432,7.735000133514404,7.489999771118164,7.610000133514404,5.7490973472595215,76256498
18/01/2021,7.59499979019165,8.234999656677246,7.574999809265137,7.96999979019165,6.02106523513794,122827230
19/01/2021,8.029999732971191,8.140000343322754,7.815000057220459,7.855000019073486,5.934186458587647,98406444
20/01/2021,7.869999885559082,7.885000228881836,7.639999866485596,7.835000038146973,5.9190778732299805,68797840
21/01/2021,7.925000190734863,7.949999809265137,7.570000171661377,7.619999885559082,5.756652355194092,80690838
22/01/2021,7.550000190734863,7.585000038146973,7.369999885559082,7.420000076293945,5.6055588722229,57313060
25/01/2021,7.494999885559082,7.519999980926514,7.380000114440918,7.409999847412109,5.59800386428833,42983540
26/01/2021,7.34499979019165,7.585000038146973,7.315000057220459,7.5,5.665995597839356,64641896
27/01/2021,7.510000228881836,7.539999961853027,7.244999885559082,7.25,5.477129936218262,58817636
28/01/2021,7.150000095367432,7.380000114440918,7.150000095367432,7.34499979019165,5.548899173736572,64339142
29/01/2021,7.269999980926514,7.284999847412109,7.059999942779541,7.175000190734863,5.420469760894775,63476224
01/02/2021,7.175000190734863,7.224999904632568,7.090000152587891,7.15500020980835,5.405361175537109,34742704
02/02/2021,7.204999923706055,7.420000076293945,7.204999923706055,7.309999942779541,5.522457599639893,56894022
03/02/2021,7.360000133514404,7.40500020980835,7.210000038146973,7.320000171661377,5.530012607574463,65556628
04/02/2021,7.329999923706055,7.494999885559082,7.329999923706055,7.400000095367432,5.590449333190918,67512470
05/02/2021,7.449999809265137,7.539999961853027,7.295000076293945,7.300000190734863,5.514902591705322,50425630
08/02/2021,7.349999904632568,7.514999866485596,7.315000057220459,7.480000019073486,5.6508870124816895,68950170
09/02/2021,7.485000133514404,7.554999828338623,7.445000171661377,7.489999771118164,5.658441543579102,51329822
10/02/2021,7.534999847412109,7.630000114440918,7.400000095367432,7.525000095367432,5.684883117675781,72473100
11/02/2021,7.574999809265137,7.699999809265137,7.539999961853027,7.650000095367432,5.779316425323486,90556860
12/02/2021,7.695000171661377,7.730000019073486,7.510000228881836,7.554999828338623,5.707547187805176,82291602
15/02/2021,7.614999771118164,7.65500020980835,7.565000057220459,7.590000152587891,5.733988761901856,43846598
16/02/2021,7.59499979019165,7.619999885559082,7.300000190734863,7.360000133514404,5.560231685638428,79414678
17/02/2021,7.360000133514404,7.454999923706055,7.304999828338623,7.360000133514404,5.560231685638428,52246282
18/02/2021,7.389999866485596,7.485000133514404,7.355000019073486,7.355000019073486,5.556454181671143,43172318
19/02/2021,7.364999771118164,7.40500020980835,7.309999942779541,7.380000114440918,5.575340270996094,41891076
22/02/2021,7.445000171661377,7.510000228881836,7.275000095367432,7.289999961853027,5.507348537445068,50220348
23/02/2021,7.309999942779541,7.414999961853027,7.164999961853027,7.21999979019165,5.454465389251709,66330296
24/02/2021,7.199999809265137,7.335000038146973,7.135000228881836,7.210000038146973,5.446910858154297,43623758
25/02/2021,7.360000133514404,7.460000038146973,7.289999961853027,7.429999828338623,5.6131134033203125,67087270
26/02/2021,7.315000057220459,7.454999923706055,7.239999771118164,7.295000076293945,5.511125564575195,75695142
01/03/2021,7.349999904632568,7.570000171661377,7.335000038146973,7.550000190734863,5.703770160675049,60204346
02/03/2021,7.559999942779541,7.579999923706055,7.434999942779541,7.550000190734863,5.703770160675049,48323088
03/03/2021,7.605000019073486,7.994999885559082,7.605000019073486,7.75,5.854863166809082,164283388
04/03/2021,7.75,7.940000057220459,7.684999942779541,7.880000114440918,5.953073501586914,74769150
05/03/2021,7.849999904632568,7.929999828338623,7.755000114440918,7.90500020980835,5.971960067749023,55295600
08/03/2021,7.954999923706055,8.140000343322754,7.909999847412109,8.0,6.043729305267334,90199930
09/03/2021,8.039999961853027,8.199999809265137,7.989999771118164,8.199999809265137,6.194822311401367,77592058
10/03/2021,8.199999809265137,8.475000381469727,8.1850004196167,8.399999618530273,6.3459153175354,89203160
11/03/2021,8.40999984741211,8.46500015258789,8.204999923706055,8.279999732971191,6.2552595138549805,61321540
12/03/2021,8.279999732971191,8.414999961853027,8.25,8.399999618530273,6.3459153175354,64296066
15/03/2021,8.414999961853027,8.420000076293945,8.319999694824219,8.375,6.327029705047607,42317546
16/03/2021,8.399999618530273,8.460000038146973,8.369999885559082,8.399999618530273,6.3459153175354,43810112
17/03/2021,8.399999618530273,8.515000343322754,8.359999656677246,8.470000267028809,6.398798942565918,77674384
18/03/2021,8.484999656677246,8.539999961853027,8.359999656677246,8.399999618530273,6.3459153175354,60294248
19/03/2021,8.399999618530273,8.494999885559082,8.130000114440918,8.170000076293945,6.172158718109131,75979222
22/03/2021,7.675000190734863,7.690000057220459,7.355000019073486,7.355000019073486,5.556454181671143,138268590
23/03/2021,6.800000190734863,7.925000190734863,6.619999885559082,7.699999809265137,5.817089557647705,284267942
24/03/2021,6.849999904632568,7.199999809265137,6.824999809265137,7.175000190734863,6.160533905029297,108429042
25/03/2021,7.175000190734863,7.289999961853027,6.860000133514404,6.860000133514404,5.890071868896484,86503550
26/03/2021,6.954999923706055,7.034999847412109,6.769999980926514,6.900000095367432,5.9244160652160645,94745006
29/03/2021,6.960000038146973,7.409999847412109,6.960000038146973,7.304999828338623,6.272152900695801,93300986
30/03/2021,7.329999923706055,7.449999809265137,7.110000133514404,7.445000171661377,6.392359256744385,93096648
31/03/2021,7.460000038146973,7.630000114440918,7.400000095367432,7.630000114440918,6.551201820373535,86882518
01/04/2021,7.650000095367432,7.775000095367432,7.619999885559082,7.635000228881836,6.555495262145996,49963874
02/04/2021,7.675000190734863,7.710000038146973,7.550000190734863,7.574999809265137,6.503978252410889,35484684
05/04/2021,7.574999809265137,7.75,7.539999961853027,7.724999904632568,6.632769584655762,42816628
06/04/2021,7.71999979019165,7.755000114440918,7.65500020980835,7.704999923706055,6.615597724914551,57527014
07/04/2021,7.704999923706055,7.849999904632568,7.650000095367432,7.815000057220459,6.710045337677002,74242452
08/04/2021,7.809999942779541,7.989999771118164,7.804999828338623,7.920000076293945,6.800199031829834,73550378
09/04/2021,7.920000076293945,8.220000267028809,7.885000228881836,8.154999732971191,7.001972198486328,178628480
12/04/2021,8.154999732971191,8.295000076293945,8.055000305175781,8.199999809265137,7.040609836578369,124599464
13/04/2021,8.220000267028809,8.8149995803833,8.220000267028809,8.545000076293945,7.336830615997314,244877642
14/04/2021,8.595000267028809,8.760000228881836,8.4399995803833,8.760000228881836,7.521432399749756,171866060
15/04/2021,8.774999618530273,9.1899995803833,8.734999656677246,9.015000343322754,7.740378379821777,194574076
16/04/2021,9.024999618530272,9.18000030517578,8.824999809265137,9.170000076293944,7.873463153839111,152516348
19/04/2021,9.18000030517578,9.380000114440918,9.050000190734863,9.079999923706056,7.796187877655029,178714084
20/04/2021,9.079999923706056,9.225000381469728,8.9350004196167,9.114999771118164,7.826239109039307,173332154
21/04/2021,9.079999923706056,9.175000190734863,8.640000343322754,8.920000076293945,7.658810138702393,150160282
22/04/2021,8.824999809265137,9.020000457763672,8.800000190734863,8.994999885559082,7.723206043243408,110091862
26/04/2021,9.010000228881836,9.69499969482422,9.010000228881836,9.65999984741211,8.294181823730469,173704778
27/04/2021,9.654999732971191,9.795000076293944,9.505000114440918,9.725000381469728,8.349992752075195,143884350
28/04/2021,9.725000381469728,9.8149995803833,9.395000457763672,9.470000267028809,8.131046295166016,118812196
29/04/2021,9.475000381469728,9.654999732971191,9.470000267028809,9.630000114440918,8.268424034118652,78346256
30/04/2021,9.649999618530272,9.71500015258789,9.460000038146973,9.520000457763672,8.17397689819336,125050940
03/05/2021,9.515000343322754,9.55500030517578,9.420000076293944,9.479999542236328,8.139632225036621,65524530
04/05/2021,9.484999656677246,9.895000457763672,9.470000267028809,9.824999809265137,8.435853004455566,186713508
05/05/2021,9.854999542236328,9.869999885559082,9.59000015258789,9.720000267028809,8.345698356628418,107659220
06/05/2021,9.729999542236328,10.079999923706056,9.725000381469728,9.899999618530272,8.500248908996582,160339034
07/05/2021,9.975000381469728,10.0600004196167,9.635000228881836,9.869999885559082,8.474491119384766,91380266
10/05/2021,10.0,10.239999771118164,9.960000038146973,10.220000267028809,8.775004386901855,82154436
11/05/2021,10.119999885559082,10.279999732971191,10.050000190734863,10.050000190734863,8.629040718078613,76073536
12/05/2021,10.050000190734863,10.15999984741211,9.93000030517578,9.994999885559082,8.581816673278809,36396546
17/05/2021,9.949999809265137,9.96500015258789,9.539999961853027,9.71500015258789,8.341405868530273,144981606
18/05/2021,9.779999732971191,9.880000114440918,9.635000228881836,9.675000190734863,8.307061195373535,88522784
20/05/2021,9.494999885559082,9.545000076293944,9.270000457763672,9.28499984741211,7.972203254699707,77854568
21/05/2021,9.28499984741211,9.515000343322754,9.28499984741211,9.354999542236328,8.032305717468262,65098990
24/05/2021,9.324999809265137,9.635000228881836,9.30500030517578,9.614999771118164,8.255544662475586,86808774
25/05/2021,9.649999618530272,9.6850004196167,9.239999771118164,9.239999771118164,7.933566093444824,80699410
26/05/2021,9.3149995803833,9.579999923706056,9.3149995803833,9.539999961853027,8.19114875793457,62017724
27/05/2021,9.5649995803833,9.5649995803833,9.329999923706056,9.43000030517578,8.096702575683594,73372318
28/05/2021,9.489999771118164,9.625,9.425000190734863,9.604999542236328,8.24695873260498,89493820
31/05/2021,9.574999809265137,9.779999732971191,9.5600004196167,9.614999771118164,8.255544662475586,67645230
01/06/2021,9.635000228881836,9.75,9.550000190734863,9.704999923706056,8.332818984985352,47930512
02/06/2021,9.65999984741211,9.729999542236328,9.600000381469728,9.614999771118164,8.255544662475586,42935728
03/06/2021,9.645000457763672,9.734999656677246,9.385000228881836,9.529999732971191,8.182561874389648,57091790
04/06/2021,9.505000114440918,9.5600004196167,9.454999923706056,9.454999923706056,8.118165969848633,25931034
07/06/2021,9.4350004196167,9.59000015258789,9.399999618530272,9.55500030517578,8.204028129577637,32913692
08/06/2021,9.539999961853027,9.55500030517578,9.460000038146973,9.510000228881836,8.165390014648438,25583284
09/06/2021,9.550000190734863,9.630000114440918,9.479999542236328,9.510000228881836,8.165390014648438,41089058
10/06/2021,9.539999961853027,9.600000381469728,9.484999656677246,9.529999732971191,8.182561874389648,29162764
11/06/2021,9.550000190734863,9.654999732971191,9.510000228881836,9.600000381469728,8.242666244506836,50224326
14/06/2021,9.609999656677246,9.829999923706056,9.600000381469728,9.71500015258789,8.341405868530273,58286310
15/06/2021,9.71500015258789,9.824999809265137,9.515000343322754,9.53499984741211,8.186856269836426,58105274
16/06/2021,9.53499984741211,9.604999542236328,9.44499969482422,9.46500015258789,8.126752853393555,36535084
17/06/2021,9.4350004196167,9.520000457763672,9.270000457763672,9.354999542236328,8.032305717468262,54509664
18/06/2021,9.404999732971191,9.460000038146973,8.895000457763672,8.895000457763672,7.637345314025879,85811378
21/06/2021,8.890000343322754,9.095000267028809,8.875,9.095000267028809,7.809067249298096,68322018
22/06/2021,9.119999885559082,9.149999618530272,8.9399995803833,9.104999542236328,7.817652702331543,54331876
23/06/2021,9.140000343322754,9.210000038146973,8.970000267028809,8.989999771118164,7.7189130783081055,35725144
24/06/2021,9.010000228881836,9.140000343322754,9.0,9.109999656677246,7.821946144104004,47090770
25/06/2021,9.119999885559082,9.1899995803833,9.010000228881836,9.06999969482422,7.787601470947266,47164396
28/06/2021,9.085000038146973,9.140000343322754,9.010000228881836,9.085000038146973,7.80048131942749,33144450
29/06/2021,9.074999809265137,9.175000190734863,8.885000228881836,9.135000228881836,7.843411445617676,48078858
30/06/2021,9.15999984741211,9.239999771118164,8.9399995803833,9.0,7.727499008178711,58025752
01/07/2021,8.984999656677246,9.109999656677246,8.9399995803833,9.015000343322754,7.740378379821777,34863412
02/07/2021,9.024999618530272,9.125,9.0,9.085000038146973,7.80048131942749,33108810
05/07/2021,9.074999809265137,9.140000343322754,8.989999771118164,9.109999656677246,7.821946144104004,37107344
06/07/2021,9.164999961853027,9.25,9.010000228881836,9.010000228881836,7.736084938049316,57035448
07/07/2021,9.03499984741211,9.06999969482422,8.904999732971191,9.015000343322754,7.740378379821777,56612662
08/07/2021,9.0,9.029999732971191,8.779999732971191,8.779999732971191,7.538604259490967,43684898
09/07/2021,8.8149995803833,9.03499984741211,8.8100004196167,9.024999618530272,7.748963832855225,63651252
12/07/2021,9.015000343322754,9.229999542236328,9.015000343322754,9.095000267028809,7.809067249298096,58209322
13/07/2021,9.100000381469728,9.119999885559082,8.869999885559082,8.960000038146973,7.693154811859131,47657508
14/07/2021,8.994999885559082,9.199999809265137,8.994999885559082,9.095000267028809,7.809067249298096,38395812
16/07/2021,9.125,9.125,8.954999923706055,9.050000190734863,7.770430088043213,34327592
19/07/2021,9.0,9.015000343322754,8.925000190734863,8.960000038146973,7.693154811859131,11419678
26/07/2021,9.020000457763672,9.125,9.0,9.020000457763672,7.744671821594238,47331830
27/07/2021,9.03499984741211,9.244999885559082,8.984999656677246,9.239999771118164,7.933566093444824,50163220
28/07/2021,9.234999656677246,9.364999771118164,9.1899995803833,9.364999771118164,8.040891647338867,59537914
29/07/2021,9.460000038146973,10.109999656677246,9.460000038146973,10.0,8.58611011505127,127636092
30/07/2021,9.949999809265137,10.130000114440918,9.94499969482422,10.0,8.58611011505127,64987314
02/08/2021,10.020000457763672,10.0600004196167,9.835000038146973,9.850000381469728,8.457318305969238,52572946
03/08/2021,9.850000381469728,10.079999923706056,9.789999961853027,10.029999732971191,8.61186695098877,102658562
04/08/2021,10.050000190734863,10.109999656677246,9.925000190734863,9.960000038146973,8.551765441894531,45352666
05/08/2021,9.9399995803833,10.199999809265137,9.914999961853027,10.1899995803833,8.749245643615723,61229084
06/08/2021,10.199999809265137,10.43000030517578,10.130000114440918,10.399999618530272,8.929553985595703,70049518
09/08/2021,10.399999618530272,10.399999618530272,10.199999809265137,10.260000228881836,8.809349060058594,38595866
10/08/2021,9.979999542236328,10.050000190734863,9.80500030517578,9.854999542236328,8.4616117477417,140160990
11/08/2021,9.904999732971191,10.010000228881836,9.53499984741211,9.53499984741211,8.186856269836426,126709060
12/08/2021,9.625,9.899999618530272,9.604999542236328,9.885000228881836,8.487370491027832,83449674
13/08/2021,9.890000343322754,9.979999542236328,9.824999809265137,9.869999885559082,8.474491119384766,52648448
16/08/2021,9.885000228881836,9.93000030517578,9.75,9.770000457763672,8.388629913330078,46145308
17/08/2021,9.789999961853027,9.789999961853027,9.675000190734863,9.71500015258789,8.341405868530273,42581636
18/08/2021,9.720000267028809,9.725000381469728,9.510000228881836,9.510000228881836,8.165390014648438,42684696
19/08/2021,9.425000190734863,9.43000030517578,9.25,9.274999618530272,7.963616371154785,65902540
20/08/2021,9.270000457763672,9.4350004196167,9.210000038146973,9.31999969482422,8.002253532409668,80096074
23/08/2021,9.380000114440918,9.414999961853027,9.279999732971191,9.31999969482422,8.002253532409668,43495316
24/08/2021,9.359999656677246,9.40999984741211,9.3149995803833,9.3149995803833,7.997961044311523,59758516
25/08/2021,9.329999923706056,9.454999923706056,9.229999542236328,9.279999732971191,7.967910289764404,52746110
26/08/2021,9.289999961853027,9.350000381469728,9.15999984741211,9.199999809265137,7.899220943450928,38861354
27/08/2021,9.220000267028809,9.354999542236328,9.19499969482422,9.354999542236328,8.032305717468262,48997318
31/08/2021,9.454999923706056,9.5,9.31999969482422,9.390000343322754,8.062357902526855,48169308
01/09/2021,9.399999618530272,9.399999618530272,9.244999885559082,9.244999885559082,7.93785810470581,34712370
02/09/2021,9.25,9.3149995803833,9.204999923706056,9.204999923706056,7.903514385223389,37428558
03/09/2021,9.229999542236328,9.270000457763672,9.05500030517578,9.05500030517578,7.774723052978516,61422236
06/09/2021,9.085000038146973,9.164999961853027,9.085000038146973,9.125,7.834825038909912,26238874
07/09/2021,9.130000114440918,9.164999961853027,9.029999732971191,9.029999732971191,7.753257274627685,45079846
08/09/2021,9.050000190734863,9.104999542236328,8.954999923706055,8.96500015258789,7.697447299957275,36262722
09/09/2021,8.96500015258789,9.03499984741211,8.899999618530273,9.03499984741211,7.757550239562988,43831962
10/09/2021,9.0649995803833,9.085000038146973,8.9399995803833,8.96500015258789,7.697447299957275,53500640
13/09/2021,8.989999771118164,9.085000038146973,8.944999694824219,9.029999732971191,7.753257274627685,40270188
14/09/2021,9.029999732971191,9.03499984741211,8.880000114440918,8.885000228881836,7.628758907318115,40357974
15/09/2021,8.869999885559082,8.914999961853027,8.645000457763672,8.6899995803833,7.461329460144043,66236922
16/09/2021,8.734999656677246,8.770000457763672,8.555000305175781,8.555000305175781,7.345417499542236,56727900
17/09/2021,8.585000038146973,8.609999656677246,8.4350004196167,8.520000457763672,7.315366268157959,71315908
20/09/2021,8.420000076293945,8.475000381469727,8.225000381469727,8.244999885559082,7.079247951507568,62842314
21/09/2021,8.28499984741211,8.329999923706055,8.015000343322754,8.029999732971191,6.894645690917969,76995536
22/09/2021,8.130000114440918,8.46500015258789,8.130000114440918,8.449999809265137,7.25526237487793,104563662
23/09/2021,8.475000381469727,8.505000114440918,8.305000305175781,8.475000381469727,7.276728630065918,128127004
24/09/2021,8.425000190734863,8.484999656677246,8.329999923706055,8.430000305175781,7.238091468811035,51344150
27/09/2021,8.524999618530273,8.579999923706055,8.335000038146973,8.420000076293945,7.229504585266113,54391212
28/09/2021,8.420000076293945,8.479999542236328,8.289999961853027,8.305000305175781,7.130764961242676,45515556
29/09/2021,8.369999885559082,8.40999984741211,8.234999656677246,8.234999656677246,7.070661067962647,44777734
30/09/2021,8.244999885559082,8.390000343322754,8.210000038146973,8.324999809265137,7.1479363441467285,67902912
01/10/2021,8.295000076293945,8.390000343322754,8.234999656677246,8.335000038146973,7.156522750854492,52830238
04/10/2021,8.335000038146973,8.359999656677246,8.164999961853027,8.164999961853027,7.01055908203125,51148108
05/10/2021,8.1850004196167,8.194999694824219,8.069999694824219,8.074999809265137,6.933283805847168,56961688
06/10/2021,8.229999542236328,8.364999771118164,8.045000076293945,8.074999809265137,6.933283805847168,170405424
07/10/2021,8.180000305175781,8.484999656677246,8.175000190734863,8.479999542236328,7.281020641326904,101496004
08/10/2021,8.489999771118164,8.569999694824219,8.399999618530273,8.53499984741211,7.328245162963867,92849262
11/10/2021,8.550000190734863,8.904999732971191,8.550000190734863,8.779999732971191,7.538604259490967,99733272
12/10/2021,8.725000381469727,8.850000381469727,8.6850004196167,8.8149995803833,7.568655490875244,71656260
13/10/2021,8.84000015258789,8.90999984741211,8.654999732971191,8.6899995803833,7.461329460144043,68401746
14/10/2021,8.6850004196167,8.845000267028809,8.65999984741211,8.774999618530273,7.534311294555664,71052368
15/10/2021,8.8149995803833,8.925000190734863,8.75,8.914999961853027,7.654516696929932,99540500
18/10/2021,8.96500015258789,9.140000343322754,8.895000457763672,9.100000381469728,7.813360691070557,71199762
19/10/2021,9.130000114440918,9.170000076293944,9.029999732971191,9.05500030517578,7.774723052978516,51838724
20/10/2021,9.079999923706056,9.154999732971191,9.050000190734863,9.119999885559082,7.830531597137451,52208016
21/10/2021,9.119999885559082,9.43000030517578,8.960000038146973,9.425000190734863,8.092409133911133,118102068
22/10/2021,9.404999732971191,9.699999809265137,9.369999885559082,9.675000190734863,8.307061195373535,105852436
25/10/2021,9.625,9.835000038146973,9.614999771118164,9.8149995803833,8.427267074584961,81934280
26/10/2021,9.925000190734863,10.050000190734863,9.899999618530272,10.0,8.58611011505127,87054170
27/10/2021,10.020000457763672,10.0600004196167,9.68000030517578,9.885000228881836,8.487370491027832,142828114
28/10/2021,9.875,9.989999771118164,9.829999923706056,9.845000267028809,8.453025817871094,37720958
01/11/2021,9.850000381469728,9.890000343322754,9.68000030517578,9.850000381469728,8.457318305969238,62625352
02/11/2021,9.824999809265137,9.850000381469728,9.545000076293944,9.545000076293944,8.195442199707031,74695940
03/11/2021,9.529999732971191,9.614999771118164,9.225000381469728,9.475000381469728,8.135339736938477,109825522
04/11/2021,9.53499984741211,9.609999656677246,9.4399995803833,9.449999809265137,8.113873481750488,65886274
05/11/2021,9.4350004196167,9.449999809265137,9.289999961853027,9.399999618530272,8.070942878723145,61234260
08/11/2021,9.404999732971191,9.770000457763672,9.399999618530272,9.770000457763672,8.388629913330078,88923634
09/11/2021,9.824999809265137,9.975000381469728,9.71500015258789,9.8149995803833,8.427267074584961,126574868
10/11/2021,9.760000228881836,9.789999961853027,9.579999923706056,9.675000190734863,8.307061195373535,99582108
11/11/2021,9.725000381469728,9.869999885559082,9.670000076293944,9.720000267028809,8.345698356628418,118566382
12/11/2021,9.770000457763672,9.875,9.704999923706056,9.78499984741211,8.401508331298828,59132912
15/11/2021,9.864999771118164,10.239999771118164,9.835000038146973,10.079999923706056,8.654799461364746,97769460
16/11/2021,10.149999618530272,10.170000076293944,9.71500015258789,9.75,8.37145709991455,78231640
17/11/2021,9.75,10.109999656677246,9.75,10.06999969482422,8.646212577819824,86409628
18/11/2021,10.079999923706056,10.630000114440918,9.9399995803833,10.510000228881836,9.024002075195312,145615972
19/11/2021,10.59000015258789,10.8100004196167,10.4399995803833,10.619999885559082,9.118448257446287,118053078
22/11/2021,10.75,10.850000381469728,10.609999656677246,10.779999732971191,9.255825996398926,64696220
23/11/2021,10.84000015258789,11.630000114440918,10.84000015258789,11.539999961853027,9.908370971679688,188535288
24/11/2021,11.899999618530272,12.119999885559082,11.31999969482422,11.5,9.87402629852295,154750152
25/11/2021,11.510000228881836,11.600000381469728,11.220000267028809,11.579999923706056,9.942715644836426,78708036
26/11/2021,11.449999809265137,11.5,11.039999961853027,11.239999771118164,9.650787353515623,72012182
29/11/2021,11.350000381469728,11.550000190734863,11.279999732971191,11.420000076293944,9.805337905883787,62907108
30/11/2021,11.390000343322754,11.670000076293944,11.270000457763672,11.270000457763672,9.67654514312744,99366192
01/12/2021,11.420000076293944,11.6899995803833,11.31999969482422,11.470000267028809,9.848268508911133,109508084
02/12/2021,11.529999732971191,11.850000381469728,11.510000228881836,11.699999809265137,10.045748710632324,119619440
03/12/2021,11.850000381469728,12.100000381469728,11.800000190734863,11.899999618530272,10.217470169067385,95356742
06/12/2021,12.010000228881836,12.119999885559082,11.710000038146973,11.829999923706056,10.157367706298828,75492702
07/12/2021,11.989999771118164,12.84000015258789,11.84000015258789,12.720000267028809,10.92153263092041,163293506
08/12/2021,12.760000228881836,13.0,12.59000015258789,12.65999984741211,10.870015144348145,110745788
09/12/2021,12.739999771118164,13.510000228881836,12.739999771118164,13.199999809265137,11.333664894104004,159136474
10/12/2021,13.229999542236328,13.390000343322754,12.880000114440918,13.359999656677246,11.471041679382324,96567080
13/12/2021,13.619999885559082,14.359999656677246,13.609999656677246,14.34000015258789,12.312481880187988,106857478
14/12/2021,14.949999809265137,15.06999969482422,14.65999984741211,15.06999969482422,12.9392671585083,105529598
15/12/2021,15.329999923706056,15.65999984741211,14.859999656677246,15.479999542236328,13.291297912597656,129498496
16/12/2021,15.59000015258789,16.850000381469727,15.380000114440918,16.799999237060547,14.424664497375488,177231362
17/12/2021,17.5,18.1299991607666,15.130000114440918,15.449999809265137,13.265539169311523,181792788
20/12/2021,15.100000381469728,16.649999618530273,14.0,15.6899995803833,13.471606254577637,173965610
21/12/2021,15.0,15.199999809265137,14.130000114440918,14.130000114440918,12.132174491882324,128529384
22/12/2021,13.25,14.06999969482422,12.720000267028809,12.720000267028809,10.92153263092041,231826464
23/12/2021,12.93000030517578,13.329999923706056,11.779999732971191,13.1899995803833,11.325078964233398,196466658
24/12/2021,13.210000038146973,14.270000457763672,12.869999885559082,14.1899995803833,12.183690071105955,183310764
27/12/2021,14.25,14.6899995803833,14.06999969482422,14.359999656677246,12.3296537399292,133832110
28/12/2021,14.539999961853027,14.630000114440918,13.800000190734863,13.90999984741211,11.943279266357422,97216724
29/12/2021,13.90999984741211,14.649999618530272,13.75,14.640000343322754,12.57006549835205,142583656
30/12/2021,14.949999809265137,15.109999656677246,14.079999923706056,14.18000030517578,12.175104141235352,159649094
31/12/2021,14.1899995803833,14.449999809265137,13.979999542236328,14.079999923706056,12.089241981506348,103505274
03/01/2022,14.25,14.619999885559082,14.130000114440918,14.619999885559082,12.552892684936523,94109450
04/01/2022,14.779999732971191,15.1899995803833,14.68000030517578,15.109999656677246,12.973612785339355,149017428
05/01/2022,15.109999656677246,15.5,14.829999923706056,15.43000030517578,13.248368263244627,172086494
06/01/2022,15.25,15.489999771118164,15.100000381469728,15.100000381469728,12.96502685546875,179010232
07/01/2022,15.25,15.59000015258789,15.130000114440918,15.3100004196167,13.145336151123049,245508184
10/01/2022,15.40999984741211,15.5600004196167,15.25,15.25,13.093816757202148,135195022
11/01/2022,15.420000076293944,16.030000686645508,15.260000228881836,15.880000114440918,13.634742736816406,333376636
12/01/2022,16.079999923706055,16.239999771118164,15.770000457763672,15.789999961853027,13.557467460632324,162013986
13/01/2022,15.710000038146973,16.020000457763672,15.609999656677246,15.8100004196167,13.574640274047852,145795422
14/01/2022,15.829999923706056,15.869999885559082,15.539999961853027,15.739999771118164,13.51453685760498,103910286
17/01/2022,15.739999771118164,15.739999771118164,15.279999732971191,15.279999732971191,13.119576454162598,92766612
18/01/2022,15.220000267028809,15.31999969482422,14.460000038146973,14.460000038146973,12.415515899658203,117793866
19/01/2022,14.350000381469728,14.81999969482422,14.050000190734863,14.670000076293944,12.595823287963867,133616144
20/01/2022,14.920000076293944,14.989999771118164,14.15999984741211,14.329999923706056,12.303895950317385,119711638
21/01/2022,14.25,14.489999771118164,13.970000267028809,14.369999885559082,12.33824062347412,95641868
24/01/2022,14.220000267028809,14.239999771118164,13.40999984741211,13.479999542236328,11.57407569885254,104323334
25/01/2022,13.600000381469728,13.770000457763672,13.170000076293944,13.640000343322754,11.711454391479492,79901780
26/01/2022,13.640000343322754,14.050000190734863,13.600000381469728,13.600000381469728,11.67711067199707,91073098
27/01/2022,13.390000343322754,13.899999618530272,13.210000038146973,13.899999618530272,11.9346923828125,85383632
28/01/2022,14.020000457763672,14.170000076293944,13.630000114440918,13.640000343322754,11.711454391479492,81744534
31/01/2022,13.81999969482422,13.920000076293944,13.640000343322754,13.640000343322754,11.711454391479492,49132830
01/02/2022,13.729999542236328,14.029999732971191,13.720000267028809,13.800000190734863,11.848832130432127,77995224
02/02/2022,13.90999984741211,13.979999542236328,13.550000190734863,13.649999618530272,11.720040321350098,56048228
03/02/2022,13.609999656677246,13.850000381469728,13.390000343322754,13.449999809265137,11.548317909240724,59660342
04/02/2022,13.600000381469728,13.649999618530272,13.260000228881836,13.34000015258789,11.453871726989746,44970376
07/02/2022,13.34000015258789,14.380000114440918,13.119999885559082,14.369999885559082,12.33824062347412,103731008
08/02/2022,14.350000381469728,14.390000343322754,13.90999984741211,14.220000267028809,12.20944881439209,99164078
09/02/2022,14.359999656677246,14.899999618530272,14.300000190734863,14.800000190734863,12.707443237304688,131544298
10/02/2022,14.949999809265137,15.029999732971191,14.630000114440918,14.729999542236328,12.647339820861816,124194272
11/02/2022,14.479999542236328,14.670000076293944,14.149999618530272,14.539999961853027,12.484203338623049,150953876
14/02/2022,14.239999771118164,14.270000457763672,13.850000381469728,13.970000267028809,11.994795799255373,124754426
15/02/2022,14.020000457763672,14.460000038146973,14.010000228881836,14.279999732971191,12.26096534729004,105649760
16/02/2022,14.350000381469728,14.369999885559082,14.079999923706056,14.09000015258789,12.09782886505127,75555054
17/02/2022,14.130000114440918,14.43000030517578,13.93000030517578,14.020000457763672,12.037726402282717,138752170
18/02/2022,14.15999984741211,14.229999542236328,13.949999809265137,14.170000076293944,12.166518211364746,58886590
21/02/2022,14.3100004196167,14.479999542236328,14.100000381469728,14.43000030517578,12.38975715637207,89933130
22/02/2022,14.119999885559082,14.40999984741211,13.989999771118164,14.199999809265137,12.192276000976562,93215772
23/02/2022,14.539999961853027,15.529999732971191,14.5,15.210000038146973,13.059473991394045,285021440
24/02/2022,14.529999732971191,14.949999809265137,13.770000457763672,14.539999961853027,12.484203338623049,300353424
25/02/2022,14.9399995803833,15.710000038146973,14.81999969482422,15.579999923706056,13.377159118652344,213118994
28/02/2022,15.350000381469728,15.859999656677246,15.25,15.539999961853027,13.342814445495604,174420692
01/03/2022,15.779999732971191,16.6299991607666,15.729999542236328,16.59000015258789,14.244356155395508,206495350
02/03/2022,16.6200008392334,17.459999084472656,16.3700008392334,17.239999771118164,14.80245304107666,224032772
03/03/2022,17.459999084472656,18.440000534057617,17.34000015258789,17.670000076293945,15.171656608581545,196972540
04/03/2022,17.5,17.739999771118164,17.0,17.0,14.596386909484863,157549346
07/03/2022,16.8799991607666,17.56999969482422,16.81999969482422,17.290000915527344,14.845385551452637,171116800
08/03/2022,17.239999771118164,17.829999923706055,17.200000762939453,17.219999313354492,14.785280227661133,150331324
09/03/2022,17.5,17.559999465942383,16.899999618530273,16.93000030517578,14.536284446716309,111046540
10/03/2022,16.950000762939453,17.459999084472656,16.899999618530273,17.309999465942383,14.862555503845217,141660106
11/03/2022,17.3700008392334,17.469999313354492,16.90999984741211,16.989999771118164,14.587800979614258,111934076
14/03/2022,17.1299991607666,17.280000686645508,16.979999542236328,17.200000762939453,14.768110275268556,85067972
15/03/2022,17.219999313354492,17.450000762939453,17.09000015258789,17.110000610351562,14.690834999084473,96479796
16/03/2022,17.239999771118164,17.3799991607666,17.059999465942383,17.139999389648438,14.716592788696287,87947638
17/03/2022,17.350000381469727,17.93000030517578,17.34000015258789,17.8799991607666,15.351963996887209,180171724
18/03/2022,18.13999938964844,18.239999771118164,17.8799991607666,18.07999992370605,15.523686408996582,130882146
21/03/2022,18.25,18.25,17.959999084472656,18.13999938964844,15.575202941894531,107329910
22/03/2022,16.399999618530273,17.1200008392334,16.25,16.899999618530273,16.539173126220703,224087728
23/03/2022,16.989999771118164,16.989999771118164,16.600000381469727,16.75,16.392375946044922,88936718
24/03/2022,16.760000228881836,17.0,16.649999618530273,16.760000228881836,16.402162551879883,123454160
25/03/2022,16.84000015258789,16.850000381469727,16.600000381469727,16.600000381469727,16.24557876586914,59266252
28/03/2022,16.6200008392334,16.6299991607666,16.34000015258789,16.350000381469727,16.000917434692383,79183816
29/03/2022,16.3700008392334,16.760000228881836,16.25,16.260000228881836,15.912837028503418,110443672
30/03/2022,16.280000686645508,16.489999771118164,16.25,16.309999465942383,15.961769104003906,75659004
31/03/2022,16.31999969482422,16.440000534057617,16.079999923706055,16.219999313354492,15.873690605163574,68518502
01/04/2022,16.309999465942383,16.719999313354492,16.299999237060547,16.65999984741211,16.304298400878906,129319378
04/04/2022,16.719999313354492,17.25,16.520000457763672,17.190000534057617,16.822980880737305,131413140
05/04/2022,17.25,17.520000457763672,17.139999389648438,17.299999237060547,16.930631637573242,107318508
06/04/2022,17.280000686645508,17.40999984741211,16.790000915527344,16.809999465942383,16.451093673706055,89693616
07/04/2022,16.860000610351562,17.100000381469727,16.860000610351562,17.030000686645508,16.666397094726562,71579298
08/04/2022,17.06999969482422,17.110000610351562,16.90999984741211,17.010000228881836,16.64682388305664,53373668
11/04/2022,17.020000457763672,17.3700008392334,16.889999389648438,17.18000030517578,16.813196182250977,131694438
12/04/2022,17.190000534057617,17.549999237060547,17.06999969482422,17.209999084472656,16.842552185058594,115758912
13/04/2022,17.31999969482422,17.700000762939453,17.219999313354492,17.579999923706055,17.204654693603516,173181814
14/04/2022,17.770000457763672,17.959999084472656,17.440000534057617,17.520000457763672,17.145936965942383,92800250
15/04/2022,17.520000457763672,17.68000030517578,17.3700008392334,17.649999618530273,17.273160934448242,57786774
18/04/2022,17.690000534057617,17.719999313354492,17.530000686645508,17.59000015258789,17.214441299438477,48124636
19/04/2022,17.68000030517578,17.940000534057617,17.56999969482422,17.940000534057617,17.556968688964844,103428992
20/04/2022,18.020000457763672,18.170000076293945,17.799999237060547,17.84000015258789,17.459104537963867,90104970
21/04/2022,17.850000381469727,18.34000015258789,17.809999465942383,18.25,17.860349655151367,101086074
22/04/2022,18.190000534057617,18.229999542236328,17.360000610351562,17.479999542236328,17.10679054260254,83500466
25/04/2022,17.350000381469727,17.469999313354492,16.920000076293945,17.25,16.88170051574707,83644792
26/04/2022,17.3799991607666,17.670000076293945,16.520000457763672,16.540000915527344,16.186861038208008,117371374
27/04/2022,16.579999923706055,17.219999313354492,16.510000228881836,17.170000076293945,16.803407669067383,140044034
28/04/2022,17.1299991607666,17.239999771118164,16.540000915527344,16.579999923706055,16.22600555419922,97434102
29/04/2022,16.799999237060547,16.8799991607666,16.559999465942383,16.780000686645508,16.421735763549805,86140892
05/05/2022,16.93000030517578,17.059999465942383,16.719999313354492,16.75,16.392375946044922,90671814
06/05/2022,16.6299991607666,16.709999084472656,16.280000686645508,16.469999313354492,16.11835289001465,92508074
09/05/2022,16.530000686645508,16.860000610351562,16.450000762939453,16.760000228881836,16.402162551879883,130219454
10/05/2022,16.93000030517578,17.149999618530273,16.920000076293945,17.100000381469727,16.73490333557129,36101812
11/05/2022,17.389999389648438,17.43000030517578,16.860000610351562,17.06999969482422,16.705543518066406,95109782
12/05/2022,16.8799991607666,16.90999984741211,16.040000915527344,16.100000381469727,15.756254196166992,145645438
13/05/2022,16.31999969482422,16.3700008392334,16.079999923706055,16.31999969482422,15.971556663513184,69094544
16/05/2022,16.309999465942383,16.309999465942383,15.84000015258789,15.84000015258789,15.501805305480955,84153486
17/05/2022,15.899999618530272,16.1299991607666,15.81999969482422,15.859999656677246,15.521377563476562,86969840
18/05/2022,15.829999923706056,16.059999465942383,15.75,15.949999809265137,15.609456062316896,68612206
20/05/2022,15.880000114440918,15.979999542236328,15.489999771118164,15.510000228881836,15.178851127624512,80234708
23/05/2022,15.829999923706056,15.90999984741211,15.300000190734863,15.720000267028809,15.38436794281006,96531474
24/05/2022,15.81999969482422,16.020000457763672,15.600000381469728,15.800000190734863,15.46265983581543,76580140
25/05/2022,15.859999656677246,16.219999313354492,15.770000457763672,16.139999389648438,15.79539966583252,84345310
26/05/2022,16.139999389648438,16.34000015258789,16.010000228881836,16.209999084472656,15.86390495300293,81855784
27/05/2022,16.239999771118164,16.81999969482422,16.239999771118164,16.440000534057617,16.08899688720703,124871318
30/05/2022,16.68000030517578,17.469999313354492,16.510000228881836,17.3700008392334,16.99913787841797,155688988
31/05/2022,17.360000610351562,17.360000610351562,16.989999771118164,17.100000381469727,16.73490333557129,96648162
01/06/2022,17.100000381469727,17.420000076293945,17.06999969482422,17.1200008392334,16.75447654724121,80852744
02/06/2022,17.149999618530273,17.399999618530273,16.93000030517578,17.34000015258789,16.96977996826172,90104064
03/06/2022,17.450000762939453,17.709999084472656,17.209999084472656,17.260000228881836,16.89148712158203,92559956
06/06/2022,17.329999923706055,17.739999771118164,17.239999771118164,17.5,17.12636375427246,92607676
07/06/2022,17.530000686645508,17.690000534057617,17.170000076293945,17.350000381469727,16.979564666748047,90024288
08/06/2022,17.440000534057617,17.8799991607666,16.899999618530273,17.059999465942383,16.695756912231445,145444268
09/06/2022,17.059999465942383,17.190000534057617,16.729999542236328,16.959999084472656,16.59789276123047,86767474
10/06/2022,16.75,17.110000610351562,16.579999923706055,16.6200008392334,16.265153884887695,80655560
13/06/2022,16.610000610351562,16.610000610351562,15.56999969482422,15.56999969482422,15.23756980895996,180526496
14/06/2022,15.630000114440918,15.770000457763672,15.170000076293944,15.210000038146973,14.885255813598633,155875786
15/06/2022,15.229999542236328,15.399999618530272,14.93000030517578,14.979999542236328,14.660165786743164,214838878
16/06/2022,15.06999969482422,15.31999969482422,14.5600004196167,14.600000381469728,14.288280487060549,193388408
17/06/2022,14.640000343322754,14.720000267028809,14.270000457763672,14.420000076293944,14.112123489379885,243426878
20/06/2022,14.449999809265137,14.489999771118164,13.6899995803833,13.960000038146973,13.661945343017578,342425018
21/06/2022,14.079999923706056,14.449999809265137,13.890000343322754,14.350000381469728,14.043618202209473,275365754
22/06/2022,14.270000457763672,14.270000457763672,13.93000030517578,14.100000381469728,13.798955917358398,140076358
23/06/2022,14.100000381469728,14.140000343322754,13.789999961853027,13.789999961853027,13.49557399749756,116821526
24/06/2022,13.850000381469728,14.079999923706056,13.59000015258789,13.93000030517578,13.63258457183838,149998840
27/06/2022,13.56999969482422,13.56999969482422,13.56999969482422,13.56999969482422,13.28027057647705,282088
28/06/2022,14.050000190734863,14.09000015258789,13.59000015258789,13.779999732971191,13.48578643798828,113067254
29/06/2022,13.729999542236328,13.800000190734863,13.25,13.270000457763672,12.986677169799805,119949710
30/06/2022,13.270000457763672,13.729999542236328,13.140000343322754,13.56999969482422,13.28027057647705,131196056
01/07/2022,13.550000190734863,13.729999542236328,13.399999618530272,13.529999732971191,13.241125106811523,94292358
04/07/2022,13.520000457763672,13.539999961853027,12.979999542236328,12.979999542236328,12.70286750793457,99474378
05/07/2022,13.149999618530272,13.270000457763672,12.800000190734863,13.039999961853027,12.761587142944336,132642514
06/07/2022,13.109999656677246,13.40999984741211,12.859999656677246,13.329999923706056,13.045394897460938,152920992
07/07/2022,13.399999618530272,13.399999618530272,12.989999771118164,13.109999656677246,12.830092430114746,94878884
08/07/2022,13.109999656677246,13.350000381469728,13.0600004196167,13.260000228881836,12.976889610290527,49685438
13/07/2022,13.270000457763672,13.279999732971191,12.899999618530272,12.989999771118164,12.712654113769531,71489258
14/07/2022,12.949999809265137,13.15999984741211,12.829999923706056,12.979999542236328,12.70286750793457,76500330
18/07/2022,13.149999618530272,13.710000038146973,13.149999618530272,13.65999984741211,13.368349075317385,122747846
19/07/2022,13.65999984741211,13.890000343322754,13.5,13.850000381469728,13.554292678833008,74804974
20/07/2022,13.899999618530272,14.170000076293944,13.899999618530272,14.119999885559082,13.818528175354004,86479588
21/07/2022,14.119999885559082,14.140000343322754,13.880000114440918,13.899999618530272,13.603224754333496,76209628
22/07/2022,14.0,14.25,13.970000267028809,14.06999969482422,13.769596099853516,92037344
25/07/2022,14.100000381469728,14.329999923706056,14.100000381469728,14.220000267028809,13.916394233703612,68008074
26/07/2022,14.270000457763672,14.390000343322754,13.779999732971191,13.789999961853027,13.49557399749756,90638238
27/07/2022,13.859999656677246,13.90999984741211,13.56999969482422,13.609999656677246,13.319416999816896,65676926
28/07/2022,13.75,13.90999984741211,13.550000190734863,13.59000015258789,13.299843788146973,71241144
29/07/2022,13.59000015258789,13.899999618530272,13.460000038146973,13.8100004196167,13.51514720916748,82421302
01/08/2022,13.850000381469728,14.079999923706056,13.850000381469728,14.020000457763672,13.720664024353027,85153998
02/08/2022,14.029999732971191,14.140000343322754,13.829999923706056,13.850000381469728,13.554292678833008,105576734
03/08/2022,13.93000030517578,13.989999771118164,13.75,13.829999923706056,13.534719467163086,73666318
04/08/2022,13.9399995803833,14.050000190734863,13.81999969482422,13.920000076293944,13.622797966003418,94145514
05/08/2022,13.979999542236328,14.0,13.640000343322754,13.789999961853027,13.49557399749756,103284936
08/08/2022,13.880000114440918,14.390000343322754,13.850000381469728,14.350000381469728,14.043618202209473,156504290
09/08/2022,14.369999885559082,14.479999542236328,14.15999984741211,14.220000267028809,13.916394233703612,94662272
10/08/2022,14.130000114440918,14.239999771118164,13.800000190734863,14.239999771118164,13.93596649169922,127648172
11/08/2022,14.399999618530272,14.479999542236328,14.199999809265137,14.3100004196167,14.004472732543944,104444854
12/08/2022,14.34000015258789,14.359999656677246,14.029999732971191,14.09000015258789,13.789169311523438,86624820
15/08/2022,14.149999618530272,14.15999984741211,13.899999618530272,13.920000076293944,13.622797966003418,56673278
16/08/2022,13.9399995803833,14.050000190734863,13.369999885559082,13.880000114440918,13.58365249633789,107550792
17/08/2022,13.93000030517578,14.15999984741211,13.859999656677246,13.970000267028809,13.67173194885254,106419084
18/08/2022,14.0,14.989999771118164,13.880000114440918,14.739999771118164,14.425291061401367,437380584
19/08/2022,14.789999961853027,15.239999771118164,14.710000038146973,14.859999656677246,14.542728424072266,201451310
22/08/2022,14.949999809265137,15.109999656677246,14.630000114440918,14.720000267028809,14.405717849731444,139200226
23/08/2022,14.739999771118164,14.989999771118164,14.670000076293944,14.739999771118164,14.425291061401367,151947522
24/08/2022,14.84000015258789,14.869999885559082,14.279999732971191,14.329999923706056,14.02404499053955,141588036
25/08/2022,14.199999809265137,14.869999885559082,14.199999809265137,14.539999961853027,14.22956085205078,168737034
26/08/2022,14.579999923706056,15.050000190734863,14.369999885559082,14.75,14.435077667236328,240135398
29/08/2022,14.75,14.81999969482422,14.460000038146973,14.600000381469728,14.288280487060549,109474802
31/08/2022,14.619999885559082,14.65999984741211,14.390000343322754,14.390000343322754,14.082763671875,103873636
01/09/2022,14.390000343322754,14.390000343322754,13.949999809265137,13.949999809265137,13.6521577835083,120971212
02/09/2022,14.0,14.210000038146973,13.890000343322754,14.09000015258789,13.789169311523438,122471536
05/09/2022,14.18000030517578,15.489999771118164,14.100000381469728,15.489999771118164,15.15927791595459,521529878
06/09/2022,16.030000686645508,16.75,15.489999771118164,15.890000343322754,15.550738334655762,600736970
07/09/2022,15.90999984741211,15.920000076293944,15.300000190734863,15.369999885559082,15.041839599609377,214473692
08/09/2022,15.5,16.18000030517578,15.390000343322754,15.449999809265137,15.120132446289062,205487812
09/09/2022,15.68000030517578,16.639999389648438,15.59000015258789,16.229999542236328,15.883478164672852,519357516
12/09/2022,16.530000686645508,17.0,16.270000457763672,16.700000762939453,16.34344482421875,434199908
13/09/2022,16.920000076293945,17.110000610351562,15.25,15.25,14.92440128326416,500096450
14/09/2022,15.25,15.699999809265137,14.609999656677246,15.59000015258789,15.257143020629885,209588402
15/09/2022,15.520000457763672,15.829999923706056,15.100000381469728,15.100000381469728,14.777605056762695,208783464
16/09/2022,15.119999885559082,15.529999732971191,15.119999885559082,15.489999771118164,15.15927791595459,91380346
19/09/2022,15.539999961853027,15.640000343322754,14.770000457763672,14.770000457763672,14.45465087890625,79667498
20/09/2022,14.93000030517578,15.31999969482422,14.75,15.270000457763672,14.943975448608398,95651268
21/09/2022,15.18000030517578,15.229999542236328,14.890000343322754,15.010000228881836,14.689526557922363,80684850
22/09/2022,15.010000228881836,15.800000190734863,14.9399995803833,15.460000038146973,15.129919052124023,129969396
23/09/2022,15.539999961853027,15.630000114440918,15.06999969482422,15.06999969482422,14.748244285583496,89492986
26/09/2022,15.050000190734863,15.109999656677246,14.739999771118164,14.770000457763672,14.45465087890625,91772790
27/09/2022,14.81999969482422,15.119999885559082,14.75,14.779999732971191,14.464436531066896,87169698
28/09/2022,14.779999732971191,14.850000381469728,14.359999656677246,14.359999656677246,14.053403854370115,86602302
29/09/2022,14.399999618530272,14.739999771118164,13.779999732971191,14.43000030517578,14.121910095214844,111045690
30/09/2022,14.460000038146973,14.649999618530272,14.300000190734863,14.489999771118164,14.180628776550291,62534052
03/10/2022,14.510000228881836,15.670000076293944,14.510000228881836,15.619999885559082,15.286502838134766,128211088
04/10/2022,15.65999984741211,15.880000114440918,15.34000015258789,15.619999885559082,15.286502838134766,170763908
05/10/2022,15.710000038146973,15.770000457763672,15.09000015258789,15.289999961853027,14.963547706604004,154918540
06/10/2022,15.380000114440918,15.43000030517578,15.100000381469728,15.15999984741211,14.836322784423828,110544462
07/10/2022,15.18000030517578,15.4399995803833,15.0600004196167,15.109999656677246,14.78739070892334,130403322
10/10/2022,15.149999618530272,15.470000267028809,15.109999656677246,15.279999732971191,14.953761100769045,136396754
11/10/2022,15.329999923706056,15.350000381469728,15.109999656677246,15.109999656677246,14.78739070892334,111679008
12/10/2022,15.119999885559082,15.15999984741211,14.699999809265137,14.710000038146973,14.395931243896484,106226348
13/10/2022,14.729999542236328,15.0,14.520000457763672,14.619999885559082,14.307852745056152,102866664
14/10/2022,14.850000381469728,14.949999809265137,14.670000076293944,14.699999809265137,14.386144638061523,93090670
17/10/2022,14.760000228881836,15.300000190734863,14.649999618530272,15.18000030517578,14.855896949768066,200255256
18/10/2022,15.270000457763672,15.300000190734863,14.960000038146973,15.029999732971191,14.709098815917969,148551426
19/10/2022,15.0600004196167,15.18000030517578,14.829999923706056,14.869999885559082,14.552515029907228,110207584
20/10/2022,14.899999618530272,15.010000228881836,14.699999809265137,14.920000076293944,14.601448059082031,141758292
21/10/2022,14.9399995803833,14.949999809265137,14.720000267028809,14.770000457763672,14.45465087890625,109932570
24/10/2022,14.850000381469728,15.699999809265137,14.850000381469728,15.239999771118164,14.9146146774292,243853270
25/10/2022,15.300000190734863,15.489999771118164,15.0600004196167,15.109999656677246,14.78739070892334,159102702
26/10/2022,15.170000076293944,15.489999771118164,15.039999961853027,15.399999618530272,15.07119846343994,159505210
27/10/2022,15.460000038146973,15.460000038146973,14.979999542236328,15.0600004196167,14.738458633422852,157495034
28/10/2022,15.020000457763672,15.020000457763672,14.800000190734863,14.81999969482422,14.503582000732422,54589028
31/10/2022,14.859999656677246,14.960000038146973,14.65999984741211,14.850000381469728,14.53294277191162,94185016
01/11/2022,14.880000114440918,15.199999809265137,14.800000190734863,14.84000015258789,14.52315616607666,158095788
02/11/2022,14.899999618530272,15.390000343322754,14.899999618530272,15.3100004196167,14.983120918273926,189662360
03/11/2022,15.239999771118164,15.239999771118164,14.949999809265137,15.140000343322754,14.816750526428224,129565052
04/11/2022,16.25,16.649999618530273,15.850000381469728,16.649999618530273,16.294509887695312,394646510
07/11/2022,17.0,18.309999465942383,16.979999542236328,18.309999465942383,17.919069290161133,280909714
08/11/2022,19.11000061035156,19.549999237060547,17.65999984741211,17.8700008392334,17.48846435546875,691346746
09/11/2022,17.850000381469727,18.350000381469727,17.1200008392334,17.25,16.88170051574707,301597860
10/11/2022,17.43000030517578,19.09000015258789,17.170000076293945,18.770000457763672,18.36924743652344,534466548
11/11/2022,19.09000015258789,19.18000030517578,18.07999992370605,18.25,17.860349655151367,358890870
14/11/2022,18.450000762939453,18.96999931335449,18.38999938964844,18.670000076293945,18.27138328552246,228973990
15/11/2022,18.81999969482422,19.280000686645508,18.21999931335449,18.799999237060547,18.398605346679688,470536362
16/11/2022,18.86000061035156,19.11000061035156,18.450000762939453,18.520000457763672,18.124584197998047,321005282
17/11/2022,18.63999938964844,19.059999465942383,17.8799991607666,18.530000686645508,18.13437271118164,369727406
18/11/2022,18.57999992370605,18.959999084472656,18.209999084472656,18.450000762939453,18.056081771850582,253007722
21/11/2022,18.530000686645508,18.850000381469727,18.350000381469727,18.850000381469727,18.447540283203125,209079316
22/11/2022,19.059999465942383,20.690000534057617,19.030000686645508,20.350000381469727,19.91551399230957,478257862
23/11/2022,20.36000061035156,20.780000686645508,19.82999992370605,20.71999931335449,20.277612686157227,302272100
24/11/2022,20.89999961853028,21.56999969482422,20.57999992370605,20.739999771118164,20.29718589782715,363314252
25/11/2022,20.75,21.15999984741211,20.64999961853028,20.940000534057617,20.49291610717773,258659936
28/11/2022,21.09000015258789,21.3799991607666,20.8799991607666,20.950000762939453,20.502704620361328,236441250
29/11/2022,21.049999237060547,21.11000061035156,20.56999969482422,20.93000030517578,20.483131408691406,160599082
30/11/2022,21.0,21.739999771118164,20.93000030517578,21.32999992370605,20.874589920043945,295583150
01/12/2022,21.64999961853028,22.030000686645508,21.07999992370605,21.239999771118164,20.786510467529297,270248314
02/12/2022,21.25,21.280000686645508,20.600000381469727,20.709999084472656,20.2678279876709,274498180
05/12/2022,20.700000762939453,21.950000762939453,20.229999542236328,21.21999931335449,20.76693725585937,614536102
06/12/2022,21.420000076293945,21.850000381469727,21.1200008392334,21.290000915527344,20.83544540405273,348413348
07/12/2022,21.31999969482422,21.32999992370605,20.26000022888184,20.350000381469727,19.91551399230957,228348056
08/12/2022,20.3799991607666,20.420000076293945,19.6200008392334,20.07999992370605,19.65127754211425,199948090
09/12/2022,20.13999938964844,20.43000030517578,20.100000381469727,20.25,19.81764793395996,206423162
12/12/2022,20.559999465942383,20.959999084472656,20.559999465942383,20.71999931335449,20.277612686157227,237670754
13/12/2022,20.770000457763672,21.920000076293945,20.64999961853028,21.57999992370605,21.119251251220703,458295134
14/12/2022,21.56999969482422,21.59000015258789,20.5,20.51000022888184,20.07209587097168,258611102
15/12/2022,20.950000762939453,21.200000762939453,20.170000076293945,20.549999237060547,20.111242294311523,178526390
16/12/2022,20.600000381469727,21.100000381469727,20.520000457763672,20.690000534057617,20.248254776000977,65014016
19/12/2022,20.450000762939453,20.89999961853028,20.39999961853028,20.75,20.306974411010746,244312130
20/12/2022,20.770000457763672,21.39999961853028,20.71999931335449,20.96999931335449,20.522275924682617,277435154
21/12/2022,21.059999465942383,21.309999465942383,20.89999961853028,21.059999465942383,20.61035346984864,278252910
22/12/2022,21.1299991607666,21.170000076293945,20.600000381469727,20.690000534057617,20.248254776000977,159372286
23/12/2022,20.71999931335449,20.8799991607666,20.540000915527344,20.56999969482422,20.13081741333008,118745466
26/12/2022,20.809999465942383,20.989999771118164,20.65999984741211,20.739999771118164,20.29718589782715,117330000
27/12/2022,20.799999237060547,20.850000381469727,20.32999992370605,20.34000015258789,19.90572738647461,110360582
28/12/2022,20.36000061035156,20.61000061035156,20.049999237060547,20.280000686645508,19.84700965881348,171253612
29/12/2022,20.309999465942383,20.8700008392334,20.309999465942383,20.700000762939453,20.258041381835938,149154324
30/12/2022,20.850000381469727,21.0,20.6299991607666,20.6299991607666,20.18953514099121,177085824
02/01/2023,20.75,21.63999938964844,20.71999931335449,21.38999938964844,20.93330764770508,486499972
03/01/2023,21.440000534057617,21.59000015258789,20.989999771118164,21.1200008392334,20.6690731048584,538394274
04/01/2023,21.21999931335449,21.63999938964844,21.190000534057617,21.459999084472656,21.00181198120117,635931870
05/01/2023,21.82999992370605,22.0,20.76000022888184,20.8700008392334,20.42441177368164,866647706
06/01/2023,20.100000381469727,21.200000762939453,19.299999237060547,20.81999969482422,20.37547874450684,642554238
09/01/2023,21.11000061035156,21.170000076293945,19.690000534057617,19.90999984741211,19.484907150268555,394460080
10/01/2023,19.90999984741211,20.15999984741211,18.920000076293945,18.93000030517578,18.52583122253418,364246360
11/01/2023,19.049999237060547,19.3799991607666,18.36000061035156,18.420000076293945,18.02672004699707,337705588
12/01/2023,18.950000762939453,19.89999961853028,18.209999084472656,19.790000915527344,19.367469787597656,414801698
13/01/2023,19.700000762939453,20.46999931335449,19.46999931335449,20.18000030517578,19.749143600463867,306922616
16/01/2023,20.26000022888184,20.56999969482422,20.07999992370605,20.51000022888184,20.07209587097168,258175824
17/01/2023,20.600000381469727,20.90999984741211,20.350000381469727,20.450000762939453,20.013378143310547,585856016
18/01/2023,20.559999465942383,20.75,20.229999542236328,20.290000915527344,19.856794357299805,437946594
19/01/2023,20.280000686645508,20.540000915527344,20.049999237060547,20.18000030517578,19.749143600463867,329551582
20/01/2023,20.25,20.65999984741211,20.21999931335449,20.5,20.06231117248535,360177906
23/01/2023,20.59000015258789,20.61000061035156,19.61000061035156,19.86000061035156,19.435976028442383,286757786
24/01/2023,19.8799991607666,19.950000762939453,19.34000015258789,19.549999237060547,19.132593154907227,232154028
25/01/2023,19.61000061035156,19.799999237060547,18.76000022888184,19.34000015258789,18.927078247070312,259813290
26/01/2023,19.31999969482422,19.59000015258789,19.190000534057617,19.51000022888184,19.093448638916016,137544994
27/01/2023,19.450000762939453,19.61000061035156,18.790000915527344,19.549999237060547,19.132593154907227,165079042
30/01/2023,19.86000061035156,20.049999237060547,19.51000022888184,19.57999992370605,19.161954879760746,148818666
31/01/2023,19.51000022888184,19.559999465942383,19.049999237060547,19.049999237060547,18.64326858520508,159853092
01/02/2023,19.11000061035156,19.1299991607666,18.15999984741211,18.15999984741211,17.77227020263672,154226026
02/02/2023,18.200000762939453,18.940000534057617,17.770000457763672,18.75,18.34967422485352,269831934
03/02/2023,18.700000762939453,19.63999938964844,18.540000915527344,19.6299991607666,19.21088409423828,168271286
06/02/2023,19.26000022888184,20.229999542236328,18.989999771118164,20.030000686645508,19.60234642028809,69726500
07/02/2023,20.0,20.1299991607666,18.6200008392334,18.790000915527344,18.388822555541992,134687304
08/02/2023,17.81999969482422,17.81999969482422,17.81999969482422,17.81999969482422,17.439529418945312,102
15/02/2023,20.0,20.65999984741211,20.0,20.65999984741211,20.218894958496094,62867492
16/02/2023,22.39999961853028,22.450000762939453,20.90999984741211,22.25,21.774946212768555,384571254
17/02/2023,21.75,22.729999542236328,21.549999237060547,22.56999969482422,22.08811378479004,333189642
20/02/2023,22.68000030517578,24.81999969482422,22.530000686645508,24.65999984741211,24.13349151611328,477892718
21/02/2023,24.75,26.77499961853028,24.690000534057617,24.93000030517578,24.3977279663086,495619624
22/02/2023,24.51000022888184,24.530000686645508,22.6299991607666,22.75,22.264270782470703,361012706
23/02/2023,22.75,22.780000686645508,22.100000381469727,22.190000534057617,21.716228485107425,202404600
24/02/2023,22.25,23.0,22.100000381469727,22.1200008392334,21.647724151611328,249785074
27/02/2023,22.1200008392334,22.13999938964844,21.43000030517578,22.020000457763672,21.54985809326172,191187300
28/02/2023,22.100000381469727,22.600000381469727,22.020000457763672,22.049999237060547,21.57921600341797,253337850
01/03/2023,22.170000076293945,22.739999771118164,22.030000686645508,22.709999084472656,22.22512435913086,305506860
02/03/2023,22.709999084472656,22.850000381469727,21.81999969482422,21.82999992370605,21.363914489746094,222702640
03/03/2023,21.780000686645508,22.07999992370605,20.8700008392334,21.989999771118164,21.52049827575684,264958290
06/03/2023,21.799999237060547,22.440000534057617,21.40999984741211,22.200000762939453,21.726016998291016,441908636
07/03/2023,22.32999992370605,22.700000762939453,22.15999984741211,22.15999984741211,21.68686866760254,319857418
08/03/2023,22.13999938964844,22.15999984741211,21.46999931335449,21.51000022888184,21.05074691772461,219233036
09/03/2023,21.690000534057617,22.07999992370605,21.489999771118164,21.489999771118164,21.031173706054688,370330718
10/03/2023,20.6299991607666,20.729999542236328,20.36000061035156,20.3799991607666,19.94487190246582,349036218
13/03/2023,20.479999542236328,20.549999237060547,19.950000762939453,19.959999084472656,19.53384017944336,216813312
14/03/2023,19.959999084472656,20.36000061035156,19.81999969482422,19.81999969482422,19.39682960510254,266809828
15/03/2023,19.86000061035156,20.040000915527344,19.229999542236328,19.290000915527344,18.878145217895508,179517850
16/03/2023,19.600000381469727,19.96999931335449,19.43000030517578,19.86000061035156,19.435976028442383,187140418
17/03/2023,19.959999084472656,20.040000915527344,19.0,19.0,18.59433555603028,195672856
20/03/2023,18.979999542236328,18.979999542236328,18.46999931335449,18.51000022888184,18.11479949951172,239213448
21/03/2023,18.600000381469727,18.790000915527344,18.43000030517578,18.51000022888184,18.11479949951172,179649746
22/03/2023,18.600000381469727,18.65999984741211,18.34000015258789,18.549999237060547,18.15394401550293,210472882
23/03/2023,18.549999237060547,19.059999465942383,18.46999931335449,18.549999237060547,18.15394401550293,299823754
24/03/2023,18.59000015258789,18.75,18.540000915527344,18.549999237060547,18.15394401550293,251514240
27/03/2023,18.65999984741211,18.920000076293945,18.600000381469727,18.690000534057617,18.290956497192383,220716018
28/03/2023,18.71999931335449,18.729999542236328,17.899999618530273,17.899999618530273,17.517822265625,159692880
29/03/2023,17.850000381469727,18.38999938964844,17.760000228881836,18.15999984741211,17.77227020263672,314856654
30/03/2023,18.200000762939453,18.38999938964844,17.940000534057617,17.959999084472656,17.576539993286133,147855370
31/03/2023,17.979999542236328,18.11000061035156,17.68000030517578,17.700000762939453,17.322093963623047,125670990
03/04/2023,17.639999389648438,17.760000228881836,17.18000030517578,17.649999618530273,17.273160934448242,167457638
04/04/2023,17.649999618530273,17.979999542236328,17.559999465942383,17.979999542236328,17.596113204956055,163699062
05/04/2023,18.010000228881836,18.190000534057617,17.68000030517578,17.709999084472656,17.331878662109375,152066486
06/04/2023,17.700000762939453,17.809999465942383,17.389999389648438,17.420000076293945,17.048070907592773,126
07/04/2023,17.420000076293945,17.639999389648438,17.40999984741211,17.43000030517578,17.057857513427734,110519476
10/04/2023,17.530000686645508,17.940000534057617,17.530000686645508,17.940000534057617,17.556968688964844,143499452
11/04/2023,17.969999313354492,18.299999237060547,17.93000030517578,18.100000381469727,17.713552474975586,186215008
12/04/2023,18.14999961853028,18.350000381469727,18.07999992370605,18.1299991607666,17.74291229248047,169170842
13/04/2023,18.14999961853028,18.46999931335449,18.11000061035156,18.14999961853028,17.76248550415039,174914066
14/04/2023,18.170000076293945,18.309999465942383,17.850000381469727,17.850000381469727,17.468891143798828,107437780
17/04/2023,17.8799991607666,17.899999618530273,17.540000915527344,17.56999969482422,17.194868087768555,91816894
18/04/2023,17.59000015258789,17.709999084472656,17.280000686645508,17.350000381469727,16.979564666748047,106577236
19/04/2023,17.3799991607666,17.459999084472656,17.219999313354492,17.420000076293945,17.048070907592773,90207410
20/04/2023,17.3799991607666,17.3799991607666,17.209999084472656,17.229999542236328,16.86212730407715,29007748
24/04/2023,17.260000228881836,17.360000610351562,16.989999771118164,17.059999465942383,16.695756912231445,121277732
25/04/2023,17.190000534057617,17.709999084472656,17.020000457763672,17.079999923706055,16.715330123901367,309901362
26/04/2023,17.049999237060547,17.100000381469727,16.389999389648438,16.450000762939453,16.09878158569336,172834108
27/04/2023,16.399999618530273,16.649999618530273,16.270000457763672,16.309999465942383,15.961769104003906,146553460
28/04/2023,16.75,16.90999984741211,16.420000076293945,16.56999969482422,16.216218948364258,289206366
02/05/2023,16.600000381469727,16.690000534057617,16.059999465942383,16.1200008392334,15.775827407836914,148475146
03/05/2023,16.030000686645508,16.079999923706055,15.329999923706056,15.649999618530272,15.315861701965332,169112438
04/05/2023,15.579999923706056,15.779999732971191,15.399999618530272,15.460000038146973,15.129919052124023,149029342
05/05/2023,15.460000038146973,15.5,14.920000076293944,14.979999542236328,14.660165786743164,119015074
08/05/2023,15.109999656677246,15.460000038146973,15.029999732971191,15.3100004196167,14.983120918273926,146956916
09/05/2023,15.3100004196167,15.359999656677246,14.979999542236328,15.039999961853027,14.71888542175293,101916532
10/05/2023,15.029999732971191,15.079999923706056,14.710000038146973,14.710000038146973,14.395931243896484,94004886
11/05/2023,14.710000038146973,15.779999732971191,14.710000038146973,15.550000190734863,15.217997550964355,312567148
12/05/2023,15.56999969482422,15.649999618530272,15.050000190734863,15.399999618530272,15.07119846343994,142841544
15/05/2023,13.859999656677246,15.890000343322754,13.859999656677246,15.149999618530272,14.826536178588867,210861818
16/05/2023,15.149999618530272,16.34000015258789,15.149999618530272,16.34000015258789,15.991129875183104,224991836
17/05/2023,16.299999237060547,16.530000686645508,16.09000015258789,16.329999923706055,15.981342315673828,120553466
18/05/2023,16.31999969482422,16.489999771118164,15.510000228881836,15.550000190734863,15.217997550964355,120682312
22/05/2023,15.59000015258789,15.850000381469728,15.390000343322754,15.59000015258789,15.257143020629885,119582040
23/05/2023,15.5600004196167,15.6899995803833,15.43000030517578,15.5,15.16906452178955,71739908
24/05/2023,15.489999771118164,15.619999885559082,15.3100004196167,15.489999771118164,15.15927791595459,75968626
25/05/2023,15.489999771118164,15.59000015258789,15.34000015258789,15.520000457763672,15.188637733459473,46641780
26/05/2023,15.550000190734863,16.06999969482422,15.510000228881836,15.979999542236328,15.638815879821776,113968152
29/05/2023,16.450000762939453,17.010000228881836,16.139999389648438,16.770000457763672,16.411949157714844,211378632
30/05/2023,16.8799991607666,17.200000762939453,16.770000457763672,17.09000015258789,16.725116729736328,140215194
31/05/2023,17.100000381469727,17.329999923706055,16.520000457763672,16.520000457763672,16.167287826538086,156794414
01/06/2023,16.68000030517578,17.010000228881836,16.559999465942383,16.65999984741211,16.304298400878906,84649520
02/06/2023,17.010000228881836,17.190000534057617,16.770000457763672,17.079999923706055,16.715330123901367,132634390
05/06/2023,17.469999313354492,17.639999389648438,17.229999542236328,17.549999237060547,17.17529296875,158820938
06/06/2023,17.549999237060547,18.030000686645508,17.420000076293945,17.549999237060547,17.17529296875,199650448
07/06/2023,18.0,18.520000457763672,17.93000030517578,18.270000457763672,17.879924774169922,251761072
08/06/2023,18.25,18.43000030517578,17.959999084472656,18.25,17.860349655151367,181248424
09/06/2023,18.38999938964844,18.700000762939453,18.170000076293945,18.56999969482422,18.17351722717285,228885050
12/06/2023,18.670000076293945,19.61000061035156,18.670000076293945,18.96999931335449,18.564977645874023,273610078
13/06/2023,19.0,19.13999938964844,18.479999542236328,18.700000762939453,18.300743103027344,231868494
14/06/2023,18.76000022888184,18.96999931335449,18.13999938964844,18.14999961853028,17.76248550415039,179755862
15/06/2023,18.14999961853028,18.3700008392334,18.020000457763672,18.299999237060547,17.90928077697754,135854732
16/06/2023,18.39999961853028,18.600000381469727,18.239999771118164,18.40999984741211,18.01693344116211,167143890
19/06/2023,18.43000030517578,18.440000534057617,17.790000915527344,17.8799991607666,17.498249053955078,118925120
20/06/2023,17.760000228881836,17.860000610351562,17.399999618530273,17.5,17.12636375427246,101286026
21/06/2023,17.5,17.719999313354492,17.049999237060547,17.049999237060547,16.685970306396484,92973180
22/06/2023,17.049999237060547,17.8799991607666,16.959999084472656,17.729999542236328,17.351451873779297,157781890
23/06/2023,17.989999771118164,18.18000030517578,17.81999969482422,18.040000915527344,17.654834747314453,127436140
26/06/2023,18.100000381469727,18.46999931335449,18.09000015258789,18.420000076293945,18.02672004699707,126526482
27/06/2023,18.40999984741211,18.459999084472656,18.270000457763672,18.36000061035156,17.968002319335938,34898988
03/07/2023,18.59000015258789,19.350000381469727,18.59000015258789,19.350000381469727,18.93686485290528,220534000
04/07/2023,19.549999237060547,19.59000015258789,19.07999992370605,19.07999992370605,18.67262840270996,130778594
05/07/2023,19.14999961853028,19.3799991607666,18.790000915527344,19.350000381469727,18.93686485290528,177671586
06/07/2023,19.39999961853028,19.63999938964844,19.18000030517578,19.200000762939453,18.79006767272949,183039792
07/07/2023,19.170000076293945,19.68000030517578,19.1200008392334,19.5,19.08366203308105,233745038
10/07/2023,19.799999237060547,19.96999931335449,19.63999938964844,19.700000762939453,19.27939224243164,183112356
11/07/2023,19.93000030517578,19.959999084472656,19.51000022888184,19.68000030517578,19.25981903076172,178101056
12/07/2023,19.68000030517578,19.68000030517578,19.34000015258789,19.3799991607666,18.966222763061523,145478478
13/07/2023,19.3799991607666,19.670000076293945,19.18000030517578,19.38999938964844,18.976009368896484,199399692
14/07/2023,19.450000762939453,19.549999237060547,19.270000457763672,19.309999465942383,18.89771842956543,132635424
17/07/2023,19.350000381469727,19.600000381469727,19.309999465942383,19.39999961853028,18.98579788208008,217928622
18/07/2023,19.5,19.520000457763672,18.690000534057617,18.690000534057617,18.290956497192383,195993146
19/07/2023,18.670000076293945,18.86000061035156,18.40999984741211,18.84000015258789,18.43775177001953,150299600
20/07/2023,18.93000030517578,19.040000915527344,18.600000381469727,18.84000015258789,18.43775177001953,178839328
21/07/2023,18.84000015258789,18.8799991607666,18.489999771118164,18.600000381469727,18.20287704467773,128619694
24/07/2023,18.600000381469727,19.450000762939453,18.450000762939453,18.979999542236328,18.57476234436035,512579414
25/07/2023,19.040000915527344,19.07999992370605,18.530000686645508,18.530000686645508,18.13437271118164,286067720
26/07/2023,18.530000686645508,18.920000076293945,18.479999542236328,18.850000381469727,18.447540283203125,232552136
27/07/2023,18.89999961853028,19.209999084472656,18.89999961853028,18.959999084472656,18.55518913269043,223337830
28/07/2023,19.100000381469727,19.36000061035156,19.09000015258789,19.229999542236328,18.819425582885746,266385318
31/07/2023,19.3799991607666,21.0,19.3799991607666,20.850000381469727,20.40483856201172,628702852
01/08/2023,20.780000686645508,21.100000381469727,20.34000015258789,20.3799991607666,19.94487190246582,394950052
02/08/2023,20.3799991607666,21.15999984741211,20.290000915527344,20.46999931335449,20.03294944763184,332750284
03/08/2023,20.520000457763672,20.850000381469727,20.1200008392334,20.200000762939453,19.76871681213379,231566774
04/08/2023,20.309999465942383,20.76000022888184,20.18000030517578,20.56999969482422,20.13081741333008,257993238
07/08/2023,20.700000762939453,20.75,20.34000015258789,20.489999771118164,20.05252265930176,146624566
08/08/2023,20.51000022888184,20.780000686645508,20.350000381469727,20.489999771118164,20.05252265930176,229924856
09/08/2023,20.25,21.030000686645508,20.030000686645508,20.84000015258789,20.39505195617676,475408682
10/08/2023,20.89999961853028,21.06999969482422,19.89999961853028,19.96999931335449,19.543624877929688,352258506
11/08/2023,19.96999931335449,20.59000015258789,19.64999961853028,20.520000457763672,20.08188438415528,312027516
14/08/2023,20.729999542236328,21.670000076293945,20.600000381469727,21.280000686645508,20.82565689086914,576945724
15/08/2023,21.309999465942383,21.350000381469727,20.530000686645508,20.780000686645508,20.336332321166992,238497434
16/08/2023,20.81999969482422,21.209999084472656,20.739999771118164,20.82999992370605,20.3852653503418,229137742
17/08/2023,20.84000015258789,21.670000076293945,20.770000457763672,21.3799991607666,20.92352104187012,399502098
18/08/2023,21.520000457763672,21.75,20.65999984741211,20.950000762939453,20.502704620361328,369998006
21/08/2023,20.940000534057617,22.6299991607666,20.82999992370605,22.5,22.019609451293945,575468600
22/08/2023,22.489999771118164,22.71999931335449,21.959999084472656,22.290000915527344,21.81409454345703,356269914
23/08/2023,22.479999542236328,23.09000015258789,22.229999542236328,22.299999237060547,21.82387924194336,399379664
24/08/2023,22.549999237060547,22.729999542236328,21.26000022888184,21.309999465942383,20.855016708374023,367830012
25/08/2023,21.40999984741211,22.06999969482422,21.14999961853028,21.90999984741211,21.44220542907715,323822324
28/08/2023,22.059999465942383,22.309999465942383,21.88999938964844,21.89999961853028,21.432418823242188,290040230
29/08/2023,21.950000762939453,22.15999984741211,21.479999542236328,21.57999992370605,21.119251251220703,191278924
31/08/2023,21.729999542236328,22.040000915527344,21.51000022888184,21.51000022888184,21.05074691772461,208440872
01/09/2023,21.6299991607666,22.14999961853028,21.59000015258789,22.030000686645508,21.55964469909668,273432628
04/09/2023,22.25,22.459999084472656,21.989999771118164,22.049999237060547,21.57921600341797,251713444
05/09/2023,22.049999237060547,23.0,21.809999465942383,23.0,22.508934020996094,372328484
06/09/2023,23.31999969482422,23.700000762939453,22.93000030517578,23.229999542236328,22.73402214050293,377459082
07/09/2023,23.299999237060547,24.239999771118164,23.25,24.14999961853028,23.63438034057617,407870824
08/09/2023,24.190000534057617,24.200000762939453,23.709999084472656,23.75,23.24292182922364,191831340
11/09/2023,23.96999931335449,24.06999969482422,23.09000015258789,23.15999984741211,22.66551780700684,221971830
12/09/2023,23.190000534057617,23.32999992370605,22.600000381469727,22.799999237060547,22.313203811645508,203871278
13/09/2023,22.8799991607666,22.96999931335449,21.90999984741211,21.959999084472656,21.49113655090332,214259882
14/09/2023,22.06999969482422,22.100000381469727,21.31999969482422,22.01000022888184,21.54007148742676,188162460
15/09/2023,22.14999961853028,22.600000381469727,22.0,22.0,21.530282974243164,249385124
18/09/2023,21.89999961853028,21.950000762939453,21.1200008392334,21.1200008392334,20.6690731048584,156187474
19/09/2023,21.14999961853028,21.3700008392334,20.920000076293945,21.15999984741211,20.70821952819824,181818062
20/09/2023,21.170000076293945,21.21999931335449,20.5,20.5,20.06231117248535,186054898
21/09/2023,20.38999938964844,20.90999984741211,20.13999938964844,20.8700008392334,20.42441177368164,262624856
22/09/2023,20.920000076293945,21.780000686645508,20.850000381469727,21.63999938964844,21.17796897888184,302578680
25/09/2023,21.71999931335449,23.540000915527344,21.6200008392334,23.15999984741211,22.66551780700684,448705028
26/09/2023,23.200000762939453,23.239999771118164,22.34000015258789,22.34000015258789,21.863025665283203,230739888
27/09/2023,22.39999961853028,22.59000015258789,21.90999984741211,22.200000762939453,21.726016998291016,177823136
28/09/2023,22.209999084472656,22.57999992370605,22.209999084472656,22.309999465942383,21.83366584777832,142360074
29/09/2023,22.3799991607666,22.56999969482422,22.190000534057617,22.26000022888184,21.78473472595215,162790718
02/10/2023,22.270000457763672,22.600000381469727,22.270000457763672,22.38999938964844,21.91195678710937,216463108
03/10/2023,22.459999084472656,22.75,22.31999969482422,22.36000061035156,21.88260078430176,294420992
04/10/2023,22.3700008392334,22.51000022888184,21.799999237060547,21.809999465942383,21.34434127807617,240684260
05/10/2023,22.020000457763672,22.31999969482422,21.540000915527344,22.1299991607666,21.657508850097656,252586470
06/10/2023,21.950000762939453,22.6200008392334,21.93000030517578,22.46999931335449,21.990249633789062,262779636
09/10/2023,22.14999961853028,22.350000381469727,21.6200008392334,21.63999938964844,21.17796897888184,189343148
10/10/2023,21.989999771118164,22.559999465942383,21.959999084472656,22.540000915527344,22.058757781982425,233491160
11/10/2023,22.57999992370605,22.790000915527344,22.059999465942383,22.059999465942383,21.58900451660156,173800718
12/10/2023,22.26000022888184,22.56999969482422,21.299999237060547,21.700000762939453,21.236690521240234,252064602
13/10/2023,21.600000381469727,21.61000061035156,21.13999938964844,21.14999961853028,20.69843292236328,133631766
16/10/2023,21.39999961853028,21.450000762939453,20.3799991607666,20.3799991607666,19.94487190246582,182825734
17/10/2023,20.530000686645508,21.07999992370605,20.31999969482422,21.049999237060547,20.600568771362305,170688120
18/10/2023,20.729999542236328,20.89999961853028,20.21999931335449,20.299999237060547,19.86658096313477,128871520
19/10/2023,20.34000015258789,20.57999992370605,19.71999931335449,19.739999771118164,19.318538665771484,160059956
20/10/2023,19.63999938964844,19.65999984741211,18.89999961853028,19.020000457763672,18.613908767700195,127023858
23/10/2023,19.290000915527344,19.459999084472656,18.89999961853028,19.34000015258789,18.927078247070312,138537892
24/10/2023,19.43000030517578,20.93000030517578,19.3799991607666,20.89999961853028,20.45376968383789,283058740
25/10/2023,20.809999465942383,21.09000015258789,19.049999237060547,19.049999237060547,18.64326858520508,241080482
26/10/2023,19.200000762939453,19.809999465942383,18.93000030517578,19.59000015258789,19.17173957824707,198216692
27/10/2023,19.39999961853028,19.459999084472656,18.809999465942383,19.229999542236328,18.819425582885746,138414852
30/10/2023,19.21999931335449,19.59000015258789,19.100000381469727,19.200000762939453,18.79006767272949,167561992
31/10/2023,19.39999961853028,19.46999931335449,18.850000381469727,18.93000030517578,18.52583122253418,126559782
01/11/2023,19.020000457763672,19.1299991607666,18.14999961853028,18.61000061035156,18.212665557861328,164244438
02/11/2023,18.700000762939453,18.920000076293945,18.559999465942383,18.690000534057617,18.290956497192383,142291222
03/11/2023,18.700000762939453,18.8700008392334,18.39999961853028,18.700000762939453,18.300743103027344,148828192
06/11/2023,18.84000015258789,19.14999961853028,18.84000015258789,18.959999084472656,18.55518913269043,115618682
07/11/2023,18.940000534057617,19.100000381469727,18.84000015258789,18.940000534057617,18.53561782836914,109573428
08/11/2023,19.049999237060547,19.209999084472656,18.709999084472656,18.780000686645508,18.3790340423584,111388376
09/11/2023,18.6299991607666,18.8799991607666,18.559999465942383,18.76000022888184,18.35946083068848,114760074
10/11/2023,18.770000457763672,19.32999992370605,18.770000457763672,19.1299991607666,18.72156143188477,161272826
13/11/2023,19.190000534057617,19.40999984741211,18.600000381469727,18.600000381469727,18.20287704467773,127653100
14/11/2023,18.68000030517578,19.07999992370605,18.479999542236328,19.07999992370605,18.67262840270996,127147646
15/11/2023,19.15999984741211,19.51000022888184,19.020000457763672,19.13999938964844,18.731348037719727,160820534
16/11/2023,19.13999938964844,19.290000915527344,19.07999992370605,19.14999961853028,18.741134643554688,90356922
17/11/2023,19.15999984741211,19.34000015258789,19.09000015258789,19.13999938964844,18.731348037719727,130258346
20/11/2023,19.280000686645508,19.920000076293945,19.26000022888184,19.799999237060547,19.377256393432617,193782582
21/11/2023,19.93000030517578,20.6200008392334,19.8799991607666,20.549999237060547,20.111242294311523,217071572
22/11/2023,20.530000686645508,20.57999992370605,20.21999931335449,20.3700008392334,19.93508720397949,84616866
23/11/2023,20.3700008392334,20.39999961853028,19.670000076293945,19.670000076293945,19.25003242492676,112429494
24/11/2023,19.670000076293945,20.309999465942383,19.61000061035156,20.229999542236328,19.79807472229004,144518588
27/11/2023,20.299999237060547,20.770000457763672,20.299999237060547,20.63999938964844,20.19932174682617,125438764
28/11/2023,20.61000061035156,20.979999542236328,20.36000061035156,20.530000686645508,20.091670989990234,142423900
29/11/2023,20.559999465942383,20.8799991607666,20.489999771118164,20.61000061035156,20.16996383666992,175538680
30/11/2023,20.63999938964844,20.809999465942383,20.440000534057617,20.479999542236328,20.04273796081543,127065124
01/12/2023,20.739999771118164,20.89999961853028,20.18000030517578,20.299999237060547,19.86658096313477,119219186
04/12/2023,20.36000061035156,20.39999961853028,20.0,20.01000022888184,19.582773208618164,106430006
05/12/2023,20.059999465942383,20.280000686645508,19.989999771118164,20.0,19.572986602783203,147464274
06/12/2023,20.049999237060547,20.1200008392334,19.39999961853028,19.39999961853028,18.98579788208008,159026836
07/12/2023,19.459999084472656,19.950000762939453,19.31999969482422,19.950000762939453,19.5240535736084,100901528
08/12/2023,19.950000762939453,20.01000022888184,19.6200008392334,19.670000076293945,19.25003242492676,86046734
11/12/2023,19.68000030517578,19.709999084472656,19.25,19.25,18.838998794555664,106207704
12/12/2023,19.25,19.3700008392334,19.14999961853028,19.200000762939453,18.79006767272949,114449164
13/12/2023,19.1200008392334,19.200000762939453,18.8799991607666,18.8799991607666,18.47689819335937,102802542
14/12/2023,19.049999237060547,19.64999961853028,19.040000915527344,19.59000015258789,19.17173957824707,135926964
15/12/2023,19.600000381469727,20.950000762939453,19.520000457763672,20.950000762939453,20.502704620361328,253935792
18/12/2023,20.950000762939453,21.440000534057617,20.809999465942383,20.89999961853028,20.45376968383789,208294590
19/12/2023,20.920000076293945,21.770000457763672,20.8700008392334,21.6299991607666,21.168184280395508,328693046
20/12/2023,21.600000381469727,21.600000381469727,20.89999961853028,21.040000915527344,20.590782165527344,139698278
21/12/2023,21.059999465942383,21.559999465942383,21.059999465942383,21.559999465942383,21.09967803955078,150275996
22/12/2023,21.600000381469727,21.780000686645508,20.940000534057617,21.0,20.5516357421875,132863036
25/12/2023,20.850000381469727,20.8799991607666,20.100000381469727,20.309999465942383,19.876365661621094,70267560
26/12/2023,20.420000076293945,20.63999938964844,19.989999771118164,20.280000686645508,19.84700965881348,103430716
27/12/2023,20.280000686645508,20.729999542236328,20.09000015258789,20.559999465942383,20.121028900146484,146259336
28/12/2023,20.6200008392334,21.01000022888184,20.559999465942383,20.739999771118164,20.29718589782715,102530590
29/12/2023,20.729999542236328,20.950000762939453,20.46999931335449,20.5,20.06231117248535,85032972
02/01/2024,20.64999961853028,21.280000686645508,20.64999961853028,21.1299991607666,20.67885971069336,174869698
03/01/2024,21.09000015258789,21.09000015258789,20.549999237060547,20.65999984741211,20.218894958496094,91655718
04/01/2024,20.65999984741211,21.15999984741211,20.459999084472656,21.15999984741211,20.70821952819824,135478264
05/01/2024,21.15999984741211,21.450000762939453,21.030000686645508,21.309999465942383,20.855016708374023,111756182
08/01/2024,21.40999984741211,21.729999542236328,21.40999984741211,21.670000076293945,21.20733070373535,136151256
09/01/2024,21.739999771118164,21.90999984741211,21.3700008392334,21.450000762939453,20.99202919006348,136930602
10/01/2024,21.46999931335449,22.799999237060547,21.350000381469727,22.520000457763672,22.039182662963867,359701714
11/01/2024,22.440000534057617,22.68000030517578,21.90999984741211,21.950000762939453,21.481353759765625,267907790
12/01/2024,21.850000381469727,22.14999961853028,21.729999542236328,21.89999961853028,21.432418823242188,171596746
15/01/2024,22.0,22.39999961853028,21.989999771118164,22.030000686645508,21.55964469909668,146333548
16/01/2024,22.040000915527344,22.36000061035156,21.8700008392334,22.14999961853028,21.67708206176757,166401716
17/01/2024,22.040000915527344,22.049999237060547,21.690000534057617,21.71999931335449,21.256261825561523,122858160
18/01/2024,21.799999237060547,22.040000915527344,21.26000022888184,21.26000022888184,20.80608367919922,167444494
19/01/2024,21.34000015258789,21.479999542236328,21.0,21.07999992370605,20.629926681518555,110793980
22/01/2024,21.049999237060547,21.3700008392334,21.0,21.020000457763672,20.571208953857425,129824864
23/01/2024,21.25,21.440000534057617,21.040000915527344,21.170000076293945,20.718006134033203,153498680
24/01/2024,21.26000022888184,21.3700008392334,20.71999931335449,21.190000534057617,20.737579345703125,235912360
25/01/2024,21.350000381469727,21.59000015258789,21.209999084472656,21.40999984741211,20.95288276672364,171059490
26/01/2024,21.39999961853028,21.709999084472656,21.32999992370605,21.64999961853028,21.18775749206543,191940196
29/01/2024,21.780000686645508,22.049999237060547,21.770000457763672,21.86000061035156,21.393274307250977,177045334
30/01/2024,22.040000915527344,22.1200008392334,21.65999984741211,21.670000076293945,21.20733070373535,155385472
31/01/2024,21.68000030517578,21.90999984741211,21.540000915527344,21.56999969482422,21.10946655273437,166307930
01/02/2024,21.6200008392334,21.979999542236328,21.61000061035156,21.86000061035156,21.393274307250977,212889606
02/02/2024,21.950000762939453,22.059999465942383,21.64999961853028,21.729999542236328,21.266048431396484,239157502
05/02/2024,21.790000915527344,22.020000457763672,21.709999084472656,21.76000022888184,21.295408248901367,176130514
06/02/2024,21.82999992370605,22.270000457763672,21.61000061035156,22.100000381469727,21.628150939941406,303763708
07/02/2024,22.25,22.76000022888184,22.25,22.51000022888184,22.029396057128903,321790932
08/02/2024,22.57999992370605,22.86000061035156,22.34000015258789,22.739999771118164,22.25448608398437,279540794
09/02/2024,22.979999542236328,23.350000381469727,22.979999542236328,23.18000030517578,22.68509101867676,242384076
12/02/2024,23.479999542236328,23.489999771118164,22.989999771118164,23.200000762939453,22.70466423034668,197502782
13/02/2024,23.26000022888184,23.75,23.020000457763672,23.059999465942383,22.56765365600586,413752274
14/02/2024,23.09000015258789,23.31999969482422,22.6299991607666,23.299999237060547,22.802528381347656,272179478
15/02/2024,23.5,23.68000030517578,23.31999969482422,23.540000915527344,23.03740501403809,293333436
16/02/2024,23.65999984741211,25.225000381469727,23.56999969482422,24.559999465942383,24.035625457763672,670126990
19/02/2024,24.84000015258789,24.940000534057617,23.89999961853028,24.15999984741211,23.644166946411133,345804584
20/02/2024,24.290000915527344,24.809999465942383,24.15999984741211,24.809999465942383,24.280288696289062,329760648
21/02/2024,25.450000762939453,25.5,23.940000534057617,24.31999969482422,23.800750732421875,651323414
22/02/2024,24.40999984741211,24.420000076293945,23.89999961853028,24.09000015258789,23.57566261291504,307524748
23/02/2024,23.68000030517578,23.709999084472656,23.25,23.25,22.75359535217285,307203412
26/02/2024,23.290000915527344,23.309999465942383,22.790000915527344,22.790000915527344,22.30341911315918,260505144
27/02/2024,22.790000915527344,23.59000015258789,22.739999771118164,23.479999542236328,22.97868537902832,537585346
28/02/2024,23.540000915527344,24.420000076293945,23.049999237060547,23.450000762939453,22.94932556152344,972826256
29/02/2024,23.530000686645508,23.76000022888184,22.739999771118164,22.76000022888184,22.274059295654297,509331824
01/03/2024,22.850000381469727,23.21999931335449,22.780000686645508,22.96999931335449,22.47957420349121,370724344
04/03/2024,23.049999237060547,23.46999931335449,22.770000457763672,23.01000022888184,22.51872062683105,438864056
05/03/2024,23.100000381469727,23.239999771118164,22.700000762939453,22.700000762939453,22.215341567993164,242060306
06/03/2024,22.68000030517578,22.89999961853028,22.020000457763672,22.13999938964844,21.667295455932617,265443154
07/03/2024,22.26000022888184,22.82999992370605,22.229999542236328,22.82999992370605,22.34256362915039,245728436
08/03/2024,22.82999992370605,23.059999465942383,22.64999961853028,22.950000762939453,22.46000099182129,258663076
11/03/2024,23.270000457763672,23.3799991607666,22.81999969482422,22.88999938964844,22.401281356811523,251909314
12/03/2024,23.07999992370605,23.100000381469727,22.549999237060547,22.63999938964844,22.15662002563477,295771686
13/03/2024,22.6299991607666,22.68000030517578,22.229999542236328,22.229999542236328,21.75537300109864,240473720
14/03/2024,22.290000915527344,22.520000457763672,22.09000015258789,22.170000076293945,21.6966552734375,177433518
15/03/2024,22.36000061035156,22.64999961853028,22.06999969482422,22.200000762939453,21.726016998291016,145841218
18/03/2024,22.239999771118164,22.350000381469727,22.040000915527344,22.040000915527344,21.56943130493164,167190204
19/03/2024,22.040000915527344,22.25,22.0,22.1299991607666,21.657508850097656,149797622
20/03/2024,22.13999938964844,22.34000015258789,21.88999938964844,21.88999938964844,21.422632217407227,163962130
21/03/2024,22.049999237060547,22.280000686645508,21.89999961853028,21.920000076293945,21.45199203491211,255461090
22/03/2024,21.989999771118164,22.1200008392334,21.59000015258789,21.64999961853028,21.18775749206543,156785984
25/03/2024,21.600000381469727,22.1200008392334,21.479999542236328,21.479999542236328,21.021387100219727,202412378
26/03/2024,21.5,21.57999992370605,20.76000022888184,21.059999465942383,20.61035346984864,246038548
27/03/2024,21.100000381469727,21.21999931335449,20.90999984741211,20.90999984741211,20.463558197021484,131759980
28/03/2024,21.0,21.26000022888184,20.989999771118164,21.059999465942383,20.61035346984864,126430314
29/03/2024,21.14999961853028,21.239999771118164,21.040000915527344,21.15999984741211,20.70821952819824,134363690
01/04/2024,21.15999984741211,21.229999542236328,20.63999938964844,20.64999961853028,20.209108352661133,142733786
02/04/2024,20.88999938964844,20.920000076293945,19.450000762939453,19.450000762939453,19.03472900390625,209911148
03/04/2024,19.440000534057617,19.64999961853028,19.11000061035156,19.13999938964844,18.731348037719727,143711818
04/04/2024,19.170000076293945,20.01000022888184,19.15999984741211,19.709999084472656,19.28917694091797,184097694
05/04/2024,19.75,20.82999992370605,19.75,20.690000534057617,20.248254776000977,218817008
08/04/2024,20.799999237060547,21.049999237060547,20.600000381469727,20.96999931335449,20.522275924682617,164648494
09/04/2024,20.96999931335449,20.96999931335449,20.96999931335449,20.96999931335449,20.522275924682617,0
15/04/2024,20.96999931335449,21.06999969482422,20.64999961853028,20.65999984741211,20.218894958496094,133819962
16/04/2024,20.299999237060547,20.600000381469727,20.200000762939453,20.26000022888184,20.07029914855957,128332462
17/04/2024,20.489999771118164,20.64999961853028,19.989999771118164,20.059999465942383,19.87217140197754,121225148
18/04/2024,20.18000030517578,20.38999938964844,20.0,20.21999931335449,20.03067398071289,124755440
19/04/2024,20.0,20.709999084472656,19.989999771118164,20.61000061035156,20.417022705078125,170913596
22/04/2024,20.739999771118164,21.059999465942383,20.739999771118164,20.790000915527344,20.595338821411133,150513424
24/04/2024,20.950000762939453,21.100000381469727,20.770000457763672,20.850000381469727,20.65477561950684,108882036
25/04/2024,20.86000061035156,21.049999237060547,20.690000534057617,20.799999237060547,20.605243682861328,139652856
26/04/2024,20.8700008392334,21.5,20.86000061035156,21.39999961853028,21.19962501525879,262320532
29/04/2024,21.530000686645508,21.940000534057617,21.39999961853028,21.940000534057617,21.734569549560547,188386342
30/04/2024,21.8700008392334,21.88999938964844,21.46999931335449,21.530000686645508,21.32840919494629,137678860
02/05/2024,21.65999984741211,22.450000762939453,21.63999938964844,22.309999465942383,22.101104736328125,264264702
03/05/2024,22.21999931335449,22.38999938964844,21.850000381469727,22.09000015258789,21.88316535949707,190218882
06/05/2024,22.18000030517578,22.190000534057617,21.84000015258789,21.979999542236328,21.774194717407227,145052904
07/05/2024,22.040000915527344,22.920000076293945,22.01000022888184,22.729999542236328,22.51717185974121,342279970
08/05/2024,22.739999771118164,22.96999931335449,22.549999237060547,22.61000061035156,22.39829635620117,170226826
09/05/2024,22.850000381469727,23.059999465942383,22.3700008392334,22.75,22.536985397338867,233046066
10/05/2024,23.049999237060547,23.82999992370605,23.0,23.420000076293945,23.20071220397949,410894484
13/05/2024,23.540000915527344,23.89999961853028,23.15999984741211,23.15999984741211,22.943145751953125,268129136
14/05/2024,23.170000076293945,23.65999984741211,22.950000762939453,23.26000022888184,23.04220962524414,233547608
15/05/2024,23.309999465942383,23.309999465942383,22.38999938964844,22.459999084472656,22.249698638916016,237682706
16/05/2024,22.540000915527344,22.84000015258789,22.32999992370605,22.799999237060547,22.586515426635746,185021572
17/05/2024,22.84000015258789,23.440000534057617,22.81999969482422,23.43000030517578,23.21061897277832,293333360
20/05/2024,23.43000030517578,24.280000686645508,23.43000030517578,23.979999542236328,23.75546836853028,325440340
21/05/2024,24.030000686645508,24.6299991607666,23.6200008392334,23.96999931335449,23.745561599731445,632573160
22/05/2024,24.07999992370605,24.559999465942383,23.90999984741211,24.15999984741211,23.93378257751465,320168958
23/05/2024,24.209999084472656,24.700000762939453,24.200000762939453,24.26000022888184,24.032846450805664,279972428
24/05/2024,24.239999771118164,24.75,24.14999961853028,24.709999084472656,24.4786319732666,284185376
27/05/2024,24.799999237060547,24.90999984741211,24.549999237060547,24.59000015258789,24.35975646972656,290808934
28/05/2024,24.6299991607666,25.075000762939453,24.46999931335449,24.709999084472656,24.4786319732666,305348742
29/05/2024,24.75,24.780000686645508,24.290000915527344,24.290000915527344,24.06256675720215,193523540
30/05/2024,24.290000915527344,24.61000061035156,24.14999961853028,24.46999931335449,24.24087905883789,214938820
31/05/2024,24.540000915527344,24.82999992370605,23.799999237060547,23.96999931335449,23.745561599731445,276176252
03/06/2024,24.06999969482422,24.920000076293945,23.8700008392334,24.799999237060547,24.56778907775879,325692702
04/06/2024,24.84000015258789,25.39999961853028,24.530000686645508,24.57999992370605,24.34984970092773,324092816
05/06/2024,24.61000061035156,24.75,23.940000534057617,24.34000015258789,24.112096786499023,300175008
06/06/2024,24.40999984741211,24.84000015258789,24.21999931335449,24.270000457763672,24.04275321960449,210765226
07/06/2024,24.350000381469727,24.459999084472656,23.82999992370605,23.96999931335449,23.745561599731445,140512222
10/06/2024,23.90999984741211,23.940000534057617,23.170000076293945,23.21999931335449,23.00258445739746,119415122
11/06/2024,23.229999542236328,23.600000381469727,23.040000915527344,23.11000061035156,22.89361572265625,143249070
12/06/2024,23.1200008392334,24.0,23.049999237060547,23.89999961853028,23.67621612548828,199171476
13/06/2024,24.09000015258789,24.979999542236328,24.09000015258789,24.709999084472656,24.4786319732666,241817894
14/06/2024,24.809999465942383,26.02499961853028,24.790000915527344,25.799999237060547,25.558425903320312,370220710
20/06/2024,26.200000762939453,27.075000762939453,25.600000381469727,26.924999237060547,26.67289161682129,272302428
21/06/2024,26.89999961853028,26.950000762939453,26.075000762939453,26.27499961853028,26.02897834777832,191389428
24/06/2024,26.200000762939453,26.75,26.0,26.64999961853028,26.400466918945312,250171890
25/06/2024,26.625,26.75,26.02499961853028,26.25,26.004213333129883,170814710
26/06/2024,26.325000762939453,26.549999237060547,25.625,26.02499961853028,25.78132057189941,233238526
27/06/2024,26.125,26.825000762939453,25.75,26.5,26.251873016357425,311196978
28/06/2024,26.674999237060547,27.225000381469727,26.450000762939453,26.625,26.375701904296875,339721510
01/07/2024,26.825000762939453,27.174999237060547,25.625,25.875,25.63272476196289,330725628
02/07/2024,25.875,26.225000381469727,25.39999961853028,25.64999961853028,25.409832000732425,246142528
03/07/2024,25.825000762939453,27.674999237060547,25.799999237060547,27.450000762939453,27.19297790527344,442655566
04/07/2024,27.450000762939453,27.799999237060547,27.225000381469727,27.475000381469727,27.217744827270508,429737096
05/07/2024,27.575000762939453,28.049999237060547,27.375,27.5,27.242509841918945,345199634
08/07/2024,27.64999961853028,28.100000381469727,27.27499961853028,27.350000381469727,27.093914031982425,302058536
09/07/2024,27.450000762939453,27.625,27.075000762939453,27.299999237060547,27.04438209533692,259297716
10/07/2024,27.350000381469727,27.89999961853028,27.174999237060547,27.5,27.242509841918945,291696116
11/07/2024,27.725000381469727,27.89999961853028,27.549999237060547,27.575000762939453,27.316808700561523,253957852
12/07/2024,27.625,27.850000381469727,27.52499961853028,27.625,27.3663387298584,221257976
16/07/2024,27.725000381469727,28.450000762939453,27.64999961853028,28.450000762939453,28.18361473083496,314193688
17/07/2024,28.39999961853028,28.600000381469727,28.049999237060547,28.350000381469727,28.084550857543945,307333854
18/07/2024,28.5,28.799999237060547,27.799999237060547,27.950000762939453,27.68829727172852,281409608
19/07/2024,28.75,29.100000381469727,27.424999237060547,28.77499961853028,28.505571365356445,752945908
22/07/2024,28.77499961853028,30.125,28.674999237060547,29.700000762939453,29.421911239624023,644116678
23/07/2024,29.674999237060547,29.825000762939453,29.075000762939453,29.174999237060547,28.901824951171875,330994508
24/07/2024,29.14999961853028,29.424999237060547,28.77499961853028,28.825000762939453,28.55510330200196,226930494
25/07/2024,28.825000762939453,29.02499961853028,28.02499961853028,28.325000762939453,28.059785842895508,230929516
26/07/2024,28.325000762939453,28.5,28.100000381469727,28.125,27.86165809631348,168393228
29/07/2024,27.875,27.975000381469727,27.52499961853028,27.799999237060547,27.53969955444336,171064074
30/07/2024,27.875,28.174999237060547,27.700000762939453,27.950000762939453,27.68829727172852,202263280
31/07/2024,27.89999961853028,28.225000381469727,27.77499961853028,28.02499961853028,27.76259422302246,189991842
01/08/2024,28.27499961853028,28.924999237060547,28.200000762939453,28.625,28.35697555541992,234768878
02/08/2024,28.200000762939453,28.375,27.424999237060547,27.52499961853028,27.267274856567383,217092502
05/08/2024,25.75,26.375,24.950000762939453,25.049999237060547,24.815448760986328,314075736
06/08/2024,25.549999237060547,25.700000762939453,24.700000762939453,24.700000762939453,24.468727111816406,207837616
07/08/2024,24.86000061035156,25.450000762939453,24.82999992370605,25.200000762939453,24.964046478271484,267855428
08/08/2024,25.125,26.125,25.100000381469727,26.100000381469727,25.85561752319336,192319324
09/08/2024,26.25,26.424999237060547,25.25,25.299999237060547,25.063108444213867,156741222
12/08/2024,25.5,25.725000381469727,24.600000381469727,24.65999984741211,24.429101943969727,202171674
13/08/2024,24.700000762939453,24.89999961853028,24.34000015258789,24.700000762939453,24.468727111816406,238349172
14/08/2024,24.82999992370605,25.100000381469727,24.6200008392334,24.6200008392334,24.389476776123047,200145184
15/08/2024,24.690000534057617,25.049999237060547,24.549999237060547,24.93000030517578,24.69657325744629,225260074
16/08/2024,25.225000381469727,25.325000762939453,24.309999465942383,24.309999465942383,24.08237838745117,270930868
19/08/2024,24.43000030517578,24.63999938964844,24.1200008392334,24.63999938964844,24.40928840637207,221615682
20/08/2024,24.59000015258789,24.93000030517578,24.5,24.5,24.27059936523437,186746618
21/08/2024,24.540000915527344,24.790000915527344,24.3799991607666,24.459999084472656,24.230972290039062,187097716
22/08/2024,24.64999961853028,24.96999931335449,24.559999465942383,24.700000762939453,24.468727111816406,186190842
23/08/2024,24.76000022888184,24.82999992370605,24.09000015258789,24.1200008392334,23.89415740966797,171555590
26/08/2024,24.25,24.280000686645508,23.350000381469727,23.39999961853028,23.18089866638184,168927882
27/08/2024,23.39999961853028,23.709999084472656,23.350000381469727,23.700000762939453,23.478090286254883,170228774
28/08/2024,23.700000762939453,24.0,23.64999961853028,23.780000686645508,23.55734062194824,109731808
29/08/2024,23.82999992370605,24.540000915527344,23.799999237060547,24.170000076293945,23.94368934631348,244786000
02/09/2024,24.290000915527344,24.700000762939453,24.270000457763672,24.64999961853028,24.4191951751709,155635408
03/09/2024,24.700000762939453,24.770000457763672,24.18000030517578,24.229999542236328,24.00312614440918,124206972
04/09/2024,23.979999542236328,24.1299991607666,23.6299991607666,23.82999992370605,23.60687255859375,125007752
05/09/2024,23.989999771118164,24.299999237060547,23.850000381469727,24.020000457763672,23.79509353637696,135860298
06/09/2024,23.959999084472656,24.01000022888184,23.6200008392334,23.63999938964844,23.418651580810547,86437764
09/09/2024,23.549999237060547,23.63999938964844,23.31999969482422,23.36000061035156,23.14127349853516,122400656
10/09/2024,23.40999984741211,23.65999984741211,23.26000022888184,23.26000022888184,23.04220962524414,187504656
11/09/2024,23.239999771118164,24.07999992370605,22.5,23.700000762939453,23.478090286254883,190499684
12/09/2024,23.739999771118164,23.799999237060547,22.850000381469727,23.39999961853028,23.18089866638184,175720614
13/09/2024,23.43000030517578,23.75,23.25,23.71999931335449,23.497901916503903,151730004
16/09/2024,23.729999542236328,24.06999969482422,23.700000762939453,23.809999465942383,23.587059020996094,212788186
17/09/2024,23.89999961853028,24.26000022888184,23.89999961853028,24.14999961853028,23.92387580871582,161798832
18/09/2024,24.1299991607666,24.38999938964844,23.86000061035156,24.1200008392334,23.89415740966797,141466452
19/09/2024,24.39999961853028,24.71999931335449,24.299999237060547,24.709999084472656,24.4786319732666,159774010
20/09/2024,24.690000534057617,25.299999237060547,24.670000076293945,24.850000381469727,24.61732292175293,190839036
23/09/2024,25.0,25.125,24.57999992370605,24.670000076293945,24.43900680541992,136735208
24/09/2024,25.125,25.64999961853028,25.0,25.575000762939453,25.33553504943848,213345976
25/09/2024,25.64999961853028,25.975000381469727,25.5,25.700000762939453,25.45936393737793,204642258
26/09/2024,25.850000381469727,26.174999237060547,25.350000381469727,25.600000381469727,25.36030006408692,205775270
27/09/2024,25.700000762939453,26.299999237060547,25.625,26.299999237060547,26.05374526977539,223989992
30/09/2024,26.424999237060547,27.02499961853028,26.39999961853028,26.75,26.49953269958496,206545742
01/10/2024,26.5,26.625,25.700000762939453,26.350000381469727,26.1032772064209,173120122
02/10/2024,26.225000381469727,26.299999237060547,25.575000762939453,25.575000762939453,25.33553504943848,161714434
03/10/2024,25.625,26.02499961853028,24.86000061035156,25.0,24.76591682434082,163118342
04/10/2024,25.14999961853028,25.14999961853028,24.63999938964844,25.075000762939453,24.8402156829834,197002200
07/10/2024,25.299999237060547,25.450000762939453,24.780000686645508,24.82999992370605,24.59750938415528,146430780
08/10/2024,24.64999961853028,24.68000030517578,23.770000457763672,23.81999969482422,23.59696578979492,232656698
09/10/2024,23.82999992370605,23.88999938964844,23.57999992370605,23.780000686645508,23.55734062194824,147752986
10/10/2024,23.8700008392334,24.14999961853028,23.65999984741211,23.75,23.52762222290039,208530690
11/10/2024,24.34000015258789,24.82999992370605,24.07999992370605,24.459999084472656,24.230972290039062,304171280
14/10/2024,24.51000022888184,24.549999237060547,23.8700008392334,24.13999938964844,23.913969039916992,254364844
15/10/2024,24.059999465942383,24.31999969482422,23.790000915527344,24.21999931335449,23.993221282958984,218792780
16/10/2024,24.1299991607666,24.71999931335449,24.049999237060547,24.71999931335449,24.48853874206543,204976050
17/10/2024,24.57999992370605,24.770000457763672,24.36000061035156,24.51000022888184,24.280506134033203,199415508
18/10/2024,24.57999992370605,24.84000015258789,24.030000686645508,24.030000686645508,23.80500030517578,194496812
21/10/2024,24.040000915527344,24.239999771118164,23.690000534057617,23.76000022888184,23.53752899169922,125114878
22/10/2024,23.809999465942383,24.059999465942383,23.309999465942383,23.76000022888184,23.53752899169922,193603010
23/10/2024,23.93000030517578,24.100000381469727,22.75,23.100000381469727,22.883708953857425,220041376
24/10/2024,23.21999931335449,23.5,23.21999931335449,23.31999969482422,23.10164833068848,92095476
25/10/2024,23.31999969482422,23.729999542236328,23.170000076293945,23.700000762939453,23.478090286254883,93373928
28/10/2024,23.809999465942383,23.96999931335449,23.690000534057617,23.93000030517578,23.70593643188477,42635956
30/10/2024,23.93000030517578,24.11000061035156,23.86000061035156,23.920000076293945,23.696029663085938,145297340
31/10/2024,23.90999984741211,24.1299991607666,23.5,23.799999237060547,23.577152252197266,182262144
01/11/2024,23.850000381469727,24.190000534057617,23.850000381469727,23.96999931335449,23.745561599731445,160003700
04/11/2024,23.86000061035156,23.93000030517578,23.36000061035156,23.46999931335449,23.250242233276367,97754528
05/11/2024,23.56999969482422,23.940000534057617,23.459999084472656,23.8799991607666,23.65640449523925,111208424
06/11/2024,23.75,24.51000022888184,23.440000534057617,24.3799991607666,24.151721954345703,247302346
07/11/2024,24.39999961853028,24.809999465942383,24.309999465942383,24.76000022888184,24.528165817260746,143820804
08/11/2024,24.700000762939453,25.64999961853028,24.64999961853028,25.549999237060547,25.310766220092773,155703152
11/11/2024,25.549999237060547,25.924999237060547,25.350000381469727,25.475000381469727,25.23647117614746,127493624
12/11/2024,25.5,25.575000762939453,25.125,25.14999961853028,24.914512634277344,120643456
13/11/2024,25.02499961853028,25.39999961853028,24.75,25.02499961853028,24.79068374633789,184381314
14/11/2024,25.100000381469727,25.700000762939453,25.049999237060547,25.549999237060547,25.310766220092773,124743842
15/11/2024,25.575000762939453,25.674999237060547,25.075000762939453,25.14999961853028,24.914512634277344,86981482
18/11/2024,25.225000381469727,25.52499961853028,24.96999931335449,25.25,25.01357650756836,169584464
19/11/2024,25.5,25.575000762939453,24.700000762939453,24.770000457763672,24.53807258605957,161734990
20/11/2024,24.84000015258789,24.950000762939453,23.920000076293945,23.989999771118164,23.7653751373291,138632806
21/11/2024,24.14999961853028,24.96999931335449,24.07999992370605,24.89999961853028,24.666852951049805,188362382
22/11/2024,24.88999938964844,25.174999237060547,24.76000022888184,25.049999237060547,24.815448760986328,216333010
25/11/2024,25.225000381469727,25.600000381469727,25.02499961853028,25.350000381469727,25.11264038085937,174952674
26/11/2024,25.350000381469727,25.350000381469727,24.88999938964844,25.049999237060547,24.815448760986328,112239100
27/11/2024,25.299999237060547,25.440000534057617,24.6200008392334,24.700000762939453,24.468727111816406,106717777
28/11/2024,24.68000030517578,25.299999237060547,24.6200008392334,25.21999931335449,24.983856201171875,136396331
29/11/2024,25.21999931335449,25.940000534057617,25.059999465942383,25.780000686645508,25.53861427307129,197071533
02/12/2024,25.68000030517578,26.280000686645508,25.600000381469727,26.040000915527344,25.796180725097656,156157890
03/12/2024,26.059999465942383,26.36000061035156,25.84000015258789,26.0,25.756553649902344,141492381
04/12/2024,26.100000381469727,26.36000061035156,26.020000457763672,26.100000381469727,25.85561752319336,146054480
05/12/2024,26.200000762939453,26.299999237060547,25.81999969482422,25.920000076293945,25.677303314208984,104054737
06/12/2024,26.100000381469727,26.200000762939453,25.920000076293945,25.920000076293945,25.677303314208984,131239481
09/12/2024,26.559999465942383,27.86000061035156,26.479999542236328,27.0,26.747190475463867,516943996
10/12/2024,26.89999961853028,27.100000381469727,26.020000457763672,26.15999984741211,25.91505622863769,248485583
11/12/2024,26.21999931335449,26.280000686645508,25.780000686645508,26.059999465942383,25.81599235534668,177046026
12/12/2024,26.200000762939453,26.63999938964844,26.200000762939453,26.31999969482422,26.07355690002441,167697507
13/12/2024,26.07999992370605,26.559999465942383,25.979999542236328,26.559999465942383,26.311309814453125,147167381
16/12/2024,26.65999984741211,26.71999931335449,26.040000915527344,26.059999465942383,25.81599235534668,96680918
17/12/2024,26.07999992370605,26.39999961853028,25.86000061035156,26.15999984741211,25.91505622863769,138114217
18/12/2024,26.200000762939453,26.200000762939453,25.559999465942383,25.780000686645508,25.53861427307129,112695782
19/12/2024,25.559999465942383,25.700000762939453,25.239999771118164,25.299999237060547,25.063108444213867,126600991
20/12/2024,25.34000015258789,25.440000534057617,25.040000915527344,25.100000381469727,24.86498260498047,135020019
23/12/2024,25.200000762939453,25.39999961853028,24.84000015258789,24.959999084472656,24.72629165649414,100428642
24/12/2024,24.959999084472656,25.100000381469727,24.559999465942383,24.86000061035156,24.62722969055176,115614813
25/12/2024,25.280000686645508,25.280000686645508,25.040000915527344,25.059999465942383,24.82535552978516,92731054
26/12/2024,25.18000030517578,25.3799991607666,24.57999992370605,24.780000686645508,24.54797744750977,170870702
27/12/2024,24.81999969482422,25.1200008392334,24.780000686645508,24.940000534057617,24.70648002624512,129319532
30/12/2024,24.979999542236328,25.040000915527344,24.600000381469727,24.600000381469727,24.36966323852539,93895290
31/12/2024,24.57999992370605,24.920000076293945,24.39999961853028,24.39999961853028,24.17153549194336,129517619
02/01/2025,24.5,24.600000381469727,24.299999237060547,24.5,24.27059936523437,120042510
03/01/2025,24.6200008392334,24.940000534057617,24.57999992370605,24.71999931335449,24.48853874206543,192518694
06/01/2025,24.86000061035156,24.89999961853028,24.63999938964844,24.65999984741211,24.429101943969727,157062603
07/01/2025,24.63999938964844,24.68000030517578,24.07999992370605,24.07999992370605,23.85453224182129,194578399
08/01/2025,24.13999938964844,24.21999931335449,23.63999938964844,23.63999938964844,23.418651580810547,179953540
09/01/2025,23.739999771118164,23.920000076293945,23.6200008392334,23.86000061035156,23.636592864990234,143878931
10/01/2025,23.89999961853028,24.13999938964844,23.700000762939453,23.780000686645508,23.55734062194824,168118400
13/01/2025,23.739999771118164,23.76000022888184,23.040000915527344,23.100000381469727,22.883708953857425,155856367
14/01/2025,23.21999931335449,23.3799991607666,22.739999771118164,22.81999969482422,22.6063289642334,138026772
15/01/2025,22.8799991607666,22.979999542236328,22.600000381469727,22.84000015258789,22.62614250183105,131907730
16/01/2025,23.100000381469727,23.15999984741211,22.76000022888184,23.0,22.784645080566406,140909239
17/01/2025,23.020000457763672,23.18000030517578,22.979999542236328,23.059999465942383,22.84408187866211,171252235
20/01/2025,23.13999938964844,23.239999771118164,22.780000686645508,22.84000015258789,22.62614250183105,174810791
21/01/2025,22.780000686645508,23.020000457763672,22.63999938964844,22.63999938964844,22.428014755249023,156252861
22/01/2025,22.68000030517578,22.81999969482422,22.559999465942383,22.6200008392334,22.408203125,153562668
23/01/2025,22.71999931335449,22.89999961853028,22.63999938964844,22.68000030517578,22.467639923095703,209526706
24/01/2025,22.71999931335449,23.299999237060547,22.63999938964844,23.299999237060547,23.08183479309082,223507422
27/01/2025,23.1200008392334,23.31999969482422,22.920000076293945,23.1200008392334,22.903520584106445,203826237
28/01/2025,23.21999931335449,23.36000061035156,23.040000915527344,23.200000762939453,22.98277282714844,159958146
29/01/2025,23.299999237060547,23.34000015258789,22.920000076293945,22.920000076293945,22.70539283752441,147655993
30/01/2025,23.0,23.18000030517578,22.89999961853028,22.920000076293945,22.70539283752441,196800223
31/01/2025,22.959999084472656,23.040000915527344,22.3799991607666,22.440000534057617,22.229888916015625,144801922
03/02/2025,22.1200008392334,22.15999984741211,21.479999542236328,21.68000030517578,21.47700500488281,207918792
04/02/2025,21.799999237060547,22.26000022888184,21.71999931335449,22.020000457763672,21.813819885253903,221157641
05/02/2025,21.979999542236328,22.07999992370605,21.600000381469727,21.700000762939453,21.49681663513184,174105453
06/02/2025,21.799999237060547,22.600000381469727,21.780000686645508,22.5,22.289325714111328,189513165
07/02/2025,22.540000915527344,23.459999084472656,22.459999084472656,23.420000076293945,23.20071220397949,286916962
10/02/2025,23.200000762939453,23.440000534057617,22.700000762939453,22.86000061035156,22.64595603942871,227219906
11/02/2025,22.86000061035156,23.39999961853028,22.57999992370605,23.39999961853028,23.18089866638184,222178920
12/02/2025,23.39999961853028,23.780000686645508,23.200000762939453,23.39999961853028,23.18089866638184,276503829
13/02/2025,23.3799991607666,23.63999938964844,23.18000030517578,23.31999969482422,23.10164833068848,184322025
14/02/2025,23.34000015258789,23.71999931335449,23.200000762939453,23.34000015258789,23.1214599609375,224378431
17/02/2025,23.34000015258789,23.84000015258789,23.31999969482422,23.520000457763672,23.299776077270508,162200035
18/02/2025,23.479999542236328,23.76000022888184,23.200000762939453,23.65999984741211,23.438465118408203,200108994
19/02/2025,23.71999931335449,23.799999237060547,22.76000022888184,22.799999237060547,22.586515426635746,230298182
20/02/2025,22.799999237060547,23.34000015258789,22.799999237060547,22.979999542236328,22.76483154296875,131089198
21/02/2025,23.0,23.280000686645508,22.0,22.3799991607666,22.170448303222656,212580528
24/02/2025,22.6200008392334,22.63999938964844,21.979999542236328,22.1200008392334,21.912885665893555,111915772
25/02/2025,22.07999992370605,22.18000030517578,21.86000061035156,21.86000061035156,21.655319213867188,118321907
26/02/2025,21.8799991607666,22.07999992370605,21.71999931335449,21.8799991607666,21.67513084411621,127865316
27/02/2025,21.89999961853028,22.6200008392334,21.89999961853028,22.36000061035156,22.15063667297364,224927754
28/02/2025,22.239999771118164,22.76000022888184,22.059999465942383,22.31999969482422,22.11101150512696,310004171
03/03/2025,22.459999084472656,22.8799991607666,22.3799991607666,22.5,22.289325714111328,214053868
04/03/2025,22.5,22.65999984741211,21.920000076293945,22.040000915527344,21.83363342285156,152738154
05/03/2025,22.26000022888184,23.780000686645508,22.26000022888184,23.739999771118164,23.51771545410156,407354374
06/03/2025,23.959999084472656,24.68000030517578,23.700000762939453,24.68000030517578,24.44891357421875,343131107
07/03/2025,24.600000381469727,24.89999961853028,24.34000015258789,24.799999237060547,24.56778907775879,182981993
10/03/2025,24.799999237060547,25.020000457763672,24.280000686645508,24.440000534057617,24.211162567138672,155259603
11/03/2025,24.5,25.31999969482422,24.39999961853028,24.81999969482422,24.587602615356445,275981567
12/03/2025,25.020000457763672,25.459999084472656,24.86000061035156,25.280000686645508,25.043296813964844,213764815
13/03/2025,25.39999961853028,25.700000762939453,25.15999984741211,25.420000076293945,25.18198585510254,235974553
14/03/2025,25.5,25.86000061035156,25.34000015258789,25.57999992370605,25.34048652648925,226676697
17/03/2025,25.700000762939453,25.739999771118164,25.3799991607666,25.57999992370605,25.34048652648925,150167338
18/03/2025,25.31999969482422,25.780000686645508,25.280000686645508,25.65999984741211,25.419736862182617,223500658
19/03/2025,23.799999237060547,24.799999237060547,23.100000381469727,23.100000381469727,22.883708953857425,273883906
20/03/2025,23.1200008392334,24.21999931335449,23.020000457763672,23.36000061035156,23.14127349853516,232009741
21/03/2025,23.0,23.15999984741211,21.040000915527344,21.100000381469727,20.90243530273437,261013345
24/03/2025,21.559999465942383,21.89999961853028,20.31999969482422,21.700000762939453,21.49681663513184,247449097
25/03/2025,22.100000381469727,22.979999542236328,21.940000534057617,22.700000762939453,22.48745346069336,198988970
26/03/2025,22.299999237060547,22.68000030517578,22.100000381469727,22.520000457763672,22.309139251708984,160004441
27/03/2025,22.68000030517578,23.040000915527344,22.26000022888184,22.36000061035156,22.15063667297364,152557370
28/03/2025,22.26000022888184,22.57999992370605,21.979999542236328,22.520000457763672,22.309139251708984,125170756
02/04/2025,22.5,22.84000015258789,22.420000076293945,22.65999984741211,22.44782829284668,138021765
03/04/2025,22.89999961853028,23.100000381469727,22.440000534057617,22.479999542236328,22.269512176513672,142842179
04/04/2025,22.39999961853028,22.440000534057617,21.600000381469727,21.600000381469727,21.39775276184082,153292074
07/04/2025,20.540000915527344,21.739999771118164,20.100000381469727,21.299999237060547,21.100561141967773,203039028
08/04/2025,21.700000762939453,21.86000061035156,21.459999084472656,21.600000381469727,21.39775276184082,121711337
09/04/2025,21.18000030517578,21.559999465942383,20.8799991607666,20.959999084472656,20.763744354248047,131817746
10/04/2025,21.780000686645508,21.84000015258789,21.299999237060547,21.299999237060547,21.100561141967773,128718223
11/04/2025,21.21999931335449,21.440000534057617,21.1200008392334,21.34000015258789,21.14018821716309,127459411
14/04/2025,21.5,22.040000915527344,21.479999542236328,21.799999237060547,21.59587860107422,107799101
15/04/2025,21.81999969482422,21.8799991607666,21.57999992370605,21.799999237060547,21.59587860107422,74559163
16/04/2025,21.6200008392334,21.71999931335449,21.3799991607666,21.540000915527344,21.33831596374512,94258738
17/04/2025,21.440000534057617,21.700000762939453,21.07999992370605,21.39999961853028,21.19962501525879,134327980
18/04/2025,21.440000534057617,21.459999084472656,21.059999465942383,21.100000381469727,20.90243530273437,71405925
21/04/2025,21.1200008392334,21.26000022888184,20.84000015258789,20.959999084472656,20.763744354248047,116120883
22/04/2025,21.040000915527344,21.31999969482422,20.81999969482422,21.26000022888184,21.060935974121094,129040825
24/04/2025,21.559999465942383,22.0,21.3799991607666,21.959999084472656,21.75438117980957,160253175
25/04/2025,21.959999084472656,22.71999931335449,21.86000061035156,22.6200008392334,22.408203125,221879856
28/04/2025,22.65999984741211,23.26000022888184,22.540000915527344,22.920000076293945,22.70539283752441,205926242
29/04/2025,22.780000686645508,23.31999969482422,22.63999938964844,22.76000022888184,22.54689216613769,159590760
30/04/2025,22.700000762939453,23.13999938964844,22.459999084472656,22.5,22.289325714111328,186168628
02/05/2025,22.700000762939453,23.440000534057617,22.63999938964844,23.440000534057617,23.22052574157715,149919144
05/05/2025,23.600000381469727,25.0,23.18000030517578,24.040000915527344,23.81490707397461,265995585
06/05/2025,23.89999961853028,24.040000915527344,23.63999938964844,23.799999237060547,23.577152252197266,123424533
07/05/2025,23.84000015258789,23.940000534057617,22.63999938964844,22.63999938964844,22.428014755249023,169854053
08/05/2025,22.76000022888184,23.3799991607666,21.979999542236328,23.26000022888184,23.04220962524414,115849085
09/05/2025,23.26000022888184,24.13999938964844,23.18000030517578,23.979999542236328,23.75546836853028,166791515
12/05/2025,24.86000061035156,24.86000061035156,24.200000762939453,24.520000457763672,24.29041290283203,176421682
13/05/2025,24.440000534057617,25.040000915527344,24.39999961853028,25.0,24.76591682434082,193269240
14/05/2025,25.0,25.18000030517578,24.65999984741211,24.65999984741211,24.429101943969727,218502860
15/05/2025,24.739999771118164,24.84000015258789,24.21999931335449,24.68000030517578,24.44891357421875,133520897
16/05/2025,24.799999237060547,25.100000381469727,24.6200008392334,24.799999237060547,24.56778907775879,151216362
20/05/2025,24.84000015258789,25.07999992370605,24.700000762939453,24.86000061035156,24.62722969055176,151023808
21/05/2025,24.89999961853028,24.89999961853028,24.239999771118164,24.239999771118164,24.013032913208008,114559898
22/05/2025,24.39999961853028,24.440000534057617,23.600000381469727,23.8799991607666,23.65640449523925,160285343
23/05/2025,23.89999961853028,24.040000915527344,23.479999542236328,23.540000915527344,23.319589614868164,123159873
26/05/2025,23.700000762939453,24.0,23.3799991607666,23.520000457763672,23.299776077270508,106425803
27/05/2025,23.540000915527344,23.89999961853028,23.479999542236328,23.799999237060547,23.577152252197266,167525604
28/05/2025,23.81999969482422,24.0,23.65999984741211,23.86000061035156,23.636592864990234,128167666
29/05/2025,24.020000457763672,24.1200008392334,23.780000686645508,23.81999969482422,23.59696578979492,188768524
30/05/2025,23.799999237060547,23.8799991607666,23.280000686645508,23.440000534057617,23.22052574157715,123409268
02/06/2025,23.280000686645508,23.57999992370605,22.920000076293945,23.020000457763672,22.80445671081543,135684819
03/06/2025,23.1200008392334,23.520000457763672,23.1200008392334,23.420000076293945,23.20071220397949,133313549
04/06/2025,23.459999084472656,23.81999969482422,23.420000076293945,23.739999771118164,23.51771545410156,145590979
05/06/2025,23.65999984741211,23.68000030517578,23.440000534057617,23.540000915527344,23.319589614868164,39607363
10/06/2025,23.700000762939453,24.26000022888184,23.63999938964844,24.200000762939453,23.97340965270996,156133115
11/06/2025,24.299999237060547,24.36000061035156,24.07999992370605,24.15999984741211,23.93378257751465,132007162
12/06/2025,24.420000076293945,25.059999465942383,24.18000030517578,24.89999961853028,24.666852951049805,384158094
13/06/2025,24.0,24.8799991607666,23.8799991607666,24.799999237060547,24.56778907775879,251915170
16/06/2025,24.959999084472656,26.1200008392334,24.71999931335449,25.89999961853028,25.657489776611328,340107518
17/06/2025,25.799999237060547,26.700000762939453,25.799999237060547,26.600000381469727,26.35093688964844,314994492
18/06/2025,26.6200008392334,27.0,26.36000061035156,26.479999542236328,26.23205947875977,327680157
19/06/2025,26.57999992370605,26.700000762939453,25.299999237060547,25.39999961853028,25.162172317504883,197391079
20/06/2025,25.65999984741211,26.36000061035156,25.18000030517578,26.36000061035156,26.113183975219727,310134810
23/06/2025,26.040000915527344,26.5,25.920000076293945,25.920000076293945,25.677303314208984,122650103
24/06/2025,26.65999984741211,26.65999984741211,26.0,26.0,25.756553649902344,206796293
25/06/2025,26.0,26.31999969482422,25.799999237060547,25.799999237060547,25.558425903320312,127888042
26/06/2025,25.89999961853028,26.1200008392334,25.420000076293945,25.520000457763672,25.281049728393555,116477941
27/06/2025,25.520000457763672,25.979999542236328,25.31999969482422,25.81999969482422,25.57823944091797,146871095
30/06/2025,25.86000061035156,26.799999237060547,25.84000015258789,26.65999984741211,26.41037368774414,230956196
01/07/2025,26.780000686645508,27.18000030517578,26.65999984741211,26.700000762939453,26.450000762939453,260445570
02/07/2025,26.57999992370605,28.100000381469727,26.520000457763672,27.420000076293945,27.420000076293945,408758207
03/07/2025,27.89999961853028,27.959999084472656,27.239999771118164,27.299999237060547,27.299999237060547,170294527
04/07/2025,27.34000015258789,27.71999931335449,27.200000762939453,27.479999542236328,27.479999542236328,162134487
07/07/2025,27.040000915527344,27.280000686645508,26.76000022888184,27.020000457763672,27.020000457763672,130320234
08/07/2025,27.26000022888184,27.26000022888184,26.76000022888184,26.81999969482422,26.81999969482422,156281204
09/07/2025,26.799999237060547,27.21999931335449,26.780000686645508,26.89999961853028,26.89999961853028,153153612
10/07/2025,27.200000762939453,27.600000381469727,27.200000762939453,27.26000022888184,27.26000022888184,221304897
11/07/2025,27.520000457763672,27.63999938964844,27.1200008392334,27.15999984741211,27.15999984741211,160587271
14/07/2025,27.15999984741211,27.239999771118164,26.739999771118164,26.89999961853028,26.89999961853028,73943664
16/07/2025,26.89999961853028,27.280000686645508,26.21999931335449,26.780000686645508,26.780000686645508,149176760
17/07/2025,27.059999465942383,27.15999984741211,26.920000076293945,27.07999992370605,27.07999992370605,118918094
18/07/2025,27.200000762939453,27.239999771118164,26.86000061035156,26.8799991607666,26.8799991607666,118876106
21/07/2025,27.07999992370605,27.36000061035156,27.059999465942383,27.26000022888184,27.26000022888184,121146299
22/07/2025,27.420000076293945,27.459999084472656,26.959999084472656,27.040000915527344,27.040000915527344,132516096
23/07/2025,27.07999992370605,27.420000076293945,27.020000457763672,27.040000915527344,27.040000915527344,134155782
24/07/2025,27.18000030517578,27.39999961853028,27.059999465942383,27.100000381469727,27.100000381469727,116386190
25/07/2025,27.13999938964844,27.21999931335449,26.8799991607666,26.940000534057617,26.940000534057617,63864359
28/07/2025,26.979999542236328,27.020000457763672,26.71999931335449,26.71999931335449,26.71999931335449,47975337
29/07/2025,26.71999931335449,26.799999237060547,26.3799991607666,26.420000076293945,26.420000076293945,63830307
30/07/2025,26.5,26.799999237060547,26.440000534057617,26.6200008392334,26.6200008392334,111325879
31/07/2025,26.700000762939453,26.84000015258789,26.420000076293945,26.71999931335449,26.71999931335449,120676446
01/08/2025,26.799999237060547,27.13999938964844,26.71999931335449,26.940000534057617,26.940000534057617,154595985
04/08/2025,27.040000915527344,27.459999084472656,26.959999084472656,27.239999771118164,27.239999771118164,150253095
05/08/2025,27.31999969482422,27.479999542236328,27.100000381469727,27.1200008392334,27.1200008392334,95981309
06/08/2025,27.239999771118164,27.479999542236328,27.1200008392334,27.479999542236328,27.479999542236328,126233389
07/08/2025,27.34000015258789,27.420000076293945,27.0,27.26000022888184,27.26000022888184,182648447
08/08/2025,27.299999237060547,27.440000534057617,27.15999984741211,27.15999984741211,27.15999984741211,117527082
11/08/2025,27.26000022888184,27.81999969482422,27.26000022888184,27.479999542236328,27.479999542236328,244487435
12/08/2025,27.57999992370605,27.68000030517578,27.39999961853028,27.520000457763672,27.520000457763672,152661574
13/08/2025,27.57999992370605,27.959999084472656,27.36000061035156,27.86000061035156,27.86000061035156,185743824
14/08/2025,27.71999931335449,27.920000076293945,27.420000076293945,27.6200008392334,27.6200008392334,117412491
15/08/2025,27.6200008392334,27.84000015258789,27.540000915527344,27.65999984741211,27.65999984741211,76057998
18/08/2025,27.799999237060547,28.81999969482422,27.68000030517578,28.780000686645508,28.780000686645508,274671161
19/08/2025,28.89999961853028,29.559999465942383,28.39999961853028,29.36000061035156,29.36000061035156,302846354
20/08/2025,29.200000762939453,29.65999984741211,29.200000762939453,29.299999237060547,29.299999237060547,210967112
21/08/2025,29.3799991607666,29.86000061035156,29.3799991607666,29.559999465942383,29.559999465942383,160970081
22/08/2025,29.6200008392334,30.13999938964844,29.13999938964844,29.39999961853028,29.39999961853028,282620614
25/08/2025,29.600000381469727,29.920000076293945,29.39999961853028,29.65999984741211,29.65999984741211,187416068
26/08/2025,29.63999938964844,30.3799991607666,29.420000076293945,29.68000030517578,29.68000030517578,326760874
27/08/2025,29.76000022888184,30.100000381469727,29.57999992370605,29.57999992370605,29.57999992370605,169070592
28/08/2025,29.700000762939453,30.059999465942383,29.65999984741211,29.799999237060547,29.799999237060547,174066726
29/08/2025,29.84000015258789,30.13999938964844,29.6200008392334,29.86000061035156,29.86000061035156,182500594
01/09/2025,29.959999084472656,30.040000915527344,29.36000061035156,29.84000015258789,29.84000015258789,184925526
02/09/2025,29.89999961853028,30.020000457763672,28.21999931335449,28.520000457763672,28.520000457763672,287684079
03/09/2025,28.540000915527344,28.89999961853028,28.15999984741211,28.5,28.5,253696935
04/09/2025,28.540000915527344,28.959999084472656,28.100000381469727,28.18000030517578,28.18000030517578,132684187
05/09/2025,28.34000015258789,28.36000061035156,27.34000015258789,27.34000015258789,27.34000015258789,147734113
08/09/2025,26.739999771118164,27.0,26.26000022888184,26.5,26.5,141520880
09/09/2025,26.63999938964844,26.86000061035156,26.100000381469727,26.26000022888184,26.26000022888184,149781617
10/09/2025,26.459999084472656,26.479999542236328,25.959999084472656,26.020000457763672,26.020000457763672,198038474
11/09/2025,26.059999465942383,26.600000381469727,25.479999542236328,25.700000762939453,25.700000762939453,220351565
12/09/2025,25.76000022888184,25.8799991607666,25.420000076293945,25.700000762939453,25.700000762939453,104849104
15/09/2025,25.68000030517578,27.5,25.440000534057617,27.5,27.5,199743909
16/09/2025,27.5,27.81999969482422,27.3799991607666,27.6200008392334,27.6200008392334,137882769
17/09/2025,27.68000030517578,27.84000015258789,27.440000534057617,27.520000457763672,27.520000457763672,173725300
18/09/2025,27.600000381469727,28.1200008392334,27.13999938964844,27.239999771118164,27.239999771118164,172328398
19/09/2025,27.299999237060547,28.940000534057617,27.280000686645508,28.940000534057617,28.940000534057617,261479680
22/09/2025,29.5,29.8799991607666,29.020000457763672,29.6200008392334,29.6200008392334,201174729
23/09/2025,29.1200008392334,32.29999923706055,29.100000381469727,31.65999984741211,31.65999984741211,516898397
24/09/2025,31.600000381469727,31.739999771118164,30.84000015258789,31.440000534057617,31.440000534057617,352104111
25/09/2025,31.71999931335449,32.70000076293945,31.13999938964844,32.439998626708984,32.439998626708984,248168374
26/09/2025,32.279998779296875,32.279998779296875,30.31999969482422,30.31999969482422,30.31999969482422,330616491
29/09/2025,30.040000915527344,30.299999237060547,29.280000686645508,29.36000061035156,29.36000061035156,313053776
30/09/2025,29.65999984741211,29.700000762939453,29.020000457763672,29.39999961853028,29.39999961853028,236875956
01/10/2025,29.420000076293945,30.100000381469727,29.26000022888184,29.89999961853028,29.89999961853028,276018927
02/10/2025,29.940000534057617,30.100000381469727,29.34000015258789,29.65999984741211,29.65999984741211,192804756
03/10/2025,29.68000030517578,29.76000022888184,29.18000030517578,29.34000015258789,29.34000015258789,103389668
06/10/2025,29.34000015258789,29.65999984741211,28.84000015258789,29.020000457763672,29.020000457763672,192954178
07/10/2025,29.040000915527344,29.280000686645508,28.89999961853028,29.0,29.0,130620733
08/10/2025,28.299999237060547,28.34000015258789,27.63999938964844,27.81999969482422,27.81999969482422,247779576
09/10/2025,28.100000381469727,28.280000686645508,27.700000762939453,28.0,28.0,156040874
10/10/2025,28.059999465942383,28.200000762939453,27.76000022888184,27.86000061035156,27.86000061035156,107859166
13/10/2025,27.5,28.040000915527344,27.299999237060547,27.39999961853028,27.39999961853028,160367970
14/10/2025,27.34000015258789,27.3799991607666,25.959999084472656,25.959999084472656,25.959999084472656,139073977
15/10/2025,26.0,27.799999237060547,25.84000015258789,27.700000762939453,27.700000762939453,284679859
16/10/2025,27.200000762939453,27.84000015258789,27.1200008392334,27.13999938964844,27.13999938964844,197354422
17/10/2025,27.0,27.059999465942383,26.39999961853028,26.39999961853028,26.39999961853028,154992077
20/10/2025,26.5,27.420000076293945,26.5,27.18000030517578,27.18000030517578,171041058
21/10/2025,26.940000534057617,27.63999938964844,26.68000030517578,27.36000061035156,27.36000061035156,229141465
22/10/2025,27.420000076293945,27.799999237060547,26.799999237060547,26.84000015258789,26.84000015258789,167725648
23/10/2025,26.89999961853028,27.18000030517578,26.780000686645508,26.84000015258789,26.84000015258789,157272818
24/10/2025,26.959999084472656,27.89999961853028,26.8799991607666,27.239999771118164,27.239999771118164,318410045
27/10/2025,27.18000030517578,27.84000015258789,27.13999938964844,27.68000030517578,,235290776
28/10/2025,27.700000762939453,27.899999618530277,27.5,27.57999992370605,,71032627
29/10/2025,27.57999992370605,27.57999992370605,27.57999992370605,27.57999992370605,,0
30/10/2025,27.65999984741211,27.76000022888184,27.3799991607666,27.479999542236328,,158017673
31/10/2025,27.459999084472656,27.959999084472656,27.399999618530277,27.479999542236328,,239474383
03/11/2025,27.57999992370605,29.020000457763672,27.57999992370605,28.84000015258789,,274379678
04/11/2025,28.86000061035156,29.479999542236328,28.559999465942383,29.18000030517578,,236155760
05/11/2025,28.07999992370605,28.07999992370605,27.059999465942383,27.059999465942383,,501228727
06/11/2025,27.21999931335449,27.26000022888184,26.520000457763672,26.520000457763672,,312814982
07/11/2025,26.6200008392334,26.780000686645508,26.040000915527344,26.1200008392334,,227331165
10/11/2025,26.299999237060547,26.440000534057617,25.18000030517578,25.239999771118164,,225737239
11/11/2025,25.26000022888184,25.34000015258789,23.979999542236328,24.479999542236328,,256988813
12/11/2025,24.65999984741211,24.799999237060547,24.280000686645508,24.34000015258789,,174599636
13/11/2025,24.520000457763672,24.739999771118164,24.0,24.280000686645508,,156446633
14/11/2025,24.280000686645508,24.399999618530277,23.8799991607666,23.899999618530277,,147781193
17/11/2025,24.020000457763672,24.299999237060547,23.8799991607666,24.0,,184435146
18/11/2025,23.920000076293945,24.18000030517578,23.799999237060547,23.799999237060547,,194563272
19/11/2025,23.940000534057617,24.36000061035156,23.940000534057617,24.18000030517578,,253690506
20/11/2025,24.34000015258789,24.540000915527344,24.18000030517578,24.440000534057617,,173535418
21/11/2025,24.36000061035156,24.36000061035156,23.959999084472656,24.1200008392334,,170259301
24/11/2025,24.040000915527344,24.059999465942383,23.8799991607666,23.940000534057617,,151606992
25/11/2025,24.020000457763672,24.26000022888184,23.81999969482422,23.8799991607666,,272111278
26/11/2025,23.940000534057617,24.100000381469727,23.8799991607666,24.0,,157423979
27/11/2025,24.15999984741211,24.21999931335449,23.8799991607666,23.8799991607666,,198607266
28/11/2025,23.8799991607666,24.059999465942383,23.739999771118164,23.86000061035156,,164537339
01/12/2025,23.86000061035156,24.36000061035156,23.86000061035156,23.979999542236328,,367880505
02/12/2025,24.0,24.07999992370605,23.86000061035156,23.920000076293945,,170709478
03/12/2025,23.979999542236328,24.280000686645508,23.8799991607666,23.899999618530277,,265920019
04/12/2025,23.940000534057617,24.040000915527344,23.780000686645508,23.780000686645508,,103687695
05/12/2025,23.799999237060547,23.8799991607666,23.71999931335449,23.799999237060547,,153971699
08/12/2025,23.899999618530277,24.21999931335449,23.8799991607666,24.15999984741211,,267977087
09/12/2025,24.26000022888184,24.420000076293945,23.899999618530277,24.239999771118164,,218983986
10/12/2025,24.280000686645508,24.459999084472656,23.979999542236328,24.13999938964844,,179907030
11/12/2025,24.200000762939453,24.559999465942383,24.18000030517578,24.3799991607666,,195476902
12/12/2025,24.5,25.040000915527344,24.440000534057617,24.559999465942383,,234071746
15/12/2025,24.600000381469727,25.020000457763672,24.57999992370605,24.86000061035156,,174068418
16/12/2025,24.940000534057617,25.0,24.5,24.5,,174872133
17/12/2025,24.520000457763672,24.84000015258789,24.5,24.700000762939453,,157758933
18/12/2025,24.780000686645508,24.899999618530277,24.559999465942383,24.600000381469727,,105975074
19/12/2025,24.65999984741211,24.65999984741211,24.260000228881836,24.559999465942383,,117114569
22/12/2025,24.639999389648438,24.68000030517578,24.219999313354492,24.34000015258789,78705192
23/12/2025,24.31999969482422,24.360000610351562,24.040000915527344,24.059999465942383,106149012
24/12/2025,24.079999923706055,24.299999237060547,24.0,24.15999984741211,102757774
25/12/2025,24.280000686645508,24.360000610351562,24.040000915527344,24.040000915527344,48630852
26/12/2025,24.100000381469727,24.100000381469727,23.780000686645508,23.84000015258789,121984034
29/12/2025,23.860000610351562,23.920000076293945,23.579999923706055,23.639999389648438,103245348
30/12/2025,23.68000030517578,24.0,23.459999084472656,23.940000534057617,113878069
31/12/2025,23.979999542236328,24.139999389648438,23.760000228881836,23.81999969482422,77805887
02/01/2026,23.8799991607666,24.280000686645508,23.8799991607666,24.219999313354492,110878618
05/01/2026,24.260000228881836,24.68000030517578,24.260000228881836,24.520000457763672,150581436
06/01/2026,24.559999465942383,25.200000762939453,24.559999465942383,25.1200008392334,198827688
07/01/2026,25.15999984741211,25.219999313354492,24.420000076293945,24.440000534057617,218789466
08/01/2026,24.420000076293945,24.8799991607666,24.260000228881836,24.719999313354492,183520666
09/01/2026,24.81999969482422,24.8799991607666,24.459999084472656,24.65999984741211,96529139
12/01/2026,24.739999771118164,25.040000915527344,24.719999313354492,24.8799991607666,151453996
13/01/2026,24.8799991607666,25.34000015258789,24.860000610351562,25.139999389648438,195916120
14/01/2026,25.239999771118164,25.8799991607666,25.18000030517578,25.559999465942383,240477285
15/01/2026,25.479999542236328,25.739999771118164,25.200000762939453,25.479999542236328,210813757
16/01/2026,25.600000381469727,26.18000030517578,25.5,26.059999465942383,222811342
19/01/2026,26.200000762939453,26.739999771118164,26.15999984741211,26.579999923706055,189646972
20/01/2026,26.579999923706055,26.760000228881836,25.600000381469727,25.68000030517578,221941594
21/01/2026,25.719999313354492,26.079999923706055,25.65999984741211,25.920000076293945,149684757
22/01/2026,26.139999389648438,26.81999969482422,25.959999084472656,26.760000228881836,209664977
23/01/2026,26.799999237060547,27.200000762939453,26.739999771118164,27.059999465942383,181200435
26/01/2026,26.8799991607666,27.68000030517578,26.739999771118164,27.600000381469727,178992473
27/01/2026,27.700000762939453,27.81999969482422,27.15999984741211,27.440000534057617,122597957
28/01/2026,27.420000076293945,28.059999465942383,27.420000076293945,27.899999618530273,132392155
29/01/2026,28.200000762939453,28.719999313354492,28.059999465942383,28.479999542236328,209410501
30/01/2026,28.479999542236328,28.559999465942383,27.68000030517578,28.18000030517578,169332607
02/02/2026,27.34000015258789,27.760000228881836,26.84000015258789,27.540000915527344,284227561
03/02/2026,27.719999313354492,29.0,27.639999389648438,28.760000228881836,250373272
04/02/2026,28.959999084472656,29.15999984741211,28.739999771118164,28.81999969482422,133079689
05/02/2026,28.760000228881836,29.219999313354492,28.399999618530273,28.700000762939453,155639092
06/02/2026,28.639999389648438,29.280000686645508,28.399999618530273,29.020000457763672,161120858
09/02/2026,29.420000076293945,30.040000915527344,29.219999313354492,30.0,251919500
10/02/2026,29.979999542236328,30.219999313354492,29.0,29.200000762939453,196848486
11/02/2026,28.920000076293945,29.520000457763672,28.860000610351562,29.239999771118164,152772632
12/02/2026,29.399999618530273,30.020000457763672,29.360000610351562,29.899999618530273,173453189
13/02/2026,30.020000457763672,30.420000076293945,29.5,29.579999923706055,185709859
16/02/2026,29.8799991607666,30.440000534057617,29.8799991607666,30.100000381469727,207574268
17/02/2026,30.040000915527344,30.059999465942383,29.100000381469727,29.100000381469727,263114789
18/02/2026,29.459999084472656,30.860000610351562,29.15999984741211,29.639999389648438,495856161
19/02/2026,29.8799991607666,30.040000915527344,29.1200008392334,29.420000076293945,217677735
20/02/2026,29.420000076293945,30.059999465942383,29.399999618530273,30.059999465942383,169052117
23/02/2026,30.600000381469727,31.940000534057617,30.1200008392334,31.479999542236328,349198772
24/02/2026,31.299999237060547,32.060001373291016,31.200000762939453,31.979999542236328,190181712
25/02/2026,32.040000915527344,32.040000915527344,30.860000610351562,31.3799991607666,199106624
26/02/2026,31.219999313354492,32.18000030517578,31.219999313354492,31.899999618530273,214828751
27/02/2026,32.040000915527344,32.720001220703125,31.81999969482422,32.65999984741211,252100732
02/03/2026,31.020000457763672,32.279998779296875,31.020000457763672,31.5,185985341
03/03/2026,31.239999771118164,31.579999923706055,29.139999389648438,29.139999389648438,187133383
04/03/2026,29.200000762939453,29.459999084472656,28.479999542236328,28.860000610351562,144122173
05/03/2026,29.040000915527344,29.440000534057617,28.799999237060547,28.8799991607666,108937521
06/03/2026,28.739999771118164,29.059999465942383,27.979999542236328,28.200000762939453,109263025
09/03/2026,27.899999618530273,28.459999084472656,27.280000686645508,28.31999969482422,151155752
10/03/2026,28.920000076293945,29.6200008392334,28.81999969482422,29.31999969482422,131984853
11/03/2026,29.31999969482422,29.440000534057617,28.5,28.959999084472656,81216012
12/03/2026,28.799999237060547,29.299999237060547,28.540000915527344,28.65999984741211,95133133
13/03/2026,28.5,28.6200008392334,27.84000015258789,28.399999618530273,66533841
16/03/2026,28.68000030517578,28.700000762939453,27.979999542236328,28.15999984741211,52233245
17/03/2026,28.299999237060547,28.84000015258789,28.15999984741211,28.700000762939453,120584302
18/03/2026,28.899999618530273,29.420000076293945,28.139999389648438,28.280000686645508,104510534
19/03/2026,28.0,28.219999313354492,27.899999618530273,27.899999618530273,29771814
23/03/2026,27.31999969482422,28.65999984741211,27.059999465942383,28.65999984741211,126258975
24/03/2026,28.5,28.600000381469727,27.6200008392334,27.780000686645508,75143534
25/03/2026,28.100000381469727,28.239999771118164,27.420000076293945,27.920000076293945,107733120
26/03/2026,27.799999237060547,28.1200008392334,26.899999618530273,26.899999618530273,94609432
27/03/2026,27.040000915527344,27.940000534057617,26.780000686645508,27.899999618530273,105281080
30/03/2026,27.899999618530273,28.219999313354492,27.3799991607666,27.579999923706055,118012674
31/03/2026,27.65999984741211,28.520000457763672,27.639999389648438,28.219999313354492,136529182
01/04/2026,28.739999771118164,29.059999465942383,28.440000534057617,28.780000686645508,109457408
02/04/2026,28.100000381469727,28.520000457763672,27.940000534057617,28.200000762939453,141971705
03/04/2026,28.280000686645508,29.860000610351562,28.020000457763672,29.200000762939453,202951613
06/04/2026,29.31999969482422,30.34000015258789,29.239999771118164,30.059999465942383,201392393
07/04/2026,30.0,30.200000762939453,28.84000015258789,28.84000015258789,159194464
08/04/2026,29.920000076293945,30.18000030517578,29.579999923706055,29.579999923706055,241675687
09/04/2026,29.68000030517578,30.719999313354492,29.68000030517578,30.100000381469727,438646544
10/04/2026,30.280000686645508,31.31999969482422,30.15999984741211,31.299999237060547,298404378
13/04/2026,30.700000762939453,32.220001220703125,30.700000762939453,32.0,249550166
14/04/2026,32.20000076293945,32.439998626708984,31.200000762939453,31.459999084472656,230803021
15/04/2026,31.719999313354492,31.799999237060547,31.200000762939453,31.639999389648438,122720480
16/04/2026,31.84000015258789,32.13999938964844,30.84000015258789,30.899999618530273,124045465
17/04/2026,30.959999084472656,32.41999816894531,30.920000076293945,32.040000915527344,214957950
20/04/2026,,,,,235690620
