Tarih,Açılış,Yüksek,Düşük,Kapanış,Düzeltilmiş_Kapanış,Hacim
2015-10-29,12.850000381469727,12.850000381469727,12.850000381469727,12.850000381469727,9.870757102966309,0
2015-10-30,12.850000381469727,13.199999809265137,12.800000190734863,13.199999809265137,10.139610290527344,4286879
2015-11-02,13.699999809265137,13.800000190734863,13.600000381469727,13.699999809265137,10.523686408996582,4385224
2015-11-03,13.600000381469727,13.800000190734863,13.600000381469727,13.649999618530273,10.485278129577637,3751255
2015-11-04,13.600000381469727,13.800000190734863,13.5,13.699999809265137,10.523686408996582,5301162
2015-11-05,13.649999618530273,13.699999809265137,13.600000381469727,13.600000381469727,10.446871757507324,3697160
2015-11-06,13.550000190734863,13.600000381469727,13.350000381469727,13.399999618530273,10.29323959350586,2657845
2015-11-09,13.199999809265137,13.350000381469727,13.149999618530273,13.199999809265137,10.139610290527344,3683477
2015-11-10,13.0,13.100000381469727,12.949999809265137,12.949999809265137,9.9475736618042,3871525
2015-11-11,13.100000381469727,13.149999618530273,12.949999809265137,13.0,9.985980033874512,4325024
2015-11-12,13.0,13.0,12.899999618530273,13.0,9.985980033874512,2678477
2015-11-13,12.949999809265137,13.050000190734863,12.899999618530273,12.949999809265137,9.9475736618042,3562171
2015-11-16,12.899999618530273,12.949999809265137,12.850000381469727,12.949999809265137,9.9475736618042,2875678
2015-11-17,13.0,13.050000190734863,12.850000381469727,12.850000381469727,9.870757102966309,5341416
2015-11-18,12.949999809265137,12.949999809265137,12.800000190734863,12.850000381469727,9.870757102966309,5350020
2015-11-19,12.800000190734863,12.899999618530273,12.800000190734863,12.850000381469727,9.870757102966309,4560217
2015-11-20,12.850000381469727,12.899999618530273,12.699999809265137,12.699999809265137,9.755534172058105,4443180
2015-11-23,12.800000190734863,12.800000190734863,12.75,12.75,9.793943405151367,3087445
2015-11-24,12.350000381469727,12.5,12.050000190734863,12.25,9.409865379333496,6859538
2015-11-25,11.899999618530273,12.199999809265137,11.850000381469727,11.949999809265137,9.17941951751709,10301114
2015-11-26,11.899999618530273,12.0,11.75,11.75,9.02579116821289,3058967
2015-11-27,11.949999809265137,12.050000190734863,11.850000381469727,12.0,9.217827796936035,5546824
2015-11-30,12.0,12.140000343322754,11.800000190734863,11.989999771118164,9.210145950317383,4934892
2015-12-01,12.029999732971191,12.229999542236328,11.949999809265137,12.029999732971191,9.240873336791992,8104579
2015-12-02,12.199999809265137,12.3100004196167,11.979999542236328,12.039999961853027,9.248553276062012,9353088
2015-12-03,12.069999694824219,12.279999732971191,11.979999542236328,12.039999961853027,9.248553276062012,4742244
2015-12-04,12.069999694824219,12.079999923706055,11.65999984741211,11.8100004196167,9.071880340576172,5852916
2015-12-07,11.859999656677246,11.930000305175781,11.710000038146973,11.859999656677246,9.1102876663208,3446720
2015-12-08,11.779999732971191,11.890000343322754,11.539999961853027,11.569999694824219,8.88752269744873,3477257
2015-12-09,11.600000381469727,11.880000114440918,11.520000457763672,11.789999961853027,9.05651569366455,3982278
2015-12-10,11.789999961853027,12.020000457763672,11.359999656677246,11.489999771118164,8.826069831848145,6556713
2015-12-11,11.489999771118164,11.489999771118164,11.119999885559082,11.149999618530273,8.564897537231445,4896151
2015-12-14,11.239999771118164,11.550000190734863,11.029999732971191,11.069999694824219,8.503446578979492,3398188
2015-12-15,11.170000076293945,11.470000267028809,11.119999885559082,11.369999885559082,8.733891487121582,5939824
2015-12-16,11.34000015258789,11.34000015258789,11.1899995803833,11.260000228881836,8.649395942687988,5809329
2015-12-17,11.329999923706055,11.75,11.329999923706055,11.609999656677246,8.918249130249023,6365149
2015-12-18,11.550000190734863,11.670000076293945,11.369999885559082,11.399999618530273,8.756936073303223,3304030
2015-12-21,11.470000267028809,11.640000343322754,11.449999809265137,11.550000190734863,8.872159957885742,2555066
2015-12-22,11.550000190734863,11.600000381469727,11.229999542236328,11.399999618530273,8.756936073303223,3124969
2015-12-23,11.4399995803833,11.680000305175781,11.4399995803833,11.520000457763672,8.849115371704102,3912570
2015-12-24,11.5600004196167,11.609999656677246,11.420000076293945,11.520000457763672,8.849115371704102,1772205
2015-12-25,11.529999732971191,11.579999923706055,11.430000305175781,11.539999961853027,8.864477157592773,682287
2015-12-28,11.539999961853027,11.630000114440918,11.460000038146973,11.489999771118164,8.826069831848145,1628670
2015-12-29,11.510000228881836,11.510000228881836,11.3100004196167,11.40999984741211,8.764616966247559,1688355
2015-12-30,11.399999618530273,11.40999984741211,11.25,11.319999694824219,8.69548511505127,991438
2015-12-31,11.3100004196167,11.359999656677246,10.800000190734863,10.930000305175781,8.395907402038574,2916797
2016-01-01,10.930000305175781,10.930000305175781,10.930000305175781,10.930000305175781,8.395907402038574,0
2016-01-04,10.729999542236328,10.899999618530273,10.529999732971191,10.710000038146973,8.226911544799805,2800808
2016-01-05,10.789999961853027,11.09000015258789,10.630000114440918,11.069999694824219,8.503446578979492,4116327
2016-01-06,10.979999542236328,11.210000038146973,10.880000114440918,11.050000190734863,8.48808479309082,5934962
2016-01-07,10.800000190734863,11.199999809265137,10.800000190734863,11.119999885559082,8.541854858398438,4466779
2016-01-08,11.170000076293945,11.279999732971191,10.829999923706055,10.880000114440918,8.357498168945312,3306389
2016-01-11,10.84000015258789,11.199999809265137,10.770000457763672,10.989999771118164,8.441993713378906,3925465
2016-01-12,11.039999961853027,11.4399995803833,10.930000305175781,11.329999923706055,8.703166961669922,5359873
2016-01-13,11.399999618530273,11.5600004196167,11.270000457763672,11.399999618530273,8.756936073303223,4846386
2016-01-14,11.289999961853027,11.470000267028809,11.170000076293945,11.359999656677246,8.726210594177246,3465793
2016-01-15,11.319999694824219,11.350000381469727,11.09000015258789,11.25,8.641715049743652,3631947
2016-01-18,11.350000381469727,11.4399995803833,11.220000267028809,11.329999923706055,8.703166961669922,2384963
2016-01-19,11.40999984741211,11.489999771118164,11.319999694824219,11.380000114440918,8.741573333740234,3289302
2016-01-20,11.270000457763672,11.430000305175781,11.260000228881836,11.260000228881836,8.649395942687988,3468574
2016-01-21,11.289999961853027,11.289999961853027,10.680000305175781,10.970000267028809,8.426630973815918,7584250
2016-01-22,10.970000267028809,10.970000267028809,10.970000267028809,10.970000267028809,8.426630973815918,0
2016-01-25,11.300000190734863,11.399999618530273,11.15999984741211,11.239999771118164,8.634031295776367,4664698
2016-01-26,11.140000343322754,11.4399995803833,11.119999885559082,11.390000343322754,8.749253273010254,4526990
2016-01-27,11.40999984741211,11.5,11.329999923706055,11.5,8.83375072479248,3891887
2016-01-28,11.520000457763672,11.670000076293945,11.470000267028809,11.550000190734863,8.872159957885742,6500452
2016-01-29,11.649999618530273,11.9399995803833,11.609999656677246,11.819999694824219,9.079560279846191,12238621
2016-02-01,11.770000457763672,11.930000305175781,11.569999694824219,11.930000305175781,9.164058685302734,5056266
2016-02-02,11.90999984741211,12.010000228881836,11.710000038146973,11.720000267028809,9.002744674682617,4241923
2016-02-03,11.640000343322754,11.970000267028809,11.619999885559082,11.859999656677246,9.1102876663208,5323587
2016-02-04,12.010000228881836,12.050000190734863,11.869999885559082,12.0,9.217827796936035,11395184
2016-02-05,12.050000190734863,12.079999923706055,11.930000305175781,11.979999542236328,9.202465057373047,4139187
2016-02-08,12.020000457763672,12.050000190734863,11.670000076293945,11.670000076293945,8.964337348937988,2954986
2016-02-09,11.59000015258789,11.649999618530273,11.279999732971191,11.550000190734863,8.872159957885742,3978096
2016-02-10,11.529999732971191,11.6899995803833,11.34000015258789,11.5600004196167,8.879840850830078,2736903
2016-02-11,11.430000305175781,11.649999618530273,11.239999771118164,11.579999923706055,8.895204544067383,3311926
2016-02-12,11.640000343322754,11.75,11.430000305175781,11.510000228881836,8.841432571411133,3787265
2016-02-15,11.6899995803833,11.75,11.279999732971191,11.670000076293945,8.964337348937988,3971482
2016-02-16,11.819999694824219,11.880000114440918,11.579999923706055,11.59000015258789,8.902885437011719,3311419
2016-02-17,11.640000343322754,11.859999656677246,11.550000190734863,11.850000381469727,9.102605819702148,3554821
2016-02-18,11.859999656677246,12.010000228881836,11.75,12.010000228881836,9.225510597229004,5672784
2016-02-19,12.0,12.020000457763672,11.75,11.869999885559082,9.117968559265137,2435498
2016-02-22,12.0,12.300000190734863,11.949999809265137,12.300000190734863,9.448273658752441,2943652
2016-02-23,12.25,12.5,12.210000038146973,12.390000343322754,9.517407417297363,3272217
2016-02-24,12.479999542236328,12.479999542236328,12.119999885559082,12.199999809265137,9.371459007263184,3686094
2016-02-25,12.300000190734863,12.970000267028809,12.289999961853027,12.8100004196167,9.840031623840332,6859767
2016-02-26,12.960000038146973,12.989999771118164,12.619999885559082,12.630000114440918,9.701765060424805,4390880
2016-02-29,12.670000076293945,13.029999732971191,12.609999656677246,12.9399995803833,9.939891815185547,5450261
2016-03-01,12.880000114440918,12.949999809265137,12.699999809265137,12.800000190734863,9.83234977722168,3986584
2016-03-02,12.899999618530273,13.050000190734863,12.850000381469727,12.989999771118164,9.978300094604492,5614903
2016-03-03,13.039999961853027,13.369999885559082,13.020000457763672,13.109999656677246,10.070476531982422,6137365
2016-03-04,13.109999656677246,13.229999542236328,12.899999618530273,13.100000381469727,10.06279468536377,4415287
2016-03-07,13.15999984741211,13.25,12.949999809265137,13.0600004196167,10.03207015991211,4829893
2016-03-08,13.0,13.229999542236328,12.979999542236328,13.170000076293945,10.116565704345703,3298572
2016-03-09,13.119999885559082,13.470000267028809,13.079999923706055,13.449999809265137,10.331648826599121,4538155
2016-03-10,13.4399995803833,13.699999809265137,13.430000305175781,13.609999656677246,10.454553604125977,6067621
2016-03-11,13.649999618530273,13.670000076293945,13.369999885559082,13.479999542236328,10.354692459106445,3001423
2016-03-14,13.520000457763672,13.770000457763672,13.460000038146973,13.770000457763672,10.577459335327148,3462233
2016-03-15,13.75,13.770000457763672,13.569999694824219,13.59000015258789,10.439191818237305,4496711
2016-03-16,13.640000343322754,13.699999809265137,13.390000343322754,13.619999885559082,10.462234497070312,4033970
2016-03-17,13.75,14.079999923706055,13.699999809265137,14.050000190734863,10.792540550231934,4841106
2016-03-18,14.050000190734863,14.600000381469727,13.930000305175781,14.520000457763672,11.153572082519531,6211947
2016-03-21,14.569999694824219,14.6899995803833,14.34000015258789,14.579999923706055,11.199660301208496,5856140
2016-03-22,14.550000190734863,14.550000190734863,14.25,14.359999656677246,11.03066635131836,5544978
2016-03-23,14.300000190734863,14.470000267028809,13.800000190734863,13.979999542236328,10.738770484924316,7583396
2016-03-24,14.100000381469727,14.319999694824219,13.859999656677246,14.270000457763672,10.961533546447754,6079911
2016-03-25,14.239999771118164,14.300000190734863,14.15999984741211,14.260000228881836,10.953853607177734,615878
2016-03-28,14.239999771118164,14.420000076293945,14.170000076293945,14.34000015258789,11.015304565429688,829769
2016-03-29,14.399999618530273,14.5,14.279999732971191,14.359999656677246,11.03066635131836,2952460
2016-03-30,14.460000038146973,14.579999923706055,14.40999984741211,14.539999961853027,11.16893482208252,4216106
2016-03-31,14.5,14.539999961853027,14.220000267028809,14.3100004196167,10.992260932922363,4754114
2016-04-01,14.229999542236328,14.350000381469727,14.079999923706055,14.220000267028809,10.923127174377441,3082850
2016-04-04,14.229999542236328,14.59000015258789,14.220000267028809,14.579999923706055,11.199660301208496,2577251
2016-04-05,14.5,14.520000457763672,14.359999656677246,14.40999984741211,11.069074630737305,2195970
2016-04-06,14.449999809265137,14.5,14.149999618530273,14.239999771118164,10.938488006591797,3166498
2016-04-07,14.350000381469727,14.380000114440918,14.100000381469727,14.149999618530273,10.869356155395508,4738355
2016-04-08,14.149999618530273,14.149999618530273,14.149999618530273,14.149999618530273,10.869356155395508,0
2016-04-11,14.149999618530273,14.149999618530273,14.149999618530273,14.149999618530273,10.869356155395508,0
2016-04-12,14.149999618530273,14.149999618530273,14.149999618530273,14.149999618530273,11.09758186340332,0
2016-04-13,14.149999618530273,14.149999618530273,14.149999618530273,14.149999618530273,11.09758186340332,0
2016-04-14,14.149999618530273,14.149999618530273,14.149999618530273,14.149999618530273,11.09758186340332,0
2016-04-15,14.149999618530273,14.149999618530273,14.149999618530273,14.149999618530273,11.09758186340332,0
2016-04-18,14.149999618530273,14.149999618530273,14.149999618530273,14.149999618530273,11.09758186340332,0
2016-04-19,14.149999618530273,14.149999618530273,14.149999618530273,14.149999618530273,11.09758186340332,0
2016-04-20,14.149999618530273,14.149999618530273,14.149999618530273,14.149999618530273,11.09758186340332,0
2016-04-21,14.149999618530273,14.149999618530273,14.149999618530273,14.149999618530273,11.09758186340332,0
2016-04-22,14.149999618530273,14.149999618530273,14.149999618530273,14.149999618530273,11.09758186340332,0
2016-04-25,14.149999618530273,14.149999618530273,14.149999618530273,14.149999618530273,11.09758186340332,0
2016-04-26,14.869999885559082,15.09000015258789,14.869999885559082,14.989999771118164,11.756378173828125,3683532
2016-04-27,14.970000267028809,15.079999923706055,14.739999771118164,14.779999732971191,11.591679573059082,3976261
2016-04-28,14.779999732971191,14.84000015258789,14.5600004196167,14.609999656677246,11.458351135253906,4039977
2016-04-29,14.59000015258789,14.75,14.529999732971191,14.630000114440918,11.474037170410156,4531388
2016-05-02,14.649999618530273,14.670000076293945,14.489999771118164,14.489999771118164,11.364236831665039,1693538
2016-05-03,14.529999732971191,14.5600004196167,13.949999809265137,14.0,10.979941368103027,5024616
2016-05-04,14.010000228881836,14.010000228881836,13.460000038146973,13.59000015258789,10.658385276794434,6797637
2016-05-05,13.329999923706055,13.649999618530273,13.1899995803833,13.369999885559082,10.485841751098633,9447255
2016-05-06,13.359999656677246,13.359999656677246,12.869999885559082,13.109999656677246,10.281929969787598,5278886
2016-05-09,13.270000457763672,13.350000381469727,13.100000381469727,13.130000114440918,10.297615051269531,4169297
2016-05-10,13.130000114440918,13.260000228881836,13.029999732971191,13.170000076293945,10.328985214233398,2664444
2016-05-11,13.15999984741211,13.220000267028809,12.789999961853027,13.1899995803833,10.344672203063965,5537746
2016-05-12,13.180000305175781,13.350000381469727,12.979999542236328,13.020000457763672,10.211343765258789,3642717
2016-05-13,12.949999809265137,13.100000381469727,12.699999809265137,12.789999961853027,10.030959129333496,2464700
2016-05-16,12.859999656677246,12.880000114440918,12.5600004196167,12.699999809265137,9.960373878479004,2919250
2016-05-17,12.819999694824219,12.899999618530273,12.640000343322754,12.75,9.999588012695312,7304344
2016-05-18,12.699999809265137,12.789999961853027,12.579999923706055,12.75,9.999588012695312,3646670
2016-05-19,12.75,12.75,12.75,12.75,9.999588012695312,0
2016-05-20,12.699999809265137,12.789999961853027,12.4399995803833,12.609999656677246,9.889787673950195,5493633
2016-05-23,12.600000381469727,12.630000114440918,12.489999771118164,12.5600004196167,9.850574493408203,2188652
2016-05-24,12.550000190734863,13.449999809265137,12.520000457763672,13.399999618530273,10.509370803833008,8385985
2016-05-25,13.420000076293945,13.65999984741211,13.34000015258789,13.420000076293945,10.525056838989258,6400567
2016-05-26,13.399999618530273,13.4399995803833,13.1899995803833,13.34000015258789,10.462312698364258,3606086
2016-05-27,13.300000190734863,13.369999885559082,13.109999656677246,13.34000015258789,10.462312698364258,4005705
2016-05-30,13.390000343322754,13.479999542236328,13.229999542236328,13.430000305175781,10.532899856567383,3021613
2016-05-31,13.479999542236328,13.59000015258789,12.989999771118164,13.109999656677246,10.281929969787598,6732972
2016-06-01,13.140000343322754,13.1899995803833,12.869999885559082,12.970000267028809,10.17212963104248,3529984
2016-06-02,13.0,13.069999694824219,12.710000038146973,12.710000038146973,9.968216896057129,4131605
2016-06-03,12.75,13.210000038146973,12.720000267028809,13.199999809265137,10.352514266967773,8935085
2016-06-06,13.289999961853027,13.390000343322754,13.170000076293945,13.199999809265137,10.352514266967773,2039463
2016-06-07,13.289999961853027,13.609999656677246,13.239999771118164,13.270000457763672,10.407415390014648,4863732
2016-06-08,13.3100004196167,13.449999809265137,13.220000267028809,13.34000015258789,10.462312698364258,3725796
2016-06-09,13.34000015258789,13.40999984741211,12.90999984741211,12.920000076293945,10.132914543151855,3563066
2016-06-10,12.920000076293945,13.069999694824219,12.760000228881836,12.829999923706055,10.06233024597168,2202627
2016-06-13,12.729999542236328,13.100000381469727,12.670000076293945,13.100000381469727,10.274085998535156,2748771
2016-06-14,13.0,13.09000015258789,12.680000305175781,12.680000305175781,9.944689750671387,5049437
2016-06-15,12.760000228881836,12.890000343322754,12.720000267028809,12.819999694824219,10.054487228393555,2907112
2016-06-16,12.699999809265137,12.890000343322754,12.539999961853027,12.539999961853027,9.83488941192627,2572677
2016-06-17,12.640000343322754,13.029999732971191,12.609999656677246,13.0,10.195657730102539,5005745
2016-06-20,13.140000343322754,13.479999542236328,13.140000343322754,13.399999618530273,10.509370803833008,4349372
2016-06-21,13.399999618530273,13.460000038146973,13.210000038146973,13.329999923706055,10.454471588134766,2526606
2016-06-22,13.319999694824219,13.420000076293945,13.119999885559082,13.199999809265137,10.352514266967773,2380784
2016-06-23,13.25,13.350000381469727,13.109999656677246,13.229999542236328,10.376042366027832,2196375
2016-06-24,12.510000228881836,12.880000114440918,12.399999618530273,12.529999732971191,9.827045440673828,5818831
2016-06-27,12.529999732971191,12.65999984741211,12.470000267028809,12.600000381469727,9.881946563720703,4098328
2016-06-28,12.699999809265137,13.15999984741211,12.699999809265137,13.140000343322754,10.30545711517334,4366828
2016-06-29,13.09000015258789,13.300000190734863,13.0,13.130000114440918,10.297615051269531,2763592
2016-06-30,13.199999809265137,13.300000190734863,12.989999771118164,13.119999885559082,10.289772033691406,3242134
2016-07-01,13.119999885559082,13.300000190734863,13.119999885559082,13.300000190734863,10.43094253540039,2558219
2016-07-04,13.34000015258789,13.5,13.109999656677246,13.270000457763672,10.407415390014648,347043
2016-07-05,13.270000457763672,13.270000457763672,13.270000457763672,13.270000457763672,10.407415390014648,0
2016-07-06,13.270000457763672,13.270000457763672,13.270000457763672,13.270000457763672,10.407415390014648,0
2016-07-07,13.270000457763672,13.270000457763672,13.270000457763672,13.270000457763672,10.407415390014648,0
2016-07-08,13.210000038146973,13.579999923706055,13.140000343322754,13.550000190734863,10.62701416015625,3297397
2016-07-11,13.600000381469727,13.75,13.399999618530273,13.699999809265137,10.744656562805176,3412749
2016-07-12,13.75,13.890000343322754,13.720000267028809,13.890000343322754,10.893668174743652,2731554
2016-07-13,13.819999694824219,13.880000114440918,13.699999809265137,13.850000381469727,10.862298011779785,3419980
2016-07-14,13.90999984741211,14.140000343322754,13.869999885559082,14.140000343322754,11.089738845825195,4232241
2016-07-15,14.0600004196167,14.15999984741211,13.960000038146973,14.15999984741211,11.105424880981445,3447845
2016-07-18,13.899999618530273,14.100000381469727,13.079999923706055,13.3100004196167,10.438785552978516,6482377
2016-07-19,13.25,13.789999961853027,13.220000267028809,13.300000190734863,10.43094253540039,5444392
2016-07-20,13.329999923706055,13.390000343322754,12.859999656677246,12.970000267028809,10.17212963104248,4718151
2016-07-21,12.949999809265137,13.010000228881836,12.069999694824219,12.09000015258789,9.481961250305176,9437839
2016-07-22,12.279999732971191,12.289999961853027,11.479999542236328,11.829999923706055,9.278048515319824,13442236
2016-07-25,11.949999809265137,12.199999809265137,11.90999984741211,12.180000305175781,9.552547454833984,9486397
2016-07-26,12.260000228881836,12.300000190734863,12.069999694824219,12.25,9.607446670532227,5430206
2016-07-27,12.260000228881836,12.550000190734863,12.260000228881836,12.529999732971191,9.827045440673828,3890140
2016-07-28,12.579999923706055,12.890000343322754,12.510000228881836,12.5600004196167,9.850574493408203,3819660
2016-07-29,12.520000457763672,12.800000190734863,12.479999542236328,12.800000190734863,10.038801193237305,4600790
2016-08-01,12.869999885559082,13.170000076293945,12.869999885559082,13.100000381469727,10.274085998535156,4598198
2016-08-02,13.079999923706055,13.15999984741211,12.789999961853027,12.8100004196167,10.046645164489746,3326353
2016-08-03,12.75,12.8100004196167,12.550000190734863,12.569999694824219,9.858416557312012,3438998
2016-08-04,12.600000381469727,13.020000457763672,12.460000038146973,13.020000457763672,10.211343765258789,2708749
2016-08-05,13.020000457763672,13.100000381469727,12.75,12.859999656677246,10.085857391357422,2826331
2016-08-08,13.149999618530273,13.149999618530273,12.960000038146973,13.130000114440918,10.297615051269531,2685186
2016-08-09,13.149999618530273,13.34000015258789,13.039999961853027,13.199999809265137,10.352514266967773,4900041
2016-08-10,13.199999809265137,13.390000343322754,13.109999656677246,13.390000343322754,10.501527786254883,3163369
2016-08-11,13.5,13.649999618530273,13.350000381469727,13.619999885559082,10.681912422180176,3396759
2016-08-12,13.890000343322754,13.890000343322754,13.350000381469727,13.380000114440918,10.493684768676758,3863625
2016-08-15,13.550000190734863,13.640000343322754,13.300000190734863,13.40999984741211,10.51721477508545,1626676
2016-08-16,13.460000038146973,13.550000190734863,13.319999694824219,13.390000343322754,10.501527786254883,2272331
2016-08-17,13.399999618530273,13.640000343322754,13.399999618530273,13.579999923706055,10.650541305541992,2428448
2016-08-18,13.670000076293945,13.770000457763672,13.550000190734863,13.609999656677246,10.67406940460205,2579551
2016-08-19,13.579999923706055,13.640000343322754,13.380000114440918,13.579999923706055,10.650541305541992,2316502
2016-08-22,13.6899995803833,13.6899995803833,13.399999618530273,13.5,10.587799072265625,2345144
2016-08-23,13.59000015258789,13.640000343322754,13.399999618530273,13.460000038146973,10.556427955627441,2166376
2016-08-24,13.279999732971191,13.279999732971191,13.020000457763672,13.149999618530273,10.313300132751465,3672855
2016-08-25,13.300000190734863,13.300000190734863,13.130000114440918,13.25,10.391728401184082,2336018
2016-08-26,13.239999771118164,13.289999961853027,13.0,13.149999618530273,10.313300132751465,2600726
2016-08-29,13.130000114440918,13.130000114440918,12.869999885559082,12.979999542236328,10.179971694946289,2150042
2016-08-30,12.979999542236328,12.979999542236328,12.979999542236328,12.979999542236328,10.179971694946289,0
2016-08-31,12.90999984741211,13.029999732971191,12.8100004196167,12.84000015258789,10.070172309875488,3817243
2016-09-01,12.859999656677246,12.899999618530273,12.569999694824219,12.640000343322754,9.91331672668457,5005502
2016-09-02,12.699999809265137,12.869999885559082,12.640000343322754,12.850000381469727,10.078015327453613,3218859
2016-09-05,12.949999809265137,12.979999542236328,12.859999656677246,12.930000305175781,10.140758514404297,3398272
2016-09-06,12.949999809265137,13.0,12.890000343322754,12.949999809265137,10.15644359588623,3041171
2016-09-07,13.0,13.0,12.720000267028809,12.859999656677246,10.085857391357422,4186676
2016-09-08,12.859999656677246,12.930000305175781,12.779999732971191,12.899999618530273,10.117229461669922,2244720
2016-09-09,12.859999656677246,13.0,12.829999923706055,12.850000381469727,10.078015327453613,2627263
2016-09-12,12.850000381469727,12.850000381469727,12.850000381469727,12.850000381469727,10.078015327453613,0
2016-09-13,12.850000381469727,12.850000381469727,12.850000381469727,12.850000381469727,10.078015327453613,0
2016-09-14,12.850000381469727,12.850000381469727,12.850000381469727,12.850000381469727,10.078015327453613,0
2016-09-15,12.850000381469727,12.850000381469727,12.850000381469727,12.850000381469727,10.078015327453613,0
2016-09-16,12.880000114440918,12.890000343322754,12.65999984741211,12.75,9.999588012695312,4640485
2016-09-19,12.800000190734863,13.079999923706055,12.729999542236328,13.029999732971191,10.219186782836914,4131675
2016-09-20,13.079999923706055,13.079999923706055,12.819999694824219,12.859999656677246,10.085857391357422,2635660
2016-09-21,12.859999656677246,13.010000228881836,12.8100004196167,13.010000228881836,10.203500747680664,3733449
2016-09-22,13.119999885559082,13.619999885559082,13.100000381469727,13.529999732971191,10.611327171325684,5853427
2016-09-23,13.449999809265137,13.680000305175781,13.449999809265137,13.649999618530273,10.705440521240234,4918010
2016-09-26,13.050000190734863,13.229999542236328,12.979999542236328,13.140000343322754,10.30545711517334,4117485
2016-09-27,13.0600004196167,13.210000038146973,12.989999771118164,13.050000190734863,10.234871864318848,2409719
2016-09-28,13.050000190734863,13.119999885559082,12.989999771118164,13.100000381469727,10.274085998535156,3347061
2016-09-29,13.100000381469727,13.130000114440918,12.930000305175781,13.029999732971191,10.219186782836914,2980573
2016-09-30,12.979999542236328,12.989999771118164,12.859999656677246,12.890000343322754,10.109387397766113,3242860
2016-10-03,12.930000305175781,13.039999961853027,12.859999656677246,12.880000114440918,10.101545333862305,2055209
2016-10-04,12.880000114440918,12.930000305175781,12.770000457763672,12.890000343322754,10.109387397766113,2583471
2016-10-05,12.829999923706055,13.0,12.75,12.970000267028809,10.17212963104248,2806501
2016-10-06,13.0,13.300000190734863,13.0,13.289999961853027,10.42309856414795,6372912
2016-10-07,13.319999694824219,13.40999984741211,13.15999984741211,13.270000457763672,10.407415390014648,2551342
2016-10-10,13.329999923706055,13.350000381469727,13.149999618530273,13.199999809265137,10.352514266967773,1695681
2016-10-11,13.149999618530273,13.199999809265137,12.960000038146973,13.180000305175781,10.33682918548584,3196137
2016-10-12,13.210000038146973,13.279999732971191,13.100000381469727,13.239999771118164,10.38388442993164,2116556
2016-10-13,13.220000267028809,13.260000228881836,13.079999923706055,13.199999809265137,10.352514266967773,2580329
2016-10-14,13.199999809265137,13.260000228881836,13.100000381469727,13.25,10.391728401184082,1838657
2016-10-17,13.25,13.25,13.069999694824219,13.199999809265137,10.352514266967773,2975488
2016-10-18,13.1899995803833,13.270000457763672,13.100000381469727,13.100000381469727,10.274085998535156,6454212
2016-10-19,13.149999618530273,13.3100004196167,13.130000114440918,13.25,10.391728401184082,6660191
2016-10-20,13.279999732971191,13.3100004196167,13.100000381469727,13.100000381469727,10.274085998535156,7231756
2016-10-21,13.100000381469727,13.130000114440918,13.0600004196167,13.0600004196167,10.242714881896973,3034422
2016-10-24,13.130000114440918,13.460000038146973,13.109999656677246,13.40999984741211,10.51721477508545,5183690
2016-10-25,13.390000343322754,13.420000076293945,13.239999771118164,13.25,10.391728401184082,6024344
2016-10-26,13.239999771118164,13.239999771118164,13.020000457763672,13.069999694824219,10.250557899475098,8039742
2016-10-27,13.079999923706055,13.130000114440918,12.989999771118164,13.039999961853027,10.227029800415039,4483883
2016-10-28,13.029999732971191,13.069999694824219,12.920000076293945,13.0,10.195657730102539,1315293
2016-10-31,13.0,13.079999923706055,12.890000343322754,12.899999618530273,10.117229461669922,2979574
2016-11-01,12.949999809265137,13.0600004196167,12.75,12.8100004196167,10.046645164489746,3185709
2016-11-02,12.800000190734863,12.920000076293945,12.75,12.84000015258789,10.070172309875488,2588880
2016-11-03,12.850000381469727,12.869999885559082,12.739999771118164,12.75,9.999588012695312,2149601
2016-11-04,12.380000114440918,12.789999961853027,12.319999694824219,12.319999694824219,9.662346839904785,17659921
2016-11-07,12.369999885559082,12.600000381469727,12.369999885559082,12.449999809265137,9.764302253723145,2663856
2016-11-08,12.430000305175781,12.850000381469727,12.369999885559082,12.779999732971191,10.023116111755371,2988263
2016-11-09,12.5,12.600000381469727,12.449999809265137,12.569999694824219,9.858416557312012,5974626
2016-11-10,12.670000076293945,12.739999771118164,12.59000015258789,12.619999885559082,9.897631645202637,5420023
2016-11-11,12.609999656677246,12.609999656677246,12.380000114440918,12.390000343322754,9.717246055603027,8148686
2016-11-14,12.520000457763672,12.529999732971191,12.25,12.260000228881836,9.615291595458984,4069414
2016-11-15,12.300000190734863,12.449999809265137,12.239999771118164,12.430000305175781,9.748618125915527,3680085
2016-11-16,12.470000267028809,12.479999542236328,12.25,12.359999656677246,9.693718910217285,2901516
2016-11-17,12.399999618530273,12.5600004196167,12.329999923706055,12.380000114440918,9.709404945373535,3944698
2016-11-18,12.329999923706055,12.720000267028809,12.279999732971191,12.619999885559082,9.897631645202637,2946980
2016-11-21,12.710000038146973,12.710000038146973,12.479999542236328,12.649999618530273,9.921158790588379,2538287
2016-11-22,12.630000114440918,12.770000457763672,12.569999694824219,12.670000076293945,9.936845779418945,2280820
2016-11-23,12.710000038146973,12.739999771118164,12.520000457763672,12.550000190734863,9.842731475830078,2632653
2016-11-24,12.550000190734863,12.899999618530273,12.380000114440918,12.520000457763672,9.81920337677002,1932234
2016-11-25,12.510000228881836,12.640000343322754,12.40999984741211,12.600000381469727,9.881946563720703,1645772
2016-11-28,12.65999984741211,12.770000457763672,12.569999694824219,12.569999694824219,9.858416557312012,1652592
2016-11-29,12.529999732971191,12.609999656677246,12.5,12.5,9.803516387939453,1377328
2016-11-30,12.600000381469727,12.630000114440918,12.4399995803833,12.449999809265137,9.764302253723145,2701859
2016-12-01,12.479999542236328,12.489999771118164,12.149999618530273,12.260000228881836,9.615291595458984,2761199
2016-12-02,12.260000228881836,12.329999923706055,12.020000457763672,12.260000228881836,9.615291595458984,3974610
2016-12-05,12.210000038146973,12.470000267028809,12.149999618530273,12.279999732971191,9.630975723266602,7650606
2016-12-06,12.350000381469727,12.729999542236328,12.350000381469727,12.6899995803833,9.952529907226562,8289730
2016-12-07,12.65999984741211,12.989999771118164,12.649999618530273,12.9399995803833,10.148600578308105,4112427
2016-12-08,12.9399995803833,13.09000015258789,12.710000038146973,12.890000343322754,10.109387397766113,3374551
2016-12-09,12.890000343322754,12.9399995803833,12.800000190734863,12.890000343322754,10.109387397766113,1883543
2016-12-12,12.800000190734863,12.960000038146973,12.59000015258789,12.960000038146973,10.164287567138672,1971633
2016-12-13,13.010000228881836,13.170000076293945,12.979999542236328,13.140000343322754,10.30545711517334,3067526
2016-12-14,13.100000381469727,13.140000343322754,12.930000305175781,13.079999923706055,10.258400917053223,2136260
2016-12-15,12.970000267028809,13.25,12.899999618530273,13.25,10.391728401184082,3725620
2016-12-16,13.180000305175781,13.25,13.09000015258789,13.15999984741211,10.321144104003906,3054746
2016-12-19,13.15999984741211,13.239999771118164,13.079999923706055,13.079999923706055,10.258400917053223,1731353
2016-12-20,13.039999961853027,13.25,12.979999542236328,13.229999542236328,10.376042366027832,2517509
2016-12-21,13.229999542236328,13.380000114440918,13.170000076293945,13.3100004196167,10.438785552978516,2694531
2016-12-22,13.3100004196167,13.369999885559082,13.15999984741211,13.1899995803833,10.344672203063965,1378406
2016-12-23,13.199999809265137,13.34000015258789,13.170000076293945,13.319999694824219,10.446627616882324,1274517
2016-12-26,13.279999732971191,13.359999656677246,13.170000076293945,13.170000076293945,10.328985214233398,173202
2016-12-27,13.220000267028809,13.319999694824219,13.220000267028809,13.289999961853027,10.42309856414795,714015
2016-12-28,13.25,13.420000076293945,13.199999809265137,13.420000076293945,10.525056838989258,2018920
2016-12-29,13.369999885559082,13.5,13.289999961853027,13.470000267028809,10.564270973205566,1601442
2016-12-30,13.449999809265137,14.100000381469727,13.4399995803833,13.800000190734863,10.823084831237793,2432925
2017-01-02,13.600000381469727,13.600000381469727,13.359999656677246,13.390000343322754,10.501527786254883,1968077
2017-01-03,13.40999984741211,13.420000076293945,13.09000015258789,13.180000305175781,10.33682918548584,2774906
2017-01-04,13.210000038146973,13.300000190734863,13.010000228881836,13.119999885559082,10.289772033691406,2321354
2017-01-05,13.149999618530273,13.270000457763672,12.970000267028809,13.149999618530273,10.313300132751465,2693760
2017-01-06,13.119999885559082,13.319999694824219,13.09000015258789,13.319999694824219,10.446627616882324,1483164
2017-01-09,13.210000038146973,13.34000015258789,13.109999656677246,13.329999923706055,10.454471588134766,2400437
2017-01-10,13.279999732971191,13.380000114440918,13.220000267028809,13.359999656677246,10.47800064086914,2416732
2017-01-11,13.300000190734863,13.300000190734863,13.020000457763672,13.069999694824219,10.250557899475098,5727292
2017-01-12,13.130000114440918,13.800000190734863,13.100000381469727,13.6899995803833,10.736810684204102,7432644
2017-01-13,13.640000343322754,13.930000305175781,13.529999732971191,13.880000114440918,10.885826110839844,4422607
2017-01-16,13.949999809265137,14.039999961853027,13.850000381469727,14.039999961853027,11.011310577392578,2848546
2017-01-17,14.100000381469727,14.210000038146973,14.029999732971191,14.210000038146973,11.144639015197754,3587972
2017-01-18,14.1899995803833,14.220000267028809,14.0600004196167,14.199999809265137,11.136795997619629,3038591
2017-01-19,14.199999809265137,14.3100004196167,14.1899995803833,14.3100004196167,11.223067283630371,3080000
2017-01-20,14.25,14.3100004196167,14.079999923706055,14.1899995803833,11.128952026367188,2942437
2017-01-23,14.25,14.619999885559082,14.25,14.619999885559082,11.466193199157715,3357156
2017-01-24,14.729999542236328,14.890000343322754,14.5,14.699999809265137,11.528936386108398,4060632
2017-01-25,14.670000076293945,14.75,14.319999694824219,14.510000228881836,11.379922866821289,4196280
2017-01-26,14.5600004196167,14.75,14.470000267028809,14.649999618530273,11.48972225189209,2164573
2017-01-27,14.609999656677246,14.949999809265137,14.59000015258789,14.920000076293945,11.701478004455566,2489278
2017-01-30,14.920000076293945,15.350000381469727,14.800000190734863,15.170000076293945,11.897549629211426,3483568
2017-01-31,15.170000076293945,15.220000267028809,15.069999694824219,15.1899995803833,11.91323471069336,2394929
2017-02-01,15.180000305175781,15.270000457763672,15.029999732971191,15.210000038146973,11.92892074584961,2186251
2017-02-02,15.25,15.289999961853027,15.069999694824219,15.1899995803833,11.91323471069336,2625496
2017-02-03,15.130000114440918,15.430000305175781,15.100000381469727,15.430000305175781,12.101461410522461,2164852
2017-02-06,15.529999732971191,15.75,15.25,15.270000457763672,11.975976943969727,3111522
2017-02-07,15.1899995803833,15.5,15.039999961853027,15.420000076293945,12.093620300292969,2301758
2017-02-08,15.350000381469727,15.649999618530273,15.229999542236328,15.649999618530273,12.274003982543945,2715413
2017-02-09,15.600000381469727,15.699999809265137,15.359999656677246,15.699999809265137,12.313218116760254,2185462
2017-02-10,15.699999809265137,15.920000076293945,15.119999885559082,15.119999885559082,11.858333587646484,3102959
2017-02-13,15.149999618530273,15.5600004196167,15.130000114440918,15.5600004196167,12.203418731689453,3456047
2017-02-14,15.5600004196167,15.59000015258789,15.180000305175781,15.199999809265137,11.921077728271484,3922316
2017-02-15,15.229999542236328,15.34000015258789,15.149999618530273,15.270000457763672,11.975976943969727,3237033
2017-02-16,15.350000381469727,15.359999656677246,15.229999542236328,15.229999542236328,11.944604873657227,1866566
2017-02-17,15.220000267028809,15.510000228881836,15.210000038146973,15.449999809265137,12.117148399353027,3079173
2017-02-20,15.520000457763672,15.680000305175781,15.369999885559082,15.40999984741211,12.085776329040527,2478286
2017-02-21,15.420000076293945,15.550000190734863,15.399999618530273,15.420000076293945,12.093620300292969,2438278
2017-02-22,15.369999885559082,15.550000190734863,13.850000381469727,15.300000190734863,11.999505043029785,3375296
2017-02-23,15.380000114440918,15.449999809265137,15.199999809265137,15.260000228881836,11.968133926391602,4419188
2017-02-24,15.199999809265137,15.329999923706055,15.029999732971191,15.109999656677246,11.850492477416992,1879534
2017-02-27,15.130000114440918,15.180000305175781,14.899999618530273,15.0600004196167,11.811277389526367,895470
2017-02-28,14.90999984741211,15.09000015258789,14.829999923706055,14.829999923706055,11.63089370727539,3580340
2017-03-01,14.869999885559082,15.239999771118164,14.859999656677246,15.119999885559082,11.858333587646484,2428747
2017-03-02,15.119999885559082,15.380000114440918,15.119999885559082,15.380000114440918,12.062247276306152,2280655
2017-03-03,15.390000343322754,15.390000343322754,15.119999885559082,15.199999809265137,11.921077728271484,4531840
2017-03-06,15.350000381469727,15.890000343322754,15.319999694824219,15.800000190734863,12.391645431518555,2984416
2017-03-07,15.789999961853027,15.859999656677246,15.680000305175781,15.75,12.352431297302246,3612353
2017-03-08,15.75,15.84000015258789,15.15999984741211,15.199999809265137,11.921077728271484,4740086
2017-03-09,15.220000267028809,15.420000076293945,15.100000381469727,15.300000190734863,11.999505043029785,5908912
2017-03-10,15.399999618530273,15.460000038146973,15.260000228881836,15.289999961853027,11.991662979125977,3359926
2017-03-13,15.279999732971191,15.329999923706055,15.15999984741211,15.300000190734863,11.999505043029785,1773759
2017-03-14,15.270000457763672,15.350000381469727,15.180000305175781,15.260000228881836,11.968133926391602,2108216
2017-03-15,15.270000457763672,15.319999694824219,15.100000381469727,15.100000381469727,11.842649459838867,3956960
2017-03-16,15.229999542236328,15.329999923706055,15.149999618530273,15.260000228881836,11.968133926391602,2856021
2017-03-17,15.300000190734863,15.369999885559082,15.109999656677246,15.170000076293945,11.897549629211426,4658418
2017-03-20,15.130000114440918,15.4399995803833,15.130000114440918,15.4399995803833,12.109304428100586,2588269
2017-03-21,15.449999809265137,15.489999771118164,15.220000267028809,15.34000015258789,12.030878067016602,3695777
2017-03-22,15.260000228881836,15.449999809265137,15.199999809265137,15.390000343322754,12.070091247558594,3240204
2017-03-23,15.5,15.630000114440918,15.390000343322754,15.489999771118164,12.148519515991211,3292278
2017-03-24,15.569999694824219,15.710000038146973,15.4399995803833,15.710000038146973,12.321061134338379,3108272
2017-03-27,15.699999809265137,15.739999771118164,15.5,15.550000190734863,12.195576667785645,3182524
2017-03-28,15.609999656677246,15.640000343322754,15.510000228881836,15.529999732971191,12.179890632629395,1229838
2017-03-29,15.539999961853027,15.65999984741211,15.420000076293945,15.479999542236328,12.14067554473877,3759266
2017-03-30,15.600000381469727,15.649999618530273,15.529999732971191,15.579999923706055,12.219104766845703,1874672
2017-03-31,15.640000343322754,15.640000343322754,15.350000381469727,15.350000381469727,12.038719177246094,2876527
2017-04-03,15.449999809265137,15.630000114440918,15.420000076293945,15.510000228881836,12.164204597473145,2764735
2017-04-04,15.460000038146973,15.649999618530273,15.449999809265137,15.529999732971191,12.179890632629395,3082908
2017-04-05,15.489999771118164,15.970000267028809,15.479999542236328,15.970000267028809,12.52497386932373,4853682
2017-04-06,15.649999618530273,15.65999984741211,15.510000228881836,15.640000343322754,12.521692276000977,4336056
2017-04-07,15.550000190734863,15.59000015258789,15.289999961853027,15.289999961853027,12.241475105285645,3451655
2017-04-10,15.350000381469727,15.9399995803833,15.319999694824219,15.9399995803833,12.761877059936523,4015069
2017-04-11,15.9399995803833,15.9399995803833,15.699999809265137,15.720000267028809,12.58574104309082,3388549
2017-04-12,15.729999542236328,15.800000190734863,15.65999984741211,15.710000038146973,12.577735900878906,2230616
2017-04-13,15.720000267028809,15.84000015258789,15.630000114440918,15.680000305175781,12.553716659545898,2424151
2017-04-14,15.649999618530273,15.90999984741211,15.489999771118164,15.489999771118164,12.401598930358887,1297190
2017-04-17,15.529999732971191,15.770000457763672,15.5,15.739999771118164,12.601753234863281,1626162
2017-04-18,15.710000038146973,15.779999732971191,15.460000038146973,15.739999771118164,12.601753234863281,4054198
2017-04-19,15.739999771118164,15.970000267028809,15.65999984741211,15.850000381469727,12.689821243286133,4202895
2017-04-20,15.84000015258789,16.059999465942383,15.75,16.030000686645508,12.833932876586914,4062416
2017-04-21,16.09000015258789,16.25,16.059999465942383,16.219999313354492,12.986050605773926,2832463
2017-04-24,16.350000381469727,16.540000915527344,16.329999923706055,16.530000686645508,13.234243392944336,3228885
2017-04-25,16.610000610351562,16.709999084472656,16.420000076293945,16.709999084472656,13.378352165222168,5163823
2017-04-26,16.709999084472656,16.709999084472656,16.459999084472656,16.600000381469727,13.290287971496582,4150310
2017-04-27,16.600000381469727,16.84000015258789,16.540000915527344,16.75,13.410381317138672,3162197
2017-04-28,16.719999313354492,16.850000381469727,16.510000228881836,16.700000762939453,13.370349884033203,2925182
2017-05-01,16.700000762939453,16.700000762939453,16.700000762939453,16.700000762939453,13.370349884033203,0
2017-05-02,16.700000762939453,16.84000015258789,16.440000534057617,16.520000457763672,13.226238250732422,3527979
2017-05-03,16.479999542236328,16.579999923706055,16.440000534057617,16.579999923706055,13.274271965026855,2716511
2017-05-04,16.549999237060547,16.59000015258789,16.399999618530273,16.420000076293945,13.146174430847168,3548589
2017-05-05,16.3700008392334,16.780000686645508,16.3700008392334,16.670000076293945,13.346330642700195,3365184
2017-05-08,16.75,16.799999237060547,16.600000381469727,16.700000762939453,13.370349884033203,2644662
2017-05-09,16.610000610351562,17.149999618530273,16.56999969482422,17.049999237060547,13.650564193725586,4767341
2017-05-10,17.0,17.049999237060547,16.799999237060547,16.959999084472656,13.578507423400879,3043400
2017-05-11,16.940000534057617,17.020000457763672,16.739999771118164,16.81999969482422,13.466423034667969,3093480
2017-05-12,16.799999237060547,17.010000228881836,16.729999542236328,16.780000686645508,13.434396743774414,2389499
2017-05-15,16.780000686645508,16.850000381469727,16.559999465942383,16.59000015258789,13.282280921936035,4579525
2017-05-16,16.700000762939453,16.770000457763672,16.59000015258789,16.770000457763672,13.4263916015625,3209717
2017-05-17,16.690000534057617,16.860000610351562,16.510000228881836,16.520000457763672,13.226238250732422,3698484
2017-05-18,16.469999313354492,16.700000762939453,16.3799991607666,16.700000762939453,13.370349884033203,3376890
2017-05-19,16.700000762939453,16.700000762939453,16.700000762939453,16.700000762939453,13.370349884033203,0
2017-05-22,16.75,16.809999465942383,16.6200008392334,16.709999084472656,13.378352165222168,4260111
2017-05-23,16.690000534057617,17.020000457763672,16.59000015258789,17.0,13.61053466796875,4883048
2017-05-24,16.950000762939453,17.18000030517578,16.940000534057617,17.020000457763672,13.626547813415527,4511685
2017-05-25,16.299999237060547,16.399999618530273,15.84000015258789,15.90999984741211,12.737858772277832,71888838
2017-05-26,15.9399995803833,16.170000076293945,15.930000305175781,16.049999237060547,12.849944114685059,42232494
2017-05-29,16.09000015258789,16.149999618530273,16.06999969482422,16.09000015258789,12.881970405578613,10946243
2017-05-30,16.110000610351562,16.1200008392334,15.9399995803833,15.9399995803833,12.761877059936523,18383127
2017-05-31,16.0,16.079999923706055,15.930000305175781,16.040000915527344,12.841939926147461,17933671
2017-06-01,16.049999237060547,16.06999969482422,15.90999984741211,15.970000267028809,12.785897254943848,9009531
2017-06-02,16.06999969482422,16.200000762939453,16.040000915527344,16.190000534057617,12.962032318115234,18021562
2017-06-05,16.229999542236328,16.280000686645508,16.049999237060547,16.1200008392334,12.905989646911621,9794167
2017-06-06,16.1200008392334,16.209999084472656,16.06999969482422,16.200000762939453,12.970039367675781,6075347
2017-06-07,16.219999313354492,16.479999542236328,16.149999618530273,16.3700008392334,13.106144905090332,16533124
2017-06-08,16.420000076293945,16.59000015258789,16.299999237060547,16.59000015258789,13.282280921936035,10367059
2017-06-09,16.6200008392334,16.760000228881836,16.600000381469727,16.600000381469727,13.290287971496582,6992785
2017-06-12,16.489999771118164,16.600000381469727,16.420000076293945,16.479999542236328,13.19421100616455,4735261
2017-06-13,16.56999969482422,16.639999389648438,16.520000457763672,16.6299991607666,13.314303398132324,4838973
2017-06-14,16.600000381469727,16.739999771118164,16.549999237060547,16.719999313354492,13.386361122131348,4261740
2017-06-15,16.719999313354492,16.719999313354492,16.520000457763672,16.59000015258789,13.282280921936035,4636455
2017-06-16,16.600000381469727,16.6200008392334,16.360000610351562,16.540000915527344,13.242249488830566,4932494
2017-06-19,16.56999969482422,16.84000015258789,16.559999465942383,16.760000228881836,13.41838550567627,4509765
2017-06-20,16.809999465942383,16.850000381469727,16.56999969482422,16.65999984741211,13.338322639465332,3655875
2017-06-21,16.65999984741211,16.700000762939453,16.520000457763672,16.600000381469727,13.290287971496582,2646323
2017-06-22,16.690000534057617,16.690000534057617,16.559999465942383,16.68000030517578,13.354333877563477,2602521
2017-06-23,16.639999389648438,16.65999984741211,16.34000015258789,16.399999618530273,13.130162239074707,7953178
2017-06-26,16.399999618530273,16.399999618530273,16.399999618530273,16.399999618530273,13.130162239074707,0
2017-06-27,16.399999618530273,16.399999618530273,16.399999618530273,16.399999618530273,13.130162239074707,0
2017-06-28,16.3799991607666,16.43000030517578,16.209999084472656,16.399999618530273,13.130162239074707,7252589
2017-06-29,16.440000534057617,16.469999313354492,16.25,16.280000686645508,13.034088134765625,4011825
2017-06-30,16.25,16.31999969482422,16.18000030517578,16.18000030517578,12.954026222229004,5169031
2017-07-03,16.18000030517578,16.229999542236328,16.049999237060547,16.09000015258789,12.881970405578613,5427942
2017-07-04,16.100000381469727,16.31999969482422,16.06999969482422,16.299999237060547,13.050100326538086,6430769
2017-07-05,16.299999237060547,16.31999969482422,16.200000762939453,16.239999771118164,13.002062797546387,4354495
2017-07-06,16.229999542236328,16.309999465942383,16.149999618530273,16.15999984741211,12.938014030456543,3785641
2017-07-07,16.18000030517578,16.200000762939453,16.040000915527344,16.09000015258789,12.881970405578613,2907476
2017-07-10,16.18000030517578,16.299999237060547,16.15999984741211,16.280000686645508,13.034088134765625,2638838
2017-07-11,16.239999771118164,16.420000076293945,16.18000030517578,16.329999923706055,13.074118614196777,9001917
2017-07-12,16.329999923706055,16.5,16.329999923706055,16.450000762939453,13.170193672180176,5648690
2017-07-13,16.479999542236328,16.540000915527344,16.31999969482422,16.450000762939453,13.170193672180176,5765811
2017-07-14,16.450000762939453,16.649999618530273,16.40999984741211,16.6299991607666,13.314303398132324,3427547
2017-07-17,16.649999618530273,17.030000686645508,16.639999389648438,17.0,13.61053466796875,5558937
2017-07-18,16.959999084472656,16.969999313354492,16.760000228881836,16.760000228881836,13.41838550567627,2751036
2017-07-19,16.850000381469727,17.100000381469727,16.790000915527344,17.030000686645508,13.634552001953125,3921408
2017-07-20,17.030000686645508,17.170000076293945,16.829999923706055,17.020000457763672,13.626547813415527,4712849
2017-07-21,16.93000030517578,16.93000030517578,16.809999465942383,16.84000015258789,13.482436180114746,1759821
2017-07-24,16.899999618530273,16.899999618530273,16.6200008392334,16.700000762939453,13.370349884033203,3164864
2017-07-25,16.700000762939453,16.770000457763672,16.600000381469727,16.6200008392334,13.30630111694336,3249066
2017-07-26,16.610000610351562,16.649999618530273,16.5,16.520000457763672,13.226238250732422,2931861
2017-07-27,16.579999923706055,16.68000030517578,16.530000686645508,16.56999969482422,13.266267776489258,4110647
2017-07-28,16.520000457763672,16.549999237060547,16.360000610351562,16.43000030517578,13.154180526733398,3934828
2017-07-31,16.43000030517578,16.479999542236328,16.219999313354492,16.3799991607666,13.11414909362793,3970591
2017-08-01,16.43000030517578,16.5,16.209999084472656,16.270000457763672,13.026082038879395,3142406
2017-08-02,16.290000915527344,16.43000030517578,16.239999771118164,16.420000076293945,13.146174430847168,2353783
2017-08-03,16.549999237060547,16.959999084472656,16.549999237060547,16.860000610351562,13.49844741821289,9795046
2017-08-04,16.860000610351562,17.200000762939453,16.81999969482422,17.170000076293945,13.746639251708984,7661246
2017-08-07,17.25,17.290000915527344,17.1299991607666,17.270000457763672,13.826702117919922,3335620
2017-08-08,17.260000228881836,17.260000228881836,17.049999237060547,17.209999084472656,13.778660774230957,3106068
2017-08-09,17.190000534057617,17.299999237060547,17.139999389648438,17.209999084472656,13.778660774230957,4355403
2017-08-10,17.280000686645508,17.31999969482422,17.110000610351562,17.110000610351562,13.698601722717285,2413979
2017-08-11,17.020000457763672,17.030000686645508,16.75,16.799999237060547,13.450409889221191,2436614
2017-08-14,16.950000762939453,17.389999389648438,16.93000030517578,17.350000381469727,13.890751838684082,3147222
2017-08-15,17.399999618530273,17.450000762939453,17.06999969482422,17.079999923706055,13.674583435058594,3618977
2017-08-16,17.110000610351562,17.219999313354492,16.75,17.0,13.61053466796875,3769075
2017-08-17,17.059999465942383,17.100000381469727,16.8799991607666,17.020000457763672,13.626547813415527,2524553
2017-08-18,17.059999465942383,17.1299991607666,16.93000030517578,17.09000015258789,13.682592391967773,2307543
2017-08-21,17.059999465942383,17.559999465942383,17.049999237060547,17.520000457763672,14.026857376098633,4789649
2017-08-22,17.559999465942383,17.780000686645508,17.459999084472656,17.760000228881836,14.21900463104248,7037275
2017-08-23,17.760000228881836,17.93000030517578,17.729999542236328,17.729999542236328,14.194985389709473,6210685
2017-08-24,17.729999542236328,17.850000381469727,17.420000076293945,17.549999237060547,14.050875663757324,2004140
2017-08-25,17.540000915527344,17.709999084472656,17.469999313354492,17.56999969482422,14.066886901855469,1664778
2017-08-28,17.610000610351562,17.700000762939453,17.469999313354492,17.700000762939453,14.170968055725098,1165286
2017-08-29,17.690000534057617,18.139999389648438,17.579999923706055,18.139999389648438,14.523238182067871,5677389
2017-08-30,18.139999389648438,18.139999389648438,18.139999389648438,18.139999389648438,14.523238182067871,0
2017-08-31,17.899999618530273,18.100000381469727,17.889999389648438,18.040000915527344,14.443178176879883,2562007
2017-09-01,18.040000915527344,18.040000915527344,18.040000915527344,18.040000915527344,14.443178176879883,0
2017-09-04,18.040000915527344,18.040000915527344,18.040000915527344,18.040000915527344,14.443178176879883,0
2017-09-05,18.100000381469727,18.110000610351562,17.6200008392334,17.690000534057617,14.162962913513184,3945567
2017-09-06,17.6200008392334,17.860000610351562,17.440000534057617,17.81999969482422,14.267044067382812,3432458
2017-09-07,17.81999969482422,18.0,17.65999984741211,17.860000610351562,14.299066543579102,2296863
2017-09-08,17.860000610351562,17.920000076293945,17.549999237060547,17.6299991607666,14.114922523498535,2090657
2017-09-11,17.690000534057617,17.809999465942383,17.559999465942383,17.59000015258789,14.082901000976562,2078161
2017-09-12,17.59000015258789,17.600000381469727,17.25,17.3700008392334,13.906764030456543,3828496
2017-09-13,17.360000610351562,17.559999465942383,17.309999465942383,17.34000015258789,13.882744789123535,1999715
2017-09-14,17.31999969482422,17.399999618530273,17.209999084472656,17.34000015258789,13.882744789123535,1849887
2017-09-15,17.389999389648438,17.540000915527344,17.329999923706055,17.450000762939453,13.97081470489502,3125400
2017-09-18,17.489999771118164,17.5,17.260000228881836,17.360000610351562,13.898756980895996,2792394
2017-09-19,17.360000610351562,17.3799991607666,16.760000228881836,16.81999969482422,13.466423034667969,4142645
2017-09-20,16.889999389648438,16.889999389648438,16.65999984741211,16.860000610351562,13.49844741821289,3737976
2017-09-21,16.84000015258789,16.860000610351562,16.579999923706055,16.65999984741211,13.338322639465332,2547895
2017-09-22,16.700000762939453,16.729999542236328,16.489999771118164,16.610000610351562,13.29829216003418,3103789
2017-09-25,16.520000457763672,16.59000015258789,16.25,16.3700008392334,13.106144905090332,3412200
2017-09-26,16.420000076293945,16.56999969482422,16.219999313354492,16.520000457763672,13.226238250732422,5132222
2017-09-27,16.43000030517578,16.489999771118164,16.09000015258789,16.190000534057617,12.962032318115234,3599026
2017-09-28,16.280000686645508,16.399999618530273,16.079999923706055,16.350000381469727,13.090130805969238,5580021
2017-09-29,16.34000015258789,16.600000381469727,16.309999465942383,16.350000381469727,13.090130805969238,6663449
2017-10-02,16.329999923706055,16.5,16.309999465942383,16.40999984741211,13.138168334960938,3175524
2017-10-03,16.40999984741211,16.56999969482422,16.329999923706055,16.559999465942383,13.258260726928711,3089696
2017-10-04,16.600000381469727,16.649999618530273,16.399999618530273,16.469999313354492,13.186205863952637,2106716
2017-10-05,16.549999237060547,16.549999237060547,16.309999465942383,16.399999618530273,13.130162239074707,2262097
2017-10-06,16.389999389648438,16.389999389648438,16.190000534057617,16.200000762939453,12.970039367675781,2945111
2017-10-09,15.899999618530273,15.899999618530273,15.359999656677246,15.609999656677246,12.497672080993652,5470535
2017-10-10,15.760000228881836,16.09000015258789,15.630000114440918,15.960000038146973,12.7778902053833,6086206
2017-10-11,15.930000305175781,16.190000534057617,15.899999618530273,16.1200008392334,12.905989646911621,2789483
2017-10-12,16.40999984741211,16.510000228881836,16.270000457763672,16.34000015258789,13.082125663757324,5022835
2017-10-13,16.389999389648438,16.450000762939453,16.190000534057617,16.329999923706055,13.074118614196777,5061492
2017-10-16,16.350000381469727,16.40999984741211,16.229999542236328,16.350000381469727,13.090130805969238,2730752
2017-10-17,16.360000610351562,16.520000457763672,16.25,16.450000762939453,13.170193672180176,2482635
2017-10-18,16.489999771118164,16.540000915527344,16.299999237060547,16.299999237060547,13.050100326538086,3055974
2017-10-19,16.399999618530273,16.65999984741211,16.3799991607666,16.649999618530273,13.330318450927734,2561222
2017-10-20,16.670000076293945,16.709999084472656,16.530000686645508,16.670000076293945,13.346330642700195,1610384
2017-10-23,16.610000610351562,16.700000762939453,16.520000457763672,16.610000610351562,13.29829216003418,3090498
2017-10-24,16.850000381469727,16.850000381469727,16.56999969482422,16.670000076293945,13.346330642700195,3187773
2017-10-25,16.709999084472656,16.780000686645508,16.59000015258789,16.610000610351562,13.29829216003418,3996812
2017-10-26,16.649999618530273,16.729999542236328,16.469999313354492,16.5,13.210224151611328,2919434
2017-10-27,16.389999389648438,16.530000686645508,16.309999465942383,16.40999984741211,13.138168334960938,4321496
2017-10-30,16.530000686645508,16.559999465942383,16.389999389648438,16.43000030517578,13.154180526733398,3138537
2017-10-31,16.5,16.959999084472656,16.450000762939453,16.959999084472656,13.578507423400879,9096264
2017-11-01,17.020000457763672,17.690000534057617,16.959999084472656,17.56999969482422,14.066886901855469,7293194
2017-11-02,17.829999923706055,18.219999313354492,17.6299991607666,17.850000381469727,14.29106330871582,7242881
2017-11-03,17.84000015258789,17.8700008392334,17.34000015258789,17.3700008392334,13.906764030456543,4754691
2017-11-06,17.5,18.1200008392334,17.350000381469727,17.770000457763672,14.227012634277344,3941940
2017-11-07,17.770000457763672,17.850000381469727,17.290000915527344,17.290000915527344,13.8427152633667,4394489
2017-11-08,17.290000915527344,17.489999771118164,17.18000030517578,17.440000534057617,13.96280574798584,2897693
2017-11-09,17.579999923706055,17.579999923706055,16.700000762939453,16.780000686645508,13.434396743774414,4425032
2017-11-10,16.84000015258789,16.899999618530273,16.389999389648438,16.700000762939453,13.370349884033203,4412819
2017-11-13,16.809999465942383,16.989999771118164,16.420000076293945,16.770000457763672,13.4263916015625,4855809
2017-11-14,16.8700008392334,16.959999084472656,16.709999084472656,16.8799991607666,13.514458656311035,2101316
2017-11-15,16.850000381469727,17.139999389648438,16.700000762939453,16.719999313354492,13.386361122131348,4033137
2017-11-16,16.950000762939453,17.09000015258789,16.729999542236328,16.899999618530273,13.530472755432129,2909945
2017-11-17,16.940000534057617,17.139999389648438,16.770000457763672,16.860000610351562,13.49844741821289,2266747
2017-11-20,16.799999237060547,16.989999771118164,16.280000686645508,16.579999923706055,13.274271965026855,2668390
2017-11-21,16.440000534057617,18.040000915527344,16.299999237060547,16.739999771118164,13.402373313903809,5110777
2017-11-22,16.610000610351562,16.799999237060547,16.3799991607666,16.799999237060547,13.450409889221191,2401066
2017-11-23,16.81999969482422,17.059999465942383,16.56999969482422,16.700000762939453,13.370349884033203,3646960
2017-11-24,16.690000534057617,16.690000534057617,16.43000030517578,16.520000457763672,13.226238250732422,2123581
2017-11-27,16.549999237060547,16.649999618530273,16.290000915527344,16.5,13.210224151611328,1703686
2017-11-28,16.5,16.8799991607666,16.389999389648438,16.5,13.210224151611328,4369088
2017-11-29,16.5,16.549999237060547,16.1299991607666,16.1299991607666,12.913993835449219,3716088
2017-11-30,16.260000228881836,16.690000534057617,16.1299991607666,16.489999771118164,13.202218055725098,9591845
2017-12-01,16.469999313354492,16.600000381469727,16.329999923706055,16.540000915527344,13.242249488830566,3161700
2017-12-04,16.479999542236328,17.110000610351562,16.43000030517578,17.110000610351562,13.698601722717285,3744065
2017-12-05,17.200000762939453,17.530000686645508,17.1200008392334,17.309999465942383,13.858723640441895,4110891
2017-12-06,17.329999923706055,17.649999618530273,17.139999389648438,17.18000030517578,13.754646301269531,4385024
2017-12-07,17.270000457763672,17.739999771118164,17.0,17.649999618530273,14.130936622619629,5216760
2017-12-08,17.780000686645508,17.979999542236328,17.579999923706055,17.579999923706055,14.074893951416016,3001976
2017-12-11,17.6299991607666,17.889999389648438,17.540000915527344,17.809999465942383,14.259035110473633,3082003
2017-12-12,17.770000457763672,17.84000015258789,17.5,17.84000015258789,14.283053398132324,3350925
2017-12-13,17.90999984741211,17.959999084472656,17.389999389648438,17.549999237060547,14.050875663757324,1658026
2017-12-14,17.5,17.889999389648438,17.389999389648438,17.799999237060547,14.251029968261719,3959840
2017-12-15,17.770000457763672,17.860000610351562,17.510000228881836,17.510000228881836,14.018848419189453,7707495
2017-12-18,17.6200008392334,17.93000030517578,17.520000457763672,17.59000015258789,14.082901000976562,2544637
2017-12-19,17.59000015258789,17.690000534057617,17.40999984741211,17.420000076293945,13.946794509887695,1486847
2017-12-20,17.40999984741211,17.40999984741211,17.1200008392334,17.239999771118164,13.802682876586914,3259216
2017-12-21,17.219999313354492,17.549999237060547,17.170000076293945,17.530000686645508,14.03486442565918,1918397
2017-12-22,17.530000686645508,17.600000381469727,17.399999618530273,17.399999618530273,13.930781364440918,1604904
2017-12-25,17.40999984741211,17.579999923706055,17.360000610351562,17.579999923706055,14.074893951416016,362348
2017-12-26,17.649999618530273,17.649999618530273,17.450000762939453,17.489999771118164,14.002837181091309,407769
2017-12-27,17.479999542236328,17.670000076293945,17.40999984741211,17.670000076293945,14.146951675415039,836997
2017-12-28,17.6200008392334,18.25,17.559999465942383,18.25,14.611309051513672,1968144
2017-12-29,18.299999237060547,18.649999618530273,18.100000381469727,18.479999542236328,14.795451164245605,3783985
2018-01-01,18.479999542236328,18.479999542236328,18.479999542236328,18.479999542236328,14.795451164245605,0
2018-01-02,18.579999923706055,19.270000457763672,18.420000076293945,19.239999771118164,15.403924942016602,3486280
2018-01-03,19.34000015258789,19.399999618530273,18.68000030517578,18.68000030517578,14.955575942993164,3270605
2018-01-04,18.68000030517578,18.8799991607666,18.170000076293945,18.360000610351562,14.69937801361084,3558166
2018-01-05,18.360000610351562,18.729999542236328,18.280000686645508,18.56999969482422,14.867507934570312,3505321
2018-01-08,18.75,18.790000915527344,18.399999618530273,18.440000534057617,14.76342487335205,3840287
2018-01-09,18.440000534057617,18.59000015258789,18.25,18.3700008392334,14.70738410949707,3564098
2018-01-10,18.260000228881836,18.489999771118164,18.1299991607666,18.329999923706055,14.6753568649292,2630349
2018-01-11,18.350000381469727,18.639999389648438,18.299999237060547,18.639999389648438,14.923550605773926,4371469
2018-01-12,18.6299991607666,18.700000762939453,18.200000762939453,18.469999313354492,14.787445068359375,5195234
2018-01-15,18.350000381469727,18.670000076293945,18.200000762939453,18.25,14.611309051513672,2333777
2018-01-16,18.0,18.360000610351562,18.0,18.219999313354492,14.587291717529297,4496243
2018-01-17,18.25,18.860000610351562,18.1200008392334,18.790000915527344,15.043644905090332,5328109
2018-01-18,18.899999618530273,19.010000228881836,18.59000015258789,18.59000015258789,14.883520126342773,3486531
2018-01-19,18.549999237060547,18.549999237060547,18.200000762939453,18.5,14.811464309692383,2252357
2018-01-22,18.5,19.0,18.420000076293945,18.93000030517578,15.155730247497559,2519771
2018-01-23,19.020000457763672,19.020000457763672,18.600000381469727,18.8799991607666,15.115699768066406,2856525
2018-01-24,18.81999969482422,18.81999969482422,18.399999618530273,18.600000381469727,14.891525268554688,4757775
2018-01-25,18.59000015258789,18.59000015258789,18.200000762939453,18.209999084472656,14.579283714294434,3272496
2018-01-26,18.260000228881836,18.56999969482422,18.190000534057617,18.540000915527344,14.843488693237305,2741957
2018-01-29,18.540000915527344,18.709999084472656,18.299999237060547,18.540000915527344,14.843488693237305,3414724
2018-01-30,18.5,18.760000228881836,18.350000381469727,18.540000915527344,14.843488693237305,4335684
2018-01-31,18.43000030517578,18.520000457763672,18.260000228881836,18.299999237060547,14.651338577270508,3072832
2018-02-01,18.270000457763672,18.559999465942383,18.209999084472656,18.399999618530273,14.731401443481445,3016575
2018-02-02,18.3799991607666,18.469999313354492,18.110000610351562,18.170000076293945,14.547259330749512,2171980
2018-02-05,18.170000076293945,18.18000030517578,17.68000030517578,17.81999969482422,14.267044067382812,2633170
2018-02-06,17.719999313354492,17.719999313354492,17.31999969482422,17.420000076293945,13.946794509887695,2901754
2018-02-07,17.440000534057617,17.860000610351562,17.40999984741211,17.75,14.210999488830566,4658022
2018-02-08,17.760000228881836,17.760000228881836,17.350000381469727,17.579999923706055,14.074893951416016,3074867
2018-02-09,17.40999984741211,17.649999618530273,17.25,17.280000686645508,13.834708213806152,2974841
2018-02-12,17.399999618530273,17.920000076293945,17.34000015258789,17.809999465942383,14.259035110473633,2464430
2018-02-13,17.770000457763672,17.8700008392334,17.469999313354492,17.540000915527344,14.042869567871094,2434085
2018-02-14,17.59000015258789,17.719999313354492,17.139999389648438,17.18000030517578,13.754646301269531,3928220
2018-02-15,17.399999618530273,17.600000381469727,17.229999542236328,17.530000686645508,14.03486442565918,2092034
2018-02-16,17.530000686645508,17.84000015258789,17.520000457763672,17.700000762939453,14.170968055725098,1518864
2018-02-19,17.75,17.979999542236328,17.540000915527344,17.59000015258789,14.082901000976562,1575571
2018-02-20,17.59000015258789,17.81999969482422,17.31999969482422,17.3700008392334,13.906764030456543,1397225
2018-02-21,17.3700008392334,17.649999618530273,17.329999923706055,17.56999969482422,14.066886901855469,4646521
2018-02-22,17.56999969482422,17.719999313354492,17.329999923706055,17.65999984741211,14.138941764831543,3119999
2018-02-23,17.75,17.899999618530273,17.6200008392334,17.739999771118164,14.20299243927002,2383188
2018-02-26,17.75,17.899999618530273,17.729999542236328,17.81999969482422,14.267044067382812,2135986
2018-02-27,17.860000610351562,17.8700008392334,17.649999618530273,17.719999313354492,14.186981201171875,2312776
2018-02-28,17.709999084472656,18.209999084472656,17.6299991607666,18.020000457763672,14.427166938781738,3467265
2018-03-01,17.899999618530273,17.90999984741211,17.399999618530273,17.420000076293945,13.946794509887695,3420310
2018-03-02,17.309999465942383,17.5,17.209999084472656,17.34000015258789,13.882744789123535,1869756
2018-03-05,17.399999618530273,17.40999984741211,17.15999984741211,17.280000686645508,13.834708213806152,1531726
2018-03-06,17.40999984741211,17.610000610351562,17.360000610351562,17.549999237060547,14.050875663757324,1840557
2018-03-07,17.40999984741211,17.540000915527344,17.280000686645508,17.520000457763672,14.026857376098633,1537964
2018-03-08,17.5,17.540000915527344,17.290000915527344,17.440000534057617,13.96280574798584,1465443
2018-03-09,17.399999618530273,17.450000762939453,17.110000610351562,17.139999389648438,13.722620010375977,2186015
2018-03-12,17.219999313354492,17.350000381469727,17.15999984741211,17.239999771118164,13.802682876586914,2161107
2018-03-13,17.25,17.329999923706055,17.059999465942383,17.06999969482422,13.66657829284668,2698414
2018-03-14,17.079999923706055,17.079999923706055,16.719999313354492,16.860000610351562,13.49844741821289,4405493
2018-03-15,16.90999984741211,16.950000762939453,16.5,16.520000457763672,13.226238250732422,3223727
2018-03-16,16.59000015258789,16.959999084472656,16.559999465942383,16.84000015258789,13.482436180114746,4116887
2018-03-19,16.899999618530273,17.0,16.59000015258789,16.610000610351562,13.29829216003418,3111033
2018-03-20,16.690000534057617,16.709999084472656,16.40999984741211,16.530000686645508,13.234243392944336,2774443
2018-03-21,16.540000915527344,16.799999237060547,16.520000457763672,16.760000228881836,13.41838550567627,3374001
2018-03-22,16.84000015258789,16.8799991607666,16.56999969482422,16.670000076293945,13.346330642700195,1874821
2018-03-23,16.489999771118164,16.530000686645508,16.31999969482422,16.40999984741211,13.138168334960938,4558742
2018-03-26,16.5,16.520000457763672,16.15999984741211,16.18000030517578,12.954026222229004,3758606
2018-03-27,16.290000915527344,16.309999465942383,15.880000114440918,15.90999984741211,12.737858772277832,6706587
2018-03-28,15.829999923706055,16.049999237060547,15.770000457763672,15.9399995803833,12.761877059936523,6025935
2018-03-29,15.90999984741211,16.389999389648438,15.869999885559082,16.260000228881836,13.018075942993164,5485078
2018-03-30,16.399999618530273,16.40999984741211,16.280000686645508,16.389999389648438,13.122157096862793,870764
2018-04-02,16.1200008392334,16.1299991607666,15.850000381469727,15.90999984741211,13.012153625488281,925217
2018-04-03,15.9399995803833,15.949999809265137,15.600000381469727,15.640000343322754,12.791332244873047,5355333
2018-04-04,15.649999618530273,15.6899995803833,15.460000038146973,15.600000381469727,12.758617401123047,4799219
2018-04-05,15.630000114440918,16.040000915527344,15.600000381469727,16.020000457763672,13.102119445800781,3586391
2018-04-06,15.979999542236328,15.989999771118164,15.720000267028809,15.729999542236328,12.864938735961914,4227999
2018-04-09,15.800000190734863,15.800000190734863,15.569999694824219,15.649999618530273,12.799509048461914,2996792
2018-04-10,15.770000457763672,15.779999732971191,15.319999694824219,15.59000015258789,12.750438690185547,3334277
2018-04-11,15.529999732971191,15.65999984741211,15.100000381469727,15.329999923706055,12.537795066833496,6250843
2018-04-12,15.239999771118164,15.25,14.819999694824219,14.90999984741211,12.194293975830078,10354715
2018-04-13,15.0,15.010000228881836,14.880000114440918,14.890000343322754,12.177937507629395,3966690
2018-04-16,14.880000114440918,15.039999961853027,14.6899995803833,14.6899995803833,12.014365196228027,8153856
2018-04-17,14.880000114440918,14.949999809265137,14.5,14.8100004196167,12.112508773803711,9398644
2018-04-18,14.760000228881836,15.199999809265137,14.5,15.15999984741211,12.398758888244629,17913871
2018-04-19,15.140000343322754,15.1899995803833,14.970000267028809,15.140000343322754,12.382401466369629,5362037
2018-04-20,15.0600004196167,15.119999885559082,14.699999809265137,14.800000190734863,12.104328155517578,4796407
2018-04-23,14.800000190734863,14.800000190734863,14.800000190734863,14.800000190734863,12.104328155517578,0
2018-04-24,14.84000015258789,14.84000015258789,14.430000305175781,14.510000228881836,11.86715030670166,3818724
2018-04-25,14.520000457763672,14.550000190734863,13.770000457763672,13.829999923706055,11.311004638671875,8056645
2018-04-26,13.90999984741211,14.119999885559082,13.84000015258789,13.960000038146973,11.417326927185059,6225853
2018-04-27,13.5,14.34000015258789,13.5,14.149999618530273,11.57271957397461,10037109
2018-04-30,14.260000228881836,14.270000457763672,13.520000457763672,13.649999618530273,11.163789749145508,6232223
2018-05-01,13.649999618530273,13.649999618530273,13.649999618530273,13.649999618530273,11.163789749145508,0
2018-05-02,13.649999618530273,13.949999809265137,13.470000267028809,13.770000457763672,11.261934280395508,7805589
2018-05-03,13.720000267028809,13.729999542236328,13.350000381469727,13.399999618530273,10.95932388305664,6946193
2018-05-04,13.350000381469727,13.859999656677246,13.3100004196167,13.789999961853027,11.278289794921875,8806742
2018-05-07,13.8100004196167,13.8100004196167,13.5,13.670000076293945,11.180147171020508,8256246
2018-05-08,13.739999771118164,13.739999771118164,13.0,13.050000190734863,10.673073768615723,19104642
2018-05-09,12.979999542236328,13.520000457763672,12.8100004196167,13.260000228881836,10.844825744628906,10295120
2018-05-10,13.399999618530273,13.739999771118164,13.140000343322754,13.720000267028809,11.221040725708008,5694675
2018-05-11,13.720000267028809,13.779999732971191,13.40999984741211,13.470000267028809,11.01657485961914,5392683
2018-05-14,13.600000381469727,13.979999542236328,13.539999961853027,13.84000015258789,11.319182395935059,5482595
2018-05-15,13.720000267028809,13.760000228881836,13.3100004196167,13.489999771118164,11.03293228149414,5421915
2018-05-16,13.40999984741211,13.4399995803833,13.079999923706055,13.09000015258789,10.705788612365723,9400298
2018-05-17,13.050000190734863,13.359999656677246,13.020000457763672,13.319999694824219,10.893895149230957,11822239
2018-05-18,13.300000190734863,13.829999923706055,13.300000190734863,13.819999694824219,11.302825927734375,10870751
2018-05-21,13.819999694824219,13.930000305175781,13.479999542236328,13.579999923706055,11.106539726257324,6869280
2018-05-22,13.609999656677246,13.699999809265137,13.359999656677246,13.520000457763672,11.05746841430664,7220408
2018-05-23,13.550000190734863,13.720000267028809,13.399999618530273,13.470000267028809,11.01657485961914,7068888
2018-05-24,13.579999923706055,13.869999885559082,13.520000457763672,13.760000228881836,11.253754615783691,9692663
2018-05-25,13.880000114440918,14.270000457763672,13.739999771118164,14.09000015258789,11.523648262023926,9962482
2018-05-28,14.25,15.149999618530273,14.229999542236328,14.960000038146973,12.235186576843262,22810809
2018-05-29,15.050000190734863,15.050000190734863,14.489999771118164,14.649999618530273,11.981649398803711,10335237
2018-05-30,14.649999618530273,14.869999885559082,14.489999771118164,14.59000015258789,11.932579040527344,12825456
2018-05-31,14.720000267028809,14.75,14.09000015258789,14.100000381469727,11.531826972961426,11416396
2018-06-01,13.989999771118164,14.050000190734863,13.710000038146973,13.9399995803833,11.400968551635742,12915474
2018-06-04,13.949999809265137,14.239999771118164,13.949999809265137,14.0600004196167,11.499113082885742,8590385
2018-06-05,14.180000305175781,14.199999809265137,13.970000267028809,14.050000190734863,11.490933418273926,5126125
2018-06-06,14.100000381469727,14.119999885559082,13.600000381469727,13.800000190734863,11.286469459533691,7313358
2018-06-07,13.699999809265137,14.350000381469727,13.699999809265137,14.279999732971191,11.679040908813477,6839094
2018-06-08,14.1899995803833,14.229999542236328,13.90999984741211,14.029999732971191,11.474576950073242,5869730
2018-06-11,14.1899995803833,14.789999961853027,13.869999885559082,14.720000267028809,12.038900375366211,10064632
2018-06-12,14.479999542236328,14.5,14.020000457763672,14.15999984741211,11.580899238586426,6039858
2018-06-13,14.09000015258789,14.350000381469727,13.859999656677246,13.859999656677246,11.335540771484375,5221321
2018-06-14,13.869999885559082,14.289999961853027,13.760000228881836,13.949999809265137,11.409147262573242,4625818
2018-06-15,13.949999809265137,13.949999809265137,13.949999809265137,13.949999809265137,11.409147262573242,0
2018-06-18,13.920000076293945,14.020000457763672,13.789999961853027,13.880000114440918,11.351898193359375,4669284
2018-06-19,13.789999961853027,14.239999771118164,13.6899995803833,14.180000305175781,11.59725570678711,6537963
2018-06-20,14.15999984741211,14.329999923706055,13.989999771118164,14.130000114440918,11.556363105773926,5853993
2018-06-21,14.109999656677246,14.489999771118164,14.039999961853027,14.350000381469727,11.736291885375977,6829987
2018-06-22,14.40999984741211,14.960000038146973,14.260000228881836,14.430000305175781,11.80172061920166,8862779
2018-06-25,14.699999809265137,14.850000381469727,13.670000076293945,13.739999771118164,11.237397193908691,8971670
2018-06-26,13.789999961853027,13.859999656677246,13.5,13.550000190734863,11.082003593444824,5302544
2018-06-27,13.510000228881836,14.0,13.5,13.960000038146973,11.417326927185059,6311146
2018-06-28,13.9399995803833,14.1899995803833,13.859999656677246,13.930000305175781,11.392791748046875,5176419
2018-06-29,14.0,14.369999885559082,14.0,14.25,11.654505729675293,6762163
2018-07-02,14.079999923706055,14.579999923706055,13.890000343322754,14.329999923706055,11.719934463500977,5072262
2018-07-03,14.430000305175781,14.4399995803833,13.989999771118164,14.079999923706055,11.515470504760742,3852028
2018-07-04,14.069999694824219,14.199999809265137,14.020000457763672,14.0600004196167,11.499113082885742,2674921
2018-07-05,14.140000343322754,14.3100004196167,13.989999771118164,14.149999618530273,11.57271957397461,5275618
2018-07-06,14.149999618530273,14.270000457763672,14.020000457763672,14.100000381469727,11.531826972961426,3304863
2018-07-09,14.180000305175781,14.369999885559082,14.010000228881836,14.140000343322754,11.564541816711426,5555129
2018-07-10,13.989999771118164,13.989999771118164,13.640000343322754,13.6899995803833,11.196503639221191,8022404
2018-07-11,13.680000305175781,13.680000305175781,12.710000038146973,12.779999732971191,10.452252388000488,10970002
2018-07-12,12.899999618530273,12.930000305175781,12.350000381469727,12.569999694824219,10.280500411987305,21896874
2018-07-13,12.630000114440918,12.869999885559082,12.579999923706055,12.630000114440918,10.329573631286621,6507870
2018-07-16,12.720000267028809,12.869999885559082,12.550000190734863,12.8100004196167,10.476788520812988,3871389
2018-07-17,12.829999923706055,12.84000015258789,12.449999809265137,12.579999923706055,10.288679122924805,11795041
2018-07-18,12.640000343322754,12.65999984741211,12.359999656677246,12.569999694824219,10.280500411987305,8098523
2018-07-19,12.619999885559082,13.079999923706055,12.619999885559082,13.039999961853027,10.664896011352539,7141674
2018-07-20,13.050000190734863,13.140000343322754,12.90999984741211,13.079999923706055,10.697609901428223,4083367
2018-07-23,13.149999618530273,13.300000190734863,13.119999885559082,13.149999618530273,10.75485897064209,2981842
2018-07-24,13.15999984741211,13.279999732971191,12.800000190734863,12.920000076293945,10.566751480102539,6273526
2018-07-25,12.890000343322754,13.40999984741211,12.859999656677246,13.270000457763672,10.85300350189209,5715187
2018-07-26,13.34000015258789,13.579999923706055,13.210000038146973,13.449999809265137,11.000216484069824,4612456
2018-07-27,13.449999809265137,13.520000457763672,13.25,13.40999984741211,10.967504501342773,4502138
2018-07-30,13.4399995803833,13.539999961853027,13.3100004196167,13.470000267028809,11.01657485961914,3532588
2018-07-31,13.449999809265137,13.850000381469727,13.449999809265137,13.84000015258789,11.319182395935059,4387679
2018-08-01,13.970000267028809,14.010000228881836,13.59000015258789,13.989999771118164,11.441861152648926,5174519
2018-08-02,13.800000190734863,13.800000190734863,13.4399995803833,13.479999542236328,11.024754524230957,3659424
2018-08-03,13.40999984741211,13.539999961853027,13.329999923706055,13.420000076293945,10.975682258605957,4020343
2018-08-06,13.359999656677246,13.479999542236328,13.199999809265137,13.300000190734863,10.877538681030273,4382014
2018-08-07,13.3100004196167,13.619999885559082,13.229999542236328,13.579999923706055,11.106539726257324,4075030
2018-08-08,13.550000190734863,13.600000381469727,13.3100004196167,13.359999656677246,10.926610946655273,5821658
2018-08-09,13.15999984741211,13.649999618530273,13.119999885559082,13.369999885559082,10.934788703918457,5394783
2018-08-10,13.270000457763672,13.75,12.899999618530273,13.65999984741211,11.171968460083008,17158989
2018-08-13,13.4399995803833,14.220000267028809,13.270000457763672,14.119999885559082,11.54818344116211,15223863
2018-08-14,14.3100004196167,14.479999542236328,14.039999961853027,14.329999923706055,11.719934463500977,9082131
2018-08-15,14.5600004196167,15.010000228881836,14.319999694824219,14.75,12.063435554504395,16204994
2018-08-16,14.850000381469727,14.899999618530273,14.300000190734863,14.329999923706055,11.719934463500977,10444442
2018-08-17,14.289999961853027,14.880000114440918,14.199999809265137,14.850000381469727,12.145222663879395,7409402
2018-08-20,14.90999984741211,15.140000343322754,14.829999923706055,14.949999809265137,12.227007865905762,4885106
2018-08-21,14.949999809265137,14.949999809265137,14.949999809265137,14.949999809265137,12.227007865905762,0
2018-08-22,14.949999809265137,14.949999809265137,14.949999809265137,14.949999809265137,12.227007865905762,0
2018-08-23,14.949999809265137,14.949999809265137,14.949999809265137,14.949999809265137,12.227007865905762,0
2018-08-24,14.949999809265137,14.949999809265137,14.949999809265137,14.949999809265137,12.227007865905762,0
2018-08-27,14.899999618530273,15.3100004196167,14.619999885559082,14.800000190734863,12.104328155517578,6598115
2018-08-28,14.619999885559082,15.239999771118164,14.619999885559082,15.119999885559082,12.366044044494629,6809524
2018-08-29,15.020000457763672,15.380000114440918,14.989999771118164,15.119999885559082,12.366044044494629,4593561
2018-08-30,15.119999885559082,15.119999885559082,15.119999885559082,15.119999885559082,12.366044044494629,0
2018-08-31,15.020000457763672,15.140000343322754,14.729999542236328,15.029999732971191,12.292436599731445,4131868
2018-09-03,14.84000015258789,15.319999694824219,14.84000015258789,15.100000381469727,12.349686622619629,3573636
2018-09-04,15.020000457763672,15.270000457763672,14.869999885559082,14.970000267028809,12.243365287780762,3353829
2018-09-05,14.90999984741211,15.220000267028809,14.90999984741211,15.119999885559082,12.366044044494629,2790258
2018-09-06,15.0,15.430000305175781,14.960000038146973,15.0,12.267900466918945,2984754
2018-09-07,14.949999809265137,15.550000190734863,14.949999809265137,15.470000267028809,12.65229606628418,4227551
2018-09-10,15.460000038146973,15.5,15.130000114440918,15.34000015258789,12.545974731445312,2994170
2018-09-11,15.229999542236328,15.710000038146973,15.229999542236328,15.539999961853027,12.709545135498047,4134700
2018-09-12,15.699999809265137,15.789999961853027,15.460000038146973,15.510000228881836,12.685009956359863,2851698
2018-09-13,15.550000190734863,16.0,15.369999885559082,15.989999771118164,13.077582359313965,5315493
2018-09-14,16.049999237060547,16.40999984741211,15.819999694824219,16.299999237060547,13.3311185836792,5667047
2018-09-17,16.190000534057617,16.520000457763672,16.049999237060547,16.309999465942383,13.3392972946167,4558363
2018-09-18,16.309999465942383,16.5,16.25,16.440000534057617,13.445619583129883,3028445
2018-09-19,16.489999771118164,16.579999923706055,16.110000610351562,16.3700008392334,13.388370513916016,4342761
2018-09-20,16.5,16.739999771118164,16.309999465942383,16.639999389648438,13.60919189453125,3858056
2018-09-21,16.780000686645508,17.15999984741211,16.729999542236328,17.1299991607666,14.009942054748535,7067675
2018-09-24,17.350000381469727,17.350000381469727,16.760000228881836,17.049999237060547,13.944513320922852,5081008
2018-09-25,17.100000381469727,17.34000015258789,16.8700008392334,17.34000015258789,14.181693077087402,4582093
2018-09-26,17.399999618530273,17.399999618530273,16.739999771118164,16.84000015258789,13.772764205932617,3435243
2018-09-27,16.770000457763672,17.190000534057617,16.75,17.020000457763672,13.9199800491333,3985659
2018-09-28,16.979999542236328,17.170000076293945,16.760000228881836,17.149999618530273,14.026300430297852,4187607
2018-10-01,17.030000686645508,17.309999465942383,16.729999542236328,16.8700008392334,13.7972993850708,2772329
2018-10-02,16.780000686645508,16.8799991607666,16.440000534057617,16.770000457763672,13.715514183044434,3552537
2018-10-03,16.549999237060547,16.56999969482422,16.260000228881836,16.510000228881836,13.502869606018066,5640578
2018-10-04,16.469999313354492,16.6200008392334,16.18000030517578,16.219999313354492,13.265689849853516,8060958
2018-10-05,16.06999969482422,16.290000915527344,15.880000114440918,16.06999969482422,13.143012046813965,6401080
2018-10-08,15.649999618530273,16.239999771118164,15.649999618530273,16.100000381469727,13.167547225952148,5028639
2018-10-09,16.040000915527344,16.579999923706055,16.040000915527344,16.530000686645508,13.519227027893066,5144419
2018-10-10,16.530000686645508,16.8700008392334,16.100000381469727,16.280000686645508,13.314762115478516,6797659
2018-10-11,16.299999237060547,16.649999618530273,16.010000228881836,16.360000610351562,13.3801908493042,4544688
2018-10-12,16.469999313354492,16.889999389648438,16.110000610351562,16.6299991607666,13.601011276245117,8370710
2018-10-15,16.700000762939453,16.770000457763672,16.299999237060547,16.6200008392334,13.592836380004883,6017841
2018-10-16,16.649999618530273,16.65999984741211,16.389999389648438,16.440000534057617,13.445619583129883,4033296
2018-10-17,16.459999084472656,16.530000686645508,16.209999084472656,16.510000228881836,13.502869606018066,4777021
2018-10-18,16.530000686645508,16.65999984741211,16.239999771118164,16.399999618530273,13.412904739379883,2787732
2018-10-19,16.450000762939453,16.450000762939453,15.819999694824219,15.880000114440918,12.987617492675781,6021276
2018-10-22,15.920000076293945,16.0,15.6899995803833,15.84000015258789,12.954903602600098,5866318
2018-10-23,15.6899995803833,15.800000190734863,15.279999732971191,15.609999656677246,12.76679515838623,2808058
2018-10-24,15.729999542236328,15.899999618530273,15.399999618530273,15.899999618530273,13.003973960876465,2834870
2018-10-25,15.75,16.030000686645508,15.289999961853027,15.539999961853027,12.709545135498047,4688970
2018-10-26,15.5,15.869999885559082,15.489999771118164,15.5600004196167,12.725902557373047,5472973
2018-10-29,15.5600004196167,15.5600004196167,15.5600004196167,15.5600004196167,12.725902557373047,0
2018-10-30,15.579999923706055,15.649999618530273,15.229999542236328,15.369999885559082,12.570509910583496,4581755
2018-10-31,15.34000015258789,15.789999961853027,15.170000076293945,15.359999656677246,12.56233024597168,6869826
2018-11-01,15.5,15.6899995803833,15.220000267028809,15.319999694824219,12.529616355895996,4244831
2018-11-02,15.359999656677246,15.399999618530273,15.100000381469727,15.109999656677246,12.357866287231445,3893174
2018-11-05,15.210000038146973,15.789999961853027,14.90999984741211,15.789999961853027,12.914011001586914,4200978
2018-11-06,15.739999771118164,15.819999694824219,15.390000343322754,15.649999618530273,12.799509048461914,3895772
2018-11-07,15.569999694824219,15.600000381469727,15.399999618530273,15.529999732971191,12.701366424560547,3436274
2018-11-08,15.600000381469727,15.640000343322754,15.239999771118164,15.460000038146973,12.644116401672363,6231287
2018-11-09,15.420000076293945,15.420000076293945,15.020000457763672,15.380000114440918,12.57868766784668,3805660
2018-11-12,15.279999732971191,15.3100004196167,14.770000457763672,14.899999618530273,12.186115264892578,2790172
2018-11-13,14.819999694824219,15.079999923706055,14.59000015258789,15.029999732971191,12.292436599731445,2355189
2018-11-14,14.979999542236328,15.260000228881836,14.760000228881836,15.199999809265137,12.431472778320312,2418498
2018-11-15,15.1899995803833,15.199999809265137,14.829999923706055,14.930000305175781,12.210650444030762,2312185
2018-11-16,15.109999656677246,15.220000267028809,14.880000114440918,15.039999961853027,12.300615310668945,2570828
2018-11-19,15.039999961853027,15.100000381469727,14.9399995803833,14.989999771118164,12.259722709655762,2145357
2018-11-20,14.949999809265137,14.949999809265137,14.270000457763672,14.390000343322754,11.769006729125977,3377333
2018-11-21,14.5,14.550000190734863,14.149999618530273,14.329999923706055,11.719934463500977,2906850
2018-11-22,14.359999656677246,14.40999984741211,14.069999694824219,14.170000076293945,11.589077949523926,2529904
2018-11-23,14.140000343322754,14.180000305175781,14.029999732971191,14.130000114440918,11.556363105773926,1701431
2018-11-26,14.239999771118164,14.720000267028809,14.149999618530273,14.5,11.858970642089844,4693686
2018-11-27,14.489999771118164,14.489999771118164,14.010000228881836,14.130000114440918,11.556363105773926,3706437
2018-11-28,14.130000114440918,14.789999961853027,14.130000114440918,14.699999809265137,12.022541999816895,5168631
2018-11-29,14.960000038146973,15.380000114440918,14.850000381469727,15.270000457763672,12.488723754882812,5485888
2018-11-30,15.300000190734863,15.319999694824219,15.050000190734863,15.149999618530273,12.390579223632812,3538461
2018-12-03,15.489999771118164,15.800000190734863,15.289999961853027,15.3100004196167,12.521437644958496,3537885
2018-12-04,15.15999984741211,15.630000114440918,14.979999542236328,15.210000038146973,12.439652442932129,4581822
2018-12-05,15.260000228881836,15.380000114440918,15.069999694824219,15.229999542236328,12.456007957458496,3382600
2018-12-06,15.010000228881836,15.130000114440918,14.850000381469727,15.079999923706055,12.333330154418945,3336221
2018-12-07,15.25,15.319999694824219,15.069999694824219,15.140000343322754,12.382401466369629,1213592
2018-12-10,14.899999618530273,15.020000457763672,14.670000076293945,14.739999771118164,12.055257797241211,1925866
2018-12-11,14.6899995803833,14.899999618530273,14.470000267028809,14.5600004196167,11.90804386138916,2912257
2018-12-12,14.4399995803833,14.5,13.819999694824219,13.960000038146973,11.417326927185059,6109270
2018-12-13,14.039999961853027,14.359999656677246,13.970000267028809,14.170000076293945,11.589077949523926,3074610
2018-12-14,14.239999771118164,14.600000381469727,14.109999656677246,14.300000190734863,11.69540023803711,4907375
2018-12-17,14.520000457763672,14.520000457763672,14.270000457763672,14.380000114440918,11.760828018188477,1785505
2018-12-18,14.300000190734863,14.449999809265137,14.140000343322754,14.319999694824219,11.711755752563477,1851194
2018-12-19,14.319999694824219,14.350000381469727,14.069999694824219,14.3100004196167,11.703577995300293,2899946
2018-12-20,14.270000457763672,14.270000457763672,14.100000381469727,14.260000228881836,11.66268539428711,2393277
2018-12-21,14.170000076293945,14.359999656677246,14.0,14.260000228881836,11.66268539428711,2096111
2018-12-24,14.260000228881836,14.460000038146973,14.25,14.3100004196167,11.703577995300293,1083770
2018-12-25,14.149999618530273,14.3100004196167,14.140000343322754,14.289999961853027,11.68722152709961,398360
2018-12-26,14.300000190734863,14.390000343322754,14.210000038146973,14.329999923706055,11.719934463500977,536848
2018-12-27,14.380000114440918,14.380000114440918,13.989999771118164,14.020000457763672,11.466398239135742,2733087
2018-12-28,14.09000015258789,14.239999771118164,13.949999809265137,14.09000015258789,11.523648262023926,2061816
2018-12-31,14.130000114440918,14.229999542236328,14.010000228881836,14.210000038146973,11.62179183959961,1348794
2019-01-01,14.210000038146973,14.210000038146973,14.210000038146973,14.210000038146973,11.62179183959961,0
2019-01-02,14.130000114440918,14.270000457763672,13.960000038146973,14.199999809265137,11.613612174987793,4244189
2019-01-03,14.039999961853027,14.279999732971191,13.829999923706055,13.869999885559082,11.343719482421875,4153777
2019-01-04,13.649999618530273,13.850000381469727,13.550000190734863,13.619999885559082,11.139253616333008,3562041
2019-01-07,13.680000305175781,13.75,13.619999885559082,13.699999809265137,11.204683303833008,3670544
2019-01-08,13.75,14.140000343322754,13.640000343322754,14.140000343322754,11.564541816711426,3312745
2019-01-09,14.149999618530273,14.569999694824219,14.079999923706055,14.430000305175781,11.80172061920166,2439737
2019-01-10,14.539999961853027,14.949999809265137,14.380000114440918,14.739999771118164,12.055257797241211,3933047
2019-01-11,14.760000228881836,15.039999961853027,14.739999771118164,14.920000076293945,12.202471733093262,2656790
2019-01-14,14.979999542236328,14.989999771118164,14.699999809265137,14.989999771118164,12.259722709655762,1931020
2019-01-15,15.100000381469727,15.25,14.9399995803833,15.100000381469727,12.349686622619629,2171892
2019-01-16,15.039999961853027,15.369999885559082,14.850000381469727,15.34000015258789,12.545974731445312,3299591
2019-01-17,15.510000228881836,15.710000038146973,15.329999923706055,15.600000381469727,12.758617401123047,2436002
2019-01-18,15.5600004196167,16.270000457763672,15.430000305175781,16.190000534057617,13.241154670715332,3790781
2019-01-21,16.219999313354492,16.239999771118164,15.699999809265137,15.829999923706055,12.946723937988281,4343316
2019-01-22,15.739999771118164,16.15999984741211,15.720000267028809,16.15999984741211,13.216618537902832,2511943
2019-01-23,16.190000534057617,16.780000686645508,16.139999389648438,16.440000534057617,13.445619583129883,5426589
2019-01-24,16.459999084472656,16.979999542236328,16.399999618530273,16.979999542236328,13.887263298034668,4589986
2019-01-25,17.100000381469727,17.209999084472656,16.809999465942383,16.959999084472656,13.870904922485352,6625794
2019-01-28,16.940000534057617,17.079999923706055,16.860000610351562,16.90999984741211,13.830012321472168,3020915
2019-01-29,16.84000015258789,17.3799991607666,16.829999923706055,17.3700008392334,14.206231117248535,3170117
2019-01-30,17.31999969482422,17.530000686645508,17.18000030517578,17.190000534057617,14.059016227722168,3896367
2019-01-31,17.40999984741211,17.75,17.209999084472656,17.329999923706055,14.173515319824219,3372194
2019-02-01,17.299999237060547,17.489999771118164,16.979999542236328,16.979999542236328,13.887263298034668,2299058
2019-02-04,16.989999771118164,17.260000228881836,16.850000381469727,16.90999984741211,13.830012321472168,2981999
2019-02-05,16.989999771118164,17.360000610351562,16.989999771118164,17.25,14.108087539672852,1441127
2019-02-06,17.299999237060547,17.59000015258789,17.030000686645508,17.540000915527344,14.345266342163086,2818971
2019-02-07,17.719999313354492,17.719999313354492,16.93000030517578,17.1299991607666,14.009942054748535,2626058
2019-02-08,17.020000457763672,17.190000534057617,16.940000534057617,17.079999923706055,13.969049453735352,1599218
2019-02-11,17.350000381469727,17.639999389648438,17.209999084472656,17.309999465942383,14.15715503692627,2088876
2019-02-12,17.260000228881836,17.5,17.260000228881836,17.40999984741211,14.238943099975586,1284365
2019-02-13,17.579999923706055,17.639999389648438,17.06999969482422,17.100000381469727,13.985406875610352,3220656
2019-02-14,17.270000457763672,17.389999389648438,17.049999237060547,17.239999771118164,14.099907875061035,2863959
2019-02-15,17.110000610351562,17.600000381469727,17.110000610351562,17.600000381469727,14.394338607788086,4064836
2019-02-18,17.850000381469727,17.860000610351562,17.15999984741211,17.329999923706055,14.173515319824219,4574320
2019-02-19,17.309999465942383,17.420000076293945,16.899999618530273,17.309999465942383,14.15715503692627,2162733
2019-02-20,17.399999618530273,17.829999923706055,17.329999923706055,17.75,14.517017364501953,4447194
2019-02-21,17.700000762939453,17.75,17.389999389648438,17.610000610351562,14.402514457702637,3214081
2019-02-22,17.6200008392334,18.239999771118164,17.5,18.049999237060547,14.762373924255371,5170462
2019-02-25,18.399999618530273,18.700000762939453,18.3799991607666,18.450000762939453,15.089519500732422,4259409
2019-02-26,18.350000381469727,18.709999084472656,18.309999465942383,18.65999984741211,15.261269569396973,3024026
2019-02-27,18.670000076293945,18.729999542236328,18.280000686645508,18.690000534057617,15.28580379486084,2950441
2019-02-28,18.610000610351562,18.81999969482422,18.540000915527344,18.809999465942383,15.383946418762207,3737081
2019-03-01,18.649999618530273,18.969999313354492,18.15999984741211,18.389999389648438,15.040444374084473,4358268
2019-03-04,18.399999618530273,18.81999969482422,18.209999084472656,18.510000228881836,15.138589859008789,6198895
2019-03-05,18.559999465942383,18.81999969482422,18.3799991607666,18.600000381469727,15.212196350097656,2453350
2019-03-06,18.65999984741211,18.780000686645508,18.440000534057617,18.459999084472656,15.097696304321289,2200033
2019-03-07,18.309999465942383,18.520000457763672,18.209999084472656,18.34000015258789,14.999552726745605,4108103
2019-03-08,18.25,18.25,17.950000762939453,18.1200008392334,14.819625854492188,2371753
2019-03-11,18.079999923706055,18.1200008392334,17.690000534057617,17.899999618530273,14.63969612121582,2415756
2019-03-12,17.8799991607666,18.059999465942383,17.739999771118164,18.020000457763672,14.737839698791504,2490303
2019-03-13,18.09000015258789,18.25,17.93000030517578,18.209999084472656,14.893231391906738,1923471
2019-03-14,18.100000381469727,18.170000076293945,17.959999084472656,18.059999465942383,14.770553588867188,1732401
2019-03-15,18.489999771118164,18.489999771118164,18.040000915527344,18.25,14.925945281982422,1829555
2019-03-18,18.399999618530273,18.43000030517578,18.09000015258789,18.280000686645508,14.950482368469238,2349261
2019-03-19,18.09000015258789,18.690000534057617,17.8700008392334,18.65999984741211,15.261269569396973,3680120
2019-03-20,18.290000915527344,18.639999389648438,18.209999084472656,18.229999542236328,14.909586906433105,1270667
2019-03-21,18.34000015258789,18.350000381469727,17.979999542236328,18.040000915527344,14.754195213317871,2962971
2019-03-22,18.1299991607666,18.15999984741211,17.59000015258789,17.799999237060547,14.557909965515137,4019054
2019-03-25,17.8799991607666,18.1200008392334,17.639999389648438,17.780000686645508,14.541552543640137,3142370
2019-03-26,17.709999084472656,17.81999969482422,17.100000381469727,17.1200008392334,14.001765251159668,5753320
2019-03-27,17.18000030517578,17.280000686645508,15.800000190734863,15.829999923706055,12.946723937988281,8021607
2019-03-28,15.989999771118164,16.799999237060547,15.770000457763672,16.100000381469727,13.167547225952148,7367528
2019-03-29,16.020000457763672,16.219999313354492,15.5,16.110000610351562,13.175725936889648,4281928
2019-04-01,15.75,16.719999313354492,15.460000038146973,16.100000381469727,13.501093864440918,5681351
2019-04-02,16.010000228881836,16.790000915527344,15.930000305175781,16.639999389648438,13.953925132751465,4096220
2019-04-03,16.540000915527344,16.760000228881836,16.479999542236328,16.56999969482422,13.895223617553711,2243574
2019-04-04,16.520000457763672,16.93000030517578,16.489999771118164,16.889999389648438,14.163570404052734,2446818
2019-04-05,18.010000228881836,18.010000228881836,17.049999237060547,17.200000762939453,14.423530578613281,3510480
2019-04-08,17.219999313354492,17.239999771118164,16.799999237060547,16.899999618530273,14.171956062316895,1418511
2019-04-09,16.93000030517578,17.219999313354492,16.93000030517578,17.079999923706055,14.322900772094727,1577382
2019-04-10,17.1200008392334,17.219999313354492,16.709999084472656,17.0,14.255813598632812,853832
2019-04-11,16.75,17.09000015258789,16.719999313354492,16.899999618530273,14.171956062316895,2433402
2019-04-12,16.649999618530273,16.760000228881836,16.3799991607666,16.6200008392334,13.937155723571777,2501175
2019-04-15,16.540000915527344,16.719999313354492,16.229999542236328,16.299999237060547,13.668808937072754,2357105
2019-04-16,16.299999237060547,16.65999984741211,16.239999771118164,16.360000610351562,13.719124794006348,5466447
2019-04-17,16.540000915527344,17.200000762939453,16.5,17.049999237060547,14.297741889953613,4618659
2019-04-18,17.020000457763672,17.25,16.850000381469727,16.959999084472656,14.222270011901855,3024332
2019-04-19,16.93000030517578,17.0,16.780000686645508,16.969999313354492,14.230655670166016,1034617
2019-04-22,16.799999237060547,17.100000381469727,16.739999771118164,17.0,14.255813598632812,1617684
2019-04-23,17.0,17.0,17.0,17.0,14.255813598632812,0
2019-04-24,16.920000076293945,17.030000686645508,16.639999389648438,16.670000076293945,13.979083061218262,6951043
2019-04-25,16.56999969482422,16.8799991607666,16.06999969482422,16.34000015258789,13.702351570129395,6087540
2019-04-26,16.450000762939453,16.459999084472656,16.190000534057617,16.25,13.626880645751953,4506386
2019-04-29,16.3700008392334,16.489999771118164,16.079999923706055,16.100000381469727,13.501093864440918,5153109
2019-04-30,16.149999618530273,16.299999237060547,16.100000381469727,16.1200008392334,13.517865180969238,8928427
2019-05-01,16.1200008392334,16.1200008392334,16.1200008392334,16.1200008392334,13.517865180969238,0
2019-05-02,16.239999771118164,16.59000015258789,16.09000015258789,16.420000076293945,13.769438743591309,4105267
2019-05-03,16.530000686645508,16.549999237060547,16.299999237060547,16.40999984741211,13.761053085327148,3235960
2019-05-06,16.25,16.25,15.770000457763672,16.100000381469727,13.501093864440918,2751433
2019-05-07,15.75,15.989999771118164,15.520000457763672,15.609999656677246,13.090191841125488,6434525
2019-05-08,15.550000190734863,15.630000114440918,15.210000038146973,15.300000190734863,12.830232620239258,5979947
2019-05-09,15.300000190734863,15.449999809265137,15.079999923706055,15.300000190734863,12.830232620239258,5150342
2019-05-10,15.3100004196167,15.5,15.09000015258789,15.369999885559082,12.888932228088379,5161400
2019-05-13,15.300000190734863,15.380000114440918,14.770000457763672,15.100000381469727,12.662516593933105,4147869
2019-05-14,15.109999656677246,15.539999961853027,14.90999984741211,15.430000305175781,12.939247131347656,4525342
2019-05-15,15.449999809265137,15.479999542236328,15.079999923706055,15.359999656677246,12.880545616149902,2898305
2019-05-16,15.34000015258789,15.680000305175781,15.34000015258789,15.5600004196167,13.048261642456055,6300404
2019-05-17,15.399999618530273,15.600000381469727,15.15999984741211,15.199999809265137,12.746374130249023,3540803
2019-05-20,15.210000038146973,15.25,15.0600004196167,15.140000343322754,12.696060180664062,2264738
2019-05-21,15.1899995803833,15.220000267028809,14.760000228881836,14.819999694824219,12.427715301513672,2833899
2019-05-22,14.779999732971191,15.0,14.550000190734863,14.579999923706055,12.226456642150879,3106423
2019-05-23,14.529999732971191,14.979999542236328,14.529999732971191,14.779999732971191,12.394171714782715,3651641
2019-05-24,14.890000343322754,15.199999809265137,14.890000343322754,15.100000381469727,12.662516593933105,3422572
2019-05-27,15.199999809265137,15.239999771118164,14.989999771118164,15.029999732971191,12.603816032409668,1945107
2019-05-28,15.130000114440918,15.760000228881836,15.130000114440918,15.399999618530273,12.91408920288086,6070967
2019-05-29,15.270000457763672,15.550000190734863,15.270000457763672,15.430000305175781,12.939247131347656,4312328
2019-05-30,15.550000190734863,16.229999542236328,15.550000190734863,16.030000686645508,13.442394256591797,7621590
2019-05-31,16.0,16.25,15.770000457763672,16.06999969482422,13.475936889648438,3692128
2019-06-03,16.18000030517578,16.209999084472656,15.859999656677246,15.949999809265137,13.3753080368042,1226832
2019-06-04,15.949999809265137,15.949999809265137,15.949999809265137,15.949999809265137,13.3753080368042,0
2019-06-05,15.949999809265137,15.949999809265137,15.949999809265137,15.949999809265137,13.3753080368042,0
2019-06-06,15.949999809265137,15.949999809265137,15.949999809265137,15.949999809265137,13.3753080368042,0
2019-06-07,15.949999809265137,16.84000015258789,15.829999923706055,16.700000762939453,14.004240036010742,5911060
2019-06-10,16.760000228881836,16.940000534057617,16.25,16.579999923706055,13.903610229492188,4805708
2019-06-11,16.59000015258789,16.75,16.420000076293945,16.489999771118164,13.82813835144043,4371678
2019-06-12,16.450000762939453,16.84000015258789,16.450000762939453,16.530000686645508,13.86168384552002,3964386
2019-06-13,16.56999969482422,16.65999984741211,16.1299991607666,16.229999542236328,13.610108375549316,3418312
2019-06-14,16.25,16.639999389648438,16.030000686645508,16.559999465942383,13.886838912963867,4202128
2019-06-17,16.219999313354492,16.829999923706055,16.219999313354492,16.729999542236328,14.029397010803223,7518169
2019-06-18,16.690000534057617,17.5,16.65999984741211,17.450000762939453,14.633174896240234,11035983
2019-06-19,17.489999771118164,17.600000381469727,17.170000076293945,17.40999984741211,14.599629402160645,6519716
2019-06-20,17.84000015258789,17.90999984741211,17.40999984741211,17.6299991607666,14.784116744995117,6331853
2019-06-21,17.520000457763672,17.56999969482422,17.170000076293945,17.25,14.465458869934082,4332202
2019-06-24,17.739999771118164,17.90999984741211,17.3700008392334,17.600000381469727,14.75895881652832,3795622
2019-06-25,17.540000915527344,17.989999771118164,17.520000457763672,17.799999237060547,14.926673889160156,4011119
2019-06-26,17.799999237060547,17.84000015258789,17.3799991607666,17.420000076293945,14.608017921447754,2875324
2019-06-27,17.459999084472656,17.68000030517578,17.389999389648438,17.399999618530273,14.591243743896484,2925779
2019-06-28,17.3700008392334,17.65999984741211,17.280000686645508,17.540000915527344,14.70864486694336,2819858
2019-07-01,17.639999389648438,18.0,17.610000610351562,17.90999984741211,15.018919944763184,2639417
2019-07-02,17.860000610351562,18.040000915527344,17.729999542236328,17.8700008392334,14.98537540435791,2198803
2019-07-03,18.0,18.06999969482422,17.829999923706055,18.030000686645508,15.119547843933105,1752896
2019-07-04,18.030000686645508,18.09000015258789,17.690000534057617,17.799999237060547,14.926673889160156,1343238
2019-07-05,17.690000534057617,17.850000381469727,17.479999542236328,17.65999984741211,14.809273719787598,2462781
2019-07-08,17.5,17.799999237060547,17.3799991607666,17.75,14.884746551513672,2197661
2019-07-09,17.639999389648438,17.690000534057617,17.329999923706055,17.420000076293945,14.608017921447754,2461148
2019-07-10,17.3700008392334,17.940000534057617,17.329999923706055,17.90999984741211,15.018919944763184,3649747
2019-07-11,17.969999313354492,18.219999313354492,17.860000610351562,18.1200008392334,15.19502067565918,3148910
2019-07-12,18.219999313354492,18.309999465942383,17.899999618530273,17.959999084472656,15.060848236083984,3576187
2019-07-15,17.959999084472656,17.959999084472656,17.959999084472656,17.959999084472656,15.060848236083984,0
2019-07-16,18.0,18.389999389648438,17.860000610351562,18.229999542236328,15.287261009216309,3831509
2019-07-17,18.200000762939453,18.5,18.200000762939453,18.3799991607666,15.413050651550293,1936459
2019-07-18,18.350000381469727,18.850000381469727,18.219999313354492,18.739999771118164,15.714937210083008,3458506
2019-07-19,18.93000030517578,19.06999969482422,18.770000457763672,18.899999618530273,15.849109649658203,6781166
2019-07-22,18.899999618530273,18.940000534057617,18.56999969482422,18.700000762939453,15.681395530700684,3031698
2019-07-23,18.68000030517578,19.200000762939453,18.579999923706055,19.149999618530273,16.058753967285156,2393860
2019-07-24,19.200000762939453,19.299999237060547,18.979999542236328,19.229999542236328,16.125839233398438,1851940
2019-07-25,19.299999237060547,19.360000610351562,18.790000915527344,19.06999969482422,15.991666793823242,2329014
2019-07-26,19.100000381469727,19.329999923706055,18.889999389648438,19.1200008392334,16.033599853515625,2931042
2019-07-29,19.1299991607666,19.15999984741211,18.860000610351562,19.030000686645508,15.958125114440918,1537008
2019-07-30,19.200000762939453,19.200000762939453,18.530000686645508,18.670000076293945,15.656237602233887,3053880
2019-07-31,18.649999618530273,18.81999969482422,18.260000228881836,18.81999969482422,15.782025337219238,2411145
2019-08-01,18.6299991607666,18.770000457763672,18.350000381469727,18.68000030517578,15.664623260498047,2075758
2019-08-02,18.600000381469727,18.639999389648438,18.110000610351562,18.170000076293945,15.236948013305664,2585780
2019-08-05,18.100000381469727,18.31999969482422,18.0,18.030000686645508,15.119547843933105,1846787
2019-08-06,18.0,18.610000610351562,18.0,18.3700008392334,15.404664993286133,2491743
2019-08-07,18.270000457763672,18.690000534057617,17.68000030517578,17.850000381469727,14.968605995178223,3681791
2019-08-08,18.0,18.290000915527344,17.799999237060547,18.290000915527344,15.337579727172852,2822671
2019-08-09,18.420000076293945,18.420000076293945,17.90999984741211,18.040000915527344,15.127933502197266,1851945
2019-08-12,18.040000915527344,18.040000915527344,18.040000915527344,18.040000915527344,15.127933502197266,0
2019-08-13,18.040000915527344,18.040000915527344,18.040000915527344,18.040000915527344,15.127933502197266,0
2019-08-14,18.040000915527344,18.040000915527344,18.040000915527344,18.040000915527344,15.127933502197266,0
2019-08-15,18.15999984741211,18.25,17.610000610351562,17.75,14.884746551513672,4727345
2019-08-16,17.979999542236328,18.290000915527344,17.84000015258789,18.049999237060547,15.136320114135742,5883556
2019-08-19,18.040000915527344,18.389999389648438,17.399999618530273,17.40999984741211,14.599629402160645,3060231
2019-08-20,17.350000381469727,17.639999389648438,17.149999618530273,17.540000915527344,14.70864486694336,3066558
2019-08-21,17.5,17.709999084472656,17.399999618530273,17.510000228881836,14.683486938476562,3007957
2019-08-22,17.559999465942383,17.59000015258789,17.079999923706055,17.450000762939453,14.633174896240234,3733993
2019-08-23,17.450000762939453,17.850000381469727,17.260000228881836,17.81999969482422,14.943446159362793,2934081
2019-08-26,17.700000762939453,17.809999465942383,17.5,17.790000915527344,14.918289184570312,1614321
2019-08-27,17.770000457763672,17.790000915527344,17.420000076293945,17.510000228881836,14.683486938476562,3344793
2019-08-28,17.420000076293945,17.510000228881836,17.030000686645508,17.40999984741211,14.599629402160645,2954721
2019-08-29,17.479999542236328,17.760000228881836,17.360000610351562,17.389999389648438,14.582858085632324,4154509
2019-08-30,17.389999389648438,17.389999389648438,17.389999389648438,17.389999389648438,14.582858085632324,0
2019-09-02,17.459999084472656,18.030000686645508,17.31999969482422,17.780000686645508,14.909904479980469,3500035
2019-09-03,17.770000457763672,18.15999984741211,17.639999389648438,17.959999084472656,15.060848236083984,3906623
2019-09-04,18.18000030517578,18.270000457763672,17.969999313354492,18.139999389648438,15.211791038513184,2557055
2019-09-05,18.209999084472656,18.34000015258789,18.110000610351562,18.34000015258789,15.37950611114502,2744098
2019-09-06,18.389999389648438,18.389999389648438,17.899999618530273,17.989999771118164,15.086004257202148,3094282
2019-09-09,18.18000030517578,18.309999465942383,18.030000686645508,18.06999969482422,15.153091430664062,1729195
2019-09-10,18.06999969482422,18.270000457763672,17.959999084472656,18.200000762939453,15.262107849121094,1914714
2019-09-11,18.280000686645508,18.68000030517578,18.229999542236328,18.600000381469727,15.59753704071045,2366346
2019-09-12,18.610000610351562,18.639999389648438,18.350000381469727,18.469999313354492,15.488521575927734,2323160
2019-09-13,18.5,18.530000686645508,18.329999923706055,18.479999542236328,15.496908187866211,1259679
2019-09-16,18.399999618530273,18.799999237060547,18.309999465942383,18.700000762939453,15.681395530700684,2400683
2019-09-17,18.719999313354492,18.81999969482422,18.309999465942383,18.34000015258789,15.37950611114502,2241188
2019-09-18,18.31999969482422,18.3799991607666,18.0,18.219999313354492,15.278878211975098,2664588
2019-09-19,18.329999923706055,18.350000381469727,17.860000610351562,18.110000610351562,15.18663501739502,2806381
2019-09-20,18.110000610351562,18.329999923706055,17.969999313354492,18.06999969482422,15.153091430664062,2478739
2019-09-23,18.149999618530273,18.15999984741211,17.809999465942383,17.93000030517578,15.035691261291504,1674571
2019-09-24,18.270000457763672,18.549999237060547,18.18000030517578,18.549999237060547,15.555607795715332,6383347
2019-09-25,18.540000915527344,18.690000534057617,18.399999618530273,18.610000610351562,15.605925559997559,5544452
2019-09-26,18.639999389648438,18.770000457763672,18.3700008392334,18.719999313354492,15.698164939880371,3995819
2019-09-27,18.700000762939453,19.149999618530273,18.639999389648438,19.139999389648438,16.05036735534668,3331826
2019-09-30,19.309999465942383,19.59000015258789,18.969999313354492,19.010000228881836,15.941354751586914,2031352
2019-10-01,19.0,19.020000457763672,18.549999237060547,18.729999542236328,15.706550598144531,6193376
2019-10-02,18.649999618530273,18.979999542236328,18.600000381469727,18.829999923706055,15.790410041809082,3918927
2019-10-03,18.860000610351562,19.1299991607666,18.709999084472656,18.799999237060547,15.765251159667969,3041526
2019-10-04,18.81999969482422,19.0,18.75,18.780000686645508,15.748481750488281,2165251
2019-10-07,18.780000686645508,19.43000030517578,18.700000762939453,19.110000610351562,16.025211334228516,4961375
2019-10-08,19.0,19.299999237060547,18.90999984741211,19.239999771118164,16.134227752685547,8586752
2019-10-09,19.25,19.299999237060547,18.40999984741211,18.5,15.513678550720215,6002866
2019-10-10,18.520000457763672,18.639999389648438,17.889999389648438,18.190000534057617,15.2537202835083,5292834
2019-10-11,18.280000686645508,18.389999389648438,18.100000381469727,18.209999084472656,15.270492553710938,3240680
2019-10-14,18.09000015258789,18.09000015258789,16.989999771118164,17.610000610351562,14.767346382141113,7072583
2019-10-15,17.780000686645508,17.920000076293945,17.639999389648438,17.65999984741211,14.809273719787598,3144946
2019-10-16,17.489999771118164,17.75,16.8799991607666,17.65999984741211,14.809273719787598,5425463
2019-10-17,17.68000030517578,17.989999771118164,17.34000015258789,17.920000076293945,15.02730655670166,4618380
2019-10-18,18.18000030517578,18.559999465942383,18.1299991607666,18.309999465942383,15.354351043701172,4533200
2019-10-21,18.350000381469727,18.350000381469727,17.690000534057617,17.81999969482422,14.943446159362793,2745562
2019-10-22,17.8700008392334,18.219999313354492,17.799999237060547,18.219999313354492,15.278878211975098,1927971
2019-10-23,18.329999923706055,18.540000915527344,18.200000762939453,18.530000686645508,15.538837432861328,2366028
2019-10-24,18.600000381469727,18.719999313354492,18.420000076293945,18.639999389648438,15.631082534790039,2462445
2019-10-25,18.6200008392334,18.889999389648438,18.610000610351562,18.809999465942383,15.773638725280762,1484610
2019-10-28,18.75,18.979999542236328,18.670000076293945,18.670000076293945,15.656237602233887,2007806
2019-10-30,18.670000076293945,18.959999084472656,18.440000534057617,18.790000915527344,15.756866455078125,4531100
2019-10-31,18.760000228881836,18.899999618530273,18.700000762939453,18.780000686645508,15.748481750488281,3311705
2019-11-01,18.8799991607666,18.8799991607666,18.309999465942383,18.559999465942383,15.563992500305176,2255738
2019-11-04,18.799999237060547,19.200000762939453,18.559999465942383,19.110000610351562,16.025211334228516,2287398
2019-11-05,19.100000381469727,19.1299991607666,18.90999984741211,19.100000381469727,16.016826629638672,1485482
2019-11-06,19.18000030517578,19.450000762939453,18.90999984741211,19.34000015258789,16.21808624267578,3280212
2019-11-07,19.479999542236328,19.799999237060547,19.3700008392334,19.799999237060547,16.60382843017578,2254926
2019-11-08,19.860000610351562,20.1200008392334,19.780000686645508,19.959999084472656,16.738000869750977,3616629
2019-11-11,20.0,20.219999313354492,19.760000228881836,20.040000915527344,16.805089950561523,3243021
2019-11-12,20.0,20.459999084472656,19.950000762939453,20.100000381469727,16.855403900146484,4188591
2019-11-13,19.90999984741211,20.219999313354492,19.780000686645508,20.1200008392334,16.872175216674805,4679195
2019-11-14,20.200000762939453,20.3799991607666,20.059999465942383,20.260000228881836,16.98957633972168,7018787
2019-11-15,20.399999618530273,20.81999969482422,20.299999237060547,20.65999984741211,17.32500648498535,3235444
2019-11-18,20.65999984741211,21.0,20.600000381469727,20.81999969482422,17.459177017211914,3371823
2019-11-19,21.0,21.139999389648438,20.760000228881836,20.899999618530273,17.526264190673828,3998430
2019-11-20,20.860000610351562,20.8799991607666,20.520000457763672,20.520000457763672,17.207603454589844,3560583
2019-11-21,20.600000381469727,20.799999237060547,20.440000534057617,20.68000030517578,17.341779708862305,2861366
2019-11-22,20.600000381469727,20.700000762939453,20.31999969482422,20.479999542236328,17.174062728881836,2960280
2019-11-25,20.200000762939453,20.6200008392334,20.020000457763672,20.020000457763672,16.78831672668457,9589175
2019-11-26,20.040000915527344,20.100000381469727,19.510000228881836,19.75,16.561901092529297,8395934
2019-11-27,19.700000762939453,19.950000762939453,19.670000076293945,19.850000381469727,16.6457576751709,4094985
2019-11-28,19.979999542236328,20.139999389648438,19.860000610351562,20.100000381469727,16.855403900146484,1864747
2019-11-29,20.18000030517578,20.260000228881836,19.8700008392334,19.969999313354492,16.746387481689453,2999774
2019-12-02,20.040000915527344,20.65999984741211,20.040000915527344,20.600000381469727,17.27469253540039,7582422
2019-12-03,20.65999984741211,20.65999984741211,20.100000381469727,20.18000030517578,16.922489166259766,5188103
2019-12-04,20.15999984741211,20.299999237060547,19.809999465942383,19.889999389648438,16.679302215576172,4597703
2019-12-05,20.040000915527344,20.100000381469727,19.81999969482422,19.979999542236328,16.75477409362793,3871541
2019-12-06,20.100000381469727,20.260000228881836,19.84000015258789,20.219999313354492,16.95603370666504,2331411
2019-12-09,20.100000381469727,20.18000030517578,19.8799991607666,19.989999771118164,16.763158798217773,2717431
2019-12-10,19.979999542236328,20.020000457763672,19.56999969482422,19.610000610351562,16.444501876831055,3406119
2019-12-11,19.639999389648438,19.829999923706055,19.56999969482422,19.760000228881836,16.57028579711914,2249204
2019-12-12,19.93000030517578,20.200000762939453,19.809999465942383,20.15999984741211,16.905717849731445,3685140
2019-12-13,20.34000015258789,20.459999084472656,20.100000381469727,20.420000076293945,17.123748779296875,5115691
2019-12-16,20.399999618530273,20.65999984741211,20.15999984741211,20.200000762939453,16.93926239013672,5090050
2019-12-17,20.239999771118164,20.299999237060547,19.790000915527344,19.829999923706055,16.628986358642578,4288469
2019-12-18,19.790000915527344,19.940000534057617,19.56999969482422,19.920000076293945,16.704458236694336,3070829
2019-12-19,19.899999618530273,20.040000915527344,19.709999084472656,19.799999237060547,16.60382843017578,2437740
2019-12-20,19.81999969482422,19.979999542236328,19.68000030517578,19.75,16.561901092529297,1954106
2019-12-23,19.760000228881836,20.100000381469727,19.65999984741211,20.100000381469727,16.855403900146484,2338937
2019-12-24,20.260000228881836,20.260000228881836,19.989999771118164,20.040000915527344,16.805089950561523,1128179
2019-12-25,20.079999923706055,20.100000381469727,19.899999618530273,19.899999618530273,16.687685012817383,683534
2019-12-26,19.959999084472656,20.1200008392334,19.93000030517578,19.969999313354492,16.746387481689453,1060232
2019-12-27,20.040000915527344,20.079999923706055,19.899999618530273,19.959999084472656,16.738000869750977,2141790
2019-12-30,20.0,20.219999313354492,19.950000762939453,20.100000381469727,16.855403900146484,2010878
2019-12-31,20.139999389648438,20.520000457763672,20.100000381469727,20.34000015258789,17.056659698486328,2434083
2020-01-02,20.420000076293945,20.440000534057617,20.239999771118164,20.31999969482422,17.039888381958008,2422263
2020-01-03,20.299999237060547,20.440000534057617,19.969999313354492,20.299999237060547,17.02311897277832,3107735
2020-01-06,20.34000015258789,20.34000015258789,19.969999313354492,20.079999923706055,16.83863067626953,1825254
2020-01-07,20.219999313354492,20.280000686645508,19.920000076293945,19.940000534057617,16.721233367919922,2682724
2020-01-08,19.889999389648438,19.950000762939453,19.65999984741211,19.899999618530273,16.687685012817383,2604676
2020-01-09,20.200000762939453,20.579999923706055,20.079999923706055,20.5,17.190834045410156,7689399
2020-01-10,20.540000915527344,20.700000762939453,20.260000228881836,20.540000915527344,17.22437858581543,4210086
2020-01-13,20.520000457763672,20.860000610351562,20.5,20.799999237060547,17.442405700683594,4291285
2020-01-14,20.799999237060547,20.959999084472656,20.6200008392334,20.940000534057617,17.5598087310791,3351697
2020-01-15,20.860000610351562,21.280000686645508,20.540000915527344,20.899999618530273,17.526264190673828,4433409
2020-01-16,20.860000610351562,21.020000457763672,20.600000381469727,20.6200008392334,17.29146385192871,5453623
2020-01-17,20.600000381469727,21.100000381469727,20.399999618530273,21.079999923706055,17.677209854125977,3678167
2020-01-20,21.139999389648438,21.6200008392334,21.139999389648438,21.6200008392334,18.130041122436523,3024295
2020-01-21,21.299999237060547,21.639999389648438,20.959999084472656,21.420000076293945,17.962324142456055,2719237
2020-01-22,21.760000228881836,21.760000228881836,20.920000076293945,20.940000534057617,17.5598087310791,2903123
2020-01-23,21.0,21.15999984741211,20.860000610351562,21.0,17.610122680664062,3444663
2020-01-24,21.260000228881836,21.280000686645508,20.6200008392334,20.799999237060547,17.442405700683594,3216466
2020-01-27,20.600000381469727,20.65999984741211,20.15999984741211,20.15999984741211,16.905717849731445,2265246
2020-01-28,20.15999984741211,20.260000228881836,19.8799991607666,20.040000915527344,16.805089950561523,3001828
2020-01-29,20.1200008392334,20.280000686645508,20.0,20.1200008392334,16.872175216674805,1834515
2020-01-30,20.18000030517578,20.18000030517578,19.790000915527344,20.100000381469727,16.855403900146484,2412010
2020-01-31,20.1200008392334,20.1200008392334,19.579999923706055,19.59000015258789,16.4277286529541,4895968
2020-02-03,19.559999465942383,19.649999618530273,19.420000076293945,19.540000915527344,16.38580322265625,2776573
2020-02-04,19.68000030517578,19.729999542236328,19.3799991607666,19.690000534057617,16.511585235595703,7953680
2020-02-05,19.75,20.139999389648438,19.6200008392334,19.979999542236328,16.75477409362793,7751065
2020-02-06,20.399999618530273,21.1200008392334,20.0,20.020000457763672,16.78831672668457,7642741
2020-02-07,20.079999923706055,20.360000610351562,19.989999771118164,20.15999984741211,16.905717849731445,4243794
2020-02-10,20.059999465942383,20.18000030517578,19.18000030517578,19.350000381469727,16.226472854614258,6734735
2020-02-11,19.420000076293945,20.15999984741211,19.15999984741211,20.079999923706055,16.83863067626953,9892358
2020-02-12,20.0,20.020000457763672,19.510000228881836,19.6200008392334,16.4528865814209,10423756
2020-02-13,19.469999313354492,19.799999237060547,19.299999237060547,19.760000228881836,16.57028579711914,4741897
2020-02-14,20.139999389648438,20.280000686645508,19.829999923706055,19.950000762939453,16.729616165161133,5136906
2020-02-17,20.0,20.15999984741211,19.700000762939453,20.020000457763672,16.78831672668457,3176450
2020-02-18,20.040000915527344,20.059999465942383,19.700000762939453,19.850000381469727,16.6457576751709,2915839
2020-02-19,19.799999237060547,19.93000030517578,19.709999084472656,19.889999389648438,16.679302215576172,3023311
2020-02-20,20.0,20.299999237060547,19.5,19.549999237060547,16.394184112548828,6582996
2020-02-21,19.5,19.829999923706055,19.309999465942383,19.649999618530273,16.478042602539062,3930044
2020-02-24,19.649999618530273,19.649999618530273,18.75,19.0,15.932966232299805,4260208
2020-02-25,19.0,19.149999618530273,18.729999542236328,18.760000228881836,15.731707572937012,5692388
2020-02-26,18.639999389648438,19.25,18.43000030517578,19.1200008392334,16.033599853515625,7231797
2020-02-27,19.010000228881836,19.06999969482422,18.3700008392334,18.40999984741211,15.438207626342773,3909418
2020-02-28,18.100000381469727,18.299999237060547,16.780000686645508,17.520000457763672,14.691875457763672,4399719
2020-03-02,17.600000381469727,18.25,17.40999984741211,17.639999389648438,14.792501449584961,4237987
2020-03-03,17.899999618530273,18.299999237060547,17.8799991607666,17.93000030517578,15.035691261291504,3101972
2020-03-04,18.260000228881836,18.510000228881836,18.0,18.030000686645508,15.119547843933105,2530665
2020-03-05,18.229999542236328,18.760000228881836,17.979999542236328,17.989999771118164,15.086004257202148,3398036
2020-03-06,17.90999984741211,17.90999984741211,17.329999923706055,17.450000762939453,14.633174896240234,2456728
2020-03-09,16.8799991607666,17.290000915527344,16.790000915527344,17.280000686645508,14.490616798400879,2566167
2020-03-10,17.489999771118164,17.65999984741211,16.6299991607666,16.860000610351562,14.138413429260254,5825017
2020-03-11,16.860000610351562,16.860000610351562,16.860000610351562,16.860000610351562,14.138413429260254,0
2020-03-12,15.390000343322754,15.75,14.40999984741211,14.729999542236328,12.352242469787598,4123416
2020-03-13,14.819999694824219,15.699999809265137,14.819999694824219,15.399999618530273,12.91408920288086,2998536
2020-03-16,15.100000381469727,15.100000381469727,14.210000038146973,14.25,11.949727058410645,3562672
2020-03-17,14.399999618530273,14.399999618530273,13.020000457763672,13.539999961853027,11.354336738586426,3892194
2020-03-18,13.460000038146973,13.800000190734863,13.220000267028809,13.760000228881836,11.538823127746582,3914794
2020-03-19,13.479999542236328,14.0,13.279999732971191,13.84000015258789,11.605910301208496,3018726
2020-03-20,14.020000457763672,14.229999542236328,13.579999923706055,13.65999984741211,11.454965591430664,2861459
2020-03-23,12.970000267028809,13.6899995803833,12.380000114440918,12.989999771118164,10.893117904663086,3453787
2020-03-24,13.489999771118164,13.6899995803833,13.149999618530273,13.520000457763672,11.337565422058105,4095884
2020-03-25,13.760000228881836,14.15999984741211,13.600000381469727,13.680000305175781,11.471736907958984,3738413
2020-03-26,13.579999923706055,14.569999694824219,13.470000267028809,14.300000190734863,11.991655349731445,4505814
2020-03-27,14.239999771118164,14.4399995803833,13.5,13.520000457763672,11.337565422058105,4781226
2020-03-30,13.460000038146973,13.489999771118164,13.180000305175781,13.260000228881836,11.119534492492676,4028025
2020-03-31,13.34000015258789,13.630000114440918,13.260000228881836,13.399999618530273,11.236934661865234,4986156
2020-04-01,13.300000190734863,13.489999771118164,13.100000381469727,13.119999885559082,11.0021333694458,6002065
2020-04-02,13.300000190734863,13.3100004196167,13.119999885559082,13.1899995803833,11.060833930969238,5502434
2020-04-03,13.270000457763672,13.779999732971191,13.180000305175781,13.680000305175781,11.471736907958984,10767906
2020-04-06,13.859999656677246,14.100000381469727,13.739999771118164,14.050000190734863,11.965250968933105,5424823
2020-04-07,14.260000228881836,15.079999923706055,14.260000228881836,14.649999618530273,12.476222038269043,8058814
2020-04-08,14.520000457763672,14.760000228881836,14.5,14.729999542236328,12.544350624084473,4435394
2020-04-09,14.899999618530273,15.270000457763672,14.75,15.180000305175781,12.927580833435059,6635915
2020-04-10,15.260000228881836,15.399999618530273,15.029999732971191,15.1899995803833,12.936095237731934,2796266
2020-04-13,15.0,15.40999984741211,14.84000015258789,15.069999694824219,12.833901405334473,3504021
2020-04-14,15.199999809265137,16.0,15.199999809265137,15.989999771118164,13.617390632629395,6913621
2020-04-15,16.15999984741211,16.190000534057617,15.229999542236328,15.34000015258789,13.063838958740234,4473374
2020-04-16,15.180000305175781,15.289999961853027,14.699999809265137,14.760000228881836,12.569900512695312,5827135
2020-04-17,15.100000381469727,15.1899995803833,14.760000228881836,15.020000457763672,12.791321754455566,5666789
2020-04-20,15.100000381469727,15.15999984741211,14.869999885559082,14.920000076293945,12.706159591674805,4868386
2020-04-21,14.850000381469727,14.850000381469727,14.529999732971191,14.609999656677246,12.442157745361328,4207626
2020-04-22,14.680000305175781,14.9399995803833,14.59000015258789,14.789999961853027,12.595447540283203,5729750
2020-04-24,14.65999984741211,14.850000381469727,14.569999694824219,14.640000343322754,12.467706680297852,8105674
2020-04-27,14.869999885559082,14.930000305175781,14.699999809265137,14.920000076293945,12.706159591674805,9158373
2020-04-28,14.960000038146973,15.149999618530273,14.850000381469727,14.859999656677246,12.655060768127441,10755540
2020-04-29,14.899999618530273,15.079999923706055,14.859999656677246,15.079999923706055,12.842418670654297,6594256
2020-04-30,15.199999809265137,15.550000190734863,15.100000381469727,15.420000076293945,13.13196849822998,13035870
2020-05-04,15.15999984741211,15.170000076293945,14.760000228881836,14.920000076293945,12.706159591674805,6182031
2020-05-05,15.029999732971191,15.100000381469727,14.850000381469727,14.869999885559082,12.663578033447266,4881548
2020-05-06,14.90999984741211,14.920000076293945,14.649999618530273,14.680000305175781,12.501770973205566,5985064
2020-05-07,14.6899995803833,14.819999694824219,14.460000038146973,14.760000228881836,12.569900512695312,4906141
2020-05-08,14.819999694824219,15.050000190734863,14.800000190734863,14.8100004196167,12.612481117248535,6433653
2020-05-11,15.020000457763672,15.069999694824219,14.619999885559082,15.020000457763672,12.791321754455566,5253730
2020-05-12,14.9399995803833,15.289999961853027,14.859999656677246,15.25,12.987194061279297,6418357
2020-05-13,15.260000228881836,15.279999732971191,15.149999618530273,15.220000267028809,12.961645126342773,5365112
2020-05-14,15.100000381469727,15.109999656677246,14.84000015258789,14.920000076293945,12.706159591674805,6051055
2020-05-15,15.100000381469727,15.119999885559082,14.9399995803833,14.979999542236328,12.757255554199219,3703687
2020-05-18,15.069999694824219,15.260000228881836,15.0,15.149999618530273,12.902031898498535,5147236
2020-05-20,15.199999809265137,15.329999923706055,15.119999885559082,15.140000343322754,12.893515586853027,6801705
2020-05-21,15.09000015258789,15.3100004196167,15.0600004196167,15.15999984741211,12.910548210144043,6339098
2020-05-22,15.149999618530273,15.289999961853027,15.0600004196167,15.260000228881836,12.995709419250488,7587736
2020-05-27,15.699999809265137,15.970000267028809,15.579999923706055,15.619999885559082,13.302292823791504,11107214
2020-05-28,15.760000228881836,16.690000534057617,15.760000228881836,16.639999389648438,14.170943260192871,14398293
2020-05-29,16.579999923706055,17.0,16.170000076293945,16.239999771118164,13.83029556274414,10397437
2020-06-01,16.229999542236328,16.899999618530273,16.229999542236328,16.850000381469727,14.349786758422852,6587518
2020-06-02,16.84000015258789,17.309999465942383,16.81999969482422,17.299999237060547,14.733013153076172,10310413
2020-06-03,17.700000762939453,17.860000610351562,17.549999237060547,17.709999084472656,15.08217716217041,5626163
2020-06-04,17.850000381469727,17.889999389648438,17.459999084472656,17.510000228881836,14.911852836608887,5427441
2020-06-05,17.579999923706055,17.84000015258789,17.290000915527344,17.790000915527344,15.15030574798584,8803472
2020-06-08,17.860000610351562,18.31999969482422,17.65999984741211,18.0,15.329144477844238,8714410
2020-06-09,18.0,18.100000381469727,17.5,17.56999969482422,14.962950706481934,6122260
2020-06-10,17.579999923706055,17.649999618530273,17.25,17.260000228881836,14.698948860168457,7829792
2020-06-11,17.190000534057617,17.209999084472656,16.850000381469727,16.940000534057617,14.426429748535156,5344135
2020-06-12,16.829999923706055,17.31999969482422,16.649999618530273,17.170000076293945,14.622302055358887,5966437
2020-06-15,17.1299991607666,17.34000015258789,16.760000228881836,17.1299991607666,14.588237762451172,8719443
2020-06-16,17.450000762939453,17.59000015258789,17.31999969482422,17.440000534057617,14.852239608764648,6338576
2020-06-17,17.420000076293945,17.5,17.049999237060547,17.100000381469727,14.562689781188965,6527947
2020-06-18,17.079999923706055,17.139999389648438,16.90999984741211,17.040000915527344,14.511591911315918,5940255
2020-06-19,17.1200008392334,17.420000076293945,17.030000686645508,17.229999542236328,14.673399925231934,9262386
2020-06-22,17.3700008392334,17.709999084472656,17.360000610351562,17.510000228881836,14.911852836608887,10768174
2020-06-23,17.5,17.65999984741211,17.450000762939453,17.489999771118164,14.894821166992188,5080214
2020-06-24,17.469999313354492,17.5,17.170000076293945,17.190000534057617,14.639335632324219,4397351
2020-06-25,17.09000015258789,17.290000915527344,16.90999984741211,17.25,14.690433502197266,4263833
2020-06-26,17.399999618530273,17.489999771118164,17.270000457763672,17.3700008392334,14.79262638092041,4044484
2020-06-29,17.239999771118164,17.75,17.239999771118164,17.719999313354492,15.090693473815918,7041063
2020-06-30,17.760000228881836,18.170000076293945,17.639999389648438,18.139999389648438,15.448372840881348,13025562
2020-07-01,18.139999389648438,18.25,17.510000228881836,17.549999237060547,14.945916175842285,11237500
2020-07-02,17.600000381469727,17.8799991607666,17.579999923706055,17.719999313354492,15.090693473815918,8751941
2020-07-03,17.799999237060547,17.81999969482422,17.43000030517578,17.510000228881836,14.911852836608887,7721518
2020-07-06,17.600000381469727,17.770000457763672,17.59000015258789,17.709999084472656,15.08217716217041,6226533
2020-07-07,17.719999313354492,18.079999923706055,17.600000381469727,17.979999542236328,15.312115669250488,12196247
2020-07-08,18.049999237060547,18.200000762939453,17.899999618530273,17.920000076293945,15.261018753051758,8580951
2020-07-09,18.0,18.110000610351562,17.360000610351562,17.479999542236328,14.88630485534668,8961647
2020-07-10,17.260000228881836,17.3700008392334,16.920000076293945,17.06999969482422,14.537139892578125,8239467
2020-07-13,17.399999618530273,17.670000076293945,17.260000228881836,17.6299991607666,15.014046669006348,6988804
2020-07-14,17.610000610351562,17.610000610351562,17.290000915527344,17.3799991607666,14.801142692565918,6192137
2020-07-16,17.600000381469727,17.68000030517578,17.530000686645508,17.56999969482422,14.962950706481934,6761490
2020-07-17,17.65999984741211,17.65999984741211,17.479999542236328,17.6299991607666,15.014046669006348,5060609
2020-07-20,17.639999389648438,17.729999542236328,17.549999237060547,17.56999969482422,14.962950706481934,4846256
2020-07-21,17.760000228881836,17.920000076293945,17.329999923706055,17.469999313354492,14.877787590026855,11633055
2020-07-22,17.510000228881836,17.639999389648438,17.399999618530273,17.43000030517578,14.843724250793457,4365066
2020-07-23,17.479999542236328,17.690000534057617,17.43000030517578,17.600000381469727,14.988497734069824,3963345
2020-07-24,17.479999542236328,17.540000915527344,17.299999237060547,17.420000076293945,14.835208892822266,3482081
2020-07-27,17.530000686645508,17.6200008392334,17.450000762939453,17.489999771118164,14.894821166992188,2921391
2020-07-28,17.459999084472656,17.5,16.81999969482422,16.850000381469727,14.349786758422852,8375501
2020-07-29,16.989999771118164,17.059999465942383,16.450000762939453,16.549999237060547,14.09429931640625,7409458
2020-07-30,16.649999618530273,16.68000030517578,16.170000076293945,16.170000076293945,13.770684242248535,4604603
2020-08-04,16.34000015258789,16.68000030517578,15.529999732971191,16.079999923706055,13.694037437438965,13407525
2020-08-05,16.079999923706055,16.149999618530273,15.529999732971191,15.800000190734863,13.455584526062012,10039678
2020-08-06,15.65999984741211,15.670000076293945,14.880000114440918,14.880000114440918,12.67209529876709,17233149
2020-08-07,14.75,15.050000190734863,14.319999694824219,15.020000457763672,12.791321754455566,12022486
2020-08-10,14.930000305175781,14.930000305175781,14.390000343322754,14.720000267028809,12.535837173461914,17584739
2020-08-11,14.789999961853027,15.260000228881836,14.770000457763672,15.210000038146973,12.953128814697266,18637514
2020-08-12,15.170000076293945,15.350000381469727,14.970000267028809,15.300000190734863,13.02977466583252,24384754
2020-08-13,15.3100004196167,15.460000038146973,14.949999809265137,15.069999694824219,12.833901405334473,22828566
2020-08-14,14.90999984741211,15.010000228881836,14.729999542236328,14.779999732971191,12.586932182312012,21673873
2020-08-17,14.829999923706055,14.949999809265137,14.710000038146973,14.8100004196167,12.612481117248535,13095063
2020-08-18,14.819999694824219,15.1899995803833,14.8100004196167,15.119999885559082,12.876482963562012,30102058
2020-08-19,15.300000190734863,15.770000457763672,15.130000114440918,15.699999809265137,13.370421409606934,31287768
2020-08-20,15.6899995803833,15.6899995803833,15.199999809265137,15.359999656677246,13.080870628356934,23984198
2020-08-21,15.649999618530273,15.850000381469727,15.359999656677246,15.649999618530273,13.327840805053711,37553055
2020-08-24,15.770000457763672,16.1299991607666,15.75,16.020000457763672,13.642940521240234,18060755
2020-08-25,16.059999465942383,16.18000030517578,15.520000457763672,15.710000038146973,13.378938674926758,15512567
2020-08-26,15.699999809265137,15.859999656677246,15.520000457763672,15.699999809265137,13.370421409606934,8433082
2020-08-27,15.84000015258789,15.859999656677246,15.6899995803833,15.75,13.413003921508789,7109702
2020-08-28,15.819999694824219,15.829999923706055,15.4399995803833,15.460000038146973,13.166032791137695,10467606
2020-08-31,15.449999809265137,15.460000038146973,14.920000076293945,15.0,12.77428913116455,12302497
2020-09-01,14.960000038146973,15.050000190734863,14.670000076293945,15.0,12.77428913116455,10550109
2020-09-02,15.0600004196167,15.079999923706055,14.880000114440918,14.890000343322754,12.680610656738281,12099653
2020-09-03,14.9399995803833,14.989999771118164,14.699999809265137,14.710000038146973,12.527318954467773,10044962
2020-09-04,14.680000305175781,14.850000381469727,14.630000114440918,14.800000190734863,12.603965759277344,10062045
2020-09-07,14.859999656677246,14.949999809265137,14.829999923706055,14.930000305175781,12.714676856994629,6163343
2020-09-08,14.989999771118164,15.0,14.6899995803833,14.720000267028809,12.535837173461914,8342097
2020-09-09,14.760000228881836,14.819999694824219,14.670000076293945,14.819999694824219,12.620997428894043,12379362
2020-09-10,14.880000114440918,14.949999809265137,14.770000457763672,14.880000114440918,12.67209529876709,13612705
2020-09-11,14.899999618530273,14.90999984741211,14.739999771118164,14.800000190734863,12.603965759277344,8332822
2020-09-14,14.890000343322754,14.9399995803833,14.829999923706055,14.869999885559082,12.663578033447266,8095974
2020-09-15,14.880000114440918,14.930000305175781,14.710000038146973,14.800000190734863,12.603965759277344,9341429
2020-09-16,14.859999656677246,14.869999885559082,14.710000038146973,14.760000228881836,12.569900512695312,6235650
2020-09-17,14.75,14.75,14.619999885559082,14.729999542236328,12.544350624084473,5805624
2020-09-18,14.819999694824219,14.829999923706055,14.680000305175781,14.699999809265137,12.518803596496582,5337705
2020-09-21,14.649999618530273,14.699999809265137,14.020000457763672,14.039999961853027,11.956734657287598,14031866
2020-09-22,14.0,14.039999961853027,13.779999732971191,13.829999923706055,11.777894020080566,24694168
2020-09-23,13.859999656677246,14.180000305175781,13.819999694824219,14.140000343322754,12.04189682006836,21263845
2020-09-24,14.050000190734863,14.59000015258789,14.039999961853027,14.489999771118164,12.339963912963867,29195179
2020-09-25,14.850000381469727,14.850000381469727,14.520000457763672,14.579999923706055,12.416607856750488,19235973
2020-09-28,14.529999732971191,14.550000190734863,14.300000190734863,14.300000190734863,12.178155899047852,11964435
2020-09-29,14.34000015258789,14.460000038146973,14.229999542236328,14.350000381469727,12.220736503601074,14782424
2020-09-30,14.449999809265137,14.710000038146973,14.380000114440918,14.6899995803833,12.510286331176758,17173009
2020-10-01,14.779999732971191,14.869999885559082,14.720000267028809,14.84000015258789,12.638030052185059,18681590
2020-10-02,14.720000267028809,14.9399995803833,14.670000076293945,14.8100004196167,12.612481117248535,18290744
2020-10-05,14.859999656677246,14.970000267028809,14.859999656677246,14.899999618530273,12.689126014709473,12189812
2020-10-06,14.949999809265137,14.960000038146973,14.699999809265137,14.710000038146973,12.527318954467773,17809085
2020-10-07,14.680000305175781,14.760000228881836,14.460000038146973,14.539999961853027,12.382543563842773,23079581
2020-10-08,14.539999961853027,14.579999923706055,14.300000190734863,14.390000343322754,12.254800796508789,32978267
2020-10-09,14.399999618530273,14.710000038146973,14.369999885559082,14.699999809265137,12.518803596496582,14285304
2020-10-12,14.720000267028809,14.84000015258789,14.670000076293945,14.779999732971191,12.586932182312012,15043584
2020-10-13,14.84000015258789,14.880000114440918,14.729999542236328,14.8100004196167,12.612481117248535,13971120
2020-10-14,14.819999694824219,15.170000076293945,14.760000228881836,15.170000076293945,12.91906452178955,25831648
2020-10-15,15.149999618530273,15.279999732971191,14.979999542236328,15.029999732971191,12.799837112426758,20355045
2020-10-16,15.029999732971191,15.229999542236328,15.029999732971191,15.220000267028809,12.961645126342773,17876990
2020-10-19,15.329999923706055,15.579999923706055,15.239999771118164,15.520000457763672,13.217132568359375,20845841
2020-10-20,15.5,15.640000343322754,15.4399995803833,15.569999694824219,13.259711265563965,21950821
2020-10-21,15.630000114440918,15.65999984741211,15.380000114440918,15.470000267028809,13.174549102783203,12927584
2020-10-22,15.460000038146973,15.479999542236328,15.069999694824219,15.15999984741211,12.910548210144043,16344253
2020-10-23,15.130000114440918,15.199999809265137,14.800000190734863,14.970000267028809,12.748740196228027,12032742
2020-10-26,14.800000190734863,14.84000015258789,14.390000343322754,14.420000076293945,12.280349731445312,15085816
2020-10-27,14.399999618530273,14.65999984741211,14.319999694824219,14.59000015258789,12.425125122070312,12113089
2020-10-28,14.550000190734863,14.5600004196167,14.300000190734863,14.300000190734863,12.178155899047852,3977956
2020-10-30,14.050000190734863,14.180000305175781,13.800000190734863,14.140000343322754,12.04189682006836,13182195
2020-11-02,14.229999542236328,14.430000305175781,14.220000267028809,14.380000114440918,12.246285438537598,11000094
2020-11-03,14.449999809265137,14.739999771118164,14.350000381469727,14.6899995803833,12.510286331176758,17665754
2020-11-04,14.720000267028809,14.970000267028809,14.65999984741211,14.960000038146973,12.74022388458252,14848999
2020-11-05,15.09000015258789,15.300000190734863,15.020000457763672,15.180000305175781,12.927580833435059,17861312
2020-11-06,15.449999809265137,15.609999656677246,15.359999656677246,15.489999771118164,13.191582679748535,25987083
2020-11-09,15.899999618530273,16.399999618530273,15.729999542236328,16.31999969482422,13.898426055908203,36697703
2020-11-10,16.079999923706055,16.790000915527344,16.059999465942383,16.780000686645508,14.29017162322998,28323099
2020-11-11,16.850000381469727,18.219999313354492,16.850000381469727,18.059999465942383,15.380242347717285,52561895
2020-11-12,18.09000015258789,19.030000686645508,17.670000076293945,18.3799991607666,15.652762413024902,56226286
2020-11-13,18.399999618530273,18.979999542236328,18.399999618530273,18.920000076293945,16.112634658813477,27354412
2020-11-16,19.1200008392334,19.260000228881836,18.579999923706055,18.68000030517578,15.908246994018555,22278495
2020-11-17,18.56999969482422,18.56999969482422,17.68000030517578,17.700000762939453,15.073662757873535,23912053
2020-11-18,17.719999313354492,18.15999984741211,17.6200008392334,18.110000610351562,15.422825813293457,24529527
2020-11-19,18.200000762939453,19.170000076293945,17.639999389648438,19.1299991607666,16.291475296020508,44566792
2020-11-20,19.06999969482422,19.6200008392334,18.989999771118164,19.479999542236328,16.589542388916016,20056873
2020-11-23,19.5,19.690000534057617,18.65999984741211,19.209999084472656,16.35960578918457,14720357
2020-11-24,19.15999984741211,19.420000076293945,18.700000762939453,19.040000915527344,16.214832305908203,15133758
2020-11-25,19.059999465942383,19.309999465942383,18.790000915527344,18.799999237060547,16.010440826416016,16539162
2020-11-26,18.90999984741211,19.200000762939453,18.6299991607666,19.100000381469727,16.265928268432617,12924429
2020-11-27,19.110000610351562,19.219999313354492,18.670000076293945,18.690000534057617,15.916762351989746,12121411
2020-11-30,18.549999237060547,18.549999237060547,17.760000228881836,17.81999969482422,15.175854682922363,15629087
2020-12-01,17.90999984741211,18.31999969482422,17.739999771118164,18.290000915527344,15.576117515563965,13418100
2020-12-02,18.329999923706055,18.649999618530273,18.219999313354492,18.40999984741211,15.67831039428711,11818022
2020-12-03,18.309999465942383,18.760000228881836,18.049999237060547,18.530000686645508,15.780505180358887,11465343
2020-12-04,18.6200008392334,18.700000762939453,18.3799991607666,18.479999542236328,15.737923622131348,6278022
2020-12-07,18.3700008392334,18.719999313354492,18.270000457763672,18.510000228881836,15.763474464416504,12979411
2020-12-08,18.540000915527344,18.940000534057617,18.540000915527344,18.600000381469727,15.840118408203125,11098903
2020-12-09,18.6200008392334,19.020000457763672,18.6200008392334,18.84000015258789,16.04450798034668,13120269
2020-12-10,18.829999923706055,19.010000228881836,18.65999984741211,18.790000915527344,16.00192642211914,9277516
2020-12-11,18.600000381469727,19.110000610351562,18.43000030517578,19.059999465942383,16.231863021850586,9904679
2020-12-14,19.25,19.93000030517578,19.239999771118164,19.459999084472656,16.572509765625,18033196
2020-12-15,19.540000915527344,19.670000076293945,19.31999969482422,19.530000686645508,16.632123947143555,8939301
2020-12-16,19.649999618530273,20.219999313354492,19.6200008392334,19.950000762939453,16.989803314208984,14416802
2020-12-17,20.1200008392334,20.31999969482422,19.719999313354492,19.90999984741211,16.955739974975586,9830736
2020-12-18,19.809999465942383,20.100000381469727,19.75,19.90999984741211,16.955739974975586,6173547
2020-12-21,19.729999542236328,19.729999542236328,19.06999969482422,19.389999389648438,16.512895584106445,10565956
2020-12-22,19.510000228881836,19.829999923706055,19.43000030517578,19.670000076293945,16.751352310180664,7631136
2020-12-23,19.700000762939453,20.139999389648438,19.700000762939453,19.90999984741211,16.955739974975586,11688561
2020-12-24,19.809999465942383,20.040000915527344,19.760000228881836,19.989999771118164,17.023868560791016,6706312
2020-12-25,19.940000534057617,20.079999923706055,19.829999923706055,19.8799991607666,16.93018913269043,2887381
2020-12-28,19.920000076293945,20.1200008392334,19.920000076293945,20.040000915527344,17.066452026367188,4556304
2020-12-29,20.040000915527344,20.65999984741211,20.0,20.600000381469727,17.543357849121094,9598455
2020-12-30,20.719999313354492,21.079999923706055,20.6200008392334,20.979999542236328,17.866971969604492,9844850
2020-12-31,20.84000015258789,21.3799991607666,20.719999313354492,21.260000228881836,18.105422973632812,6649381
2021-01-04,21.1200008392334,21.5,21.040000915527344,21.219999313354492,18.071359634399414,10353058
2021-01-05,21.0,21.600000381469727,20.860000610351562,21.0,17.884004592895508,15345270
2021-01-06,21.239999771118164,21.34000015258789,20.860000610351562,20.979999542236328,17.866971969604492,11481406
2021-01-07,21.200000762939453,21.260000228881836,20.8799991607666,21.18000030517578,18.037296295166016,7609127
2021-01-08,21.219999313354492,21.520000457763672,21.1200008392334,21.479999542236328,18.29277992248535,9849174
2021-01-11,21.479999542236328,22.1200008392334,21.34000015258789,21.81999969482422,18.582332611083984,19592972
2021-01-12,21.84000015258789,22.239999771118164,21.719999313354492,22.18000030517578,18.888914108276367,9886265
2021-01-13,22.260000228881836,22.399999618530273,21.860000610351562,22.040000915527344,18.769689559936523,6695651
2021-01-14,22.100000381469727,22.18000030517578,21.84000015258789,22.1200008392334,18.837818145751953,6456550
2021-01-15,21.979999542236328,22.079999923706055,21.399999618530273,21.520000457763672,18.326847076416016,7954818
2021-01-18,21.420000076293945,22.059999465942383,20.959999084472656,22.040000915527344,18.769689559936523,8196010
2021-01-19,22.260000228881836,22.440000534057617,22.079999923706055,22.15999984741211,18.87188148498535,7409132
2021-01-20,22.31999969482422,22.6200008392334,21.719999313354492,22.6200008392334,19.263626098632812,11527529
2021-01-21,22.68000030517578,22.959999084472656,22.059999465942383,22.1200008392334,18.837818145751953,9038675
2021-01-22,21.940000534057617,22.139999389648438,21.600000381469727,22.0,18.735624313354492,8710119
2021-01-25,22.15999984741211,22.299999237060547,21.6200008392334,21.65999984741211,18.44607162475586,5821588
2021-01-26,21.600000381469727,21.8799991607666,21.420000076293945,21.479999542236328,18.29277992248535,6914112
2021-01-27,21.440000534057617,21.520000457763672,20.420000076293945,20.420000076293945,17.390066146850586,11036806
2021-01-28,20.239999771118164,20.959999084472656,20.1200008392334,20.68000030517578,17.611488342285156,11387003
2021-01-29,20.34000015258789,20.899999618530273,20.139999389648438,20.200000762939453,17.20271110534668,12646558
2021-02-01,20.399999618530273,20.600000381469727,20.18000030517578,20.440000534057617,17.4070987701416,6504957
2021-02-02,20.579999923706055,20.920000076293945,20.540000915527344,20.600000381469727,17.543357849121094,10332655
2021-02-03,20.700000762939453,21.479999542236328,20.700000762939453,21.440000534057617,18.258716583251953,14474830
2021-02-04,21.399999618530273,21.899999618530273,21.34000015258789,21.559999465942383,18.360912322998047,11110363
2021-02-05,21.6200008392334,21.799999237060547,21.260000228881836,21.260000228881836,18.105422973632812,7187571
2021-02-08,21.420000076293945,21.700000762939453,21.0,21.579999923706055,18.37794303894043,8506060
2021-02-09,21.5,22.360000610351562,21.5,21.940000534057617,18.684526443481445,15477687
2021-02-10,22.040000915527344,22.299999237060547,21.799999237060547,22.299999237060547,18.99110984802246,8267639
2021-02-11,22.399999618530273,22.8799991607666,22.3799991607666,22.68000030517578,19.314725875854492,12932030
2021-02-12,22.540000915527344,23.18000030517578,22.3799991607666,22.700000762939453,19.331758499145508,14806472
2021-02-15,22.899999618530273,23.040000915527344,22.420000076293945,22.559999465942383,19.2125301361084,9903628
2021-02-16,22.700000762939453,23.260000228881836,22.1200008392334,22.34000015258789,19.025175094604492,25163786
2021-02-17,22.399999618530273,22.780000686645508,21.899999618530273,21.959999084472656,18.701557159423828,16606433
2021-02-18,22.059999465942383,22.440000534057617,21.959999084472656,22.420000076293945,19.093303680419922,13513342
2021-02-19,22.299999237060547,22.719999313354492,22.280000686645508,22.479999542236328,19.144399642944336,14438068
2021-02-22,22.559999465942383,23.200000762939453,22.5,23.139999389648438,19.70646858215332,22739686
2021-02-23,23.200000762939453,23.3799991607666,22.479999542236328,22.479999542236328,19.144399642944336,15096785
2021-02-24,22.299999237060547,22.6200008392334,21.979999542236328,22.15999984741211,18.87188148498535,11726048
2021-02-25,22.600000381469727,22.719999313354492,21.940000534057617,22.600000381469727,19.24659538269043,12706016
2021-02-26,21.920000076293945,22.5,21.579999923706055,21.579999923706055,18.37794303894043,13526734
2021-03-01,21.84000015258789,23.020000457763672,21.81999969482422,23.020000457763672,19.60427474975586,11773196
2021-03-02,23.0,23.360000610351562,22.799999237060547,22.979999542236328,19.570209503173828,7974587
2021-03-03,23.059999465942383,23.5,22.65999984741211,22.979999542236328,19.570209503173828,9218131
2021-03-04,22.860000610351562,23.079999923706055,22.739999771118164,22.899999618530273,19.5020809173584,6312080
2021-03-05,22.81999969482422,23.31999969482422,22.780000686645508,23.079999923706055,19.655370712280273,6736534
2021-03-08,23.1200008392334,23.18000030517578,22.459999084472656,22.559999465942383,19.2125301361084,7686267
2021-03-09,22.81999969482422,23.860000610351562,22.81999969482422,23.260000228881836,19.80866241455078,19321512
2021-03-10,23.239999771118164,23.459999084472656,23.059999465942383,23.440000534057617,19.961956024169922,6268232
2021-03-11,23.5,23.760000228881836,23.280000686645508,23.360000610351562,19.893827438354492,7373116
2021-03-12,23.299999237060547,23.440000534057617,23.059999465942383,23.280000686645508,19.825695037841797,5042125
2021-03-15,23.239999771118164,23.479999542236328,23.1200008392334,23.280000686645508,19.825695037841797,5251407
2021-03-16,23.299999237060547,23.639999389648438,23.0,23.479999542236328,19.99601936340332,9591258
2021-03-17,23.559999465942383,25.479999542236328,23.479999542236328,24.079999923706055,20.506990432739258,38096344
2021-03-18,24.3799991607666,24.6200008392334,23.420000076293945,23.780000686645508,20.25150489807129,20168730
2021-03-19,23.760000228881836,23.780000686645508,22.920000076293945,22.940000534057617,19.53614616394043,11894187
2021-03-22,21.0,21.5,20.65999984741211,20.65999984741211,17.594453811645508,20593654
2021-03-23,19.0,20.799999237060547,18.709999084472656,20.360000610351562,17.338966369628906,32226575
2021-03-24,20.540000915527344,21.0,20.15999984741211,20.31999969482422,17.304901123046875,20423027
2021-03-25,20.5,20.860000610351562,20.020000457763672,20.020000457763672,17.049419403076172,15931217
2021-03-26,20.280000686645508,20.360000610351562,19.100000381469727,19.25,16.3936710357666,21348850
2021-03-29,19.239999771118164,19.670000076293945,19.100000381469727,19.100000381469727,16.265928268432617,16558139
2021-03-30,19.1200008392334,19.809999465942383,19.030000686645508,19.5,16.60657501220703,21047780
2021-03-31,19.420000076293945,19.6299991607666,19.270000457763672,19.40999984741211,16.529930114746094,13136844
2021-04-01,19.520000457763672,20.219999313354492,19.510000228881836,20.1200008392334,17.134578704833984,12151995
2021-04-02,20.299999237060547,20.360000610351562,19.90999984741211,20.059999465942383,17.083478927612305,6853088
2021-04-05,20.040000915527344,20.200000762939453,19.979999542236328,20.059999465942383,17.083478927612305,5025994
2021-04-06,20.079999923706055,20.219999313354492,19.639999389648438,19.649999618530273,16.73431968688965,13416883
2021-04-07,19.649999618530273,19.649999618530273,19.200000762939453,19.43000030517578,16.54696273803711,13643842
2021-04-08,19.510000228881836,19.790000915527344,19.510000228881836,19.549999237060547,16.649154663085938,11186724
2021-04-09,19.5,19.5,18.899999618530273,19.25,16.3936710357666,11941815
2021-04-12,19.25,19.31999969482422,18.559999465942383,18.559999465942383,15.806052207946777,15989572
2021-04-13,18.6200008392334,18.719999313354492,18.18000030517578,18.510000228881836,15.763474464416504,13257168
2021-04-14,18.110000610351562,18.610000610351562,18.110000610351562,18.610000610351562,16.36587142944336,12221647
2021-04-15,18.670000076293945,18.93000030517578,18.34000015258789,18.540000915527344,16.304309844970703,17076512
2021-04-16,18.43000030517578,18.5,18.18000030517578,18.18000030517578,15.987723350524902,11348760
2021-04-19,18.190000534057617,18.34000015258789,17.809999465942383,18.020000457763672,15.847017288208008,10841448
2021-04-20,18.049999237060547,18.209999084472656,17.790000915527344,17.860000610351562,15.706310272216797,9207416
2021-04-21,17.850000381469727,17.8799991607666,17.059999465942383,17.09000015258789,15.02916145324707,16582715
2021-04-22,16.850000381469727,17.260000228881836,16.700000762939453,17.209999084472656,15.134692192077637,24769252
2021-04-26,17.219999313354492,17.90999984741211,17.219999313354492,17.90999984741211,15.750280380249023,18097574
2021-04-27,17.950000762939453,18.469999313354492,17.950000762939453,18.270000457763672,16.066869735717773,17776899
2021-04-28,18.209999084472656,18.59000015258789,17.950000762939453,18.040000915527344,15.864606857299805,12996249
2021-04-29,18.100000381469727,18.639999389648438,18.100000381469727,18.520000457763672,16.286720275878906,14512059
2021-04-30,18.459999084472656,18.559999465942383,18.239999771118164,18.309999465942383,16.1020450592041,11512967
2021-05-03,18.31999969482422,18.8799991607666,18.280000686645508,18.8700008392334,16.594518661499023,10332097
2021-05-04,18.93000030517578,19.239999771118164,18.59000015258789,18.6200008392334,16.374666213989258,22673416
2021-05-05,18.65999984741211,18.770000457763672,18.469999313354492,18.639999389648438,16.392250061035156,11759783
2021-05-06,18.670000076293945,18.860000610351562,18.56999969482422,18.690000534057617,16.436222076416016,14060816
2021-05-07,18.809999465942383,18.959999084472656,18.59000015258789,18.889999389648438,16.612106323242188,24024363
2021-05-10,18.940000534057617,19.350000381469727,18.940000534057617,19.350000381469727,17.01663589477539,17966648
2021-05-11,19.100000381469727,19.25,19.010000228881836,19.190000534057617,16.875930786132812,13641644
2021-05-12,19.049999237060547,19.209999084472656,19.049999237060547,19.079999923706055,16.77919578552246,3676887
2021-05-17,19.100000381469727,19.440000534057617,19.100000381469727,19.229999542236328,16.91110610961914,15185705
2021-05-18,19.399999618530273,19.520000457763672,19.280000686645508,19.360000610351562,17.02543067932129,14588420
2021-05-20,19.219999313354492,19.239999771118164,19.030000686645508,19.09000015258789,16.787988662719727,14927703
2021-05-21,19.18000030517578,19.290000915527344,19.100000381469727,19.149999618530273,16.84075164794922,11177013
2021-05-24,19.190000534057617,19.190000534057617,18.8700008392334,18.959999084472656,16.673664093017578,11252319
2021-05-25,19.040000915527344,19.280000686645508,18.3700008392334,18.3700008392334,16.15481185913086,22113434
2021-05-26,18.56999969482422,18.700000762939453,18.260000228881836,18.670000076293945,16.418636322021484,14675637
2021-05-27,18.59000015258789,18.719999313354492,18.209999084472656,18.209999084472656,16.014102935791016,18541385
2021-05-28,18.200000762939453,18.600000381469727,18.200000762939453,18.579999923706055,16.339487075805664,15547777
2021-05-31,18.579999923706055,18.739999771118164,18.469999313354492,18.579999923706055,16.339487075805664,9032342
2021-06-01,18.65999984741211,18.950000762939453,18.649999618530273,18.889999389648438,16.612106323242188,13779344
2021-06-02,18.719999313354492,18.829999923706055,18.6200008392334,18.700000762939453,16.445016860961914,11115882
2021-06-03,18.68000030517578,18.989999771118164,18.610000610351562,18.899999618530273,16.620901107788086,16138443
2021-06-04,18.90999984741211,19.079999923706055,18.829999923706055,18.920000076293945,16.638486862182617,11153232
2021-06-07,18.920000076293945,19.270000457763672,18.90999984741211,19.200000762939453,16.884723663330078,11545534
2021-06-08,19.18000030517578,19.360000610351562,19.049999237060547,19.25,16.928693771362305,18208926
2021-06-09,19.270000457763672,19.389999389648438,19.219999313354492,19.290000915527344,16.963871002197266,13431113
2021-06-10,19.290000915527344,19.440000534057617,19.280000686645508,19.389999389648438,17.05181121826172,12667652
2021-06-11,19.440000534057617,19.549999237060547,19.290000915527344,19.350000381469727,17.01663589477539,12890233
2021-06-14,19.43000030517578,19.469999313354492,19.1299991607666,19.209999084472656,16.893516540527344,10079318
2021-06-15,19.149999618530273,19.190000534057617,18.809999465942383,18.969999313354492,16.682456970214844,11028392
2021-06-16,18.940000534057617,19.110000610351562,18.75,18.75,16.488985061645508,7684017
2021-06-17,18.610000610351562,18.790000915527344,18.549999237060547,18.549999237060547,16.313106536865234,9928374
2021-06-18,18.600000381469727,18.739999771118164,18.229999542236328,18.25,16.049280166625977,15347111
2021-06-21,18.25,18.59000015258789,18.1200008392334,18.59000015258789,16.348281860351562,12455314
2021-06-22,18.6299991607666,18.950000762939453,18.610000610351562,18.950000762939453,16.664871215820312,14472742
2021-06-23,19.020000457763672,19.100000381469727,18.81999969482422,18.850000381469727,16.57693099975586,9895359
2021-06-24,18.889999389648438,19.270000457763672,18.889999389648438,19.110000610351562,16.805578231811523,11217127
2021-06-25,19.110000610351562,19.18000030517578,18.75,18.780000686645508,16.515371322631836,7488236
2021-06-28,18.8700008392334,18.8700008392334,18.510000228881836,18.6200008392334,16.374666213989258,7745847
2021-06-29,18.59000015258789,18.809999465942383,18.440000534057617,18.809999465942383,16.541751861572266,11488620
2021-06-30,18.75,18.829999923706055,18.31999969482422,18.329999923706055,16.1196346282959,12216953
2021-07-01,18.420000076293945,18.59000015258789,18.399999618530273,18.530000686645508,16.295515060424805,7544593
2021-07-02,19.149999618530273,19.65999984741211,19.149999618530273,19.450000762939453,17.104578018188477,45342576
2021-07-05,19.43000030517578,19.760000228881836,19.31999969482422,19.700000762939453,17.324430465698242,14933153
2021-07-06,19.65999984741211,19.790000915527344,19.56999969482422,19.59000015258789,17.227693557739258,13252840
2021-07-07,19.579999923706055,19.780000686645508,19.579999923706055,19.700000762939453,17.324430465698242,10917333
2021-07-08,19.6299991607666,19.81999969482422,19.610000610351562,19.75,17.36840057373047,14327081
2021-07-09,19.799999237060547,19.950000762939453,19.709999084472656,19.899999618530273,17.50031280517578,12579012
2021-07-12,19.940000534057617,20.079999923706055,19.469999313354492,19.510000228881836,17.1573429107666,14286822
2021-07-13,19.59000015258789,19.809999465942383,19.540000915527344,19.690000534057617,17.315635681152344,11780855
2021-07-14,19.690000534057617,20.200000762939453,19.690000534057617,20.200000762939453,17.764137268066406,8673258
2021-07-16,20.200000762939453,20.260000228881836,19.969999313354492,20.0,17.588253021240234,7115527
2021-07-19,19.8799991607666,19.959999084472656,19.700000762939453,19.729999542236328,17.350812911987305,3682120
2021-07-26,19.75,19.850000381469727,19.530000686645508,19.670000076293945,17.29804801940918,8894349
2021-07-27,19.6299991607666,19.850000381469727,19.459999084472656,19.770000457763672,17.385988235473633,11331466
2021-07-28,19.770000457763672,20.040000915527344,19.760000228881836,19.989999771118164,17.57946014404297,9738796
2021-07-29,20.100000381469727,20.65999984741211,20.100000381469727,20.600000381469727,18.115901947021484,10674726
2021-07-30,20.399999618530273,20.68000030517578,20.31999969482422,20.559999465942383,18.080724716186523,7305822
2021-08-02,20.600000381469727,20.799999237060547,20.559999465942383,20.65999984741211,18.168664932250977,4895533
2021-08-03,20.600000381469727,20.760000228881836,20.459999084472656,20.639999389648438,18.15107536315918,5872963
2021-08-04,20.739999771118164,20.899999618530273,20.6200008392334,20.739999771118164,18.239017486572266,7230555
2021-08-05,20.559999465942383,21.299999237060547,20.520000457763672,21.100000381469727,18.55560874938965,11698683
2021-08-06,21.100000381469727,21.139999389648438,20.780000686645508,20.979999542236328,18.450077056884766,8802085
2021-08-09,20.979999542236328,21.020000457763672,20.639999389648438,20.700000762939453,18.20384407043457,7453605
2021-08-10,20.65999984741211,21.040000915527344,20.559999465942383,21.020000457763672,18.485254287719727,11809006
2021-08-11,20.959999084472656,21.559999465942383,20.700000762939453,21.540000915527344,18.942550659179688,23564722
2021-08-12,21.520000457763672,22.780000686645508,21.3799991607666,22.700000762939453,19.962669372558594,22312346
2021-08-13,22.719999313354492,23.6200008392334,22.440000534057617,23.040000915527344,20.261669158935547,17700234
2021-08-16,22.979999542236328,23.34000015258789,22.899999618530273,23.299999237060547,20.490312576293945,14549086
2021-08-17,23.18000030517578,23.959999084472656,23.1200008392334,23.959999084472656,21.070728302001953,20268088
2021-08-18,24.0,24.059999465942383,23.34000015258789,23.600000381469727,20.754138946533203,13834365
2021-08-19,23.31999969482422,23.399999618530273,22.780000686645508,22.780000686645508,20.033021926879883,12965003
2021-08-20,22.760000228881836,23.239999771118164,22.719999313354492,23.18000030517578,20.384784698486328,11412547
2021-08-23,23.299999237060547,23.760000228881836,23.139999389648438,23.559999465942383,20.718961715698242,20364703
2021-08-24,23.700000762939453,24.219999313354492,23.579999923706055,24.100000381469727,21.193845748901367,16506773
2021-08-25,23.979999542236328,24.079999923706055,23.399999618530273,23.459999084472656,20.631019592285156,10290933
2021-08-26,23.459999084472656,23.920000076293945,23.239999771118164,23.420000076293945,20.59584617614746,8805733
2021-08-27,23.459999084472656,23.860000610351562,23.3799991607666,23.600000381469727,20.754138946533203,12674001
2021-08-31,23.719999313354492,23.84000015258789,22.899999618530273,23.040000915527344,20.261669158935547,23851231
2021-09-01,23.18000030517578,23.420000076293945,23.059999465942383,23.219999313354492,20.419963836669922,12340397
2021-09-02,23.219999313354492,23.3799991607666,23.1200008392334,23.18000030517578,20.384784698486328,5725620
2021-09-03,23.200000762939453,23.260000228881836,22.760000228881836,23.040000915527344,20.261669158935547,8457172
2021-09-06,23.15999984741211,23.260000228881836,23.040000915527344,23.239999771118164,20.437549591064453,4786237
2021-09-07,23.239999771118164,23.239999771118164,22.799999237060547,22.799999237060547,20.050607681274414,4315638
2021-09-08,22.760000228881836,22.84000015258789,22.18000030517578,22.18000030517578,19.505373001098633,10269384
2021-09-09,22.100000381469727,22.420000076293945,21.959999084472656,22.420000076293945,19.716432571411133,12280363
2021-09-10,22.540000915527344,22.739999771118164,22.280000686645508,22.34000015258789,19.64607810974121,9317102
2021-09-13,22.34000015258789,22.559999465942383,22.200000762939453,22.420000076293945,19.716432571411133,5354995
2021-09-14,22.360000610351562,22.6200008392334,22.139999389648438,22.420000076293945,19.716432571411133,8534973
2021-09-15,22.399999618530273,22.639999389648438,22.31999969482422,22.6200008392334,19.892314910888672,12018158
2021-09-16,22.719999313354492,23.15999984741211,22.600000381469727,22.719999313354492,19.980255126953125,11652859
2021-09-17,22.799999237060547,23.5,22.780000686645508,23.5,20.66619873046875,12246060
2021-09-20,23.15999984741211,23.239999771118164,22.940000534057617,23.100000381469727,20.314435958862305,11082758
2021-09-21,23.299999237060547,23.3799991607666,22.65999984741211,22.65999984741211,19.927490234375,10280640
2021-09-22,22.81999969482422,22.940000534057617,22.600000381469727,22.84000015258789,20.085784912109375,7428208
2021-09-23,22.899999618530273,23.079999923706055,22.040000915527344,22.18000030517578,19.505373001098633,14289595
2021-09-24,21.979999542236328,22.020000457763672,21.459999084472656,21.639999389648438,19.030488967895508,12051116
2021-09-27,21.81999969482422,21.959999084472656,21.520000457763672,21.899999618530273,19.259136199951172,7983409
2021-09-28,21.81999969482422,22.299999237060547,21.81999969482422,22.020000457763672,19.364667892456055,8743838
2021-09-29,22.280000686645508,22.440000534057617,22.139999389648438,22.299999237060547,19.610902786254883,5911276
2021-09-30,22.280000686645508,22.899999618530273,22.18000030517578,22.6200008392334,19.892314910888672,10071772
2021-10-01,22.459999084472656,22.940000534057617,22.399999618530273,22.760000228881836,20.015432357788086,6845836
2021-10-04,22.719999313354492,22.81999969482422,22.360000610351562,22.399999618530273,19.698843002319336,5442620
2021-10-05,22.399999618530273,22.65999984741211,22.34000015258789,22.559999465942383,19.839550018310547,7243400
2021-10-06,22.3799991607666,22.459999084472656,21.860000610351562,21.860000610351562,19.223962783813477,9882463
2021-10-07,22.1200008392334,22.360000610351562,22.059999465942383,22.280000686645508,19.59331512451172,6428886
2021-10-08,22.200000762939453,22.459999084472656,22.139999389648438,22.15999984741211,19.48778533935547,4612862
2021-10-11,22.239999771118164,22.440000534057617,22.200000762939453,22.219999313354492,19.54054832458496,8068300
2021-10-12,22.059999465942383,22.3799991607666,21.940000534057617,21.940000534057617,19.294315338134766,14293227
2021-10-13,22.020000457763672,22.459999084472656,21.639999389648438,21.760000228881836,19.13602066040039,22822568
2021-10-14,21.799999237060547,22.059999465942383,21.579999923706055,21.68000030517578,19.06566619873047,17402304
2021-10-15,21.780000686645508,21.81999969482422,21.34000015258789,21.5,18.907373428344727,10812913
2021-10-18,21.520000457763672,21.639999389648438,21.3799991607666,21.440000534057617,18.8546085357666,15044868
2021-10-19,21.540000915527344,21.799999237060547,21.5,21.5,18.907373428344727,14223739
2021-10-20,21.600000381469727,21.700000762939453,21.34000015258789,21.360000610351562,18.78425407409668,21678885
2021-10-21,21.360000610351562,21.399999618530273,20.65999984741211,21.239999771118164,18.67872428894043,36629350
2021-10-22,21.34000015258789,22.459999084472656,21.280000686645508,22.31999969482422,19.628490447998047,33944726
2021-10-25,22.18000030517578,23.040000915527344,22.100000381469727,23.040000915527344,20.261669158935547,30573691
2021-10-26,23.139999389648438,23.459999084472656,23.1200008392334,23.34000015258789,20.525489807128906,17893859
2021-10-27,23.459999084472656,23.600000381469727,23.200000762939453,23.559999465942383,20.718961715698242,11956007
2021-10-28,23.479999542236328,23.739999771118164,23.440000534057617,23.579999923706055,20.736549377441406,4499038
2021-11-01,23.65999984741211,23.81999969482422,23.299999237060547,23.719999313354492,20.859668731689453,12873027
2021-11-02,23.68000030517578,23.780000686645508,23.31999969482422,23.540000915527344,20.70137596130371,15556082
2021-11-03,23.479999542236328,24.34000015258789,23.0,24.34000015258789,21.404903411865234,22032257
2021-11-04,24.639999389648438,25.260000228881836,24.6200008392334,24.920000076293945,21.91496467590332,13879981
2021-11-05,24.860000610351562,25.559999465942383,24.65999984741211,25.559999465942383,22.477787017822266,14881972
2021-11-08,25.81999969482422,26.5,25.65999984741211,25.940000534057617,22.81196403503418,19836226
2021-11-09,26.219999313354492,26.979999542236328,25.780000686645508,26.239999771118164,23.075786590576172,26992224
2021-11-10,26.239999771118164,26.559999465942383,25.639999389648438,26.059999465942383,22.91749382019043,15974141
2021-11-11,25.959999084472656,26.479999542236328,25.860000610351562,25.920000076293945,22.794376373291016,13988765
2021-11-12,26.0,26.459999084472656,25.8799991607666,26.3799991607666,23.19890785217285,12158790
2021-11-15,27.0,29.0,27.0,28.34000015258789,24.92255401611328,40318489
2021-11-16,28.100000381469727,28.360000610351562,27.639999389648438,27.719999313354492,24.377317428588867,21857215
2021-11-17,27.520000457763672,28.280000686645508,27.299999237060547,28.059999465942383,24.67631721496582,14348001
2021-11-18,28.100000381469727,29.0,27.0,28.040000915527344,24.658733367919922,41141904
2021-11-19,28.3799991607666,28.459999084472656,27.459999084472656,27.639999389648438,24.30696678161621,20531188
2021-11-22,27.920000076293945,27.959999084472656,27.399999618530273,27.8799991607666,24.518022537231445,16439988
2021-11-23,27.760000228881836,29.059999465942383,27.1200008392334,28.040000915527344,24.658733367919922,41506323
2021-11-24,28.440000534057617,29.219999313354492,28.299999237060547,29.079999923706055,25.573320388793945,45018818
2021-11-25,29.1200008392334,29.780000686645508,29.079999923706055,29.579999923706055,26.01302719116211,23761504
2021-11-26,29.020000457763672,29.260000228881836,28.059999465942383,28.31999969482422,24.904966354370117,19734072
2021-11-29,28.5,29.239999771118164,27.860000610351562,29.020000457763672,25.520557403564453,19590729
2021-11-30,28.600000381469727,28.940000534057617,28.520000457763672,28.540000915527344,25.098438262939453,21765445
2021-12-01,29.0,29.700000762939453,28.899999618530273,29.299999237060547,25.76679039001465,23231362
2021-12-02,29.31999969482422,30.079999923706055,29.260000228881836,30.079999923706055,26.452735900878906,20933503
2021-12-03,30.260000228881836,31.68000030517578,30.260000228881836,31.440000534057617,27.64873504638672,18472749
2021-12-06,31.65999984741211,31.719999313354492,30.81999969482422,31.239999771118164,27.47285270690918,13119556
2021-12-07,31.520000457763672,32.459999084472656,31.219999313354492,32.459999084472656,28.54573631286621,19011704
2021-12-08,32.900001525878906,33.47999954223633,32.2400016784668,33.400001525878906,29.37238311767578,26828719
2021-12-09,33.5,33.880001068115234,32.91999816894531,33.439998626708984,29.407556533813477,28070356
2021-12-10,33.439998626708984,33.52000045776367,32.439998626708984,33.18000030517578,29.178913116455078,17159833
2021-12-13,33.34000015258789,34.459999084472656,33.34000015258789,33.880001068115234,29.794504165649414,21447674
2021-12-14,34.20000076293945,34.91999816894531,34.20000076293945,34.5,30.339736938476562,20914696
2021-12-15,35.5,36.08000183105469,34.58000183105469,35.900001525878906,31.5709171295166,33028787
2021-12-16,36.20000076293945,37.720001220703125,35.52000045776367,37.720001220703125,33.171443939208984,35968807
2021-12-17,39.0,39.7400016784668,33.959999084472656,33.959999084472656,29.864850997924805,38266067
2021-12-20,32.380001068115234,35.0,30.6200008392334,33.34000015258789,29.319618225097656,27432651
2021-12-21,33.47999954223633,33.79999923706055,30.020000457763672,30.020000457763672,26.39996910095215,22379094
2021-12-22,28.700000762939453,29.239999771118164,27.020000457763672,27.079999923706055,23.814495086669922,39313404
2021-12-23,27.68000030517578,28.15999984741211,26.020000457763672,27.540000915527344,24.219026565551758,26266051
2021-12-24,28.31999969482422,29.459999084472656,28.299999237060547,29.440000534057617,25.889909744262695,20401879
2021-12-27,29.639999389648438,30.260000228881836,29.020000457763672,29.440000534057617,25.889909744262695,16646618
2021-12-28,29.559999465942383,29.639999389648438,28.059999465942383,28.700000762939453,25.239147186279297,12731794
2021-12-29,28.579999923706055,29.639999389648438,27.8799991607666,29.459999084472656,25.90749740600586,13483077
2021-12-30,29.68000030517578,29.959999084472656,28.540000915527344,28.700000762939453,25.239147186279297,10705223
2021-12-31,28.719999313354492,29.139999389648438,28.059999465942383,28.3799991607666,24.957731246948242,9474178
2022-01-03,28.600000381469727,30.260000228881836,28.200000762939453,30.260000228881836,26.611024856567383,17004120
2022-01-04,30.459999084472656,30.959999084472656,30.059999465942383,30.559999465942383,26.87485122680664,20173933
2022-01-05,30.559999465942383,31.420000076293945,30.15999984741211,31.420000076293945,27.631145477294922,13532618
2022-01-06,31.0,32.400001525878906,30.920000076293945,32.08000183105469,28.211559295654297,14987338
2022-01-07,32.31999969482422,32.779998779296875,31.459999084472656,32.779998779296875,28.827146530151367,12575659
2022-01-10,33.0,33.220001220703125,32.560001373291016,32.63999938964844,28.704029083251953,12280661
2022-01-11,32.900001525878906,33.0,31.81999969482422,32.81999969482422,28.862323760986328,14136711
2022-01-12,33.18000030517578,33.58000183105469,32.5,33.099998474121094,29.108556747436523,16859412
2022-01-13,32.70000076293945,33.31999969482422,32.65999984741211,33.099998474121094,29.108556747436523,12788028
2022-01-14,33.0,33.2599983215332,32.58000183105469,33.099998474121094,29.108556747436523,12101154
2022-01-17,33.2400016784668,33.91999816894531,33.20000076293945,33.20000076293945,29.196500778198242,11980088
2022-01-18,33.20000076293945,33.31999969482422,31.540000915527344,31.540000915527344,27.736675262451172,9766739
2022-01-19,31.780000686645508,32.86000061035156,30.799999237060547,32.86000061035156,28.89750099182129,18888811
2022-01-20,32.79999923706055,33.119998931884766,31.31999969482422,32.0,28.141206741333008,18915811
2022-01-21,31.700000762939453,32.2599983215332,31.15999984741211,31.520000457763672,27.719087600708008,15145947
2022-01-24,31.440000534057617,31.700000762939453,29.719999313354492,29.799999237060547,26.206499099731445,13480322
2022-01-25,29.959999084472656,31.299999237060547,29.020000457763672,31.299999237060547,27.525615692138672,20150913
2022-01-26,31.34000015258789,31.65999984741211,31.0,31.299999237060547,27.525615692138672,9973777
2022-01-27,30.600000381469727,31.780000686645508,30.440000534057617,31.700000762939453,27.877382278442383,13176848
2022-01-28,31.8799991607666,32.34000015258789,31.639999389648438,31.899999618530273,28.053264617919922,16736465
2022-01-31,32.2599983215332,32.560001373291016,32.040000915527344,32.459999084472656,28.54573631286621,12861846
2022-02-01,32.58000183105469,33.060001373291016,32.41999816894531,32.58000183105469,28.65126609802246,13867637
2022-02-02,32.81999969482422,33.20000076293945,32.439998626708984,32.79999923706055,28.844736099243164,15382359
2022-02-03,32.599998474121094,32.7400016784668,31.200000762939453,31.5,27.701499938964844,12274281
2022-02-04,31.84000015258789,31.940000534057617,31.100000381469727,31.280000686645508,27.508028030395508,10313671
2022-02-07,31.100000381469727,32.58000183105469,30.5,32.560001373291016,28.633678436279297,14509607
2022-02-08,32.58000183105469,33.439998626708984,32.5,33.31999969482422,29.30202865600586,15159861
2022-02-09,33.58000183105469,33.880001068115234,33.20000076293945,33.65999984741211,29.601030349731445,12581438
2022-02-10,33.720001220703125,34.119998931884766,33.36000061035156,33.720001220703125,29.653793334960938,13014121
2022-02-11,33.31999969482422,33.880001068115234,32.439998626708984,33.79999923706055,29.724149703979492,17758379
2022-02-14,33.040000915527344,33.880001068115234,32.279998779296875,33.47999954223633,29.442737579345703,22207051
2022-02-15,33.52000045776367,34.47999954223633,33.52000045776367,34.119998931884766,30.00555992126465,16240947
2022-02-16,34.58000183105469,35.040000915527344,34.5,34.65999984741211,30.480443954467773,14458114
2022-02-17,34.959999084472656,35.119998931884766,34.15999984741211,34.220001220703125,30.093503952026367,17440979
2022-02-18,34.220001220703125,34.439998626708984,33.5,33.900001525878906,29.812091827392578,13978935
2022-02-21,34.18000030517578,34.540000915527344,33.619998931884766,34.220001220703125,30.093503952026367,15153562
2022-02-22,33.5,34.41999816894531,33.279998779296875,34.119998931884766,30.00555992126465,11567701
2022-02-23,34.279998779296875,34.380001068115234,33.13999938964844,33.13999938964844,29.143735885620117,14901751
2022-02-24,30.0,31.1200008392334,29.84000015258789,29.84000015258789,26.241674423217773,20987244
2022-02-25,30.440000534057617,32.060001373291016,30.200000762939453,31.559999465942383,27.75426483154297,18040257
2022-02-28,30.540000915527344,31.979999542236328,30.540000915527344,31.639999389648438,27.824617385864258,19059590
2022-03-01,32.0,32.31999969482422,31.5,31.700000762939453,27.877382278442383,12104186
2022-03-02,31.979999542236328,32.2400016784668,31.459999084472656,31.979999542236328,28.12361717224121,11057170
2022-03-03,32.29999923706055,32.7400016784668,32.119998931884766,32.400001525878906,28.49297332763672,16337730
2022-03-04,32.15999984741211,32.41999816894531,30.959999084472656,30.959999084472656,27.22661590576172,19880284
2022-03-07,30.65999984741211,31.0,29.979999542236328,30.420000076293945,26.75173568725586,21177958
2022-03-08,30.200000762939453,30.959999084472656,29.940000534057617,29.979999542236328,26.364789962768555,21914682
2022-03-09,30.360000610351562,31.31999969482422,30.200000762939453,31.079999923706055,27.33214569091797,26682492
2022-03-10,31.239999771118164,31.559999465942383,30.600000381469727,31.0,27.261791229248047,19749407
2022-03-11,30.920000076293945,31.760000228881836,30.760000228881836,31.299999237060547,27.525615692138672,17852916
2022-03-14,31.81999969482422,34.15999984741211,31.780000686645508,33.959999084472656,29.864850997924805,47992752
2022-03-15,33.86000061035156,34.220001220703125,33.5,33.58000183105469,29.530681610107422,32383215
2022-03-16,33.79999923706055,34.459999084472656,33.439998626708984,34.29999923706055,30.16385269165039,23476021
2022-03-17,34.63999938964844,36.20000076293945,34.5,35.779998779296875,31.465383529663086,31960197
2022-03-18,35.7400016784668,36.459999084472656,35.58000183105469,36.459999084472656,32.063385009765625,17687858
2022-03-21,37.099998474121094,37.15999984741211,36.41999816894531,36.58000183105469,32.16891860961914,13707366
2022-03-22,36.58000183105469,37.47999954223633,36.5,37.099998474121094,32.62621307373047,18773432
2022-03-23,37.29999923706055,37.52000045776367,36.7400016784668,37.0,32.53826904296875,15947507
2022-03-24,37.13999938964844,38.939998626708984,37.13999938964844,37.720001220703125,33.171443939208984,22002915
2022-03-25,38.02000045776367,38.7599983215332,37.540000915527344,37.540000915527344,33.013153076171875,14494336
2022-03-28,37.63999938964844,37.959999084472656,36.939998626708984,36.939998626708984,32.48550033569336,16556092
2022-03-29,37.36000061035156,38.720001220703125,37.36000061035156,38.619998931884766,33.96291732788086,23111428
2022-03-30,38.68000030517578,40.060001373291016,38.599998474121094,40.0,35.17650604248047,21978860
2022-03-31,40.2400016784668,40.86000061035156,39.2599983215332,39.65999984741211,34.877506256103516,12944674
2022-04-01,39.81999969482422,40.52000045776367,38.959999084472656,39.279998779296875,34.543331146240234,16060129
2022-04-04,39.540000915527344,39.97999954223633,39.52000045776367,39.97999954223633,35.15892028808594,14555862
2022-04-05,40.13999938964844,40.400001525878906,39.63999938964844,39.84000015258789,35.03580093383789,18424639
2022-04-06,39.97999954223633,40.58000183105469,39.70000076293945,39.79999923706055,35.00062561035156,15777096
2022-04-07,39.220001220703125,39.58000183105469,39.02000045776367,39.34000015258789,35.398338317871094,13329830
2022-04-08,39.959999084472656,41.29999923706055,39.880001068115234,41.2400016784668,37.10797119140625,22954223
2022-04-11,41.15999984741211,43.220001220703125,40.86000061035156,42.599998474121094,38.33169937133789,37168586
2022-04-12,42.5,42.720001220703125,41.560001373291016,42.220001220703125,37.98978042602539,21121609
2022-04-13,42.52000045776367,42.599998474121094,40.900001525878906,40.959999084472656,36.856021881103516,18717255
2022-04-14,41.279998779296875,41.380001068115234,40.29999923706055,40.36000061035156,36.316139221191406,16013134
2022-04-15,40.36000061035156,41.08000183105469,40.31999969482422,40.7400016784668,36.65806579589844,9715373
2022-04-18,40.7599983215332,41.31999969482422,40.7599983215332,41.31999969482422,37.17995071411133,12198738
2022-04-19,41.47999954223633,42.119998931884766,41.060001373291016,42.060001373291016,37.84580993652344,24045300
2022-04-20,42.15999984741211,42.220001220703125,41.13999938964844,41.34000015258789,37.19794845581055,18518743
2022-04-21,41.34000015258789,41.65999984741211,41.119998931884766,41.13999938964844,37.01798629760742,21234491
2022-04-22,40.779998779296875,41.040000915527344,39.459999084472656,39.5,35.54230499267578,20674153
2022-04-25,39.34000015258789,40.599998474121094,38.939998626708984,40.20000076293945,36.17216873168945,15106202
2022-04-26,40.7599983215332,40.900001525878906,38.91999816894531,39.599998474121094,35.63228225708008,13972610
2022-04-27,39.599998474121094,40.2400016784668,39.040000915527344,40.08000183105469,36.06419372558594,12969366
2022-04-28,40.400001525878906,40.86000061035156,39.900001525878906,40.13999938964844,36.11817932128906,10593586
2022-04-29,40.279998779296875,40.540000915527344,39.7599983215332,40.20000076293945,36.17216873168945,10702218
2022-05-05,40.81999969482422,41.08000183105469,39.959999084472656,39.959999084472656,35.956214904785156,13746187
2022-05-06,39.91999816894531,40.18000030517578,38.720001220703125,39.220001220703125,35.29035949707031,18600092
2022-05-09,39.220001220703125,40.29999923706055,39.15999984741211,40.13999938964844,36.11817932128906,15845173
2022-05-10,40.5,41.47999954223633,40.5,41.20000076293945,37.07197570800781,5619440
2022-05-11,41.720001220703125,41.86000061035156,40.0,40.0,35.992210388183594,20731045
2022-05-12,38.97999954223633,39.099998474121094,37.97999954223633,38.5,34.64249801635742,23680593
2022-05-13,38.91999816894531,39.0,38.34000015258789,38.63999938964844,34.768470764160156,14796047
2022-05-16,38.459999084472656,38.70000076293945,38.119998931884766,38.29999923706055,34.46253967285156,12821426
2022-05-17,38.47999954223633,38.91999816894531,38.099998474121094,38.15999984741211,34.33656692504883,13047301
2022-05-18,38.099998474121094,38.86000061035156,38.099998474121094,38.439998626708984,34.5885124206543,16611894
2022-05-20,38.29999923706055,38.63999938964844,38.060001373291016,38.060001373291016,34.246585845947266,7836920
2022-05-23,38.400001525878906,39.0,37.880001068115234,39.0,35.092403411865234,15937433
2022-05-24,39.220001220703125,39.459999084472656,38.5,38.5,34.64249801635742,13762243
2022-05-25,39.0,40.20000076293945,38.91999816894531,39.779998779296875,35.794254302978516,23996927
2022-05-26,39.79999923706055,40.279998779296875,39.41999816894531,40.02000045776367,36.01020812988281,15937168
2022-05-27,40.040000915527344,40.41999816894531,39.2599983215332,39.380001068115234,35.434329986572266,12801214
2022-05-30,40.0,41.119998931884766,39.84000015258789,40.7400016784668,36.65806579589844,15170346
2022-05-31,40.900001525878906,41.880001068115234,40.86000061035156,40.97999954223633,36.874019622802734,22129648
2022-06-01,41.08000183105469,42.0,40.79999923706055,41.099998474121094,36.98199462890625,13711921
2022-06-02,41.18000030517578,41.619998931884766,40.91999816894531,41.439998626708984,37.28792953491211,12108783
2022-06-03,41.65999984741211,41.79999923706055,40.939998626708984,41.08000183105469,36.9640007019043,8553997
2022-06-06,41.29999923706055,42.380001068115234,41.29999923706055,42.15999984741211,37.935787200927734,12912111
2022-06-07,42.0,42.099998474121094,41.02000045776367,41.439998626708984,37.28792953491211,17079322
2022-06-08,41.79999923706055,42.119998931884766,39.720001220703125,39.720001220703125,35.74026107788086,17124262
2022-06-09,39.7400016784668,40.08000183105469,38.459999084472656,39.31999969482422,35.38034439086914,18570023
2022-06-10,38.779998779296875,40.040000915527344,37.939998626708984,38.31999969482422,34.48053741455078,20473770
2022-06-13,38.040000915527344,39.41999816894531,38.0,39.099998474121094,35.18238067626953,15472169
2022-06-14,39.380001068115234,39.779998779296875,39.02000045776367,39.540000915527344,35.57830047607422,17561682
2022-06-15,39.540000915527344,39.97999954223633,38.939998626708984,39.97999954223633,35.974212646484375,10829922
2022-06-16,39.900001525878906,39.939998626708984,38.41999816894531,38.63999938964844,34.768470764160156,13100207
2022-06-17,38.720001220703125,39.18000030517578,38.52000045776367,38.540000915527344,34.67849349975586,15266419
2022-06-20,38.81999969482422,39.040000915527344,38.31999969482422,38.900001525878906,35.00242614746094,13307962
2022-06-21,39.18000030517578,39.86000061035156,38.959999084472656,39.79999923706055,35.812252044677734,13226657
2022-06-22,39.5,41.2400016784668,39.18000030517578,41.040000915527344,36.92800521850586,22848779
2022-06-23,40.97999954223633,41.400001525878906,40.02000045776367,40.65999984741211,36.58607864379883,18072706
2022-06-24,40.86000061035156,40.939998626708984,39.900001525878906,40.900001525878906,36.80203628540039,11105509
2022-06-27,39.31999969482422,39.31999969482422,39.31999969482422,39.31999969482422,35.38034439086914,131700
2022-06-28,40.599998474121094,41.5,39.599998474121094,39.880001068115234,35.88423538208008,19403921
2022-06-29,39.880001068115234,39.97999954223633,37.119998931884766,37.119998931884766,33.40077209472656,17177426
2022-06-30,36.81999969482422,37.65999984741211,36.459999084472656,36.599998474121094,32.93286895751953,22587323
2022-07-01,36.599998474121094,37.08000183105469,36.439998626708984,36.720001220703125,33.04084777832031,17930995
2022-07-04,37.060001373291016,37.380001068115234,36.040000915527344,36.18000030517578,32.554954528808594,11982077
2022-07-05,36.220001220703125,36.81999969482422,35.540000915527344,36.0,32.39298629760742,14204829
2022-07-06,36.060001373291016,36.31999969482422,35.47999954223633,36.119998931884766,32.5009651184082,14192018
2022-07-07,36.2599983215332,36.41999816894531,35.63999938964844,35.7599983215332,32.177032470703125,14665145
2022-07-08,35.70000076293945,35.959999084472656,35.619998931884766,35.619998931884766,32.05105972290039,5641885
2022-07-13,35.5,35.599998474121094,34.439998626708984,34.880001068115234,31.38520622253418,13278184
2022-07-14,34.880001068115234,34.900001525878906,33.63999938964844,33.86000061035156,30.467405319213867,14315647
2022-07-18,34.29999923706055,34.540000915527344,34.18000030517578,34.29999923706055,30.863317489624023,16505909
2022-07-19,34.29999923706055,34.900001525878906,34.20000076293945,34.81999969482422,31.331218719482422,35842234
2022-07-20,35.040000915527344,35.36000061035156,34.86000061035156,35.2599983215332,31.72713279724121,29061497
2022-07-21,35.2599983215332,35.779998779296875,35.18000030517578,35.34000015258789,31.799116134643555,22648550
2022-07-22,35.47999954223633,36.439998626708984,35.47999954223633,36.0,32.39298629760742,21137880
2022-07-25,36.040000915527344,36.459999084472656,35.779998779296875,36.18000030517578,32.554954528808594,18997076
2022-07-26,36.36000061035156,36.65999984741211,35.959999084472656,36.119998931884766,32.5009651184082,16303309
2022-07-27,36.31999969482422,36.560001373291016,35.720001220703125,36.20000076293945,32.57294845581055,14745778
2022-07-28,36.560001373291016,36.599998474121094,35.619998931884766,35.720001220703125,32.14104080200195,12801315
2022-07-29,35.7599983215332,36.880001068115234,35.7599983215332,36.79999923706055,33.11283493041992,19741113
2022-08-01,37.0,37.880001068115234,36.939998626708984,37.7599983215332,33.976646423339844,14558863
2022-08-02,37.7599983215332,38.540000915527344,37.720001220703125,38.119998931884766,34.300575256347656,20519963
2022-08-03,38.41999816894531,38.70000076293945,38.119998931884766,38.52000045776367,34.66049575805664,15936080
2022-08-04,38.959999084472656,39.279998779296875,38.779998779296875,38.900001525878906,35.00242614746094,16746289
2022-08-05,38.959999084472656,39.779998779296875,38.2599983215332,39.459999084472656,35.50631332397461,24643520
2022-08-08,39.900001525878906,40.58000183105469,39.68000030517578,40.36000061035156,36.316139221191406,21551824
2022-08-09,40.31999969482422,40.86000061035156,39.599998474121094,40.18000030517578,36.154170989990234,20399807
2022-08-10,40.18000030517578,41.13999938964844,39.939998626708984,41.13999938964844,37.01798629760742,19649960
2022-08-11,41.599998474121094,41.86000061035156,40.959999084472656,41.5,37.3419189453125,26460218
2022-08-12,41.52000045776367,42.2400016784668,40.84000015258789,41.29999923706055,37.16195297241211,30049688
2022-08-15,41.619998931884766,41.7400016784668,40.31999969482422,40.560001373291016,36.49610137939453,18097052
2022-08-16,41.599998474121094,43.08000183105469,40.0,43.08000183105469,38.76361083984375,51577861
2022-08-17,43.08000183105469,45.0,42.560001373291016,44.720001220703125,40.23929214477539,49908363
2022-08-18,44.720001220703125,46.91999816894531,44.560001373291016,46.79999923706055,42.11088562011719,43458752
2022-08-19,46.81999969482422,47.779998779296875,46.279998779296875,46.439998626708984,41.786956787109375,21626862
2022-08-22,45.939998626708984,46.900001525878906,45.720001220703125,46.400001525878906,41.7509651184082,23799588
2022-08-23,46.400001525878906,48.439998626708984,46.31999969482422,48.220001220703125,43.38861083984375,27786197
2022-08-24,48.5,48.880001068115234,46.29999923706055,46.5,41.8409423828125,22671527
2022-08-25,46.84000015258789,47.779998779296875,46.84000015258789,47.400001525878906,42.65077209472656,19897994
2022-08-26,47.439998626708984,48.060001373291016,46.060001373291016,47.0,42.29084777832031,25437306
2022-08-29,46.36000061035156,46.900001525878906,45.58000183105469,46.41999816894531,41.768959045410156,22357164
2022-08-31,46.47999954223633,46.65999984741211,45.619998931884766,45.619998931884766,41.049110412597656,16108195
2022-09-01,45.400001525878906,45.400001525878906,44.060001373291016,44.36000061035156,39.91535949707031,22927369
2022-09-02,44.47999954223633,46.599998474121094,44.36000061035156,46.20000076293945,41.57100296020508,25557567
2022-09-05,48.040000915527344,50.25,47.119998931884766,50.150001525878906,45.1252326965332,40636257
2022-09-06,50.599998474121094,50.900001525878906,48.20000076293945,49.060001373291016,44.144447326660156,41071725
2022-09-07,49.34000015258789,50.20000076293945,48.459999084472656,49.099998474121094,44.18043518066406,26021189
2022-09-08,49.65999984741211,51.45000076293945,49.20000076293945,49.91999816894531,44.918277740478516,36357418
2022-09-09,50.20000076293945,52.099998474121094,50.0,51.099998474121094,45.98004913330078,25943828
2022-09-12,51.900001525878906,54.25,51.45000076293945,54.04999923706055,48.63447189331055,28402936
2022-09-13,55.0,55.900001525878906,49.70000076293945,49.79999923706055,44.810298919677734,38510723
2022-09-14,49.70000076293945,50.20000076293945,47.41999816894531,50.099998474121094,45.08024215698242,23877003
2022-09-15,50.400001525878906,51.45000076293945,48.880001068115234,49.220001220703125,44.28841018676758,23283560
2022-09-16,49.36000061035156,50.150001525878906,48.91999816894531,49.0,44.0904541015625,21564727
2022-09-19,49.0,49.31999969482422,46.7400016784668,46.81999969482422,42.12887954711914,18270609
2022-09-20,46.86000061035156,48.779998779296875,46.540000915527344,48.02000045776367,43.20864486694336,21564445
2022-09-21,48.36000061035156,49.29999923706055,47.619998931884766,49.02000045776367,44.10845184326172,22631598
2022-09-22,49.02000045776367,49.900001525878906,48.540000915527344,49.36000061035156,44.41438293457031,26538395
2022-09-23,49.81999969482422,50.349998474121094,48.5,48.5,43.64055252075195,20493960
2022-09-26,48.41999816894531,48.97999954223633,46.79999923706055,47.599998474121094,42.830726623535156,23036868
2022-09-27,47.79999923706055,48.959999084472656,47.52000045776367,47.70000076293945,42.92070770263672,17250397
2022-09-28,47.29999923706055,48.099998474121094,46.400001525878906,46.41999816894531,41.768959045410156,16262926
2022-09-29,46.599998474121094,47.2599983215332,44.279998779296875,45.380001068115234,40.833160400390625,16875567
2022-09-30,45.34000015258789,46.02000045776367,44.70000076293945,45.400001525878906,40.851158142089844,24084010
2022-10-03,45.70000076293945,49.599998474121094,45.70000076293945,49.400001525878906,44.450382232666016,25117804
2022-10-04,49.779998779296875,50.79999923706055,48.79999923706055,50.04999923706055,45.03525161743164,29801166
2022-10-05,50.45000076293945,51.099998474121094,49.15999984741211,50.099998474121094,45.08024215698242,23690300
2022-10-06,50.599998474121094,52.25,50.45000076293945,52.099998474121094,46.879852294921875,29463317
2022-10-07,52.29999923706055,53.599998474121094,51.5,52.650001525878906,47.3747444152832,23839450
2022-10-10,53.20000076293945,53.400001525878906,52.25,52.599998474121094,47.32975387573242,15163131
2022-10-11,52.599998474121094,52.900001525878906,51.54999923706055,52.20000076293945,46.9698371887207,15581077
2022-10-12,52.099998474121094,52.29999923706055,49.900001525878906,49.900001525878906,44.9002799987793,25574318
2022-10-13,49.900001525878906,51.0,49.63999938964844,50.5,45.44016647338867,32786416
2022-10-14,51.5,52.099998474121094,51.04999923706055,51.400001525878906,46.2499885559082,22151691
2022-10-17,51.70000076293945,56.5,51.70000076293945,56.25,50.614044189453125,47807876
2022-10-18,56.54999923706055,57.29999923706055,54.5,55.349998474121094,49.80421829223633,39861235
2022-10-19,55.5,56.849998474121094,54.349998474121094,56.349998474121094,50.70402145385742,26273042
2022-10-20,56.849998474121094,57.650001525878906,55.349998474121094,55.849998474121094,50.254119873046875,28163624
2022-10-21,56.0,57.150001525878906,55.349998474121094,56.849998474121094,51.153926849365234,21360224
2022-10-24,57.29999923706055,58.900001525878906,56.75,57.400001525878906,51.64882278442383,25307702
2022-10-25,57.599998474121094,58.099998474121094,56.400001525878906,57.95000076293945,52.143714904785156,26090569
2022-10-26,58.04999923706055,58.45000076293945,56.349998474121094,56.45000076293945,50.794002532958984,21599868
2022-10-27,56.45000076293945,56.849998474121094,54.45000076293945,55.0,49.48928451538086,21191382
2022-10-28,54.849998474121094,55.0,53.900001525878906,54.5,49.03938674926758,9150897
2022-10-31,54.650001525878906,55.849998474121094,53.849998474121094,55.599998474121094,50.02916717529297,22401236
2022-11-01,55.95000076293945,57.849998474121094,55.70000076293945,56.349998474121094,50.70402145385742,30221562
2022-11-02,56.400001525878906,57.20000076293945,55.900001525878906,56.70000076293945,51.01895523071289,20652419
2022-11-03,57.349998474121094,58.45000076293945,56.5,57.54999923706055,51.78378677368164,34485241
2022-11-04,58.0,60.349998474121094,57.45000076293945,59.849998474121094,53.85334014892578,46223702
2022-11-07,61.0,63.70000076293945,60.650001525878906,62.95000076293945,56.64273452758789,49385074
2022-11-08,63.599998474121094,65.1500015258789,62.70000076293945,63.650001525878906,57.272605895996094,42935961
2022-11-09,63.70000076293945,65.0,62.25,62.29999923706055,56.057865142822266,28797879
2022-11-10,62.099998474121094,64.5,61.75,64.0,57.5875358581543,22563407
2022-11-11,65.19999694824219,65.6500015258789,62.04999923706055,62.29999923706055,56.057865142822266,34042706
2022-11-14,62.150001525878906,63.400001525878906,61.75,63.20000076293945,56.8676872253418,26697398
2022-11-15,63.70000076293945,64.69999694824219,62.150001525878906,63.900001525878906,57.49755859375,36363488
2022-11-16,64.19999694824219,66.80000305175781,63.29999923706055,63.5,57.13763427734375,46462881
2022-11-17,63.599998474121094,63.70000076293945,60.45000076293945,61.599998474121094,55.428001403808594,31645074
2022-11-18,61.599998474121094,64.3499984741211,61.45000076293945,62.95000076293945,56.64273452758789,25033425
2022-11-21,63.25,65.80000305175781,62.79999923706055,65.80000305175781,59.20718765258789,27797324
2022-11-22,66.30000305175781,68.44999694824219,65.69999694824219,68.19999694824219,61.36671447753906,29536739
2022-11-23,68.4000015258789,68.94999694824219,66.5999984741211,68.3499984741211,61.50168991088867,33259092
2022-11-24,68.69999694824219,69.94999694824219,67.5999984741211,68.5999984741211,61.72663497924805,34505392
2022-11-25,68.25,71.0999984741211,67.75,70.4000015258789,63.346290588378906,35208997
2022-11-28,71.0,71.9000015258789,70.80000305175781,70.94999694824219,63.8411750793457,25819196
2022-11-29,71.4000015258789,71.5,69.0,70.8499984741211,63.75120544433594,21309080
2022-11-30,70.8499984741211,71.25,70.0,70.5999984741211,63.5262451171875,31681062
2022-12-01,71.5999984741211,72.1500015258789,70.05000305175781,71.3499984741211,64.20110321044922,34807664
2022-12-02,71.1500015258789,71.1500015258789,67.8499984741211,68.8499984741211,61.95159149169922,31174060
2022-12-05,69.30000305175781,69.6500015258789,67.6500015258789,68.44999694824219,61.59165954589844,22124197
2022-12-06,68.5,70.05000305175781,68.1500015258789,68.5999984741211,61.72663497924805,23712189
2022-12-07,68.5999984741211,68.9000015258789,65.19999694824219,66.6500015258789,59.972023010253906,22364434
2022-12-08,66.5999984741211,67.55000305175781,65.0,67.30000305175781,60.55689239501953,25424165
2022-12-09,68.0,68.9000015258789,67.19999694824219,68.6500015258789,61.771629333496094,20683299
2022-12-12,69.30000305175781,71.19999694824219,69.05000305175781,70.0,62.98637008666992,37401840
2022-12-13,70.5,71.75,69.19999694824219,71.4000015258789,64.24610137939453,41204903
2022-12-14,71.69999694824219,73.05000305175781,69.5999984741211,70.0999984741211,63.07633972167969,46290907
2022-12-15,71.05000305175781,73.19999694824219,69.55000305175781,71.0,63.886173248291016,41189570
2022-12-16,71.30000305175781,73.0,71.0999984741211,71.94999694824219,64.74098205566406,12607821
2022-12-19,73.3499984741211,76.05000305175781,73.3499984741211,75.3499984741211,67.8003158569336,34433420
2022-12-20,75.4000015258789,76.30000305175781,73.69999694824219,75.5999984741211,68.02527618408203,30788736
2022-12-21,76.0,77.30000305175781,75.5999984741211,76.3499984741211,68.70012664794922,27991643
2022-12-22,76.9000015258789,78.25,75.8499984741211,76.94999694824219,69.2400131225586,23976981
2022-12-23,76.94999694824219,77.25,75.6500015258789,76.9000015258789,69.19503021240234,17420960
2022-12-26,77.5999984741211,78.69999694824219,77.3499984741211,78.0,70.18480682373047,15891835
2022-12-27,78.1500015258789,80.0,77.1500015258789,77.80000305175781,70.00485229492188,21834110
2022-12-28,77.8499984741211,81.9000015258789,75.5,79.5,71.53451538085938,50663228
2022-12-29,79.5999984741211,81.9000015258789,78.8499984741211,81.9000015258789,73.69404602050781,34200114
2022-12-30,82.44999694824219,85.4000015258789,82.30000305175781,83.69999694824219,75.3136978149414,31993725
2023-01-02,85.1500015258789,85.3499984741211,83.94999694824219,84.5,76.03353881835938,23211322
2023-01-03,84.5999984741211,85.25,82.69999694824219,83.3499984741211,74.99876403808594,28387374
2023-01-04,83.55000305175781,85.0999984741211,81.80000305175781,83.1500015258789,74.81880950927734,34781031
2023-01-05,83.5,83.5999984741211,79.4000015258789,81.0,72.88422393798828,22608382
2023-01-06,76.8499984741211,81.9000015258789,74.6500015258789,79.4000015258789,71.44452667236328,33555880
2023-01-09,79.3499984741211,79.75,75.19999694824219,76.0,68.38520050048828,37078770
2023-01-10,75.9000015258789,76.80000305175781,72.1500015258789,72.25,65.01092529296875,31811657
2023-01-11,72.44999694824219,74.0999984741211,69.5,69.69999694824219,62.7164192199707,29371250
2023-01-12,71.69999694824219,73.0999984741211,68.1500015258789,72.94999694824219,65.64078521728516,30261733
2023-01-13,72.69999694824219,73.80000305175781,71.4000015258789,72.75,65.46083068847656,25042851
2023-01-16,73.19999694824219,75.3499984741211,72.4000015258789,75.25,67.7103500366211,35793752
2023-01-17,75.25,77.19999694824219,74.80000305175781,77.0999984741211,69.37498474121094,37197860
2023-01-18,77.0,78.6500015258789,76.4000015258789,77.5,69.73490142822266,31862146
2023-01-19,77.19999694824219,79.55000305175781,76.94999694824219,79.44999694824219,71.4895248413086,26796043
2023-01-20,79.4000015258789,82.8499984741211,79.0999984741211,82.69999694824219,74.41389465332031,25773179
2023-01-23,83.0999984741211,84.9000015258789,81.0,83.0,74.683837890625,31847998
2023-01-24,83.05000305175781,83.19999694824219,79.75,81.30000305175781,73.1541748046875,27372923
2023-01-25,81.69999694824219,82.1500015258789,76.9000015258789,80.1500015258789,72.11939239501953,26471496
2023-01-26,80.0,80.0999984741211,78.1500015258789,78.75,70.85966491699219,22277870
2023-01-27,78.1500015258789,79.6500015258789,75.30000305175781,79.05000305175781,71.12960815429688,27369572
2023-01-30,79.0999984741211,79.5999984741211,77.5999984741211,77.9000015258789,70.0948257446289,16331959
2023-01-31,77.5,78.5,75.8499984741211,76.44999694824219,68.79010772705078,23777574
2023-02-01,76.80000305175781,77.69999694824219,71.05000305175781,71.25,64.11112213134766,27667994
2023-02-02,71.9000015258789,74.80000305175781,68.3499984741211,72.5999984741211,65.32585906982422,40792111
2023-02-03,72.55000305175781,77.55000305175781,71.8499984741211,77.30000305175781,69.55494689941406,22403433
2023-02-06,75.44999694824219,77.4000015258789,72.0,76.5,68.83509826660156,6354309
2023-02-07,76.4000015258789,76.4000015258789,68.8499984741211,68.94999694824219,62.04156494140625,22063231
2023-02-08,66.0,66.0,66.0,66.0,59.38714599609375,10000
2023-02-15,74.0,75.80000305175781,72.94999694824219,75.80000305175781,68.20523834228516,11668763
2023-02-16,81.5,81.69999694824219,74.5999984741211,74.94999694824219,67.44039916992188,33541195
2023-02-17,73.44999694824219,76.5999984741211,73.19999694824219,74.9000015258789,67.39541625976562,14699783
2023-02-20,75.0,77.1500015258789,74.0999984741211,76.0999984741211,68.47517395019531,14609054
2023-02-21,75.6500015258789,77.0999984741211,74.55000305175781,75.19999694824219,67.66534423828125,18201603
2023-02-22,76.05000305175781,76.5,74.80000305175781,74.9000015258789,67.39541625976562,17838031
2023-02-23,75.0999984741211,76.25,74.5999984741211,75.0999984741211,67.57537078857422,14539164
2023-02-24,75.0999984741211,76.05000305175781,74.94999694824219,75.19999694824219,67.66534423828125,12491186
2023-02-27,75.1500015258789,78.05000305175781,72.5999984741211,77.94999694824219,70.13981628417969,25778056
2023-02-28,78.0999984741211,78.25,76.25,77.55000305175781,69.77989196777344,18182774
2023-03-01,77.75,80.5,77.5999984741211,80.19999694824219,72.16437530517578,21445168
2023-03-02,81.44999694824219,82.69999694824219,80.4000015258789,80.6500015258789,72.56929016113281,21511969
2023-03-03,80.1500015258789,82.80000305175781,77.19999694824219,78.9000015258789,70.99463653564453,31451178
2023-03-06,79.4000015258789,84.6500015258789,78.9000015258789,84.5,76.03353881835938,31118918
2023-03-07,84.80000305175781,87.19999694824219,84.0,84.0,75.5836410522461,29398907
2023-03-08,84.0999984741211,89.9000015258789,83.75,89.5,80.5325698852539,25534993
2023-03-09,89.5,89.8499984741211,87.25,87.55000305175781,78.7779541015625,17048208
2023-03-10,86.94999694824219,89.0,85.6500015258789,86.19999694824219,77.5632095336914,20156626
2023-03-13,86.69999694824219,87.05000305175781,83.75,84.30000305175781,75.85357666015625,15838133
2023-03-14,84.5,85.5999984741211,80.5999984741211,80.5999984741211,72.52429962158203,21270373
2023-03-15,80.8499984741211,81.30000305175781,77.3499984741211,79.05000305175781,71.12960815429688,19857941
2023-03-16,80.0,82.5999984741211,79.44999694824219,82.44999694824219,74.1889419555664,15257379
2023-03-17,83.05000305175781,83.80000305175781,78.9000015258789,78.9000015258789,70.99463653564453,18230339
2023-03-20,78.8499984741211,79.4000015258789,76.25,76.5999984741211,68.92507934570312,17348208
2023-03-21,77.0,78.30000305175781,75.3499984741211,76.55000305175781,68.88008880615234,16028657
2023-03-22,77.44999694824219,79.80000305175781,76.0999984741211,79.80000305175781,71.8044662475586,13688221
2023-03-23,79.4000015258789,80.75,78.44999694824219,80.30000305175781,72.25436401367188,14045048
2023-03-24,81.5,81.75,78.5,78.8499984741211,70.94963836669922,25062586
2023-03-27,78.80000305175781,78.8499984741211,76.44999694824219,76.44999694824219,70.33598327636719,19198497
2023-03-28,76.9000015258789,77.3499984741211,74.0999984741211,74.69999694824219,68.72593688964844,17964753
2023-03-29,74.5,77.5999984741211,73.5999984741211,77.44999694824219,71.25601196289062,20077961
2023-03-30,76.75,80.6500015258789,76.5,79.0,72.68205261230469,26697429
2023-03-31,78.5,78.5,75.94999694824219,76.5,70.38198852539062,17266559
2023-04-03,76.1500015258789,78.25,73.94999694824219,78.0,71.76202392578125,20601446
2023-04-04,77.6500015258789,80.44999694824219,77.0999984741211,80.3499984741211,73.92408752441406,20223536
2023-04-05,80.3499984741211,81.1500015258789,78.5999984741211,78.75,72.45204162597656,17897646
2023-04-06,78.75,79.5999984741211,77.80000305175781,78.0,71.76202392578125,11353816
2023-04-07,78.0999984741211,78.5999984741211,77.30000305175781,77.55000305175781,71.34801483154297,10138901
2023-04-10,78.0999984741211,80.1500015258789,78.05000305175781,80.0,73.60208129882812,14430607
2023-04-11,80.6500015258789,81.75,79.75,81.69999694824219,75.1661148071289,20043193
2023-04-12,81.69999694824219,83.30000305175781,81.1500015258789,82.0999984741211,75.53412628173828,18366755
2023-04-13,82.0999984741211,82.5,80.5,80.5,74.06208801269531,17485211
2023-04-14,80.6500015258789,81.69999694824219,80.30000305175781,80.30000305175781,73.87808227539062,11801852
2023-04-17,80.44999694824219,80.8499984741211,79.0,79.4000015258789,73.05005645751953,13117174
2023-04-18,79.55000305175781,80.3499984741211,78.44999694824219,78.80000305175781,72.498046875,10921933
2023-04-19,78.9000015258789,79.6500015258789,77.80000305175781,79.05000305175781,72.72805786132812,12712062
2023-04-20,78.6500015258789,79.4000015258789,78.30000305175781,79.30000305175781,72.95806121826172,7158524
2023-04-24,79.69999694824219,80.6500015258789,79.4000015258789,80.0999984741211,73.69407653808594,15145783
2023-04-25,79.9000015258789,80.0999984741211,78.44999694824219,78.80000305175781,72.498046875,13259539
2023-04-26,78.75,79.0,76.69999694824219,77.5,71.30200958251953,17417813
2023-04-27,77.25,79.55000305175781,77.19999694824219,79.25,72.91206359863281,17180209
2023-04-28,79.1500015258789,79.5,75.19999694824219,75.6500015258789,69.59996795654297,17253071
2023-05-02,75.80000305175781,76.69999694824219,73.5,74.0,68.08192443847656,13130078
2023-05-03,74.3499984741211,76.3499984741211,70.6500015258789,75.75,69.69196319580078,20228970
2023-05-04,74.94999694824219,77.75,74.69999694824219,76.44999694824219,70.33598327636719,15031087
2023-05-05,76.44999694824219,77.05000305175781,75.25,75.69999694824219,69.64595794677734,13316001
2023-05-08,76.5,81.0,75.80000305175781,80.5999984741211,74.15409088134766,19591065
2023-05-09,80.1500015258789,88.5999984741211,79.80000305175781,86.8499984741211,79.90425109863281,58514478
2023-05-10,86.55000305175781,89.44999694824219,85.25,87.8499984741211,80.82427978515625,40009846
2023-05-11,88.30000305175781,96.5999984741211,88.1500015258789,96.5999984741211,88.87451171875,44487763
2023-05-12,98.94999694824219,102.0,94.0999984741211,96.8499984741211,89.1045150756836,57876617
2023-05-15,87.19999694824219,87.19999694824219,87.19999694824219,87.19999694824219,80.22625732421875,4258163
2023-05-16,78.5,82.19999694824219,78.5,79.9000015258789,73.51007080078125,118841611
2023-05-17,80.80000305175781,82.1500015258789,79.80000305175781,81.0999984741211,74.61410522460938,46257139
2023-05-18,81.3499984741211,81.6500015258789,78.0,78.0,71.76202392578125,34352575
2023-05-22,78.5,78.80000305175781,74.5999984741211,75.30000305175781,69.27796173095703,23544707
2023-05-23,75.30000305175781,76.4000015258789,74.4000015258789,75.0999984741211,69.09394836425781,19791693
2023-05-24,75.5999984741211,75.94999694824219,72.19999694824219,72.5999984741211,66.79388427734375,22634441
2023-05-25,73.0999984741211,73.94999694824219,72.5,73.05000305175781,67.20790100097656,14686067
2023-05-26,73.25,75.5999984741211,72.55000305175781,75.0,69.00194549560547,21724415
2023-05-29,75.4000015258789,77.6500015258789,73.5,76.19999694824219,70.10597229003906,31790713
2023-05-30,77.5999984741211,82.3499984741211,77.5999984741211,81.1500015258789,74.66011047363281,70397283
2023-05-31,81.0999984741211,81.1500015258789,78.80000305175781,78.80000305175781,72.498046875,37114798
2023-06-01,79.5,81.6500015258789,79.44999694824219,80.5,74.06208801269531,27038263
2023-06-02,85.0,85.9000015258789,82.75,85.30000305175781,78.47821807861328,44463095
2023-06-05,88.0,93.80000305175781,85.3499984741211,93.80000305175781,86.29843139648438,60095719
2023-06-06,92.6500015258789,97.69999694824219,92.0,93.9000015258789,86.39044189453125,53359156
2023-06-07,97.5,102.9000015258789,97.3499984741211,100.0,92.00259399414062,47375080
2023-06-08,99.80000305175781,101.5999984741211,97.44999694824219,100.19999694824219,92.18659973144531,30153695
2023-06-09,102.0999984741211,104.80000305175781,99.4000015258789,103.5999984741211,95.31468963623047,35461087
2023-06-12,104.5999984741211,105.5,101.0,101.0,92.92262268066406,22706743
2023-06-13,100.5999984741211,102.5,97.69999694824219,99.5999984741211,91.63458251953125,30457123
2023-06-14,99.94999694824219,103.5999984741211,98.30000305175781,99.30000305175781,91.35858154296875,32298664
2023-06-15,99.80000305175781,101.0999984741211,98.8499984741211,101.0,92.92262268066406,25989506
2023-06-16,101.30000305175781,102.0999984741211,99.4000015258789,99.4000015258789,91.4505844116211,22481317
2023-06-19,99.5,99.55000305175781,95.05000305175781,95.05000305175781,87.44847106933594,19476984
2023-06-20,95.05000305175781,96.1500015258789,93.94999694824219,96.0,88.3224868774414,17517041
2023-06-21,96.69999694824219,98.5,94.25,94.5,86.94245147705078,21429163
2023-06-22,94.75,100.4000015258789,93.94999694824219,100.0,92.00259399414062,32507889
2023-06-23,103.0,105.0,101.19999694824219,103.5999984741211,95.31468963623047,27307482
2023-06-26,105.0,105.5,104.0,104.9000015258789,96.5107192993164,19219943
2023-06-27,104.4000015258789,104.69999694824219,103.5999984741211,103.69999694824219,95.40669250488281,5822315
2023-07-03,105.19999694824219,107.9000015258789,105.0,106.4000015258789,97.8907699584961,26603211
2023-07-04,106.69999694824219,107.0,105.0,105.0,96.60272979736328,22524018
2023-07-05,105.4000015258789,110.9000015258789,103.4000015258789,109.19999694824219,100.46683502197266,37764775
2023-07-06,109.5,110.9000015258789,108.30000305175781,108.9000015258789,100.19082641601562,23118932
2023-07-07,108.80000305175781,112.19999694824219,108.30000305175781,109.30000305175781,100.558837890625,22228166
2023-07-10,110.0999984741211,110.69999694824219,108.5999984741211,108.80000305175781,100.09883117675781,15471058
2023-07-11,111.0,112.80000305175781,109.4000015258789,111.5999984741211,102.67489624023438,24213733
2023-07-12,111.5,112.69999694824219,109.0,111.4000015258789,102.49089050292969,25133753
2023-07-13,112.0,113.9000015258789,111.0999984741211,112.30000305175781,103.31891632080078,22301149
2023-07-14,113.30000305175781,114.0999984741211,111.0999984741211,111.69999694824219,102.76689910888672,20733722
2023-07-17,112.5999984741211,113.5,111.5,112.9000015258789,103.87093353271484,17691293
2023-07-18,113.5,114.5,107.9000015258789,108.30000305175781,99.6388168334961,28037059
2023-07-19,108.5999984741211,114.5,107.4000015258789,114.5,105.34297180175781,20719673
2023-07-20,114.80000305175781,122.0999984741211,113.69999694824219,120.5999984741211,110.95512390136719,42881562
2023-07-21,120.5999984741211,123.0,118.4000015258789,119.19999694824219,109.6670913696289,21778636
2023-07-24,120.0,120.9000015258789,116.0999984741211,117.5,108.1030502319336,16078975
2023-07-25,117.9000015258789,118.19999694824219,113.5,116.5,107.18302154541016,15920688
2023-07-26,120.4000015258789,121.4000015258789,116.80000305175781,119.0999984741211,109.57508850097656,24418054
2023-07-27,120.0,122.5999984741211,119.19999694824219,122.0,112.2431640625,23632387
2023-07-28,124.0,134.1999969482422,123.0,134.1999969482422,123.46748352050781,39457445
2023-07-31,136.0,137.60000610351562,131.8000030517578,135.0,124.20349884033203,37066353
2023-08-01,135.10000610351562,136.1999969482422,129.89999389648438,132.5,121.9034423828125,23047233
2023-08-02,133.3000030517578,133.89999389648438,131.0,131.6999969482422,121.16741180419922,23407428
2023-08-03,131.6999969482422,133.89999389648438,127.9000015258789,128.0,117.76332092285156,23505303
2023-08-04,128.89999389648438,134.1999969482422,128.10000610351562,132.60000610351562,121.99544525146484,23566482
2023-08-07,134.0,134.6999969482422,131.60000610351562,133.10000610351562,122.45545959472656,16863501
2023-08-08,133.60000610351562,133.89999389648438,128.1999969482422,130.0,119.60337829589844,16573272
2023-08-09,131.0,136.39999389648438,128.5,133.1999969482422,122.54745483398438,26967249
2023-08-10,133.89999389648438,139.6999969482422,132.5,133.10000610351562,122.45545959472656,47726454
2023-08-11,133.60000610351562,139.89999389648438,132.3000030517578,139.6999969482422,128.52761840820312,30498552
2023-08-14,139.89999389648438,141.6999969482422,135.39999389648438,136.60000610351562,125.6755599975586,34045707
2023-08-15,136.8000030517578,137.60000610351562,132.60000610351562,136.5,125.58354187011719,20908929
2023-08-16,136.5,138.10000610351562,133.39999389648438,136.1999969482422,125.30752563476562,20297401
2023-08-17,137.0,138.0,135.1999969482422,136.5,125.58354187011719,16493057
2023-08-18,136.89999389648438,139.0,130.6999969482422,135.0,124.20349884033203,25548466
2023-08-21,133.1999969482422,140.60000610351562,132.10000610351562,139.10000610351562,127.9756088256836,27935249
2023-08-22,140.5,141.5,136.5,141.1999969482422,129.90765380859375,29282561
2023-08-23,142.0,142.10000610351562,136.6999969482422,137.0,126.04356384277344,30374988
2023-08-24,137.10000610351562,145.89999389648438,136.3000030517578,136.3000030517578,125.39954376220703,60953509
2023-08-25,136.89999389648438,138.6999969482422,132.60000610351562,137.0,126.04356384277344,28441039
2023-08-28,138.10000610351562,141.89999389648438,137.60000610351562,141.0,129.72366333007812,27931336
2023-08-29,141.5,149.1999969482422,140.89999389648438,145.0,133.4037628173828,46119695
2023-08-31,145.60000610351562,146.0,140.89999389648438,141.8000030517578,130.45968627929688,22377010
2023-09-01,142.89999389648438,144.1999969482422,141.10000610351562,143.60000610351562,132.11573791503906,16272419
2023-09-04,144.10000610351562,146.3000030517578,142.6999969482422,143.60000610351562,132.11573791503906,20634951
2023-09-05,144.0,144.1999969482422,141.10000610351562,144.0,132.48373413085938,13239297
2023-09-06,144.39999389648438,144.60000610351562,141.1999969482422,141.89999389648438,130.5516815185547,16808723
2023-09-07,142.60000610351562,145.10000610351562,141.6999969482422,144.0,132.48373413085938,16180656
2023-09-08,144.6999969482422,148.8000030517578,144.6999969482422,146.60000610351562,134.8758087158203,26759015
2023-09-11,147.10000610351562,147.8000030517578,140.1999969482422,142.5,131.10369873046875,17180779
2023-09-12,143.0,144.39999389648438,140.39999389648438,142.0,130.6436767578125,18807886
2023-09-13,142.1999969482422,143.1999969482422,137.8000030517578,138.60000610351562,127.5156021118164,12250712
2023-09-14,139.0,141.0,136.89999389648438,141.0,129.72366333007812,13718878
2023-09-15,141.1999969482422,141.60000610351562,136.39999389648438,136.39999389648438,125.49153137207031,12621529
2023-09-18,136.39999389648438,137.6999969482422,132.1999969482422,133.1999969482422,122.54745483398438,16105775
2023-09-19,133.3000030517578,135.60000610351562,132.5,134.39999389648438,123.6514892578125,13580710
2023-09-20,134.8000030517578,137.3000030517578,133.8000030517578,134.60000610351562,123.83549499511719,16112569
2023-09-21,134.10000610351562,139.0,133.10000610351562,138.8000030517578,127.69961547851562,16849246
2023-09-22,139.3000030517578,141.60000610351562,136.3000030517578,137.5,126.50357055664062,16101734
2023-09-25,138.0,143.5,138.0,142.0,130.6436767578125,19935003
2023-09-26,142.5,144.1999969482422,139.10000610351562,139.10000610351562,127.9756088256836,19851644
2023-09-27,140.0,141.60000610351562,138.60000610351562,139.1999969482422,128.06761169433594,11940737
2023-09-28,139.6999969482422,143.1999969482422,139.5,142.0,130.6436767578125,17015531
2023-09-29,142.39999389648438,147.3000030517578,142.3000030517578,146.6999969482422,134.96780395507812,29525477
2023-10-02,147.0,151.39999389648438,146.60000610351562,150.39999389648438,138.37188720703125,25932602
2023-10-03,151.0,155.3000030517578,148.5,153.8000030517578,141.5,31760947
2023-10-04,153.8000030517578,156.89999389648438,150.39999389648438,154.6999969482422,142.3280029296875,23608502
2023-10-05,154.89999389648438,157.10000610351562,150.3000030517578,156.8000030517578,144.26007080078125,25270436
2023-10-06,155.0,160.0,155.0,158.0,145.36410522460938,30000644
2023-10-09,155.0,160.39999389648438,154.1999969482422,156.1999969482422,143.7080535888672,24921683
2023-10-10,158.0,159.1999969482422,154.8000030517578,156.10000610351562,143.61605834960938,15074020
2023-10-11,156.3000030517578,158.39999389648438,151.8000030517578,152.6999969482422,140.4879608154297,16191715
2023-10-12,153.89999389648438,155.1999969482422,150.10000610351562,151.6999969482422,139.56793212890625,15579615
2023-10-13,151.6999969482422,152.0,146.3000030517578,146.3000030517578,134.59979248046875,14083888
2023-10-16,148.0,149.1999969482422,145.10000610351562,145.1999969482422,133.5877685546875,13653675
2023-10-17,146.0,149.89999389648438,145.39999389648438,149.8000030517578,137.8199005126953,11955735
2023-10-18,148.0,148.89999389648438,143.6999969482422,144.8000030517578,133.21975708007812,13066173
2023-10-19,144.8000030517578,148.5,144.8000030517578,145.6999969482422,134.04779052734375,10565900
2023-10-20,144.8000030517578,144.8000030517578,138.0,138.3000030517578,127.23959350585938,15766382
2023-10-23,140.0,142.39999389648438,137.60000610351562,141.60000610351562,130.2756805419922,13608810
2023-10-24,142.1999969482422,145.1999969482422,141.3000030517578,144.8000030517578,133.21975708007812,17010754
2023-10-25,145.5,147.3000030517578,136.3000030517578,136.8000030517578,125.85955047607422,20771466
2023-10-26,139.0,142.39999389648438,134.8000030517578,142.39999389648438,131.01170349121094,35813824
2023-10-27,140.8000030517578,141.8000030517578,136.89999389648438,138.8000030517578,127.69961547851562,23887927
2023-10-30,137.8000030517578,139.5,136.10000610351562,136.8000030517578,125.85955047607422,18531593
2023-10-31,138.1999969482422,140.10000610351562,135.0,136.8000030517578,125.85955047607422,16846005
2023-11-01,137.89999389648438,140.0,134.1999969482422,139.60000610351562,128.43563842773438,15504698
2023-11-02,140.0,141.10000610351562,138.3000030517578,138.60000610351562,127.5156021118164,15095364
2023-11-03,139.10000610351562,140.3000030517578,137.3000030517578,138.8000030517578,127.69961547851562,12832532
2023-11-06,140.0,144.10000610351562,139.8000030517578,143.39999389648438,131.9317169189453,15561441
2023-11-07,143.39999389648438,148.1999969482422,142.8000030517578,144.0,132.48373413085938,16660295
2023-11-08,144.89999389648438,145.8000030517578,141.1999969482422,143.3000030517578,131.8397216796875,12758175
2023-11-09,141.5,145.5,141.1999969482422,143.3000030517578,131.8397216796875,12143542
2023-11-10,143.60000610351562,143.89999389648438,140.3000030517578,140.5,129.26364135742188,7849083
2023-11-13,138.6999969482422,139.1999969482422,136.5,136.8000030517578,125.85955047607422,11911120
2023-11-14,137.5,138.89999389648438,134.8000030517578,138.5,127.42359924316406,12044280
2023-11-15,139.10000610351562,141.6999969482422,138.6999969482422,139.6999969482422,128.52761840820312,12959254
2023-11-16,140.0,143.89999389648438,139.89999389648438,143.89999389648438,132.39173889160156,12284852
2023-11-17,143.8000030517578,144.5,141.8000030517578,142.1999969482422,130.8276824951172,7837178
2023-11-20,143.1999969482422,144.5,142.8000030517578,143.1999969482422,131.7477264404297,9334228
2023-11-21,144.0,145.39999389648438,143.0,144.60000610351562,133.0357666015625,12357377
2023-11-22,144.8000030517578,145.5,143.6999969482422,143.6999969482422,132.20773315429688,9233260
2023-11-23,144.0,145.60000610351562,140.5,140.5,129.26364135742188,13098071
2023-11-24,140.60000610351562,142.3000030517578,139.89999389648438,141.39999389648438,130.0916748046875,9257505
2023-11-27,142.0,143.3000030517578,140.0,142.39999389648438,131.01170349121094,13858906
2023-11-28,142.6999969482422,143.8000030517578,141.60000610351562,143.1999969482422,131.7477264404297,11697361
2023-11-29,143.60000610351562,144.10000610351562,142.3000030517578,143.1999969482422,131.7477264404297,11610583
2023-11-30,143.10000610351562,143.6999969482422,139.0,141.5,130.1836700439453,16640746
2023-12-01,143.0,144.10000610351562,139.89999389648438,142.0,130.6436767578125,14498080
2023-12-04,142.3000030517578,143.3000030517578,140.39999389648438,142.8000030517578,131.3797149658203,10306573
2023-12-05,143.5,145.5,142.89999389648438,145.0,133.4037628173828,18908397
2023-12-06,145.10000610351562,147.10000610351562,141.8000030517578,141.8000030517578,130.45968627929688,23157668
2023-12-07,142.0,142.60000610351562,138.3000030517578,142.60000610351562,131.19570922851562,17514675
2023-12-08,142.8000030517578,143.5,140.3000030517578,141.8000030517578,130.45968627929688,10803041
2023-12-11,141.89999389648438,142.1999969482422,139.0,139.1999969482422,128.06761169433594,10098743
2023-12-12,139.10000610351562,139.89999389648438,137.10000610351562,138.60000610351562,127.5156021118164,12586379
2023-12-13,138.3000030517578,139.10000610351562,136.39999389648438,136.6999969482422,125.76754760742188,12653973
2023-12-14,138.0,144.5,137.8000030517578,144.5,132.94374084472656,18319966
2023-12-15,144.60000610351562,148.1999969482422,143.89999389648438,148.0,136.16384887695312,20691779
2023-12-18,147.10000610351562,149.0,143.8000030517578,144.60000610351562,133.0357666015625,16837775
2023-12-19,144.6999969482422,144.89999389648438,141.60000610351562,143.5,132.0237274169922,12236121
2023-12-20,143.5,144.0,141.10000610351562,143.0,131.56370544433594,10088548
2023-12-21,143.10000610351562,145.0,142.60000610351562,144.5,132.94374084472656,11170056
2023-12-22,144.5,144.89999389648438,140.5,140.5,129.26364135742188,10365879
2023-12-25,140.39999389648438,140.60000610351562,137.0,137.0,126.04356384277344,6084344
2023-12-26,138.10000610351562,139.1999969482422,136.10000610351562,137.5,126.50357055664062,8821245
2023-12-27,137.5,138.3000030517578,135.3000030517578,136.0,125.12353515625,9411433
2023-12-28,136.1999969482422,141.8000030517578,136.1999969482422,141.3000030517578,129.99966430664062,10027634
2023-12-29,141.6999969482422,142.5,139.5,141.8000030517578,130.45968627929688,9179187
2024-01-02,142.3000030517578,143.3000030517578,140.5,142.89999389648438,131.47171020507812,13934022
2024-01-03,143.0,143.0,138.5,138.6999969482422,127.60758972167969,10837888
2024-01-04,138.6999969482422,141.89999389648438,138.60000610351562,141.89999389648438,130.5516815185547,9338045
2024-01-05,142.10000610351562,142.5,140.39999389648438,142.10000610351562,130.73570251464844,6402993
2024-01-08,142.5,146.5,142.5,145.3000030517578,133.6797637939453,16354050
2024-01-09,146.3000030517578,147.89999389648438,143.6999969482422,144.0,132.48373413085938,13713564
2024-01-10,143.6999969482422,147.8000030517578,143.60000610351562,147.10000610351562,135.3358154296875,15329928
2024-01-11,147.39999389648438,154.39999389648438,146.60000610351562,153.1999969482422,140.94796752929688,29682455
2024-01-12,151.8000030517578,158.1999969482422,151.10000610351562,155.5,143.06402587890625,25628932
2024-01-15,155.5,163.39999389648438,153.8000030517578,160.3000030517578,147.48016357421875,36905093
2024-01-16,160.3000030517578,163.39999389648438,158.39999389648438,159.60000610351562,146.83615112304688,20511302
2024-01-17,158.5,159.39999389648438,156.8000030517578,158.0,145.36410522460938,11797678
2024-01-18,159.60000610351562,160.1999969482422,156.1999969482422,156.5,143.9840545654297,11167730
2024-01-19,157.0,157.1999969482422,152.89999389648438,153.8000030517578,141.5,16644406
2024-01-22,154.6999969482422,156.0,153.8000030517578,154.3000030517578,141.9600067138672,17758454
2024-01-23,155.8000030517578,157.3000030517578,151.10000610351562,151.1999969482422,139.10792541503906,25620009
2024-01-24,151.8000030517578,154.0,150.6999969482422,153.39999389648438,141.13198852539062,14285723
2024-01-25,154.10000610351562,155.89999389648438,153.10000610351562,154.60000610351562,142.23602294921875,11083171
2024-01-26,154.89999389648438,160.89999389648438,154.8000030517578,160.0,147.20416259765625,16137753
2024-01-29,160.1999969482422,162.6999969482422,159.5,162.3000030517578,149.32022094726562,17738502
2024-01-30,162.89999389648438,164.5,160.60000610351562,163.1999969482422,150.1482391357422,14412086
2024-01-31,163.0,164.5,160.60000610351562,160.6999969482422,147.84817504882812,14175405
2024-02-01,161.0,172.0,161.0,169.89999389648438,156.31240844726562,26878438
2024-02-02,171.0,173.8000030517578,169.89999389648438,170.5,156.8644256591797,14288239
2024-02-05,172.0,172.10000610351562,168.89999389648438,169.1999969482422,155.66839599609375,10502919
2024-02-06,169.6999969482422,172.39999389648438,169.6999969482422,170.60000610351562,156.95643615722656,11798114
2024-02-07,170.89999389648438,171.39999389648438,167.5,168.1999969482422,154.7483673095703,18661965
2024-02-08,168.5,172.1999969482422,168.39999389648438,170.10000610351562,156.4964141845703,13437454
2024-02-09,171.1999969482422,175.10000610351562,170.8000030517578,172.6999969482422,158.88848876953125,17615214
2024-02-12,174.60000610351562,175.8000030517578,171.0,172.60000610351562,158.79647827148438,14356053
2024-02-13,173.0,173.3000030517578,169.60000610351562,169.60000610351562,156.03640747070312,11497363
2024-02-14,170.0,171.5,168.0,171.5,157.78445434570312,11220509
2024-02-15,171.89999389648438,174.3000030517578,171.60000610351562,173.0,159.16448974609375,12253199
2024-02-16,173.39999389648438,173.5,170.3000030517578,171.10000610351562,157.41644287109375,10014835
2024-02-19,171.89999389648438,176.0,171.8000030517578,173.39999389648438,159.53250122070312,23627687
2024-02-20,174.10000610351562,177.3000030517578,173.5,176.60000610351562,162.47659301757812,14319855
2024-02-21,177.10000610351562,177.10000610351562,173.3000030517578,174.0,160.0845184326172,9041477
2024-02-22,174.60000610351562,176.0,174.3000030517578,175.39999389648438,161.37254333496094,7916132
2024-02-23,175.60000610351562,176.6999969482422,174.60000610351562,174.60000610351562,160.63653564453125,9108096
2024-02-26,175.5,176.89999389648438,173.5,174.89999389648438,160.91253662109375,11355610
2024-02-27,174.89999389648438,175.8000030517578,173.6999969482422,174.5,160.54454040527344,10480638
2024-02-28,174.5,175.1999969482422,170.60000610351562,170.60000610351562,156.95643615722656,13587616
2024-02-29,171.3000030517578,173.10000610351562,167.0,168.1999969482422,154.7483673095703,19186092
2024-03-01,168.89999389648438,169.5,165.60000610351562,165.60000610351562,152.35630798339844,10704020
2024-03-04,166.10000610351562,167.6999969482422,164.5,164.5,151.34426879882812,8068867
2024-03-05,164.1999969482422,167.6999969482422,163.60000610351562,165.1999969482422,151.98828125,11816876
2024-03-06,165.39999389648438,169.89999389648438,163.6999969482422,167.3000030517578,153.92034912109375,17066785
2024-03-07,168.0,174.8000030517578,168.0,174.8000030517578,160.82054138183594,12863027
2024-03-08,175.0,176.5,173.5,174.60000610351562,160.63653564453125,19382842
2024-03-11,178.0,184.6999969482422,177.60000610351562,180.0,165.60467529296875,31040390
2024-03-12,180.0,182.3000030517578,178.3000030517578,180.10000610351562,165.69668579101562,12333419
2024-03-13,180.10000610351562,181.60000610351562,177.0,177.10000610351562,162.93661499023438,12087282
2024-03-14,177.60000610351562,180.0,176.0,178.10000610351562,163.85662841796875,12870383
2024-03-15,178.3000030517578,179.60000610351562,177.0,178.6999969482422,164.40863037109375,12502690
2024-03-18,177.89999389648438,177.89999389648438,171.1999969482422,175.1999969482422,161.18853759765625,20177260
2024-03-19,175.0,180.89999389648438,173.8000030517578,180.39999389648438,165.97268676757812,16231781
2024-03-20,180.3000030517578,188.89999389648438,179.1999969482422,187.1999969482422,172.22885131835938,24296182
2024-03-21,188.3000030517578,197.3000030517578,187.39999389648438,196.39999389648438,180.69309997558594,23420603
2024-03-22,196.39999389648438,198.0,193.39999389648438,194.8000030517578,179.22105407714844,13324740
2024-03-25,195.0,211.3000030517578,192.5,196.6999969482422,180.96910095214844,24491125
2024-03-26,197.60000610351562,197.89999389648438,191.6999969482422,194.1999969482422,178.66905212402344,12390974
2024-03-27,194.1999969482422,194.8000030517578,189.39999389648438,191.0,175.72496032714844,11648041
2024-03-28,192.0,206.1999969482422,190.1999969482422,203.39999389648438,187.13328552246094,16319216
2024-03-29,205.0,208.0,198.1999969482422,199.1999969482422,183.2691650390625,11976625
2024-04-01,206.5,212.10000610351562,200.8000030517578,209.1999969482422,192.4694366455078,19777506
2024-04-02,209.1999969482422,219.0,206.5,209.39999389648438,192.65342712402344,21592939
2024-04-03,209.3000030517578,211.39999389648438,204.0,204.10000610351562,187.77731323242188,9149570
2024-04-04,204.89999389648438,213.89999389648438,203.0,209.1999969482422,192.4694366455078,14165021
2024-04-05,226.0,226.0,211.5,222.60000610351562,204.7977752685547,19584007
2024-04-08,222.6999969482422,224.10000610351562,216.10000610351562,216.10000610351562,198.817626953125,12085507
2024-04-15,217.0,218.6999969482422,212.10000610351562,216.39999389648438,199.09361267089844,17624455
2024-04-16,215.6999969482422,219.60000610351562,213.5,217.10000610351562,199.73764038085938,16326687
2024-04-17,219.1999969482422,222.89999389648438,216.10000610351562,216.89999389648438,199.5536346435547,13452382
2024-04-18,218.0,218.60000610351562,213.0,214.39999389648438,197.25355529785156,12884261
2024-04-19,212.39999389648438,221.5,211.60000610351562,219.89999389648438,202.31370544433594,15256653
2024-04-22,223.1999969482422,224.0,214.8000030517578,216.0,198.72560119628906,15078321
2024-04-24,211.5,214.6999969482422,209.3000030517578,212.0,202.54725646972656,12661938
2024-04-25,212.39999389648438,217.5,212.0,213.39999389648438,203.88482666015625,13180996
2024-04-26,214.0,218.3000030517578,212.6999969482422,217.0,207.32431030273438,13040940
2024-04-29,219.0,226.3000030517578,217.60000610351562,225.0,214.9676055908203,16748327
2024-04-30,225.0,229.6999969482422,224.0,226.10000610351562,216.0185546875,15097259
2024-05-02,228.0,237.39999389648438,227.6999969482422,235.0,224.52171325683594,15150124
2024-05-03,235.0,237.1999969482422,229.6999969482422,232.6999969482422,222.3242645263672,11574009
2024-05-06,234.10000610351562,236.8000030517578,229.8000030517578,234.39999389648438,223.94845581054688,12182754
2024-05-07,235.3000030517578,238.5,229.6999969482422,236.0,225.4771270751953,19075683
2024-05-08,236.6999969482422,236.89999389648438,230.5,233.1999969482422,222.80197143554688,10932528
2024-05-09,233.1999969482422,236.0,232.1999969482422,235.60000610351562,225.094970703125,9535258
2024-05-10,235.8000030517578,242.0,234.89999389648438,237.1999969482422,226.6236114501953,12760549
2024-05-13,238.60000610351562,242.1999969482422,235.3000030517578,237.3000030517578,226.7191619873047,10092162
2024-05-14,238.1999969482422,252.0,236.5,246.5,235.50894165039062,13855029
2024-05-15,246.5,246.5,239.0,240.5,229.77647399902344,10206706
2024-05-16,242.0,242.1999969482422,233.6999969482422,238.8000030517578,228.15228271484375,11679835
2024-05-17,241.0,245.39999389648438,240.89999389648438,244.8000030517578,233.88475036621094,12979954
2024-05-20,245.8000030517578,249.89999389648438,244.0,245.8000030517578,234.8401641845703,15066884
2024-05-21,246.5,270.25,245.10000610351562,263.75,251.9897918701172,56712120
2024-05-22,263.75,270.75,257.75,261.75,250.0789794921875,19446022
2024-05-23,262.75,266.75,255.5,255.5,244.10765075683594,11693498
2024-05-24,251.0,252.0,247.39999389648438,248.1999969482422,237.13314819335938,13610763
2024-05-27,248.6999969482422,253.25,246.3000030517578,249.89999389648438,238.75733947753906,10937207
2024-05-28,251.25,251.5,245.60000610351562,249.8000030517578,238.66180419921875,11227166
2024-05-29,249.5,255.0,246.89999389648438,250.75,239.56944274902344,12323009
2024-05-30,251.5,253.75,248.5,249.0,237.89747619628906,10859064
2024-05-31,249.5,255.75,238.1999969482422,238.1999969482422,227.5790252685547,25833605
2024-06-03,237.0,237.3000030517578,230.3000030517578,232.1999969482422,221.8465576171875,23701921
2024-06-04,233.5,237.60000610351562,227.0,227.0,216.87841796875,22537588
2024-06-05,228.39999389648438,228.6999969482422,221.39999389648438,223.1999969482422,213.2478485107422,17039913
2024-06-06,224.0,224.1999969482422,217.0,217.0,207.32431030273438,14536800
2024-06-07,218.0,218.5,212.0,213.0,203.50265502929688,11688161
2024-06-10,213.0,213.39999389648438,208.39999389648438,209.39999389648438,200.06317138671875,10564356
2024-06-11,208.89999389648438,216.89999389648438,208.0,215.10000610351562,205.509033203125,39832078
2024-06-12,214.39999389648438,220.0,213.3000030517578,216.8000030517578,207.1332244873047,19114622
2024-06-13,219.5,224.1999969482422,218.39999389648438,221.89999389648438,212.0058135986328,17390029
2024-06-14,226.0,226.1999969482422,216.60000610351562,217.5,207.80201721191406,16760528
2024-06-20,220.0,224.0,219.1999969482422,224.0,214.01219177246094,16986728
2024-06-21,224.5,224.5,220.60000610351562,222.0,212.1013641357422,12673695
2024-06-24,222.5,225.0,220.5,223.1999969482422,213.2478485107422,11795416
2024-06-25,223.6999969482422,225.1999969482422,217.89999389648438,218.60000610351562,208.85296630859375,14775327
2024-06-26,218.1999969482422,221.60000610351562,217.0,217.0,207.32431030273438,11930335
2024-06-27,217.60000610351562,225.39999389648438,217.60000610351562,224.5,214.48989868164062,18628392
2024-06-28,225.6999969482422,232.10000610351562,225.3000030517578,226.8000030517578,216.68734741210938,20106926
2024-07-01,229.0,232.3000030517578,220.3000030517578,222.60000610351562,212.67462158203125,16177690
2024-07-02,223.8000030517578,225.10000610351562,217.0,220.39999389648438,210.5727081298828,15178385
2024-07-03,221.1999969482422,228.60000610351562,221.1999969482422,228.39999389648438,218.2159881591797,15654136
2024-07-04,228.5,235.8000030517578,227.0,235.0,224.52171325683594,15984586
2024-07-05,235.10000610351562,238.0,227.10000610351562,229.5,219.26695251464844,19056382
2024-07-08,230.5,232.0,226.5,227.1999969482422,217.0695037841797,11172454
2024-07-09,227.5,229.60000610351562,225.1999969482422,226.8000030517578,216.68734741210938,20641129
2024-07-10,227.5,227.6999969482422,222.1999969482422,224.6999969482422,214.68096923828125,11886188
2024-07-11,227.10000610351562,231.1999969482422,226.39999389648438,230.89999389648438,220.60452270507812,13306910
2024-07-12,230.89999389648438,232.6999969482422,229.1999969482422,230.0,219.74465942382812,9900058
2024-07-16,232.0,235.0,229.39999389648438,229.89999389648438,219.64910888671875,13588647
2024-07-17,229.89999389648438,230.0,225.39999389648438,227.6999969482422,217.54721069335938,11204570
2024-07-18,228.6999969482422,231.39999389648438,224.5,225.60000610351562,215.5408477783203,15502079
2024-07-19,225.5,227.0,222.89999389648438,225.1999969482422,215.15867614746094,13398852
2024-07-22,226.3000030517578,230.3000030517578,225.3000030517578,229.0,218.78924560546875,17419730
2024-07-23,229.5,232.1999969482422,224.6999969482422,230.0,219.74465942382812,21966361
2024-07-24,229.3000030517578,229.60000610351562,224.5,224.5,214.48989868164062,11622505
2024-07-25,224.5,225.39999389648438,218.8000030517578,219.0,209.23512268066406,10856601
2024-07-26,220.39999389648438,223.0,218.1999969482422,222.0,212.1013641357422,12809977
2024-07-29,220.89999389648438,222.6999969482422,217.8000030517578,217.8000030517578,208.08863830566406,7577409
2024-07-30,218.39999389648438,219.8000030517578,215.6999969482422,217.89999389648438,208.18417358398438,7549113
2024-07-31,217.10000610351562,218.60000610351562,213.8000030517578,215.10000610351562,205.509033203125,9789673
2024-08-01,218.0,220.6999969482422,217.6999969482422,218.5,208.75743103027344,8785135
2024-08-02,215.5,215.89999389648438,206.0,208.8000030517578,199.48992919921875,13252646
2024-08-05,194.8000030517578,202.39999389648438,193.3000030517578,196.10000610351562,187.35621643066406,19206062
2024-08-06,202.0,202.10000610351562,192.1999969482422,192.60000610351562,184.01226806640625,15131325
2024-08-07,194.10000610351562,197.10000610351562,192.6999969482422,194.3000030517578,185.636474609375,15072541
2024-08-08,194.0,197.1999969482422,192.60000610351562,196.0,187.2606658935547,15346707
2024-08-09,193.10000610351562,193.3000030517578,185.89999389648438,185.89999389648438,177.6110076904297,20692256
2024-08-12,186.89999389648438,189.1999969482422,184.6999969482422,186.1999969482422,177.8976287841797,14909551
2024-08-13,186.1999969482422,188.89999389648438,182.3000030517578,186.3000030517578,177.99317932128906,15090786
2024-08-14,187.5,188.3000030517578,182.5,182.5,174.36260986328125,11380860
2024-08-15,183.10000610351562,186.3000030517578,181.10000610351562,185.6999969482422,177.419921875,15866835
2024-08-16,186.5,187.1999969482422,181.39999389648438,181.39999389648438,173.3116455078125,12025752
2024-08-19,182.0,185.60000610351562,180.1999969482422,185.1999969482422,176.9422149658203,14161043
2024-08-20,184.8000030517578,188.39999389648438,184.0,185.60000610351562,177.3243865966797,15487608
2024-08-21,185.60000610351562,194.60000610351562,185.1999969482422,191.0,182.48361206054688,22414696
2024-08-22,192.5,194.6999969482422,188.10000610351562,193.0,184.39442443847656,15932609
2024-08-23,193.0,193.8000030517578,184.6999969482422,185.1999969482422,176.9422149658203,17121464
2024-08-26,186.5,187.1999969482422,180.89999389648438,182.10000610351562,173.98045349121094,14572704
2024-08-27,182.0,187.0,181.3000030517578,185.5,177.2288360595703,11976785
2024-08-28,186.10000610351562,188.39999389648438,185.10000610351562,186.10000610351562,177.80209350585938,9228825
2024-08-29,186.1999969482422,188.0,183.3000030517578,186.3000030517578,177.99317932128906,13911609
2024-09-02,187.39999389648438,193.10000610351562,187.3000030517578,192.6999969482422,184.10780334472656,15037816
2024-09-03,193.60000610351562,196.0,192.6999969482422,194.5,185.82754516601562,18722957
2024-09-04,192.0,194.60000610351562,188.3000030517578,192.0,183.43902587890625,17519010
2024-09-05,192.89999389648438,193.5,187.0,188.1999969482422,179.80845642089844,15159526
2024-09-06,187.6999969482422,189.10000610351562,186.5,186.5,178.1842498779297,11081049
2024-09-09,185.3000030517578,186.0,178.6999969482422,178.6999969482422,170.73204040527344,13813350
2024-09-10,179.3000030517578,180.6999969482422,175.60000610351562,177.3000030517578,169.39447021484375,14048259
2024-09-11,176.5,178.3000030517578,172.3000030517578,172.3000030517578,164.61741638183594,13315042
2024-09-12,174.89999389648438,175.5,168.3000030517578,173.8000030517578,166.050537109375,18687445
2024-09-13,174.3000030517578,175.5,171.6999969482422,175.1999969482422,167.3881072998047,15656892
2024-09-16,175.3000030517578,176.5,172.0,172.0,164.33078002929688,11792989
2024-09-17,173.0,179.6999969482422,172.5,178.0,170.06326293945312,18063565
2024-09-18,178.0,180.3000030517578,177.0,178.60000610351562,170.63650512695312,12397920
2024-09-19,181.39999389648438,186.8000030517578,181.0,185.89999389648438,177.6110076904297,17299859
2024-09-20,186.10000610351562,187.8000030517578,184.5,185.6999969482422,177.419921875,14589149
2024-09-23,186.8000030517578,188.6999969482422,184.60000610351562,185.10000610351562,176.8466796875,11754725
2024-09-24,185.5,194.0,184.8000030517578,190.60000610351562,182.1014404296875,23900391
2024-09-25,191.0,191.39999389648438,186.6999969482422,187.3000030517578,178.94859313964844,12766977
2024-09-26,188.8000030517578,191.60000610351562,185.60000610351562,186.5,178.1842498779297,16879301
2024-09-27,187.0,188.3000030517578,185.5,187.1999969482422,178.85304260253906,11186074
2024-09-30,186.60000610351562,189.10000610351562,184.10000610351562,188.1999969482422,179.80845642089844,11601062
2024-10-01,189.0,189.89999389648438,181.3000030517578,183.6999969482422,175.50909423828125,18172152
2024-10-02,183.5,184.39999389648438,174.60000610351562,174.6999969482422,166.910400390625,14898771
2024-10-03,174.6999969482422,178.39999389648438,170.10000610351562,171.5,163.85308837890625,13596828
2024-10-04,172.5,176.6999969482422,171.6999969482422,176.3000030517578,168.43905639648438,11270906
2024-10-07,177.3000030517578,180.5,176.3000030517578,177.39999389648438,169.49000549316406,9584331
2024-10-08,177.3000030517578,181.1999969482422,176.3000030517578,179.10000610351562,171.1142120361328,13893796
2024-10-09,179.0,182.8000030517578,176.5,182.8000030517578,174.64923095703125,10811473
2024-10-10,182.60000610351562,185.89999389648438,179.10000610351562,179.1999969482422,171.20974731445312,13187608
2024-10-11,178.89999389648438,181.6999969482422,173.89999389648438,175.10000610351562,167.29257202148438,12526934
2024-10-14,175.39999389648438,175.89999389648438,172.1999969482422,172.39999389648438,164.71295166015625,9606163
2024-10-15,172.8000030517578,181.3000030517578,171.10000610351562,180.5,172.4517822265625,21296709
2024-10-16,180.10000610351562,182.1999969482422,176.10000610351562,182.1999969482422,174.07598876953125,17886587
2024-10-17,181.8000030517578,184.39999389648438,180.60000610351562,182.0,173.88490295410156,15274000
2024-10-18,182.10000610351562,185.0,176.0,176.5,168.63014221191406,13253444
2024-10-21,176.39999389648438,176.39999389648438,170.3000030517578,170.6999969482422,163.0887451171875,10761794
2024-10-22,171.5,177.0,170.0,174.8000030517578,167.0059356689453,17215919
2024-10-23,174.1999969482422,174.6999969482422,168.6999969482422,169.89999389648438,162.3244171142578,21207602
2024-10-24,172.0,174.89999389648438,171.39999389648438,173.6999969482422,165.95498657226562,13430353
2024-10-25,171.10000610351562,173.5,170.3000030517578,172.89999389648438,165.19065856933594,11880762
2024-10-28,172.89999389648438,173.89999389648438,172.3000030517578,172.39999389648438,164.71295166015625,4545195
2024-10-30,172.5,174.1999969482422,171.10000610351562,173.0,165.28619384765625,13838824
2024-10-31,172.60000610351562,174.10000610351562,168.6999969482422,169.0,161.4645538330078,13884579
2024-11-01,169.6999969482422,171.6999969482422,167.3000030517578,167.5,160.03143310546875,16654027
2024-11-04,167.39999389648438,167.39999389648438,161.1999969482422,162.10000610351562,154.87222290039062,14780508
2024-11-05,163.89999389648438,164.39999389648438,161.5,161.6999969482422,154.49005126953125,12216333
2024-11-06,162.1999969482422,165.89999389648438,160.1999969482422,164.6999969482422,157.3562774658203,17040047
2024-11-07,164.10000610351562,165.5,161.5,164.39999389648438,157.0696563720703,13822357
2024-11-08,162.10000610351562,172.1999969482422,161.60000610351562,171.39999389648438,163.75753784179688,22914158
2024-11-11,172.10000610351562,177.6999969482422,171.1999969482422,176.5,168.63014221191406,22211933
2024-11-12,175.10000610351562,177.1999969482422,173.6999969482422,175.1999969482422,167.3881072998047,14456258
2024-11-13,174.39999389648438,186.5,171.60000610351562,182.89999389648438,174.74476623535156,35821198
2024-11-14,184.6999969482422,188.3000030517578,182.6999969482422,185.0,176.7511444091797,23343661
2024-11-15,185.10000610351562,187.39999389648438,184.1999969482422,185.6999969482422,177.419921875,15622156
2024-11-18,186.0,190.3000030517578,183.5,188.6999969482422,180.28616333007812,17369049
2024-11-19,189.89999389648438,190.10000610351562,182.8000030517578,185.8000030517578,177.51547241210938,21040462
2024-11-20,186.6999969482422,189.3000030517578,182.10000610351562,183.60000610351562,175.41357421875,19112334
2024-11-21,184.5,189.89999389648438,184.10000610351562,188.60000610351562,180.1906280517578,25079652
2024-11-22,188.8000030517578,194.39999389648438,186.6999969482422,194.3000030517578,185.636474609375,28760624
2024-11-25,196.1999969482422,198.60000610351562,195.6999969482422,195.6999969482422,186.9740447998047,17524750
2024-11-26,196.0,198.39999389648438,195.6999969482422,198.0,189.17149353027344,18921134
2024-11-27,200.60000610351562,201.89999389648438,196.3000030517578,199.5,190.60459899902344,20185663
2024-11-28,199.0,201.0,198.39999389648438,201.0,192.0377197265625,10956551
2024-11-29,201.60000610351562,207.8000030517578,195.8000030517578,200.5,191.5600128173828,37305267
2024-12-02,195.3000030517578,196.5,193.5,194.5,185.82754516601562,18238574
2024-12-03,195.1999969482422,199.0,193.0,194.6999969482422,186.0186309814453,25961100
2024-12-04,195.0,202.60000610351562,195.0,198.60000610351562,189.74473571777344,28199447
2024-12-05,199.39999389648438,199.6999969482422,196.5,198.3000030517578,189.45811462402344,11036764
2024-12-06,201.0,202.10000610351562,199.1999969482422,200.0,191.08230590820312,19453142
2024-12-09,201.3000030517578,202.89999389648438,199.89999389648438,200.6999969482422,191.7510986328125,22031704
2024-12-10,200.89999389648438,201.39999389648438,195.39999389648438,195.39999389648438,186.68740844726562,20582650
2024-12-11,196.89999389648438,198.1999969482422,195.0,195.1999969482422,186.496337890625,17681855
2024-12-12,196.5,198.89999389648438,195.39999389648438,196.0,187.2606658935547,12773141
2024-12-13,195.5,197.0,194.1999969482422,196.8000030517578,188.02499389648438,11832160
2024-12-16,197.60000610351562,197.89999389648438,194.3000030517578,194.3000030517578,185.636474609375,10449748
2024-12-17,194.39999389648438,195.6999969482422,192.3000030517578,194.0,185.34983825683594,15002018
2024-12-18,194.0,194.1999969482422,189.5,189.5,181.0504913330078,14099779
2024-12-19,187.0,189.0,184.6999969482422,184.6999969482422,176.46450805664062,12101272
2024-12-20,185.39999389648438,186.39999389648438,182.0,182.0,173.88490295410156,11749326
2024-12-23,183.0,183.8000030517578,180.5,180.5,172.4517822265625,10143177
2024-12-24,181.10000610351562,182.39999389648438,178.5,180.0,171.9740753173828,13498842
2024-12-25,184.6999969482422,185.5,183.39999389648438,184.5,176.2734375,13099229
2024-12-26,186.0,188.6999969482422,183.5,184.6999969482422,176.46450805664062,18608130
2024-12-27,184.6999969482422,185.3000030517578,182.3000030517578,183.5,175.31802368164062,15776523
2024-12-30,183.60000610351562,184.1999969482422,180.39999389648438,180.39999389648438,172.35623168945312,14509645
2024-12-31,180.6999969482422,181.6999969482422,178.60000610351562,178.60000610351562,170.63650512695312,19359008
2025-01-02,179.5,185.0,179.3000030517578,184.89999389648438,176.6555938720703,21369623
2025-01-03,185.39999389648438,187.5,185.0,186.5,178.1842498779297,22250857
2025-01-06,187.1999969482422,188.6999969482422,186.60000610351562,187.1999969482422,178.85304260253906,24710289
2025-01-07,187.1999969482422,188.39999389648438,185.39999389648438,185.6999969482422,177.419921875,19953547
2025-01-08,185.3000030517578,188.0,184.6999969482422,186.39999389648438,178.08871459960938,21663919
2025-01-09,187.0,188.10000610351562,185.0,186.5,178.1842498779297,24983432
2025-01-10,186.8000030517578,187.6999969482422,182.3000030517578,182.5,174.36260986328125,24964097
2025-01-13,182.3000030517578,183.6999969482422,177.1999969482422,177.1999969482422,169.29891967773438,27558218
2025-01-14,178.5,181.1999969482422,177.39999389648438,177.89999389648438,169.96771240234375,29868604
2025-01-15,178.0,178.39999389648438,174.10000610351562,175.5,167.6747283935547,30131126
2025-01-16,177.39999389648438,177.89999389648438,172.8000030517578,175.8000030517578,167.9613494873047,29597044
2025-01-17,176.8000030517578,178.10000610351562,175.1999969482422,178.10000610351562,170.15879821777344,31597150
2025-01-20,178.89999389648438,179.5,173.60000610351562,175.39999389648438,167.5791778564453,33544265
2025-01-21,174.8000030517578,177.10000610351562,173.8000030517578,175.1999969482422,167.3881072998047,25502311
2025-01-22,175.60000610351562,177.5,174.39999389648438,177.1999969482422,169.29891967773438,20736765
2025-01-23,178.3000030517578,181.6999969482422,178.0,180.3000030517578,172.26071166992188,42390176
2025-01-24,180.6999969482422,181.6999969482422,178.5,179.0,171.01866149902344,17541032
2025-01-27,177.5,178.39999389648438,174.89999389648438,175.39999389648438,167.5791778564453,18136518
2025-01-28,176.1999969482422,176.89999389648438,172.6999969482422,173.8000030517578,166.050537109375,39599535
2025-01-29,174.5,174.8000030517578,169.89999389648438,169.89999389648438,162.3244171142578,38578757
2025-01-30,170.6999969482422,173.3000030517578,170.10000610351562,171.3000030517578,163.66200256347656,35726963
2025-01-31,171.6999969482422,172.3000030517578,168.8000030517578,169.8000030517578,162.2288818359375,31623165
2025-02-03,168.1999969482422,168.3000030517578,161.6999969482422,161.89999389648438,154.68112182617188,38275976
2025-02-04,162.89999389648438,165.5,161.5,163.3000030517578,156.01870727539062,31557042
2025-02-05,164.0,164.6999969482422,158.60000610351562,160.10000610351562,152.96139526367188,36900093
2025-02-06,161.5,163.6999969482422,159.89999389648438,161.5,154.29896545410156,36800423
2025-02-07,161.39999389648438,165.8000030517578,161.3000030517578,165.39999389648438,158.0250701904297,36440784
2025-02-10,165.89999389648438,167.5,161.6999969482422,161.89999389648438,154.68112182617188,31772864
2025-02-11,161.5,162.6999969482422,160.6999969482422,162.0,154.77667236328125,17365797
2025-02-12,162.10000610351562,162.89999389648438,158.8000030517578,159.0,151.91043090820312,21241699
2025-02-13,160.60000610351562,162.60000610351562,160.0,161.3000030517578,154.10787963867188,24078445
2025-02-14,161.8000030517578,162.3000030517578,159.39999389648438,159.8000030517578,152.67477416992188,21644795
2025-02-17,160.3000030517578,161.10000610351562,158.0,158.0,150.9550323486328,24087598
2025-02-18,158.0,159.10000610351562,154.60000610351562,155.89999389648438,148.9486541748047,35956502
2025-02-19,158.0,160.3000030517578,150.0,150.0,143.31173706054688,70931074
2025-02-20,151.3000030517578,151.6999969482422,149.10000610351562,149.8000030517578,143.1206512451172,30735896
2025-02-21,149.89999389648438,153.8000030517578,147.10000610351562,150.60000610351562,143.88497924804688,43701907
2025-02-24,152.0,152.5,150.0,150.5,143.78944396972656,18228493
2025-02-25,151.0,152.5,150.10000610351562,150.10000610351562,143.40728759765625,20567844
2025-02-26,150.3000030517578,151.3000030517578,148.10000610351562,149.5,142.8340301513672,25973247
2025-02-27,149.6999969482422,154.1999969482422,148.89999389648438,152.8000030517578,145.9868927001953,38293099
2025-02-28,152.0,155.1999969482422,151.89999389648438,152.39999389648438,145.60472106933594,30396106
2025-03-03,154.60000610351562,157.5,152.89999389648438,153.0,146.17796325683594,48054801
2025-03-04,152.8000030517578,153.8000030517578,150.5,151.6999969482422,144.93592834472656,23424005
2025-03-05,153.1999969482422,161.6999969482422,152.39999389648438,161.3000030517578,154.10787963867188,57583911
2025-03-06,163.0,169.3000030517578,159.89999389648438,169.3000030517578,161.7511749267578,67726284
2025-03-07,169.0,173.0,167.1999969482422,173.0,165.28619384765625,50411476
2025-03-10,173.8000030517578,174.5,169.8000030517578,170.6999969482422,163.0887451171875,29522318
2025-03-11,171.3000030517578,175.3000030517578,169.5,174.39999389648438,166.62376403808594,41104291
2025-03-12,175.3000030517578,182.89999389648438,174.0,180.89999389648438,172.8339385986328,56075790
2025-03-13,181.8000030517578,183.89999389648438,179.39999389648438,183.89999389648438,175.70018005371094,41964812
2025-03-14,184.6999969482422,185.60000610351562,182.5,183.39999389648438,175.22247314453125,35137919
2025-03-17,183.60000610351562,185.0,182.10000610351562,182.5,174.36260986328125,27780561
2025-03-18,181.3000030517578,187.60000610351562,181.1999969482422,184.10000610351562,175.89126586914062,40826411
2025-03-19,170.0,175.60000610351562,165.6999969482422,165.6999969482422,158.3116912841797,52796738
2025-03-20,165.6999969482422,171.1999969482422,162.60000610351562,166.3000030517578,158.88494873046875,52164692
2025-03-21,165.3000030517578,166.0,151.60000610351562,153.60000610351562,146.751220703125,46014257
2025-03-24,158.0,163.1999969482422,153.1999969482422,162.60000610351562,155.3499298095703,27655451
2025-03-25,165.0,171.1999969482422,163.0,170.39999389648438,162.8021240234375,38629869
2025-03-26,168.39999389648438,168.8000030517578,163.1999969482422,165.5,158.12060546875,24090876
2025-03-27,167.89999389648438,168.1999969482422,160.60000610351562,161.3000030517578,154.10787963867188,21086275
2025-03-28,160.8000030517578,164.10000610351562,159.10000610351562,163.60000610351562,156.30532836914062,19976641
2025-04-02,162.60000610351562,164.1999969482422,160.39999389648438,160.39999389648438,153.2480010986328,14695103
2025-04-03,160.3000030517578,164.10000610351562,160.10000610351562,162.60000610351562,155.3499298095703,16192445
2025-04-04,162.89999389648438,165.0,159.89999389648438,160.60000610351562,153.43910217285156,19830650
2025-04-07,154.1999969482422,161.1999969482422,153.1999969482422,158.39999389648438,151.33718872070312,44040903
2025-04-08,161.0,161.39999389648438,158.0,160.0,152.8658447265625,17743365
2025-04-09,158.39999389648438,159.0,154.3000030517578,154.3000030517578,147.4199981689453,24691715
2025-04-10,155.39999389648438,155.5,148.8000030517578,149.5,149.5,19314400
2025-04-11,150.0,150.10000610351562,146.5,147.60000610351562,147.60000610351562,22134728
2025-04-14,148.6999969482422,149.39999389648438,146.8000030517578,146.89999389648438,146.89999389648438,17733084
2025-04-15,147.10000610351562,147.39999389648438,143.1999969482422,143.1999969482422,143.1999969482422,21304800
2025-04-16,143.0,143.5,138.8000030517578,139.10000610351562,139.10000610351562,26299198
2025-04-17,139.60000610351562,146.8000030517578,136.5,143.60000610351562,143.60000610351562,54646084
2025-04-18,145.1999969482422,148.10000610351562,141.89999389648438,143.1999969482422,143.1999969482422,41412960
2025-04-21,147.0,154.89999389648438,144.1999969482422,150.5,150.5,52482149
2025-04-22,151.5,151.6999969482422,144.89999389648438,145.1999969482422,145.1999969482422,30876030
2025-04-24,145.5,147.8000030517578,142.39999389648438,147.10000610351562,147.10000610351562,43316369
2025-04-25,147.60000610351562,148.1999969482422,144.6999969482422,145.5,145.5,22603026
2025-04-28,145.39999389648438,146.39999389648438,141.8000030517578,144.3000030517578,144.3000030517578,26079262
2025-04-29,143.5,144.6999969482422,139.8000030517578,140.6999969482422,140.6999969482422,24506607
2025-04-30,140.6999969482422,142.0,137.39999389648438,137.6999969482422,137.6999969482422,24224115
2025-05-02,137.6999969482422,139.8000030517578,137.1999969482422,138.39999389648438,138.39999389648438,16173521
2025-05-05,139.5,140.3000030517578,134.8000030517578,135.0,135.0,23107185
2025-05-06,135.0,138.5,133.6999969482422,135.39999389648438,135.39999389648438,41241618
2025-05-07,135.39999389648438,139.39999389648438,134.8000030517578,137.1999969482422,137.1999969482422,39564899
2025-05-08,138.0,140.89999389648438,136.3000030517578,140.0,140.0,22075657
2025-05-09,140.1999969482422,144.60000610351562,138.8000030517578,143.89999389648438,143.89999389648438,38367015
2025-05-12,148.5,154.8000030517578,147.10000610351562,154.0,154.0,42506815
2025-05-13,152.89999389648438,155.3000030517578,151.10000610351562,154.5,154.5,27217830
2025-05-14,153.8000030517578,157.39999389648438,153.39999389648438,154.0,154.0,30843909
2025-05-15,154.10000610351562,155.1999969482422,148.10000610351562,148.39999389648438,148.39999389648438,24484357
2025-05-16,149.0,159.5,148.39999389648438,159.0,159.0,43451149
2025-05-20,157.60000610351562,160.5,155.3000030517578,156.60000610351562,156.60000610351562,29434027
2025-05-21,155.1999969482422,157.6999969482422,151.0,151.39999389648438,151.39999389648438,23878225
2025-05-22,152.1999969482422,153.3000030517578,149.10000610351562,150.8000030517578,150.8000030517578,33053976
2025-05-23,150.6999969482422,151.89999389648438,146.0,147.60000610351562,147.60000610351562,24979842
2025-05-26,149.0,149.8000030517578,146.60000610351562,147.0,147.0,13617923
2025-05-27,147.3000030517578,147.89999389648438,142.6999969482422,142.6999969482422,142.6999969482422,18941146
2025-05-28,142.6999969482422,144.3000030517578,141.6999969482422,143.8000030517578,143.8000030517578,21871145
2025-05-29,144.89999389648438,146.39999389648438,142.5,143.0,143.0,16581243
2025-05-30,143.0,144.3000030517578,141.5,141.6999969482422,141.6999969482422,22515996
2025-06-02,141.5,144.10000610351562,139.6999969482422,143.5,143.5,25753900
2025-06-03,144.8000030517578,151.5,144.8000030517578,150.8000030517578,150.8000030517578,30004596
2025-06-04,150.0,151.1999969482422,147.8000030517578,149.10000610351562,149.10000610351562,39440211
2025-06-05,149.10000610351562,149.10000610351562,147.8000030517578,148.5,148.5,12481633
2025-06-10,149.60000610351562,151.89999389648438,148.39999389648438,150.60000610351562,150.60000610351562,45733831
2025-06-11,151.10000610351562,153.10000610351562,150.60000610351562,152.0,152.0,35481031
2025-06-12,150.1999969482422,151.10000610351562,146.1999969482422,147.60000610351562,147.60000610351562,32909104
2025-06-13,140.0,145.39999389648438,139.39999389648438,145.39999389648438,145.39999389648438,29517322
2025-06-16,145.39999389648438,148.8000030517578,143.39999389648438,146.60000610351562,146.60000610351562,25938835
2025-06-17,146.89999389648438,148.3000030517578,144.8000030517578,146.6999969482422,146.6999969482422,22304487
2025-06-18,146.10000610351562,146.39999389648438,142.5,143.10000610351562,143.10000610351562,23390591
2025-06-19,144.0,146.5,143.3000030517578,144.0,144.0,23472330
2025-06-20,146.0,147.0,143.6999969482422,146.0,146.0,34878460
2025-06-23,144.5,146.8000030517578,143.39999389648438,144.39999389648438,144.39999389648438,17884259
2025-06-24,150.0,151.10000610351562,146.8000030517578,147.89999389648438,147.89999389648438,36918548
2025-06-25,148.5,148.60000610351562,143.5,144.10000610351562,144.10000610351562,29436388
2025-06-26,144.3000030517578,144.60000610351562,141.60000610351562,141.6999969482422,141.6999969482422,20483753
2025-06-27,141.8000030517578,144.5,141.0,143.0,143.0,31107346
2025-06-30,143.8000030517578,154.6999969482422,143.8000030517578,154.0,154.0,71757420
2025-07-01,153.6999969482422,159.1999969482422,153.0,157.10000610351562,157.10000610351562,43949627
2025-07-02,157.60000610351562,165.5,157.5,162.0,162.0,43033719
2025-07-03,165.0,165.39999389648438,161.0,161.6999969482422,161.6999969482422,29183338
2025-07-04,162.0,163.5,160.0,161.6999969482422,161.6999969482422,17608438
2025-07-07,158.60000610351562,159.3000030517578,156.3000030517578,156.6999969482422,156.6999969482422,21818336
2025-07-08,158.3000030517578,159.3000030517578,153.6999969482422,154.89999389648438,154.89999389648438,28242509
2025-07-09,155.10000610351562,161.1999969482422,154.5,160.3000030517578,160.3000030517578,37553744
2025-07-10,161.89999389648438,164.8000030517578,161.5,163.39999389648438,163.39999389648438,32207064
2025-07-11,165.60000610351562,167.39999389648438,164.3000030517578,165.60000610351562,165.60000610351562,34046488
2025-07-14,165.89999389648438,166.10000610351562,163.0,164.5,164.5,21265899
2025-07-16,164.0,165.5,157.5,161.0,161.0,29711666
2025-07-17,163.0,168.6999969482422,159.6999969482422,168.3000030517578,168.3000030517578,37826557
2025-07-18,168.1999969482422,169.10000610351562,166.10000610351562,166.39999389648438,166.39999389648438,22366887
2025-07-21,167.3000030517578,173.3000030517578,167.3000030517578,172.8000030517578,172.8000030517578,38545525
2025-07-22,173.1999969482422,175.60000610351562,170.1999969482422,173.0,173.0,30430979
2025-07-23,173.39999389648438,173.8000030517578,170.39999389648438,170.60000610351562,170.60000610351562,21556719
2025-07-24,171.39999389648438,176.39999389648438,170.5,175.1999969482422,175.1999969482422,43401331
2025-07-25,175.1999969482422,175.6999969482422,172.10000610351562,174.10000610351562,174.10000610351562,19631935
2025-07-28,174.5,174.8000030517578,170.10000610351562,170.5,170.5,16427070
2025-07-29,170.5,173.3000030517578,169.5,170.10000610351562,170.10000610351562,18549606
2025-07-30,170.39999389648438,176.1999969482422,170.3000030517578,174.5,174.5,29048053
2025-07-31,175.0,180.1999969482422,174.0,179.3000030517578,179.3000030517578,40741615
2025-08-01,181.39999389648438,185.39999389648438,179.3000030517578,182.39999389648438,182.39999389648438,47169938
2025-08-04,183.60000610351562,186.10000610351562,180.39999389648438,181.6999969482422,181.6999969482422,28977549
2025-08-05,183.0,183.0,180.5,181.10000610351562,181.10000610351562,20355862
2025-08-06,181.5,182.6999969482422,179.60000610351562,182.39999389648438,182.39999389648438,23942562
2025-08-07,183.10000610351562,185.8000030517578,183.0,183.10000610351562,183.10000610351562,26410780
2025-08-08,183.10000610351562,183.1999969482422,179.60000610351562,180.3000030517578,180.3000030517578,19762161
2025-08-11,181.3000030517578,183.6999969482422,180.8000030517578,182.3000030517578,182.3000030517578,18304026
2025-08-12,182.39999389648438,182.39999389648438,179.10000610351562,179.8000030517578,179.8000030517578,13792440
2025-08-13,180.1999969482422,181.3000030517578,178.5,180.1999969482422,180.1999969482422,17802028
2025-08-14,179.6999969482422,181.39999389648438,177.39999389648438,177.60000610351562,177.60000610351562,20767994
2025-08-15,177.1999969482422,179.3000030517578,177.1999969482422,178.10000610351562,178.10000610351562,14733013
2025-08-18,178.6999969482422,180.5,176.6999969482422,179.5,179.5,19373538
2025-08-19,180.1999969482422,181.89999389648438,178.0,179.3000030517578,179.3000030517578,18300042
2025-08-20,179.0,183.1999969482422,177.5,182.89999389648438,182.89999389648438,30478083
2025-08-21,184.0,186.89999389648438,183.39999389648438,185.89999389648438,185.89999389648438,34107405
2025-08-22,186.39999389648438,187.5,185.3000030517578,186.3000030517578,186.3000030517578,21105532
2025-08-25,188.0,190.10000610351562,187.6999969482422,189.10000610351562,189.10000610351562,21759418
2025-08-26,188.60000610351562,190.5,186.6999969482422,190.39999389648438,190.39999389648438,22895547
2025-08-27,190.3000030517578,190.3000030517578,185.8000030517578,185.8000030517578,185.8000030517578,15463054
2025-08-28,187.3000030517578,189.60000610351562,184.60000610351562,184.8000030517578,184.8000030517578,19216001
2025-08-29,185.10000610351562,187.8000030517578,182.60000610351562,183.3000030517578,183.3000030517578,26149001
2025-09-01,183.6999969482422,184.89999389648438,182.3000030517578,184.10000610351562,184.10000610351562,18311146
2025-09-02,184.39999389648438,185.0,168.3000030517578,172.3000030517578,172.3000030517578,44806544
2025-09-03,172.3000030517578,172.5,166.10000610351562,167.89999389648438,167.89999389648438,34943370
2025-09-04,168.5,170.8000030517578,166.6999969482422,170.1999969482422,170.1999969482422,33098744
2025-09-05,171.0,174.1999969482422,167.39999389648438,168.0,168.0,28778720
2025-09-08,164.60000610351562,166.6999969482422,163.10000610351562,164.5,164.5,17735696
2025-09-09,166.0,169.39999389648438,164.39999389648438,166.0,166.0,25555923
2025-09-10,167.39999389648438,168.3000030517578,165.1999969482422,167.5,167.5,23795430
2025-09-11,167.6999969482422,172.5,166.0,166.0,166.0,30618195
2025-09-12,165.8000030517578,168.39999389648438,163.6999969482422,166.5,166.5,18174994
2025-09-15,165.89999389648438,179.89999389648438,162.0,179.89999389648438,179.89999389648438,52192576
2025-09-16,180.10000610351562,181.89999389648438,177.6999969482422,181.1999969482422,181.1999969482422,34363768
2025-09-17,181.3000030517578,182.8000030517578,179.6999969482422,179.8000030517578,179.8000030517578,25462886
2025-09-18,182.10000610351562,184.1999969482422,176.89999389648438,177.5,177.5,37362629
2025-09-19,178.3000030517578,183.5,177.5,183.5,183.5,32864156
2025-09-22,188.10000610351562,190.5,185.0,185.1999969482422,185.1999969482422,33584218
2025-09-23,182.39999389648438,183.3000030517578,178.60000610351562,179.0,179.0,35617887
2025-09-24,179.39999389648438,180.39999389648438,174.60000610351562,177.89999389648438,177.89999389648438,32622126
2025-09-25,179.0,179.6999969482422,176.1999969482422,178.89999389648438,178.89999389648438,20087615
2025-09-26,177.6999969482422,178.6999969482422,172.1999969482422,172.39999389648438,172.39999389648438,24743823
2025-09-29,171.6999969482422,175.10000610351562,171.1999969482422,171.6999969482422,171.6999969482422,28835423
2025-09-30,172.6999969482422,173.39999389648438,170.5,172.89999389648438,172.89999389648438,23508915
2025-10-01,173.10000610351562,178.6999969482422,170.89999389648438,176.0,176.0,43108932
2025-10-02,176.39999389648438,177.1999969482422,172.39999389648438,173.8000030517578,173.8000030517578,25708425
2025-10-03,175.0,175.60000610351562,167.39999389648438,167.6999969482422,167.6999969482422,26978761
2025-10-06,168.89999389648438,170.8000030517578,166.39999389648438,167.60000610351562,167.60000610351562,25038356
2025-10-07,168.10000610351562,171.8000030517578,167.6999969482422,170.3000030517578,170.3000030517578,26040326
2025-10-08,169.89999389648438,172.39999389648438,167.10000610351562,168.39999389648438,168.39999389648438,24964356
2025-10-09,171.0,171.39999389648438,166.8000030517578,167.5,167.5,22386344
2025-10-10,167.60000610351562,168.6999969482422,163.5,165.10000610351562,165.10000610351562,26361003
2025-10-13,162.39999389648438,163.60000610351562,159.60000610351562,160.0,160.0,26404967
2025-10-14,160.0,161.10000610351562,156.6999969482422,156.89999389648438,156.89999389648438,25260402
2025-10-15,157.3000030517578,159.60000610351562,155.6999969482422,158.6999969482422,158.6999969482422,30945796
2025-10-16,157.1999969482422,159.89999389648438,155.39999389648438,156.0,156.0,22209369
2025-10-17,155.3000030517578,155.8000030517578,150.5,152.6999969482422,152.6999969482422,24246355
2025-10-20,153.39999389648438,156.0,146.0,155.3000030517578,155.3000030517578,57283972
2025-10-21,155.5,157.6999969482422,155.10000610351562,157.39999389648438,157.39999389648438,28244772
2025-10-22,158.10000610351562,162.5,157.60000610351562,160.39999389648438,160.39999389648438,30480150
2025-10-23,160.89999389648438,164.8000030517578,160.60000610351562,162.8000030517578,162.8000030517578,32859251
2025-10-24,166.0,176.39999389648438,165.0,171.8000030517578,171.8000030517578,73055033
2025-10-27,170.5,171.8000030517578,166.89999389648438,168.3000030517578,162.23410034179688,32427224
2025-10-28,167.89999389648438,168.8000030517578,167.3000030517578,167.5,161.4629364013672,10882290
2025-10-30,167.6999969482422,169.3000030517578,166.10000610351562,167.1999969482422,161.17373657226562,25073791
2025-10-31,166.89999389648438,171.60000610351562,166.60000610351562,171.60000610351562,165.4151611328125,32813023
2025-11-03,173.0,176.60000610351562,172.5,174.1999969482422,167.92144775390625,32117856
2025-11-04,173.5,175.8000030517578,169.10000610351562,170.89999389648438,164.74038696289062,24638842
2025-11-05,170.89999389648438,173.10000610351562,169.89999389648438,171.0,164.83677673339844,29416023
2025-11-06,172.5,177.3000030517578,171.5,176.3000030517578,169.9457550048828,36428927
2025-11-07,172.89999389648438,174.39999389648438,168.89999389648438,171.8000030517578,165.6079559326172,37468770
2025-11-10,172.89999389648438,174.0,166.89999389648438,166.89999389648438,160.88455200195312,21755923
2025-11-11,166.89999389648438,168.1999969482422,159.0,163.6999969482422,157.7998809814453,36293409
2025-11-12,164.8000030517578,165.89999389648438,162.8000030517578,165.0,159.05303955078125,24001630
2025-11-13,165.6999969482422,166.6999969482422,163.8000030517578,165.0,159.05303955078125,23831330
2025-11-14,164.0,165.8000030517578,161.89999389648438,164.0,158.08908081054688,19393819
2025-11-17,165.8000030517578,168.39999389648438,163.60000610351562,167.8000030517578,161.7521209716797,31373072
2025-11-18,166.89999389648438,170.89999389648438,166.60000610351562,168.39999389648438,162.3304901123047,26337223
2025-11-19,169.1999969482422,172.0,168.3000030517578,170.89999389648438,164.74038696289062,30489789
2025-11-20,172.3000030517578,173.60000610351562,169.60000610351562,171.10000610351562,164.9331817626953,24993265
2025-11-21,170.0,170.5,167.89999389648438,170.5,164.35479736328125,19622260
2025-11-24,169.3000030517578,170.3000030517578,166.89999389648438,168.0,161.94491577148438,40538290
2025-11-25,168.8000030517578,170.6999969482422,167.5,167.8000030517578,161.7521209716797,44951818
2025-11-26,168.3000030517578,169.60000610351562,167.89999389648438,168.0,161.94491577148438,24995303
2025-11-27,169.3000030517578,171.60000610351562,168.89999389648438,169.60000610351562,163.48724365234375,28731897
2025-11-28,169.1999969482422,170.3000030517578,167.89999389648438,168.39999389648438,162.3304901123047,26753223
2025-12-01,168.5,173.89999389648438,167.5,173.3000030517578,167.05389404296875,32165560
2025-12-02,174.10000610351562,175.8000030517578,173.39999389648438,173.89999389648438,167.6322479248047,26468789
2025-12-03,174.5,176.3000030517578,171.60000610351562,173.10000610351562,166.86109924316406,48442134
2025-12-04,173.3000030517578,173.8000030517578,169.10000610351562,169.3000030517578,163.19805908203125,27369305
2025-12-05,169.5,172.3000030517578,169.0,170.3000030517578,164.16201782226562,31900156
2025-12-08,172.0,175.1999969482422,171.89999389648438,172.60000610351562,166.37911987304688,31345819
2025-12-09,173.0,174.6999969482422,171.0,173.0,166.7646942138672,30746117
2025-12-10,173.5,175.10000610351562,171.39999389648438,172.5,166.28271484375,31394367
2025-12-11,172.89999389648438,174.60000610351562,171.39999389648438,172.1999969482422,165.9935302734375,32074074
2025-12-12,173.10000610351562,176.60000610351562,173.10000610351562,175.39999389648438,169.07818603515625,30149118
2025-12-15,176.10000610351562,178.10000610351562,174.3000030517578,178.10000610351562,171.68089294433594,29804917
2025-12-16,178.0,178.0,173.8000030517578,175.8000030517578,169.46377563476562,32216363
2025-12-17,175.10000610351562,176.5,174.10000610351562,174.8000030517578,168.49981689453125,22206922
2025-12-18,175.60000610351562,176.39999389648438,174.8000030517578,175.8000030517578,169.46377563476562,21304768
2025-12-19,176.0,176.1999969482422,173.10000610351562,173.3000030517578,167.05389404296875,26437360
2025-12-22,173.5,173.89999389648438,168.0,168.3000030517578,162.23410034179688,39843084
2025-12-23,167.89999389648438,169.1999969482422,167.60000610351562,168.39999389648438,162.3304901123047,27316728
2025-12-24,168.5,174.10000610351562,167.89999389648438,172.89999389648438,166.6682891845703,43723715
2025-12-25,173.5,173.5,170.5,171.0,164.83677673339844,11858549
2025-12-26,171.0,171.0,167.0,168.5,162.4268798828125,20871371
2025-12-29,168.5,168.6999969482422,165.6999969482422,167.39999389648438,161.3665313720703,25511747
2025-12-30,167.5,169.60000610351562,166.60000610351562,168.6999969482422,162.6196746826172,22637859
2025-12-31,169.10000610351562,170.5,168.5,168.8000030517578,162.71607971191406,23300746
2026-01-02,169.3000030517578,174.8000030517578,169.3000030517578,174.8000030517578,168.49981689453125,33158442
2026-01-05,176.0,180.3000030517578,174.5,179.8000030517578,173.31961059570312,43157489
2026-01-06,179.8000030517578,185.1999969482422,179.1999969482422,185.10000610351562,178.4285888671875,42583893
2026-01-07,185.5,186.10000610351562,182.3000030517578,183.0,176.40428161621094,36469944
2026-01-08,183.0,184.1999969482422,180.6999969482422,183.0,176.40428161621094,26611657
2026-01-09,183.5,185.6999969482422,181.5,184.0,177.36822509765625,32252418
2026-01-12,184.5,190.0,183.8000030517578,189.0,182.18801879882812,54954007
2026-01-13,189.10000610351562,191.89999389648438,187.6999969482422,187.89999389648438,181.12765502929688,42688810
2026-01-14,188.6999969482422,194.89999389648438,188.60000610351562,194.5,187.4897918701172,47418050
2026-01-15,194.39999389648438,196.8000030517578,192.5,195.8000030517578,188.74293518066406,40069988
2026-01-16,195.89999389648438,197.39999389648438,194.3000030517578,195.3000030517578,188.26095581054688,28700598
2026-01-19,196.39999389648438,197.60000610351562,193.3000030517578,194.89999389648438,187.8753662109375,38063660
2026-01-20,195.0,195.60000610351562,191.39999389648438,193.0,186.04385375976562,34598936
2026-01-21,193.5,196.60000610351562,190.10000610351562,193.5,186.5258331298828,41961554
2026-01-22,195.0,196.1999969482422,191.89999389648438,195.3000030517578,188.26095581054688,40260985
2026-01-23,196.10000610351562,199.5,195.8000030517578,198.10000610351562,190.9600372314453,41098357
2026-01-26,196.5,199.1999969482422,195.1999969482422,198.89999389648438,191.731201171875,30989646
2026-01-27,199.3000030517578,200.39999389648438,195.10000610351562,198.0,190.8636474609375,42629547
2026-01-28,198.39999389648438,203.39999389648438,198.39999389648438,201.5,194.23748779296875,47227159
2026-01-29,202.6999969482422,209.10000610351562,200.60000610351562,206.60000610351562,199.1536865234375,76144736
2026-01-30,206.39999389648438,209.8000030517578,203.8000030517578,207.6999969482422,200.2140350341797,50380744
2026-02-02,202.0,208.89999389648438,200.0,204.6999969482422,197.32215881347656,45239841
2026-02-03,206.0,210.5,203.8000030517578,209.0,201.46717834472656,50159043
2026-02-04,210.0,211.6999969482422,207.3000030517578,208.0,200.5032196044922,33880777
2026-02-05,207.89999389648438,209.1999969482422,204.5,204.5,197.12936401367188,28957803
2026-02-06,204.10000610351562,206.1999969482422,201.60000610351562,205.1999969482422,197.80413818359375,23022504
2026-02-09,207.60000610351562,210.5,206.60000610351562,210.3000030517578,202.72032165527344,32811796
2026-02-10,210.5,214.1999969482422,204.6999969482422,206.0,198.57530212402344,37939866
2026-02-11,204.0,209.1999969482422,203.5,207.39999389648438,199.92483520507812,30750297
2026-02-12,209.8000030517578,224.89999389648438,209.1999969482422,221.0,213.03466796875,71397648
2026-02-13,221.1999969482422,223.5,219.89999389648438,223.5,215.44456481933594,41184406
2026-02-16,224.60000610351562,229.10000610351562,221.60000610351562,224.0,215.92654418945312,44969746
2026-02-17,222.60000610351562,224.1999969482422,219.6999969482422,220.8000030517578,212.84188842773438,29910994
2026-02-18,221.0,227.10000610351562,217.39999389648438,218.10000610351562,210.23919677734375,53337534
2026-02-19,219.1999969482422,220.89999389648438,211.1999969482422,214.1999969482422,206.47975158691406,39815664
2026-02-20,213.8000030517578,215.1999969482422,210.8000030517578,214.3000030517578,206.57615661621094,26354891
2026-02-23,216.5,218.1999969482422,214.6999969482422,216.39999389648438,208.6004638671875,27983569
2026-02-24,215.6999969482422,215.6999969482422,209.8000030517578,210.1999969482422,202.62391662597656,27114305
2026-02-25,211.1999969482422,212.1999969482422,204.60000610351562,204.60000610351562,197.22576904296875,31379460
2026-02-26,205.0,208.0,201.60000610351562,205.1999969482422,197.80413818359375,36613928
2026-02-27,206.5,207.10000610351562,197.1999969482422,199.60000610351562,192.40597534179688,40592651
2026-03-02,187.3000030517578,196.39999389648438,187.3000030517578,195.39999389648438,188.3573455810547,33391585
2026-03-03,194.0,197.39999389648438,188.60000610351562,189.10000610351562,182.284423828125,24431420
2026-03-04,188.89999389648438,193.10000610351562,187.10000610351562,190.10000610351562,183.24838256835938,23792583
2026-03-05,192.10000610351562,195.89999389648438,192.0,192.5,185.56187438964844,19016633
2026-03-06,191.5,194.89999389648438,186.1999969482422,187.1999969482422,180.45289611816406,30278905
2026-03-09,182.10000610351562,187.89999389648438,179.39999389648438,187.8000030517578,181.03128051757812,27707920
2026-03-10,193.39999389648438,193.89999389648438,189.60000610351562,193.5,186.5258331298828,34372554
2026-03-11,193.0,194.1999969482422,188.5,192.3000030517578,185.36907958984375,28179669
2026-03-12,190.60000610351562,197.1999969482422,190.1999969482422,195.5,188.45375061035156,38973701
2026-03-13,194.1999969482422,195.0,191.10000610351562,193.8000030517578,186.8150177001953,26912833
2026-03-16,194.3000030517578,195.60000610351562,191.6999969482422,193.1999969482422,186.2366485595703,27043502
2026-03-17,194.3000030517578,195.60000610351562,192.8000030517578,195.0,187.97177124023438,27669416
2026-03-18,195.60000610351562,196.60000610351562,189.10000610351562,189.6999969482422,182.86279296875,30148052
2026-03-19,188.8000030517578,194.5,188.3000030517578,194.5,187.4897918701172,13958641
2026-03-23,190.1999969482422,195.8000030517578,186.1999969482422,195.1999969482422,188.16455078125,55876587
2026-03-24,193.3000030517578,194.0,188.5,189.5,182.6699981689453,26559558
2026-03-25,185.5,188.8000030517578,185.0,186.6999969482422,186.6999969482422,35730927
2026-03-26,187.10000610351562,191.39999389648438,186.39999389648438,189.3000030517578,189.3000030517578,43204587
2026-03-27,189.60000610351562,192.60000610351562,189.0,192.60000610351562,192.60000610351562,28409424
2026-03-30,192.5,197.0,189.89999389648438,194.0,194.0,24461207
2026-03-31,194.39999389648438,196.60000610351562,191.5,194.8000030517578,194.8000030517578,24588352
2026-04-01,199.60000610351562,200.8000030517578,195.6999969482422,195.8000030517578,195.8000030517578,20779200
2026-04-02,193.0,194.89999389648438,192.0,193.10000610351562,193.10000610351562,16050285
2026-04-03,192.89999389648438,194.5,191.3000030517578,191.3000030517578,191.3000030517578,11930364
2026-04-06,191.5,195.60000610351562,191.1999969482422,194.39999389648438,194.39999389648438,16987854
2026-04-07,194.0,196.0,189.5,190.10000610351562,190.10000610351562,14348080
2026-04-08,199.89999389648438,205.39999389648438,198.5,201.39999389648438,201.39999389648438,42719049
2026-04-09,201.1999969482422,201.60000610351562,198.3000030517578,199.60000610351562,199.60000610351562,22782337
2026-04-10,200.8000030517578,204.60000610351562,200.8000030517578,204.0,204.0,24776022
2026-04-13,199.0,205.0,199.0,204.10000610351562,204.10000610351562,23189297
2026-04-14,206.10000610351562,209.39999389648438,206.0,206.3000030517578,206.3000030517578,24888950
2026-04-15,206.89999389648438,208.89999389648438,205.6999969482422,207.8000030517578,207.8000030517578,13507672
2026-04-16,209.0,211.0,201.8000030517578,204.5,204.5,17788231
2026-04-17,204.0,212.0,202.60000610351562,211.8000030517578,211.8000030517578,32343017
2026-04-20,209.10000610351562,210.5,207.6999969482422,208.0,208.0,17470374
2026-04-21,209.0,209.8000030517578,205.5,206.0,206.0,11723953
2026-04-22,206.89999389648438,208.1999969482422,202.1999969482422,204.89999389648438,204.89999389648438,12690718
2026-04-24,203.6999969482422,207.0,201.89999389648438,207.0,207.0,16190573
2026-04-27,207.1999969482422,209.1999969482422,203.89999389648438,205.0,205.0,16773777
2026-04-28,204.0,205.89999389648438,202.39999389648438,202.39999389648438,202.39999389648438,22758674
2026-04-29,203.5,205.1999969482422,201.0,202.3000030517578,202.3000030517578,14148196
2026-04-30,201.0,202.3000030517578,199.10000610351562,202.1999969482422,202.1999969482422,20347110
2026-05-04,203.0,203.89999389648438,196.8000030517578,197.39999389648438,197.39999389648438,17627449
2026-05-05,198.10000610351562,204.10000610351562,196.6999969482422,201.89999389648438,201.89999389648438,20548740
2026-05-06,205.1999969482422,213.89999389648438,203.6999969482422,210.5,210.5,33421876
2026-05-07,210.3000030517578,212.39999389648438,208.89999389648438,211.5,211.5,17128062
2026-05-08,210.5,215.10000610351562,208.5,213.0,213.0,19667179
2026-05-11,208.1999969482422,213.6999969482422,208.1999969482422,212.3000030517578,212.3000030517578,19232218
2026-05-12,211.39999389648438,211.5,203.1999969482422,203.60000610351562,203.60000610351562,14970138
2026-05-13,205.3000030517578,205.6999969482422,201.39999389648438,204.39999389648438,204.39999389648438,15473875
2026-05-14,205.0,207.6999969482422,203.6999969482422,204.5,204.5,12668108
2026-05-15,202.5,202.89999389648438,197.39999389648438,199.0,199.0,21455287
2026-05-18,198.1999969482422,198.39999389648438,194.5,195.0,195.0,14300999
