Tarih,Açılış,Yüksek,Düşük,Kapanış,Düzeltilmiş_Kapanış,Hacim
2015-10-29,0.010518999770283699,0.010518999770283699,0.010518999770283699,0.010518999770283699,0.009541493840515614,0
2015-10-30,0.010363999754190445,0.010571000166237354,0.010312000289559364,0.0104160001501441,0.009448065422475338,41565514
2015-11-02,0.011037999764084816,0.01114100031554699,0.01093399990350008,0.011088999919593334,0.010058525018393993,33313080
2015-11-03,0.011037999764084816,0.011037999764084816,0.01093399990350008,0.011037999764084816,0.010012264363467693,29889070
2015-11-04,0.011037999764084816,0.011711000464856625,0.011037999764084816,0.011504000052809715,0.010434960015118122,441338688
2015-11-05,0.011504000052809715,0.01155600044876337,0.011349000036716461,0.01140000019222498,0.010340624488890171,62963450
2015-11-06,0.011504000052809715,0.01155600044876337,0.011349000036716461,0.01145199965685606,0.010387792252004147,70653771
2015-11-09,0.011349000036716461,0.011762999929487705,0.011349000036716461,0.011607999913394451,0.010529294610023499,241987585
2015-11-10,0.011660000309348106,0.011660000309348106,0.01140000019222498,0.01145199965685606,0.010387792252004147,51828666
2015-11-11,0.011504000052809715,0.01155600044876337,0.011296999640762806,0.011296999640762806,0.010247196070849895,51446205
2015-11-12,0.01155600044876337,0.01155600044876337,0.01140000019222498,0.01145199965685606,0.010387792252004147,44834185
2015-11-13,0.01145199965685606,0.01145199965685606,0.011349000036716461,0.01140000019222498,0.010340624488890171,35404651
2015-11-16,0.011349000036716461,0.011349000036716461,0.011088999919593334,0.011088999919593334,0.010058525018393993,68120691
2015-11-17,0.011245000176131725,0.011296999640762806,0.01119299978017807,0.011245000176131725,0.01020002830773592,23787063
2015-11-18,0.011245000176131725,0.011296999640762806,0.011037999764084816,0.01114100031554699,0.010105693712830544,30478199
2015-11-19,0.011037999764084816,0.01114100031554699,0.010986000299453735,0.011037999764084816,0.010012264363467693,16466467
2015-11-20,0.011088999919593334,0.01114100031554699,0.011037999764084816,0.01114100031554699,0.010105693712830544,6832195
2015-11-23,0.010986000299453735,0.011088999919593334,0.010882000438869,0.01093399990350008,0.009917927905917168,14167263
2015-11-24,0.010259999893605709,0.010830000042915344,0.010208000428974628,0.010259999893605709,0.009306561201810837,51961041
2015-11-25,0.01067500002682209,0.010882000438869,0.010571000166237354,0.010727000422775745,0.009730164892971516,24148297
2015-11-26,0.010622999630868435,0.010882000438869,0.010622999630868435,0.010622999630868435,0.009635829366743565,29495224
2015-11-27,0.010571000166237354,0.010778999887406826,0.010571000166237354,0.010571000166237354,0.009588661603629589,24418837
2015-11-30,0.01067500002682209,0.01067500002682209,0.01046799961477518,0.010622999630868435,0.009635829366743565,16841595
2015-12-01,0.010727000422775745,0.010882000438869,0.010571000166237354,0.010727000422775745,0.009730164892971516,36674761
2015-12-02,0.010778999887406826,0.010882000438869,0.010727000422775745,0.010727000422775745,0.009730164892971516,20754391
2015-12-03,0.010778999887406826,0.010830000042915344,0.010571000166237354,0.01067500002682209,0.00968299712985754,12820738
2015-12-04,0.01067500002682209,0.010727000422775745,0.010363999754190445,0.01046799961477518,0.009495232254266739,31840354
2015-12-07,0.01046799961477518,0.010622999630868435,0.010363999754190445,0.01046799961477518,0.009495232254266739,28279531
2015-12-08,0.010518999770283699,0.010518999770283699,0.010259999893605709,0.010259999893605709,0.009306561201810837,38606362
2015-12-09,0.010259999893605709,0.0104160001501441,0.01015700027346611,0.010363999754190445,0.009400897659361362,29554079
2015-12-10,0.0104160001501441,0.01046799961477518,0.01015700027346611,0.01015700027346611,0.00921313464641571,30531265
2015-12-11,0.010208000428974628,0.010208000428974628,0.009587000124156475,0.009587000124156475,0.008696102537214756,30972774
2015-12-14,0.009846000000834465,0.009846000000834465,0.009379000402987003,0.00948300026357174,0.008601767010986805,22775143
2015-12-15,0.009587000124156475,0.00974200014024973,0.00948300026357174,0.009638000279664993,0.00874236412346363,75068667
2015-12-16,0.009587000124156475,0.009638000279664993,0.009430999867618084,0.00948300026357174,0.008601767010986805,46202129
2015-12-17,0.009587000124156475,0.009948999620974064,0.00953499972820282,0.009846000000834465,0.008931034244596958,96625801
2015-12-18,0.00979399960488081,0.009846000000834465,0.00948300026357174,0.009689999744296074,0.008789530955255032,51057183
2015-12-21,0.009689999744296074,0.009846000000834465,0.009638000279664993,0.00974200014024973,0.008836698718369007,15924615
2015-12-22,0.00979399960488081,0.00979399960488081,0.009587000124156475,0.009638000279664993,0.00874236412346363,18361019
2015-12-23,0.009689999744296074,0.009846000000834465,0.009689999744296074,0.00974200014024973,0.008836698718369007,45730710
2015-12-24,0.009846000000834465,0.01046799961477518,0.00974200014024973,0.010208000428974628,0.009259394370019436,303056677
2015-12-25,0.010259999893605709,0.010259999893605709,0.010104999877512455,0.010104999877512455,0.009165965020656586,81622411
2015-12-28,0.010104999877512455,0.010259999893605709,0.010053000412881374,0.010104999877512455,0.009165965020656586,24481358
2015-12-29,0.010104999877512455,0.010727000422775745,0.010104999877512455,0.0104160001501441,0.009448065422475338,111721430
2015-12-30,0.01046799961477518,0.010882000438869,0.010363999754190445,0.010778999887406826,0.009777331724762917,157460053
2015-12-31,0.01114100031554699,0.01114100031554699,0.010727000422775745,0.010778999887406826,0.009777331724762917,86219854
2016-01-01,0.010778999887406826,0.010778999887406826,0.010778999887406826,0.010778999887406826,0.009777331724762917,0
2016-01-04,0.010622999630868435,0.010778999887406826,0.010363999754190445,0.010622999630868435,0.009635829366743565,39505975
2016-01-05,0.01067500002682209,0.010830000042915344,0.01015700027346611,0.01067500002682209,0.00968299712985754,93133868
2016-01-06,0.010622999630868435,0.01067500002682209,0.0104160001501441,0.010518999770283699,0.009541493840515614,36027742
2016-01-07,0.0104160001501441,0.010518999770283699,0.010208000428974628,0.01046799961477518,0.009495232254266739,23170147
2016-01-08,0.010518999770283699,0.01067500002682209,0.010363999754190445,0.010363999754190445,0.009400897659361362,13834202
2016-01-11,0.010312000289559364,0.010727000422775745,0.010312000289559364,0.010571000166237354,0.009588661603629589,23702543
2016-01-12,0.010571000166237354,0.01067500002682209,0.0104160001501441,0.010571000166237354,0.009588661603629589,14215312
2016-01-13,0.010622999630868435,0.010778999887406826,0.010571000166237354,0.010622999630868435,0.009635829366743565,20459923
2016-01-14,0.010518999770283699,0.010571000166237354,0.0104160001501441,0.01046799961477518,0.009495232254266739,13579292
2016-01-15,0.01046799961477518,0.010571000166237354,0.010312000289559364,0.0104160001501441,0.009448065422475338,18279587
2016-01-18,0.01046799961477518,0.010518999770283699,0.010259999893605709,0.010259999893605709,0.009306561201810837,23152972
2016-01-19,0.010363999754190445,0.01067500002682209,0.010363999754190445,0.0104160001501441,0.009448065422475338,39147828
2016-01-20,0.01046799961477518,0.010518999770283699,0.00948300026357174,0.010259999893605709,0.009306561201810837,29563728
2016-01-21,0.010259999893605709,0.010259999893605709,0.009689999744296074,0.01015700027346611,0.00921313464641571,47449855
2016-01-22,0.01015700027346611,0.01015700027346611,0.01015700027346611,0.01015700027346611,0.00921313464641571,0
2016-01-25,0.01046799961477518,0.010571000166237354,0.010363999754190445,0.010571000166237354,0.009588661603629589,48849446
2016-01-26,0.01046799961477518,0.010622999630868435,0.010363999754190445,0.010571000166237354,0.009588661603629589,15790696
2016-01-27,0.010571000166237354,0.010622999630868435,0.01046799961477518,0.010518999770283699,0.009541493840515614,34583769
2016-01-28,0.010518999770283699,0.01067500002682209,0.0104160001501441,0.010571000166237354,0.009588661603629589,21670792
2016-01-29,0.010622999630868435,0.010727000422775745,0.01046799961477518,0.010571000166237354,0.009588661603629589,44853289
2016-02-01,0.010518999770283699,0.010571000166237354,0.0104160001501441,0.010518999770283699,0.009541493840515614,10700608
2016-02-02,0.010518999770283699,0.010622999630868435,0.0104160001501441,0.0104160001501441,0.009448065422475338,23490665
2016-02-03,0.010518999770283699,0.010518999770283699,0.010363999754190445,0.010518999770283699,0.009541493840515614,9424516
2016-02-04,0.010571000166237354,0.010622999630868435,0.01046799961477518,0.010518999770283699,0.009541493840515614,44286737
2016-02-05,0.01046799961477518,0.011037999764084816,0.01046799961477518,0.010622999630868435,0.009635829366743565,232806979
2016-02-08,0.01046799961477518,0.010778999887406826,0.01015700027346611,0.010208000428974628,0.009259394370019436,79036651
2016-02-09,0.010259999893605709,0.01046799961477518,0.01015700027346611,0.010363999754190445,0.009400897659361362,32815032
2016-02-10,0.010363999754190445,0.010518999770283699,0.010363999754190445,0.01046799961477518,0.009495232254266739,27422564
2016-02-11,0.01046799961477518,0.01046799961477518,0.01015700027346611,0.010259999893605709,0.009306561201810837,17338679
2016-02-12,0.010259999893605709,0.0104160001501441,0.010259999893605709,0.010259999893605709,0.009306561201810837,9024109
2016-02-15,0.010259999893605709,0.010622999630868435,0.009948999620974064,0.010312000289559364,0.009353730827569962,27497628
2016-02-16,0.010363999754190445,0.010622999630868435,0.010104999877512455,0.010259999893605709,0.009306561201810837,32443956
2016-02-17,0.010259999893605709,0.0104160001501441,0.01015700027346611,0.0104160001501441,0.009448065422475338,24996388
2016-02-18,0.010312000289559364,0.0104160001501441,0.01015700027346611,0.010259999893605709,0.009306561201810837,93099712
2016-02-19,0.010259999893605709,0.010312000289559364,0.01015700027346611,0.010208000428974628,0.009259394370019436,20741462
2016-02-22,0.010259999893605709,0.01046799961477518,0.010259999893605709,0.0104160001501441,0.009448065422475338,69872061
2016-02-23,0.0104160001501441,0.010622999630868435,0.010259999893605709,0.010518999770283699,0.009541493840515614,94455307
2016-02-24,0.01046799961477518,0.010518999770283699,0.010312000289559364,0.010312000289559364,0.009353730827569962,29693016
2016-02-25,0.010363999754190445,0.0104160001501441,0.010312000289559364,0.010363999754190445,0.009400897659361362,38273108
2016-02-26,0.0104160001501441,0.0104160001501441,0.010259999893605709,0.010312000289559364,0.009353730827569962,16763251
2016-02-29,0.0104160001501441,0.01067500002682209,0.010363999754190445,0.01067500002682209,0.00968299712985754,74528745
2016-03-01,0.010622999630868435,0.010986000299453735,0.010312000289559364,0.01093399990350008,0.009917927905917168,229104711
2016-03-02,0.01093399990350008,0.011088999919593334,0.01067500002682209,0.010727000422775745,0.009730164892971516,77989032
2016-03-03,0.010727000422775745,0.010986000299453735,0.01067500002682209,0.010830000042915344,0.009823593311011791,34614836
2016-03-04,0.010830000042915344,0.010882000438869,0.01067500002682209,0.010778999887406826,0.009777331724762917,39237558
2016-03-07,0.010727000422775745,0.01093399990350008,0.010727000422775745,0.010778999887406826,0.009777331724762917,38385994
2016-03-08,0.010778999887406826,0.010882000438869,0.01046799961477518,0.010727000422775745,0.009730164892971516,20177226
2016-03-09,0.010830000042915344,0.011088999919593334,0.01067500002682209,0.011088999919593334,0.010058525018393993,115784161
2016-03-10,0.011088999919593334,0.011245000176131725,0.010882000438869,0.01093399990350008,0.009917927905917168,50510121
2016-03-11,0.011037999764084816,0.01114100031554699,0.01093399990350008,0.011037999764084816,0.010012264363467693,28287829
2016-03-14,0.011245000176131725,0.011245000176131725,0.01093399990350008,0.011037999764084816,0.010012264363467693,44670549
2016-03-15,0.011088999919593334,0.011245000176131725,0.01093399990350008,0.01093399990350008,0.009917927905917168,28040059
2016-03-16,0.01093399990350008,0.011088999919593334,0.01093399990350008,0.010986000299453735,0.009965097531676292,9840939
2016-03-17,0.011037999764084816,0.011088999919593334,0.01093399990350008,0.011037999764084816,0.010012264363467693,24451449
2016-03-18,0.011037999764084816,0.011296999640762806,0.010986000299453735,0.011245000176131725,0.01020002830773592,79365853
2016-03-21,0.011245000176131725,0.01155600044876337,0.01119299978017807,0.01145199965685606,0.010387792252004147,57257990
2016-03-22,0.011504000052809715,0.01155600044876337,0.011296999640762806,0.01140000019222498,0.010340624488890171,50891038
2016-03-23,0.01140000019222498,0.01155600044876337,0.011296999640762806,0.01140000019222498,0.010340624488890171,65655728
2016-03-24,0.01140000019222498,0.011660000309348106,0.011349000036716461,0.011607999913394451,0.010529294610023499,59965705
2016-03-25,0.011711000464856625,0.011919000186026096,0.011607999913394451,0.011607999913394451,0.010529294610023499,58994116
2016-03-28,0.011711000464856625,0.011762999929487705,0.011504000052809715,0.011607999913394451,0.010529294610023499,23300013
2016-03-29,0.011607999913394451,0.011919000186026096,0.011607999913394451,0.01181500032544136,0.0107170594856143,45783583
2016-03-30,0.011919000186026096,0.012695999816060066,0.011762999929487705,0.012125999666750431,0.010999158956110477,186074576
2016-03-31,0.012178000062704086,0.01259199995547533,0.012178000062704086,0.012539999559521675,0.011374685913324356,89671265
2016-04-01,0.012539999559521675,0.01285099983215332,0.012384999543428421,0.012489000335335732,0.01132842618972063,202828564
2016-04-04,0.012489000335335732,0.012903000228106976,0.012436999939382076,0.012748000212013721,0.011563358828425407,75633289
2016-04-05,0.012748000212013721,0.012903000228106976,0.012539999559521675,0.012539999559521675,0.011374685913324356,17301050
2016-04-06,0.012644000351428986,0.012748000212013721,0.01259199995547533,0.012695999816060066,0.011516190133988857,23738242
2016-04-07,0.012695999816060066,0.013213999569416046,0.012695999816060066,0.012695999816060066,0.011516190133988857,66360059
2016-04-08,0.012695999816060066,0.013007000088691711,0.012695999816060066,0.012748000212013721,0.011563358828425407,65014113
2016-04-11,0.012799999676644802,0.013058999553322792,0.012799999676644802,0.013007000088691711,0.011798289604485035,37222595
2016-04-12,0.013058999553322792,0.013058999553322792,0.012748000212013721,0.01285099983215332,0.011656786315143108,15795713
2016-04-13,0.012903000228106976,0.013162000104784966,0.012903000228106976,0.013110999949276447,0.011892625130712986,56661143
2016-04-14,0.013110999949276447,0.013265999965369701,0.012954999692738056,0.012954999692738056,0.01175112184137106,72124760
2016-04-15,0.013058999553322792,0.013369999825954437,0.012954999692738056,0.013265999965369701,0.012033221311867237,55155999
2016-04-18,0.013318000361323357,0.013628999702632427,0.013213999569416046,0.01347300037741661,0.012220985256135464,35753343
2016-04-19,0.013420999981462955,0.013783999718725681,0.013265999965369701,0.013524999842047691,0.01226815301924944,34217324
2016-04-20,0.013577000238001347,0.013681000098586082,0.013265999965369701,0.013524999842047691,0.01226815301924944,12786583
2016-04-21,0.013524999842047691,0.013524999842047691,0.013110999949276447,0.013265999965369701,0.012033221311867237,34850835
2016-04-22,0.013369999825954437,0.013681000098586082,0.013265999965369701,0.01347300037741661,0.012220985256135464,29492330
2016-04-25,0.01347300037741661,0.013577000238001347,0.013420999981462955,0.013524999842047691,0.01226815301924944,31041084
2016-04-26,0.013524999842047691,0.013681000098586082,0.013420999981462955,0.013577000238001347,0.01231532171368599,38315561
2016-04-27,0.013577000238001347,0.013577000238001347,0.013318000361323357,0.013369999825954437,0.012127556838095188,10192140
2016-04-28,0.013369999825954437,0.0137320002540946,0.013265999965369701,0.013420999981462955,0.012173817493021488,68131690
2016-04-29,0.013420999981462955,0.013577000238001347,0.013265999965369701,0.013577000238001347,0.01231532171368599,27991238
2016-05-02,0.013524999842047691,0.013524999842047691,0.013265999965369701,0.013369999825954437,0.012127556838095188,13741771
2016-05-03,0.013318000361323357,0.013318000361323357,0.012695999816060066,0.01285099983215332,0.011656786315143108,26936480
2016-05-04,0.013007000088691711,0.013007000088691711,0.012489000335335732,0.012644000351428986,0.011469022370874882,29491751
2016-05-05,0.012436999939382076,0.013524999842047691,0.01233300007879734,0.013265999965369701,0.012033221311867237,155870582
2016-05-06,0.01347300037741661,0.01347300037741661,0.012178000062704086,0.013265999965369701,0.012033221311867237,48983944
2016-05-09,0.013213999569416046,0.013628999702632427,0.012954999692738056,0.013628999702632427,0.01236248854547739,96507706
2016-05-10,0.013577000238001347,0.014353999868035316,0.01347300037741661,0.014198999851942062,0.01287951972335577,116986925
2016-05-11,0.014198999851942062,0.014198999851942062,0.013783999718725681,0.013992000371217728,0.012691755779087543,44188131
2016-05-12,0.013992000371217728,0.014147000387310982,0.013783999718725681,0.014147000387310982,0.012832351960241795,32322965
2016-05-13,0.014147000387310982,0.014147000387310982,0.013836000114679337,0.013939999975264072,0.012644588015973568,31403863
2016-05-16,0.013992000371217728,0.014251000247895718,0.013783999718725681,0.014042999595403671,0.012738016434013844,48617692
2016-05-17,0.014094999991357327,0.014924000017344952,0.013887999579310417,0.013992000371217728,0.012691755779087543,43955991
2016-05-18,0.013992000371217728,0.014302000403404236,0.013939999975264072,0.014198999851942062,0.01287951972335577,37712153
2016-05-19,0.014198999851942062,0.014198999851942062,0.014198999851942062,0.014198999851942062,0.01287951972335577,0
2016-05-20,0.014251000247895718,0.014716999605298042,0.014094999991357327,0.014406000263988972,0.013067284598946571,22664766
2016-05-23,0.014302000403404236,0.014406000263988972,0.013992000371217728,0.014147000387310982,0.012832351960241795,14299639
2016-05-24,0.014147000387310982,0.014769000001251698,0.014147000387310982,0.014716999605298042,0.013349383138120174,23933332
2016-05-25,0.014716999605298042,0.014976000413298607,0.014457999728620052,0.014716999605298042,0.013349383138120174,50607184
2016-05-26,0.014716999605298042,0.017308000475168228,0.014612999744713306,0.016634000465273857,0.01508824061602354,367644526
2016-05-27,0.01673799939453602,0.01912200078368187,0.01673799939453602,0.017774999141693115,0.01612321101129055,789555473
2016-05-30,0.01787799969315529,0.01792999915778637,0.016634000465273857,0.01689399965107441,0.015324079431593418,243429822
2016-05-31,0.016790000721812248,0.017826000228524208,0.01621999964118004,0.01621999964118004,0.014712712727487087,290680342
2016-06-01,0.016479000449180603,0.016997000202536583,0.016013000160455704,0.01627199910581112,0.014759879559278488,146448960
2016-06-02,0.016479000449180603,0.017774999141693115,0.01621999964118004,0.017203999683260918,0.01560527179390192,419599972
2016-06-03,0.017514999955892563,0.01906999945640564,0.01735999993979931,0.018811000511050224,0.01706293784081936,714335519
2016-06-06,0.01912200078368187,0.020054999738931656,0.018293000757694244,0.018758999183773994,0.017015770077705383,607234301
2016-06-07,0.018914999440312386,0.020572999492287636,0.01865600049495697,0.018862999975681305,0.017110105603933334,752362595
2016-06-08,0.01912200078368187,0.019329000264406204,0.018137000501155853,0.01855199970304966,0.016828006133437157,302304491
2016-06-09,0.018758999183773994,0.020677000284194946,0.0184480007737875,0.019329000264406204,0.017532801255583763,805422006
2016-06-10,0.019432999193668365,0.02015800029039383,0.01912200078368187,0.019847000017762184,0.018002664670348167,429171336
2016-06-13,0.020003000274300575,0.020469000563025475,0.01979600079357624,0.019951000809669495,0.01809700019657612,223463701
2016-06-14,0.020054999738931656,0.0203660000115633,0.01974399946630001,0.020003000274300575,0.018144167959690094,174437497
2016-06-15,0.0203660000115633,0.0203660000115633,0.01865600049495697,0.018914999440312386,0.01715727150440216,258583341
2016-06-16,0.018862999975681305,0.019432999193668365,0.0184480007737875,0.0184480007737875,0.016733670607209206,213320575
2016-06-17,0.018758999183773994,0.01906999945640564,0.018084999173879623,0.018811000511050224,0.01706293784081936,217088259
2016-06-20,0.01912200078368187,0.020003000274300575,0.018706999719142914,0.01979600079357624,0.017956404015421867,256892755
2016-06-21,0.019847000017762184,0.019951000809669495,0.019380999729037285,0.019432999193668365,0.017627136781811714,147850481
2016-06-22,0.019485000520944595,0.01974399946630001,0.01906999945640564,0.019432999193668365,0.017627136781811714,126101537
2016-06-23,0.019277000799775124,0.019536999985575676,0.018706999719142914,0.018706999719142914,0.016968602314591408,98814435
2016-06-24,0.01855199970304966,0.018758999183773994,0.017722999677062035,0.01855199970304966,0.016828006133437157,88388226
2016-06-27,0.01855199970304966,0.01896600052714348,0.018293000757694244,0.018706999719142914,0.016968602314591408,49483343
2016-06-28,0.018862999975681305,0.01912200078368187,0.018706999719142914,0.018706999719142914,0.016968602314591408,33988465
2016-06-29,0.01865600049495697,0.01901799999177456,0.018345000222325325,0.01855199970304966,0.016828006133437157,84831262
2016-06-30,0.01860399916768074,0.01901799999177456,0.018345000222325325,0.01839599944651127,0.01668650284409523,34011042
2016-07-01,0.0184480007737875,0.019951000809669495,0.0184480007737875,0.01964000053703785,0.01781490258872509,409224320
2016-07-04,0.019847000017762184,0.021195000037550926,0.01969200000166893,0.020572999492287636,0.018661197274923325,189074829
2016-07-05,0.020572999492287636,0.020572999492287636,0.020572999492287636,0.020572999492287636,0.018661197274923325,0
2016-07-06,0.020572999492287636,0.020572999492287636,0.020572999492287636,0.020572999492287636,0.018661197274923325,0
2016-07-07,0.020572999492287636,0.020572999492287636,0.020572999492287636,0.020572999492287636,0.018661197274923325,0
2016-07-08,0.020521000027656555,0.020521000027656555,0.01974399946630001,0.019898999482393265,0.018049830570816994,161109641
2016-07-11,0.019951000809669495,0.02088399976491928,0.019951000809669495,0.0203660000115633,0.018473435193300247,115092953
2016-07-12,0.02031400054693222,0.020625000819563866,0.02015800029039383,0.02020999975502491,0.01833193004131317,76449733
2016-07-13,0.02015800029039383,0.020572999492287636,0.019951000809669495,0.02026199921965599,0.018379097804427147,94852433
2016-07-14,0.020416999235749245,0.02072799950838089,0.02015800029039383,0.020625000819563866,0.01870836690068245,96137402
2016-07-15,0.020677000284194946,0.021195000037550926,0.020003000274300575,0.02026199921965599,0.018379097804427147,101894963
2016-07-18,0.020416000857949257,0.0216279998421669,0.018502000719308853,0.02016099914908409,0.01828748546540737,203220843
2016-07-19,0.020416000857949257,0.0216279998421669,0.02003300003707409,0.02086300030350685,0.018924249336123466,97347984
2016-07-20,0.021053999662399292,0.021245000883936882,0.02003300003707409,0.02086300030350685,0.018924249336123466,59097018
2016-07-21,0.020671000704169273,0.02092600055038929,0.019905999302864075,0.02035200037062168,0.01846073754131794,59349363
2016-07-22,0.0207349993288517,0.02092600055038929,0.019139999523758888,0.02003300003707409,0.01817138120532036,54975487
2016-07-25,0.020097000524401665,0.0207349993288517,0.020097000524401665,0.020287999883294106,0.01840268261730671,37794863
2016-07-26,0.020416000857949257,0.021372999995946884,0.020287999883294106,0.020287999883294106,0.01840268261730671,74750249
2016-07-27,0.020479999482631683,0.020798999816179276,0.020224999636411667,0.02035200037062168,0.01846073754131794,70738276
2016-07-28,0.02054399996995926,0.020607000216841698,0.02016099914908409,0.020224999636411667,0.018345536664128304,54387883
2016-07-29,0.020416000857949257,0.02054399996995926,0.020287999883294106,0.02054399996995926,0.018634893000125885,47049814
2016-08-01,0.021053999662399292,0.021053999662399292,0.020416000857949257,0.020607000216841698,0.01869203895330429,42567633
2016-08-02,0.020479999482631683,0.02086300030350685,0.020287999883294106,0.020287999883294106,0.01840268261730671,22144768
2016-08-03,0.020287999883294106,0.020479999482631683,0.01945899985730648,0.019778000190854073,0.01794007606804371,38502997
2016-08-04,0.019778000190854073,0.019778000190854073,0.018502000719308853,0.019139999523758888,0.017361365258693695,60220502
2016-08-05,0.019076000899076462,0.02054399996995926,0.019076000899076462,0.019394999369978905,0.017592666670680046,168882793
2016-08-08,0.01964999921619892,0.02035200037062168,0.01964999921619892,0.019713999703526497,0.017882024869322777,74056535
2016-08-09,0.019778000190854073,0.019905999302864075,0.01933100074529648,0.01933100074529648,0.017534615471959114,58993572
2016-08-10,0.019523000344634056,0.019523000344634056,0.01875700056552887,0.019012000411748886,0.017245259135961533,46492461
2016-08-11,0.019012000411748886,0.019076000899076462,0.018884999677538872,0.019012000411748886,0.017245259135961533,24903949
2016-08-12,0.019012000411748886,0.019012000411748886,0.018629999831318855,0.018820999190211296,0.017072008922696114,33912668
2016-08-15,0.018884999677538872,0.019842000678181648,0.018820999190211296,0.018820999190211296,0.017072008922696114,45342018
2016-08-16,0.018949000164866447,0.019139999523758888,0.01856599934399128,0.01856599934399128,0.016840703785419464,27450283
2016-08-17,0.01875700056552887,0.018884999677538872,0.018310999497771263,0.01856599934399128,0.016840703785419464,43506952
2016-08-18,0.018820999190211296,0.018820999190211296,0.018373999744653702,0.018438000231981277,0.01672459952533245,28289448
2016-08-19,0.018438000231981277,0.018502000719308853,0.01818300038576126,0.018247000873088837,0.016551349312067032,22594130
2016-08-22,0.018310999497771263,0.018310999497771263,0.01786400005221367,0.017928000539541245,0.01626199297606945,31589683
2016-08-23,0.01786400005221367,0.017928000539541245,0.0174809992313385,0.0174809992313385,0.015856530517339706,88950379
2016-08-24,0.01607700064778328,0.017225999385118484,0.01607700064778328,0.017035000026226044,0.015451976098120213,61607930
2016-08-25,0.017225999385118484,0.017354000359773636,0.016843000426888466,0.017098000273108482,0.015509122982621193,80927687
2016-08-26,0.017225999385118484,0.017225999385118484,0.016714999452233315,0.016970999538898468,0.015393923968076706,19322108
2016-08-29,0.01690700091421604,0.0174809992313385,0.016459999606013298,0.016970999538898468,0.015393923968076706,116385930
2016-08-30,0.016970999538898468,0.016970999538898468,0.016970999538898468,0.016970999538898468,0.015393923968076706,0
2016-08-31,0.017098000273108482,0.017225999385118484,0.016459999606013298,0.016459999606013298,0.014930409379303455,51985746
2016-09-01,0.016651999205350876,0.017162000760436058,0.01620499975979328,0.016524000093340874,0.014988463371992111,86844003
2016-09-02,0.016651999205350876,0.016970999538898468,0.016524000093340874,0.01658800058066845,0.015046515502035618,53021615
2016-09-05,0.016651999205350876,0.016843000426888466,0.016459999606013298,0.016524000093340874,0.014988463371992111,39289342
2016-09-06,0.016651999205350876,0.016651999205350876,0.016333000734448433,0.016333000734448433,0.014815213158726692,32044374
2016-09-07,0.01658800058066845,0.019587000831961632,0.01658800058066845,0.01945899985730648,0.017650719732046127,1609472781
2016-09-08,0.01964999921619892,0.0207349993288517,0.01786400005221367,0.01786400005221367,0.01620393991470337,1758030982
2016-09-09,0.017928000539541245,0.018118999898433685,0.017035000026226044,0.017035000026226044,0.015451976098120213,397306952
2016-09-12,0.017035000026226044,0.017035000026226044,0.017035000026226044,0.017035000026226044,0.015451976098120213,0
2016-09-13,0.017035000026226044,0.017035000026226044,0.017035000026226044,0.017035000026226044,0.015451976098120213,0
2016-09-14,0.017035000026226044,0.017035000026226044,0.017035000026226044,0.017035000026226044,0.015451976098120213,0
2016-09-15,0.017035000026226044,0.017035000026226044,0.017035000026226044,0.017035000026226044,0.015451976098120213,0
2016-09-16,0.017225999385118484,0.01856599934399128,0.017225999385118484,0.017354000359773636,0.01574133336544037,655093732
2016-09-19,0.017673000693321228,0.01786400005221367,0.017162000760436058,0.017162000760436058,0.015567176975309849,275844341
2016-09-20,0.017098000273108482,0.017735999077558517,0.016714999452233315,0.016970999538898468,0.015393923968076706,341715649
2016-09-21,0.017098000273108482,0.0174809992313385,0.016714999452233315,0.01690700091421604,0.0153358718380332,270334911
2016-09-22,0.017162000760436058,0.017162000760436058,0.01690700091421604,0.016970999538898468,0.015393923968076706,164119584
2016-09-23,0.017098000273108482,0.017417000606656075,0.017035000026226044,0.017098000273108482,0.015509122982621193,319802850
2016-09-26,0.01601400040090084,0.016459999606013298,0.01601400040090084,0.016140999272465706,0.014641053974628448,264750876
2016-09-27,0.016333000734448433,0.017162000760436058,0.01620499975979328,0.016459999606013298,0.014930409379303455,507383002
2016-09-28,0.01658800058066845,0.016843000426888466,0.016395999118685722,0.016395999118685722,0.014872357249259949,273782791
2016-09-29,0.016524000093340874,0.01658800058066845,0.016269000247120857,0.016333000734448433,0.014815213158726692,192570628
2016-09-30,0.016333000734448433,0.016395999118685722,0.015758000314235687,0.01601400040090084,0.014525855891406536,293769304
2016-10-03,0.016140999272465706,0.016395999118685722,0.015949999913573265,0.015949999913573265,0.01446780376136303,284847103
2016-10-04,0.01601400040090084,0.016140999272465706,0.01588599942624569,0.015949999913573265,0.01446780376136303,153645697
2016-10-05,0.016395999118685722,0.01799199916422367,0.016395999118685722,0.016459999606013298,0.014930409379303455,1419758667
2016-10-06,0.016714999452233315,0.01690700091421604,0.016395999118685722,0.016459999606013298,0.014930409379303455,271399463
2016-10-07,0.01658800058066845,0.01690700091421604,0.016395999118685722,0.016524000093340874,0.014988463371992111,310248063
2016-10-10,0.01658800058066845,0.016843000426888466,0.016524000093340874,0.01658800058066845,0.015046515502035618,149831055
2016-10-11,0.016651999205350876,0.016651999205350876,0.016395999118685722,0.016459999606013298,0.014930409379303455,143758629
2016-10-12,0.016459999606013298,0.01658800058066845,0.01601400040090084,0.01607700064778328,0.014583002775907516,256080707
2016-10-13,0.016140999272465706,0.016333000734448433,0.015949999913573265,0.015949999913573265,0.01446780376136303,157197963
2016-10-14,0.01601400040090084,0.016843000426888466,0.01601400040090084,0.016395999118685722,0.014872357249259949,484952504
2016-10-17,0.016395999118685722,0.01690700091421604,0.015758000314235687,0.015758000314235687,0.014293646439909935,613240188
2016-10-18,0.01606000028550625,0.01649799942970276,0.015796000137925148,0.016323000192642212,0.014806141145527363,301202642
2016-10-19,0.01641100086271763,0.01676199957728386,0.015796000137925148,0.015971999615430832,0.01448775827884674,388667754
2016-10-20,0.015971999615430832,0.016234999522566795,0.015884000808000565,0.01606000028550625,0.014567581936717033,161301580
2016-10-21,0.016147000715136528,0.016234999522566795,0.01606000028550625,0.01606000028550625,0.014567581936717033,65527901
2016-10-24,0.016147000715136528,0.016323000192642212,0.01606000028550625,0.016147000715136528,0.014646497555077076,155540073
2016-10-25,0.016147000715136528,0.01649799942970276,0.016147000715136528,0.016323000192642212,0.014806141145527363,175783801
2016-10-26,0.016323000192642212,0.01649799942970276,0.016147000715136528,0.01641100086271763,0.014885964803397655,211212348
2016-10-27,0.01649799942970276,0.016674000769853592,0.01641100086271763,0.01649799942970276,0.014964878559112549,272312835
2016-10-28,0.01649799942970276,0.016586000099778175,0.016234999522566795,0.016323000192642212,0.014806141145527363,112653118
2016-10-31,0.016323000192642212,0.01649799942970276,0.016234999522566795,0.016234999522566795,0.014726318418979645,88058434
2016-11-01,0.016323000192642212,0.016586000099778175,0.015533000230789185,0.015620999969542027,0.014169376343488693,499955103
2016-11-02,0.01570899970829487,0.015884000808000565,0.015620999969542027,0.015620999969542027,0.014169376343488693,84129310
2016-11-03,0.01570899970829487,0.01606000028550625,0.015620999969542027,0.015796000137925148,0.014328114688396454,118086230
2016-11-04,0.01570899970829487,0.01570899970829487,0.01500600017607212,0.015093999914824963,0.01369134895503521,121393659
2016-11-07,0.015358000062406063,0.015533000230789185,0.015270000323653221,0.015358000062406063,0.01393081620335579,75430816
2016-11-08,0.015444999560713768,0.015533000230789185,0.015181999653577805,0.015358000062406063,0.01393081620335579,78102420
2016-11-09,0.014918999746441841,0.015358000062406063,0.014831000007689,0.015181999653577805,0.013771171681582928,97635802
2016-11-10,0.015358000062406063,0.01641100086271763,0.015358000062406063,0.015971999615430832,0.01448775827884674,338827063
2016-11-11,0.015884000808000565,0.01641100086271763,0.015884000808000565,0.016234999522566795,0.014726318418979645,237703910
2016-11-14,0.01641100086271763,0.01649799942970276,0.01606000028550625,0.016234999522566795,0.014726318418979645,163932847
2016-11-15,0.016234999522566795,0.01641100086271763,0.015971999615430832,0.016147000715136528,0.014646497555077076,108783361
2016-11-16,0.016147000715136528,0.016234999522566795,0.01570899970829487,0.015971999615430832,0.01448775827884674,194685916
2016-11-17,0.015971999615430832,0.016147000715136528,0.015796000137925148,0.015884000808000565,0.014407937414944172,181454835
2016-11-18,0.015884000808000565,0.01746400073170662,0.015620999969542027,0.01649799942970276,0.014964878559112549,2915589572
2016-11-21,0.016586000099778175,0.01676199957728386,0.016234999522566795,0.016234999522566795,0.014726318418979645,627788255
2016-11-22,0.016323000192642212,0.017727000638842583,0.016323000192642212,0.01720000058412552,0.015601645223796368,3218857164
2016-11-23,0.01720000058412552,0.018691999837756157,0.01711300015449524,0.017903000116348267,0.016239317134022713,5024161897
2016-11-24,0.01781499944627285,0.018340999260544777,0.017376000061631203,0.017376000061631203,0.01576128788292408,1569813789
2016-11-25,0.01746400073170662,0.017990000545978546,0.017287999391555786,0.017638999968767166,0.015999849885702133,917583653
2016-11-28,0.01781499944627285,0.01886799931526184,0.01641100086271763,0.016674000769853592,0.01512452494353056,4490852540
2016-11-29,0.01676199957728386,0.01720000058412552,0.016674000769853592,0.017024999484419823,0.015442905947566032,1817689757
2016-11-30,0.01711300015449524,0.01720000058412552,0.016586000099778175,0.016586000099778175,0.015044702216982841,689795875
2016-12-01,0.01676199957728386,0.01676199957728386,0.01606000028550625,0.01606000028550625,0.014567581936717033,868240911
2016-12-02,0.016147000715136528,0.016323000192642212,0.01570899970829487,0.016234999522566795,0.014726318418979645,751767602
2016-12-05,0.016234999522566795,0.016937000676989555,0.016147000715136528,0.016674000769853592,0.01512452494353056,728997552
2016-12-06,0.01684900000691414,0.01720000058412552,0.01676199957728386,0.01720000058412552,0.015601645223796368,610021622
2016-12-07,0.01720000058412552,0.017638999968767166,0.01720000058412552,0.01746400073170662,0.015841111540794373,863438383
2016-12-08,0.017638999968767166,0.017990000545978546,0.017551999539136887,0.01781499944627285,0.01615949161350727,1077118142
2016-12-09,0.017990000545978546,0.01816600002348423,0.01781499944627285,0.017990000545978546,0.01631823182106018,694318093
2016-12-12,0.017903000116348267,0.018340999260544777,0.017638999968767166,0.018340999260544777,0.01663661189377308,819105781
2016-12-13,0.018340999260544777,0.018955999985337257,0.018254000693559647,0.018691999837756157,0.016954995691776276,960209099
2016-12-14,0.018780000507831573,0.019307000562548637,0.018691999837756157,0.019043000414967537,0.017273377627134323,1233757235
2016-12-15,0.018955999985337257,0.020183999091386795,0.018955999985337257,0.020183999091386795,0.018308347091078758,1450577946
2016-12-16,0.020534999668598175,0.02097400091588497,0.020183999091386795,0.020360000431537628,0.018467992544174194,1771481928
2016-12-19,0.020360000431537628,0.020534999668598175,0.01992099918425083,0.020008999854326248,0.018149610608816147,876390294
2016-12-20,0.020008999854326248,0.02141300030052662,0.01992099918425083,0.02141300030052662,0.019423138350248337,1620172255
2016-12-21,0.021940000355243683,0.02316799946129322,0.021851999685168266,0.02316799946129322,0.021015051752328873,2692071734
2016-12-22,0.023256000131368637,0.023256000131368637,0.021764000877738,0.022641999647021294,0.020537931472063065,1619792241
2016-12-23,0.02246600016951561,0.023256000131368637,0.022290999069809914,0.02316799946129322,0.021015051752328873,1444058463
2016-12-26,0.0235190000385046,0.024046000093221664,0.023430999368429184,0.024046000093221664,0.021811461076140404,800655352
2016-12-27,0.024046000093221664,0.024397000670433044,0.023344000801444054,0.023957999423146248,0.02173163928091526,862242736
2016-12-28,0.024046000093221664,0.02501099929213524,0.02387000061571598,0.02492300048470497,0.02260696329176426,1281801663
2016-12-29,0.024747999384999275,0.02492300048470497,0.02413400076329708,0.024397000670433044,0.0221298448741436,946359626
2016-12-30,0.02457199990749359,0.02492300048470497,0.024397000670433044,0.024397000670433044,0.0221298448741436,395643481
2017-01-02,0.024660000577569008,0.025098999962210655,0.024397000670433044,0.02501099929213524,0.022686785086989403,815343362
2017-01-03,0.025273999199271202,0.025624999776482582,0.025098999962210655,0.025273999199271202,0.022925345227122307,670430793
2017-01-04,0.02536199986934662,0.025624999776482582,0.023607000708580017,0.024046000093221664,0.021811461076140404,1605095914
2017-01-05,0.02422099933028221,0.02457199990749359,0.02387000061571598,0.02457199990749359,0.022288579493761063,672033800
2017-01-06,0.024747999384999275,0.025187000632286072,0.02457199990749359,0.02501099929213524,0.022686785086989403,683109231
2017-01-09,0.025187000632286072,0.02632799930870533,0.025098999962210655,0.02632799930870533,0.023881400004029274,1289432245
2017-01-10,0.02632799930870533,0.02703000046312809,0.025713000446558,0.02641499973833561,0.023960314691066742,1122017288
2017-01-11,0.026503000408411026,0.02667899988591671,0.025976000353693962,0.026240000501275063,0.02380157820880413,516831922
2017-01-12,0.02632799930870533,0.026853999122977257,0.026151999831199646,0.02632799930870533,0.023881400004029274,860102239
2017-01-13,0.026503000408411026,0.027204999700188637,0.02641499973833561,0.02711700089275837,0.024597082287073135,738534355
2017-01-16,0.027204999700188637,0.02781900018453598,0.027204999700188637,0.027556000277400017,0.024995286017656326,578042824
2017-01-17,0.0277319997549057,0.02781900018453598,0.027293000370264053,0.027293000370264053,0.024756724014878273,301450933
2017-01-18,0.02738099917769432,0.0274679996073246,0.02632799930870533,0.02667899988591671,0.02419978193938732,349419244
2017-01-19,0.026590999215841293,0.02676600031554699,0.025624999776482582,0.02667899988591671,0.02419978193938732,302932815
2017-01-20,0.02667899988591671,0.027643999084830284,0.02632799930870533,0.02703000046312809,0.024518165737390518,394636873
2017-01-23,0.027204999700188637,0.02781900018453598,0.02711700089275837,0.027293000370264053,0.024756724014878273,276146244
2017-01-24,0.027293000370264053,0.027643999084830284,0.026941999793052673,0.02738099917769432,0.024836547672748566,275271130
2017-01-25,0.0274679996073246,0.0274679996073246,0.02676600031554699,0.026941999793052673,0.024438342079520226,130467494
2017-01-26,0.02711700089275837,0.027204999700188637,0.02676600031554699,0.026853999122977257,0.024358518421649933,157201080
2017-01-27,0.02676600031554699,0.026941999793052673,0.02641499973833561,0.026503000408411026,0.024040138348937035,238500172
2017-01-30,0.026503000408411026,0.02711700089275837,0.026503000408411026,0.026853999122977257,0.024358518421649933,145395362
2017-01-31,0.02703000046312809,0.027204999700188637,0.026503000408411026,0.026503000408411026,0.024040138348937035,191542002
2017-02-01,0.026503000408411026,0.026941999793052673,0.02641499973833561,0.026503000408411026,0.024040138348937035,148079500
2017-02-02,0.026590999215841293,0.02676600031554699,0.025800999253988266,0.026240000501275063,0.02380157820880413,421296165
2017-02-03,0.026240000501275063,0.02632799930870533,0.025888999924063683,0.025888999924063683,0.023483196273446083,148149806
2017-02-06,0.025976000353693962,0.026151999831199646,0.024747999384999275,0.025098999962210655,0.022766608744859695,677220900
2017-02-07,0.025187000632286072,0.02711700089275837,0.025098999962210655,0.026503000408411026,0.024040138348937035,781932818
2017-02-08,0.026590999215841293,0.02676600031554699,0.026240000501275063,0.026503000408411026,0.024040138348937035,199187966
2017-02-09,0.026590999215841293,0.02703000046312809,0.02632799930870533,0.026503000408411026,0.024040138348937035,203940928
2017-02-10,0.026590999215841293,0.028521999716758728,0.026503000408411026,0.028257999569177628,0.02563204988837242,1272774660
2017-02-13,0.028609000146389008,0.029662000015378,0.028346000239253044,0.028609000146389008,0.025950433686375618,818252317
2017-02-14,0.02878499962389469,0.028873000293970108,0.025976000353693962,0.02817000076174736,0.025552228093147278,382480312
2017-02-15,0.028257999569177628,0.029224000871181488,0.02817000076174736,0.028609000146389008,0.025950433686375618,300968595
2017-02-16,0.029662000015378,0.030451999977231026,0.02931099943816662,0.029662000015378,0.02690557949244976,646708259
2017-02-17,0.03001300059258938,0.030100999400019646,0.02913600020110607,0.02931099943816662,0.026587195694446564,204929077
2017-02-20,0.03001300059258938,0.03001300059258938,0.028697000816464424,0.02913600020110607,0.026428459212183952,350957188
2017-02-21,0.029224000871181488,0.02948700077831745,0.028697000816464424,0.028697000816464424,0.02603025548160076,207956196
2017-02-22,0.02878499962389469,0.028873000293970108,0.02808300033211708,0.02817000076174736,0.025552228093147278,215839968
2017-02-23,0.028346000239253044,0.028960000723600388,0.02817000076174736,0.028257999569177628,0.02563204988837242,218495391
2017-02-24,0.028346000239253044,0.028521999716758728,0.02781900018453598,0.028521999716758728,0.025871517136693,211102845
2017-02-27,0.028521999716758728,0.02948700077831745,0.028257999569177628,0.02913600020110607,0.026428459212183952,532873053
2017-02-28,0.028960000723600388,0.029224000871181488,0.02817000076174736,0.02817000076174736,0.025552228093147278,347336747
2017-03-01,0.028346000239253044,0.028609000146389008,0.02808300033211708,0.02843400090932846,0.025791695341467857,168796109
2017-03-02,0.028521999716758728,0.028609000146389008,0.02808300033211708,0.02817000076174736,0.025552228093147278,196919507
2017-03-03,0.02817000076174736,0.028873000293970108,0.027994999662041664,0.02843400090932846,0.025791695341467857,201066954
2017-03-06,0.028521999716758728,0.02878499962389469,0.028346000239253044,0.028521999716758728,0.025871517136693,175764088
2017-03-07,0.028521999716758728,0.028609000146389008,0.02808300033211708,0.028257999569177628,0.02563204988837242,116284499
2017-03-08,0.028257999569177628,0.028346000239253044,0.02738099917769432,0.02738099917769432,0.024836547672748566,338361134
2017-03-09,0.027293000370264053,0.02817000076174736,0.027204999700188637,0.02781900018453598,0.02523384615778923,277335396
2017-03-10,0.027907000854611397,0.027994999662041664,0.027643999084830284,0.0277319997549057,0.025154929608106613,90223999
2017-03-13,0.0277319997549057,0.0277319997549057,0.027293000370264053,0.0274679996073246,0.024915462359786034,121872123
2017-03-14,0.0274679996073246,0.027643999084830284,0.026941999793052673,0.026941999793052673,0.024438342079520226,152980251
2017-03-15,0.02711700089275837,0.02738099917769432,0.026941999793052673,0.02703000046312809,0.024518165737390518,175661650
2017-03-16,0.02738099917769432,0.02843400090932846,0.027204999700188637,0.02808300033211708,0.02547331154346466,603454395
2017-03-17,0.028257999569177628,0.02878499962389469,0.02817000076174736,0.028697000816464424,0.02603025548160076,622980826
2017-03-20,0.02878499962389469,0.02948700077831745,0.02878499962389469,0.02913600020110607,0.026428459212183952,559675121
2017-03-21,0.02913600020110607,0.029399000108242035,0.02843400090932846,0.028609000146389008,0.025950433686375618,357468923
2017-03-22,0.02843400090932846,0.028521999716758728,0.02808300033211708,0.02817000076174736,0.025552228093147278,264152628
2017-03-23,0.028346000239253044,0.028609000146389008,0.02808300033211708,0.02817000076174736,0.025552228093147278,232706304
2017-03-24,0.028346000239253044,0.030189000070095062,0.02817000076174736,0.0299260001629591,0.02714504674077034,2651062286
2017-03-27,0.03001300059258938,0.03097900003194809,0.029837999492883682,0.030803000554442406,0.027940548956394196,1003819731
2017-03-28,0.030890999361872673,0.031592998653650284,0.030189000070095062,0.03062799945473671,0.027781810611486435,1037724691
2017-03-29,0.030451999977231026,0.03141799941658974,0.03027700074017048,0.03133000060915947,0.02841857634484768,653206093
2017-03-30,0.03168100118637085,0.03343600034713745,0.03168100118637085,0.03317299857735634,0.03009030967950821,1700714511
2017-03-31,0.033348001539707184,0.03554200008511543,0.03282200172543526,0.03510399907827377,0.03184186667203903,1693926226
2017-04-03,0.035367000848054886,0.037560999393463135,0.035367000848054886,0.03633200004696846,0.032955750823020935,1678651845
2017-04-04,0.03659500181674957,0.036858998239040375,0.03510399907827377,0.03606899827718735,0.03271718695759773,1704200267
2017-04-05,0.03615700080990791,0.03878900036215782,0.03589300066232681,0.038614001125097275,0.035025689750909805,1460876713
2017-04-06,0.03870199993252754,0.04019400104880333,0.03843799978494644,0.03922799974679947,0.03558263182640076,1401606558
2017-04-07,0.0391400009393692,0.04133399948477745,0.03878900036215782,0.040456999093294144,0.036697424948215485,1350269400
2017-04-10,0.04089599847793579,0.04133399948477745,0.039666999131441116,0.03993000090122223,0.03621939942240715,896658749
2017-04-11,0.04028100147843361,0.04098299890756607,0.03852599859237671,0.03957900032401085,0.0359010174870491,717346119
2017-04-12,0.03975500166416168,0.040369000285863876,0.03905300050973892,0.039315998554229736,0.0356624536216259,516993271
2017-04-13,0.03957900032401085,0.03957900032401085,0.03817500174045563,0.03905300050973892,0.035423893481492996,550357894
2017-04-14,0.03729800134897232,0.03993000090122223,0.03703400120139122,0.03870199993252754,0.03725072368979454,1131896160
2017-04-17,0.03975500166416168,0.04124699905514717,0.0394040010869503,0.04124699905514717,0.03970028832554817,766384166
2017-04-18,0.04124699905514717,0.04317700117826462,0.04098299890756607,0.04273900017142296,0.04113633930683136,1172906976
2017-04-19,0.04300199821591377,0.043528001755476,0.04142199829220772,0.04212399944663048,0.04054440185427666,984063013
2017-04-20,0.042562998831272125,0.04458199813961983,0.041861001402139664,0.043880000710487366,0.04223455488681793,1596553983
2017-04-21,0.044318001717329025,0.04458199813961983,0.043264999985694885,0.043967001140117645,0.04231829196214676,713742086
2017-04-24,0.04743700101971626,0.04743700101971626,0.045559998601675034,0.046153001487255096,0.044422321021556854,867589050
2017-04-25,0.047635000199079514,0.04842599853873253,0.04605399817228317,0.047141000628471375,0.04537327215075493,1466686638
2017-04-26,0.047338999807834625,0.04743700101971626,0.045756999403238297,0.046647001057863235,0.04489779472351074,683911089
2017-04-27,0.04674600064754486,0.04704200103878975,0.04536199942231178,0.04536199942231178,0.043660979717969894,603116961
2017-04-28,0.04546099901199341,0.045559998601675034,0.044374000281095505,0.04476900026202202,0.04309021681547165,643230656
2017-05-01,0.04476900026202202,0.04476900026202202,0.04476900026202202,0.04476900026202202,0.04309021681547165,0
2017-05-02,0.04506500065326691,0.047240000218153,0.04506500065326691,0.047141000628471375,0.04537327215075493,1182278971
2017-05-03,0.047338999807834625,0.04773399978876114,0.04585599899291992,0.04595499858260155,0.04423174262046814,796068632
2017-05-04,0.04595499858260155,0.046153001487255096,0.04496699944138527,0.04526299983263016,0.043565694242715836,444697516
2017-05-05,0.04506500065326691,0.04565799981355667,0.04467000067234039,0.04565799981355667,0.043945882469415665,418366235
2017-05-08,0.04595499858260155,0.04654800146818161,0.04506500065326691,0.04526299983263016,0.043565694242715836,380308013
2017-05-09,0.04526299983263016,0.04565799981355667,0.044374000281095505,0.04526299983263016,0.043565694242715836,336833760
2017-05-10,0.04516400024294853,0.050599999725818634,0.044867999851703644,0.05030300095677376,0.04841670021414757,2971991153
2017-05-11,0.05050100013613701,0.05870399996638298,0.05040200054645538,0.05554100126028061,0.053458280861377716,4041514274
2017-05-12,0.05692499876022339,0.060679998248815536,0.05603500083088875,0.05781399831175804,0.05564604327082634,3491129289
2017-05-15,0.05969199910759926,0.06048300117254257,0.058111000806093216,0.05959299951791763,0.057358335703611374,2150241252
2017-05-16,0.059790998697280884,0.05998900160193443,0.05801200121641159,0.05939599871635437,0.05716872215270996,1641105258
2017-05-17,0.05959299951791763,0.061372000724077225,0.059098999947309494,0.06048300117254257,0.05821496248245239,1856934563
2017-05-18,0.06117499992251396,0.0612730011343956,0.05969199910759926,0.06077900156378746,0.05849986523389816,817140315
2017-05-19,0.06077900156378746,0.06077900156378746,0.06077900156378746,0.06077900156378746,0.05849986523389816,0
2017-05-22,0.06117499992251396,0.07293500006198883,0.061076000332832336,0.07293500006198883,0.07020002603530884,3889960741
2017-05-23,0.0760980024933815,0.08370800316333771,0.07510899752378464,0.0771849974989891,0.07429065555334091,7894954299
2017-05-24,0.07935900241136551,0.07975400239229202,0.07431899756193161,0.07728400081396103,0.07438594847917557,4590753744
2017-05-25,0.07827199995517731,0.07837100327014923,0.07629500329494476,0.07659199833869934,0.07371988892555237,1478088269
2017-05-26,0.07659199833869934,0.08736400306224823,0.07580099999904633,0.0829169973731041,0.07980771362781525,8628989825
2017-05-29,0.06917999684810638,0.08123700320720673,0.06740099936723709,0.0785679966211319,0.07562179118394852,805891069
2017-05-30,0.08024899661540985,0.08054500073194504,0.07085999846458435,0.07184799760580063,0.0691537857055664,315628513
2017-05-31,0.07115600258111954,0.0717490017414093,0.05801200121641159,0.061076000332832336,0.05878572538495064,642395677
2017-06-01,0.06028499826788902,0.06641200184822083,0.057913001626729965,0.06443600356578827,0.06201973184943199,382591759
2017-06-02,0.06621500104665756,0.06680800020694733,0.06423799693584442,0.0667089968919754,0.06420749425888062,158997919
2017-06-05,0.06700500100851059,0.07886499911546707,0.06641200184822083,0.07629500329494476,0.07343403249979019,575274885
2017-06-06,0.07767900079488754,0.0840039998292923,0.07412099838256836,0.08123700320720673,0.07819071412086487,544369231
2017-06-07,0.08153299987316132,0.08370800316333771,0.07412099838256836,0.07708600163459778,0.07419537007808685,420531494
2017-06-08,0.07708600163459778,0.07906299829483032,0.0757019966840744,0.07757999747991562,0.07467084378004074,148855333
2017-06-09,0.07807400077581406,0.07955700159072876,0.07659199833869934,0.07757999747991562,0.07467084378004074,173366801
2017-06-12,0.0785679966211319,0.07925999909639359,0.07708600163459778,0.07728400081396103,0.07438594847917557,102362022
2017-06-13,0.07807400077581406,0.07827199995517731,0.07560399919748306,0.07560399919748306,0.07276894152164459,137934027
2017-06-14,0.0757019966840744,0.07590000331401825,0.07115600258111954,0.07115600258111954,0.0684877410531044,225675014
2017-06-15,0.07115600258111954,0.07342900335788727,0.06690700352191925,0.07026699930429459,0.06763207167387009,256052988
2017-06-16,0.07115600258111954,0.07224299758672714,0.06898199766874313,0.07056300342082977,0.06791697442531586,88956117
2017-06-19,0.07708600163459778,0.0785679966211319,0.0717490017414093,0.07234200090169907,0.06962926685810089,228692756
2017-06-20,0.07273799926042557,0.0728359967470169,0.0706619992852211,0.07095900177955627,0.06829812377691269,81138359
2017-06-21,0.07164999842643738,0.07234200090169907,0.06917999684810638,0.06917999684810638,0.06658583134412766,160976896
2017-06-22,0.06937699764966965,0.06947600096464157,0.06759800016880035,0.06819099932909012,0.06563392281532288,100741240
2017-06-23,0.06838899850845337,0.07164999842643738,0.06730200350284576,0.07155200093984604,0.06886889040470123,158194105
2017-06-26,0.07155200093984604,0.07155200093984604,0.07155200093984604,0.07155200093984604,0.06886889040470123,0
2017-06-27,0.07155200093984604,0.07155200093984604,0.07155200093984604,0.07155200093984604,0.06886889040470123,0
2017-06-28,0.0721450001001358,0.07342900335788727,0.07115600258111954,0.07115600258111954,0.0684877410531044,107634471
2017-06-29,0.07164999842643738,0.07204599678516388,0.06917999684810638,0.06987100094556808,0.06725092232227325,122155434
2017-06-30,0.07016800343990326,0.07164999842643738,0.07006900012493134,0.07095900177955627,0.06829812377691269,80431986
2017-07-03,0.07115600258111954,0.07155200093984604,0.0695749968290329,0.07006900012493134,0.06744150072336197,101691671
2017-07-04,0.07056300342082977,0.07056300342082977,0.06967400014400482,0.06977300345897675,0.0671565979719162,55482893
2017-07-05,0.06967400014400482,0.07046400010585785,0.06917999684810638,0.06967400014400482,0.06706131249666214,78261567
2017-07-06,0.07006900012493134,0.07076100260019302,0.0688830018043518,0.06977300345897675,0.0671565979719162,102374063
2017-07-07,0.06996999680995941,0.07046400010585785,0.06898199766874313,0.06898199766874313,0.06639526039361954,59879686
2017-07-10,0.06937699764966965,0.06987100094556808,0.06898199766874313,0.06917999684810638,0.06658583134412766,48377882
2017-07-11,0.06937699764966965,0.06937699764966965,0.06819099932909012,0.06829000264406204,0.06572920829057693,57430502
2017-07-12,0.06967400014400482,0.07362700253725052,0.06868600100278854,0.07194700092077255,0.06924907863140106,203881072
2017-07-13,0.0721450001001358,0.07392299920320511,0.07164999842643738,0.07382500171661377,0.07105665653944016,150748302
2017-07-14,0.07431899756193161,0.07481300085783005,0.07263900339603424,0.07273799926042557,0.07001041620969772,106302269
2017-07-17,0.07303400337696075,0.07757999747991562,0.07293500006198883,0.07738199830055237,0.07448026537895203,226221818
2017-07-18,0.07807400077581406,0.07846999913454056,0.07530699670314789,0.07550500333309174,0.07267365604639053,121001014
2017-07-19,0.07590000331401825,0.07678999751806259,0.07520800083875656,0.07540600001811981,0.07257837057113647,99572350
2017-07-20,0.07560399919748306,0.0760980024933815,0.07293500006198883,0.0735279992222786,0.07077079266309738,120669734
2017-07-21,0.07392299920320511,0.07767900079488754,0.07263900339603424,0.07649300247430801,0.0736246109008789,162351191
2017-07-24,0.07748100161552429,0.07906299829483032,0.07560399919748306,0.07837100327014923,0.075432188808918,223348163
2017-07-25,0.07866699993610382,0.08054500073194504,0.07866699993610382,0.08044599741697311,0.07742936909198761,167385450
2017-07-26,0.08084099739789963,0.08331199735403061,0.08084099739789963,0.08232399821281433,0.0792369470000267,227218794
2017-07-27,0.08321300148963928,0.08341100066900253,0.07817299664020538,0.07817299664020538,0.07524160295724869,171864406
2017-07-28,0.08034700155258179,0.08153299987316132,0.078964002430439,0.08024899661540985,0.0772397592663765,148887510
2017-07-31,0.08064399659633636,0.08103899657726288,0.08034700155258179,0.08034700155258179,0.07733409106731415,83788294
2017-08-01,0.08064399659633636,0.08094000071287155,0.0785679966211319,0.0785679966211319,0.07562179118394852,85244246
2017-08-02,0.07906299829483032,0.07945799827575684,0.07757999747991562,0.07916100323200226,0.07619256526231766,94321555
2017-08-03,0.07935900241136551,0.08202700316905975,0.07925999909639359,0.08183000236749649,0.07876148074865341,112427404
2017-08-04,0.08242300152778625,0.08380600064992905,0.08133599907159805,0.08331199735403061,0.08018790185451508,195994609
2017-08-07,0.08331199735403061,0.08430100232362747,0.08192899823188782,0.082225002348423,0.07914166897535324,179987338
2017-08-08,0.08262000232934952,0.08262000232934952,0.0800509974360466,0.08094000071287155,0.0779048502445221,114227890
2017-08-09,0.08094000071287155,0.08094000071287155,0.07827199995517731,0.07876600325107574,0.07581237703561783,168128047
2017-08-10,0.07916100323200226,0.07955700159072876,0.0760980024933815,0.07639399915933609,0.07352931797504425,148891962
2017-08-11,0.0760980024933815,0.07906299829483032,0.07451599836349487,0.07708600163459778,0.07419537007808685,127482321
2017-08-14,0.07827199995517731,0.07935900241136551,0.07708600163459778,0.07728400081396103,0.07438594847917557,100253933
2017-08-15,0.07757999747991562,0.07767900079488754,0.07333000004291534,0.07422000169754028,0.07143684476613998,123353971
2017-08-16,0.07412099838256836,0.07876600325107574,0.06927900016307831,0.07649300247430801,0.0736246109008789,157883972
2017-08-17,0.07728400081396103,0.0778769999742508,0.0746150016784668,0.07471399754285812,0.07191231101751328,62492992
2017-08-18,0.0746150016784668,0.07659199833869934,0.07273799926042557,0.07659199833869934,0.07371988892555237,51572192
2017-08-21,0.07708600163459778,0.07728400081396103,0.07619699835777283,0.07629500329494476,0.07343403249979019,45561598
2017-08-22,0.0760980024933815,0.07629500329494476,0.07530699670314789,0.07560399919748306,0.07276894152164459,56002377
2017-08-23,0.07560399919748306,0.07906299829483032,0.07441800087690353,0.07827199995517731,0.07533689588308334,142635488
2017-08-24,0.07846999913454056,0.08370800316333771,0.07846999913454056,0.08321300148963928,0.08009261637926102,308756935
2017-08-25,0.08301600068807602,0.08350999653339386,0.08133599907159805,0.08183000236749649,0.07876148074865341,116089695
2017-08-28,0.082225002348423,0.08341100066900253,0.08103899657726288,0.08252199739217758,0.07942752540111542,107721085
2017-08-29,0.08311499655246735,0.08390499651432037,0.08064399659633636,0.08103899657726288,0.07800013571977615,244821854
2017-08-30,0.08103899657726288,0.08103899657726288,0.08103899657726288,0.08103899657726288,0.07800013571977615,0
2017-08-31,0.08103899657726288,0.08133599907159805,0.07412099838256836,0.07945799827575684,0.07647842168807983,135925403
2017-09-01,0.07945799827575684,0.07945799827575684,0.07945799827575684,0.07945799827575684,0.07647842168807983,0
2017-09-04,0.07945799827575684,0.07945799827575684,0.07945799827575684,0.07945799827575684,0.07647842168807983,0
2017-09-05,0.07925999909639359,0.08084099739789963,0.07698699831962585,0.07748100161552429,0.07457555830478668,318369210
2017-09-06,0.07757999747991562,0.07797499746084213,0.07580099999904633,0.07619699835777283,0.07333970814943314,256409564
2017-09-07,0.07619699835777283,0.07629500329494476,0.07451599836349487,0.07471399754285812,0.07191231101751328,391670384
2017-09-08,0.07481300085783005,0.0750110000371933,0.07115600258111954,0.07125499844551086,0.06858302652835846,547067735
2017-09-11,0.07164999842643738,0.07807400077581406,0.07164999842643738,0.07451599836349487,0.07172174006700516,794372063
2017-09-12,0.07491199672222137,0.07846999913454056,0.07412099838256836,0.07807400077581406,0.07514632493257523,1144469967
2017-09-13,0.07876600325107574,0.082225002348423,0.07688800245523453,0.07698699831962585,0.0741000771522522,1792986226
2017-09-14,0.07708600163459778,0.07807400077581406,0.07402200251817703,0.07510899752378464,0.0722924992442131,625840590
2017-09-15,0.07530699670314789,0.07698699831962585,0.0746150016784668,0.07481300085783005,0.07200760394334793,434960075
2017-09-18,0.07540600001811981,0.07550500333309174,0.07155200093984604,0.0717490017414093,0.06905850023031235,496459026
2017-09-19,0.07372599840164185,0.07580099999904633,0.07076100260019302,0.07145299762487411,0.06877359747886658,917222639
2017-09-20,0.0721450001001358,0.0724409967660904,0.06967400014400482,0.07056300342082977,0.06791697442531586,421976011
2017-09-21,0.07036600261926651,0.07056300342082977,0.06769700348377228,0.06819099932909012,0.06563392281532288,447169467
2017-09-22,0.06819099932909012,0.0706619992852211,0.06542400270700455,0.0695749968290329,0.06696601957082748,934718038
2017-09-25,0.06908100098371506,0.06908100098371506,0.0641390010714531,0.0667089968919754,0.06420749425888062,584538780
2017-09-26,0.0677959993481636,0.0724409967660904,0.06710399687290192,0.07184799760580063,0.0691537857055664,1164036725
2017-09-27,0.07204599678516388,0.07224299758672714,0.06898199766874313,0.06898199766874313,0.06639526039361954,602896074
2017-09-28,0.06947600096464157,0.07056300342082977,0.06878399848937988,0.06967400014400482,0.06706131249666214,370197806
2017-09-29,0.07036600261926651,0.07254000008106232,0.06987100094556808,0.07046400010585785,0.0678216889500618,956031351
2017-10-02,0.0706619992852211,0.07194700092077255,0.07026699930429459,0.07076100260019302,0.06810755282640457,371099263
2017-10-03,0.07085999846458435,0.07125499844551086,0.06947600096464157,0.0695749968290329,0.06696601957082748,401007436
2017-10-04,0.07016800343990326,0.07076100260019302,0.06967400014400482,0.06967400014400482,0.06706131249666214,293289689
2017-10-05,0.07006900012493134,0.07046400010585785,0.06917999684810638,0.06927900016307831,0.06668112426996231,466345145
2017-10-06,0.06937699764966965,0.06977300345897675,0.06858699768781662,0.06868600100278854,0.06611035764217377,272662310
2017-10-09,0.0623599998652935,0.06710399687290192,0.0623599998652935,0.06502900272607803,0.06259049475193024,358879349
2017-10-10,0.06661000102758408,0.06819099932909012,0.06621500104665756,0.06680800020694733,0.06430277973413467,376467737
2017-10-11,0.06710399687290192,0.06759800016880035,0.06631399691104889,0.06641200184822083,0.06392163038253784,261255619
2017-10-12,0.06740099936723709,0.06769700348377228,0.06651099771261215,0.06661000102758408,0.06411220878362656,308457428
2017-10-13,0.06690700352191925,0.0677959993481636,0.06651099771261215,0.06651099771261215,0.0640169158577919,284560355
2017-10-16,0.06680800020694733,0.06730200350284576,0.06572099775075912,0.06601700186729431,0.06354144215583801,274743686
2017-10-17,0.06621500104665756,0.06858699768781662,0.06611599773168564,0.06740099936723709,0.06487354636192322,776617933
2017-10-18,0.06789500266313553,0.07046400010585785,0.0677959993481636,0.06987100094556808,0.06725092232227325,1132010042
2017-10-19,0.07006900012493134,0.07155200093984604,0.06996999680995941,0.07026699930429459,0.06763207167387009,645345120
2017-10-20,0.0706619992852211,0.07095900177955627,0.06878399848937988,0.06878399848937988,0.06620468199253082,513195638
2017-10-23,0.06858699768781662,0.07056300342082977,0.06740099936723709,0.06838899850845337,0.065824493765831,757660208
2017-10-24,0.06868600100278854,0.06937699764966965,0.06750000268220901,0.06838899850845337,0.065824493765831,410645412
2017-10-25,0.06868600100278854,0.06996999680995941,0.06848800182342529,0.0688830018043518,0.06629997491836548,439706463
2017-10-26,0.06898199766874313,0.06937699764966965,0.0677959993481636,0.0677959993481636,0.06525373458862305,325097611
2017-10-27,0.06917999684810638,0.06987100094556808,0.06601700186729431,0.06651099771261215,0.0640169158577919,521315030
2017-10-30,0.06720300018787384,0.06769700348377228,0.06651099771261215,0.06690700352191925,0.06439807265996933,288265346
2017-10-31,0.06730200350284576,0.06740099936723709,0.06651099771261215,0.06690700352191925,0.06439807265996933,313831669
2017-11-01,0.06690700352191925,0.06878399848937988,0.06651099771261215,0.06710399687290192,0.06458768248558044,515109958
2017-11-02,0.06759800016880035,0.06819099932909012,0.06631399691104889,0.06641200184822083,0.06392163038253784,342283485
2017-11-03,0.06661000102758408,0.06700500100851059,0.06512799859046936,0.06532499939203262,0.06287539005279541,240463713
2017-11-06,0.06582000106573105,0.06680800020694733,0.06433700025081635,0.06532499939203262,0.06287539005279541,576039642
2017-11-07,0.06572099775075912,0.06651099771261215,0.06492999941110611,0.06512799859046936,0.0626857802271843,409254320
2017-11-08,0.06542400270700455,0.06651099771261215,0.06374400109052658,0.06492999941110611,0.06249520555138588,434624242
2017-11-09,0.06542400270700455,0.06591799855232239,0.06463400274515152,0.06463400274515152,0.06221030652523041,244736251
2017-11-10,0.06483100354671478,0.06492999941110611,0.06364499777555466,0.06394200026988983,0.061544254422187805,206408168
2017-11-13,0.06433700025081635,0.0645349994301796,0.062261998653411865,0.062261998653411865,0.05992725118994713,201814367
2017-11-14,0.0623599998652935,0.0634479969739914,0.060679998248815536,0.061372000724077225,0.05907062441110611,380750798
2017-11-15,0.06147100031375885,0.06324999779462814,0.05890100076794624,0.059296999126672745,0.057073432952165604,345248813
2017-11-16,0.059296999126672745,0.0612730011343956,0.05781399831175804,0.05870399996638298,0.05650267377495766,269861811
2017-11-17,0.05890100076794624,0.05939599871635437,0.0577160008251667,0.057913001626729965,0.055741336196660995,194283570
2017-11-20,0.05801200121641159,0.058111000806093216,0.05435499921441078,0.05524500086903572,0.053173381835222244,307901011
2017-11-21,0.054058998823165894,0.059098999947309494,0.052675001323223114,0.05821000039577484,0.05602719634771347,524370514
2017-11-22,0.06324999779462814,0.06977300345897675,0.06324999779462814,0.06977300345897675,0.0671565979719162,4286640493
2017-11-23,0.07254000008106232,0.07708600163459778,0.07016800343990326,0.07016800343990326,0.06753678619861603,6248468020
2017-11-24,0.06917999684810638,0.06927900016307831,0.06502900272607803,0.06720300018787384,0.0646829679608345,2441527681
2017-11-27,0.0688830018043518,0.06947600096464157,0.06641200184822083,0.06661000102758408,0.06411220878362656,1054751218
2017-11-28,0.06621500104665756,0.06680800020694733,0.06324999779462814,0.06324999779462814,0.0608782023191452,1432273202
2017-11-29,0.06334900110960007,0.06730200350284576,0.0616689994931221,0.06720300018787384,0.0646829679608345,1765654427
2017-11-30,0.06759800016880035,0.07649300247430801,0.06631399691104889,0.07046400010585785,0.0678216889500618,4965936026
2017-12-01,0.0706619992852211,0.0721450001001358,0.06898199766874313,0.06987100094556808,0.06725092232227325,1001115154
2017-12-04,0.06987100094556808,0.07392299920320511,0.06947600096464157,0.07263900339603424,0.06991513073444366,2092757020
2017-12-05,0.07303400337696075,0.07827199995517731,0.07184799760580063,0.07797499746084213,0.07505103200674057,4576808827
2017-12-06,0.07728400081396103,0.07955700159072876,0.07471399754285812,0.07560399919748306,0.07276894152164459,3052550229
2017-12-07,0.0760980024933815,0.07827199995517731,0.07590000331401825,0.07767900079488754,0.0747661367058754,2189003419
2017-12-08,0.07807400077581406,0.08153299987316132,0.07767900079488754,0.08054500073194504,0.07752466201782227,3136943407
2017-12-11,0.08103899657726288,0.08350999653339386,0.07955700159072876,0.082225002348423,0.07914166897535324,2564040096
2017-12-12,0.08232399821281433,0.0919099971652031,0.08163200318813324,0.08716700226068497,0.08389834314584732,6765293571
2017-12-13,0.0872649997472763,0.09062600135803223,0.08588200062513351,0.08924199640750885,0.08589553087949753,3300565887
2017-12-14,0.09042800217866898,0.09408500045537949,0.08894500136375427,0.09279999881982803,0.0893201157450676,3424980885
2017-12-15,0.09329400211572647,0.09606099873781204,0.09250299632549286,0.09566599875688553,0.09207864105701447,2318430213
2017-12-18,0.09685199707746506,0.09932199865579605,0.09635800123214722,0.09892699867486954,0.09521735459566116,2128615682
2017-12-19,0.0995199978351593,0.10228700190782547,0.09813699871301651,0.09991499781608582,0.09616830945014954,2450121528
2017-12-20,0.09991499781608582,0.10485699772834778,0.09704899787902832,0.10406599938869476,0.10016365349292755,2825146063
2017-12-21,0.1049560010433197,0.10752499848604202,0.10258399695158005,0.1038689985871315,0.09997403621673584,2020762247
2017-12-22,0.10406599938869476,0.11335600167512894,0.10317700356245041,0.11246699839830399,0.10824962705373764,3910199468
2017-12-25,0.11365299671888351,0.1182980015873909,0.11315900087356567,0.1172109991312027,0.1128157302737236,1556822472
2017-12-26,0.11879199743270874,0.11918699741363525,0.10594400018453598,0.10979799926280975,0.10568071156740189,3028088948
2017-12-27,0.11049000173807144,0.11750700324773788,0.10732799768447876,0.11730899661779404,0.11291005462408066,2611450447
2017-12-28,0.11770500242710114,0.12027399986982346,0.11088500171899796,0.11345499753952026,0.10920057445764542,2992860365
2017-12-29,0.11365299671888351,0.11602500081062317,0.11266399919986725,0.11355400085449219,0.10929586738348007,1244806569
2018-01-01,0.11355400085449219,0.11355400085449219,0.11355400085449219,0.11355400085449219,0.10929586738348007,0
2018-01-02,0.11384999752044678,0.12274499982595444,0.11384999752044678,0.12027399986982346,0.11576387286186218,2250952340
2018-01-03,0.1218549981713295,0.1264999955892563,0.12126199901103973,0.12274499982595444,0.11814220994710922,1391634761
2018-01-04,0.12383200228214264,0.12679700553417206,0.12086699903011322,0.12155900150537491,0.11700069159269333,1442795535
2018-01-05,0.12284400314092636,0.12541300058364868,0.12096600234508514,0.1233379989862442,0.11871297657489777,1309348761
2018-01-08,0.12422700226306915,0.1280820071697235,0.12393099814653397,0.12600600719451904,0.12128093838691711,1624406691
2018-01-09,0.1269949972629547,0.12778499722480774,0.12521600723266602,0.12531399726867676,0.12061487883329391,774168851
2018-01-10,0.1262039989233017,0.1264999955892563,0.12106499820947647,0.1211640015244484,0.1166205033659935,615459613
2018-01-11,0.12155900150537491,0.12531399726867676,0.12126199901103973,0.12531399726867676,0.12061487883329391,734443706
2018-01-12,0.12610499560832977,0.12679700553417206,0.12343700230121613,0.12363400310277939,0.11899787932634354,488141818
2018-01-15,0.12313999980688095,0.12630300223827362,0.11335600167512894,0.11464100331068039,0.1103421077132225,704303921
2018-01-16,0.11513499915599823,0.12462300062179565,0.11414700001478195,0.12462300062179565,0.11994978785514832,984317830
2018-01-17,0.12521600723266602,0.1264999955892563,0.12294299900531769,0.1233379989862442,0.11871297657489777,641280517
2018-01-18,0.124720998108387,0.12531399726867676,0.12313999980688095,0.12412899732589722,0.11947431415319443,540487368
2018-01-19,0.12393099814653397,0.12531399726867676,0.12086699903011322,0.12155900150537491,0.11700069159269333,657528203
2018-01-22,0.12205299735069275,0.12353599816560745,0.12126199901103973,0.122250996530056,0.11766673624515533,388003539
2018-01-23,0.12294299900531769,0.12294299900531769,0.11958199739456177,0.12037300318479538,0.11585916578769684,383359854
2018-01-24,0.12037300318479538,0.12403000146150589,0.11651899665594101,0.12254700064659119,0.1179516389966011,747920238
2018-01-25,0.12363400310277939,0.12580899894237518,0.12007699906826019,0.12086699903011322,0.11633463203907013,643499201
2018-01-26,0.12126199901103973,0.12215200066566467,0.11810000240802765,0.11977999657392502,0.1152883917093277,374063884
2018-01-29,0.12155900150537491,0.12323900312185287,0.11879199743270874,0.1207680031657219,0.11623935401439667,849634069
2018-01-30,0.12007699906826019,0.12126199901103973,0.11800099909305573,0.11839599907398224,0.11395629495382309,433412248
2018-01-31,0.11819899827241898,0.12017499655485153,0.11582700163125992,0.11582700163125992,0.111483633518219,457690788
2018-02-01,0.11711200326681137,0.11859399825334549,0.11315900087356567,0.11404799669981003,0.10977133363485336,424448670
2018-02-02,0.11513499915599823,0.11612299829721451,0.11029200255870819,0.11157699674367905,0.10739299654960632,395166732
2018-02-05,0.11266399919986725,0.11464100331068039,0.109995998442173,0.1110830008983612,0.10691752284765244,342447506
2018-02-06,0.10871099680662155,0.11414700001478195,0.10643800348043442,0.11128100007772446,0.10710810124874115,655438428
2018-02-07,0.11236800253391266,0.11315900087356567,0.1089090034365654,0.1089090034365654,0.10482504963874817,321707204
2018-02-08,0.10930400341749191,0.10960099846124649,0.10317700356245041,0.10317700356245041,0.09930799156427383,332624665
2018-02-09,0.10129900276660919,0.10544999688863754,0.09872999787330627,0.10307800024747849,0.09921269863843918,561667724
2018-02-12,0.1049560010433197,0.11296100169420242,0.10426399856805801,0.11266399919986725,0.10843923687934875,1007332468
2018-02-13,0.11464100331068039,0.12027399986982346,0.1128619983792305,0.11365299671888351,0.10939114540815353,1249897896
2018-02-14,0.11533299833536148,0.11552999913692474,0.10792099684476852,0.10871099680662155,0.10463447123765945,1081332224
2018-02-15,0.11049000173807144,0.11147800087928772,0.1060430034995079,0.10881000012159348,0.10472975671291351,462777664
2018-02-16,0.10910700261592865,0.11128100007772446,0.10693199932575226,0.10712999850511551,0.10311275720596313,497661408
2018-02-19,0.10712999850511551,0.10762400180101395,0.10297899693250656,0.10367099940776825,0.09978346526622772,486001249
2018-02-20,0.10367099940776825,0.10406599938869476,0.09823500365018845,0.0984330028295517,0.09474188834428787,385000671
2018-02-21,0.1006070002913475,0.10396700352430344,0.09932199865579605,0.10297899693250656,0.09911741316318512,480177645
2018-02-22,0.10278099775314331,0.10564800351858139,0.10129900276660919,0.10228700190782547,0.09845136851072311,538384642
2018-02-23,0.10297899693250656,0.1038689985871315,0.1006070002913475,0.10139799863100052,0.0975956991314888,496361281
2018-02-26,0.10218899697065353,0.10248500108718872,0.09961900115013123,0.10001400113105774,0.09626360237598419,310059288
2018-02-27,0.10031100362539291,0.10564800351858139,0.09863100200891495,0.1045600026845932,0.10063913464546204,822061449
2018-02-28,0.103473000228405,0.10446199774742126,0.10110100358724594,0.10149700194597244,0.09769099205732346,689444494
2018-03-01,0.10209000110626221,0.10693199932575226,0.10080499947071075,0.1038689985871315,0.09997403621673584,1236588826
2018-03-02,0.10258399695158005,0.10525199770927429,0.09981700032949448,0.10021200031042099,0.09645417332649231,786819207
2018-03-05,0.10050799697637558,0.10139799863100052,0.09932199865579605,0.09942100197076797,0.09569283574819565,273683469
2018-03-06,0.09971799701452255,0.101002998650074,0.09882800281047821,0.09902600198984146,0.09531264752149582,282547177
2018-03-07,0.09922400116920471,0.1006070002913475,0.09754399955272675,0.09971799701452255,0.09597869217395782,344358587
2018-03-08,0.10050799697637558,0.10515300184488297,0.10021200031042099,0.10337399691343307,0.09949760138988495,1068461082
2018-03-09,0.10396700352430344,0.10515300184488297,0.10179299861192703,0.10248500108718872,0.09864193946123123,541447311
2018-03-12,0.10367099940776825,0.10406599938869476,0.10258399695158005,0.10307800024747849,0.09921269863843918,276626031
2018-03-13,0.11315900087356567,0.1193849965929985,0.10871099680662155,0.11592599749565125,0.11157891154289246,3761628263
2018-03-14,0.11642000079154968,0.11908800154924393,0.11236800253391266,0.11454199999570847,0.11024681478738785,1532371513
2018-03-15,0.11483900249004364,0.1168150007724762,0.11296100169420242,0.11424600332975388,0.10996191948652267,618600497
2018-03-16,0.11483900249004364,0.11701299995183945,0.1139490008354187,0.115727998316288,0.11138834059238434,841224277
2018-03-19,0.11859399825334549,0.12393099814653397,0.11859399825334549,0.12353599816560745,0.11890354752540588,1506379404
2018-03-20,0.12373299896717072,0.12679700553417206,0.122250996530056,0.1262039989233017,0.12147150188684464,1517101476
2018-03-21,0.1264999955892563,0.13994100689888,0.1262039989233017,0.13915100693702698,0.13393300771713257,3109822174
2018-03-22,0.14043499529361725,0.1434990018606186,0.13826100528240204,0.14053399860858917,0.13526414334774017,1269182348
2018-03-23,0.1373720020055771,0.14903299510478973,0.1345060020685196,0.14695799350738525,0.1414472460746765,2150021175
2018-03-26,0.14923100173473358,0.15802699327468872,0.14923100173473358,0.15595099329948425,0.15010301768779755,1151345389
2018-03-27,0.16000300645828247,0.16207900643348694,0.13144199550151825,0.13974300026893616,0.1345028132200241,2611963455
2018-03-28,0.14231300354003906,0.15268999338150024,0.14211499691009521,0.1518010050058365,0.14610865712165833,2437597755
2018-03-29,0.15516099333763123,0.15654399991035461,0.14577199518680573,0.14913199841976166,0.14353972673416138,1804074083
2018-03-30,0.14923100173473358,0.15101000666618347,0.1445859968662262,0.14794600009918213,0.14239820837974548,775364959
2018-04-02,0.15021899342536926,0.1503179967403412,0.14577199518680573,0.14597000181674957,0.14049629867076874,614446953
2018-04-03,0.14577199518680573,0.14794600009918213,0.14231300354003906,0.142412006855011,0.13707172870635986,498077784
2018-04-04,0.1428070068359375,0.14409199357032776,0.13529600203037262,0.13944700360298157,0.13421791791915894,1017438425
2018-04-05,0.13974300026893616,0.14695799350738525,0.13638299703598022,0.14438800513744354,0.1389736384153366,1186840392
2018-04-06,0.1482429951429367,0.1601019948720932,0.14695799350738525,0.15743400156497955,0.1515304148197174,2781205145
2018-04-09,0.16207900643348694,0.16306699812412262,0.1264999955892563,0.1349010020494461,0.1298423856496811,5160064682
2018-04-10,0.1355929970741272,0.1359879970550537,0.11226899921894073,0.12412899732589722,0.11947431415319443,4103991684
2018-04-11,0.12234999984502792,0.12679700553417206,0.11236800253391266,0.11750700324773788,0.11310063302516937,2711034434
2018-04-12,0.11711200326681137,0.11958199739456177,0.11266399919986725,0.11473999917507172,0.11043739318847656,2037226267
2018-04-13,0.11612299829721451,0.11691399663686752,0.11058899760246277,0.11118199676275253,0.1070128083229065,1414699587
2018-04-16,0.11207100003957748,0.12383200228214264,0.11207100003957748,0.12363400310277939,0.11899787932634354,2845636236
2018-04-17,0.12570999562740326,0.13252900540828705,0.12353599816560745,0.12640200555324554,0.12166208773851395,5050416022
2018-04-18,0.12719200551509857,0.14083099365234375,0.11849500238895416,0.1384589970111847,0.13326695561408997,4291197361
2018-04-19,0.14043499529361725,0.14705699682235718,0.13905200362205505,0.14438800513744354,0.1389736384153366,3647436596
2018-04-20,0.14409199357032776,0.14438800513744354,0.14023800194263458,0.1414240002632141,0.1361207813024521,1603742076
2018-04-23,0.1414240002632141,0.1414240002632141,0.1414240002632141,0.1414240002632141,0.1361207813024521,0
2018-04-24,0.14033600687980652,0.14330099523067474,0.13855800032615662,0.13984200358390808,0.13459810614585876,1129804005
2018-04-25,0.14003999531269073,0.1410280019044876,0.130948007106781,0.13114500045776367,0.1262272298336029,1856131053
2018-04-26,0.13351699709892273,0.1380629986524582,0.1305519938468933,0.13361600041389465,0.12860555946826935,1407688475
2018-04-27,0.13480199873447418,0.13677899539470673,0.1319359987974167,0.13391299545764923,0.12889142334461212,1305128737
2018-04-30,0.1358889937400818,0.13826100528240204,0.1305519938468933,0.13144199550151825,0.12651307880878448,1125721290
2018-05-01,0.13144199550151825,0.13144199550151825,0.13144199550151825,0.13144199550151825,0.12651307880878448,0
2018-05-02,0.1319359987974167,0.1323309987783432,0.12709300220012665,0.12897099554538727,0.12413474172353745,1396669020
2018-05-03,0.12847700715065002,0.1305519938468933,0.1255120038986206,0.12580899894237518,0.1210913136601448,754367647
2018-05-04,0.12462300062179565,0.1268959939479828,0.12106499820947647,0.1218549981713295,0.1172855868935585,1029725729
2018-05-07,0.12155900150537491,0.1218549981713295,0.11622200161218643,0.11651899665594101,0.112149678170681,779123983
2018-05-08,0.11671599745750427,0.11760599911212921,0.11058899760246277,0.11118199676275253,0.1070128083229065,1711704994
2018-05-09,0.10970000177621841,0.11671599745750427,0.10663600265979767,0.11345499753952026,0.10920057445764542,1676704785
2018-05-10,0.11464100331068039,0.11889100074768066,0.11246699839830399,0.11859399825334549,0.11414686590433121,2014199790
2018-05-11,0.118988998234272,0.12709300220012665,0.11701299995183945,0.12541300058364868,0.12071016430854797,2502725909
2018-05-14,0.12630300223827362,0.14508000016212463,0.12630300223827362,0.13865600526332855,0.13345657289028168,4092153642
2018-05-15,0.13712100684642792,0.1482820063829422,0.13262799382209778,0.14147000014781952,0.136165052652359,2361739660
2018-05-16,0.14176000654697418,0.14335399866104126,0.13335299491882324,0.13378700613975525,0.1287701576948166,1600503772
2018-05-17,0.13422200083732605,0.13480199873447418,0.1258150041103363,0.1279889941215515,0.12318956106901169,1191641342
2018-05-18,0.12682999670505524,0.13755600154399872,0.12523500621318817,0.13726599514484406,0.13211868703365326,2379384418
2018-05-21,0.13697600364685059,0.14465899765491486,0.13610699772834778,0.1413249969482422,0.13602548837661743,2151227616
2018-05-22,0.14248399436473846,0.14335399866104126,0.13857099413871765,0.14059999585151672,0.13532766699790955,1311776011
2018-05-23,0.13871599733829498,0.14117999374866486,0.13204799592494965,0.1349470019340515,0.129886656999588,1386372801
2018-05-24,0.13871599733829498,0.14059999585151672,0.1310330033302307,0.13132299482822418,0.12639854848384857,1335785215
2018-05-25,0.13335299491882324,0.1378459930419922,0.1305990070104599,0.1378459930419922,0.13267694413661957,1433993619
2018-05-28,0.1404549926519394,0.14378899335861206,0.13944000005722046,0.14161500334739685,0.13630461692810059,1503228523
2018-05-29,0.14147000014781952,0.1434990018606186,0.13987499475479126,0.14147000014781952,0.136165052652359,1209783310
2018-05-30,0.14161500334739685,0.15190599858760834,0.14103500545024872,0.15147100389003754,0.14579102396965027,4098429195
2018-05-31,0.1526309996843338,0.15886400640010834,0.14509299397468567,0.1543699949979782,0.14858131110668182,4235764604
2018-06-01,0.15408000349998474,0.15538500249385834,0.1461080014705658,0.14813700318336487,0.14258204400539398,2091312473
2018-06-04,0.14683300256729126,0.15799400210380554,0.145673006772995,0.15639899671077728,0.1505342274904251,3220284670
2018-06-05,0.1591539978981018,0.161762997508049,0.15234099328517914,0.15668900310993195,0.15081335604190826,2660456521
2018-06-06,0.15770399570465088,0.15799400210380554,0.14900699257850647,0.15190599858760834,0.146209716796875,2151970498
2018-06-07,0.152196004986763,0.1548050045967102,0.1478469967842102,0.14987699687480927,0.1442568004131317,1944021218
2018-06-08,0.1495870053768158,0.1495870053768158,0.13219299912452698,0.13248300552368164,0.1275150626897812,3038346539
2018-06-11,0.1332080066204071,0.13712100684642792,0.12900400161743164,0.1314679980278015,0.12653811275959015,2257054701
2018-06-12,0.13117800652980804,0.13364200294017792,0.1297290027141571,0.13030900061130524,0.12542256712913513,1298630698
2018-06-13,0.12987400591373444,0.13088800013065338,0.12132199853658676,0.12204699963331223,0.117470383644104,1338007927
2018-06-14,0.12175700068473816,0.12509000301361084,0.11784300208091736,0.1232059970498085,0.11858592182397842,940789179
2018-06-15,0.1232059970498085,0.1232059970498085,0.1232059970498085,0.1232059970498085,0.11858592182397842,0
2018-06-18,0.12349600344896317,0.1339319944381714,0.1219019964337349,0.13378700613975525,0.1287701576948166,1896394398
2018-06-19,0.13335299491882324,0.14161500334739685,0.13088800013065338,0.1378459930419922,0.13267694413661957,2688587863
2018-06-20,0.1400199979543686,0.1408900022506714,0.12770000100135803,0.1279889941215515,0.12318956106901169,2394090349
2018-06-21,0.1210319995880127,0.13030900061130524,0.11987199634313583,0.12552499771118164,0.12081796675920486,2318518527
2018-06-22,0.1262499988079071,0.12726500630378723,0.12291599810123444,0.12422099709510803,0.11956286430358887,1000388556
2018-06-25,0.1413249969482422,0.14161500334739685,0.12726500630378723,0.13001899421215057,0.12514343857765198,2390255828
2018-06-26,0.13117800652980804,0.13306300342082977,0.1279889941215515,0.13219299912452698,0.12723591923713684,1487672569
2018-06-27,0.13219299912452698,0.13407699763774872,0.13030900061130524,0.13219299912452698,0.12723591923713684,1181657072
2018-06-28,0.13480199873447418,0.13973000645637512,0.13349799811840057,0.13697600364685059,0.1318395733833313,2340409744
2018-06-29,0.13799099624156952,0.13915100693702698,0.1345120072364807,0.13538199663162231,0.13030533492565155,1038133073
2018-07-02,0.1345120072364807,0.13755600154399872,0.1339319944381714,0.13552699983119965,0.13044489920139313,700324118
2018-07-03,0.13596199452877045,0.13726599514484406,0.13436700403690338,0.13523699343204498,0.13016577064990997,489635460
2018-07-04,0.1358170062303543,0.13668599724769592,0.13509200513362885,0.13567200303077698,0.1305844634771347,640295418
2018-07-05,0.1362520009279251,0.13871599733829498,0.13610699772834778,0.1374109983444214,0.13225825130939484,951134887
2018-07-06,0.1378459930419922,0.13944000005722046,0.13523699343204498,0.13610699772834778,0.13100315630435944,831589736
2018-07-09,0.13668599724769592,0.13813599944114685,0.13509200513362885,0.13538199663162231,0.13030533492565155,1041638306
2018-07-10,0.13204799592494965,0.13509200513362885,0.12827900052070618,0.12871399521827698,0.12388737499713898,765079032
2018-07-11,0.1284240037202835,0.13436700403690338,0.1249459981918335,0.1262499988079071,0.12151578068733215,1648437184
2018-07-12,0.12654000520706177,0.13045400381088257,0.1232059970498085,0.1271200031042099,0.12235315889120102,1141957936
2018-07-13,0.12856900691986084,0.1305990070104599,0.12639500200748444,0.12827900052070618,0.12346869707107544,947759769
2018-07-16,0.1292939931154251,0.13712100684642792,0.1288589984178543,0.1365409940481186,0.13142088055610657,1658742326
2018-07-17,0.13770100474357605,0.14059999585151672,0.1349470019340515,0.13929499685764313,0.13407160341739655,1664573135
2018-07-18,0.1395850032567978,0.14277400076389313,0.13552699983119965,0.13900600373744965,0.133793443441391,1480914468
2018-07-19,0.13987499475479126,0.14147000014781952,0.13813599944114685,0.1395850032567978,0.1343507319688797,890804771
2018-07-20,0.1400199979543686,0.152196004986763,0.13871599733829498,0.15147100389003754,0.14579102396965027,3644740999
2018-07-23,0.152196004986763,0.15987800061702728,0.1508910059928894,0.15726900100708008,0.15137161314487457,3550001469
2018-07-24,0.15770399570465088,0.16161799430847168,0.15248599648475647,0.16074800491333008,0.15472015738487244,4197187242
2018-07-25,0.16089299321174622,0.1698800027370453,0.15799400210380554,0.16741600632667542,0.161138117313385,3757477824
2018-07-26,0.16785000264644623,0.1729239970445633,0.16350199282169342,0.1681399941444397,0.1618349552154541,2249213874
2018-07-27,0.16785000264644623,0.1746630072593689,0.1668359935283661,0.17263400554656982,0.166160449385643,2743466476
2018-07-30,0.1711840033531189,0.17234399914741516,0.1430640071630478,0.14407899975776672,0.1386762112379074,5912563143
2018-07-31,0.14407899975776672,0.14712299406528473,0.1384260058403015,0.1408900022506714,0.1356067955493927,4692473035
2018-08-01,0.14204999804496765,0.1443690061569214,0.13987499475479126,0.14059999585151672,0.13532766699790955,1627698372
2018-08-02,0.13726599514484406,0.14059999585151672,0.13567200303077698,0.13726599514484406,0.13211868703365326,1767386884
2018-08-03,0.13755600154399872,0.14103500545024872,0.13755600154399872,0.13973000645637512,0.13449029624462128,1423418935
2018-08-06,0.13987499475479126,0.14291900396347046,0.13900600373744965,0.14031000435352325,0.13504855334758759,1200615050
2018-08-07,0.14117999374866486,0.14233900606632233,0.13871599733829498,0.14059999585151672,0.13532766699790955,1016335751
2018-08-08,0.14103500545024872,0.14465899765491486,0.1400199979543686,0.14364400506019592,0.13825753331184387,2620729237
2018-08-09,0.14176000654697418,0.1495870053768158,0.1413249969482422,0.14378899335861206,0.13839708268642426,2501257698
2018-08-10,0.14103500545024872,0.1461080014705658,0.11595900356769562,0.13886100053787231,0.13365387916564941,2257394131
2018-08-13,0.13712100684642792,0.14059999585151672,0.12480100244283676,0.13204799592494965,0.12709635496139526,2123173404
2018-08-14,0.1362520009279251,0.13915100693702698,0.13422200083732605,0.13596199452877045,0.13086359202861786,1210200077
2018-08-15,0.1384260058403015,0.13915100693702698,0.13074299693107605,0.13088800013065338,0.12597985565662384,761017672
2018-08-16,0.13335299491882324,0.13422200083732605,0.1297290027141571,0.13074299693107605,0.12584029138088226,591906812
2018-08-17,0.12958399951457977,0.13088800013065338,0.12610499560832977,0.1301639974117279,0.12528300285339355,613644940
2018-08-20,0.13117800652980804,0.1345120072364807,0.13117800652980804,0.13291800022125244,0.12793374061584473,231500874
2018-08-21,0.13291800022125244,0.13291800022125244,0.13291800022125244,0.13291800022125244,0.12793374061584473,0
2018-08-22,0.13291800022125244,0.13291800022125244,0.13291800022125244,0.13291800022125244,0.12793374061584473,0
2018-08-23,0.13291800022125244,0.13291800022125244,0.13291800022125244,0.13291800022125244,0.12793374061584473,0
2018-08-24,0.13291800022125244,0.13291800022125244,0.13291800022125244,0.13291800022125244,0.12793374061584473,0
2018-08-27,0.13407699763774872,0.1408900022506714,0.13335299491882324,0.14031000435352325,0.13504855334758759,1405507117
2018-08-28,0.1413249969482422,0.14465899765491486,0.14031000435352325,0.14204999804496765,0.13672329485416412,1204173957
2018-08-29,0.1404549926519394,0.14190499484539032,0.13726599514484406,0.13857099413871765,0.13337475061416626,756630957
2018-08-30,0.13857099413871765,0.13857099413871765,0.13857099413871765,0.13857099413871765,0.13337475061416626,0
2018-08-31,0.13813599944114685,0.13973000645637512,0.13596199452877045,0.13668599724769592,0.13156044483184814,685418047
2018-09-03,0.1362520009279251,0.14204999804496765,0.13567200303077698,0.13973000645637512,0.13449029624462128,875067304
2018-09-04,0.14059999585151672,0.1426289975643158,0.13900600373744965,0.14147000014781952,0.136165052652359,1276526785
2018-09-05,0.14233900606632233,0.14813700318336487,0.14147000014781952,0.14755800366401672,0.14202475547790527,2367638769
2018-09-06,0.14799199998378754,0.14929699897766113,0.1434990018606186,0.14378899335861206,0.13839708268642426,1486358383
2018-09-07,0.14407899975776672,0.145673006772995,0.14147000014781952,0.14320899546146393,0.13783884048461914,1257538175
2018-09-10,0.14364400506019592,0.14726799726486206,0.14320899546146393,0.1434990018606186,0.1381179690361023,1175181553
2018-09-11,0.14422400295734406,0.14596299827098846,0.1434990018606186,0.14596299827098846,0.14048956334590912,781681147
2018-09-12,0.14726799726486206,0.14842699468135834,0.14451399445533752,0.14552800357341766,0.14007088541984558,993532834
2018-09-13,0.14596299827098846,0.1478469967842102,0.14277400076389313,0.1474130004644394,0.1418851912021637,1144788035
2018-09-14,0.1478469967842102,0.1482820063829422,0.14494800567626953,0.14596299827098846,0.14048956334590912,717520373
2018-09-17,0.14494800567626953,0.14683300256729126,0.1448040008544922,0.1465429961681366,0.14104782044887543,502847901
2018-09-18,0.14712299406528473,0.14842699468135834,0.14596299827098846,0.14683300256729126,0.14132694900035858,851314881
2018-09-19,0.14726799726486206,0.15118099749088287,0.14668799936771393,0.1491519957780838,0.14355897903442383,1665866831
2018-09-20,0.1491519957780838,0.1495870053768158,0.14465899765491486,0.145673006772995,0.14021044969558716,1150576209
2018-09-21,0.1461080014705658,0.1474130004644394,0.145673006772995,0.1461080014705658,0.1406291276216507,508817173
2018-09-24,0.14755800366401672,0.14886200428009033,0.14639799296855927,0.14842699468135834,0.14286115765571594,710457475
2018-09-25,0.14857199788093567,0.15364499390125275,0.1478469967842102,0.15161600708961487,0.14593058824539185,3227071885
2018-09-26,0.15205100178718567,0.1526309996843338,0.14726799726486206,0.1482820063829422,0.14272160828113556,1065027498
2018-09-27,0.148717001080513,0.15060199797153473,0.14668799936771393,0.14755800366401672,0.14202475547790527,803280882
2018-09-28,0.14770300686359406,0.14900699257850647,0.14538300037384033,0.14726799726486206,0.14174562692642212,959345499
2018-10-01,0.14712299406528473,0.148717001080513,0.145237997174263,0.145237997174263,0.13979175686836243,746977562
2018-10-02,0.14538300037384033,0.14596299827098846,0.14233900606632233,0.14248399436473846,0.13714101910591125,598855807
2018-10-03,0.14248399436473846,0.1439339965581894,0.1400199979543686,0.1400199979543686,0.13476942479610443,489519696
2018-10-04,0.14074499905109406,0.1408900022506714,0.13465699553489685,0.13509200513362885,0.1300262212753296,505394245
2018-10-05,0.13523699343204498,0.13915100693702698,0.13262799382209778,0.13813599944114685,0.13295607268810272,585918981
2018-10-08,0.13755600154399872,0.1426289975643158,0.13683100044727325,0.14117999374866486,0.13588592410087585,385112214
2018-10-09,0.14176000654697418,0.14378899335861206,0.14059999585151672,0.14176000654697418,0.13644418120384216,352715232
2018-10-10,0.14204999804496765,0.14233900606632233,0.13596199452877045,0.13610699772834778,0.13100315630435944,453703926
2018-10-11,0.1345120072364807,0.1384260058403015,0.13306300342082977,0.13538199663162231,0.13030533492565155,446288145
2018-10-12,0.13697600364685059,0.14176000654697418,0.13335299491882324,0.14117999374866486,0.13588592410087585,612397122
2018-10-15,0.1430640071630478,0.14770300686359406,0.1430640071630478,0.1465429961681366,0.14104782044887543,767995092
2018-10-16,0.14683300256729126,0.1495870053768158,0.14552800357341766,0.14639799296855927,0.14090824127197266,791869903
2018-10-17,0.14755800366401672,0.1482820063829422,0.14552800357341766,0.1465429961681366,0.14104782044887543,488282226
2018-10-18,0.14625300467014313,0.15161600708961487,0.1461080014705658,0.14625300467014313,0.14076869189739227,1283245148
2018-10-19,0.14668799936771393,0.1500220000743866,0.145673006772995,0.14625300467014313,0.14076869189739227,1239525702
2018-10-22,0.14813700318336487,0.14857199788093567,0.14190499484539032,0.14204999804496765,0.13672329485416412,674404311
2018-10-23,0.1413249969482422,0.142194002866745,0.1362520009279251,0.13987499475479126,0.13462986052036285,629234217
2018-10-24,0.1408900022506714,0.14161500334739685,0.1365409940481186,0.13683100044727325,0.13170000910758972,389808900
2018-10-25,0.13886100053787231,0.14161500334739685,0.13480199873447418,0.13596199452877045,0.13086359202861786,788410618
2018-10-26,0.13610699772834778,0.13726599514484406,0.12726500630378723,0.12740999460220337,0.12263227254152298,844667025
2018-10-29,0.12740999460220337,0.12740999460220337,0.12740999460220337,0.12740999460220337,0.12263227254152298,0
2018-10-30,0.1275549978017807,0.1288589984178543,0.12030699849128723,0.1240760013461113,0.11942330002784729,670607252
2018-10-31,0.12465599924325943,0.1253799945116043,0.11958199739456177,0.12001699954271317,0.11551650613546371,348260562
2018-11-01,0.12045200169086456,0.12654000520706177,0.12045200169086456,0.1240760013461113,0.11942330002784729,662812372
2018-11-02,0.12509000301361084,0.13132299482822418,0.1245110034942627,0.12987400591373444,0.1250038892030716,865391418
2018-11-05,0.13001899421215057,0.1332080066204071,0.12914900481700897,0.13204799592494965,0.12709635496139526,504396100
2018-11-06,0.1323380023241043,0.13349799811840057,0.12726500630378723,0.12784500420093536,0.12305097281932831,657914511
2018-11-07,0.12813399732112885,0.1297290027141571,0.1266849935054779,0.12726500630378723,0.1224927231669426,436916021
2018-11-08,0.1275549978017807,0.1279889941215515,0.1223360002040863,0.12306100130081177,0.11844636499881744,332737861
2018-11-09,0.12306100130081177,0.12682999670505524,0.12117700278759003,0.12682999670505524,0.12207403033971786,411214222
2018-11-12,0.12682999670505524,0.12856900691986084,0.12523500621318817,0.12552499771118164,0.12081796675920486,290446641
2018-11-13,0.12480100244283676,0.12914900481700897,0.1236409991979599,0.12813399732112885,0.12332913279533386,465797835
2018-11-14,0.1275549978017807,0.12987400591373444,0.1271200031042099,0.12770000100135803,0.12291140854358673,413891440
2018-11-15,0.12770000100135803,0.1292939931154251,0.12697499990463257,0.1275549978017807,0.12277184426784515,350165577
2018-11-16,0.12813399732112885,0.1301639974117279,0.12697499990463257,0.12784500420093536,0.12305097281932831,403064321
2018-11-19,0.12813399732112885,0.12871399521827698,0.1275549978017807,0.12784500420093536,0.12305097281932831,227971839
2018-11-20,0.1275549978017807,0.1275549978017807,0.12335100024938583,0.12349600344896317,0.11886505782604218,225793556
2018-11-21,0.12523500621318817,0.1314679980278015,0.12393099814653397,0.13088800013065338,0.12597985565662384,779908317
2018-11-22,0.1314679980278015,0.1332080066204071,0.1284240037202835,0.13088800013065338,0.12597985565662384,484308483
2018-11-23,0.13074299693107605,0.13219299912452698,0.1292939931154251,0.1305990070104599,0.12570171058177948,329201928
2018-11-26,0.13117800652980804,0.1327729970216751,0.1297290027141571,0.13045400381088257,0.1255621314048767,461000147
2018-11-27,0.13045400381088257,0.13523699343204498,0.12827900052070618,0.1345120072364807,0.12946797907352448,911811332
2018-11-28,0.13509200513362885,0.13712100684642792,0.13465699553489685,0.13509200513362885,0.1300262212753296,533969054
2018-11-29,0.1362520009279251,0.13755600154399872,0.13552699983119965,0.13712100684642792,0.13197913765907288,401059478
2018-11-30,0.13697600364685059,0.14190499484539032,0.1365409940481186,0.13900600373744965,0.133793443441391,791151789
2018-12-03,0.14031000435352325,0.1404549926519394,0.13045400381088257,0.1310330033302307,0.12611941993236542,798089884
2018-12-04,0.13117800652980804,0.13262799382209778,0.12726500630378723,0.12827900052070618,0.12346869707107544,438766396
2018-12-05,0.12770000100135803,0.1297290027141571,0.12726500630378723,0.1284240037202835,0.12360826134681702,263171599
2018-12-06,0.1284240037202835,0.13030900061130524,0.1275549978017807,0.12813399732112885,0.12332913279533386,239363639
2018-12-07,0.1284240037202835,0.12900400161743164,0.1279889941215515,0.12871399521827698,0.12388737499713898,166087728
2018-12-10,0.12813399732112885,0.1314679980278015,0.12770000100135803,0.12813399732112885,0.12332913279533386,479412140
2018-12-11,0.1284240037202835,0.12900400161743164,0.1258150041103363,0.12654000520706177,0.12179490923881531,196057235
2018-12-12,0.1266849935054779,0.12697499990463257,0.12030699849128723,0.1210319995880127,0.11649344861507416,320981105
2018-12-13,0.12146700173616409,0.1232059970498085,0.1210319995880127,0.12219200283288956,0.11760995537042618,139568607
2018-12-14,0.12146700173616409,0.12175700068473816,0.11682800203561783,0.11842299997806549,0.11398228257894516,201129708
2018-12-17,0.11885800212621689,0.11900299787521362,0.11552400141954422,0.11624900251626968,0.1118898093700409,202804573
2018-12-18,0.11581400036811829,0.11726299673318863,0.11421900242567062,0.11508899927139282,0.11077330261468887,370042637
2018-12-19,0.11494400352239609,0.12465599924325943,0.11465399712324142,0.1245110034942627,0.11984199285507202,934598243
2018-12-20,0.12393099814653397,0.12567000091075897,0.1210319995880127,0.12132199853658676,0.11677256971597672,415377204
2018-12-21,0.12132199853658676,0.12335100024938583,0.12030699849128723,0.12146700173616409,0.11691214144229889,207490497
2018-12-24,0.1223360002040863,0.12248100340366364,0.11885800212621689,0.11943700164556503,0.1149582639336586,131300734
2018-12-25,0.11842299997806549,0.11842299997806549,0.11653800308704376,0.11755300313234329,0.11314491182565689,108490504
2018-12-26,0.11914800107479095,0.1219019964337349,0.11842299997806549,0.11987199634313583,0.11537694185972214,271633265
2018-12-27,0.1210319995880127,0.1210319995880127,0.11769799888134003,0.11813300102949142,0.1137031614780426,135541053
2018-12-28,0.11827799677848816,0.11842299997806549,0.11682800203561783,0.11726299673318863,0.11286577582359314,131583040
2018-12-31,0.11740799993276596,0.11987199634313583,0.11639399826526642,0.11813300102949142,0.1137031614780426,153312821
2019-01-01,0.11813300102949142,0.11813300102949142,0.11813300102949142,0.11813300102949142,0.1137031614780426,0
2019-01-02,0.1197270005941391,0.12001699954271317,0.11552400141954422,0.11581400036811829,0.11147111654281616,144417071
2019-01-03,0.11494400352239609,0.1171180009841919,0.11291500180959702,0.11349499970674515,0.10923907905817032,193472946
2019-01-04,0.11364000290632248,0.11494400352239609,0.11233499646186829,0.11436399817466736,0.11007548868656158,148831175
2019-01-07,0.11523400247097015,0.11653800308704376,0.11465399712324142,0.11494400352239609,0.1106337457895279,120647331
2019-01-08,0.11523400247097015,0.11566899716854095,0.11349499970674515,0.11523400247097015,0.11091286689043045,128143968
2019-01-09,0.11595900356769562,0.11885800212621689,0.11523400247097015,0.1171180009841919,0.11272621899843216,469886583
2019-01-10,0.11755300313234329,0.12001699954271317,0.11740799993276596,0.11784300208091736,0.11342403292655945,315759613
2019-01-11,0.11784300208091736,0.11943700164556503,0.11653800308704376,0.11900299787521362,0.11454053223133087,235050674
2019-01-14,0.11755300313234329,0.11943700164556503,0.11653800308704376,0.11827799677848816,0.11384271830320358,269509277
2019-01-15,0.11900299787521362,0.12030699849128723,0.11827799677848816,0.11914800107479095,0.11468009650707245,312518680
2019-01-16,0.11929299682378769,0.12117700278759003,0.11813300102949142,0.1205969974398613,0.11607475578784943,484356776
2019-01-17,0.12074200063943863,0.12204699963331223,0.11929299682378769,0.11943700164556503,0.1149582639336586,401822643
2019-01-18,0.11943700164556503,0.12088699638843536,0.11900299787521362,0.12030699849128723,0.11579563468694687,248748940
2019-01-21,0.12045200169086456,0.1232059970498085,0.1197270005941391,0.12204699963331223,0.117470383644104,524852813
2019-01-22,0.12262599915266037,0.12726500630378723,0.12262599915266037,0.12567000091075897,0.12095753103494644,864860887
2019-01-23,0.12610499560832977,0.12639500200748444,0.12349600344896317,0.12378600239753723,0.11914417892694473,328795026
2019-01-24,0.12378600239753723,0.12740999460220337,0.12349600344896317,0.12697499990463257,0.12221359461545944,750195659
2019-01-25,0.12726500630378723,0.12871399521827698,0.1245110034942627,0.1266849935054779,0.12193445861339569,611566830
2019-01-28,0.12697499990463257,0.12784500420093536,0.12567000091075897,0.12610499560832977,0.12137621641159058,364459915
2019-01-29,0.12567000091075897,0.1279889941215515,0.12509000301361084,0.12784500420093536,0.12305097281932831,450109765
2019-01-30,0.12813399732112885,0.1305990070104599,0.12740999460220337,0.1297290027141571,0.12486432492733002,825868068
2019-01-31,0.13074299693107605,0.13117800652980804,0.12552499771118164,0.12567000091075897,0.12095753103494644,508115892
2019-02-01,0.12567000091075897,0.12740999460220337,0.1227710023522377,0.1232059970498085,0.11858592182397842,309848569
2019-02-04,0.1232059970498085,0.1249459981918335,0.1210319995880127,0.12378600239753723,0.11914417892694473,286011495
2019-02-05,0.12465599924325943,0.12480100244283676,0.12146700173616409,0.12175700068473816,0.11719126254320145,207655659
2019-02-06,0.1223360002040863,0.12306100130081177,0.12132199853658676,0.12161199748516083,0.11705169826745987,191436023
2019-02-07,0.12175700068473816,0.12465599924325943,0.12146700173616409,0.12219200283288956,0.11760995537042618,359537218
2019-02-08,0.12219200283288956,0.1236409991979599,0.12175700068473816,0.12219200283288956,0.11760995537042618,105465647
2019-02-11,0.1232059970498085,0.12567000091075897,0.12262599915266037,0.12480100244283676,0.12012112140655518,440698386
2019-02-12,0.1258150041103363,0.12682999670505524,0.12306100130081177,0.1232059970498085,0.11858592182397842,358606063
2019-02-13,0.1236409991979599,0.12393099814653397,0.11929299682378769,0.1201620027422905,0.11565607786178589,177849727
2019-02-14,0.11987199634313583,0.1223360002040863,0.11900299787521362,0.12117700278759003,0.11663301289081573,227485116
2019-02-15,0.12175700068473816,0.12175700068473816,0.12030699849128723,0.12088699638843536,0.11635388433933258,119231316
2019-02-18,0.1219019964337349,0.12393099814653397,0.1197270005941391,0.1197270005941391,0.11523738503456116,427309469
2019-02-19,0.12001699954271317,0.1201620027422905,0.11755300313234329,0.11871299892663956,0.11426140367984772,173893232
2019-02-20,0.11885800212621689,0.1201620027422905,0.11871299892663956,0.11900299787521362,0.11454053223133087,119079470
2019-02-21,0.11885800212621689,0.12074200063943863,0.11827799677848816,0.11987199634313583,0.11537694185972214,277746243
2019-02-22,0.11987199634313583,0.1232059970498085,0.11987199634313583,0.1232059970498085,0.11858592182397842,409878166
2019-02-25,0.12393099814653397,0.12740999460220337,0.12378600239753723,0.12596000730991364,0.1212366595864296,604089855
2019-02-26,0.12596000730991364,0.12856900691986084,0.12567000091075897,0.12596000730991364,0.1212366595864296,457245999
2019-02-27,0.12610499560832977,0.1266849935054779,0.12349600344896317,0.1236409991979599,0.11900461465120316,261168067
2019-02-28,0.12335100024938583,0.12480100244283676,0.12204699963331223,0.12465599924325943,0.119981549680233,229019173
2019-03-01,0.1249459981918335,0.1258150041103363,0.1227710023522377,0.1240760013461113,0.11942330002784729,284512899
2019-03-04,0.12610499560832977,0.1297290027141571,0.1253799945116043,0.12610499560832977,0.12137621641159058,638688714
2019-03-05,0.1258150041103363,0.12943899631500244,0.1253799945116043,0.1275549978017807,0.12277184426784515,954822598
2019-03-06,0.1279889941215515,0.1288589984178543,0.1258150041103363,0.12610499560832977,0.12137621641159058,226073378
2019-03-07,0.12596000730991364,0.1262499988079071,0.12204699963331223,0.12291599810123444,0.11830680072307587,189952122
2019-03-08,0.1223360002040863,0.12262599915266037,0.11914800107479095,0.12117700278759003,0.11663301289081573,159629801
2019-03-11,0.12175700068473816,0.12422099709510803,0.12117700278759003,0.12262599915266037,0.11802767217159271,181349924
2019-03-12,0.12291599810123444,0.12349600344896317,0.12161199748516083,0.12248100340366364,0.11788811534643173,96375346
2019-03-13,0.12204699963331223,0.12335100024938583,0.12146700173616409,0.12219200283288956,0.11760995537042618,162472594
2019-03-14,0.1223360002040863,0.1240760013461113,0.12204699963331223,0.1232059970498085,0.11858592182397842,226275035
2019-03-15,0.1236409991979599,0.1271200031042099,0.1232059970498085,0.12654000520706177,0.12179490923881531,504386718
2019-03-18,0.1266849935054779,0.1284240037202835,0.12639500200748444,0.12654000520706177,0.12179490923881531,288406061
2019-03-19,0.12697499990463257,0.1288589984178543,0.1266849935054779,0.12726500630378723,0.1224927231669426,330342329
2019-03-20,0.1275549978017807,0.12784500420093536,0.1240760013461113,0.1245110034942627,0.11984199285507202,235159264
2019-03-21,0.1266849935054779,0.12726500630378723,0.1236409991979599,0.12378600239753723,0.11914417892694473,249068846
2019-03-22,0.12523500621318817,0.12552499771118164,0.12074200063943863,0.1210319995880127,0.11649344861507416,181952273
2019-03-25,0.1201620027422905,0.12074200063943863,0.11566899716854095,0.11842299997806549,0.11398228257894516,212546276
2019-03-26,0.11958199739456177,0.12001699954271317,0.11610399931669235,0.11682800203561783,0.1124470978975296,146536782
2019-03-27,0.11682800203561783,0.11740799993276596,0.11088500171899796,0.11102999746799469,0.1068665087223053,201898048
2019-03-28,0.11117500066757202,0.11450900137424469,0.10900100320577621,0.11262500286102295,0.10840170085430145,179775370
2019-03-29,0.11378400027751923,0.11523400247097015,0.11204499751329422,0.11436399817466736,0.11007548868656158,123676535
2019-04-01,0.11610399931669235,0.11856800317764282,0.11364000290632248,0.11726299673318863,0.11286577582359314,166678349
2019-04-02,0.11885800212621689,0.12117700278759003,0.11827799677848816,0.12001699954271317,0.11551650613546371,222257691
2019-04-03,0.11885800212621689,0.12074200063943863,0.11784300208091736,0.11798799782991409,0.11356358975172043,221186487
2019-04-04,0.11827799677848816,0.1197270005941391,0.11813300102949142,0.11914800107479095,0.11468009650707245,205092757
2019-04-05,0.1210319995880127,0.12204699963331223,0.11900299787521362,0.12001699954271317,0.11551650613546371,210991039
2019-04-08,0.12001699954271317,0.1201620027422905,0.1166829988360405,0.11755300313234329,0.11314491182565689,109451117
2019-04-09,0.11769799888134003,0.1201620027422905,0.11726299673318863,0.11755300313234329,0.11314491182565689,272971046
2019-04-10,0.11929299682378769,0.1223360002040863,0.11784300208091736,0.12117700278759003,0.11663301289081573,527022680
2019-04-11,0.12030699849128723,0.12074200063943863,0.11842299997806549,0.11914800107479095,0.11468009650707245,135344225
2019-04-12,0.11856800317764282,0.11856800317764282,0.11624900251626968,0.11726299673318863,0.11286577582359314,132998917
2019-04-15,0.11639399826526642,0.11885800212621689,0.11639399826526642,0.11784300208091736,0.11342403292655945,87720164
2019-04-16,0.11885800212621689,0.11987199634313583,0.11842299997806549,0.11900299787521362,0.11454053223133087,131736680
2019-04-17,0.11943700164556503,0.1197270005941391,0.11856800317764282,0.11914800107479095,0.11468009650707245,126792803
2019-04-18,0.11885800212621689,0.11943700164556503,0.11813300102949142,0.11842299997806549,0.11398228257894516,75447019
2019-04-19,0.11871299892663956,0.12248100340366364,0.11813300102949142,0.1210319995880127,0.11649344861507416,179426006
2019-04-22,0.12117700278759003,0.12146700173616409,0.11885800212621689,0.11914800107479095,0.11468009650707245,217178388
2019-04-23,0.11914800107479095,0.11914800107479095,0.11914800107479095,0.11914800107479095,0.11468009650707245,0
2019-04-24,0.11856800317764282,0.11929299682378769,0.11827799677848816,0.11856800317764282,0.11412184685468674,67361279
2019-04-25,0.11856800317764282,0.11885800212621689,0.11653800308704376,0.11697299778461456,0.11258665472269058,97924718
2019-04-26,0.11914800107479095,0.11914800107479095,0.11726299673318863,0.11769799888134003,0.11328446865081787,100539293
2019-04-29,0.11726299673318863,0.1205969974398613,0.11639399826526642,0.12001699954271317,0.11551650613546371,258999373
2019-04-30,0.12130100280046463,0.12289199978113174,0.11990900337696075,0.12110300362110138,0.11656179279088974,192657512
2019-05-01,0.12110300362110138,0.12110300362110138,0.12110300362110138,0.12110300362110138,0.11656179279088974,0
2019-05-02,0.12169899791479111,0.12289199978113174,0.11990900337696075,0.12050600349903107,0.11598717421293259,235200275
2019-05-03,0.12010800093412399,0.12130100280046463,0.12010800093412399,0.1207050010561943,0.1161787137389183,73742425
2019-05-06,0.11931300163269043,0.12030699849128723,0.11692699790000916,0.1191139966249466,0.11464736610651016,143686569
2019-05-07,0.11473900079727173,0.11752299964427948,0.11454000324010849,0.11672800034284592,0.11235084384679794,96035628
2019-05-08,0.11672800034284592,0.11831899732351303,0.11533600091934204,0.11553499847650528,0.11120257526636124,97447356
2019-05-09,0.11553499847650528,0.1161310002207756,0.1105630025267601,0.11076200008392334,0.1066085621714592,102843380
2019-05-10,0.11275099962949753,0.11294999718666077,0.10837599635124207,0.1085750013589859,0.1045035719871521,109856858
2019-05-13,0.10837599635124207,0.10877399891614914,0.10101799666881561,0.10479599982500076,0.10086628049612045,244607600
2019-05-14,0.10439900308847427,0.10658600181341171,0.10320600122213364,0.10559199750423431,0.10163242369890213,158914950
2019-05-15,0.10559199750423431,0.10559199750423431,0.10121700167655945,0.10260900110006332,0.09876129031181335,133907265
2019-05-16,0.10280799865722656,0.10479599982500076,0.10181400179862976,0.10221099853515625,0.09837821125984192,190490966
2019-05-17,0.10141599923372269,0.104994997382164,0.10042200237512589,0.10320600122213364,0.09933590143918991,198611780
2019-05-20,0.10340400040149689,0.11016599833965302,0.10340400040149689,0.10917100310325623,0.10507722198963165,803725910
2019-05-21,0.10897199809551239,0.10996700078248978,0.10360299795866013,0.10439900308847427,0.10048417001962662,404179811
2019-05-22,0.10340400040149689,0.10459800064563751,0.09982500225305557,0.10002399981021881,0.09627322107553482,255393211
2019-05-23,0.09903000295162201,0.10539299994707108,0.09883099794387817,0.10340400040149689,0.09952647984027863,581108378
2019-05-24,0.10579100251197815,0.12010800093412399,0.10579100251197815,0.11931300163269043,0.11483891308307648,3506096838
2019-05-27,0.11871600151062012,0.12448299676179886,0.11811999976634979,0.12130100280046463,0.11675236374139786,2339223437
2019-05-28,0.12150000035762787,0.12289199978113174,0.11871600151062012,0.1191139966249466,0.11464736610651016,1003975511
2019-05-29,0.11931300163269043,0.12488099932670593,0.1191139966249466,0.12090399861335754,0.11637024581432343,2032854210
2019-05-30,0.12189800292253494,0.12388700246810913,0.12130100280046463,0.12289199978113174,0.1182837039232254,1049214250
2019-05-31,0.12329000234603882,0.12547700107097626,0.12229599803686142,0.1236879974603653,0.11904984712600708,499004009
2019-06-03,0.12408500164747238,0.12428399920463562,0.12189800292253494,0.12189800292253494,0.11732697486877441,128589942
2019-06-04,0.12189800292253494,0.12189800292253494,0.12189800292253494,0.12189800292253494,0.11732697486877441,0
2019-06-05,0.12189800292253494,0.12189800292253494,0.12189800292253494,0.12189800292253494,0.11732697486877441,0
2019-06-06,0.12189800292253494,0.12189800292253494,0.12189800292253494,0.12189800292253494,0.11732697486877441,0
2019-06-07,0.12229599803686142,0.1246820017695427,0.12229599803686142,0.12408500164747238,0.11943196505308151,199963011
2019-06-10,0.12746599316596985,0.13522100448608398,0.12746599316596985,0.1348239928483963,0.1297682523727417,1987766184
2019-06-11,0.13541999459266663,0.1358180046081543,0.12945500016212463,0.13104499876499176,0.12613096833229065,864066154
2019-06-12,0.13064800202846527,0.13263599574565887,0.12985199689865112,0.13044899702072144,0.1255573183298111,587442520
2019-06-13,0.12985199689865112,0.12985199689865112,0.12488099932670593,0.12547700107097626,0.12077176570892334,550097094
2019-06-14,0.12607400119304657,0.1338289976119995,0.12607400119304657,0.13363100588321686,0.12862001359462738,1689164902
2019-06-17,0.12865899503231049,0.13044899702072144,0.12647199630737305,0.12786400318145752,0.12786400318145752,676788674
2019-06-18,0.12806299328804016,0.13144299387931824,0.12766499817371368,0.12985199689865112,0.12985199689865112,869788294
2019-06-19,0.13064800202846527,0.1308470070362091,0.12607400119304657,0.12686899304389954,0.12686899304389954,418770292
2019-06-20,0.12786400318145752,0.128260999917984,0.12309099733829498,0.12329000234603882,0.12329000234603882,345147048
2019-06-21,0.12428399920463562,0.13303400576114655,0.1236879974603653,0.1302500069141388,0.1302500069141388,2501100636
2019-06-24,0.1332329958677292,0.1338289976119995,0.12965300679206848,0.13064800202846527,0.13064800202846527,914714796
2019-06-25,0.13203999400138855,0.13203999400138855,0.1302500069141388,0.1312440037727356,0.1312440037727356,282975124
2019-06-26,0.1312440037727356,0.13223899900913239,0.12766499817371368,0.12885800004005432,0.12885800004005432,379491856
2019-06-27,0.12945500016212463,0.13044899702072144,0.12885800004005432,0.12965300679206848,0.12965300679206848,209885081
2019-06-28,0.13064800202846527,0.13561899960041046,0.12985199689865112,0.13263599574565887,0.13263599574565887,685542208
2019-07-01,0.13442599773406982,0.1368120014667511,0.13343200087547302,0.13601699471473694,0.13601699471473694,611409399
2019-07-02,0.1368120014667511,0.13919800519943237,0.13402800261974335,0.1368120014667511,0.1368120014667511,630499475
2019-07-03,0.1378059983253479,0.13800500333309174,0.134226992726326,0.13641400635242462,0.13641400635242462,354326771
2019-07-04,0.13661299645900726,0.1378059983253479,0.13442599773406982,0.13641400635242462,0.13641400635242462,427150943
2019-07-05,0.13720999658107758,0.1374090015888214,0.1348239928483963,0.13561899960041046,0.13561899960041046,228155216
2019-07-08,0.13363100588321686,0.1378059983253479,0.1328350007534027,0.13701100647449493,0.13701100647449493,788825858
2019-07-09,0.1374090015888214,0.13800500333309174,0.13005100190639496,0.13044899702072144,0.13044899702072144,575534537
2019-07-10,0.13363100588321686,0.13561899960041046,0.12766499817371368,0.13144299387931824,0.13144299387931824,1062826182
2019-07-11,0.13263599574565887,0.13343200087547302,0.12945500016212463,0.12965300679206848,0.12965300679206848,343588933
2019-07-12,0.13044899702072144,0.13064800202846527,0.12289199978113174,0.12329000234603882,0.12329000234603882,510066705
2019-07-15,0.12329000234603882,0.12329000234603882,0.12329000234603882,0.12329000234603882,0.12329000234603882,0
2019-07-16,0.12408500164747238,0.12448299676179886,0.12150000035762787,0.12289199978113174,0.12289199978113174,271189793
2019-07-17,0.1236879974603653,0.12547700107097626,0.12309099733829498,0.1252789944410324,0.1252789944410324,338936615
2019-07-18,0.1252789944410324,0.12706799805164337,0.12448299676179886,0.1256760060787201,0.1256760060787201,394048795
2019-07-19,0.12647199630737305,0.12667100131511688,0.12448299676179886,0.12488099932670593,0.12488099932670593,231956968
2019-07-22,0.12488099932670593,0.12547700107097626,0.1226930022239685,0.12329000234603882,0.12329000234603882,147249153
2019-07-23,0.12329000234603882,0.1256760060787201,0.12289199978113174,0.1246820017695427,0.1246820017695427,287762365
2019-07-24,0.12488099932670593,0.12488099932670593,0.12289199978113174,0.1236879974603653,0.1236879974603653,152224922
2019-07-25,0.12388700246810913,0.12428399920463562,0.12150000035762787,0.12189800292253494,0.12189800292253494,178545870
2019-07-26,0.12229599803686142,0.12488099932670593,0.12229599803686142,0.12388700246810913,0.12388700246810913,282093329
2019-07-29,0.12547700107097626,0.1262730062007904,0.12428399920463562,0.1246820017695427,0.1246820017695427,259735808
2019-07-30,0.1246820017695427,0.12488099932670593,0.12309099733829498,0.12329000234603882,0.12329000234603882,154017177
2019-07-31,0.12329000234603882,0.12408500164747238,0.12249500304460526,0.1226930022239685,0.1226930022239685,148641469
2019-08-01,0.12150000035762787,0.12428399920463562,0.12130100280046463,0.12309099733829498,0.12309099733829498,98409712
2019-08-02,0.12289199978113174,0.1236879974603653,0.12169899791479111,0.12189800292253494,0.12189800292253494,119936631
2019-08-05,0.12189800292253494,0.12448299676179886,0.12169899791479111,0.12289199978113174,0.12289199978113174,250496695
2019-08-06,0.12309099733829498,0.12388700246810913,0.12249500304460526,0.1226930022239685,0.1226930022239685,137655813
2019-08-07,0.12289199978113174,0.12329000234603882,0.1197109967470169,0.12090399861335754,0.12090399861335754,141016743
2019-08-08,0.12150000035762787,0.12209700047969818,0.11990900337696075,0.12090399861335754,0.12090399861335754,113371568
2019-08-09,0.12189800292253494,0.12428399920463562,0.12030699849128723,0.1226930022239685,0.1226930022239685,209416701
2019-08-12,0.1226930022239685,0.1226930022239685,0.1226930022239685,0.1226930022239685,0.1226930022239685,0
2019-08-13,0.1226930022239685,0.1226930022239685,0.1226930022239685,0.1226930022239685,0.1226930022239685,0
2019-08-14,0.1226930022239685,0.1226930022239685,0.1226930022239685,0.1226930022239685,0.1226930022239685,0
2019-08-15,0.1226930022239685,0.1226930022239685,0.12090399861335754,0.12110300362110138,0.12110300362110138,104045709
2019-08-16,0.12209700047969818,0.12587499618530273,0.11951199918985367,0.1197109967470169,0.1197109967470169,854715553
2019-08-19,0.1197109967470169,0.12010800093412399,0.11434199661016464,0.11593200266361237,0.11593200266361237,327347858
2019-08-20,0.11533600091934204,0.11672800034284592,0.11454000324010849,0.11632999777793884,0.11632999777793884,137266435
2019-08-21,0.11593200266361237,0.11652900278568268,0.11294999718666077,0.11394400149583817,0.11394400149583817,130537032
2019-08-22,0.11394400149583817,0.11434199661016464,0.11235299706459045,0.11275099962949753,0.11275099962949753,117769481
2019-08-23,0.11314799636602402,0.11851699650287628,0.11314799636602402,0.11752299964427948,0.11752299964427948,456702274
2019-08-26,0.11573400348424911,0.11772199720144272,0.11533600091934204,0.11672800034284592,0.11672800034284592,138402133
2019-08-27,0.11752299964427948,0.11831899732351303,0.11652900278568268,0.1171249970793724,0.1171249970793724,305772864
2019-08-28,0.11732400208711624,0.11792100220918655,0.11553499847650528,0.1161310002207756,0.1161310002207756,135609052
2019-08-29,0.11632999777793884,0.11652900278568268,0.1151370033621788,0.11553499847650528,0.11553499847650528,111148800
2019-08-30,0.11553499847650528,0.11553499847650528,0.11553499847650528,0.11553499847650528,0.11553499847650528,0
2019-09-02,0.11553499847650528,0.12130100280046463,0.1151370033621788,0.1197109967470169,0.1197109967470169,630677745
2019-09-03,0.12010800093412399,0.12289199978113174,0.11831899732351303,0.12189800292253494,0.12189800292253494,657751249
2019-09-04,0.12289199978113174,0.1236879974603653,0.12209700047969818,0.12249500304460526,0.12249500304460526,242204853
2019-09-05,0.1226930022239685,0.12329000234603882,0.12050600349903107,0.12150000035762787,0.12150000035762787,158763181
2019-09-06,0.1207050010561943,0.12249500304460526,0.1197109967470169,0.12010800093412399,0.12010800093412399,173821590
2019-09-09,0.1207050010561943,0.12150000035762787,0.12010800093412399,0.1207050010561943,0.1207050010561943,177260315
2019-09-10,0.1207050010561943,0.12508000433444977,0.12030699849128723,0.12508000433444977,0.12508000433444977,915449651
2019-09-11,0.12547700107097626,0.12806299328804016,0.1246820017695427,0.1256760060787201,0.1256760060787201,749795139
2019-09-12,0.12587499618530273,0.1262730062007904,0.12189800292253494,0.12309099733829498,0.12309099733829498,365341141
2019-09-13,0.12329000234603882,0.12428399920463562,0.12229599803686142,0.12329000234603882,0.12329000234603882,262170539
2019-09-16,0.12309099733829498,0.12309099733829498,0.12010800093412399,0.12050600349903107,0.12050600349903107,203748118
2019-09-17,0.12010800093412399,0.12130100280046463,0.11891499906778336,0.12050600349903107,0.12050600349903107,201246203
2019-09-18,0.12110300362110138,0.12348899990320206,0.12050600349903107,0.12150000035762787,0.12150000035762787,361868271
2019-09-19,0.12169899791479111,0.12348899990320206,0.12169899791479111,0.1226930022239685,0.1226930022239685,356706839
2019-09-20,0.12309099733829498,0.12508000433444977,0.12050600349903107,0.12110300362110138,0.12110300362110138,449495590
2019-09-23,0.12289199978113174,0.12508000433444977,0.12249500304460526,0.12309099733829498,0.12309099733829498,546302533
2019-09-24,0.12428399920463562,0.1246820017695427,0.1226930022239685,0.1236879974603653,0.1236879974603653,210411694
2019-09-25,0.12309099733829498,0.12329000234603882,0.12229599803686142,0.12289199978113174,0.12289199978113174,158290678
2019-09-26,0.12309099733829498,0.12508000433444977,0.12289199978113174,0.1236879974603653,0.1236879974603653,358587952
2019-09-27,0.1236879974603653,0.12647199630737305,0.12329000234603882,0.12607400119304657,0.12607400119304657,702130018
2019-09-30,0.12686899304389954,0.128260999917984,0.12587499618530273,0.12686899304389954,0.12686899304389954,728925481
2019-10-01,0.12766499817371368,0.12905700504779816,0.12309099733829498,0.1236879974603653,0.1236879974603653,680308664
2019-10-02,0.12329000234603882,0.12647199630737305,0.12209700047969818,0.12508000433444977,0.12508000433444977,365012511
2019-10-03,0.1252789944410324,0.12706799805164337,0.12309099733829498,0.12388700246810913,0.12388700246810913,434242367
2019-10-04,0.12408500164747238,0.1246820017695427,0.12348899990320206,0.1236879974603653,0.1236879974603653,185605613
2019-10-07,0.12348899990320206,0.12706799805164337,0.12249500304460526,0.1236879974603653,0.1236879974603653,510603577
2019-10-08,0.12289199978113174,0.1236879974603653,0.1197109967470169,0.12130100280046463,0.12130100280046463,332390259
2019-10-09,0.12150000035762787,0.12249500304460526,0.11931300163269043,0.11990900337696075,0.11990900337696075,173384589
2019-10-10,0.12030699849128723,0.12110300362110138,0.11672800034284592,0.11891499906778336,0.11891499906778336,162163688
2019-10-11,0.11951199918985367,0.12110300362110138,0.11871600151062012,0.11990900337696075,0.11990900337696075,159992917
2019-10-14,0.1191139966249466,0.1191139966249466,0.11354599893093109,0.1141429990530014,0.1141429990530014,166948666
2019-10-15,0.11573400348424911,0.1171249970793724,0.11533600091934204,0.11672800034284592,0.11672800034284592,100012080
2019-10-16,0.11553499847650528,0.11831899732351303,0.11334700137376785,0.11752299964427948,0.11752299964427948,239106324
2019-10-17,0.11772199720144272,0.11871600151062012,0.11632999777793884,0.11831899732351303,0.11831899732351303,133146312
2019-10-18,0.12229599803686142,0.12289199978113174,0.12130100280046463,0.12229599803686142,0.12229599803686142,201006381
2019-10-21,0.12388700246810913,0.12508000433444977,0.1226930022239685,0.1246820017695427,0.1246820017695427,243910813
2019-10-22,0.1246820017695427,0.12587499618530273,0.12388700246810913,0.12448299676179886,0.12448299676179886,238407123
2019-10-23,0.1252789944410324,0.12885800004005432,0.12488099932670593,0.12786400318145752,0.12786400318145752,716044581
2019-10-24,0.12885800004005432,0.13005100190639496,0.12667100131511688,0.12806299328804016,0.12806299328804016,532430361
2019-10-25,0.12806299328804016,0.13144299387931824,0.1272670030593872,0.13064800202846527,0.13064800202846527,676659887
2019-10-28,0.1312440037727356,0.13601699471473694,0.1308470070362091,0.13561899960041046,0.13561899960041046,557658155
2019-10-30,0.13462500274181366,0.1384029984474182,0.1338289976119995,0.13522100448608398,0.13522100448608398,950339326
2019-10-31,0.13561899960041046,0.13919800519943237,0.13541999459266663,0.13820399343967438,0.13820399343967438,952731463
2019-11-01,0.13860200345516205,0.13899999856948853,0.13541999459266663,0.13641400635242462,0.13641400635242462,453839042
2019-11-04,0.1348239928483963,0.1348239928483963,0.12587499618530273,0.12587499618530273,0.12587499618530273,2347028846
2019-11-05,0.12547700107097626,0.12547700107097626,0.12110300362110138,0.12209700047969818,0.12209700047969818,1202770088
2019-11-06,0.12229599803686142,0.1236879974603653,0.12110300362110138,0.12150000035762787,0.12150000035762787,782333612
2019-11-07,0.12229599803686142,0.12348899990320206,0.12169899791479111,0.1226930022239685,0.1226930022239685,585383237
2019-11-08,0.12289199978113174,0.12388700246810913,0.1226930022239685,0.12289199978113174,0.12289199978113174,387404479
2019-11-11,0.1226930022239685,0.12348899990320206,0.12249500304460526,0.12289199978113174,0.12289199978113174,295767618
2019-11-12,0.12329000234603882,0.12547700107097626,0.12329000234603882,0.12488099932670593,0.12488099932670593,563127297
2019-11-13,0.12547700107097626,0.1262730062007904,0.12428399920463562,0.12508000433444977,0.12508000433444977,478462930
2019-11-14,0.12647199630737305,0.12865899503231049,0.12508000433444977,0.12607400119304657,0.12607400119304657,726983067
2019-11-15,0.12647199630737305,0.128260999917984,0.1262730062007904,0.12746599316596985,0.12746599316596985,351828577
2019-11-18,0.12905700504779816,0.12985199689865112,0.12846000492572784,0.1292559951543808,0.1292559951543808,408470712
2019-11-19,0.12905700504779816,0.1292559951543808,0.12766499817371368,0.12846000492572784,0.12846000492572784,337298643
2019-11-20,0.12846000492572784,0.12945500016212463,0.12408500164747238,0.12587499618530273,0.12587499618530273,476609275
2019-11-21,0.1256760060787201,0.12686899304389954,0.1246820017695427,0.12508000433444977,0.12508000433444977,240805094
2019-11-22,0.12547700107097626,0.12607400119304657,0.12408500164747238,0.12448299676179886,0.12448299676179886,218858423
2019-11-25,0.1252789944410324,0.12607400119304657,0.1236879974603653,0.12388700246810913,0.12388700246810913,304677899
2019-11-26,0.1236879974603653,0.1262730062007904,0.12348899990320206,0.12547700107097626,0.12547700107097626,315981122
2019-11-27,0.1256760060787201,0.12607400119304657,0.12448299676179886,0.12448299676179886,0.12448299676179886,204937222
2019-11-28,0.12448299676179886,0.12786400318145752,0.12428399920463562,0.12706799805164337,0.12706799805164337,534404456
2019-11-29,0.1272670030593872,0.12846000492572784,0.1262730062007904,0.12686899304389954,0.12686899304389954,303081214
2019-12-02,0.1272670030593872,0.1308470070362091,0.12686899304389954,0.13044899702072144,0.13044899702072144,819124968
2019-12-03,0.1312440037727356,0.13203999400138855,0.12746599316596985,0.12786400318145752,0.12786400318145752,594894960
2019-12-04,0.128260999917984,0.13661299645900726,0.12786400318145752,0.13661299645900726,0.13661299645900726,854130355
2019-12-05,0.13601699471473694,0.13800500333309174,0.13343200087547302,0.13601699471473694,0.13601699471473694,920090655
2019-12-06,0.13720999658107758,0.1433739960193634,0.1332329958677292,0.1413860023021698,0.1413860023021698,1240086749
2019-12-09,0.14218099415302277,0.14715300500392914,0.14158500730991364,0.146356999874115,0.146356999874115,929115391
2019-12-10,0.1469539999961853,0.14814700186252594,0.1433739960193634,0.1443690061569214,0.1443690061569214,732843448
2019-12-11,0.14456799626350403,0.14874400198459625,0.14198200404644012,0.14675499498844147,0.14675499498844147,955042284
2019-12-12,0.14735199511051178,0.1509310007095337,0.14715300500392914,0.1489419937133789,0.1489419937133789,743816381
2019-12-13,0.1499370038509369,0.1509310007095337,0.1469539999961853,0.14735199511051178,0.14735199511051178,573357430
2019-12-16,0.14755000174045563,0.15132899582386017,0.14715300500392914,0.14973799884319305,0.14973799884319305,639807381
2019-12-17,0.1509310007095337,0.15172599256038666,0.1479479968547821,0.14834600687026978,0.14834600687026978,414813453
2019-12-18,0.146356999874115,0.15212400257587433,0.14556199312210083,0.15073199570178986,0.15073199570178986,635157426
2019-12-19,0.15172599256038666,0.1519249975681305,0.14953899383544922,0.1499370038509369,0.1499370038509369,287064774
2019-12-20,0.15033400058746338,0.15331700444221497,0.1499370038509369,0.15033400058746338,0.15033400058746338,624296132
2019-12-23,0.15073199570178986,0.15510700643062592,0.15053300559520721,0.15490800142288208,0.15490800142288208,716921398
2019-12-24,0.15590199828147888,0.1564989984035492,0.15431199967861176,0.1545100063085556,0.1545100063085556,412024646
2019-12-25,0.15510700643062592,0.15590199828147888,0.15391400456428528,0.15411299467086792,0.15411299467086792,246796725
2019-12-26,0.15411299467086792,0.15470899641513824,0.15073199570178986,0.15113000571727753,0.15113000571727753,298630146
2019-12-27,0.1519249975681305,0.15232299268245697,0.14834600687026978,0.15132899582386017,0.15132899582386017,317244953
2019-12-30,0.15272100269794464,0.15470899641513824,0.1509310007095337,0.151528000831604,0.151528000831604,412062664
2019-12-31,0.1519249975681305,0.15530599653720856,0.15073199570178986,0.15331700444221497,0.15331700444221497,632091484
2020-01-02,0.15391400456428528,0.1580899953842163,0.15371499955654144,0.15689699351787567,0.15689699351787567,573905617
2020-01-03,0.15510700643062592,0.15610100328922272,0.15033400058746338,0.15431199967861176,0.15431199967861176,619985569
2020-01-06,0.15113000571727753,0.1525219976902008,0.14973799884319305,0.14973799884319305,0.14973799884319305,446882741
2020-01-07,0.15113000571727753,0.1545100063085556,0.15113000571727753,0.15311799943447113,0.15311799943447113,339812476
2020-01-08,0.14914099872112274,0.15212400257587433,0.14874400198459625,0.15013599395751953,0.15013599395751953,374565972
2020-01-09,0.15510700643062592,0.15629999339580536,0.15371499955654144,0.1555050015449524,0.1555050015449524,402613952
2020-01-10,0.15610100328922272,0.15629999339580536,0.15391400456428528,0.15431199967861176,0.15431199967861176,339091551
2020-01-13,0.15610100328922272,0.16445299983024597,0.1555050015449524,0.16286200284957886,0.16286200284957886,1037725164
2020-01-14,0.16286200284957886,0.16683900356292725,0.16226600110530853,0.16345900297164917,0.16345900297164917,909466718
2020-01-15,0.16325999796390533,0.16425399482250214,0.1600780040025711,0.16186800599098206,0.16186800599098206,529954596
2020-01-16,0.16246500611305237,0.1636579930782318,0.15888500213623047,0.1590840071439743,0.1590840071439743,602374153
2020-01-17,0.15968100726604462,0.16047599911689758,0.15610100328922272,0.157492995262146,0.157492995262146,381683948
2020-01-20,0.15928299725055695,0.16127100586891174,0.15828900039196014,0.1600780040025711,0.1600780040025711,440452801
2020-01-21,0.1590840071439743,0.15987899899482727,0.15828900039196014,0.1590840071439743,0.1590840071439743,294300373
2020-01-22,0.15987899899482727,0.16127100586891174,0.15828900039196014,0.15888500213623047,0.15888500213623047,535074289
2020-01-23,0.15828900039196014,0.16584500670433044,0.1580899953842163,0.16544699668884277,0.16544699668884277,1166987252
2020-01-24,0.16604399681091309,0.16683900356292725,0.1590840071439743,0.1610729992389679,0.1610729992389679,926333876
2020-01-27,0.15828900039196014,0.16027699410915375,0.15709500014781952,0.158487007021904,0.158487007021904,457410577
2020-01-28,0.15928299725055695,0.15987899899482727,0.15669800341129303,0.15729400515556335,0.15729400515556335,341596785
2020-01-29,0.158487007021904,0.16087399423122406,0.15689699351787567,0.1580899953842163,0.1580899953842163,541986287
2020-01-30,0.15729400515556335,0.15789100527763367,0.1545100063085556,0.15590199828147888,0.15590199828147888,381113585
2020-01-31,0.15689699351787567,0.16325999796390533,0.15530599653720856,0.16246500611305237,0.16246500611305237,804677153
2020-02-03,0.16325999796390533,0.16544699668884277,0.1600780040025711,0.16087399423122406,0.16087399423122406,697416247
2020-02-04,0.16226600110530853,0.1646520048379898,0.16186800599098206,0.16325999796390533,0.16325999796390533,395097143
2020-02-05,0.16385699808597565,0.19428099691867828,0.16286200284957886,0.18811699748039246,0.18811699748039246,5603672459
2020-02-06,0.18592999875545502,0.19507700204849243,0.18314599990844727,0.18394100666046143,0.18394100666046143,3646056131
2020-02-07,0.1847359985113144,0.1883160024881363,0.18195199966430664,0.18215100467205048,0.18215100467205048,1040509897
2020-02-10,0.18314599990844727,0.1958719938993454,0.17598700523376465,0.18453800678253174,0.18453800678253174,2631787425
2020-02-11,0.1893099993467331,0.1948779970407486,0.18692399561405182,0.19129900634288788,0.19129900634288788,1699497219
2020-02-12,0.191894993185997,0.192890003323555,0.18950900435447693,0.1899069994688034,0.1899069994688034,676924652
2020-02-13,0.1899069994688034,0.2125760018825531,0.18970799446105957,0.20680899918079376,0.20680899918079376,2975923540
2020-02-14,0.20879800617694855,0.2095929980278015,0.2030310034751892,0.2030310034751892,0.2030310034751892,810139406
2020-02-17,0.20541700720787048,0.21078699827194214,0.20322999358177185,0.20462200045585632,0.20462200045585632,739479668
2020-02-18,0.20342899858951569,0.20839999616146088,0.19885499775409698,0.20243500173091888,0.20243500173091888,705169156
2020-02-19,0.20322999358177185,0.20541700720787048,0.1994519978761673,0.20342899858951569,0.20342899858951569,661328517
2020-02-20,0.20581500232219696,0.20680899918079376,0.19050300121307373,0.1938840001821518,0.1938840001821518,1200495272
2020-02-21,0.19110000133514404,0.19726400077342987,0.18791800737380981,0.19527600705623627,0.19527600705623627,836828913
2020-02-24,0.18891200423240662,0.19786100089550018,0.18891200423240662,0.1938840001821518,0.1938840001821518,621849483
2020-02-25,0.19825899600982666,0.20024700462818146,0.192890003323555,0.1948779970407486,0.1948779970407486,547200118
2020-02-26,0.19428099691867828,0.20462200045585632,0.19328700006008148,0.1958719938993454,0.1958719938993454,1139414491
2020-02-27,0.19308799505233765,0.19607099890708923,0.17956599593162537,0.18055999279022217,0.18055999279022217,826746978
2020-02-28,0.14715300500392914,0.17658300697803497,0.14715300500392914,0.17360100150108337,0.17360100150108337,500081876
2020-03-02,0.18115699291229248,0.18195199966430664,0.17340199649333954,0.17558899521827698,0.17558899521827698,350401915
2020-03-03,0.1791680008172989,0.18354299664497375,0.17718000710010529,0.180758997797966,0.180758997797966,559794529
2020-03-04,0.18055999279022217,0.18254899978637695,0.1741970032453537,0.17499199509620667,0.17499199509620667,460111129
2020-03-05,0.17718000710010529,0.17996400594711304,0.17499199509620667,0.1757880002260208,0.1757880002260208,267204089
2020-03-06,0.17539000511169434,0.17658300697803497,0.16524900496006012,0.16743600368499756,0.16743600368499756,283347656
2020-03-09,0.16166900098323822,0.16166900098323822,0.14556199312210083,0.1525219976902008,0.1525219976902008,486570770
2020-03-10,0.15828900039196014,0.1590840071439743,0.140392005443573,0.14158500730991364,0.14158500730991364,504565731
2020-03-11,0.14158500730991364,0.14158500730991364,0.14158500730991364,0.14158500730991364,0.14158500730991364,0
2020-03-12,0.13720999658107758,0.14516399800777435,0.11772199720144272,0.11831899732351303,0.11831899732351303,890716537
2020-03-13,0.11811999976634979,0.1302500069141388,0.11235299706459045,0.12766499817371368,0.12766499817371368,833811348
2020-03-16,0.11752299964427948,0.12030699849128723,0.11553499847650528,0.11553499847650528,0.11553499847650528,651904195
2020-03-17,0.11593200266361237,0.1171249970793724,0.1040010005235672,0.10599000006914139,0.10599000006914139,1098444225
2020-03-18,0.10320600122213364,0.1095689982175827,0.0994269996881485,0.1040010005235672,0.1040010005235672,990400943
2020-03-19,0.10260900110006332,0.10618799924850464,0.10081899911165237,0.10201200097799301,0.10201200097799301,883360650
2020-03-20,0.10439900308847427,0.10579100251197815,0.10201200097799301,0.10340400040149689,0.10340400040149689,586185176
2020-03-23,0.09684199839830399,0.10280799865722656,0.09684199839830399,0.09903000295162201,0.09903000295162201,604449276
2020-03-24,0.10419999808073044,0.1085750013589859,0.10221099853515625,0.1085750013589859,0.1085750013589859,527118318
2020-03-25,0.11931300163269043,0.11931300163269043,0.11334700137376785,0.11931300163269043,0.11931300163269043,1567264635
2020-03-26,0.1246820017695427,0.1312440037727356,0.12329000234603882,0.1312440037727356,0.1312440037727356,610401985
2020-03-27,0.1443690061569214,0.1443690061569214,0.13203999400138855,0.1443690061569214,0.1443690061569214,1540115901
2020-03-30,0.15212400257587433,0.15868599712848663,0.14456799626350403,0.15868599712848663,0.15868599712848663,2187233509
2020-03-31,0.1640550047159195,0.17439599335193634,0.1640550047159195,0.17439599335193634,0.17439599335193634,1459243027
2020-04-01,0.17896999418735504,0.18950900435447693,0.15709500014781952,0.15709500014781952,0.15709500014781952,4227907310
2020-04-02,0.16047599911689758,0.1630609929561615,0.14397099614143372,0.1525219976902008,0.1525219976902008,3343498965
2020-04-03,0.15411299467086792,0.16743600368499756,0.15212400257587433,0.16743600368499756,0.16743600368499756,4114376631
2020-04-06,0.17399799823760986,0.18413999676704407,0.16942499577999115,0.18413999676704407,0.18413999676704407,3063657570
2020-04-07,0.18891200423240662,0.19666799902915955,0.17300400137901306,0.1791680008172989,0.1791680008172989,3770268476
2020-04-08,0.17896999418735504,0.18652600049972534,0.17101499438285828,0.180758997797966,0.180758997797966,3577233354
2020-04-09,0.1847359985113144,0.18573099374771118,0.17777599394321442,0.18036200106143951,0.18036200106143951,1555164704
2020-04-10,0.18036200106143951,0.18294699490070343,0.17598700523376465,0.17698100209236145,0.17698100209236145,1280032001
2020-04-13,0.1757880002260208,0.18215100467205048,0.1732030063867569,0.17558899521827698,0.17558899521827698,1133866548
2020-04-14,0.17896999418735504,0.18314599990844727,0.17379899322986603,0.17658300697803497,0.17658300697803497,1943122047
2020-04-15,0.17718000710010529,0.17757800221443176,0.16584500670433044,0.1676349937915802,0.1676349937915802,1127236162
2020-04-16,0.16803300380706787,0.17240700125694275,0.1620669960975647,0.16604399681091309,0.16604399681091309,1384096669
2020-04-17,0.17002099752426147,0.17439599335193634,0.16584500670433044,0.1686290055513382,0.1686290055513382,1501516349
2020-04-20,0.1692260056734085,0.17240700125694275,0.16683900356292725,0.16843000054359436,0.16843000054359436,591424805
2020-04-21,0.16644200682640076,0.17002099752426147,0.16445299983024597,0.16524900496006012,0.16524900496006012,738034499
2020-04-22,0.16644200682640076,0.17996400594711304,0.16524900496006012,0.17300400137901306,0.17300400137901306,3905076546
2020-04-24,0.17379899322986603,0.18155500292778015,0.17240700125694275,0.17638400197029114,0.17638400197029114,2721905999
2020-04-27,0.1791680008172989,0.18354299664497375,0.17737899720668793,0.17956599593162537,0.17956599593162537,2051752841
2020-04-28,0.18016299605369568,0.18115699291229248,0.17459499835968018,0.174794003367424,0.174794003367424,950222055
2020-04-29,0.17598700523376465,0.18135599792003632,0.174794003367424,0.17658300697803497,0.17658300697803497,1620941453
2020-04-30,0.17737899720668793,0.1781740039587021,0.169623002409935,0.17360100150108337,0.17360100150108337,659815561
2020-05-04,0.17002099752426147,0.1722089946269989,0.16783399879932404,0.1686290055513382,0.1686290055513382,392167179
2020-05-05,0.1702200025320053,0.18036200106143951,0.17002099752426147,0.17539000511169434,0.17539000511169434,2382964657
2020-05-06,0.17718000710010529,0.18036200106143951,0.17459499835968018,0.17837299406528473,0.17837299406528473,1194297460
2020-05-07,0.17837299406528473,0.18751999735832214,0.17678199708461761,0.18612800538539886,0.18612800538539886,3517758813
2020-05-08,0.18891200423240662,0.19368499517440796,0.1853329986333847,0.18652600049972534,0.18652600049972534,2718455758
2020-05-11,0.18493500351905823,0.18573099374771118,0.1791680008172989,0.17936700582504272,0.17936700582504272,1390017395
2020-05-12,0.17718000710010529,0.18036200106143951,0.17638400197029114,0.17698100209236145,0.17698100209236145,866262018
2020-05-13,0.17737899720668793,0.18354299664497375,0.17718000710010529,0.180758997797966,0.180758997797966,1348168300
2020-05-14,0.18016299605369568,0.1893099993467331,0.18016299605369568,0.1837420016527176,0.1837420016527176,2547776900
2020-05-15,0.18891200423240662,0.20163899660110474,0.1863269954919815,0.20163899660110474,0.20163899660110474,2012629140
2020-05-18,0.21078699827194214,0.22132599353790283,0.20283199846744537,0.20382699370384216,0.20382699370384216,5642156601
2020-05-20,0.20541700720787048,0.21178099513053894,0.20024700462818146,0.20322999358177185,0.20322999358177185,2611370558
2020-05-21,0.2030310034751892,0.20661099255084991,0.19786100089550018,0.19806000590324402,0.19806000590324402,1025231933
2020-05-22,0.19806000590324402,0.20223599672317505,0.1958719938993454,0.19965100288391113,0.19965100288391113,1207144919
2020-05-27,0.2044229954481125,0.20521900057792664,0.20064499974250793,0.2010429948568344,0.2010429948568344,935743263
2020-05-28,0.20183800160884857,0.2089969962835312,0.1954749971628189,0.20780399441719055,0.20780399441719055,2448792499
2020-05-29,0.20979200303554535,0.21138300001621246,0.2030310034751892,0.20342899858951569,0.20342899858951569,1419009677
2020-06-01,0.20541700720787048,0.21038900315761566,0.20362800359725952,0.20382699370384216,0.20382699370384216,1203555733
2020-06-02,0.20482100546360016,0.20839999616146088,0.20362800359725952,0.20521900057792664,0.20521900057792664,1329467200
2020-06-03,0.20720699429512024,0.2080029994249344,0.20561599731445312,0.2060140073299408,0.2060140073299408,609628359
2020-06-04,0.20561599731445312,0.2080029994249344,0.20223599672317505,0.20263299345970154,0.20263299345970154,765928699
2020-06-05,0.20283199846744537,0.20521900057792664,0.20124100148677826,0.2020370066165924,0.2020370066165924,594555417
2020-06-08,0.20243500173091888,0.20521900057792664,0.19885499775409698,0.19965100288391113,0.19965100288391113,617910948
2020-06-09,0.19965100288391113,0.20322999358177185,0.19865599274635315,0.20084400475025177,0.20084400475025177,589246491
2020-06-10,0.20243500173091888,0.20979200303554535,0.20183800160884857,0.20680899918079376,0.20680899918079376,1340682067
2020-06-11,0.20581500232219696,0.21138300001621246,0.20422400534152985,0.20680899918079376,0.20680899918079376,2364632870
2020-06-12,0.20462200045585632,0.20720699429512024,0.20322999358177185,0.20521900057792664,0.20521900057792664,760238492
2020-06-15,0.20422400534152985,0.21973499655723572,0.2030310034751892,0.2131730020046234,0.2131730020046234,3293506327
2020-06-16,0.21635399758815765,0.21794499456882477,0.21416699886322021,0.2145649939775467,0.2145649939775467,1409298966
2020-06-17,0.21476399898529053,0.21575799584388733,0.21118399500846863,0.21138300001621246,0.21138300001621246,634167361
2020-06-18,0.2105879932641983,0.22331400215625763,0.209990993142128,0.21575799584388733,0.21575799584388733,2055788079
2020-06-19,0.21675199270248413,0.22251899540424347,0.21237699687480927,0.21675199270248413,0.21675199270248413,1800767449
2020-06-22,0.21675199270248413,0.2191379964351654,0.21376900374889374,0.21436600387096405,0.21436600387096405,727256230
2020-06-23,0.21575799584388733,0.21695099771022797,0.2125760018825531,0.21337200701236725,0.21337200701236725,453405612
2020-06-24,0.21376900374889374,0.21774600446224213,0.20979200303554535,0.209990993142128,0.209990993142128,757789731
2020-06-25,0.21018999814987183,0.21516099572181702,0.21018999814987183,0.21436600387096405,0.21436600387096405,770539782
2020-06-26,0.216156005859375,0.21854199469089508,0.21416699886322021,0.21476399898529053,0.21476399898529053,682971248
2020-06-29,0.21396799385547638,0.21575799584388733,0.21198000013828278,0.21416699886322021,0.21416699886322021,396719979
2020-06-30,0.21516099572181702,0.21695099771022797,0.21396799385547638,0.21476399898529053,0.21476399898529053,536410685
2020-07-01,0.2155590057373047,0.22192199528217316,0.21476399898529053,0.21754799783229828,0.21754799783229828,1575730826
2020-07-02,0.21933700144290924,0.22788800299167633,0.2191379964351654,0.22748999297618866,0.22748999297618866,1255550778
2020-07-03,0.22808699309825897,0.23067200183868408,0.22450800240039825,0.22589999437332153,0.22589999437332153,937886777
2020-07-06,0.227292001247406,0.22868399322032928,0.2257010042667389,0.22709299623966217,0.22709299623966217,559641151
2020-07-07,0.22649599611759186,0.2348479926586151,0.22053000330924988,0.2302740067243576,0.2302740067243576,1930395330
2020-07-08,0.23106999695301056,0.23285900056362152,0.22629700601100922,0.2266950011253357,0.2266950011253357,654789000
2020-07-09,0.227292001247406,0.2276889979839325,0.21595700085163116,0.21595700085163116,0.21595700085163116,538901135
2020-07-10,0.21575799584388733,0.22291700541973114,0.20820100605487823,0.21734899282455444,0.21734899282455444,1197475745
2020-07-13,0.2237119972705841,0.23902399837970734,0.2237119972705841,0.23524600267410278,0.23524600267410278,2796970540
2020-07-14,0.23544499278068542,0.24260300397872925,0.23166599869728088,0.2378309965133667,0.2378309965133667,2456831294
2020-07-16,0.23803000152111053,0.26089799404144287,0.23743300139904022,0.26089799404144287,0.26089799404144287,3841524878
2020-07-17,0.26089799404144287,0.2837670147418976,0.2575179934501648,0.27740299701690674,0.27740299701690674,5455203276
2020-07-20,0.27700498700141907,0.29350998997688293,0.2752160131931305,0.2811810076236725,0.2811810076236725,2243595993
2020-07-21,0.2883400022983551,0.2893350124359131,0.2674599885940552,0.27243199944496155,0.27243199944496155,1628151054
2020-07-22,0.27441999316215515,0.2781989872455597,0.2646760046482086,0.2682560086250305,0.2682560086250305,1062365999
2020-07-23,0.26785799860954285,0.2778010070323944,0.26626700162887573,0.2700459957122803,0.2700459957122803,1161958831
2020-07-24,0.26845499873161316,0.27541500329971313,0.2664659917354584,0.2716360092163086,0.2716360092163086,1113992587
2020-07-27,0.273624986410141,0.28714698553085327,0.2730279862880707,0.2841640114784241,0.2841640114784241,2309622924
2020-07-28,0.28456199169158936,0.28953298926353455,0.27044299244880676,0.27044299244880676,0.27044299244880676,1717584659
2020-07-29,0.27044299244880676,0.275613009929657,0.25891000032424927,0.2676590085029602,0.2676590085029602,1315771136
2020-07-30,0.26845499873161316,0.2710399925708771,0.26686400175094604,0.2690509855747223,0.2690509855747223,253110953
2020-08-04,0.27143698930740356,0.2776019871234894,0.2449900060892105,0.2601029872894287,0.2601029872894287,1006770906
2020-08-05,0.26129600405693054,0.26248899102211,0.24936500191688538,0.25115400552749634,0.25115400552749634,751232714
2020-08-06,0.2505579888820648,0.25175100564956665,0.22609800100326538,0.22609800100326538,0.22609800100326538,1245753271
2020-08-07,0.22331400215625763,0.2479729950428009,0.2121790051460266,0.2479729950428009,0.2479729950428009,1886101698
2020-08-10,0.2469779998064041,0.2672620117664337,0.2388249933719635,0.262688010931015,0.262688010931015,1847077919
2020-08-11,0.26288700103759766,0.2702440023422241,0.25572800636291504,0.26487499475479126,0.26487499475479126,1005888306
2020-08-12,0.26626700162887573,0.2732270061969757,0.2585119903087616,0.2682560086250305,0.2682560086250305,768597921
2020-08-13,0.2692500054836273,0.27243199944496155,0.26030200719833374,0.2616940140724182,0.2616940140724182,852545085
2020-08-14,0.2595059871673584,0.2670629918575287,0.2561259865760803,0.2610970139503479,0.2610970139503479,618215139
2020-08-17,0.2614949941635132,0.26527300477027893,0.25831300020217896,0.2591080069541931,0.2591080069541931,733999211
2020-08-18,0.2595059871673584,0.273624986410141,0.2587110102176666,0.2682560086250305,0.2682560086250305,1224359162
2020-08-19,0.2692500054836273,0.2857550084590912,0.2690509855747223,0.28157898783683777,0.28157898783683777,2510564836
2020-08-20,0.28257301449775696,0.28595399856567383,0.2791930139064789,0.2803860008716583,0.2803860008716583,764114821
2020-08-21,0.28257301449775696,0.2954989969730377,0.2817780077457428,0.28953298926353455,0.28953298926353455,1549979335
2020-08-24,0.28953298926353455,0.29768601059913635,0.2887380123138428,0.29510098695755005,0.29510098695755005,1166991124
2020-08-25,0.29828301072120667,0.32493001222610474,0.29828301072120667,0.31836700439453125,0.31836700439453125,4268795154
2020-08-26,0.3181689977645874,0.3215489983558655,0.30226001143455505,0.30226001143455505,0.30226001143455505,2812252326
2020-08-27,0.3044480085372925,0.3187650144100189,0.3044480085372925,0.31677699089050293,0.31677699089050293,1629664865
2020-08-28,0.31836700439453125,0.31896400451660156,0.30981698632240295,0.3112089931964874,0.3112089931964874,1124225385
2020-08-31,0.31240200996398926,0.3155829906463623,0.2998740077018738,0.30027198791503906,0.30027198791503906,914186171
2020-09-01,0.3010669946670532,0.30902099609375,0.29808399081230164,0.30723199248313904,0.30723199248313904,928437462
2020-09-02,0.3080269992351532,0.3106119930744171,0.30484500527381897,0.3056409955024719,0.3056409955024719,462147279
2020-09-03,0.3064360022544861,0.3074299991130829,0.29927700757980347,0.2994759976863861,0.2994759976863861,437638750
2020-09-04,0.29808399081230164,0.3080269992351532,0.2962940037250519,0.30066901445388794,0.30066901445388794,697913593
2020-09-07,0.3014650046825409,0.31021401286125183,0.3014650046825409,0.3086239993572235,0.3086239993572235,750202218
2020-09-08,0.31021401286125183,0.3141910135746002,0.3076289892196655,0.30981698632240295,0.30981698632240295,656670315
2020-09-09,0.30941900610923767,0.3106119930744171,0.30524298548698425,0.30623701214790344,0.30623701214790344,347524702
2020-09-10,0.30683401226997375,0.3195610046386719,0.30683401226997375,0.31319698691368103,0.31319698691368103,1247609290
2020-09-11,0.31399300694465637,0.31677699089050293,0.3114069998264313,0.31240200996398926,0.31240200996398926,421070905
2020-09-14,0.3126010000705719,0.31836700439453125,0.3126010000705719,0.3141910135746002,0.3141910135746002,408472271
2020-09-15,0.3151859939098358,0.32453200221061707,0.31478801369667053,0.3241339921951294,0.3241339921951294,1321664053
2020-09-16,0.33009999990463257,0.3479970097541809,0.3283100128173828,0.338252991437912,0.338252991437912,2255671988
2020-09-17,0.3368610143661499,0.3378550112247467,0.33009999990463257,0.33109399676322937,0.33109399676322937,670669010
2020-09-18,0.3336789906024933,0.34063899517059326,0.3326849937438965,0.3372589945793152,0.3372589945793152,927058019
2020-09-21,0.3376559913158417,0.3424290120601654,0.3336789906024933,0.33646300435066223,0.33646300435066223,935528232
2020-09-22,0.33805400133132935,0.3398439884185791,0.3316909968852997,0.33308300375938416,0.33308300375938416,401160033
2020-09-23,0.33606600761413574,0.338452011346817,0.3316909968852997,0.33348000049591064,0.33348000049591064,266850415
2020-09-24,0.33208799362182617,0.351377010345459,0.3273159861564636,0.33904799818992615,0.33904799818992615,1303085051
2020-09-25,0.34063899517059326,0.3434230089187622,0.33706000447273254,0.33865100145339966,0.33865100145339966,361964370
2020-09-28,0.338252991437912,0.3392469882965088,0.3318899869918823,0.3328840136528015,0.3328840136528015,368841418
2020-09-29,0.33248600363731384,0.3374580144882202,0.3299010097980499,0.3318899869918823,0.3318899869918823,368084286
2020-09-30,0.3322870135307312,0.3372589945793152,0.3306959867477417,0.3316909968852997,0.3316909968852997,422445370
2020-10-01,0.33407700061798096,0.33606600761413574,0.33149200677871704,0.33348000049591064,0.33348000049591064,287145033
2020-10-02,0.3322870135307312,0.33646300435066223,0.331292986869812,0.33308300375938416,0.33308300375938416,258506977
2020-10-05,0.3332819938659668,0.3388499915599823,0.3332819938659668,0.3376559913158417,0.3376559913158417,479970255
2020-10-06,0.33964499831199646,0.3404400050640106,0.33566799759864807,0.33606600761413574,0.33606600761413574,361150112
2020-10-07,0.33546900749206543,0.3402419984340668,0.33407700061798096,0.3352699875831604,0.3352699875831604,296242485
2020-10-08,0.3366619944572449,0.338252991437912,0.3322870135307312,0.3338780105113983,0.3338780105113983,259657611
2020-10-09,0.33308300375938416,0.3366619944572449,0.33248600363731384,0.3338780105113983,0.3338780105113983,293031966
2020-10-12,0.3352699875831604,0.3404400050640106,0.33467400074005127,0.3374580144882202,0.3374580144882202,516543563
2020-10-13,0.3388499915599823,0.3505820035934448,0.3388499915599823,0.3454119861125946,0.3454119861125946,1440290136
2020-10-14,0.3460080027580261,0.3487919867038727,0.3388499915599823,0.33964499831199646,0.33964499831199646,566125603
2020-10-15,0.3392469882965088,0.3428269922733307,0.33447501063346863,0.33546900749206543,0.33546900749206543,381741125
2020-10-16,0.33646300435066223,0.3404400050640106,0.33566799759864807,0.3366619944572449,0.3366619944572449,287889895
2020-10-19,0.3374580144882202,0.3402419984340668,0.33606600761413574,0.33646300435066223,0.33646300435066223,245781869
2020-10-20,0.3366619944572449,0.3378550112247467,0.33447501063346863,0.33467400074005127,0.33467400074005127,188094202
2020-10-21,0.33606600761413574,0.3392469882965088,0.3328840136528015,0.3332819938659668,0.3332819938659668,246752472
2020-10-22,0.33308300375938416,0.3352699875831604,0.327116996049881,0.3283100128173828,0.3283100128173828,227717411
2020-10-23,0.32592400908470154,0.3414349853992462,0.3191629946231842,0.3352699875831604,0.3352699875831604,704606236
2020-10-26,0.34004300832748413,0.3408379852771759,0.3211509883403778,0.3211509883403778,0.3211509883403778,1110010603
2020-10-27,0.3181689977645874,0.331292986869812,0.3171739876270294,0.327116996049881,0.327116996049881,670416314
2020-10-28,0.3241339921951294,0.3289070129394531,0.3181689977645874,0.3191629946231842,0.3191629946231842,184688868
2020-10-30,0.31220299005508423,0.3149870038032532,0.30424898862838745,0.3044480085372925,0.3044480085372925,430968938
2020-11-02,0.303056001663208,0.31220299005508423,0.29510098695755005,0.30126601457595825,0.30126601457595825,448357277
2020-11-03,0.30325400829315186,0.3112089931964874,0.2998740077018738,0.30524298548698425,0.30524298548698425,332349475
2020-11-04,0.30623701214790344,0.31319698691368103,0.30623701214790344,0.31021401286125183,0.31021401286125183,254234984
2020-11-05,0.3116059899330139,0.3289070129394531,0.3114069998264313,0.3263219892978668,0.3263219892978668,533986364
2020-11-06,0.32552599906921387,0.3289070129394531,0.32234498858451843,0.3243330121040344,0.3243330121040344,298983116
2020-11-09,0.32691800594329834,0.3336789906024933,0.3261229991912842,0.3289070129394531,0.3289070129394531,446332694
2020-11-10,0.3289070129394531,0.33546900749206543,0.3263219892978668,0.33009999990463257,0.33009999990463257,294456366
2020-11-11,0.33208799362182617,0.349588006734848,0.331292986869812,0.34521299600601196,0.34521299600601196,1446602604
2020-11-12,0.3448149859905243,0.35475799441337585,0.33308300375938416,0.3342759907245636,0.3342759907245636,857282289
2020-11-13,0.34620699286460876,0.3489910066127777,0.33566799759864807,0.3402419984340668,0.3402419984340668,731395664
2020-11-16,0.34203100204467773,0.3479970097541809,0.3402419984340668,0.3414349853992462,0.3414349853992462,400597565
2020-11-17,0.3404400050640106,0.34362199902534485,0.33407700061798096,0.3358669877052307,0.3358669877052307,323256801
2020-11-18,0.33546900749206543,0.3422299921512604,0.33546900749206543,0.34063899517059326,0.34063899517059326,455831241
2020-11-19,0.338452011346817,0.3444179892539978,0.3352699875831604,0.3408379852771759,0.3408379852771759,533858231
2020-11-20,0.3412359952926636,0.3458099961280823,0.3402419984340668,0.34163400530815125,0.34163400530815125,366874213
2020-11-23,0.3430260121822357,0.35078099370002747,0.33904799818992615,0.34461599588394165,0.34461599588394165,890923521
2020-11-24,0.34461599588394165,0.3458099961280823,0.3402419984340668,0.3424290120601654,0.3424290120601654,314704317
2020-11-25,0.3559510111808777,0.3670870065689087,0.3499850034713745,0.3503830134868622,0.3503830134868622,1376593991
2020-11-26,0.35117900371551514,0.35316699743270874,0.3440200090408325,0.3458099961280823,0.3458099961280823,363756424
2020-11-27,0.3464060127735138,0.34660500288009644,0.3372589945793152,0.33805400133132935,0.33805400133132935,286278927
2020-11-30,0.33308300375938416,0.33348000049591064,0.3243330121040344,0.3251290023326874,0.3251290023326874,246702436
2020-12-01,0.33009999990463257,0.3464060127735138,0.3281109929084778,0.3444179892539978,0.3444179892539978,533833339
2020-12-02,0.34203100204467773,0.3454119861125946,0.33805400133132935,0.3418320119380951,0.3418320119380951,241366556
2020-12-03,0.33865100145339966,0.3422299921512604,0.33805400133132935,0.33865100145339966,0.33865100145339966,182293362
2020-12-04,0.3374580144882202,0.3720580041408539,0.33507099747657776,0.3720580041408539,0.3720580041408539,1669598098
2020-12-07,0.38359200954437256,0.40924400091171265,0.37842199206352234,0.40924400091171265,0.40924400091171265,2897042563
2020-12-08,0.4152100086212158,0.44106099009513855,0.38856300711631775,0.40128999948501587,0.40128999948501587,4704515127
2020-12-09,0.4076539874076843,0.4243580102920532,0.39810898900032043,0.40367698669433594,0.40367698669433594,1395866662
2020-12-10,0.4008930027484894,0.41481199860572815,0.39413100481033325,0.39771100878715515,0.39771100878715515,886574136
2020-12-11,0.39671701192855835,0.41083499789237976,0.39373400807380676,0.3973129987716675,0.3973129987716675,629695626
2020-12-14,0.39771100878715515,0.4024829864501953,0.3907510042190552,0.3913469910621643,0.3913469910621643,433939686
2020-12-15,0.39214301109313965,0.39313700795173645,0.3823989927768707,0.38578000664711,0.38578000664711,471735891
2020-12-16,0.38597801327705383,0.39373400807380676,0.37901800870895386,0.37941598892211914,0.37941598892211914,400632716
2020-12-17,0.38001298904418945,0.3913469910621643,0.3762339949607849,0.37842199206352234,0.37842199206352234,571329729
2020-12-18,0.37643301486968994,0.38916000723838806,0.37643301486968994,0.3827970027923584,0.3827970027923584,642704306
2020-12-21,0.3768309950828552,0.3837909996509552,0.3726550042629242,0.3752399981021881,0.3752399981021881,550810676
2020-12-22,0.3766320049762726,0.38697299361228943,0.3766320049762726,0.3818019926548004,0.3818019926548004,378303255
2020-12-23,0.3837909996509552,0.3909499943256378,0.3831939995288849,0.3873699903488159,0.3873699903488159,403063373
2020-12-24,0.38816601037979126,0.39313700795173645,0.3853819966316223,0.38756901025772095,0.38756901025772095,278651486
2020-12-25,0.3897570073604584,0.39472800493240356,0.3873699903488159,0.38796699047088623,0.38796699047088623,301406180
2020-12-28,0.3897570073604584,0.39373400807380676,0.38697299361228943,0.38756901025772095,0.38756901025772095,219943683
2020-12-29,0.38796699047088623,0.42555099725723267,0.38597801327705383,0.3989039957523346,0.3989039957523346,2154650481
2020-12-30,0.4000970125198364,0.4100399911403656,0.3953250050544739,0.39810898900032043,0.39810898900032043,641644895
2020-12-31,0.39930200576782227,0.40566501021385193,0.39810898900032043,0.4024829864501953,0.4024829864501953,282882545
2021-01-04,0.4040740132331848,0.41481199860572815,0.40327900648117065,0.40924400091171265,0.40924400091171265,327087820
2021-01-05,0.4096420109272003,0.41481199860572815,0.3989039957523346,0.40487000346183777,0.40487000346183777,346384629
2021-01-06,0.4076539874076843,0.42197099328041077,0.40725600719451904,0.4191870093345642,0.4191870093345642,475128251
2021-01-07,0.42037999629974365,0.460548996925354,0.4195849895477295,0.460548996925354,0.460548996925354,913369800
2021-01-08,0.46532198786735535,0.46929898858070374,0.4422549903392792,0.45418599247932434,0.45418599247932434,1195208875
2021-01-11,0.454584002494812,0.4887869954109192,0.45020899176597595,0.4712870121002197,0.4712870121002197,1256508106
2021-01-12,0.4772529900074005,0.4943549931049347,0.471684992313385,0.4776510000228882,0.4776510000228882,993245116
2021-01-13,0.4788439869880676,0.48043501377105713,0.4641290009021759,0.46731001138687134,0.46731001138687134,466611873
2021-01-14,0.46691301465034485,0.482820987701416,0.454584002494812,0.4625380039215088,0.4625380039215088,877075539
2021-01-15,0.46134498715400696,0.4732759892940521,0.4585610032081604,0.47287800908088684,0.47287800908088684,352798628
2021-01-18,0.4736739993095398,0.4867979884147644,0.4736739993095398,0.482820987701416,0.482820987701416,511122144
2021-01-19,0.4871959984302521,0.5102630257606506,0.4792419970035553,0.5003200173377991,0.5003200173377991,920604042
2021-01-20,0.5019109845161438,0.5245810151100159,0.49674099683761597,0.5170239806175232,0.5170239806175232,824744420
2021-01-21,0.5174220204353333,0.5277619957923889,0.507876992225647,0.5110589861869812,0.5110589861869812,443938344
2021-01-22,0.5094680190086365,0.5098649859428406,0.4947519898414612,0.4983319938182831,0.4983319938182831,372919502
2021-01-25,0.5019109845161438,0.5082749724388123,0.49355900287628174,0.5007179975509644,0.5007179975509644,363157899
2021-01-26,0.4979340136051178,0.5313420295715332,0.49316200613975525,0.52537602186203,0.52537602186203,730955596
2021-01-27,0.52497798204422,0.5325350165367126,0.4848099946975708,0.4848099946975708,0.4848099946975708,596929400
2021-01-28,0.4772529900074005,0.5210009813308716,0.45935600996017456,0.5210009813308716,0.5210009813308716,832849846
2021-01-29,0.5150359869003296,0.5229899883270264,0.505092978477478,0.5090699791908264,0.5090699791908264,595627501
2021-02-01,0.514240026473999,0.5210009813308716,0.5090699791908264,0.5110589861869812,0.5110589861869812,308240885
2021-02-02,0.516228973865509,0.5221949815750122,0.5086719989776611,0.5150359869003296,0.5150359869003296,323740820
2021-02-03,0.5170239806175232,0.5516250133514404,0.5170239806175232,0.5424780249595642,0.5424780249595642,1345315427
2021-02-04,0.5428749918937683,0.5464550256729126,0.5337280035018921,0.5349209904670715,0.5349209904670715,460901853
2021-02-05,0.5396940112113953,0.5734990239143372,0.5396940112113953,0.5528180003166199,0.5528180003166199,855857990
2021-02-08,0.558784008026123,0.5667380094528198,0.5552049875259399,0.561568021774292,0.561568021774292,437754865
2021-02-09,0.5770789980888367,0.5957710146903992,0.5567950010299683,0.5738970041275024,0.5738970041275024,826546632
2021-02-10,0.5758860111236572,0.6025320291519165,0.5691239833831787,0.5957710146903992,0.5957710146903992,943578744
2021-02-11,0.5961689949035645,0.6383259892463684,0.5961689949035645,0.6224179863929749,0.6224179863929749,1493444968
2021-02-12,0.623212993144989,0.6844609975814819,0.6224179863929749,0.6844609975814819,0.6844609975814819,2499178589
2021-02-15,0.6955969929695129,0.7528669834136963,0.6665639877319336,0.7528669834136963,0.7528669834136963,2374374156
2021-02-16,0.785876989364624,0.8280349969863892,0.7469009757041931,0.8188869953155518,0.8188869953155518,3636104592
2021-02-17,0.8590559959411621,0.9004179835319519,0.8252509832382202,0.9004179835319519,0.9004179835319519,3161591310
2021-02-18,0.9226899743080139,0.9903010129928589,0.9207010269165039,0.9903010129928589,0.9903010129928589,3182328862
2021-02-19,1.0340490341186523,1.080780029296875,0.8912709951400757,0.8912709951400757,0.8912709951400757,3161891678
2021-02-22,0.8459320068359375,0.8550789952278137,0.8021829724311829,0.8021829724311829,0.8021829724311829,2696717028
2021-02-23,0.7596279978752136,0.7695710062980652,0.7222430109977722,0.7222430109977722,0.7222430109977722,2440821240
2021-02-24,0.6773020029067993,0.7942289710044861,0.6773020029067993,0.7942289710044861,0.7942289710044861,2527630630
2021-02-25,0.8188869953155518,0.8721799850463867,0.7787179946899414,0.8292279839515686,0.8292279839515686,2121968990
2021-02-26,0.7950239777565002,0.8578630089759827,0.777525007724762,0.8025810122489929,0.8025810122489929,1211855018
2021-03-01,0.830420970916748,0.839169979095459,0.7894570231437683,0.8013880252838135,0.8013880252838135,710836583
2021-03-02,0.8013880252838135,0.8013880252838135,0.7624120116233826,0.7695710062980652,0.7695710062980652,522316645
2021-03-03,0.7703660130500793,0.8053650259971619,0.7560489773750305,0.7791159749031067,0.7791159749031067,496598797
2021-03-04,0.7791159749031067,0.8137170076370239,0.7592300176620483,0.7914450168609619,0.7914450168609619,559888114
2021-03-05,0.7818999886512756,0.7954220175743103,0.7735480070114136,0.7807070016860962,0.7807070016860962,235693698
2021-03-08,0.7898539900779724,0.7922409772872925,0.7588329911231995,0.763604998588562,0.763604998588562,266066379
2021-03-09,0.763604998588562,0.8399659991264343,0.7584350109100342,0.8399659991264343,0.8399659991264343,1123358626
2021-03-10,0.8725780248641968,0.9238830208778381,0.8642259836196899,0.9238830208778381,0.9238830208778381,1734051425
2021-03-11,0.9572910070419312,0.9891080260276794,0.8439429998397827,0.892861008644104,0.892861008644104,4582680536
2021-03-12,0.8948500156402588,0.9226899743080139,0.8749639987945557,0.8964409828186035,0.8964409828186035,1341302617
2021-03-15,0.8968390226364136,0.9266669750213623,0.8876910209655762,0.8984289765357971,0.8984289765357971,1039249385
2021-03-16,0.9047930240631104,0.9143379926681519,0.8638290166854858,0.8709869980812073,0.8709869980812073,599629801
2021-03-17,0.8713849782943726,0.9147359728813171,0.8570669889450073,0.8952479958534241,0.8952479958534241,1173973424
2021-03-18,0.8936570286750793,0.9028040170669556,0.8630329966545105,0.8662149906158447,0.8662149906158447,614404285
2021-03-19,0.8662149906158447,0.8749639987945557,0.8347960114479065,0.8614420294761658,0.8614420294761658,476848292
2021-03-22,0.8252509832382202,0.8590559959411621,0.7755370140075684,0.7890589833259583,0.7890589833259583,958030381
2021-03-23,0.7898539900779724,0.8678060173988342,0.7556509971618652,0.8678060173988342,0.8678060173988342,892871266
2021-03-24,0.9143379926681519,0.9545069932937622,0.8785439729690552,0.9405869841575623,0.9405869841575623,2172680643
2021-03-25,0.9405869841575623,0.9743919968605042,0.9004179835319519,0.9020090103149414,0.9020090103149414,1977455942
2021-03-26,0.9071789979934692,0.9266669750213623,0.8729760050773621,0.8817260265350342,0.8817260265350342,931228330
2021-03-29,0.8841120004653931,0.9127470254898071,0.8769530057907104,0.8821229934692383,0.8821229934692383,636165997
2021-03-30,0.8880890011787415,0.8988270163536072,0.8689990043640137,0.8841120004653931,0.8841120004653931,749289898
2021-03-31,0.8849070072174072,0.9608700275421143,0.8817260265350342,0.8972359895706177,0.8972359895706177,2275382715
2021-04-01,0.9028040170669556,0.9425749778747559,0.8996229767799377,0.9405869841575623,0.9405869841575623,1152484825
2021-04-02,0.9545069932937622,0.9584839940071106,0.9306439757347107,0.9326329827308655,0.9326329827308655,831292335
2021-04-05,0.9346209764480591,0.9604719877243042,0.9322350025177002,0.9346209764480591,0.9346209764480591,638890636
2021-04-06,0.9358140230178833,0.9417799711227417,0.915132999420166,0.9163259863853455,0.9163259863853455,408260057
2021-04-07,0.9167240262031555,0.9242810010910034,0.8972359895706177,0.9000200033187866,0.9000200033187866,376509744
2021-04-08,0.9035999774932861,0.9163259863853455,0.8976340293884277,0.9000200033187866,0.9000200033187866,297744127
2021-04-09,0.9000200033187866,0.9071789979934692,0.8590559959411621,0.8789420127868652,0.8789420127868652,501857938
2021-04-12,0.8797370195388794,0.8817260265350342,0.8451359868049622,0.8471249938011169,0.8471249938011169,328891138
2021-04-13,0.8495110273361206,0.8610450029373169,0.822467029094696,0.8415570259094238,0.8415570259094238,513221707
2021-04-14,0.8622379899024963,0.9254739880561829,0.8614420294761658,0.9254739880561829,0.9254739880561829,753194589
2021-04-15,0.9545069932937622,0.9680290222167969,0.8876910209655762,0.9012129902839661,0.9012129902839661,1372043254
2021-04-16,0.9012129902839661,0.9163259863853455,0.8900780081748962,0.8936570286750793,0.8936570286750793,379739925
2021-04-19,0.895645022392273,0.9075769782066345,0.8737710118293762,0.8737710118293762,0.8737710118293762,528418557
2021-04-20,0.8777480125427246,0.8860999941825867,0.8511019945144653,0.8670099973678589,0.8670099973678589,348685242
2021-04-21,0.8701919913291931,0.8900780081748962,0.8280349969863892,0.886896014213562,0.886896014213562,503764245
2021-04-22,0.8809300065040588,0.9123489856719971,0.8578630089759827,0.8853049874305725,0.8853049874305725,615430858
2021-04-26,0.892861008644104,0.9501320123672485,0.8888840079307556,0.9346209764480591,0.9346209764480591,877478645
2021-04-27,0.9386360049247742,1.0218199491500854,0.9354159832000732,0.9842529892921448,0.9842529892921448,1522896355
2021-04-28,0.9842529892921448,0.984790027141571,0.9584929943084717,0.9767400026321411,0.9767400026321411,535406987
2021-04-29,0.9821069836616516,0.9998170137405396,0.9681529998779297,0.9778130054473877,0.9778130054473877,463062673
2021-04-30,0.975130021572113,0.9804970026016235,0.960640013217926,0.960640013217926,0.960640013217926,310676658
2021-05-03,0.9649329781532288,0.9896199703216553,0.9643959999084473,0.979960024356842,0.979960024356842,416026885
2021-05-04,0.9810330271720886,0.9880099892616272,0.955810010433197,0.9601029753684998,0.9601029753684998,320415930
2021-05-05,0.9617130160331726,0.970300018787384,0.9402459859848022,0.9423930048942566,0.9423930048942566,292019475
2021-05-06,0.9445400238037109,0.9627860188484192,0.9279029965400696,0.936489999294281,0.936489999294281,424014319
2021-05-07,0.9418560266494751,0.9445400238037109,0.9219989776611328,0.9273660182952881,0.9273660182952881,314578382
2021-05-10,0.9300490021705627,0.9525899887084961,0.9273660182952881,0.9348800182342529,0.9348800182342529,270222786
2021-05-11,0.9305859804153442,0.9305859804153442,0.9160959720611572,0.9209259748458862,0.9209259748458862,168060921
2021-05-12,0.911266028881073,0.9203889966011047,0.9026790261268616,0.9075090289115906,0.9075090289115906,109556010
2021-05-17,0.9150230288505554,0.9472230076789856,0.9150230288505554,0.9300490021705627,0.9300490021705627,279786941
2021-05-18,0.9332699775695801,0.9370260238647461,0.9134129881858826,0.9134129881858826,0.9134129881858826,162897716
2021-05-20,0.9128760099411011,0.9144859910011292,0.8935559988021851,0.8951659798622131,0.8951659798622131,180656731
2021-05-21,0.9080460071563721,0.9397100210189819,0.901606023311615,0.9107289910316467,0.9107289910316467,379674375
2021-05-24,0.9123389720916748,0.9144859910011292,0.8903359770774841,0.891946017742157,0.891946017742157,183052689
2021-05-25,0.8973129987716675,0.9193159937858582,0.8640390038490295,0.8640390038490295,0.8640390038490295,573677956
2021-05-26,0.8720890283584595,0.8828219771385193,0.845255970954895,0.8828219771385193,0.8828219771385193,274407402
2021-05-27,0.8828219771385193,0.887116014957428,0.8431090116500854,0.8431090116500854,0.8431090116500854,378330981
2021-05-28,0.8618919849395752,0.8688690066337585,0.8398889899253845,0.8543789982795715,0.8543789982795715,411714593
2021-05-31,0.849012017250061,0.850085973739624,0.824862003326416,0.8270090222358704,0.8270090222358704,263540101
2021-06-01,0.8307650089263916,0.9096559882164001,0.8286190032958984,0.9096559882164001,0.9096559882164001,573399834
2021-06-02,0.8994590044021606,0.9756659865379333,0.879065990447998,0.9332699775695801,0.9332699775695801,1981070777
2021-06-03,0.9332699775695801,0.9418560266494751,0.896776020526886,0.9053630232810974,0.9053630232810974,623409177
2021-06-04,0.9053630232810974,0.9198529720306396,0.8914089798927307,0.8940929770469666,0.8940929770469666,401065005
2021-06-07,0.8940929770469666,0.9134129881858826,0.8833590149879456,0.906436026096344,0.906436026096344,401273289
2021-06-08,0.9107289910316467,0.9418560266494751,0.9085829854011536,0.9177060127258301,0.9177060127258301,573533472
2021-06-09,0.9209259748458862,0.9295129776000977,0.9096559882164001,0.911266028881073,0.911266028881073,222804976
2021-06-10,0.911266028881073,0.9236090183258057,0.9069730043411255,0.9155589938163757,0.9155589938163757,292822090
2021-06-11,0.9177060127258301,0.9375630021095276,0.9128760099411011,0.9128760099411011,0.9128760099411011,369771204
2021-06-14,0.9177060127258301,0.9219989776611328,0.887116014957428,0.888725996017456,0.888725996017456,268368017
2021-06-15,0.8844320178031921,0.8957030177116394,0.86940598487854,0.8747720122337341,0.8747720122337341,222529947
2021-06-16,0.8758460283279419,0.8833590149879456,0.8570619821548462,0.858672022819519,0.858672022819519,176254328
2021-06-17,0.8575990200042725,0.8736990094184875,0.8463289737701416,0.8570619821548462,0.8570619821548462,212216766
2021-06-18,0.8613560199737549,0.8801389932632446,0.8592090010643005,0.864575982093811,0.864575982093811,230610846
2021-06-21,0.864575982093811,0.8672590255737305,0.8543789982795715,0.859745979309082,0.859745979309082,172154606
2021-06-22,0.8672590255737305,0.8758460283279419,0.8618919849395752,0.8618919849395752,0.8618919849395752,216120204
2021-06-23,0.8661860227584839,0.8720890283584595,0.834522008895874,0.8382790088653564,0.8382790088653564,332062182
2021-06-24,0.8398889899253845,0.8420360088348389,0.8194950222969055,0.8216419816017151,0.8216419816017151,386390899
2021-06-25,0.8216419816017151,0.8227149844169617,0.7867580056190491,0.7867580056190491,0.7867580056190491,390126189
2021-06-28,0.7867580056190491,0.8264719843864441,0.771731972694397,0.7776349782943726,0.7776349782943726,744642297
2021-06-29,0.7787079811096191,0.7840750217437744,0.7545580267906189,0.7588520050048828,0.7588520050048828,372240950
2021-06-30,0.760998010635376,0.7830020189285278,0.7245050072669983,0.7293350100517273,0.7293350100517273,670688504
2021-07-01,0.7325549721717834,0.752947986125946,0.7255780100822449,0.7427510023117065,0.7427510023117065,642317539
2021-07-02,0.7459719777107239,0.8060789704322815,0.7293350100517273,0.7679749727249146,0.7679749727249146,978294898
2021-07-05,0.7679749727249146,0.7996389865875244,0.7679749727249146,0.7926620244979858,0.7926620244979858,875749483
2021-07-06,0.7969549894332886,0.8023219704627991,0.775488018989563,0.775488018989563,0.775488018989563,421702658
2021-07-07,0.780318021774292,0.7856850028038025,0.7679749727249146,0.775488018989563,0.775488018989563,401433797
2021-07-08,0.7738779783248901,0.7760249972343445,0.7556319832801819,0.756168007850647,0.756168007850647,333567090
2021-07-09,0.7556319832801819,0.762607991695404,0.7406049966812134,0.7427510023117065,0.7427510023117065,340715313
2021-07-12,0.7443609833717346,0.7486550211906433,0.7089409828186035,0.7100149989128113,0.7100149989128113,405138566
2021-07-13,0.7132350206375122,0.7738779783248901,0.6933779716491699,0.7604619860649109,0.7604619860649109,1808389218
2021-07-14,0.7604619860649109,0.8361319899559021,0.7550950050354004,0.8361319899559021,0.8361319899559021,2499366819
2021-07-16,0.8425719738006592,0.8753089904785156,0.8076890110969543,0.8135920166969299,0.8135920166969299,1800244742
2021-07-19,0.8092989921569824,0.8184220194816589,0.7985649704933167,0.8023219704627991,0.8023219704627991,521299262
2021-07-26,0.810371994972229,0.8355950117111206,0.7926620244979858,0.7964190244674683,0.7964190244674683,660155411
2021-07-27,0.7964190244674683,0.8130549788475037,0.7872949838638306,0.7926620244979858,0.7926620244979858,581585787
2021-07-28,0.795881986618042,0.7991020083427429,0.7808550000190735,0.7808550000190735,0.7808550000190735,330419759
2021-07-29,0.7872949838638306,0.8028590083122253,0.7840750217437744,0.7872949838638306,0.7872949838638306,567010289
2021-07-30,0.7872949838638306,0.7894420027732849,0.7733420133590698,0.7738779783248901,0.7738779783248901,339167696
2021-08-02,0.7776349782943726,0.786221981048584,0.7711949944496155,0.775488018989563,0.775488018989563,228981541
2021-08-03,0.775488018989563,0.7883679866790771,0.7744150161743164,0.775488018989563,0.775488018989563,349136569
2021-08-04,0.7781720161437988,0.7996389865875244,0.7781720161437988,0.7808550000190735,0.7808550000190735,474914265
2021-08-05,0.7808550000190735,0.7996389865875244,0.7781720161437988,0.795881986618042,0.795881986618042,546298027
2021-08-06,0.8082249760627747,0.8275449872016907,0.7996389865875244,0.7996389865875244,0.7996389865875244,866736877
2021-08-09,0.8001750111579895,0.8050050139427185,0.7787079811096191,0.7808550000190735,0.7808550000190735,359419079
2021-08-10,0.7808550000190735,0.7819280028343201,0.7701219916343689,0.7728049755096436,0.7728049755096436,245190965
2021-08-11,0.7722679972648621,0.7728049755096436,0.7438250184059143,0.7454349994659424,0.7454349994659424,336514784
2021-08-12,0.7497280240058899,0.785148024559021,0.7497280240058899,0.7701219916343689,0.7701219916343689,573278232
2021-08-13,0.770658016204834,0.7722679972648621,0.7620720267295837,0.762607991695404,0.762607991695404,213249393
2021-08-16,0.7647550106048584,0.776561975479126,0.7583150267601013,0.7604619860649109,0.7604619860649109,234614979
2021-08-17,0.760998010635376,0.7615349888801575,0.7540220022201538,0.7567049860954285,0.7567049860954285,165878464
2021-08-18,0.7588520050048828,0.7679749727249146,0.7448980212211609,0.746508002281189,0.746508002281189,268053746
2021-08-19,0.74167799949646,0.757777988910675,0.7400680184364319,0.748117983341217,0.748117983341217,275442115
2021-08-20,0.7486550211906433,0.7524120211601257,0.7411410212516785,0.7486550211906433,0.7486550211906433,238502876
2021-08-23,0.7524120211601257,0.771731972694397,0.7491919994354248,0.7508019804954529,0.7508019804954529,906349898
2021-08-24,0.7583150267601013,0.7620720267295837,0.7486550211906433,0.7497280240058899,0.7497280240058899,316458567
2021-08-25,0.7497280240058899,0.7497280240058899,0.7314810156822205,0.732017993927002,0.732017993927002,227632296
2021-08-26,0.7325549721717834,0.7427510023117065,0.7169910073280334,0.7212849855422974,0.7212849855422974,266951021
2021-08-27,0.722357988357544,0.7314810156822205,0.7202110290527344,0.728797972202301,0.728797972202301,308943602
2021-08-31,0.73362797498703,0.7475820183753967,0.7309449911117554,0.7373849749565125,0.7373849749565125,508284759
2021-09-01,0.7400680184364319,0.7701219916343689,0.7395309805870056,0.7524120211601257,0.7524120211601257,838264696
2021-09-02,0.7540220022201538,0.7636820077896118,0.7524120211601257,0.7567049860954285,0.7567049860954285,401864229
2021-09-03,0.7583150267601013,0.7733420133590698,0.7491919994354248,0.7620720267295837,0.7620720267295837,767802691
2021-09-06,0.7642179727554321,0.7701219916343689,0.7556319832801819,0.756168007850647,0.756168007850647,385918206
2021-09-07,0.756168007850647,0.7631450295448303,0.738457977771759,0.738457977771759,0.738457977771759,407379233
2021-09-08,0.7389950156211853,0.7459719777107239,0.7277250289916992,0.728797972202301,0.728797972202301,404831003
2021-09-09,0.7255780100822449,0.7400680184364319,0.7255780100822449,0.7400680184364319,0.7400680184364319,261002156
2021-09-10,0.7400680184364319,0.74167799949646,0.7282609939575195,0.7309449911117554,0.7309449911117554,191833422
2021-09-13,0.732017993927002,0.7427510023117065,0.7266510128974915,0.7309449911117554,0.7309449911117554,276616430
2021-09-14,0.732017993927002,0.736847996711731,0.7228950262069702,0.7293350100517273,0.7293350100517273,239824395
2021-09-15,0.7282609939575195,0.7341650128364563,0.7132350206375122,0.7148450016975403,0.7148450016975403,293964989
2021-09-16,0.7191380262374878,0.7395309805870056,0.7110880017280579,0.7293350100517273,0.7293350100517273,616131379
2021-09-17,0.7309449911117554,0.7325549721717834,0.7175279855728149,0.7186009883880615,0.7186009883880615,261036740
2021-09-20,0.7137709856033325,0.7137709856033325,0.7008910179138184,0.7057210206985474,0.7057210206985474,216428736
2021-09-21,0.7105510234832764,0.7169910073280334,0.6944509744644165,0.6982079744338989,0.6982079744338989,324159903
2021-09-22,0.7008910179138184,0.7073310017585754,0.6928409934043884,0.7051849961280823,0.7051849961280823,222816343
2021-09-23,0.7062579989433289,0.7454349994659424,0.7030379772186279,0.7132350206375122,0.7132350206375122,919569704
2021-09-24,0.7110880017280579,0.7137709856033325,0.6976709961891174,0.7073310017585754,0.7073310017585754,236811187
2021-09-27,0.7116249799728394,0.7357749938964844,0.7116249799728394,0.7261149883270264,0.7261149883270264,459759193
2021-09-28,0.7282609939575195,0.728797972202301,0.7110880017280579,0.7116249799728394,0.7116249799728394,233872251
2021-09-29,0.7169910073280334,0.727187991142273,0.7116249799728394,0.7126979827880859,0.7126979827880859,317818507
2021-09-30,0.7137709856033325,0.7218210101127625,0.7116249799728394,0.7159180045127869,0.7159180045127869,278844389
2021-10-01,0.7110880017280579,0.722357988357544,0.7084050178527832,0.7180650234222412,0.7180650234222412,320758710
2021-10-04,0.7228950262069702,0.7357749938964844,0.7164549827575684,0.7180650234222412,0.7180650234222412,354361227
2021-10-05,0.7186009883880615,0.7196750044822693,0.7073310017585754,0.7105510234832764,0.7105510234832764,229139962
2021-10-06,0.7067949771881104,0.7164549827575684,0.6982079744338989,0.7110880017280579,0.7110880017280579,351122629
2021-10-07,0.7164549827575684,0.7266510128974915,0.7143080234527588,0.7169910073280334,0.7169910073280334,318978512
2021-10-08,0.7169910073280334,0.7502650022506714,0.7164549827575684,0.7379209995269775,0.7379209995269775,1277389329
2021-10-11,0.7406049966812134,0.7604619860649109,0.7357749938964844,0.7459719777107239,0.7459719777107239,567493640
2021-10-12,0.74167799949646,0.7652919888496399,0.738457977771759,0.7400680184364319,0.7400680184364319,1104635808
2021-10-13,0.7427510023117065,0.7497280240058899,0.7207480072975159,0.7266510128974915,0.7266510128974915,508548869
2021-10-14,0.7245050072669983,0.7330909967422485,0.7186009883880615,0.7191380262374878,0.7191380262374878,293852890
2021-10-15,0.7218210101127625,0.728797972202301,0.7100149989128113,0.7137709856033325,0.7137709856033325,304363212
2021-10-18,0.7126979827880859,0.7228950262069702,0.7121610045433044,0.7196750044822693,0.7196750044822693,222094112
2021-10-19,0.7212849855422974,0.7330909967422485,0.7212849855422974,0.7234309911727905,0.7234309911727905,366515053
2021-10-20,0.7255780100822449,0.7341650128364563,0.7169910073280334,0.7298709750175476,0.7298709750175476,440544648
2021-10-21,0.7298709750175476,0.7556319832801819,0.7207480072975159,0.7406049966812134,0.7406049966812134,1582604350
2021-10-22,0.7427510023117065,0.7615349888801575,0.74167799949646,0.7583150267601013,0.7583150267601013,841306115
2021-10-25,0.751338005065918,0.7991020083427429,0.7497280240058899,0.7883679866790771,0.7883679866790771,1432599200
2021-10-26,0.7926620244979858,0.8237890005111694,0.7926620244979858,0.8216419816017151,0.8216419816017151,1045533622
2021-10-27,0.8243250250816345,0.8372049927711487,0.810371994972229,0.829692006111145,0.829692006111145,967845880
2021-10-28,0.8264719843864441,0.8420360088348389,0.8232520222663879,0.832912027835846,0.832912027835846,343933749
2021-11-01,0.8404260277748108,0.8420360088348389,0.7996389865875244,0.8055419921875,0.8055419921875,843897798
2021-11-02,0.8055419921875,0.8275449872016907,0.8055419921875,0.8076890110969543,0.8076890110969543,778159138
2021-11-03,0.8076890110969543,0.810371994972229,0.7701219916343689,0.7953450083732605,0.7953450083732605,733120628
2021-11-04,0.8023219704627991,0.8125190138816833,0.8012490272521973,0.8017849922180176,0.8017849922180176,366123156
2021-11-05,0.8028590083122253,0.8033949732780457,0.7921249866485596,0.7926620244979858,0.7926620244979858,250327860
2021-11-08,0.7926620244979858,0.8194950222969055,0.7926620244979858,0.8184220194816589,0.8184220194816589,521013053
2021-11-09,0.820032000541687,0.8876529932022095,0.8135920166969299,0.863502025604248,0.863502025604248,1736791954
2021-11-10,0.8651120066642761,0.8812119960784912,0.8527690172195435,0.8543789982795715,0.8543789982795715,1019638441
2021-11-11,0.8506219983100891,0.888725996017456,0.8479390144348145,0.863502025604248,0.863502025604248,1341709316
2021-11-12,0.86940598487854,0.8817489743232727,0.8613560199737549,0.8661860227584839,0.8661860227584839,655357682
2021-11-15,0.8796020150184631,0.9166330099105835,0.8763819932937622,0.9058989882469177,0.9058989882469177,1302723943
2021-11-16,0.9058989882469177,0.9080460071563721,0.8736990094184875,0.8940929770469666,0.8940929770469666,738229759
2021-11-17,0.8908730149269104,0.9123389720916748,0.888725996017456,0.8957030177116394,0.8957030177116394,781496083
2021-11-18,0.8962389826774597,0.9155589938163757,0.8817489743232727,0.906436026096344,0.906436026096344,1073321920
2021-11-19,0.9123389720916748,0.9198529720306396,0.8946290016174316,0.8978490233421326,0.8978490233421326,585117489
2021-11-22,0.9037529826164246,0.9257559776306152,0.9026790261268616,0.9257559776306152,0.9257559776306152,868635547
2021-11-23,0.9262930154800415,0.9568830132484436,0.8855059742927551,0.9380999803543091,0.9380999803543091,1763181517
2021-11-24,0.9445400238037109,1.0314799547195435,0.9445400238037109,1.0314799547195435,1.0314799547195435,1549104763
2021-11-25,1.0524100065231323,1.1221779584884644,1.0330899953842163,1.0502640008926392,1.0502640008926392,2472258603
2021-11-26,1.0411399602890015,1.0974910259246826,1.0212830305099487,1.0577770471572876,1.0577770471572876,1652303876
2021-11-29,1.0685100555419922,1.1635010242462158,1.0685100555419922,1.1527680158615112,1.1527680158615112,2021609580
2021-11-30,1.1527680158615112,1.186040997505188,1.1355940103530884,1.1645749807357788,1.1645749807357788,1331987410
2021-12-01,1.1806750297546387,1.259564995765686,1.1806750297546387,1.2230720520019531,1.2230720520019531,1936380973
2021-12-02,1.2262920141220093,1.2552720308303833,1.2150219678878784,1.2477580308914185,1.2477580308914185,804730451
2021-12-03,1.2563450336456299,1.2622489929199219,1.2370250225067139,1.2413179874420166,1.2413179874420166,557678381
2021-12-06,1.2423919439315796,1.2440019845962524,1.190871000289917,1.2214620113372803,1.2214620113372803,730083905
2021-12-07,1.2343419790267944,1.2778120040893555,1.2107280492782593,1.2676149606704712,1.2676149606704712,1347291736
2021-12-08,1.270835041999817,1.275665044784546,1.245074987411499,1.2579549551010132,1.2579549551010132,867756832
2021-12-09,1.2584919929504395,1.344359040260315,1.2568819522857666,1.299815058708191,1.299815058708191,1302239027
2021-12-10,1.3014249801635742,1.3067920207977295,1.2477580308914185,1.2617119550704956,1.2617119550704956,775493555
2021-12-13,1.266005039215088,1.3239660263061523,1.266005039215088,1.3035720586776733,1.3035720586776733,848534051
2021-12-14,1.318598985671997,1.4181510210037231,1.318598985671997,1.4181510210037231,1.4181510210037231,1141796337
2021-12-15,1.4382760524749756,1.4704769849777222,1.3819259405136108,1.3913179636001587,1.3913179636001587,1063626399
2021-12-16,1.4194929599761963,1.5295100212097168,1.4141260385513306,1.5268269777297974,1.5268269777297974,1540517856
2021-12-17,1.5670770406723022,1.6368449926376343,1.3752180337905884,1.3953429460525513,1.3953429460525513,1767026334
2021-12-20,1.3411389589309692,1.4664520025253296,1.2665419578552246,1.3832679986953735,1.3832679986953735,1339287495
2021-12-21,1.3980259895324707,1.4490100145339966,1.245074987411499,1.2504420280456543,1.2504420280456543,1067224958
2021-12-22,1.2182420492172241,1.2842520475387573,1.1699409484863281,1.1801379919052124,1.1801379919052124,1386752708
2021-12-23,1.2075079679489136,1.2225350141525269,1.093196988105774,1.1613539457321167,1.1613539457321167,1073856587
2021-12-24,1.1801379919052124,1.2772749662399292,1.1656479835510254,1.2772749662399292,1.2772749662399292,1321355300
2021-12-27,1.3078659772872925,1.3872929811477661,1.305719017982483,1.3779009580612183,1.3779009580612183,1489815424
2021-12-28,1.4060759544372559,1.4235179424285889,1.345700979232788,1.4168100357055664,1.4168100357055664,1331814306
2021-12-29,1.4288849830627441,1.4490100145339966,1.379243016242981,1.4315680265426636,1.4315680265426636,1108761989
2021-12-30,1.4490100145339966,1.4959690570831299,1.4329099655151367,1.4610849618911743,1.4610849618911743,1231474378
2021-12-31,1.4543770551681519,1.4610849618911743,1.4154679775238037,1.4181510210037231,1.4181510210037231,581110486
2022-01-03,1.4248600006103516,1.4476679563522339,1.4007099866867065,1.4288849830627441,1.4288849830627441,553485343
2022-01-04,1.4382760524749756,1.5160939693450928,1.4355930089950562,1.4879180192947388,1.4879180192947388,1331975783
2022-01-05,1.4906020164489746,1.5026769638061523,1.4637680053710938,1.4919439554214478,1.4919439554214478,551730597
2022-01-06,1.4758429527282715,1.5187770128250122,1.4637680053710938,1.4704769849777222,1.4704769849777222,584792820
2022-01-07,1.486577033996582,1.4999940395355225,1.4490100145339966,1.4812099933624268,1.4812099933624268,473678348
2022-01-10,1.4932849407196045,1.5590269565582275,1.4812099933624268,1.5160939693450928,1.5160939693450928,1103101421
2022-01-11,1.5402439832687378,1.545611023902893,1.4812099933624268,1.4852349758148193,1.4852349758148193,687179777
2022-01-12,1.5147520303726196,1.5147520303726196,1.4570599794387817,1.4677929878234863,1.4677929878234863,462130742
2022-01-13,1.4570599794387817,1.4812099933624268,1.4221760034561157,1.4248600006103516,1.4248600006103516,463449540
2022-01-14,1.4221760034561157,1.4664520025253296,1.4154679775238037,1.4396179914474487,1.4396179914474487,612602360
2022-01-17,1.4476679563522339,1.4664520025253296,1.427543044090271,1.4355930089950562,1.4355930089950562,463005692
2022-01-18,1.4302259683609009,1.4423010349273682,1.3271859884262085,1.3287960290908813,1.3287960290908813,450084430
2022-01-19,1.328258991241455,1.36850905418396,1.3116220235824585,1.3470419645309448,1.3470419645309448,986595820
2022-01-20,1.3564339876174927,1.3765590190887451,1.2890820503234863,1.3175259828567505,1.3175259828567505,615620041
2022-01-21,1.3148419857025146,1.3277219533920288,1.2965949773788452,1.308938980102539,1.308938980102539,469042431
2022-01-24,1.3067920207977295,1.3169889450073242,1.2295119762420654,1.2407820224761963,1.2407820224761963,637702529
2022-01-25,1.2558079957962036,1.3357720375061035,1.196774959564209,1.315379023551941,1.315379023551941,1093749650
2022-01-26,1.3175259828567505,1.3212820291519165,1.279958963394165,1.279958963394165,1.279958963394165,651161737
2022-01-27,1.2531249523162842,1.3035720586776733,1.2461479902267456,1.299815058708191,1.299815058708191,603080354
2022-01-28,1.3014249801635742,1.3169889450073242,1.2676149606704712,1.270298957824707,1.270298957824707,407597132
2022-01-31,1.2794220447540283,1.285325050354004,1.2520519495010376,1.2579549551010132,1.2579549551010132,343105681
2022-02-01,1.2617119550704956,1.328258991241455,1.2617119550704956,1.300889015197754,1.300889015197754,971011286
2022-02-02,1.3051819801330566,1.32020902633667,1.265468955039978,1.269225001335144,1.269225001335144,459956596
2022-02-03,1.2697620391845703,1.285325050354004,1.2311220169067383,1.2440019845962524,1.2440019845962524,402765415
2022-02-04,1.2477580308914185,1.2821049690246582,1.2236080169677734,1.274055004119873,1.274055004119873,741560071
2022-02-07,1.2745920419692993,1.2965949773788452,1.235414981842041,1.2842520475387573,1.2842520475387573,652613316
2022-02-08,1.2826420068740845,1.3255759477615356,1.2772749662399292,1.290155053138733,1.290155053138733,681528414
2022-02-09,1.3014249801635742,1.3357720375061035,1.2971320152282715,1.333088994026184,1.333088994026184,838481365
2022-02-10,1.3341619968414307,1.3384560346603394,1.3084019422531128,1.3100119829177856,1.3100119829177856,480723453
2022-02-11,1.296059012413025,1.325039029121399,1.2772749662399292,1.3148419857025146,1.3148419857025146,611864105
2022-02-14,1.2880090475082397,1.2971320152282715,1.2611750364303589,1.2611750364303589,1.2611750364303589,533151078
2022-02-15,1.270298957824707,1.3003519773483276,1.2627849578857422,1.2826420068740845,1.2826420068740845,448659571
2022-02-16,1.289618968963623,1.32020902633667,1.28854501247406,1.294448971748352,1.294448971748352,532938285
2022-02-17,1.30410897731781,1.3196719884872437,1.2729820013046265,1.2735190391540527,1.2735190391540527,575056083
2022-02-18,1.2890820503234863,1.294985055923462,1.2617119550704956,1.280495047569275,1.280495047569275,294427954
2022-02-21,1.291229009628296,1.3110860586166382,1.270298957824707,1.2890820503234863,1.2890820503234863,507413163
2022-02-22,1.2477580308914185,1.2762019634246826,1.2466850280761719,1.266005039215088,1.266005039215088,431633966
2022-02-23,1.2772749662399292,1.2826420068740845,1.254734992980957,1.254734992980957,1.254734992980957,298869562
2022-02-24,1.1404240131378174,1.1935549974441528,1.1296910047531128,1.1296910047531128,1.1296910047531128,485078416
2022-02-25,1.1538410186767578,1.2423919439315796,1.132910966873169,1.2423919439315796,1.2423919439315796,854958999
2022-02-28,1.2391719818115234,1.2767390012741089,1.2300479412078857,1.2466850280761719,1.2466850280761719,554513385
2022-03-01,1.2611750364303589,1.280495047569275,1.2327320575714111,1.2493679523468018,1.2493679523468018,355082042
2022-03-02,1.249904990196228,1.274055004119873,1.2375619411468506,1.2676149606704712,1.2676149606704712,445194465
2022-03-03,1.3228919506072998,1.3416759967803955,1.2965949773788452,1.3051819801330566,1.3051819801330566,587909817
2022-03-04,1.3019620180130005,1.3266489505767822,1.2976690530776978,1.3014249801635742,1.3014249801635742,432982615
2022-03-07,1.2955219745635986,1.3191360235214233,1.278885006904602,1.313768982887268,1.313768982887268,461688981
2022-03-08,1.303035020828247,1.3832679986953735,1.3019620180130005,1.361801028251648,1.361801028251648,900877676
2022-03-09,1.4221760034561157,1.4973100423812866,1.4114429950714111,1.4973100423812866,1.4973100423812866,1729260592
2022-03-10,1.5160939693450928,1.5670770406723022,1.420835018157959,1.4409600496292114,1.4409600496292114,1622853590
2022-03-11,1.4423010349273682,1.4677929878234863,1.4074180126190186,1.4248600006103516,1.4248600006103516,652787464
2022-03-14,1.4355930089950562,1.4382760524749756,1.4127850532531738,1.4141260385513306,1.4141260385513306,411377366
2022-03-15,1.4141260385513306,1.4315680265426636,1.3953429460525513,1.3966840505599976,1.3966840505599976,321209974
2022-03-16,1.403393030166626,1.4248600006103516,1.3940010070800781,1.4007099866867065,1.4007099866867065,250014595
2022-03-17,1.4114429950714111,1.4490100145339966,1.4087599515914917,1.4235179424285889,1.4235179424285889,430350199
2022-03-18,1.4262009859085083,1.469135046005249,1.4262009859085083,1.4610849618911743,1.4610849618911743,659514161
2022-03-21,1.4758429527282715,1.4812099933624268,1.4530349969863892,1.4570599794387817,1.4570599794387817,390938084
2022-03-22,1.4610849618911743,1.5321940183639526,1.451693058013916,1.5093849897384644,1.5093849897384644,751146698
2022-03-23,1.5147520303726196,1.5321940183639526,1.489259958267212,1.5026769638061523,1.5026769638061523,653733110
2022-03-24,1.506701946258545,1.6341609954833984,1.506701946258545,1.5711020231246948,1.5711020231246948,1231529272
2022-03-25,1.57915198802948,1.6274529695510864,1.5576859712600708,1.6100109815597534,1.6100109815597534,914429790
2022-03-28,1.6153780221939087,1.7227120399475098,1.6073280572891235,1.6247689723968506,1.6247689723968506,1454816444
2022-03-29,1.6408699750900269,1.6462359428405762,1.5845190286636353,1.593911051750183,1.593911051750183,610261222
2022-03-30,1.5992779731750488,1.6502610445022583,1.587203025817871,1.6126940250396729,1.6126940250396729,601841829
2022-03-31,1.6234279870986938,1.6462359428405762,1.5831769704818726,1.5979360342025757,1.5979360342025757,497000331
2022-04-01,1.6019610166549683,1.6153780221939087,1.5804940462112427,1.587203025817871,1.587203025817871,356896936
2022-04-04,1.6073280572891235,1.6757529973983765,1.5979360342025757,1.6475780010223389,1.6475780010223389,750301748
2022-04-05,1.6542860269546509,1.6677030324935913,1.614035964012146,1.6422109603881836,1.6422109603881836,646264616
2022-04-06,1.6408699750900269,1.6770950555801392,1.6301360130310059,1.6435530185699463,1.6435530185699463,688108503
2022-04-07,1.655627965927124,1.703927993774414,1.655627965927124,1.6717280149459839,1.6717280149459839,601299820
2022-04-08,1.6770950555801392,1.7522289752960205,1.6717280149459839,1.7441790103912354,1.7441790103912354,821935235
2022-04-11,1.7710119485855103,1.8219959735870361,1.73881196975708,1.7656450271606445,1.7656450271606445,1153439682
2022-04-12,1.7683290243148804,1.7710119485855103,1.730762004852295,1.7441790103912354,1.7441790103912354,494544746
2022-04-13,1.756253957748413,1.7857710123062134,1.724053978919983,1.7441790103912354,1.7441790103912354,578017676
2022-04-14,1.756253957748413,1.779062032699585,1.7495449781417847,1.7575949430465698,1.7575949430465698,486943881
2022-04-15,1.75491201877594,1.773695945739746,1.7495449781417847,1.7602790594100952,1.7602790594100952,320509581
2022-04-18,1.7643040418624878,1.8166290521621704,1.7643040418624878,1.7978459596633911,1.7978459596633911,652379430
2022-04-19,1.8193130493164062,1.8246790170669556,1.7777210474014282,1.7871119976043701,1.7871119976043701,408888762
2022-04-20,1.7924790382385254,1.8005290031433105,1.7763789892196655,1.7857710123062134,1.7857710123062134,275819963
2022-04-21,1.7991869449615479,1.8367539644241333,1.7924790382385254,1.80321204662323,1.80321204662323,560332412
2022-04-22,1.7951619625091553,1.8260209560394287,1.70661199092865,1.7535699605941772,1.7535699605941772,608023089
2022-04-25,1.7508870363235474,1.7575949430465698,1.697219967842102,1.7173449993133545,1.7173449993133545,476338342
2022-04-26,1.732103943824768,1.7401540279388428,1.6368449926376343,1.6475780010223389,1.6475780010223389,548228076
2022-04-27,1.6462359428405762,1.6717280149459839,1.6167190074920654,1.6677030324935913,1.6677030324935913,462576117
2022-04-28,1.679777979850769,1.7092950344085693,1.6636780500411987,1.689170002937317,1.689170002937317,384109611
2022-04-29,1.70661199092865,1.7495449781417847,1.6650199890136719,1.7173449993133545,1.7173449993133545,503667811
2022-05-05,1.767791986465454,1.8439990282058716,1.7495449781417847,1.8439990282058716,1.8439990282058716,645476330
2022-05-06,1.8375589847564697,1.8375589847564697,1.7795989513397217,1.80321204662323,1.80321204662323,570198540
2022-05-09,1.8676129579544067,1.8858599662780762,1.794625997543335,1.8096519708633423,1.8096519708633423,760037423
2022-05-10,1.8117990493774414,1.8300460577011108,1.804286003112793,1.823606014251709,1.823606014251709,112689236
2022-05-11,1.7978459596633911,1.8053590059280396,1.7366650104522705,1.7624249458312988,1.7624249458312988,465332501
2022-05-12,1.7441790103912354,1.7441790103912354,1.6937320232391357,1.715198040008545,1.715198040008545,380923801
2022-05-13,1.73881196975708,1.7602790594100952,1.7109049558639526,1.758131980895996,1.758131980895996,276043005
2022-05-16,1.7495449781417847,1.7817460298538208,1.7280789613723755,1.7280789613723755,1.7280789613723755,323130985
2022-05-17,1.7334450483322144,1.7667189836502075,1.7109049558639526,1.7409590482711792,1.7409590482711792,317902376
2022-05-18,1.73881196975708,1.7495449781417847,1.719491958618164,1.719491958618164,1.719491958618164,234888685
2022-05-20,1.719491958618164,1.7237850427627563,1.6754850149154663,1.6754850149154663,1.6754850149154663,231389145
2022-05-23,1.6829979419708252,1.699097990989685,1.6389909982681274,1.6454310417175293,1.6454310417175293,341241203
2022-05-24,1.6550910472869873,1.686218023300171,1.6486510038375854,1.670117974281311,1.670117974281311,372856207
2022-05-25,1.6722650527954102,1.7023179531097412,1.6572380065917969,1.700171947479248,1.700171947479248,393203924
2022-05-26,1.7012449502944946,1.7495449781417847,1.6883649826049805,1.7420320510864258,1.7420320510864258,373936292
2022-05-27,1.735592007637024,1.8085789680480957,1.735592007637024,1.767791986465454,1.767791986465454,514991444
2022-05-30,1.8053590059280396,1.8461459875106812,1.7989189624786377,1.8343390226364136,1.8343390226364136,522228082
2022-05-31,1.8354129791259766,1.9921200275421143,1.8343390226364136,1.957774043083191,1.957774043083191,1248064017
2022-06-01,1.957774043083191,2.066180944442749,1.9320130348205566,2.0243210792541504,2.0243210792541504,1032588827
2022-06-02,2.02968692779541,2.2003490924835205,2.012514114379883,2.1574149131774902,2.1574149131774902,1562315774
2022-06-03,2.175662040710449,2.364569902420044,2.1627819538116455,2.355983018875122,2.355983018875122,1834467864
2022-06-06,2.36564302444458,2.4439969062805176,2.280848979949951,2.3763771057128906,2.3763771057128906,1869080815
2022-06-07,2.3806700706481934,2.460097074508667,2.3334429264068604,2.3334429264068604,2.3334429264068604,1158689756
2022-06-08,2.3441760540008545,2.43218994140625,2.279776096343994,2.298022985458374,2.298022985458374,1252891150
2022-06-09,2.3334429264068604,2.375303030014038,2.308756113052368,2.366715908050537,2.366715908050537,1036083839
2022-06-10,2.355983018875122,2.3892569541931152,2.337735891342163,2.3592031002044678,2.3592031002044678,666000991
2022-06-13,2.355983018875122,2.366715908050537,2.2593820095062256,2.2872889041900635,2.2872889041900635,600849618
2022-06-14,2.3066089153289795,2.4203829765319824,2.280848979949951,2.3914029598236084,2.3914029598236084,1033855600
2022-06-15,2.4075028896331787,2.4450700283050537,2.3731560707092285,2.3999900817871094,2.3999900817871094,805161703
2022-06-16,2.4107229709625244,2.52557110786438,2.4107229709625244,2.4386301040649414,2.4386301040649414,1311870915
2022-06-17,2.4536569118499756,2.4719040393829346,2.3978428840637207,2.4708309173583984,2.4708309173583984,771158027
2022-06-20,2.4901509284973145,2.516983985900879,2.4236040115356445,2.4429240226745605,2.4429240226745605,676160278
2022-06-21,2.449363946914673,2.484783887863159,2.4150168895721436,2.451509952545166,2.451509952545166,648875511
2022-06-22,2.4558041095733643,2.4901509284973145,2.4203829765319824,2.4203829765319824,2.4203829765319824,507217605
2022-06-23,2.421457052230835,2.468683958053589,2.404283046722412,2.4096500873565674,2.4096500873565674,535189051
2022-06-24,2.4193100929260254,2.4268240928649902,2.340955972671509,2.3763771057128906,2.3763771057128906,449506161
2022-06-27,2.3237829208374023,2.3774499893188477,2.2958760261535645,2.3431029319763184,2.3431029319763184,307423507
2022-06-28,2.337735891342163,2.3538360595703125,2.2400619983673096,2.271188974380493,2.271188974380493,404150529
2022-06-29,2.275481939315796,2.290508985519409,2.2207419872283936,2.2218151092529297,2.2218151092529297,419695710
2022-06-30,2.2218151092529297,2.2486488819122314,2.1456079483032227,2.1917619705200195,2.1917619705200195,528612371
2022-07-01,2.1917619705200195,2.246501922607422,2.188541889190674,2.2432820796966553,2.2432820796966553,375826241
2022-07-04,2.2572360038757324,2.2679688930511475,2.1735150814056396,2.1735150814056396,2.1735150814056396,292100977
2022-07-05,2.175662040710449,2.2379159927368164,2.1177010536193848,2.1273610591888428,2.1273610591888428,626565304
2022-07-06,2.1402409076690674,2.1821019649505615,2.1305809020996094,2.1627819538116455,2.1627819538116455,402767241
2022-07-07,2.166002035140991,2.2336220741271973,2.1627819538116455,2.1960549354553223,2.1960549354553223,369668403
2022-07-08,2.198201894760132,2.2110819816589355,2.181027889251709,2.20786190032959,2.20786190032959,101443547
2022-07-13,2.2110819816589355,2.226109027862549,2.133800983428955,2.1488280296325684,2.1488280296325684,272096375
2022-07-14,2.1434619426727295,2.1745879650115967,2.1209208965301514,2.128434896469116,2.128434896469116,363110693
2022-07-18,2.1488280296325684,2.227181911468506,2.1488280296325684,2.2057149410247803,2.2057149410247803,484921765
2022-07-19,2.199275016784668,2.260456085205078,2.188541889190674,2.2443559169769287,2.2443559169769287,426419184
2022-07-20,2.2540159225463867,2.319489002227783,2.25079607963562,2.2948029041290283,2.2948029041290283,433283023
2022-07-21,2.300168991088867,2.3066089153289795,2.2475759983062744,2.2540159225463867,2.2540159225463867,308670213
2022-07-22,2.264749050140381,2.2829959392547607,2.152048110961914,2.216449022293091,2.216449022293091,225758222
2022-07-25,2.218595027923584,2.2583088874816895,2.213228940963745,2.2529420852661133,2.2529420852661133,270027005
2022-07-26,2.264749050140381,2.2722620964050293,2.2100090980529785,2.2143020629882812,2.2143020629882812,239854339
2022-07-27,2.222888946533203,2.2336220741271973,2.188541889190674,2.188541889190674,2.188541889190674,180657421
2022-07-28,2.2143020629882812,2.2572360038757324,2.203568935394287,2.241136074066162,2.241136074066162,416260679
2022-07-29,2.2540159225463867,2.4075028896331787,2.226109027862549,2.3871099948883057,2.3871099948883057,911487147
2022-08-01,2.3989169597625732,2.496591091156006,2.3806700706481934,2.4955170154571533,2.4955170154571533,836736533
2022-08-02,2.506251096725464,2.682279109954834,2.488003969192505,2.5899710655212402,2.5899710655212402,1158768110
2022-08-03,2.6103649139404297,2.683351993560791,2.60821795463562,2.674765110015869,2.674765110015869,732471608
2022-08-04,2.710186004638672,2.763853073120117,2.683351993560791,2.686034917831421,2.686034917831421,540076799
2022-08-05,2.710186004638672,2.720918893814087,2.630758047103882,2.672619104385376,2.672619104385376,592825552
2022-08-08,2.694084882736206,2.8363029956817627,2.6887190341949463,2.7906858921051025,2.7906858921051025,709157489
2022-08-09,2.7933690547943115,2.8255701065063477,2.683351993560791,2.694084882736206,2.694084882736206,686455347
2022-08-10,2.694084882736206,2.833620071411133,2.6532979011535645,2.833620071411133,2.833620071411133,625577118
2022-08-11,2.852402925491333,2.9194869995117188,2.804102897644043,2.8282530307769775,2.8282530307769775,818562775
2022-08-12,2.8282530307769775,2.8738698959350586,2.7799530029296875,2.8228859901428223,2.8228859901428223,535585905
2022-08-15,2.844352960586548,2.8953371047973633,2.7799530029296875,2.7853190898895264,2.7853190898895264,468282375
2022-08-16,2.806786060333252,2.844352960586548,2.6994519233703613,2.844352960586548,2.844352960586548,541964624
2022-08-17,2.852402925491333,2.879236936569214,2.8228859901428223,2.841670036315918,2.841670036315918,488361920
2022-08-18,2.852402925491333,2.898020029067993,2.7880029678344727,2.833620071411133,2.833620071411133,585268680
2022-08-19,2.833620071411133,2.887286901473999,2.8282530307769775,2.844352960586548,2.844352960586548,471946522
2022-08-22,2.8470370769500732,2.9516870975494385,2.8255701065063477,2.841670036315918,2.841670036315918,1061535359
2022-08-23,2.841670036315918,2.9007039070129395,2.8228859901428223,2.8550870418548584,2.8550870418548584,498617375
2022-08-24,2.8711869716644287,2.879236936569214,2.7853190898895264,2.7933690547943115,2.7933690547943115,394471872
2022-08-25,2.798736095428467,2.8631370067596436,2.798736095428467,2.8121531009674072,2.8121531009674072,373083516
2022-08-26,2.8309359550476074,2.8685030937194824,2.777268886566162,2.8255701065063477,2.8255701065063477,460060682
2022-08-29,2.8228859901428223,2.8631370067596436,2.7933690547943115,2.8470370769500732,2.8470370769500732,345958418
2022-08-31,2.8550870418548584,2.9060699939727783,2.8550870418548584,2.8711869716644287,2.8711869716644287,435206549
2022-09-01,2.8685030937194824,2.8711869716644287,2.8121531009674072,2.8175199031829834,2.8175199031829834,349673155
2022-09-02,2.8282530307769775,2.879236936569214,2.8202030658721924,2.8658199310302734,2.8658199310302734,389022159
2022-09-05,2.8658199310302734,3.067070960998535,2.8658199310302734,3.045604944229126,3.045604944229126,749723013
2022-09-06,3.085855007171631,3.134155035018921,2.973154067993164,3.0321879386901855,3.0321879386901855,634969809
2022-09-07,3.037554979324341,3.0617051124572754,2.973154067993164,2.9919381141662598,2.9919381141662598,375002291
2022-09-08,3.0053539276123047,3.096587896347046,2.9516870975494385,2.967787027359009,2.967787027359009,526390412
2022-09-09,2.975836992263794,3.0348711013793945,2.967787027359009,2.9973039627075195,2.9973039627075195,338124244
2022-09-12,3.018770933151245,3.0321879386901855,2.975836992263794,3.002671003341675,3.002671003341675,846333650
2022-09-13,3.0429210662841797,3.0643880367279053,2.7906858921051025,2.7906858921051025,2.7906858921051025,662236353
2022-09-14,2.7906858921051025,2.932904005050659,2.7128689289093018,2.9221699237823486,2.9221699237823486,509323963
2022-09-15,2.930219888687134,2.9785211086273193,2.8738698959350586,2.8926539421081543,2.8926539421081543,366485873
2022-09-16,2.8926539421081543,2.973154067993164,2.8738698959350586,2.9597370624542236,2.9597370624542236,289624281
2022-09-19,2.967787027359009,3.0429210662841797,2.8631370067596436,2.8658199310302734,2.8658199310302734,359934405
2022-09-20,2.8738698959350586,3.1448891162872314,2.8631370067596436,3.1448891162872314,3.1448891162872314,725694750
2022-09-21,3.1126880645751953,3.1583049297332764,3.0348711013793945,3.0804879665374756,3.0804879665374756,592774776
2022-09-22,3.083172082901001,3.217339038848877,3.0643880367279053,3.1153719425201416,3.1153719425201416,788932192
2022-09-23,3.1261050701141357,3.327357053756714,3.1100049018859863,3.3219900131225586,3.3219900131225586,1014305392
2022-09-26,3.300523042678833,3.6010589599609375,3.2871060371398926,3.560807943344116,3.560807943344116,974508870
2022-09-27,3.5634920597076416,3.7432758808135986,3.5232410430908203,3.703026056289673,3.703026056289673,952575617
2022-09-28,3.6896090507507324,3.745959997177124,3.582274913787842,3.627892017364502,3.627892017364502,726111486
2022-09-29,3.6493589878082275,3.6922929286956787,3.343456983566284,3.5339748859405518,3.5339748859405518,579710484
2022-09-30,3.5366580486297607,3.737910032272339,3.493725061416626,3.6600921154022217,3.6600921154022217,721720710
2022-10-03,3.673508882522583,3.8506100177764893,3.630574941635132,3.8264598846435547,3.8264598846435547,940644963
2022-10-04,3.8962268829345703,4.207496166229248,3.8962268829345703,4.207496166229248,4.207496166229248,822589267
2022-10-05,4.347031116485596,4.580482006072998,4.325563907623291,4.440948009490967,4.440948009490967,1404127056
2022-10-06,4.561698913574219,4.859550952911377,4.365814208984375,4.572432041168213,4.572432041168213,1747052216
2022-10-07,4.575116157531738,4.79246711730957,4.499981880187988,4.671716213226318,4.671716213226318,913949272
2022-10-10,4.6770830154418945,4.709282875061035,4.518764972686768,4.601949214935303,4.601949214935303,520692689
2022-10-11,4.601949214935303,4.749533176422119,4.540232181549072,4.567066192626953,4.567066192626953,588709879
2022-10-12,4.569748878479004,4.599266052246094,4.3899641036987305,4.395330905914307,4.395330905914307,632213034
2022-10-13,4.395330905914307,4.738800048828125,4.336297035217285,4.690499782562256,4.690499782562256,815552883
2022-10-14,4.7253828048706055,4.773684024810791,4.599266052246094,4.599266052246094,4.599266052246094,510945815
2022-10-17,4.534864902496338,4.612682819366455,4.400698184967041,4.513398170471191,4.513398170471191,468500963
2022-10-18,4.516081809997559,4.70123291015625,4.459731101989746,4.607316017150879,4.607316017150879,399910814
2022-10-19,4.607316017150879,4.652933120727539,4.534864902496338,4.553648948669434,4.553648948669434,216275849
2022-10-20,4.553648948669434,4.6421990394592285,4.475831985473633,4.575116157531738,4.575116157531738,286806201
2022-10-21,4.575116157531738,5.031285762786865,4.537549018859863,4.999084949493408,4.999084949493408,654348105
2022-10-24,5.004452228546143,5.441837787628174,4.934685230255127,5.366704940795898,5.366704940795898,526182519
2022-10-25,5.366704940795898,5.796041011810303,5.366704940795898,5.635039806365967,5.635039806365967,557929801
2022-10-26,5.645772933959961,5.849708080291748,5.5008721351623535,5.592105865478516,5.592105865478516,270917626
2022-10-27,5.59747314453125,5.672606945037842,5.468671798706055,5.576005935668945,5.576005935668945,184158433
2022-10-28,5.576005935668945,5.898007869720459,5.5008721351623535,5.865808010101318,5.865808010101318,242939099
2022-10-31,5.8711748123168945,6.450778961181641,5.8711748123168945,6.450778961181641,6.450778961181641,444442906
2022-11-01,6.574213027954102,7.078682899475098,6.547379970550537,7.057217121124268,7.057217121124268,629761530
2022-11-02,6.976716041564941,6.976716041564941,6.627880096435547,6.783514976501465,6.783514976501465,461873731
2022-11-03,6.772780895233154,7.459720134735107,6.482978820800781,7.293352127075195,7.293352127075195,630005795
2022-11-04,7.309452056884766,7.878323078155518,7.309452056884766,7.701220989227295,7.701220989227295,410645651
2022-11-07,7.6743879318237305,8.055423736572266,7.293352127075195,7.588520050048828,7.588520050048828,436276125
2022-11-08,7.588520050048828,7.669021129608154,7.3523850440979,7.465085983276367,7.465085983276367,299184765
2022-11-09,7.465085983276367,7.781722068786621,7.465085983276367,7.529487133026123,7.529487133026123,200913965
2022-11-10,7.599254131317139,7.835389137268066,7.513387203216553,7.67975378036499,7.67975378036499,246757327
2022-11-11,7.996389865875244,8.130558013916016,7.787088871002197,7.894423007965088,7.894423007965088,201052766
2022-11-14,7.894423007965088,8.291559219360352,7.819289207458496,8.280824661254883,8.280824661254883,213005779
2022-11-15,8.345226287841797,9.107297897338867,8.345226287841797,9.107297897338867,9.107297897338867,321402103
2022-11-16,9.477601051330566,10.014270782470703,9.477601051330566,9.998170852661133,9.998170852661133,487779403
2022-11-17,10.051837921142578,10.148439407348633,8.999963760375977,8.999963760375977,8.999963760375977,144783100
2022-11-18,8.103723526000977,8.103723526000977,8.103723526000977,8.103723526000977,8.103723526000977,30379031
2022-11-21,7.293352127075195,7.293352127075195,7.293352127075195,7.293352127075195,7.293352127075195,41099612
2022-11-22,6.606412887573242,8.01785659790039,6.601047039031982,8.01785659790039,8.01785659790039,687104088
2022-11-23,8.01785659790039,8.581360816955566,7.23968505859375,8.114458084106445,8.114458084106445,283894489
2022-11-24,8.050057411193848,8.050057411193848,7.400685787200928,7.64218807220459,7.64218807220459,138007173
2022-11-25,7.56705379486084,7.572420120239258,6.880115032196045,6.987450122833252,6.987450122833252,188301347
2022-11-28,6.923048973083496,7.250418186187744,6.289778232574463,7.1430840492248535,7.1430840492248535,272035053
2022-11-29,6.960616111755371,7.7226881980896,6.617146968841553,7.5563201904296875,7.5563201904296875,187581725
2022-11-30,6.756680965423584,7.078682899475098,6.756680965423584,6.960616111755371,6.960616111755371,787032069
2022-12-01,6.91768217086792,7.379219055175781,6.574213027954102,6.982082843780518,6.982082843780518,225045681
2022-12-02,6.923048973083496,6.923048973083496,6.305878162384033,6.4400458335876465,6.4400458335876465,193389721
2022-12-05,6.3595452308654785,6.3595452308654785,5.796041011810303,5.796041011810303,5.796041011810303,128355385
2022-12-06,5.262053966522217,6.236111164093018,5.216436862945557,6.075109958648682,6.075109958648682,299111107
2022-12-07,5.6940741539001465,6.123410224914551,5.527706146240234,5.635039806365967,5.635039806365967,136069392
2022-12-08,5.58137321472168,5.742373943328857,5.393537998199463,5.608205795288086,5.608205795288086,69497893
2022-12-09,5.559906005859375,6.112677097320557,5.533071994781494,6.112677097320557,6.112677097320557,109769344
2022-12-12,6.32734489440918,6.719113826751709,6.236111164093018,6.719113826751709,6.719113826751709,219410398
2022-12-13,6.332711219787598,6.611780166625977,6.171710014343262,6.413211822509766,6.413211822509766,126692745
2022-12-14,6.381011962890625,6.381011962890625,5.914107799530029,6.091209888458252,6.091209888458252,109984691
2022-12-15,6.085843086242676,6.279044151306152,5.9087419509887695,6.171710014343262,6.171710014343262,64963286
2022-12-16,6.144876956939697,6.144876956939697,6.010708808898926,6.021442890167236,6.021442890167236,13215501
2022-12-19,6.118042945861816,6.295145034790039,5.935575008392334,6.2844109535217285,6.2844109535217285,98659958
2022-12-20,6.198544025421143,6.450778961181641,6.064375877380371,6.354177951812744,6.354177951812744,78127378
2022-12-21,6.354177951812744,6.799614906311035,6.2468438148498535,6.670814037322998,6.670814037322998,128883959
2022-12-22,6.670814037322998,6.84254789352417,6.542013168334961,6.708381175994873,6.708381175994873,92783112
2022-12-23,6.155610084533691,6.461512088775635,6.155610084533691,6.268311023712158,6.268311023712158,91366842
2022-12-26,6.268311023712158,6.268311023712158,5.957042217254639,5.957042217254639,5.957042217254639,90177155
2022-12-27,5.957042217254639,5.957042217254639,5.661872863769531,5.683340072631836,5.683340072631836,82562986
2022-12-28,5.683340072631836,5.892642021179199,5.570639133453369,5.844340801239014,5.844340801239014,66015030
2022-12-29,5.833608150482178,5.935575008392334,5.753107070922852,5.796041011810303,5.796041011810303,44493743
2022-12-30,5.817508220672607,5.957042217254639,5.661872863769531,5.903375148773193,5.903375148773193,56468819
2023-01-02,5.903375148773193,5.903375148773193,5.758473873138428,5.785307884216309,5.785307884216309,49067238
2023-01-03,5.785307884216309,5.796041011810303,5.5008721351623535,5.565272808074951,5.565272808074951,83723382
2023-01-04,5.554539203643799,5.554539203643799,5.24058723449707,5.259369850158691,5.259369850158691,93039396
2023-01-05,5.259369850158691,5.270103931427002,4.808567047119141,5.0151848793029785,5.0151848793029785,73094998
2023-01-06,4.899800777435303,5.329137802124023,4.770999908447266,5.098369121551514,5.098369121551514,91001031
2023-01-09,5.302303791046143,5.302303791046143,5.039336204528809,5.2835211753845215,5.2835211753845215,68316051
2023-01-10,5.334504127502441,5.58137321472168,5.098369121551514,5.420372009277344,5.420372009277344,80733726
2023-01-11,5.420372009277344,5.635039806365967,5.313037872314453,5.511606216430664,5.511606216430664,97079584
2023-01-12,5.527706146240234,6.059010028839111,5.527706146240234,6.059010028839111,6.059010028839111,136365794
2023-01-13,6.064375877380371,6.568847179412842,6.059010028839111,6.413211822509766,6.413211822509766,143808890
2023-01-16,6.450778961181641,6.606412887573242,6.128777027130127,6.364912033081055,6.364912033081055,111729448
2023-01-17,6.3702778816223145,6.386378765106201,6.144876956939697,6.236111164093018,6.236111164093018,88490031
2023-01-18,6.214643955230713,6.708381175994873,6.118042945861816,6.601047039031982,6.601047039031982,147880531
2023-01-19,6.504446029663086,6.536645889282227,6.348812103271484,6.4776129722595215,6.4776129722595215,87816880
2023-01-20,6.466878890991211,6.536645889282227,6.375645160675049,6.466878890991211,6.466878890991211,64184577
2023-01-23,6.128777027130127,6.144876956939697,5.822875022888184,5.822875022888184,5.822875022888184,155281720
2023-01-24,5.608205795288086,5.796041011810303,5.436471939086914,5.779941082000732,5.779941082000732,101408516
2023-01-25,5.774573802947998,5.779941082000732,5.420372009277344,5.5867390632629395,5.5867390632629395,74245686
2023-01-26,5.5008721351623535,5.661872863769531,5.366704940795898,5.474039077758789,5.474039077758789,53294171
2023-01-27,5.474039077758789,5.865808010101318,5.372070789337158,5.796041011810303,5.796041011810303,81692881
2023-01-30,5.785307884216309,5.785307884216309,5.570639133453369,5.6189398765563965,5.6189398765563965,56728606
2023-01-31,5.565272808074951,5.710174083709717,5.382804870605469,5.382804870605469,5.382804870605469,56705072
2023-02-01,5.420372009277344,5.576005935668945,5.302303791046143,5.404272079467773,5.404272079467773,51835753
2023-02-02,5.474039077758789,5.844340801239014,5.415005207061768,5.763841152191162,5.763841152191162,99969421
2023-02-03,5.715539932250977,5.801407814025879,5.559906005859375,5.720907211303711,5.720907211303711,75917624
2023-02-06,5.436471939086914,5.5867390632629395,5.366704940795898,5.468671798706055,5.468671798706055,39703951
2023-02-07,5.4633049964904785,5.4633049964904785,4.923951148986816,4.953467845916748,4.953467845916748,73397865
2023-02-08,4.577798843383789,4.577798843383789,4.577798843383789,4.577798843383789,4.577798843383789,55
2023-02-15,5.447205066680908,5.447205066680908,5.288887023925781,5.447205066680908,5.447205066680908,59846385
2023-02-16,5.989242076873779,5.989242076873779,5.651140213012695,5.989242076873779,5.989242076873779,434343077
2023-02-17,5.881907939910889,6.40247917175293,5.753107070922852,6.268311023712158,6.268311023712158,306559141
2023-02-20,6.295145034790039,6.450778961181641,6.177076816558838,6.289778232574463,6.289778232574463,314032274
2023-02-21,6.268311023712158,6.3702778816223145,6.042909145355225,6.059010028839111,6.059010028839111,323693099
2023-02-22,6.048275947570801,6.139510154724121,5.758473873138428,5.758473873138428,5.758473873138428,217634224
2023-02-23,5.479404926300049,5.9838762283325195,5.447205066680908,5.779941082000732,5.779941082000732,319991163
2023-02-24,5.758473873138428,5.779941082000732,5.608205795288086,5.629673004150391,5.629673004150391,142173510
2023-02-27,5.61357307434082,5.822875022888184,5.436471939086914,5.763841152191162,5.763841152191162,352816350
2023-02-28,5.898007869720459,5.962409019470215,5.758473873138428,5.903375148773193,5.903375148773193,205894805
2023-03-01,5.989242076873779,6.187809944152832,5.957042217254639,6.064375877380371,6.064375877380371,272647570
2023-03-02,6.026809215545654,6.128777027130127,5.758473873138428,5.812140941619873,5.812140941619873,205110563
2023-03-03,5.796041011810303,5.876542091369629,5.533071994781494,5.817508220672607,5.817508220672607,251919842
2023-03-06,5.817508220672607,6.144876956939697,5.796041011810303,5.9946088790893555,5.9946088790893555,282839540
2023-03-07,6.080475807189941,6.118042945861816,5.903375148773193,5.903375148773193,5.903375148773193,192471783
2023-03-08,5.930209159851074,6.01607608795166,5.855074882507324,5.914107799530029,5.914107799530029,149789449
2023-03-09,5.914107799530029,5.9946088790893555,5.849708080291748,5.855074882507324,5.855074882507324,136482029
2023-03-10,5.898007869720459,6.064375877380371,5.898007869720459,5.978508949279785,5.978508949279785,225029097
2023-03-13,6.144876956939697,6.4185791015625,6.128777027130127,6.391745090484619,6.391745090484619,627021934
2023-03-14,6.338078022003174,6.381011962890625,6.0321760177612305,6.059010028839111,6.059010028839111,328502195
2023-03-15,6.187809944152832,6.289778232574463,5.957042217254639,6.134142875671387,6.134142875671387,411321876
2023-03-16,6.048275947570801,6.332711219787598,5.99997615814209,6.198544025421143,6.198544025421143,607289007
2023-03-17,6.289778232574463,6.311244964599609,5.9946088790893555,5.9946088790893555,5.9946088790893555,304042681
2023-03-20,5.99997615814209,6.026809215545654,5.688706874847412,5.688706874847412,5.688706874847412,322469909
2023-03-21,5.688706874847412,5.828240871429443,5.602839946746826,5.796041011810303,5.796041011810303,332158927
2023-03-22,5.742373943328857,5.855074882507324,5.667240142822266,5.704806804656982,5.704806804656982,230015974
2023-03-23,5.704806804656982,5.742373943328857,5.6243062019348145,5.667240142822266,5.667240142822266,180903382
2023-03-24,5.677972793579102,5.822875022888184,5.6565070152282715,5.715539932250977,5.715539932250977,208904511
2023-03-27,5.742373943328857,5.769207000732422,5.576005935668945,5.576005935668945,5.576005935668945,155867499
2023-03-28,5.576005935668945,5.592105865478516,5.345238208770752,5.345238208770752,5.345238208770752,191872496
2023-03-29,5.364020824432373,5.844340801239014,5.364020824432373,5.726274013519287,5.726274013519287,294944864
2023-03-30,5.731640815734863,5.769207000732422,5.533071994781494,5.549172878265381,5.549172878265381,170823827
2023-03-31,5.50623893737793,5.5223388671875,5.388171195983887,5.388171195983887,5.388171195983887,167447248
2023-04-03,5.393537998199463,5.677972793579102,5.304986953735352,5.549172878265381,5.549172878265381,262349258
2023-04-04,5.549172878265381,5.758473873138428,5.495504856109619,5.688706874847412,5.688706874847412,212300747
2023-04-05,5.699440002441406,5.753107070922852,5.554539203643799,5.559906005859375,5.559906005859375,140185232
2023-04-06,5.565272808074951,5.61357307434082,5.447205066680908,5.479404926300049,5.479404926300049,133414896
2023-04-07,5.484772205352783,5.661872863769531,5.474039077758789,5.592105865478516,5.592105865478516,140298616
2023-04-10,5.635039806365967,5.962409019470215,5.61357307434082,5.865808010101318,5.865808010101318,374277693
2023-04-11,5.876542091369629,5.94094181060791,5.763841152191162,5.812140941619873,5.812140941619873,275360333
2023-04-12,5.812140941619873,6.091209888458252,5.769207000732422,6.0321760177612305,6.0321760177612305,376850371
2023-04-13,6.064375877380371,6.128777027130127,5.860441207885742,5.860441207885742,5.860441207885742,187185076
2023-04-14,5.865808010101318,5.962409019470215,5.822875022888184,5.828240871429443,5.828240871429443,147328982
2023-04-17,5.844340801239014,5.99997615814209,5.763841152191162,5.812140941619873,5.812140941619873,208822505
2023-04-18,5.812140941619873,5.855074882507324,5.6565070152282715,5.683340072631836,5.683340072631836,126000346
2023-04-19,5.6940741539001465,5.747741222381592,5.58137321472168,5.6565070152282715,5.6565070152282715,104929820
2023-04-20,5.651140213012695,5.688706874847412,5.58137321472168,5.645772933959961,5.645772933959961,42727073
2023-04-24,5.672606945037842,5.763841152191162,5.661872863769531,5.737007141113281,5.737007141113281,115184865
2023-04-25,5.747741222381592,5.769207000732422,5.570639133453369,5.645772933959961,5.645772933959961,156763300
2023-04-26,5.645772933959961,5.699440002441406,5.50623893737793,5.549172878265381,5.549172878265381,143210571
2023-04-27,5.554539203643799,5.688706874847412,5.511606216430664,5.61357307434082,5.61357307434082,175149777
2023-04-28,5.6189398765563965,5.6243062019348145,5.339870929718018,5.345238208770752,5.345238208770752,189815945
2023-05-02,5.353288173675537,5.468671798706055,5.24058723449707,5.404272079467773,5.404272079467773,216790485
2023-05-03,5.4257378578186035,5.479404926300049,5.14935302734375,5.334504127502441,5.334504127502441,272248964
2023-05-04,5.366704940795898,5.447205066680908,5.307671070098877,5.388171195983887,5.388171195983887,142165330
2023-05-05,5.307671070098877,5.323770999908447,5.082269191741943,5.106419086456299,5.106419086456299,152476163
2023-05-08,5.122519016265869,5.176187038421631,4.950785160064697,5.044702053070068,5.044702053070068,177965769
2023-05-09,5.060801982879639,5.13325309753418,4.899800777435303,4.910534858703613,4.910534858703613,123743747
2023-05-10,4.910534858703613,4.966885089874268,4.811251163482666,4.891750812530518,4.891750812530518,120171015
2023-05-11,4.894434928894043,5.2486371994018555,4.894434928894043,5.17887020111084,5.17887020111084,235542289
2023-05-12,5.181552886962891,5.280837059020996,5.071536064147949,5.130569934844971,5.130569934844971,187892195
2023-05-15,5.017868995666504,5.420372009277344,4.856867790222168,5.047386169433594,5.047386169433594,254609649
2023-05-16,5.055436134338379,5.355970859527588,5.055436134338379,5.355970859527588,5.355970859527588,176382638
2023-05-17,5.358654975891113,5.5867390632629395,5.294253826141357,5.5223388671875,5.5223388671875,208681636
2023-05-18,5.715539932250977,5.865808010101318,5.321087837219238,5.321087837219238,5.321087837219238,327876821
2023-05-22,5.366704940795898,5.710174083709717,5.358654975891113,5.683340072631836,5.683340072631836,361421947
2023-05-23,5.727499961853027,6.324999809265137,5.625,6.25,6.25,658780344
2023-05-24,6.25,6.59375,6.197500228881836,6.331250190734863,6.331250190734863,673833224
2023-05-25,6.362500190734863,6.449999809265137,6.077499866485596,6.077499866485596,6.077499866485596,360016176
2023-05-26,6.097499847412109,6.412499904632568,6.039999961853027,6.28125,6.28125,401860240
2023-05-29,6.618750095367432,6.806250095367432,6.46875,6.693749904632568,6.693749904632568,363875168
2023-05-30,6.775000095367432,6.900000095367432,6.6875,6.84375,6.84375,363509576
2023-05-31,6.84375,6.856249809265137,6.643750190734863,6.75,6.75,354943088
2023-06-01,6.824999809265137,6.875,6.75,6.75,6.75,226009200
2023-06-02,6.912499904632568,7.40625,6.875,7.25,7.25,490593784
2023-06-05,7.512499809265137,7.974999904632568,7.493750095367432,7.974999904632568,7.974999904632568,391853376
2023-06-06,8.0625,8.524999618530273,7.956250190734863,8.293749809265137,8.293749809265137,841968464
2023-06-07,8.5,8.75,8.212499618530273,8.287500381469727,8.287500381469727,543626608
2023-06-08,8.28125,8.381250381469727,8.024999618530273,8.237500190734863,8.237500190734863,441638176
2023-06-09,8.324999809265137,8.487500190734863,8.181249618530273,8.193750381469727,8.193750381469727,292640832
2023-06-12,8.25,8.306249618530273,7.824999809265137,7.824999809265137,7.824999809265137,380764312
2023-06-13,7.199999809265137,7.675000190734863,7.043749809265137,7.043749809265137,7.043749809265137,941048328
2023-06-14,7.081250190734863,7.231249809265137,6.675000190734863,6.868750095367432,6.868750095367432,728022944
2023-06-15,6.962500095367432,7.181250095367432,6.8125,7.037499904632568,7.037499904632568,737346920
2023-06-16,7.081250190734863,7.118750095367432,6.831250190734863,6.9375,6.9375,353810952
2023-06-19,6.9375,6.962500095367432,6.631249904632568,6.631249904632568,6.631249904632568,309482912
2023-06-20,6.631249904632568,6.84375,6.587500095367432,6.612500190734863,6.612500190734863,376952816
2023-06-21,6.668749809265137,6.699999809265137,6.4375,6.462500095367432,6.462500095367432,278416608
2023-06-22,6.462500095367432,6.8125,6.412499904632568,6.768750190734863,6.768750190734863,409790064
2023-06-23,6.881249904632568,6.96875,6.71875,6.925000190734863,6.925000190734863,260126184
2023-06-26,6.931250095367432,7.21875,6.900000095367432,7.125,7.125,362622240
2023-06-27,7.125,7.131249904632568,7.03125,7.118750095367432,7.118750095367432,88430040
2023-07-03,7.181250095367432,7.356249809265137,7.175000190734863,7.262499809265137,7.262499809265137,293303080
2023-07-04,7.375,7.59375,7.324999809265137,7.349999904632568,7.349999904632568,418053752
2023-07-05,7.375,7.412499904632568,7.118750095367432,7.375,7.375,310301344
2023-07-06,7.400000095367432,7.443749904632568,7.25,7.256249904632568,7.256249904632568,266769640
2023-07-07,7.256249904632568,7.337500095367432,7.15625,7.262499809265137,7.262499809265137,260280960
2023-07-10,7.387499809265137,7.462500095367432,7.337500095367432,7.368750095367432,7.368750095367432,328802760
2023-07-11,7.474999904632568,7.793749809265137,7.40625,7.737500190734863,7.737500190734863,721737800
2023-07-12,7.78125,7.875,7.650000095367432,7.662499904632568,7.662499904632568,494563968
2023-07-13,7.662499904632568,7.71875,7.449999809265137,7.5,7.5,349738632
2023-07-14,7.525000095367432,7.699999809265137,7.393750190734863,7.599999904632568,7.599999904632568,371367576
2023-07-17,7.643750190734863,8.056249618530273,7.637499809265137,7.962500095367432,7.962500095367432,658150024
2023-07-18,8.0,8.100000381469727,7.668749809265137,7.699999809265137,7.699999809265137,585506608
2023-07-19,7.693749904632568,7.806250095367432,7.581250190734863,7.78125,7.78125,342747584
2023-07-20,7.862500190734863,7.862500190734863,7.606249809265137,7.75,7.75,427658824
2023-07-21,7.75,7.756249904632568,7.543749809265137,7.612500190734863,7.612500190734863,312043232
2023-07-24,7.643750190734863,7.925000190734863,7.518750190734863,7.59375,7.59375,584456312
2023-07-25,7.612500190734863,7.693749904632568,7.331250190734863,7.387499809265137,7.387499809265137,353272584
2023-07-26,7.387499809265137,7.606249809265137,7.337500095367432,7.59375,7.59375,337811480
2023-07-27,7.618750095367432,7.71875,7.525000095367432,7.53125,7.53125,276666440
2023-07-28,7.631249904632568,7.712500095367432,7.574999809265137,7.587500095367432,7.587500095367432,359015072
2023-07-31,7.618750095367432,7.8125,7.587500095367432,7.618750095367432,7.618750095367432,569179184
2023-08-01,7.650000095367432,8.293749809265137,7.643750190734863,8.050000190734863,8.050000190734863,1547317296
2023-08-02,8.181249618530273,8.300000190734863,7.918749809265137,7.9375,7.9375,765421264
2023-08-03,7.956250190734863,8.112500190734863,7.793749809265137,7.831250190734863,7.831250190734863,530149528
2023-08-04,7.868750095367432,8.043749809265137,7.8125,7.987500190734863,7.987500190734863,474797232
2023-08-07,7.6875,7.706250190734863,7.262499809265137,7.34375,7.34375,831469664
2023-08-08,7.25,7.287499904632568,7.0,7.081250190734863,7.081250190734863,526342128
2023-08-09,7.087500095367432,7.331250190734863,7.087500095367432,7.21875,7.21875,532638480
2023-08-10,7.224999904632568,7.243750095367432,6.8125,6.881249904632568,6.881249904632568,405386648
2023-08-11,6.887499809265137,7.143750190734863,6.75,7.118750095367432,7.118750095367432,340244592
2023-08-14,7.125,7.181250095367432,6.893750190734863,6.918749809265137,6.918749809265137,353362096
2023-08-15,6.925000190734863,7.050000190734863,6.737500190734863,6.849999904632568,6.849999904632568,409116392
2023-08-16,6.849999904632568,6.943749904632568,6.762499809265137,6.762499809265137,6.762499809265137,331795800
2023-08-17,6.762499809265137,6.887499809265137,6.6875,6.762499809265137,6.762499809265137,369132688
2023-08-18,6.775000095367432,6.793749809265137,6.443749904632568,6.543749809265137,6.543749809265137,349446984
2023-08-21,6.543749809265137,6.9375,6.487500190734863,6.862500190734863,6.862500190734863,390775128
2023-08-22,6.875,6.881249904632568,6.59375,6.643750190734863,6.643750190734863,292264872
2023-08-23,6.662499904632568,6.762499809265137,6.493750095367432,6.493750095367432,6.493750095367432,275418224
2023-08-24,6.5,6.931250095367432,6.431250095367432,6.481249809265137,6.481249809265137,617366648
2023-08-25,6.525000095367432,6.675000190734863,6.362500190734863,6.599999904632568,6.599999904632568,313119376
2023-08-28,6.618750095367432,6.756249904632568,6.537499904632568,6.574999809265137,6.574999809265137,455749992
2023-08-29,6.599999904632568,6.643750190734863,6.412499904632568,6.449999809265137,6.449999809265137,313824272
2023-08-31,6.487500190734863,6.743750095367432,6.412499904632568,6.59375,6.59375,641751136
2023-09-01,6.606249809265137,6.643750190734863,6.443749904632568,6.5,6.5,298506856
2023-09-04,6.537499904632568,6.612500190734863,6.481249809265137,6.481249809265137,6.481249809265137,306993320
2023-09-05,6.518750190734863,6.768750190734863,6.493750095367432,6.625,6.625,512719888
2023-09-06,6.6875,7.043749809265137,6.631249904632568,6.818749904632568,6.818749904632568,928870856
2023-09-07,6.949999809265137,6.987500190734863,6.675000190734863,6.737500190734863,6.737500190734863,354386032
2023-09-08,6.775000095367432,6.837500095367432,6.612500190734863,6.625,6.625,277239472
2023-09-11,6.668749809265137,6.731249809265137,6.443749904632568,6.462500095367432,6.462500095367432,319353928
2023-09-12,6.474999904632568,6.581250190734863,6.375,6.381249904632568,6.381249904632568,304226960
2023-09-13,6.400000095367432,6.456250190734863,6.1875,6.212500095367432,6.212500095367432,310524368
2023-09-14,6.487500190734863,6.612500190734863,5.982500076293945,6.1875,6.1875,1364840840
2023-09-15,6.268750190734863,6.287499904632568,6.082499980926514,6.125,6.125,514111624
2023-09-18,6.125,6.152500152587891,5.800000190734863,5.800000190734863,5.800000190734863,360404968
2023-09-19,5.8125,5.897500038146973,5.78000020980835,5.837500095367432,5.837500095367432,313448232
2023-09-20,5.840000152587891,5.880000114440918,5.699999809265137,5.699999809265137,5.699999809265137,475948808
2023-09-21,5.699999809265137,5.820000171661377,5.552499771118164,5.787499904632568,5.787499904632568,476722960
2023-09-22,5.787499904632568,5.857500076293945,5.667500019073486,5.690000057220459,5.690000057220459,360213840
2023-09-25,5.699999809265137,5.777500152587891,5.637499809265137,5.737500190734863,5.737500190734863,477408848
2023-09-26,5.947500228881836,6.306250095367432,5.802499771118164,6.306250095367432,6.306250095367432,1517451752
2023-09-27,6.356249809265137,6.362500190734863,6.039999961853027,6.039999961853027,6.039999961853027,726155192
2023-09-28,6.057499885559082,6.152500152587891,5.929999828338623,6.025000095367432,6.025000095367432,781016360
2023-09-29,6.025000095367432,6.237500190734863,5.997499942779541,6.147500038146973,6.147500038146973,620025080
2023-10-02,6.152500152587891,6.1875,6.074999809265137,6.079999923706055,6.079999923706055,315280176
2023-10-03,6.082499980926514,6.147500038146973,5.947500228881836,5.997499942779541,5.997499942779541,351281096
2023-10-04,5.997499942779541,6.0625,5.849999904632568,5.862500190734863,5.862500190734863,456879672
2023-10-05,5.875,5.925000190734863,5.724999904632568,5.872499942779541,5.872499942779541,335368064
2023-10-06,5.817500114440918,5.849999904632568,5.755000114440918,5.762499809265137,5.762499809265137,219402008
2023-10-09,5.710000038146973,5.900000095367432,5.635000228881836,5.639999866485596,5.639999866485596,535934480
2023-10-10,5.744999885559082,5.807499885559082,5.675000190734863,5.735000133514404,5.735000133514404,300274808
2023-10-11,5.722499847412109,5.849999904632568,5.662499904632568,5.722499847412109,5.722499847412109,363771448
2023-10-12,5.767499923706055,5.789999961853027,5.489999771118164,5.65500020980835,5.65500020980835,290740824
2023-10-13,5.65500020980835,5.662499904632568,5.465000152587891,5.554999828338623,5.554999828338623,243719776
2023-10-16,5.597499847412109,5.679999828338623,5.349999904632568,5.357500076293945,5.357500076293945,247136896
2023-10-17,5.362500190734863,5.46750020980835,5.317500114440918,5.462500095367432,5.462500095367432,231310736
2023-10-18,5.364999771118164,5.372499942779541,5.272500038146973,5.349999904632568,5.349999904632568,201107720
2023-10-19,5.34250020980835,5.46999979019165,5.235000133514404,5.239999771118164,5.239999771118164,256903280
2023-10-20,5.150000095367432,5.409999847412109,5.114999771118164,5.162499904632568,5.162499904632568,433809360
2023-10-23,5.302499771118164,5.677499771118164,5.15749979019165,5.677499771118164,5.677499771118164,472811592
2023-10-24,5.677499771118164,6.139999866485596,5.630000114440918,5.872499942779541,5.872499942779541,866512144
2023-10-25,5.875,5.882500171661377,5.289999961853027,5.307499885559082,5.307499885559082,476531936
2023-10-26,5.332499980926514,5.574999809265137,5.267499923706055,5.412499904632568,5.412499904632568,407273872
2023-10-27,5.409999847412109,5.420000076293945,5.230000019073486,5.327499866485596,5.327499866485596,246708072
2023-10-30,5.329999923706055,5.732500076293945,5.255000114440918,5.485000133514404,5.485000133514404,568354200
2023-10-31,5.512499809265137,5.547500133514404,5.292500019073486,5.34499979019165,5.34499979019165,259838120
2023-11-01,5.364999771118164,5.487500190734863,5.260000228881836,5.487500190734863,5.487500190734863,391925664
2023-11-02,5.650000095367432,5.722499847412109,5.494999885559082,5.534999847412109,5.534999847412109,336582488
2023-11-03,5.537499904632568,5.927499771118164,5.517499923706055,5.747499942779541,5.747499942779541,730554760
2023-11-06,5.807499885559082,5.902500152587891,5.679999828338623,5.71750020980835,5.71750020980835,384693872
2023-11-07,5.75,5.809999942779541,5.597499847412109,5.612500190734863,5.612500190734863,278159536
2023-11-08,5.642499923706055,5.695000171661377,5.534999847412109,5.552499771118164,5.552499771118164,209148888
2023-11-09,5.514999866485596,5.577499866485596,5.460000038146973,5.539999961853027,5.539999961853027,223981208
2023-11-10,5.534999847412109,5.542500019073486,5.445000171661377,5.5,5.5,166815872
2023-11-13,5.5,5.602499961853027,5.380000114440918,5.385000228881836,5.385000228881836,253524880
2023-11-14,5.40500020980835,5.474999904632568,5.327499866485596,5.432499885559082,5.432499885559082,220561368
2023-11-15,5.449999809265137,5.647500038146973,5.447500228881836,5.550000190734863,5.550000190734863,409252920
2023-11-16,5.525000095367432,5.622499942779541,5.485000133514404,5.525000095367432,5.525000095367432,329137088
2023-11-17,5.527500152587891,5.53249979019165,5.457499980926514,5.485000133514404,5.485000133514404,182898984
2023-11-20,5.510000228881836,5.664999961853027,5.505000114440918,5.537499904632568,5.537499904632568,335198736
2023-11-21,5.574999809265137,5.692500114440918,5.525000095367432,5.542500019073486,5.542500019073486,340244048
2023-11-22,5.545000076293945,5.567500114440918,5.457499980926514,5.482500076293945,5.482500076293945,176780792
2023-11-23,5.474999904632568,5.552499771118164,5.427499771118164,5.427499771118164,5.427499771118164,195578432
2023-11-24,5.427499771118164,5.572500228881836,5.427499771118164,5.514999866485596,5.514999866485596,230258936
2023-11-27,5.53249979019165,5.925000190734863,5.53249979019165,5.829999923706055,5.829999923706055,628470736
2023-11-28,5.837500095367432,6.268750190734863,5.767499923706055,6.137499809265137,6.137499809265137,804108808
2023-11-29,6.147500038146973,6.425000190734863,6.105000019073486,6.387499809265137,6.387499809265137,680142160
2023-11-30,6.387499809265137,6.387499809265137,6.042500019073486,6.235000133514404,6.235000133514404,602352584
2023-12-01,6.381249904632568,6.681250095367432,6.362500190734863,6.537499904632568,6.537499904632568,618112080
2023-12-04,6.5625,6.824999809265137,6.456250190734863,6.693749904632568,6.693749904632568,552798768
2023-12-05,6.693749904632568,6.756249904632568,6.425000190734863,6.481249809265137,6.481249809265137,313430144
2023-12-06,6.481249809265137,6.493750095367432,6.0,6.0,6.0,394115040
2023-12-07,6.102499961853027,6.324999809265137,5.987500190734863,6.324999809265137,6.324999809265137,422134296
2023-12-08,6.306250095367432,6.556250095367432,6.167500019073486,6.212500095367432,6.212500095367432,394399136
2023-12-11,6.204999923706055,6.28125,5.980000019073486,6.117499828338623,6.117499828338623,391385264
2023-12-12,6.090000152587891,6.125,5.96750020980835,5.974999904632568,5.974999904632568,247341392
2023-12-13,5.625,5.737500190734863,5.377500057220459,5.377500057220459,5.377500057220459,1009953720
2023-12-14,5.409999847412109,5.420000076293945,5.097499847412109,5.387499809265137,5.387499809265137,764820232
2023-12-15,5.387499809265137,5.412499904632568,5.227499961853027,5.304999828338623,5.304999828338623,658664072
2023-12-18,5.262499809265137,5.385000228881836,5.192500114440918,5.192500114440918,5.192500114440918,428971032
2023-12-19,5.199999809265137,5.235000133514404,5.005000114440918,5.057499885559082,5.057499885559082,330808800
2023-12-20,5.172500133514404,5.21999979019165,5.034999847412109,5.034999847412109,5.034999847412109,309209168
2023-12-21,5.034999847412109,5.074999809265137,4.917500019073486,5.03249979019165,5.03249979019165,304677656
2023-12-22,5.034999847412109,5.047500133514404,4.809999942779541,4.824999809265137,4.824999809265137,268739136
2023-12-25,4.822500228881836,4.822500228881836,4.534999847412109,4.690000057220459,4.690000057220459,236746256
2023-12-26,4.699999809265137,4.872499942779541,4.699999809265137,4.764999866485596,4.764999866485596,315995088
2023-12-27,4.762499809265137,4.784999847412109,4.5625,4.5625,4.5625,337143544
2023-12-28,4.567500114440918,4.630000114440918,4.525000095367432,4.579999923706055,4.579999923706055,357857992
2023-12-29,4.587500095367432,4.617499828338623,4.550000190734863,4.554999828338623,4.554999828338623,310886608
2024-01-02,4.570000171661377,4.630000114440918,4.545000076293945,4.557499885559082,4.557499885559082,384605992
2024-01-03,4.5625,4.695000171661377,4.420000076293945,4.420000076293945,4.420000076293945,642987416
2024-01-04,4.425000190734863,4.542500019073486,4.380000114440918,4.502500057220459,4.502500057220459,401210816
2024-01-05,4.517499923706055,4.614999771118164,4.462500095367432,4.552499771118164,4.552499771118164,486320160
2024-01-08,4.574999809265137,4.650000095367432,4.5625,4.614999771118164,4.614999771118164,482924104
2024-01-09,4.632500171661377,4.652500152587891,4.477499961853027,4.494999885559082,4.494999885559082,382283760
2024-01-10,4.487500190734863,4.510000228881836,4.412499904632568,4.472499847412109,4.472499847412109,336614304
2024-01-11,4.485000133514404,4.517499923706055,4.385000228881836,4.385000228881836,4.385000228881836,289921248
2024-01-12,4.377500057220459,4.440000057220459,4.324999809265137,4.332499980926514,4.332499980926514,407547600
2024-01-15,4.349999904632568,4.40500020980835,4.3125,4.364999771118164,4.364999771118164,388058512
2024-01-16,4.367499828338623,4.380000114440918,4.304999828338623,4.304999828338623,4.304999828338623,255493024
2024-01-17,4.292500019073486,4.327499866485596,4.21999979019165,4.21999979019165,4.21999979019165,359313008
2024-01-18,4.340000152587891,4.617499828338623,4.307499885559082,4.502500057220459,4.502500057220459,1174982720
2024-01-19,4.539999961853027,4.849999904632568,4.482500076293945,4.699999809265137,4.699999809265137,1118388704
2024-01-22,4.712500095367432,4.925000190734863,4.712500095367432,4.737500190734863,4.737500190734863,734093664
2024-01-23,4.78249979019165,4.795000076293945,4.545000076293945,4.550000190734863,4.550000190734863,515137080
2024-01-24,4.570000171661377,4.672500133514404,4.485000133514404,4.59499979019165,4.59499979019165,573868136
2024-01-25,4.605000019073486,4.815000057220459,4.599999904632568,4.757500171661377,4.757500171661377,682404960
2024-01-26,4.764999866485596,4.797500133514404,4.699999809265137,4.757500171661377,4.757500171661377,436218256
2024-01-29,4.767499923706055,4.869999885559082,4.71999979019165,4.857500076293945,4.857500076293945,731942408
2024-01-30,4.875,4.942500114440918,4.809999942779541,4.84250020980835,4.84250020980835,653534784
2024-01-31,4.84499979019165,4.934999942779541,4.8125,4.8125,4.8125,519459480
2024-02-01,4.824999809265137,4.869999885559082,4.820000171661377,4.847499847412109,4.847499847412109,373628560
2024-02-02,4.862500190734863,4.882500171661377,4.682499885559082,4.704999923706055,4.704999923706055,475669432
2024-02-05,4.722499847412109,4.992499828338623,4.675000190734863,4.887499809265137,4.887499809265137,1111158416
2024-02-06,4.900000095367432,5.114999771118164,4.857500076293945,4.974999904632568,4.974999904632568,1299737344
2024-02-07,4.992499828338623,5.034999847412109,4.892499923706055,4.894999980926514,4.894999980926514,555360416
2024-02-08,4.912499904632568,4.997499942779541,4.892499923706055,4.90749979019165,4.90749979019165,545830360
2024-02-09,4.914999961853027,5.019999980926514,4.909999847412109,4.929999828338623,4.929999828338623,545807672
2024-02-12,4.982500076293945,5.15749979019165,4.96750020980835,4.989999771118164,4.989999771118164,1061224464
2024-02-13,5.005000114440918,5.235000133514404,4.972499847412109,5.039999961853027,5.039999961853027,1500792008
2024-02-14,5.0625,5.125,4.992499828338623,5.019999980926514,5.019999980926514,624079984
2024-02-15,5.050000190734863,5.519999980926514,5.045000076293945,5.519999980926514,5.519999980926514,1802551216
2024-02-16,5.612500190734863,5.840000152587891,5.525000095367432,5.554999828338623,5.554999828338623,1500972552
2024-02-19,5.605000019073486,5.652500152587891,5.372499942779541,5.392499923706055,5.392499923706055,1018584888
2024-02-20,5.4375,5.449999809265137,5.315000057220459,5.315000057220459,5.315000057220459,755538112
2024-02-21,5.337500095367432,5.337500095367432,5.132500171661377,5.167500019073486,5.167500019073486,551924832
2024-02-22,5.197500228881836,5.28249979019165,5.159999847412109,5.167500019073486,5.167500019073486,492883504
2024-02-23,5.1875,5.207499980926514,5.007500171661377,5.010000228881836,5.010000228881836,486176376
2024-02-26,5.025000095367432,5.072500228881836,4.952499866485596,4.96999979019165,4.96999979019165,516668576
2024-02-27,4.974999904632568,5.172500133514404,4.820000171661377,4.997499942779541,4.997499942779541,985174760
2024-02-28,5.0,5.139999866485596,4.902500152587891,4.90749979019165,4.90749979019165,658741304
2024-02-29,4.927499771118164,5.022500038146973,4.857500076293945,4.945000171661377,4.945000171661377,633899968
2024-03-01,4.962500095367432,5.014999866485596,4.849999904632568,4.849999904632568,4.849999904632568,528122184
2024-03-04,4.869999885559082,4.882500171661377,4.644999980926514,4.652500152587891,4.652500152587891,405807296
2024-03-05,4.65500020980835,4.900000095367432,4.650000095367432,4.752500057220459,4.752500057220459,703887400
2024-03-06,4.730000019073486,4.922500133514404,4.652500152587891,4.664999961853027,4.664999961853027,773920240
2024-03-07,4.690000057220459,4.820000171661377,4.690000057220459,4.807499885559082,4.807499885559082,402286904
2024-03-08,4.827499866485596,5.264999866485596,4.727499961853027,5.097499847412109,5.097499847412109,1466510088
2024-03-11,5.1875,5.295000076293945,4.962500095367432,5.027500152587891,5.027500152587891,662699720
2024-03-12,5.039999961853027,5.142499923706055,4.855000019073486,4.887499809265137,4.887499809265137,419808832
2024-03-13,4.889999866485596,4.897500038146973,4.777500152587891,4.824999809265137,4.824999809265137,369318208
2024-03-14,4.837500095367432,4.909999847412109,4.772500038146973,4.789999961853027,4.789999961853027,353175520
2024-03-15,4.802499771118164,4.872499942779541,4.722499847412109,4.739999771118164,4.739999771118164,288218032
2024-03-18,4.757500171661377,4.840000152587891,4.697500228881836,4.71750020980835,4.71750020980835,414377272
2024-03-19,4.727499961853027,4.797500133514404,4.704999923706055,4.767499923706055,4.767499923706055,253201896
2024-03-20,4.772500038146973,4.957499980926514,4.769999980926514,4.840000152587891,4.840000152587891,471396448
2024-03-21,4.877500057220459,5.087500095367432,4.872499942779541,4.974999904632568,4.974999904632568,588292176
2024-03-22,4.994999885559082,5.215000152587891,4.947500228881836,5.117499828338623,5.117499828338623,694341752
2024-03-25,5.132500171661377,5.255000114440918,4.992499828338623,5.022500038146973,5.022500038146973,603279904
2024-03-26,5.025000095367432,5.03249979019165,4.775000095367432,4.787499904632568,4.787499904632568,311206208
2024-03-27,4.797500133514404,4.954999923706055,4.724999904632568,4.887499809265137,4.887499809265137,423798456
2024-03-28,5.375,5.375,5.307499885559082,5.375,5.375,245935488
2024-03-29,5.590000152587891,5.695000171661377,5.25,5.347499847412109,5.347499847412109,1538205048
2024-04-01,5.337500095367432,5.337500095367432,5.0625,5.0625,5.0625,461582664
2024-04-02,5.067500114440918,5.112500190734863,4.8125,4.8125,4.8125,381695464
2024-04-03,4.809999942779541,4.912499904632568,4.797500133514404,4.804999828338623,4.804999828338623,283623336
2024-04-04,4.824999809265137,4.90500020980835,4.724999904632568,4.724999904632568,4.724999904632568,405064408
2024-04-05,4.764999866485596,5.014999866485596,4.755000114440918,4.957499980926514,4.957499980926514,590165064
2024-04-08,4.974999904632568,5.135000228881836,4.940000057220459,5.047500133514404,5.047500133514404,402475768
2024-04-09,5.047500133514404,5.047500133514404,5.047500133514404,5.047500133514404,5.047500133514404,0
2024-04-15,5.144999980926514,5.295000076293945,5.105000019073486,5.175000190734863,5.175000190734863,490792560
2024-04-16,5.152500152587891,5.15500020980835,5.03249979019165,5.097499847412109,5.097499847412109,414617768
2024-04-17,5.117499828338623,5.172500133514404,4.940000057220459,4.985000133514404,4.985000133514404,304622864
2024-04-18,4.994999885559082,5.03000020980835,4.862500190734863,4.885000228881836,4.885000228881836,210836712
2024-04-19,4.849999904632568,5.0,4.822500228881836,4.952499866485596,4.952499866485596,246360080
2024-04-22,4.997499942779541,5.099999904632568,4.982500076293945,5.0,5.0,283506256
2024-04-24,5.042500019073486,5.127500057220459,4.989999771118164,5.017499923706055,5.017499923706055,253421864
2024-04-25,5.025000095367432,5.087500095367432,4.947500228881836,4.994999885559082,4.994999885559082,242085904
2024-04-26,4.994999885559082,5.132500171661377,4.994999885559082,5.112500190734863,5.112500190734863,337120480
2024-04-29,5.159999847412109,5.247499942779541,5.114999771118164,5.215000152587891,5.215000152587891,349545408
2024-04-30,5.222499847412109,5.237500190734863,5.119999885559082,5.159999847412109,5.159999847412109,345607736
2024-05-02,5.182499885559082,5.650000095367432,5.182499885559082,5.559999942779541,5.559999942779541,861953040
2024-05-03,5.557499885559082,5.84250020980835,5.449999809265137,5.837500095367432,5.837500095367432,818874424
2024-05-06,5.837500095367432,5.902500152587891,5.727499961853027,5.775000095367432,5.775000095367432,523000680
2024-05-07,5.775000095367432,5.90749979019165,5.659999847412109,5.764999866485596,5.764999866485596,572430824
2024-05-08,5.772500038146973,5.800000190734863,5.585000038146973,5.590000152587891,5.590000152587891,316179016
2024-05-09,5.614999771118164,5.772500038146973,5.5625,5.730000019073486,5.730000019073486,504941632
2024-05-10,5.715000152587891,5.792500019073486,5.585000038146973,5.587500095367432,5.587500095367432,355609840
2024-05-13,5.59250020980835,5.710000038146973,5.579999923706055,5.627500057220459,5.627500057220459,422331912
2024-05-14,5.619999885559082,6.012499809265137,5.602499961853027,5.917500019073486,5.917500019073486,701657408
2024-05-15,5.900000095367432,6.082499980926514,5.824999809265137,5.862500190734863,5.862500190734863,529475656
2024-05-16,5.900000095367432,6.204999923706055,5.880000114440918,6.175000190734863,6.175000190734863,630180712
2024-05-17,6.170000076293945,6.300000190734863,6.105000019073486,6.150000095367432,6.150000095367432,619388360
2024-05-20,6.3125,6.474999904632568,6.117499828338623,6.127500057220459,6.127500057220459,591607624
2024-05-21,6.150000095367432,6.224999904632568,5.940000057220459,5.962500095367432,5.962500095367432,497548760
2024-05-22,5.96750020980835,6.0625,5.880000114440918,5.917500019073486,5.917500019073486,346599656
2024-05-23,5.929999828338623,6.182499885559082,5.914999961853027,6.050000190734863,6.050000190734863,516166160
2024-05-24,6.0625,6.150000095367432,5.965000152587891,6.097499847412109,6.097499847412109,341725864
2024-05-27,6.119999885559082,6.137499809265137,5.920000076293945,5.932499885559082,5.932499885559082,258279024
2024-05-28,5.940000057220459,5.960000038146973,5.822500228881836,5.849999904632568,5.849999904632568,227168824
2024-05-29,5.849999904632568,5.90500020980835,5.635000228881836,5.644999980926514,5.644999980926514,248279208
2024-05-30,5.659999847412109,5.744999885559082,5.610000133514404,5.737500190734863,5.737500190734863,219714416
2024-05-31,5.75,5.797500133514404,5.46750020980835,5.497499942779541,5.497499942779541,360203792
2024-06-03,5.510000228881836,5.730000019073486,5.454999923706055,5.71750020980835,5.71750020980835,307339552
2024-06-04,5.704999923706055,5.887499809265137,5.639999866485596,5.675000190734863,5.675000190734863,342436504
2024-06-05,5.679999828338623,5.712500095367432,5.505000114440918,5.662499904632568,5.662499904632568,328797616
2024-06-06,5.724999904632568,5.929999828338623,5.707499980926514,5.784999847412109,5.784999847412109,461385976
2024-06-07,5.815000057220459,5.869999885559082,5.695000171661377,5.775000095367432,5.775000095367432,278421040
2024-06-10,5.767499923706055,5.817500114440918,5.480000019073486,5.487500190734863,5.487500190734863,319455320
2024-06-11,5.489999771118164,5.539999961853027,5.327499866485596,5.367499828338623,5.367499828338623,279118360
2024-06-12,5.367499828338623,5.40500020980835,5.272500038146973,5.3125,5.3125,243336600
2024-06-13,5.360000133514404,5.539999961853027,5.360000133514404,5.525000095367432,5.525000095367432,286005440
2024-06-14,5.582499980926514,5.650000095367432,5.507500171661377,5.545000076293945,5.545000076293945,241745200
2024-06-20,5.625,5.804999828338623,5.625,5.767499923706055,5.767499923706055,303436960
2024-06-21,5.75,5.775000095367432,5.614999771118164,5.742499828338623,5.742499828338623,221800552
2024-06-24,5.75,6.0,5.702499866485596,5.962500095367432,5.962500095367432,429553024
2024-06-25,5.949999809265137,5.962500095367432,5.795000076293945,5.804999828338623,5.804999828338623,253730368
2024-06-26,5.784999847412109,5.817500114440918,5.525000095367432,5.525000095367432,5.525000095367432,278498128
2024-06-27,5.542500019073486,5.614999771118164,5.487500190734863,5.585000038146973,5.585000038146973,300644568
2024-06-28,5.599999904632568,5.652500152587891,5.457499980926514,5.485000133514404,5.485000133514404,308409952
2024-07-01,5.514999866485596,5.552499771118164,5.159999847412109,5.210000038146973,5.210000038146973,278010112
2024-07-02,5.195000171661377,5.297500133514404,5.137499809265137,5.260000228881836,5.260000228881836,253829672
2024-07-03,5.292500019073486,5.372499942779541,5.230000019073486,5.349999904632568,5.349999904632568,270645720
2024-07-04,5.360000133514404,5.512499809265137,5.360000133514404,5.512499809265137,5.512499809265137,257439896
2024-07-05,5.512499809265137,5.574999809265137,5.454999923706055,5.5,5.5,286600112
2024-07-08,5.512499809265137,5.667500019073486,5.472499847412109,5.5,5.5,255996888
2024-07-09,5.510000228881836,5.565000057220459,5.420000076293945,5.447500228881836,5.447500228881836,248795728
2024-07-10,5.457499980926514,5.474999904632568,5.362500190734863,5.385000228881836,5.385000228881836,222930752
2024-07-11,5.429999828338623,5.574999809265137,5.427499771118164,5.552499771118164,5.552499771118164,212268840
2024-07-12,5.547500133514404,5.622499942779541,5.474999904632568,5.5,5.5,274611816
2024-07-16,5.512499809265137,5.547500133514404,5.442500114440918,5.462500095367432,5.462500095367432,263219120
2024-07-17,5.465000152587891,5.489999771118164,5.387499809265137,5.449999809265137,5.449999809265137,247930344
2024-07-18,5.487500190734863,5.599999904632568,5.46999979019165,5.507500171661377,5.507500171661377,415348440
2024-07-19,5.492499828338623,5.78000020980835,5.477499961853027,5.744999885559082,5.744999885559082,662189200
2024-07-22,5.800000190734863,5.867499828338623,5.644999980926514,5.65500020980835,5.65500020980835,449646864
2024-07-23,5.659999847412109,5.807499885559082,5.597499847412109,5.712500095367432,5.712500095367432,450535472
2024-07-24,5.712500095367432,5.885000228881836,5.675000190734863,5.807499885559082,5.807499885559082,528598632
2024-07-25,5.827499866485596,5.949999809265137,5.684999942779541,5.699999809265137,5.699999809265137,511745120
2024-07-26,5.679999828338623,5.804999828338623,5.662499904632568,5.712500095367432,5.712500095367432,382388280
2024-07-29,5.682499885559082,5.690000057220459,5.554999828338623,5.577499866485596,5.577499866485596,278261224
2024-07-30,5.612500190734863,5.6875,5.599999904632568,5.637499809265137,5.637499809265137,330959328
2024-07-31,5.625,5.824999809265137,5.582499980926514,5.8125,5.8125,651934944
2024-08-01,5.867499828338623,5.982500076293945,5.757500171661377,5.875,5.875,781487960
2024-08-02,5.75,5.949999809265137,5.71750020980835,5.829999923706055,5.829999923706055,766971384
2024-08-05,5.537499904632568,5.650000095367432,5.257500171661377,5.302499771118164,5.302499771118164,528205080
2024-08-06,5.447500228881836,5.46750020980835,5.252500057220459,5.255000114440918,5.255000114440918,391329560
2024-08-07,5.295000076293945,5.482500076293945,5.262499809265137,5.482500076293945,5.482500076293945,456978960
2024-08-08,5.510000228881836,5.784999847412109,5.502500057220459,5.737500190734863,5.737500190734863,661742576
2024-08-09,5.625,5.757500171661377,5.485000133514404,5.489999771118164,5.489999771118164,583306384
2024-08-12,5.599999904632568,5.949999809265137,5.510000228881836,5.539999961853027,5.539999961853027,540855688
2024-08-13,5.539999961853027,5.619999885559082,5.269999980926514,5.369999885559082,5.369999885559082,375356820
2024-08-14,5.389999866485596,5.400000095367432,5.110000133514404,5.110000133514404,5.110000133514404,298310338
2024-08-15,5.150000095367432,5.329999923706055,5.059999942779541,5.25,5.25,461380456
2024-08-16,5.269999980926514,5.300000190734863,5.050000190734863,5.059999942779541,5.059999942779541,250181143
2024-08-19,5.079999923706055,5.159999847412109,4.940000057220459,5.110000133514404,5.110000133514404,382793948
2024-08-20,5.110000133514404,5.199999809265137,5.03000020980835,5.090000152587891,5.090000152587891,314988190
2024-08-21,5.099999904632568,5.170000076293945,5.03000020980835,5.03000020980835,5.03000020980835,258921951
2024-08-22,5.059999942779541,5.079999923706055,4.960000038146973,4.960000038146973,4.960000038146973,321254853
2024-08-23,4.96999979019165,4.989999771118164,4.71999979019165,4.71999979019165,4.71999979019165,290475407
2024-08-26,4.820000171661377,4.889999866485596,4.559999942779541,4.559999942779541,4.559999942779541,393958180
2024-08-27,4.550000190734863,4.670000076293945,4.53000020980835,4.630000114440918,4.630000114440918,393249586
2024-08-28,4.650000095367432,4.690000057220459,4.570000171661377,4.639999866485596,4.639999866485596,336629242
2024-08-29,4.659999847412109,5.079999923706055,4.650000095367432,4.920000076293945,4.920000076293945,792086236
2024-09-02,4.920000076293945,5.03000020980835,4.909999847412109,4.980000019073486,4.980000019073486,354588006
2024-09-03,5.0,5.050000190734863,4.909999847412109,4.929999828338623,4.929999828338623,378385339
2024-09-04,4.880000114440918,4.960000038146973,4.75,4.849999904632568,4.849999904632568,454892310
2024-09-05,4.880000114440918,4.929999828338623,4.78000020980835,4.820000171661377,4.820000171661377,314996940
2024-09-06,4.820000171661377,4.820000171661377,4.710000038146973,4.710000038146973,4.710000038146973,198165218
2024-09-09,4.699999809265137,4.71999979019165,4.550000190734863,4.550000190734863,4.550000190734863,290534439
2024-09-10,4.570000171661377,4.579999923706055,4.369999885559082,4.389999866485596,4.389999866485596,442765824
2024-09-11,4.389999866485596,4.460000038146973,4.190000057220459,4.190000057220459,4.190000057220459,449915344
2024-09-12,4.230000019073486,4.239999771118164,4.019999980926514,4.139999866485596,4.139999866485596,612930835
2024-09-13,4.190000057220459,4.409999847412109,4.170000076293945,4.369999885559082,4.369999885559082,739517606
2024-09-16,4.389999866485596,4.429999828338623,4.25,4.25,4.25,492545189
2024-09-17,4.269999980926514,4.369999885559082,4.260000228881836,4.320000171661377,4.320000171661377,437035021
2024-09-18,4.300000190734863,4.309999942779541,4.170000076293945,4.199999809265137,4.199999809265137,323661248
2024-09-19,4.239999771118164,4.320000171661377,4.230000019073486,4.309999942779541,4.309999942779541,317195335
2024-09-20,4.309999942779541,4.550000190734863,4.269999980926514,4.429999828338623,4.429999828338623,791242339
2024-09-23,4.460000038146973,4.539999961853027,4.349999904632568,4.440000057220459,4.440000057220459,507473852
2024-09-24,4.429999828338623,4.579999923706055,4.429999828338623,4.460000038146973,4.460000038146973,565158286
2024-09-25,4.460000038146973,4.5,4.329999923706055,4.329999923706055,4.329999923706055,553477347
2024-09-26,4.349999904632568,4.440000057220459,4.199999809265137,4.230000019073486,4.230000019073486,477518544
2024-09-27,4.239999771118164,4.309999942779541,4.21999979019165,4.28000020980835,4.28000020980835,348942636
2024-09-30,4.28000020980835,4.360000133514404,4.21999979019165,4.300000190734863,4.300000190734863,362334463
2024-10-01,4.309999942779541,4.360000133514404,4.03000020980835,4.139999866485596,4.139999866485596,446802015
2024-10-02,4.110000133514404,4.170000076293945,4.019999980926514,4.019999980926514,4.019999980926514,385280867
2024-10-03,4.039999961853027,4.179999828338623,4.03000020980835,4.090000152587891,4.090000152587891,387963572
2024-10-04,4.110000133514404,4.159999847412109,4.03000020980835,4.150000095367432,4.150000095367432,305656851
2024-10-07,4.179999828338623,4.179999828338623,4.070000171661377,4.119999885559082,4.119999885559082,291004620
2024-10-08,4.110000133514404,4.199999809265137,4.090000152587891,4.139999866485596,4.139999866485596,334076054
2024-10-09,4.139999866485596,4.150000095367432,4.03000020980835,4.110000133514404,4.110000133514404,412330849
2024-10-10,4.130000114440918,4.130000114440918,4.0,4.019999980926514,4.019999980926514,366868215
2024-10-11,4.03000020980835,4.070000171661377,3.9100000858306885,3.930000066757202,3.930000066757202,316237614
2024-10-14,3.950000047683716,3.9600000381469727,3.7899999618530273,3.799999952316284,3.799999952316284,375877695
2024-10-15,3.799999952316284,3.880000114440918,3.7699999809265137,3.869999885559082,3.869999885559082,328255718
2024-10-16,3.859999895095825,3.9000000953674316,3.7699999809265137,3.890000104904175,3.890000104904175,306041479
2024-10-17,3.880000114440918,3.9800000190734863,3.880000114440918,3.9700000286102295,3.9700000286102295,438169113
2024-10-18,3.990000009536743,4.079999923706055,3.930000066757202,3.950000047683716,3.950000047683716,398431021
2024-10-21,3.9600000381469727,4.010000228881836,3.890000104904175,3.9000000953674316,3.9000000953674316,287430757
2024-10-22,3.9200000762939453,4.010000228881836,3.869999885559082,3.940000057220459,3.940000057220459,320738901
2024-10-23,3.940000057220459,3.9600000381469727,3.799999952316284,3.819999933242798,3.819999933242798,364748296
2024-10-24,3.8499999046325684,3.940000057220459,3.8499999046325684,3.9100000858306885,3.9100000858306885,286943211
2024-10-25,3.9000000953674316,3.9100000858306885,3.8499999046325684,3.9100000858306885,3.9100000858306885,198613555
2024-10-28,3.930000066757202,3.9600000381469727,3.9100000858306885,3.930000066757202,3.930000066757202,82557712
2024-10-30,3.940000057220459,3.9800000190734863,3.930000066757202,3.9600000381469727,3.9600000381469727,213508646
2024-10-31,3.9600000381469727,3.9700000286102295,3.8399999141693115,3.8499999046325684,3.8499999046325684,336340343
2024-11-01,3.859999895095825,3.9100000858306885,3.8399999141693115,3.859999895095825,3.859999895095825,302919658
2024-11-04,3.8399999141693115,3.859999895095825,3.680000066757202,3.700000047683716,3.700000047683716,329440879
2024-11-05,3.7200000286102295,3.75,3.6500000953674316,3.690000057220459,3.690000057220459,266786583
2024-11-06,3.700000047683716,3.7899999618530273,3.6700000762939453,3.7300000190734863,3.7300000190734863,287693504
2024-11-07,3.7300000190734863,3.7699999809265137,3.6700000762939453,3.759999990463257,3.759999990463257,276543301
2024-11-08,3.75,3.8499999046325684,3.740000009536743,3.8299999237060547,3.8299999237060547,281259929
2024-11-11,3.880000114440918,4.110000133514404,3.880000114440918,4.0,4.0,621470674
2024-11-12,3.9800000190734863,4.0,3.8299999237060547,3.8299999237060547,3.8299999237060547,445106529
2024-11-13,3.809999942779541,3.8399999141693115,3.7200000286102295,3.809999942779541,3.809999942779541,545830270
2024-11-14,3.8499999046325684,3.869999885559082,3.799999952316284,3.8399999141693115,3.8399999141693115,234415014
2024-11-15,3.8399999141693115,3.9600000381469727,3.8399999141693115,3.859999895095825,3.859999895095825,406779480
2024-11-18,3.890000104904175,3.9100000858306885,3.8299999237060547,3.880000114440918,3.880000114440918,371557228
2024-11-19,3.890000104904175,3.990000009536743,3.799999952316284,3.8299999237060547,3.8299999237060547,584274859
2024-11-20,3.8499999046325684,3.890000104904175,3.7699999809265137,3.809999942779541,3.809999942779541,492878099
2024-11-21,3.8299999237060547,3.9200000762939453,3.819999933242798,3.9100000858306885,3.9100000858306885,403519941
2024-11-22,3.9000000953674316,4.25,3.869999885559082,4.170000076293945,4.170000076293945,14281899
2024-11-25,4.199999809265137,4.389999866485596,4.119999885559082,4.230000019073486,4.230000019073486,17379120
2024-11-26,4.199999809265137,4.320000171661377,4.179999828338623,4.269999980926514,4.269999980926514,669655719
2024-11-27,4.300000190734863,4.369999885559082,4.260000228881836,4.309999942779541,4.309999942779541,559814111
2024-11-28,4.289999961853027,4.309999942779541,4.139999866485596,4.159999847412109,4.159999847412109,645001094
2024-11-29,4.179999828338623,4.199999809265137,4.039999961853027,4.050000190734863,4.050000190734863,558345504
2024-12-02,4.03000020980835,4.099999904632568,4.019999980926514,4.050000190734863,4.050000190734863,427752468
2024-12-03,4.070000171661377,4.269999980926514,4.059999942779541,4.239999771118164,4.239999771118164,652788536
2024-12-04,4.269999980926514,4.460000038146973,4.25,4.360000133514404,4.360000133514404,861515262
2024-12-05,4.369999885559082,4.389999866485596,4.260000228881836,4.289999961853027,4.289999961853027,610897604
2024-12-06,4.340000152587891,4.349999904632568,4.289999961853027,4.309999942779541,4.309999942779541,369303491
2024-12-09,4.340000152587891,4.46999979019165,4.329999923706055,4.460000038146973,4.460000038146973,705482433
2024-12-10,4.429999828338623,4.480000019073486,4.309999942779541,4.320000171661377,4.320000171661377,431815187
2024-12-11,4.329999923706055,4.349999904632568,4.230000019073486,4.239999771118164,4.239999771118164,435137959
2024-12-12,4.269999980926514,4.340000152587891,4.239999771118164,4.269999980926514,4.269999980926514,291434634
2024-12-13,4.25,4.329999923706055,4.230000019073486,4.320000171661377,4.320000171661377,270649888
2024-12-16,4.340000152587891,4.409999847412109,4.300000190734863,4.309999942779541,4.309999942779541,341409433
2024-12-17,4.309999942779541,4.340000152587891,4.230000019073486,4.260000228881836,4.260000228881836,400794338
2024-12-18,4.269999980926514,4.300000190734863,4.130000114440918,4.159999847412109,4.159999847412109,330160358
2024-12-19,4.139999866485596,4.199999809265137,4.110000133514404,4.119999885559082,4.119999885559082,305719278
2024-12-20,4.130000114440918,4.139999866485596,4.039999961853027,4.039999961853027,4.039999961853027,405675156
2024-12-23,4.059999942779541,4.119999885559082,4.050000190734863,4.050000190734863,4.050000190734863,398389949
2024-12-24,4.070000171661377,4.099999904632568,4.0,4.039999961853027,4.039999961853027,308636525
2024-12-25,4.090000152587891,4.170000076293945,4.079999923706055,4.150000095367432,4.150000095367432,261764439
2024-12-26,4.230000019073486,4.28000020980835,4.150000095367432,4.170000076293945,4.170000076293945,404832930
2024-12-27,4.179999828338623,4.239999771118164,4.159999847412109,4.179999828338623,4.179999828338623,423806919
2024-12-30,4.199999809265137,4.210000038146973,4.110000133514404,4.110000133514404,4.110000133514404,255040557
2024-12-31,4.110000133514404,4.150000095367432,4.070000171661377,4.070000171661377,4.070000171661377,372377490
2025-01-02,4.090000152587891,4.119999885559082,4.059999942779541,4.090000152587891,4.090000152587891,466640930
2025-01-03,4.099999904632568,4.329999923706055,4.099999904632568,4.269999980926514,4.269999980926514,269346413
2025-01-06,4.289999961853027,4.440000057220459,4.239999771118164,4.300000190734863,4.300000190734863,766360919
2025-01-07,4.289999961853027,4.320000171661377,4.159999847412109,4.170000076293945,4.170000076293945,935434534
2025-01-08,4.159999847412109,4.179999828338623,4.090000152587891,4.090000152587891,4.090000152587891,665294388
2025-01-09,4.110000133514404,4.139999866485596,4.079999923706055,4.110000133514404,4.110000133514404,544950281
2025-01-10,4.119999885559082,4.139999866485596,3.9700000286102295,3.990000009536743,3.990000009536743,808457234
2025-01-13,3.9800000190734863,4.0,3.8499999046325684,3.869999885559082,3.869999885559082,710973378
2025-01-14,3.890000104904175,3.9200000762939453,3.819999933242798,3.880000114440918,3.880000114440918,791781372
2025-01-15,3.890000104904175,3.950000047683716,3.880000114440918,3.9200000762939453,3.9200000762939453,728192892
2025-01-16,3.9700000286102295,3.9800000190734863,3.869999885559082,3.940000057220459,3.940000057220459,522509963
2025-01-17,3.950000047683716,3.9600000381469727,3.890000104904175,3.9100000858306885,3.9100000858306885,447572724
2025-01-20,3.9200000762939453,3.940000057220459,3.869999885559082,3.890000104904175,3.890000104904175,464860361
2025-01-21,3.880000114440918,3.940000057220459,3.8499999046325684,3.8499999046325684,3.8499999046325684,606902647
2025-01-22,3.8499999046325684,3.880000114440918,3.8299999237060547,3.859999895095825,3.859999895095825,363761950
2025-01-23,3.880000114440918,3.940000057220459,3.859999895095825,3.869999885559082,3.869999885559082,549503707
2025-01-24,3.869999885559082,3.890000104904175,3.8299999237060547,3.8399999141693115,3.8399999141693115,357382098
2025-01-27,3.819999933242798,3.819999933242798,3.7200000286102295,3.740000009536743,3.740000009536743,650023656
2025-01-28,3.75,3.7699999809265137,3.7100000381469727,3.740000009536743,3.740000009536743,416618508
2025-01-29,3.75,3.7699999809265137,3.6700000762939453,3.680000066757202,3.680000066757202,602716468
2025-01-30,3.690000057220459,3.740000009536743,3.680000066757202,3.690000057220459,3.690000057220459,625401734
2025-01-31,3.7100000381469727,3.7200000286102295,3.6500000953674316,3.6600000858306885,3.6600000858306885,391969834
2025-02-03,3.640000104904175,3.640000104904175,3.5,3.509999990463257,3.509999990463257,1006532412
2025-02-04,3.5299999713897705,3.569999933242798,3.5,3.5299999713897705,3.5299999713897705,486050330
2025-02-05,3.5399999618530273,3.5399999618530273,3.380000114440918,3.4600000381469727,3.4600000381469727,25706656
2025-02-06,3.4800000190734863,3.5299999713897705,3.4600000381469727,3.5199999809265137,3.5199999809265137,391621456
2025-02-07,3.5199999809265137,3.5899999141693115,3.490000009536743,3.5799999237060547,3.5799999237060547,545803424
2025-02-10,3.5899999141693115,3.5899999141693115,3.4700000286102295,3.4800000190734863,3.4800000190734863,523451038
2025-02-11,3.4800000190734863,3.5399999618530273,3.440000057220459,3.5299999713897705,3.5299999713897705,669067610
2025-02-12,3.5799999237060547,3.5999999046325684,3.5,3.5199999809265137,3.5199999809265137,495540851
2025-02-13,3.5299999713897705,3.5799999237060547,3.5199999809265137,3.5399999618530273,3.5399999618530273,453170365
2025-02-14,3.549999952316284,3.559999942779541,3.5,3.5199999809265137,3.5199999809265137,456047376
2025-02-17,3.5199999809265137,3.5399999618530273,3.4800000190734863,3.490000009536743,3.490000009536743,361056984
2025-02-18,3.4800000190734863,3.5399999618530273,3.4200000762939453,3.5199999809265137,3.5199999809265137,743385678
2025-02-19,3.509999990463257,3.5299999713897705,3.450000047683716,3.4700000286102295,3.4700000286102295,540149203
2025-02-20,3.4800000190734863,3.680000066757202,3.4700000286102295,3.640000104904175,3.640000104904175,194585073
2025-02-21,3.640000104904175,3.680000066757202,3.4700000286102295,3.509999990463257,3.509999990463257,848901809
2025-02-24,3.549999952316284,3.5899999141693115,3.509999990463257,3.5299999713897705,3.5299999713897705,415449669
2025-02-25,3.5299999713897705,3.5399999618530273,3.450000047683716,3.4700000286102295,3.4700000286102295,349421700
2025-02-26,3.4800000190734863,3.5299999713897705,3.4600000381469727,3.4800000190734863,3.4800000190734863,354696317
2025-02-27,3.490000009536743,3.549999952316284,3.4800000190734863,3.5,3.5,425248595
2025-02-28,3.490000009536743,3.5299999713897705,3.4700000286102295,3.5299999713897705,3.5299999713897705,349519221
2025-03-03,3.619999885559082,3.6500000953674316,3.569999933242798,3.569999933242798,3.569999933242798,576681754
2025-03-04,3.549999952316284,3.549999952316284,3.450000047683716,3.4700000286102295,3.4700000286102295,349810805
2025-03-05,3.490000009536743,3.5299999713897705,3.4700000286102295,3.509999990463257,3.509999990463257,510865478
2025-03-06,3.5199999809265137,3.740000009536743,3.5,3.7300000190734863,3.7300000190734863,110135955
2025-03-07,3.7100000381469727,3.7699999809265137,3.690000057220459,3.7300000190734863,3.7300000190734863,600158700
2025-03-10,3.740000009536743,3.7799999713897705,3.6600000858306885,3.6600000858306885,3.6600000858306885,478029779
2025-03-11,3.680000066757202,3.7899999618530273,3.6600000858306885,3.7899999618530273,3.7899999618530273,780066683
2025-03-12,3.7899999618530273,3.8399999141693115,3.759999990463257,3.819999933242798,3.819999933242798,629096127
2025-03-13,3.8399999141693115,3.880000114440918,3.809999942779541,3.859999895095825,3.859999895095825,470048811
2025-03-14,3.890000104904175,3.9700000286102295,3.8499999046325684,3.950000047683716,3.950000047683716,491402374
2025-03-17,3.9600000381469727,4.019999980926514,3.930000066757202,4.010000228881836,4.010000228881836,417292124
2025-03-18,4.0,4.019999980926514,3.930000066757202,3.9700000286102295,3.9700000286102295,600594891
2025-03-19,3.7100000381469727,3.7899999618530273,3.5799999237060547,3.5799999237060547,3.5799999237060547,552408485
2025-03-20,3.5799999237060547,3.7300000190734863,3.5299999713897705,3.5999999046325684,3.5999999046325684,605713780
2025-03-21,3.5899999141693115,3.5999999046325684,3.240000009536743,3.309999942779541,3.309999942779541,606573190
2025-03-24,3.309999942779541,3.4100000858306885,3.1600000858306885,3.3299999237060547,3.3299999237060547,620851994
2025-03-25,3.369999885559082,3.4800000190734863,3.3299999237060547,3.440000057220459,3.440000057220459,664389556
2025-03-26,3.4000000953674316,3.4700000286102295,3.359999895095825,3.450000047683716,3.450000047683716,464464332
2025-03-27,3.490000009536743,3.759999990463257,3.490000009536743,3.700000047683716,3.700000047683716,672882566
2025-03-28,3.7200000286102295,3.819999933242798,3.700000047683716,3.740000009536743,3.740000009536743,444604023
2025-04-02,3.7200000286102295,3.7899999618530273,3.700000047683716,3.7200000286102295,3.7200000286102295,306708232
2025-04-03,3.7300000190734863,3.7899999618530273,3.619999885559082,3.619999885559082,3.619999885559082,423621826
2025-04-04,3.619999885559082,3.619999885559082,3.509999990463257,3.5299999713897705,3.5299999713897705,402698126
2025-04-07,3.4700000286102295,3.6500000953674316,3.380000114440918,3.609999895095825,3.609999895095825,460709539
2025-04-08,3.6600000858306885,3.7300000190734863,3.609999895095825,3.690000057220459,3.690000057220459,322083456
2025-04-09,3.6600000858306885,3.759999990463257,3.640000104904175,3.680000066757202,3.680000066757202,381312270
2025-04-10,3.799999952316284,3.950000047683716,3.740000009536743,3.8299999237060547,3.8299999237060547,605140199
2025-04-11,3.8499999046325684,3.990000009536743,3.8299999237060547,3.990000009536743,3.990000009536743,643122646
2025-04-14,4.010000228881836,4.150000095367432,3.9700000286102295,4.079999923706055,4.079999923706055,680423604
2025-04-15,4.090000152587891,4.269999980926514,4.090000152587891,4.230000019073486,4.230000019073486,937143335
2025-04-16,4.239999771118164,4.289999961853027,4.199999809265137,4.21999979019165,4.21999979019165,631721749
2025-04-17,4.230000019073486,4.309999942779541,4.079999923706055,4.199999809265137,4.199999809265137,933692141
2025-04-18,4.21999979019165,4.289999961853027,4.199999809265137,4.230000019073486,4.230000019073486,515308438
2025-04-21,4.25,4.269999980926514,4.050000190734863,4.059999942779541,4.059999942779541,751229701
2025-04-22,4.090000152587891,4.130000114440918,4.059999942779541,4.090000152587891,4.090000152587891,539779688
2025-04-24,4.099999904632568,4.139999866485596,4.070000171661377,4.110000133514404,4.110000133514404,542000495
2025-04-25,4.110000133514404,4.179999828338623,4.059999942779541,4.179999828338623,4.179999828338623,786375887
2025-04-28,4.190000057220459,4.190000057220459,4.070000171661377,4.090000152587891,4.090000152587891,439363846
2025-04-29,4.090000152587891,4.150000095367432,4.070000171661377,4.130000114440918,4.130000114440918,518053095
2025-04-30,4.179999828338623,4.25,4.170000076293945,4.230000019073486,4.230000019073486,889464520
2025-05-02,4.239999771118164,4.239999771118164,4.130000114440918,4.130000114440918,4.130000114440918,437917578
2025-05-05,4.139999866485596,4.150000095367432,3.990000009536743,4.059999942779541,4.059999942779541,633455764
2025-05-06,4.070000171661377,4.090000152587891,3.990000009536743,3.990000009536743,3.990000009536743,333464365
2025-05-07,3.9800000190734863,3.9800000190734863,3.740000009536743,3.7799999713897705,3.7799999713897705,598900814
2025-05-08,3.7799999713897705,3.8299999237060547,3.7799999713897705,3.819999933242798,3.819999933242798,173501269
2025-05-09,3.799999952316284,3.880000114440918,3.7699999809265137,3.7699999809265137,3.7699999809265137,569237324
2025-05-12,3.8299999237060547,3.869999885559082,3.799999952316284,3.8399999141693115,3.8399999141693115,597951951
2025-05-13,3.7799999713897705,3.8299999237060547,3.759999990463257,3.809999942779541,3.809999942779541,468040678
2025-05-14,3.809999942779541,3.8499999046325684,3.7899999618530273,3.7899999618530273,3.7899999618530273,318479475
2025-05-15,3.809999942779541,3.8399999141693115,3.630000114440918,3.640000104904175,3.640000104904175,392866996
2025-05-16,3.630000114440918,3.6700000762939453,3.559999942779541,3.619999885559082,3.619999885559082,401164574
2025-05-20,3.619999885559082,3.619999885559082,3.5299999713897705,3.5399999618530273,3.5399999618530273,308165880
2025-05-21,3.5199999809265137,3.700000047683716,3.509999990463257,3.680000066757202,3.680000066757202,742596906
2025-05-22,3.7100000381469727,3.759999990463257,3.6600000858306885,3.700000047683716,3.700000047683716,520998005
2025-05-23,3.680000066757202,3.700000047683716,3.609999895095825,3.6500000953674316,3.6500000953674316,431751297
2025-05-26,3.6700000762939453,3.680000066757202,3.5999999046325684,3.609999895095825,3.609999895095825,283403168
2025-05-27,3.619999885559082,3.6500000953674316,3.549999952316284,3.569999933242798,3.569999933242798,344096816
2025-05-28,3.5799999237060547,3.5999999046325684,3.390000104904175,3.4000000953674316,3.4000000953674316,516445960
2025-05-29,3.4200000762939453,3.430000066757202,3.240000009536743,3.299999952316284,3.299999952316284,735042771
2025-05-30,3.2799999713897705,3.3299999237060547,3.180000066757202,3.2799999713897705,3.2799999713897705,583080000
2025-06-02,3.259999990463257,3.2799999713897705,3.200000047683716,3.200000047683716,3.200000047683716,312786924
2025-06-03,3.2300000190734863,3.309999942779541,3.2300000190734863,3.2899999618530273,3.2899999618530273,284828863
2025-06-04,3.2699999809265137,3.3499999046325684,3.259999990463257,3.3299999237060547,3.3299999237060547,281867137
2025-06-05,3.309999942779541,3.359999895095825,3.299999952316284,3.3399999141693115,3.3399999141693115,102015229
2025-06-10,3.369999885559082,3.4000000953674316,3.3399999141693115,3.390000104904175,3.390000104904175,274395537
2025-06-11,3.380000114440918,3.390000104904175,3.3399999141693115,3.3499999046325684,3.3499999046325684,326777505
2025-06-12,3.299999952316284,3.299999952316284,3.2200000286102295,3.240000009536743,3.240000009536743,232812076
2025-06-13,3.0999999046325684,3.119999885559082,3.0399999618530273,3.109999895095825,3.109999895095825,335020878
2025-06-16,3.109999895095825,3.1500000953674316,3.0799999237060547,3.0999999046325684,3.0999999046325684,296200426
2025-06-17,3.0999999046325684,3.119999885559082,3.0299999713897705,3.0399999618530273,3.0399999618530273,282945581
2025-06-18,3.0399999618530273,3.049999952316284,2.9200000762939453,2.930000066757202,2.930000066757202,361995682
2025-06-19,2.950000047683716,2.9700000286102295,2.8499999046325684,2.859999895095825,2.859999895095825,275010087
2025-06-20,2.890000104904175,2.9200000762939453,2.8399999141693115,2.8499999046325684,2.8499999046325684,253143773
2025-06-23,2.819999933242798,2.819999933242798,2.759999990463257,2.7799999713897705,2.7799999713897705,234361143
2025-06-24,2.880000114440918,2.930000066757202,2.859999895095825,2.880000114440918,2.880000114440918,433782607
2025-06-25,2.9000000953674316,2.930000066757202,2.869999885559082,2.880000114440918,2.880000114440918,324438072
2025-06-26,2.9000000953674316,2.9200000762939453,2.859999895095825,2.869999885559082,2.869999885559082,278380425
2025-06-27,2.880000114440918,2.9200000762939453,2.8299999237060547,2.9000000953674316,2.9000000953674316,384519318
2025-06-30,2.9100000858306885,3.059999942779541,2.9000000953674316,3.059999942779541,3.059999942779541,558087462
2025-07-01,3.059999942779541,3.2200000286102295,3.049999952316284,3.1700000762939453,3.1700000762939453,702171021
2025-07-02,3.180000066757202,3.2699999809265137,3.140000104904175,3.1600000858306885,3.1600000858306885,560803830
2025-07-03,3.190000057220459,3.2200000286102295,3.180000066757202,3.200000047683716,3.200000047683716,246082292
2025-07-04,3.200000047683716,3.2100000381469727,3.1600000858306885,3.180000066757202,3.180000066757202,202265948
2025-07-07,3.109999895095825,3.140000104904175,3.059999942779541,3.0799999237060547,3.0799999237060547,211230064
2025-07-08,3.0999999046325684,3.119999885559082,2.990000009536743,3.0,3.0,297246701
2025-07-09,3.0,3.0999999046325684,2.990000009536743,3.0799999237060547,3.0799999237060547,291063532
2025-07-10,3.0999999046325684,3.3299999237060547,3.0999999046325684,3.240000009536743,3.240000009536743,673048485
2025-07-11,3.2799999713897705,3.3399999141693115,3.190000057220459,3.2300000190734863,3.2300000190734863,455311183
2025-07-14,3.2100000381469727,3.309999942779541,3.190000057220459,3.190000057220459,3.190000057220459,688125289
2025-07-16,3.200000047683716,3.259999990463257,3.0899999141693115,3.140000104904175,3.140000104904175,637099803
2025-07-17,3.180000066757202,3.2300000190734863,3.1700000762939453,3.2100000381469727,3.2100000381469727,528166300
2025-07-18,3.2100000381469727,3.2200000286102295,3.1600000858306885,3.1700000762939453,3.1700000762939453,363641780
2025-07-21,3.190000057220459,3.25,3.190000057220459,3.2200000286102295,3.2200000286102295,460098845
2025-07-22,3.2300000190734863,3.2699999809265137,3.200000047683716,3.2100000381469727,3.2100000381469727,491210757
2025-07-23,3.2200000286102295,3.2699999809265137,3.2100000381469727,3.2300000190734863,3.2300000190734863,512511986
2025-07-24,3.240000009536743,3.2799999713897705,3.2300000190734863,3.240000009536743,3.240000009536743,472143032
2025-07-25,3.240000009536743,3.259999990463257,3.119999885559082,3.119999885559082,3.119999885559082,579535212
2025-07-28,3.140000104904175,3.190000057220459,3.119999885559082,3.130000114440918,3.130000114440918,567107512
2025-07-29,3.140000104904175,3.1600000858306885,3.0799999237060547,3.0799999237060547,3.0799999237060547,325566806
2025-07-30,3.0899999141693115,3.1500000953674316,3.0799999237060547,3.0999999046325684,3.0999999046325684,317307806
2025-07-31,3.119999885559082,3.1600000858306885,3.0999999046325684,3.119999885559082,3.119999885559082,394355079
2025-08-01,3.130000114440918,3.1500000953674316,3.109999895095825,3.119999885559082,3.119999885559082,335027088
2025-08-04,3.1500000953674316,3.190000057220459,3.1500000953674316,3.180000066757202,3.180000066757202,416662442
2025-08-05,3.190000057220459,3.2100000381469727,3.140000104904175,3.1600000858306885,3.1600000858306885,341184314
2025-08-06,3.1700000762939453,3.180000066757202,3.140000104904175,3.180000066757202,3.180000066757202,280126398
2025-08-07,3.190000057220459,3.25,3.1700000762939453,3.1700000762939453,3.1700000762939453,540938527
2025-08-08,3.1500000953674316,3.4700000286102295,3.1500000953674316,3.390000104904175,3.390000104904175,665622395
2025-08-11,3.4200000762939453,3.490000009536743,3.380000114440918,3.4000000953674316,3.4000000953674316,804084218
2025-08-12,3.4000000953674316,3.4100000858306885,3.309999942779541,3.309999942779541,3.309999942779541,537298923
2025-08-13,3.309999942779541,3.549999952316284,3.299999952316284,3.5,3.5,63001693
2025-08-14,3.5,3.640000104904175,3.490000009536743,3.549999952316284,3.549999952316284,67934426
2025-08-15,3.559999942779541,3.9000000953674316,3.549999952316284,3.9000000953674316,3.9000000953674316,418481744
2025-08-18,4.130000114440918,4.289999961853027,4.070000171661377,4.289999961853027,4.289999961853027,501035899
2025-08-19,4.300000190734863,4.550000190734863,4.150000095367432,4.269999980926514,4.269999980926514,0
2025-08-20,4.039999961853027,4.110000133514404,3.890000104904175,3.9600000381469727,3.9600000381469727,918406441
2025-08-21,3.9800000190734863,4.349999904632568,3.9800000190734863,4.349999904632568,4.349999904632568,0
2025-08-22,4.46999979019165,4.78000020980835,4.460000038146973,4.78000020980835,4.78000020980835,0
2025-08-25,4.929999828338623,5.25,4.929999828338623,5.25,5.25,0
2025-08-26,5.440000057220459,5.659999847412109,5.159999847412109,5.159999847412109,5.159999847412109,0
2025-08-27,5.099999904632568,5.210000038146973,4.880000114440918,4.889999866485596,4.889999866485596,0
2025-08-28,4.980000019073486,5.019999980926514,4.769999980926514,4.829999923706055,4.829999923706055,827495436
2025-08-29,4.900000095367432,4.909999847412109,4.590000152587891,4.690000057220459,4.690000057220459,0
2025-09-01,4.699999809265137,4.800000190734863,4.550000190734863,4.579999923706055,4.579999923706055,0
2025-09-02,4.610000133514404,4.760000228881836,4.400000095367432,4.619999885559082,4.619999885559082,0
2025-09-03,4.639999866485596,4.699999809265137,4.46999979019165,4.519999980926514,4.519999980926514,758060222
2025-09-04,4.550000190734863,4.630000114440918,4.420000076293945,4.429999828338623,4.429999828338623,910606641
2025-09-05,4.460000038146973,4.579999923706055,4.389999866485596,4.429999828338623,4.429999828338623,0
2025-09-08,4.360000133514404,4.420000076293945,3.990000009536743,3.990000009536743,3.990000009536743,0
2025-09-09,3.9200000762939453,4.050000190734863,3.869999885559082,3.9100000858306885,3.9100000858306885,0
2025-09-10,3.940000057220459,4.019999980926514,3.9000000953674316,3.9200000762939453,3.9200000762939453,401738105
2025-09-11,3.9200000762939453,3.990000009536743,3.7200000286102295,3.75,3.75,748426139
2025-09-12,3.759999990463257,3.7699999809265137,3.5899999141693115,3.5999999046325684,3.5999999046325684,759308467
2025-09-15,3.609999895095825,3.9600000381469727,3.5299999713897705,3.9600000381469727,3.9600000381469727,0
2025-09-16,4.059999942779541,4.210000038146973,4.0,4.03000020980835,4.03000020980835,0
2025-09-17,4.039999961853027,4.239999771118164,4.010000228881836,4.210000038146973,4.210000038146973,0
2025-09-18,4.239999771118164,4.260000228881836,4.03000020980835,4.03000020980835,4.03000020980835,677620149
2025-09-19,4.039999961853027,4.110000133514404,3.9700000286102295,4.070000171661377,4.070000171661377,0
2025-09-22,4.179999828338623,4.320000171661377,4.139999866485596,4.190000057220459,4.190000057220459,0
2025-09-23,4.130000114440918,4.130000114440918,3.990000009536743,4.010000228881836,4.010000228881836,473572058
2025-09-24,4.039999961853027,4.070000171661377,3.880000114440918,3.990000009536743,3.990000009536743,0
2025-09-25,4.110000133514404,4.159999847412109,4.050000190734863,4.070000171661377,4.070000171661377,903033614
2025-09-26,4.050000190734863,4.050000190734863,3.9200000762939453,3.940000057220459,3.940000057220459,244713434
2025-09-29,3.9100000858306885,3.950000047683716,3.7799999713897705,3.799999952316284,3.799999952316284,277458865
2025-09-30,3.819999933242798,3.819999933242798,3.7200000286102295,3.75,3.75,377239163
2025-10-01,3.490000009536743,3.5399999618530273,3.4100000858306885,3.5199999809265137,3.5199999809265137,0
2025-10-02,3.5299999713897705,3.5399999618530273,3.369999885559082,3.380000114440918,3.380000114440918,0
2025-10-03,3.4000000953674316,3.4100000858306885,3.2799999713897705,3.3399999141693115,3.3399999141693115,526706337
2025-10-06,3.3499999046325684,3.359999895095825,3.2100000381469727,3.2300000190734863,3.2300000190734863,183346723
2025-10-07,3.25,3.299999952316284,3.200000047683716,3.2200000286102295,3.2200000286102295,427338116
2025-10-08,3.2100000381469727,3.259999990463257,3.1600000858306885,3.1600000858306885,3.1600000858306885,1049656570
2025-10-09,3.200000047683716,3.259999990463257,3.0999999046325684,3.109999895095825,3.109999895095825,451861850
2025-10-10,3.130000114440918,3.1500000953674316,3.069999933242798,3.119999885559082,3.119999885559082,518034837
2025-10-13,3.0799999237060547,3.0899999141693115,3.009999990463257,3.0199999809265137,3.0199999809265137,241968169
2025-10-14,3.0199999809265137,3.0799999237060547,3.0,3.0799999237060547,3.0799999237060547,532084565
2025-10-15,3.0999999046325684,3.140000104904175,3.0,3.130000114440918,3.130000114440918,778261101
2025-10-16,3.1700000762939453,3.200000047683716,3.049999952316284,3.059999942779541,3.059999942779541,832359870
2025-10-17,3.0399999618530273,3.0899999141693115,2.9800000190734863,3.0299999713897705,3.0299999713897705,388967855
2025-10-20,3.049999952316284,3.140000104904175,3.0,3.109999895095825,3.109999895095825,416237578
2025-10-21,3.069999933242798,3.0899999141693115,3.009999990463257,3.009999990463257,3.009999990463257,165373224
2025-10-22,3.0299999713897705,3.059999942779541,3.0,3.009999990463257,3.009999990463257,934823374
2025-10-23,3.0199999809265137,3.299999952316284,3.009999990463257,3.130000114440918,3.130000114440918,0
2025-10-24,3.1500000953674316,3.25,3.119999885559082,3.1600000858306885,3.1600000858306885,0
2025-10-27,3.1500000953674316,3.2200000286102295,3.140000104904175,3.1600000858306885,948903572
2025-10-28,3.1600000858306885,3.180000066757202,3.0999999046325684,3.0999999046325684,356280349
2025-10-30,3.119999885559082,3.1500000953674316,3.049999952316284,3.059999942779541,1014302708
2025-10-31,3.059999942779541,3.109999895095825,3.0399999618530273,3.069999933242798,224654889
2025-11-03,3.0899999141693115,3.190000057220459,3.0799999237060547,3.119999885559082,960715705
2025-11-04,3.049999952316284,3.069999933242798,3.0,3.0299999713897705,572318069
2025-11-05,3.0399999618530273,3.0399999618530273,3.0,3.009999990463257,911035578
2025-11-06,3.0299999713897705,3.0299999713897705,2.950000047683716,2.9700000286102295,1008389482
2025-11-07,2.9800000190734863,3.0,2.9100000858306885,2.930000066757202,1066545106
2025-11-10,2.950000047683716,2.9700000286102295,2.880000114440918,2.890000104904175,708374827
2025-11-11,2.890000104904175,2.940000057220459,2.7699999809265137,2.880000114440918,224581826
2025-11-12,2.9000000953674316,3.059999942779541,2.869999885559082,2.9600000381469727,915589425
2025-11-13,2.9700000286102295,2.9700000286102295,2.859999895095825,2.869999885559082,860941917
2025-11-14,2.859999895095825,2.9200000762939453,2.819999933242798,2.869999885559082,464594958
2025-11-17,2.9000000953674316,2.940000057220459,2.880000114440918,2.9000000953674316,934079441
2025-11-18,2.880000114440918,2.930000066757202,2.869999885559082,2.890000104904175,917422371
2025-11-19,2.9100000858306885,3.0,2.890000104904175,2.9700000286102295,186613136
2025-11-20,2.9800000190734863,3.130000114440918,2.940000057220459,3.0199999809265137,0
2025-11-21,3.0,3.1600000858306885,3.0,3.119999885559082,0
2025-11-24,3.119999885559082,3.2300000190734863,3.109999895095825,3.109999895095825,302400707
2025-11-25,3.119999885559082,3.130000114440918,2.9600000381469727,2.9600000381469727,151821801
2025-11-26,2.9700000286102295,2.990000009536743,2.9100000858306885,2.9100000858306885,824018773
2025-11-27,2.930000066757202,2.990000009536743,2.9200000762939453,2.930000066757202,845586514
2025-11-28,2.930000066757202,2.950000047683716,2.9000000953674316,2.9200000762939453,630273303
2025-12-01,2.930000066757202,2.9800000190734863,2.930000066757202,2.9700000286102295,634262849
2025-12-02,2.9800000190734863,3.0,2.950000047683716,2.9800000190734863,726099625
2025-12-03,2.990000009536743,3.0,2.940000057220459,2.950000047683716,852214950
2025-12-04,2.9600000381469727,2.9800000190734863,2.869999885559082,2.890000104904175,988806256
2025-12-05,2.9000000953674316,2.9100000858306885,2.869999885559082,2.880000114440918,585529242
2025-12-08,2.9000000953674316,2.9700000286102295,2.890000104904175,2.940000057220459,981976613
2025-12-09,2.950000047683716,2.9800000190734863,2.9100000858306885,2.9200000762939453,818010761
2025-12-10,2.9200000762939453,2.940000057220459,2.880000114440918,2.880000114440918,768624700
2025-12-11,2.890000104904175,2.9200000762939453,2.880000114440918,2.890000104904175,586487786
2025-12-12,2.890000104904175,2.9100000858306885,2.859999895095825,2.869999885559082,548364182
2025-12-15,2.890000104904175,2.930000066757202,2.880000114440918,2.9200000762939453,728426509
2025-12-16,2.9200000762939453,2.9200000762939453,2.869999885559082,2.880000114440918,477541543
2025-12-17,2.869999885559082,2.869999885559082,2.8399999141693115,2.8499999046325684,414914344
2025-12-18,2.8499999046325684,2.869999885559082,2.8299999237060547,2.8299999237060547,443893590
2025-12-19,2.8399999141693115,2.8499999046325684,2.8299999237060547,2.8499999046325684,352528933
2025-12-22,2.859999895095825,2.869999885559082,2.7799999713897705,2.7799999713897705,596171949
2025-12-23,2.7799999713897705,2.7899999618530273,2.7100000381469727,2.7100000381469727,718524845
2025-12-24,2.7300000190734863,2.9100000858306885,2.6600000858306885,2.8299999237060547,0
2025-12-25,2.8399999141693115,2.930000066757202,2.819999933242798,2.890000104904175,495020803
2025-12-26,2.9000000953674316,2.950000047683716,2.8399999141693115,2.859999895095825,322951687
2025-12-29,2.859999895095825,2.890000104904175,2.7699999809265137,2.7699999809265137,947400572
2025-12-30,2.7799999713897705,2.869999885559082,2.7300000190734863,2.819999933242798,921195341
2025-12-31,2.819999933242798,2.859999895095825,2.7799999713897705,2.7799999713897705,791165996
2026-01-02,2.7899999618530273,2.940000057220459,2.7799999713897705,2.890000104904175,439054402
2026-01-05,2.9100000858306885,2.940000057220459,2.859999895095825,2.890000104904175,314430019
2026-01-06,2.9100000858306885,2.950000047683716,2.890000104904175,2.930000066757202,1006465949
2026-01-07,2.940000057220459,2.950000047683716,2.809999942779541,2.809999942779541,301315231
2026-01-08,2.6700000762939453,2.6700000762939453,2.5299999713897705,2.5299999713897705,68325297
2026-01-09,2.369999885559082,2.4000000953674316,2.2899999618530273,2.359999895095825,0
2026-01-12,2.380000114440918,2.380000114440918,2.309999942779541,2.3399999141693115,0
2026-01-13,2.3499999046325684,2.380000114440918,2.3299999237060547,2.369999885559082,0
2026-01-14,2.369999885559082,2.380000114440918,2.319999933242798,2.319999933242798,960649945
2026-01-15,2.319999933242798,2.3499999046325684,2.309999942779541,2.3399999141693115,288533973
2026-01-16,2.3399999141693115,2.4200000762939453,2.319999933242798,2.390000104904175,0
2026-01-19,2.4100000858306885,2.440000057220459,2.390000104904175,2.4000000953674316,1064309506
2026-01-20,2.4200000762939453,2.440000057220459,2.369999885559082,2.380000114440918,385168790
2026-01-21,2.380000114440918,2.4100000858306885,2.3299999237060547,2.380000114440918,1069459086
2026-01-22,2.390000104904175,2.4200000762939453,2.369999885559082,2.390000104904175,673956491
2026-01-23,2.4000000953674316,2.440000057220459,2.390000104904175,2.4000000953674316,791821637
2026-01-26,2.390000104904175,2.5199999809265137,2.369999885559082,2.5,0
2026-01-27,2.5,2.5199999809265137,2.450000047683716,2.4700000286102295,974908478
2026-01-28,2.4800000190734863,2.619999885559082,2.4700000286102295,2.569999933242798,0
2026-01-29,2.5799999237060547,2.6600000858306885,2.549999952316284,2.5999999046325684,0
2026-01-30,2.609999895095825,2.6600000858306885,2.5399999618530273,2.549999952316284,0
2026-02-02,2.5199999809265137,2.569999933242798,2.450000047683716,2.5399999618530273,0
2026-02-03,2.549999952316284,2.619999885559082,2.5299999713897705,2.559999942779541,0
2026-02-04,2.569999933242798,2.609999895095825,2.559999942779541,2.559999942779541,1052274092
2026-02-05,2.559999942779541,2.559999942779541,2.490000009536743,2.490000009536743,0
2026-02-06,2.490000009536743,2.5,2.359999895095825,2.4200000762939453,0
2026-02-09,2.440000057220459,2.549999952316284,2.430000066757202,2.5299999713897705,0
2026-02-10,2.5399999618530273,2.5799999237060547,2.5,2.509999990463257,714663781
2026-02-11,2.5199999809265137,2.6700000762939453,2.5,2.5399999618530273,0
2026-02-12,2.549999952316284,2.7300000190734863,2.5399999618530273,2.7100000381469727,0
2026-02-13,2.7100000381469727,2.75,2.680000066757202,2.700000047683716,0
2026-02-16,2.7200000286102295,2.7899999618530273,2.7100000381469727,2.7699999809265137,0
2026-02-17,2.759999990463257,2.7799999713897705,2.619999885559082,2.640000104904175,0
2026-02-18,2.5999999046325684,2.6700000762939453,2.569999933242798,2.5999999046325684,0
2026-02-19,2.609999895095825,2.630000114440918,2.4800000190734863,2.5199999809265137,0
2026-02-20,2.5199999809265137,2.5299999713897705,2.390000104904175,2.4200000762939453,0
2026-02-23,2.440000057220459,2.490000009536743,2.4200000762939453,2.430000066757202,958704080
2026-02-24,2.440000057220459,2.450000047683716,2.390000104904175,2.4000000953674316,645601303
2026-02-25,2.4100000858306885,2.4200000762939453,2.359999895095825,2.369999885559082,490952443
2026-02-26,2.380000114440918,2.509999990463257,2.380000114440918,2.430000066757202,0
2026-02-27,2.450000047683716,2.4700000286102295,2.4000000953674316,2.4700000286102295,0
2026-03-02,2.3399999141693115,2.369999885559082,2.299999952316284,2.3499999046325684,389828839
2026-03-03,2.3399999141693115,2.390000104904175,2.2699999809265137,2.2799999713897705,572446141
2026-03-04,2.2899999618530273,2.3299999237060547,2.2699999809265137,2.2899999618530273,209238112
2026-03-05,2.309999942779541,2.3299999237060547,2.2799999713897705,2.2799999713897705,929766865
2026-03-06,2.2799999713897705,2.299999952316284,2.2200000286102295,2.2200000286102295,992706811
2026-03-09,2.1700000762939453,2.200000047683716,2.130000114440918,2.180000066757202,474062843
2026-03-10,2.2100000381469727,2.259999990463257,2.190000057220459,2.259999990463257,156278287
2026-03-11,2.25,2.2699999809265137,2.180000066757202,2.200000047683716,448070971
2026-03-12,2.200000047683716,2.4200000762939453,2.190000057220459,2.4200000762939453,2888864986
