Tarih,Açılış,Yüksek,Düşük,Kapanış,Düzeltilmiş_Kapanış,Hacim
2015-10-29,8.300000190734863,8.300000190734863,8.300000190734863,8.300000190734863,8.108139038085938,0
2015-10-30,8.3100004196167,8.609999656677246,8.3100004196167,8.609999656677246,8.410972595214844,20670423
2015-11-02,9.319999694824219,9.329999923706055,9.180000305175781,9.199999809265137,8.987334251403809,25501039
2015-11-03,9.130000114440918,9.170000076293945,9.039999961853027,9.069999694824219,8.860339164733887,17680136
2015-11-04,9.15999984741211,9.239999771118164,9.149999618530273,9.199999809265137,8.987334251403809,26325908
2015-11-05,9.1899995803833,9.279999732971191,9.140000343322754,9.270000457763672,9.055717468261719,26705118
2015-11-06,9.220000267028809,9.229999542236328,9.079999923706055,9.199999809265137,8.987334251403809,19171712
2015-11-09,9.229999542236328,9.270000457763672,9.15999984741211,9.15999984741211,8.948259353637695,11951904
2015-11-10,9.15999984741211,9.170000076293945,9.09000015258789,9.09000015258789,8.879878044128418,15369198
2015-11-11,9.180000305175781,9.210000038146973,9.119999885559082,9.170000076293945,8.958027839660645,14571092
2015-11-12,9.220000267028809,9.289999961853027,9.149999618530273,9.279999732971191,9.065485000610352,21386891
2015-11-13,9.260000228881836,9.270000457763672,9.199999809265137,9.220000267028809,9.006872177124023,16437620
2015-11-16,9.069999694824219,9.100000381469727,8.979999542236328,8.979999542236328,8.772419929504395,19197364
2015-11-17,9.050000190734863,9.0600004196167,8.920000076293945,8.930000305175781,8.723576545715332,18618864
2015-11-18,8.850000381469727,8.859999656677246,8.699999809265137,8.710000038146973,8.508661270141602,37373210
2015-11-19,8.789999961853027,8.789999961853027,8.720000267028809,8.760000228881836,8.557506561279297,19462180
2015-11-20,8.84000015258789,8.84000015258789,8.760000228881836,8.760000228881836,8.557506561279297,13826008
2015-11-23,8.699999809265137,8.699999809265137,8.520000457763672,8.529999732971191,8.3328218460083,26194364
2015-11-24,8.319999694824219,8.4399995803833,7.920000076293945,7.920000076293945,7.736922740936279,64667148
2015-11-25,7.960000038146973,7.989999771118164,7.849999904632568,7.949999809265137,7.766228675842285,52800605
2015-11-26,7.929999828338623,8.0,7.710000038146973,7.730000019073486,7.551314830780029,33160427
2015-11-27,7.869999885559082,7.909999847412109,7.71999979019165,7.829999923706055,7.649003028869629,36425242
2015-11-30,7.880000114440918,7.909999847412109,7.650000095367432,7.659999847412109,7.4829325675964355,45683656
2015-12-01,7.690000057220459,7.960000038146973,7.690000057220459,7.690000057220459,7.512239456176758,68412559
2015-12-02,7.980000019073486,8.069999694824219,7.880000114440918,7.900000095367432,7.717385292053223,88146891
2015-12-03,7.940000057220459,7.989999771118164,7.690000057220459,7.699999809265137,7.522007942199707,77175671
2015-12-04,7.730000019073486,7.75,7.440000057220459,7.599999904632568,7.424319744110107,87939038
2015-12-07,7.590000152587891,7.699999809265137,7.440000057220459,7.630000114440918,7.45362663269043,78305773
2015-12-08,7.639999866485596,7.71999979019165,7.460000038146973,7.46999979019165,7.2973246574401855,64938755
2015-12-09,7.5,7.659999847412109,7.449999809265137,7.639999866485596,7.463395118713379,87090097
2015-12-10,7.599999904632568,7.670000076293945,7.210000038146973,7.25,7.0824103355407715,135545297
2015-12-11,7.230000019073486,7.309999942779541,6.880000114440918,6.880000114440918,6.720963478088379,137735346
2015-12-14,6.960000038146973,7.059999942779541,6.760000228881836,6.800000190734863,6.642812728881836,106591589
2015-12-15,6.880000114440918,7.289999961853027,6.840000152587891,7.230000019073486,7.062872886657715,135113978
2015-12-16,7.25,7.349999904632568,7.130000114440918,7.269999980926514,7.101947784423828,120373111
2015-12-17,7.369999885559082,7.400000095367432,7.28000020980835,7.329999923706055,7.1605610847473145,83226030
2015-12-18,7.340000152587891,7.340000152587891,7.190000057220459,7.230000019073486,7.062872886657715,64139737
2015-12-21,7.269999980926514,7.53000020980835,7.230000019073486,7.489999771118164,7.3168625831604,87175242
2015-12-22,7.46999979019165,7.519999980926514,7.320000171661377,7.440000057220459,7.2680182456970215,72232453
2015-12-23,7.46999979019165,7.559999942779541,7.460000038146973,7.480000019073486,7.307093620300293,58223280
2015-12-24,7.5,7.510000228881836,7.420000076293945,7.420000076293945,7.248480796813965,24649765
2015-12-25,7.429999828338623,7.429999828338623,7.380000114440918,7.400000095367432,7.228943347930908,12722588
2015-12-28,7.429999828338623,7.639999866485596,7.420000076293945,7.53000020980835,7.355937957763672,55606008
2015-12-29,7.550000190734863,7.599999904632568,7.46999979019165,7.489999771118164,7.3168625831604,42852803
2015-12-30,7.5,7.53000020980835,7.349999904632568,7.380000114440918,7.209405422210693,29659073
2015-12-31,7.400000095367432,7.510000228881836,7.300000190734863,7.389999866485596,7.219173908233643,30751371
2016-01-01,7.389999866485596,7.389999866485596,7.389999866485596,7.389999866485596,7.219173908233643,0
2016-01-04,7.230000019073486,7.25,7.119999885559082,7.139999866485596,6.9749531745910645,47462373
2016-01-05,7.210000038146973,7.260000228881836,7.079999923706055,7.239999771118164,7.072641372680664,66802626
2016-01-06,7.190000057220459,7.260000228881836,7.070000171661377,7.210000038146973,7.043335437774658,82981848
2016-01-07,7.170000076293945,7.329999923706055,7.119999885559082,7.320000171661377,7.150792598724365,62017458
2016-01-08,7.349999904632568,7.369999885559082,7.210000038146973,7.21999979019165,7.053103923797607,48601939
2016-01-11,7.190000057220459,7.329999923706055,7.130000114440918,7.289999961853027,7.121485233306885,60634012
2016-01-12,7.289999961853027,7.380000114440918,7.21999979019165,7.269999980926514,7.101947784423828,79619642
2016-01-13,7.320000171661377,7.400000095367432,7.300000190734863,7.340000152587891,7.170330047607422,71441487
2016-01-14,7.329999923706055,7.369999885559082,7.159999847412109,7.199999809265137,7.033565521240234,84577019
2016-01-15,7.210000038146973,7.269999980926514,7.070000171661377,7.099999904632568,6.935877323150635,81851883
2016-01-18,7.150000095367432,7.210000038146973,7.070000171661377,7.159999847412109,6.994490623474121,52787346
2016-01-19,7.230000019073486,7.289999961853027,7.199999809265137,7.230000019073486,7.062872886657715,49274372
2016-01-20,7.179999828338623,7.239999771118164,7.03000020980835,7.050000190734863,6.887033939361572,46175126
2016-01-21,7.079999923706055,7.110000133514404,6.940000057220459,7.059999942779541,6.8968024253845215,50567591
2016-01-22,7.059999942779541,7.059999942779541,7.059999942779541,7.059999942779541,6.8968024253845215,0
2016-01-25,7.150000095367432,7.179999828338623,7.090000152587891,7.119999885559082,6.95541524887085,33946714
2016-01-26,7.090000152587891,7.320000171661377,7.039999961853027,7.289999961853027,7.121485233306885,81414825
2016-01-27,7.28000020980835,7.380000114440918,7.239999771118164,7.28000020980835,7.1117167472839355,74979181
2016-01-28,7.320000171661377,7.389999866485596,7.210000038146973,7.230000019073486,7.062872886657715,67046449
2016-01-29,7.309999942779541,7.369999885559082,7.260000228881836,7.309999942779541,7.141023635864258,74182100
2016-02-01,7.320000171661377,7.329999923706055,7.25,7.289999961853027,7.121485233306885,41175875
2016-02-02,7.320000171661377,7.380000114440918,7.21999979019165,7.21999979019165,7.053103923797607,58803855
2016-02-03,7.199999809265137,7.300000190734863,7.159999847412109,7.21999979019165,7.053103923797607,71815483
2016-02-04,7.309999942779541,7.329999923706055,7.25,7.289999961853027,7.121485233306885,87707634
2016-02-05,7.289999961853027,7.309999942779541,7.230000019073486,7.230000019073486,7.062872886657715,60286911
2016-02-08,7.239999771118164,7.260000228881836,6.880000114440918,6.889999866485596,6.730731964111328,101084576
2016-02-09,6.829999923706055,6.920000076293945,6.730000019073486,6.829999923706055,6.672119140625,88392975
2016-02-10,6.880000114440918,6.960000038146973,6.820000171661377,6.880000114440918,6.720963478088379,76512819
2016-02-11,6.820000171661377,6.860000133514404,6.690000057220459,6.789999961853027,6.63304328918457,78514967
2016-02-12,6.820000171661377,6.849999904632568,6.659999847412109,6.659999847412109,6.506048679351807,73149963
2016-02-15,6.690000057220459,6.699999809265137,6.46999979019165,6.559999942779541,6.408360481262207,82843187
2016-02-16,6.570000171661377,6.679999828338623,6.570000171661377,6.619999885559082,6.466972827911377,74479112
2016-02-17,6.599999904632568,6.849999904632568,6.590000152587891,6.829999923706055,6.672119140625,85775613
2016-02-18,6.820000171661377,6.949999809265137,6.760000228881836,6.929999828338623,6.7698073387146,79643061
2016-02-19,6.920000076293945,6.920000076293945,6.820000171661377,6.849999904632568,6.691656589508057,40518658
2016-02-22,6.920000076293945,7.110000133514404,6.909999847412109,7.090000152587891,6.9261088371276855,65788756
2016-02-23,7.090000152587891,7.210000038146973,7.079999923706055,7.159999847412109,6.994490623474121,67271218
2016-02-24,7.170000076293945,7.210000038146973,6.929999828338623,6.940000057220459,6.779576301574707,63996497
2016-02-25,6.989999771118164,7.139999866485596,6.980000019073486,7.099999904632568,6.935877323150635,70596250
2016-02-26,7.159999847412109,7.21999979019165,7.090000152587891,7.130000114440918,6.965184688568115,62600233
2016-02-29,7.099999904632568,7.329999923706055,7.099999904632568,7.320000171661377,7.150792598724365,61365525
2016-03-01,7.449999809265137,7.539999961853027,7.409999847412109,7.449999809265137,7.277786731719971,74448477
2016-03-02,7.519999980926514,7.539999961853027,7.449999809265137,7.46999979019165,7.2973246574401855,60101787
2016-03-03,7.5,7.539999961853027,7.389999866485596,7.420000076293945,7.248480796813965,64117035
2016-03-04,7.440000057220459,7.650000095367432,7.369999885559082,7.630000114440918,7.45362663269043,98397744
2016-03-07,7.659999847412109,7.699999809265137,7.550000190734863,7.610000133514404,7.434088706970215,79132937
2016-03-08,7.570000171661377,7.630000114440918,7.539999961853027,7.570000171661377,7.395013332366943,53872367
2016-03-09,7.579999923706055,7.690000057220459,7.570000171661377,7.690000057220459,7.512239456176758,69798902
2016-03-10,7.679999828338623,7.730000019073486,7.599999904632568,7.599999904632568,7.424319744110107,94761199
2016-03-11,7.670000076293945,7.800000190734863,7.630000114440918,7.789999961853027,7.609927654266357,70063857
2016-03-14,7.849999904632568,7.96999979019165,7.800000190734863,7.909999847412109,7.727153778076172,78118143
2016-03-15,7.909999847412109,7.909999847412109,7.650000095367432,7.659999847412109,7.4829325675964355,79496012
2016-03-16,7.679999828338623,7.769999980926514,7.610000133514404,7.75,7.570852279663086,67212627
2016-03-17,7.869999885559082,7.880000114440918,7.800000190734863,7.840000152587891,7.658771991729736,72165527
2016-03-18,7.849999904632568,7.929999828338623,7.829999923706055,7.909999847412109,7.727153778076172,63378039
2016-03-21,7.889999866485596,8.0,7.829999923706055,7.960000038146973,7.775998592376709,89695487
2016-03-22,7.920000076293945,7.920000076293945,7.550000190734863,7.579999923706055,7.404782295227051,133070742
2016-03-23,7.590000152587891,7.619999885559082,7.480000019073486,7.510000228881836,7.336400508880615,71800588
2016-03-24,7.5,7.639999866485596,7.5,7.610000133514404,7.434088706970215,66964652
2016-03-25,7.619999885559082,7.699999809265137,7.619999885559082,7.630000114440918,7.45362663269043,33170475
2016-03-28,7.650000095367432,7.659999847412109,7.599999904632568,7.619999885559082,7.443857192993164,28767980
2016-03-29,7.650000095367432,7.71999979019165,7.630000114440918,7.630000114440918,7.45362663269043,51352872
2016-03-30,7.699999809265137,7.809999942779541,7.699999809265137,7.769999980926514,7.590390205383301,60261188
2016-03-31,7.78000020980835,7.849999904632568,7.769999980926514,7.789999961853027,7.609927654266357,53033466
2016-04-01,7.78000020980835,7.800000190734863,7.710000038146973,7.71999979019165,7.541545867919922,48934344
2016-04-04,7.760000228881836,7.860000133514404,7.730000019073486,7.840000152587891,7.658771991729736,54212779
2016-04-05,7.829999923706055,7.920000076293945,7.760000228881836,7.809999942779541,7.629465579986572,82232323
2016-04-06,7.829999923706055,7.880000114440918,7.599999904632568,7.619999885559082,7.443857192993164,74055830
2016-04-07,7.670000076293945,7.710000038146973,7.519999980926514,7.519999980926514,7.3461689949035645,67015840
2016-04-08,7.550000190734863,7.590000152587891,7.440000057220459,7.550000190734863,7.375475883483887,58471746
2016-04-11,7.559999942779541,7.75,7.53000020980835,7.71999979019165,7.541545867919922,74553299
2016-04-12,7.730000019073486,7.769999980926514,7.610000133514404,7.630000114440918,7.45362663269043,64991809
2016-04-13,7.679999828338623,7.75,7.650000095367432,7.739999771118164,7.5610833168029785,79556883
2016-04-14,7.760000228881836,7.809999942779541,7.670000076293945,7.710000038146973,7.531777381896973,82674219
2016-04-15,7.730000019073486,7.730000019073486,7.539999961853027,7.570000171661377,7.395013332366943,66980842
2016-04-18,7.53000020980835,7.650000095367432,7.519999980926514,7.559999942779541,7.385244369506836,64545478
2016-04-19,7.599999904632568,7.599999904632568,7.5,7.5,7.326631546020508,70588709
2016-04-20,7.46999979019165,7.480000019073486,6.929999828338623,6.989999771118164,6.828420162200928,144548324
2016-04-21,7.019999980926514,7.110000133514404,6.860000133514404,6.909999847412109,6.750269412994385,91463860
2016-04-22,6.940000057220459,7.079999923706055,6.900000095367432,7.039999961853027,6.877264499664307,92923654
2016-04-25,7.039999961853027,7.070000171661377,6.929999828338623,6.929999828338623,6.7698073387146,52622157
2016-04-26,6.949999809265137,7.019999980926514,6.860000133514404,6.96999979019165,6.808882713317871,77736738
2016-04-27,7.0,7.050000190734863,6.949999809265137,7.019999980926514,6.85772705078125,59385906
2016-04-28,7.03000020980835,7.079999923706055,6.980000019073486,6.989999771118164,6.828420162200928,59293114
2016-04-29,7.010000228881836,7.019999980926514,6.889999866485596,6.900000095367432,6.7405009269714355,39898777
2016-05-02,6.900000095367432,6.929999828338623,6.829999923706055,6.840000152587891,6.681888103485107,43338893
2016-05-03,6.860000133514404,6.880000114440918,6.599999904632568,6.610000133514404,6.457204341888428,84927053
2016-05-04,6.610000133514404,6.789999961853027,6.5,6.699999809265137,6.54512357711792,124447340
2016-05-05,6.550000190734863,6.760000228881836,6.550000190734863,6.650000095367432,6.496280193328857,97301628
2016-05-06,6.670000076293945,6.690000057220459,6.489999771118164,6.650000095367432,6.496280193328857,65497165
2016-05-09,6.679999828338623,6.739999771118164,6.630000114440918,6.71999979019165,6.564661502838135,62978673
2016-05-10,6.570000171661377,6.71999979019165,6.53000020980835,6.650000095367432,6.496280193328857,98462639
2016-05-11,6.670000076293945,6.690000057220459,6.610000133514404,6.619999885559082,6.466972827911377,45920298
2016-05-12,6.619999885559082,6.639999866485596,6.389999866485596,6.409999847412109,6.26182746887207,86829748
2016-05-13,6.389999866485596,6.389999866485596,6.199999809265137,6.210000038146973,6.066451072692871,92204461
2016-05-16,6.239999771118164,6.309999942779541,6.099999904632568,6.130000114440918,5.988300323486328,67038823
2016-05-17,6.199999809265137,6.269999980926514,6.010000228881836,6.239999771118164,6.095757007598877,96915757
2016-05-18,6.179999828338623,6.210000038146973,6.059999942779541,6.110000133514404,5.968762397766113,89219020
2016-05-19,6.110000133514404,6.110000133514404,6.110000133514404,6.110000133514404,5.968762397766113,0
2016-05-20,6.110000133514404,6.159999847412109,6.03000020980835,6.039999961853027,5.9003801345825195,54092295
2016-05-23,6.050000190734863,6.170000076293945,5.989999771118164,6.150000095367432,6.007837772369385,57040618
2016-05-24,6.110000133514404,6.309999942779541,6.099999904632568,6.260000228881836,6.115294933319092,127908120
2016-05-25,6.28000020980835,6.309999942779541,6.21999979019165,6.230000019073486,6.085988521575928,71331329
2016-05-26,6.210000038146973,6.25,6.119999885559082,6.210000038146973,6.066451072692871,80347800
2016-05-27,6.21999979019165,6.25,6.150000095367432,6.170000076293945,6.0273756980896,39432174
2016-05-30,6.170000076293945,6.329999923706055,6.170000076293945,6.329999923706055,6.183676719665527,54409843
2016-05-31,6.349999904632568,6.369999885559082,6.21999979019165,6.21999979019165,6.07621955871582,57820637
2016-06-01,6.230000019073486,6.269999980926514,6.130000114440918,6.130000114440918,5.988300323486328,43901948
2016-06-02,6.139999866485596,6.199999809265137,6.099999904632568,6.119999885559082,5.9785308837890625,37645817
2016-06-03,6.150000095367432,6.239999771118164,6.099999904632568,6.21999979019165,6.07621955871582,67663024
2016-06-06,6.25,6.28000020980835,6.21999979019165,6.21999979019165,6.07621955871582,54461207
2016-06-07,6.239999771118164,6.269999980926514,6.079999923706055,6.099999904632568,5.958993434906006,76520753
2016-06-08,6.130000114440918,6.139999866485596,6.059999942779541,6.090000152587891,5.949224948883057,59339052
2016-06-09,6.090000152587891,6.159999847412109,6.039999961853027,6.059999942779541,5.919918060302734,55718752
2016-06-10,6.059999942779541,6.070000171661377,5.900000095367432,5.900000095367432,5.763617038726807,58411600
2016-06-13,5.860000133514404,5.860000133514404,5.679999828338623,5.769999980926514,5.636621475219727,73355206
2016-06-14,5.769999980926514,5.960000038146973,5.71999979019165,5.849999904632568,5.7147722244262695,98507424
2016-06-15,5.880000114440918,5.929999828338623,5.809999942779541,5.820000171661377,5.685466289520264,64381706
2016-06-16,5.78000020980835,5.800000190734863,5.71999979019165,5.739999771118164,5.6073150634765625,32216911
2016-06-17,5.800000190734863,5.809999942779541,5.699999809265137,5.71999979019165,5.587777614593506,40704049
2016-06-20,5.789999961853027,5.809999942779541,5.739999771118164,5.769999980926514,5.636621475219727,46681603
2016-06-21,5.769999980926514,5.96999979019165,5.739999771118164,5.920000076293945,5.783154487609863,95013271
2016-06-22,5.949999809265137,5.96999979019165,5.809999942779541,5.809999942779541,5.675697326660156,50780752
2016-06-23,5.820000171661377,5.869999885559082,5.78000020980835,5.829999923706055,5.695234775543213,63112195
2016-06-24,5.5,5.690000057220459,5.480000019073486,5.670000076293945,5.538933277130127,59653183
2016-06-27,5.679999828338623,5.929999828338623,5.670000076293945,5.889999866485596,5.753848075866699,107050752
2016-06-28,5.96999979019165,6.079999923706055,5.940000057220459,5.96999979019165,5.831998348236084,99047224
2016-06-29,5.78000020980835,5.929999828338623,5.760000228881836,5.809999942779541,5.675697326660156,102225494
2016-06-30,5.829999923706055,5.849999904632568,5.71999979019165,5.71999979019165,5.587777614593506,54287278
2016-07-01,5.739999771118164,5.769999980926514,5.710000038146973,5.730000019073486,5.597546577453613,34199935
2016-07-04,5.739999771118164,5.75,5.710000038146973,5.730000019073486,5.597546577453613,8205260
2016-07-05,5.730000019073486,5.730000019073486,5.730000019073486,5.730000019073486,5.597546577453613,0
2016-07-06,5.730000019073486,5.730000019073486,5.730000019073486,5.730000019073486,5.597546577453613,0
2016-07-07,5.730000019073486,5.730000019073486,5.730000019073486,5.730000019073486,5.597546577453613,0
2016-07-08,5.730000019073486,5.739999771118164,5.610000133514404,5.619999885559082,5.490088939666748,56028851
2016-07-11,5.679999828338623,5.820000171661377,5.630000114440918,5.809999942779541,5.675697326660156,68162476
2016-07-12,5.820000171661377,5.960000038146973,5.760000228881836,5.929999828338623,5.7929229736328125,138830853
2016-07-13,5.940000057220459,6.070000171661377,5.929999828338623,6.0,5.861305236816406,126184429
2016-07-14,6.050000190734863,6.070000171661377,5.949999809265137,6.03000020980835,5.89061164855957,89447971
2016-07-15,5.96999979019165,6.019999980926514,5.929999828338623,5.960000038146973,5.822229862213135,64512757
2016-07-18,5.619999885559082,5.71999979019165,4.840000152587891,5.210000038146973,5.089566707611084,169792299
2016-07-19,5.21999979019165,5.309999942779541,5.110000133514404,5.119999885559082,5.001646518707275,162677462
2016-07-20,5.179999828338623,5.199999809265137,5.03000020980835,5.050000190734863,4.933265686035156,65328322
2016-07-21,4.989999771118164,4.989999771118164,4.809999942779541,4.869999885559082,4.757425785064697,77518259
2016-07-22,4.949999809265137,5.019999980926514,4.860000133514404,4.949999809265137,4.83557653427124,61629321
2016-07-25,4.989999771118164,5.170000076293945,4.989999771118164,5.150000095367432,5.030953884124756,48829045
2016-07-26,5.159999847412109,5.190000057220459,5.059999942779541,5.079999923706055,4.962571620941162,49363347
2016-07-27,5.099999904632568,5.179999828338623,5.079999923706055,5.150000095367432,5.030953884124756,40159105
2016-07-28,5.170000076293945,5.21999979019165,5.139999866485596,5.150000095367432,5.030953884124756,38565881
2016-07-29,5.170000076293945,5.199999809265137,5.099999904632568,5.170000076293945,5.0504913330078125,39509189
2016-08-01,5.21999979019165,5.25,5.190000057220459,5.21999979019165,5.099335193634033,38270339
2016-08-02,5.210000038146973,5.289999961853027,5.190000057220459,5.199999809265137,5.079797267913818,47580483
2016-08-03,5.179999828338623,5.21999979019165,5.070000171661377,5.099999904632568,4.982109069824219,35715356
2016-08-04,5.110000133514404,5.150000095367432,5.079999923706055,5.150000095367432,5.030953884124756,33760867
2016-08-05,5.170000076293945,5.21999979019165,5.119999885559082,5.150000095367432,5.030953884124756,33080338
2016-08-08,5.21999979019165,5.46999979019165,5.199999809265137,5.460000038146973,5.33378791809082,100930719
2016-08-09,5.489999771118164,5.889999866485596,5.480000019073486,5.730000019073486,5.597546577453613,197735873
2016-08-10,5.78000020980835,5.840000152587891,5.579999923706055,5.610000133514404,5.480320453643799,83375611
2016-08-11,5.630000114440918,5.71999979019165,5.599999904632568,5.710000038146973,5.578009128570557,73444467
2016-08-12,5.730000019073486,5.739999771118164,5.610000133514404,5.619999885559082,5.490088939666748,64574622
2016-08-15,5.650000095367432,5.670000076293945,5.579999923706055,5.590000152587891,5.460782527923584,39345095
2016-08-16,5.53000020980835,5.53000020980835,5.300000190734863,5.320000171661377,5.197023868560791,83522230
2016-08-17,5.340000152587891,5.409999847412109,5.320000171661377,5.360000133514404,5.2360992431640625,51857441
2016-08-18,5.400000095367432,5.420000076293945,5.28000020980835,5.320000171661377,5.197023868560791,43257207
2016-08-19,5.320000171661377,5.420000076293945,5.269999980926514,5.409999847412109,5.284943103790283,57937100
2016-08-22,5.320000171661377,5.380000114440918,5.25,5.28000020980835,5.1579484939575195,63894280
2016-08-23,5.329999923706055,5.369999885559082,5.260000228881836,5.260000228881836,5.138411045074463,50433754
2016-08-24,5.170000076293945,5.170000076293945,5.039999961853027,5.139999866485596,5.021184921264648,47552770
2016-08-25,5.170000076293945,5.210000038146973,5.119999885559082,5.130000114440918,5.011415958404541,33742769
2016-08-26,5.130000114440918,5.170000076293945,5.079999923706055,5.150000095367432,5.030953884124756,23590972
2016-08-29,5.210000038146973,5.260000228881836,5.150000095367432,5.159999847412109,5.040722370147705,43997699
2016-08-30,5.159999847412109,5.159999847412109,5.159999847412109,5.159999847412109,5.040722370147705,0
2016-08-31,5.179999828338623,5.190000057220459,5.130000114440918,5.159999847412109,5.040722370147705,33375586
2016-09-01,5.159999847412109,5.190000057220459,5.119999885559082,5.150000095367432,5.030953884124756,31990508
2016-09-02,5.159999847412109,5.199999809265137,5.139999866485596,5.179999828338623,5.060259819030762,33102146
2016-09-05,5.199999809265137,5.260000228881836,5.179999828338623,5.25,5.1286420822143555,36830108
2016-09-06,5.260000228881836,5.269999980926514,5.179999828338623,5.179999828338623,5.060259819030762,37853850
2016-09-07,5.199999809265137,5.210000038146973,5.130000114440918,5.139999866485596,5.021184921264648,26162317
2016-09-08,5.150000095367432,5.210000038146973,5.130000114440918,5.170000076293945,5.0504913330078125,39364400
2016-09-09,5.190000057220459,5.389999866485596,5.179999828338623,5.28000020980835,5.1579484939575195,114643027
2016-09-12,5.28000020980835,5.28000020980835,5.28000020980835,5.28000020980835,5.1579484939575195,0
2016-09-13,5.28000020980835,5.28000020980835,5.28000020980835,5.28000020980835,5.1579484939575195,0
2016-09-14,5.28000020980835,5.28000020980835,5.28000020980835,5.28000020980835,5.1579484939575195,0
2016-09-15,5.28000020980835,5.28000020980835,5.28000020980835,5.28000020980835,5.1579484939575195,0
2016-09-16,5.329999923706055,5.340000152587891,5.110000133514404,5.130000114440918,5.011415958404541,44945759
2016-09-19,5.170000076293945,5.190000057220459,5.150000095367432,5.170000076293945,5.0504913330078125,32781272
2016-09-20,5.179999828338623,5.260000228881836,5.159999847412109,5.179999828338623,5.060259819030762,55578308
2016-09-21,5.210000038146973,5.230000019073486,5.190000057220459,5.199999809265137,5.079797267913818,36985802
2016-09-22,5.25,5.320000171661377,5.230000019073486,5.320000171661377,5.197023868560791,82107696
2016-09-23,5.320000171661377,5.420000076293945,5.309999942779541,5.340000152587891,5.216561794281006,87951004
2016-09-26,5.150000095367432,5.150000095367432,5.090000152587891,5.119999885559082,5.001646518707275,59720120
2016-09-27,5.150000095367432,5.179999828338623,5.119999885559082,5.130000114440918,5.011415958404541,32994012
2016-09-28,5.150000095367432,5.190000057220459,5.139999866485596,5.159999847412109,5.040722370147705,35052391
2016-09-29,5.179999828338623,5.210000038146973,5.130000114440918,5.159999847412109,5.040722370147705,49035568
2016-09-30,5.139999866485596,5.159999847412109,5.130000114440918,5.139999866485596,5.021184921264648,22716072
2016-10-03,5.159999847412109,5.190000057220459,5.139999866485596,5.150000095367432,5.030953884124756,24385646
2016-10-04,5.159999847412109,5.190000057220459,5.130000114440918,5.139999866485596,5.021184921264648,40498507
2016-10-05,5.130000114440918,5.349999904632568,5.130000114440918,5.349999904632568,5.226330280303955,104147391
2016-10-06,5.380000114440918,5.420000076293945,5.309999942779541,5.309999942779541,5.187254905700684,66135410
2016-10-07,5.340000152587891,5.349999904632568,5.230000019073486,5.269999980926514,5.148179531097412,41844674
2016-10-10,5.309999942779541,5.369999885559082,5.28000020980835,5.329999923706055,5.206792831420898,72708348
2016-10-11,5.329999923706055,5.360000133514404,5.289999961853027,5.360000133514404,5.2360992431640625,58373300
2016-10-12,5.400000095367432,5.449999809265137,5.380000114440918,5.440000057220459,5.3142499923706055,79638023
2016-10-13,5.489999771118164,5.5,5.429999828338623,5.429999828338623,5.304481029510498,74927626
2016-10-14,5.449999809265137,5.460000038146973,5.380000114440918,5.420000076293945,5.294712543487549,36142237
2016-10-17,5.400000095367432,5.519999980926514,5.380000114440918,5.510000228881836,5.382632255554199,46787679
2016-10-18,5.519999980926514,5.570000171661377,5.46999979019165,5.550000190734863,5.421707630157471,75587991
2016-10-19,5.559999942779541,5.630000114440918,5.53000020980835,5.590000152587891,5.460782527923584,69943328
2016-10-20,5.619999885559082,5.710000038146973,5.590000152587891,5.639999866485596,5.509626865386963,69577214
2016-10-21,5.630000114440918,5.639999866485596,5.579999923706055,5.579999923706055,5.451013565063477,31156233
2016-10-24,5.619999885559082,5.739999771118164,5.610000133514404,5.710000038146973,5.578009128570557,45957697
2016-10-25,5.710000038146973,5.739999771118164,5.619999885559082,5.619999885559082,5.490088939666748,56208354
2016-10-26,5.630000114440918,5.650000095367432,5.559999942779541,5.590000152587891,5.460782527923584,34443882
2016-10-27,5.579999923706055,5.610000133514404,5.5,5.510000228881836,5.382632255554199,35350120
2016-10-28,5.510000228881836,5.519999980926514,5.440000057220459,5.46999979019165,5.3435564041137695,23507072
2016-10-31,5.480000019073486,5.5,5.409999847412109,5.440000057220459,5.3142499923706055,37845683
2016-11-01,5.460000038146973,5.53000020980835,5.369999885559082,5.369999885559082,5.245867729187012,61371414
2016-11-02,5.369999885559082,5.420000076293945,5.349999904632568,5.400000095367432,5.275174617767334,37466198
2016-11-03,5.409999847412109,5.440000057220459,5.320000171661377,5.340000152587891,5.216561794281006,39945145
2016-11-04,5.269999980926514,5.28000020980835,5.059999942779541,5.079999923706055,4.962571620941162,72635950
2016-11-07,5.179999828338623,5.300000190734863,5.150000095367432,5.300000190734863,5.177486419677734,56105608
2016-11-08,5.300000190734863,5.309999942779541,5.199999809265137,5.28000020980835,5.1579484939575195,52595578
2016-11-09,5.130000114440918,5.369999885559082,5.119999885559082,5.349999904632568,5.226330280303955,58017248
2016-11-10,5.400000095367432,5.409999847412109,5.25,5.25,5.1286420822143555,64102517
2016-11-11,5.25,5.289999961853027,5.210000038146973,5.21999979019165,5.099335193634033,31434497
2016-11-14,5.239999771118164,5.269999980926514,5.170000076293945,5.179999828338623,5.060259819030762,40523621
2016-11-15,5.199999809265137,5.239999771118164,5.190000057220459,5.230000019073486,5.109104633331299,27693709
2016-11-16,5.239999771118164,5.260000228881836,5.159999847412109,5.170000076293945,5.0504913330078125,30860669
2016-11-17,5.190000057220459,5.21999979019165,5.130000114440918,5.139999866485596,5.021184921264648,31916198
2016-11-18,5.150000095367432,5.170000076293945,5.110000133514404,5.159999847412109,5.040722370147705,39635559
2016-11-21,5.239999771118164,5.329999923706055,5.21999979019165,5.260000228881836,5.138411045074463,73091655
2016-11-22,5.260000228881836,5.269999980926514,5.21999979019165,5.21999979019165,5.099335193634033,32544410
2016-11-23,5.25,5.25,5.090000152587891,5.119999885559082,5.001646518707275,40255431
2016-11-24,5.130000114440918,5.150000095367432,4.989999771118164,5.019999980926514,4.903958320617676,55858626
2016-11-25,5.019999980926514,5.070000171661377,4.980000019073486,5.039999961853027,4.923496246337891,34661412
2016-11-28,5.090000152587891,5.099999904632568,5.010000228881836,5.039999961853027,4.923496246337891,44535798
2016-11-29,5.039999961853027,5.039999961853027,4.949999809265137,4.960000038146973,4.845345973968506,48002190
2016-11-30,4.980000019073486,4.989999771118164,4.78000020980835,4.809999942779541,4.698812961578369,70671917
2016-12-01,4.820000171661377,4.829999923706055,4.539999961853027,4.630000114440918,4.522974014282227,73984893
2016-12-02,4.650000095367432,4.840000152587891,4.559999942779541,4.789999961853027,4.679275035858154,78278286
2016-12-05,4.769999980926514,4.78000020980835,4.670000076293945,4.710000038146973,4.6011247634887695,66408349
2016-12-06,4.730000019073486,4.849999904632568,4.710000038146973,4.829999923706055,4.718350410461426,63422578
2016-12-07,4.840000152587891,4.900000095367432,4.78000020980835,4.869999885559082,4.757425785064697,78570732
2016-12-08,4.889999866485596,4.920000076293945,4.809999942779541,4.840000152587891,4.728119373321533,52451241
2016-12-09,4.860000133514404,4.869999885559082,4.78000020980835,4.78000020980835,4.669506549835205,45860033
2016-12-12,4.730000019073486,4.78000020980835,4.659999847412109,4.769999980926514,4.659737586975098,47303348
2016-12-13,4.78000020980835,4.829999923706055,4.75,4.809999942779541,4.698812961578369,54481445
2016-12-14,4.820000171661377,4.840000152587891,4.789999961853027,4.800000190734863,4.68904447555542,29790201
2016-12-15,4.78000020980835,4.96999979019165,4.760000228881836,4.960000038146973,4.845345973968506,70656228
2016-12-16,4.980000019073486,4.989999771118164,4.929999828338623,4.940000057220459,4.825807571411133,42635311
2016-12-19,4.949999809265137,5.039999961853027,4.940000057220459,5.010000228881836,4.894189834594727,59505299
2016-12-20,4.980000019073486,5.059999942779541,4.980000019073486,5.059999942779541,4.9430341720581055,50540407
2016-12-21,5.079999923706055,5.090000152587891,5.03000020980835,5.050000190734863,4.933265686035156,30426913
2016-12-22,5.070000171661377,5.070000171661377,4.980000019073486,4.989999771118164,4.874651908874512,27510161
2016-12-23,4.989999771118164,5.019999980926514,4.940000057220459,4.940000057220459,4.825807571411133,21449395
2016-12-26,4.949999809265137,4.989999771118164,4.940000057220459,4.96999979019165,4.855114459991455,6291986
2016-12-27,4.96999979019165,4.980000019073486,4.909999847412109,4.949999809265137,4.83557653427124,21665982
2016-12-28,4.949999809265137,5.039999961853027,4.929999828338623,5.039999961853027,4.923496246337891,39649705
2016-12-29,5.039999961853027,5.059999942779541,5.0,5.03000020980835,4.913727283477783,26308311
2016-12-30,5.039999961853027,5.050000190734863,4.989999771118164,5.010000228881836,4.894189834594727,29718186
2017-01-02,4.96999979019165,5.0,4.949999809265137,4.96999979019165,4.855114459991455,24251357
2017-01-03,4.980000019073486,4.989999771118164,4.880000114440918,4.880000114440918,4.767195224761963,55625678
2017-01-04,4.900000095367432,4.909999847412109,4.820000171661377,4.820000171661377,4.708581924438477,30165919
2017-01-05,4.849999904632568,4.980000019073486,4.789999961853027,4.960000038146973,4.845345973968506,85510308
2017-01-06,4.940000057220459,5.0,4.909999847412109,4.940000057220459,4.825807571411133,44002092
2017-01-09,4.909999847412109,4.909999847412109,4.849999904632568,4.880000114440918,4.767195224761963,38009750
2017-01-10,4.880000114440918,4.889999866485596,4.820000171661377,4.829999923706055,4.718350410461426,47291500
2017-01-11,4.809999942779541,4.849999904632568,4.760000228881836,4.820000171661377,4.708581924438477,60300078
2017-01-12,4.840000152587891,5.019999980926514,4.829999923706055,4.96999979019165,4.855114459991455,106365973
2017-01-13,4.96999979019165,5.110000133514404,4.949999809265137,5.010000228881836,4.894189834594727,129879312
2017-01-16,5.03000020980835,5.150000095367432,5.03000020980835,5.099999904632568,4.982109069824219,82509776
2017-01-17,5.139999866485596,5.179999828338623,5.070000171661377,5.170000076293945,5.0504913330078125,101493152
2017-01-18,5.210000038146973,5.25,5.179999828338623,5.21999979019165,5.099335193634033,81275991
2017-01-19,5.230000019073486,5.25,5.130000114440918,5.150000095367432,5.030953884124756,60375901
2017-01-20,5.159999847412109,5.199999809265137,5.119999885559082,5.190000057220459,5.070028781890869,57942365
2017-01-23,5.210000038146973,5.239999771118164,5.170000076293945,5.199999809265137,5.079797267913818,44553931
2017-01-24,5.210000038146973,5.5,5.179999828338623,5.5,5.372862815856934,157579551
2017-01-25,5.519999980926514,5.570000171661377,5.360000133514404,5.360000133514404,5.2360992431640625,97112397
2017-01-26,5.380000114440918,5.53000020980835,5.360000133514404,5.46999979019165,5.3435564041137695,85224966
2017-01-27,5.449999809265137,5.489999771118164,5.349999904632568,5.349999904632568,5.226330280303955,69446785
2017-01-30,5.369999885559082,5.639999866485596,5.369999885559082,5.599999904632568,5.470551013946533,141462491
2017-01-31,5.610000133514404,5.670000076293945,5.519999980926514,5.539999961853027,5.411938190460205,128213636
2017-02-01,5.559999942779541,5.659999847412109,5.510000228881836,5.650000095367432,5.51939582824707,85062349
2017-02-02,5.670000076293945,5.739999771118164,5.650000095367432,5.679999828338623,5.548701763153076,118433355
2017-02-03,5.670000076293945,5.710000038146973,5.630000114440918,5.679999828338623,5.548701763153076,66699496
2017-02-06,5.739999771118164,5.78000020980835,5.599999904632568,5.599999904632568,5.470551013946533,94495870
2017-02-07,5.599999904632568,5.610000133514404,5.519999980926514,5.559999942779541,5.43147611618042,66705849
2017-02-08,5.579999923706055,5.760000228881836,5.570000171661377,5.75,5.61708402633667,109732700
2017-02-09,5.769999980926514,5.820000171661377,5.699999809265137,5.75,5.61708402633667,97091012
2017-02-10,5.769999980926514,5.789999961853027,5.579999923706055,5.579999923706055,5.451013565063477,67242935
2017-02-13,5.630000114440918,5.75,5.610000133514404,5.71999979019165,5.587777614593506,67618461
2017-02-14,5.75,5.78000020980835,5.690000057220459,5.739999771118164,5.6073150634765625,90518021
2017-02-15,5.690000057220459,5.699999809265137,5.579999923706055,5.639999866485596,5.509626865386963,90676048
2017-02-16,5.659999847412109,5.730000019073486,5.650000095367432,5.679999828338623,5.548701763153076,55173132
2017-02-17,5.690000057220459,5.71999979019165,5.670000076293945,5.710000038146973,5.578009128570557,45638661
2017-02-20,5.739999771118164,5.789999961853027,5.710000038146973,5.71999979019165,5.587777614593506,55794490
2017-02-21,5.730000019073486,5.760000228881836,5.71999979019165,5.71999979019165,5.587777614593506,26441973
2017-02-22,5.739999771118164,5.800000190734863,5.690000057220459,5.710000038146973,5.578009128570557,60441587
2017-02-23,5.730000019073486,5.78000020980835,5.710000038146973,5.739999771118164,5.6073150634765625,52381298
2017-02-24,5.760000228881836,5.789999961853027,5.630000114440918,5.650000095367432,5.51939582824707,86486859
2017-02-27,5.670000076293945,5.670000076293945,5.53000020980835,5.539999961853027,5.411938190460205,44463398
2017-02-28,5.550000190734863,5.559999942779541,5.409999847412109,5.460000038146973,5.33378791809082,61998144
2017-03-01,5.460000038146973,5.690000057220459,5.449999809265137,5.679999828338623,5.548701763153076,89428635
2017-03-02,5.699999809265137,5.760000228881836,5.659999847412109,5.710000038146973,5.578009128570557,69331347
2017-03-03,5.710000038146973,5.75,5.670000076293945,5.699999809265137,5.568239688873291,57784289
2017-03-06,5.730000019073486,5.760000228881836,5.679999828338623,5.699999809265137,5.568239688873291,57166318
2017-03-07,5.730000019073486,5.730000019073486,5.650000095367432,5.659999847412109,5.5291643142700195,49404054
2017-03-08,5.679999828338623,5.690000057220459,5.539999961853027,5.570000171661377,5.441245079040527,45885032
2017-03-09,5.570000171661377,5.599999904632568,5.510000228881836,5.510000228881836,5.382632255554199,35153348
2017-03-10,5.539999961853027,5.630000114440918,5.53000020980835,5.610000133514404,5.480320453643799,43482038
2017-03-13,5.659999847412109,5.690000057220459,5.610000133514404,5.650000095367432,5.51939582824707,67295326
2017-03-14,5.670000076293945,5.820000171661377,5.610000133514404,5.809999942779541,5.675697326660156,120883379
2017-03-15,5.840000152587891,5.980000019073486,5.800000190734863,5.860000133514404,5.724541187286377,124455800
2017-03-16,5.920000076293945,5.989999771118164,5.889999866485596,5.920000076293945,5.783154487609863,88356819
2017-03-17,5.949999809265137,5.96999979019165,5.840000152587891,5.889999866485596,5.753848075866699,59403014
2017-03-20,5.869999885559082,5.940000057220459,5.860000133514404,5.909999847412109,5.773385524749756,50865863
2017-03-21,5.929999828338623,5.929999828338623,5.730000019073486,5.739999771118164,5.6073150634765625,102280906
2017-03-22,5.659999847412109,5.659999847412109,5.480000019073486,5.5,5.372862815856934,139781086
2017-03-23,5.519999980926514,5.559999942779541,5.429999828338623,5.489999771118164,5.363093852996826,110079375
2017-03-24,5.539999961853027,5.570000171661377,5.489999771118164,5.53000020980835,5.402169704437256,94094135
2017-03-27,5.519999980926514,5.599999904632568,5.510000228881836,5.539999961853027,5.411938190460205,75354089
2017-03-28,5.559999942779541,5.619999885559082,5.539999961853027,5.550000190734863,5.421707630157471,92482303
2017-03-29,5.480000019073486,5.519999980926514,5.460000038146973,5.460000038146973,5.33378791809082,55660568
2017-03-30,5.5,5.510000228881836,5.460000038146973,5.46999979019165,5.3435564041137695,31209850
2017-03-31,5.480000019073486,5.53000020980835,5.449999809265137,5.46999979019165,5.3435564041137695,41682864
2017-04-03,5.480000019073486,5.489999771118164,5.400000095367432,5.400000095367432,5.275174617767334,37949376
2017-04-04,5.400000095367432,5.519999980926514,5.380000114440918,5.5,5.372862815856934,57243363
2017-04-05,5.5,5.519999980926514,5.460000038146973,5.480000019073486,5.353325366973877,26777156
2017-04-06,5.460000038146973,5.489999771118164,5.440000057220459,5.449999809265137,5.324018478393555,35995948
2017-04-07,5.440000057220459,5.46999979019165,5.420000076293945,5.429999828338623,5.304481029510498,33130138
2017-04-10,5.460000038146973,5.650000095367432,5.449999809265137,5.590000152587891,5.460782527923584,96415523
2017-04-11,5.599999904632568,5.630000114440918,5.550000190734863,5.550000190734863,5.421707630157471,76804058
2017-04-12,5.579999923706055,5.610000133514404,5.559999942779541,5.559999942779541,5.43147611618042,35563219
2017-04-13,5.579999923706055,5.599999904632568,5.449999809265137,5.449999809265137,5.324018478393555,60707551
2017-04-14,5.449999809265137,5.510000228881836,5.420000076293945,5.480000019073486,5.353325366973877,44819595
2017-04-17,5.539999961853027,5.599999904632568,5.5,5.53000020980835,5.402169704437256,51755155
2017-04-18,5.519999980926514,5.570000171661377,5.519999980926514,5.550000190734863,5.421707630157471,45025026
2017-04-19,5.570000171661377,5.610000133514404,5.480000019073486,5.510000228881836,5.382632255554199,76709048
2017-04-20,5.550000190734863,5.599999904632568,5.550000190734863,5.590000152587891,5.460782527923584,56581353
2017-04-21,5.630000114440918,5.679999828338623,5.590000152587891,5.670000076293945,5.538933277130127,83133462
2017-04-24,5.71999979019165,5.949999809265137,5.71999979019165,5.920000076293945,5.783154487609863,148247840
2017-04-25,5.940000057220459,5.949999809265137,5.820000171661377,5.920000076293945,5.783154487609863,78487561
2017-04-26,5.929999828338623,6.179999828338623,5.900000095367432,6.099999904632568,5.958993434906006,157050315
2017-04-27,6.119999885559082,6.21999979019165,6.059999942779541,6.059999942779541,5.919918060302734,109430336
2017-04-28,6.079999923706055,6.139999866485596,6.0,6.059999942779541,5.919918060302734,81375856
2017-05-01,6.059999942779541,6.059999942779541,6.059999942779541,6.059999942779541,5.919918060302734,0
2017-05-02,6.099999904632568,6.139999866485596,6.059999942779541,6.070000171661377,5.929687023162842,58303289
2017-05-03,6.079999923706055,6.159999847412109,6.070000171661377,6.110000133514404,5.968762397766113,70331217
2017-05-04,6.119999885559082,6.190000057220459,6.110000133514404,6.139999866485596,5.998068809509277,59631676
2017-05-05,6.150000095367432,6.190000057220459,6.119999885559082,6.130000114440918,5.988300323486328,48232716
2017-05-08,6.150000095367432,6.46999979019165,6.139999866485596,6.429999828338623,6.281364917755127,187266224
2017-05-09,6.449999809265137,6.5,6.389999866485596,6.440000057220459,6.291133880615234,92639532
2017-05-10,6.409999847412109,6.760000228881836,6.389999866485596,6.650000095367432,6.496280193328857,94291450
2017-05-11,6.690000057220459,6.730000019073486,6.46999979019165,6.5,6.349747180938721,106261633
2017-05-12,6.510000228881836,6.619999885559082,6.480000019073486,6.5,6.349747180938721,58116651
2017-05-15,6.610000133514404,6.670000076293945,6.570000171661377,6.659999847412109,6.506048679351807,63044834
2017-05-16,6.679999828338623,6.78000020980835,6.659999847412109,6.71999979019165,6.564661502838135,85956162
2017-05-17,6.699999809265137,6.900000095367432,6.659999847412109,6.769999980926514,6.613505840301514,143966672
2017-05-18,6.730000019073486,6.789999961853027,6.639999866485596,6.690000057220459,6.535355091094971,67608278
2017-05-19,6.690000057220459,6.690000057220459,6.690000057220459,6.690000057220459,6.535355091094971,0
2017-05-22,6.769999980926514,6.920000076293945,6.769999980926514,6.849999904632568,6.691656589508057,71461512
2017-05-23,6.849999904632568,7.090000152587891,6.829999923706055,7.079999923706055,6.916339874267578,97201045
2017-05-24,7.110000133514404,7.269999980926514,7.110000133514404,7.139999866485596,6.9749531745910645,107128145
2017-05-25,7.159999847412109,7.340000152587891,7.139999866485596,7.289999961853027,7.121485233306885,86205183
2017-05-26,7.309999942779541,7.320000171661377,7.230000019073486,7.28000020980835,7.1117167472839355,54351074
2017-05-29,7.300000190734863,7.360000133514404,7.269999980926514,7.309999942779541,7.141023635864258,40506317
2017-05-30,7.320000171661377,7.329999923706055,7.179999828338623,7.239999771118164,7.072641372680664,69721401
2017-05-31,7.289999961853027,7.340000152587891,7.210000038146973,7.239999771118164,7.072641372680664,54045301
2017-06-01,7.260000228881836,7.269999980926514,7.090000152587891,7.150000095367432,6.984722137451172,55988593
2017-06-02,7.230000019073486,7.309999942779541,7.150000095367432,7.269999980926514,7.101947784423828,79796632
2017-06-05,7.309999942779541,7.480000019073486,7.21999979019165,7.420000076293945,7.248480796813965,137863326
2017-06-06,7.449999809265137,7.519999980926514,7.360000133514404,7.489999771118164,7.3168625831604,76964160
2017-06-07,7.5,7.610000133514404,7.400000095367432,7.420000076293945,7.248480796813965,100217616
2017-06-08,7.460000038146973,7.46999979019165,7.309999942779541,7.329999923706055,7.1605610847473145,61319487
2017-06-09,7.349999904632568,7.460000038146973,7.349999904632568,7.389999866485596,7.219173908233643,52816212
2017-06-12,7.409999847412109,7.480000019073486,7.340000152587891,7.380000114440918,7.209405422210693,48413738
2017-06-13,7.429999828338623,7.440000057220459,7.239999771118164,7.309999942779541,7.141023635864258,70633097
2017-06-14,7.329999923706055,7.449999809265137,7.309999942779541,7.440000057220459,7.2680182456970215,65364358
2017-06-15,7.429999828338623,7.46999979019165,7.329999923706055,7.360000133514404,7.1898674964904785,42631247
2017-06-16,7.380000114440918,7.429999828338623,7.269999980926514,7.269999980926514,7.101947784423828,39241994
2017-06-19,7.329999923706055,7.449999809265137,7.329999923706055,7.449999809265137,7.277786731719971,42088929
2017-06-20,7.5,7.510000228881836,7.360000133514404,7.409999847412109,7.238711833953857,46137331
2017-06-21,7.420000076293945,7.480000019073486,7.369999885559082,7.449999809265137,7.277786731719971,42138310
2017-06-22,7.5,7.599999904632568,7.489999771118164,7.599999904632568,7.424319744110107,48057662
2017-06-23,7.619999885559082,7.769999980926514,7.579999923706055,7.769999980926514,7.590390205383301,49699745
2017-06-26,7.769999980926514,7.769999980926514,7.769999980926514,7.769999980926514,7.590390205383301,0
2017-06-27,7.769999980926514,7.769999980926514,7.769999980926514,7.769999980926514,7.590390205383301,0
2017-06-28,7.75,8.029999732971191,7.739999771118164,7.989999771118164,7.805304527282715,80711741
2017-06-29,8.020000457763672,8.130000114440918,7.760000228881836,7.809999942779541,7.629465579986572,96468570
2017-06-30,7.840000152587891,8.069999694824219,7.840000152587891,8.050000190734863,7.863917827606201,74052318
2017-07-03,8.100000381469727,8.15999984741211,8.0600004196167,8.0600004196167,7.873687267303467,52676285
2017-07-04,8.170000076293945,8.380000114440918,8.130000114440918,8.350000381469727,8.156983375549316,123668794
2017-07-05,8.380000114440918,8.390000343322754,8.210000038146973,8.229999542236328,8.039755821228027,62350720
2017-07-06,8.229999542236328,8.369999885559082,8.170000076293945,8.3100004196167,8.117908477783203,90360751
2017-07-07,8.319999694824219,8.489999771118164,8.3100004196167,8.380000114440918,8.18628978729248,83307473
2017-07-10,8.460000038146973,8.680000305175781,8.449999809265137,8.670000076293945,8.469586372375488,92005255
2017-07-11,8.699999809265137,8.760000228881836,8.5600004196167,8.619999885559082,8.42074203491211,94614213
2017-07-12,8.670000076293945,8.699999809265137,8.569999694824219,8.600000381469727,8.401205062866211,55706412
2017-07-13,8.619999885559082,8.800000190734863,8.609999656677246,8.760000228881836,8.557506561279297,64693981
2017-07-14,8.819999694824219,8.869999885559082,8.75,8.829999923706055,8.625886917114258,55505250
2017-07-17,8.859999656677246,8.949999809265137,8.84000015258789,8.9399995803833,8.733344078063965,54400838
2017-07-18,8.930000305175781,8.9399995803833,8.800000190734863,8.859999656677246,8.655193328857422,61617346
2017-07-19,8.90999984741211,9.010000228881836,8.90999984741211,8.960000038146973,8.752882957458496,80527513
2017-07-20,9.0,9.010000228881836,8.720000267028809,8.739999771118164,8.53796672821045,104786251
2017-07-21,8.6899995803833,8.859999656677246,8.609999656677246,8.84000015258789,8.635656356811523,98546707
2017-07-24,8.869999885559082,8.949999809265137,8.84000015258789,8.84000015258789,8.635656356811523,56438884
2017-07-25,8.890000343322754,8.899999618530273,8.760000228881836,8.789999961853027,8.586812019348145,49248838
2017-07-26,8.779999732971191,8.84000015258789,8.6899995803833,8.6899995803833,8.489123344421387,40594046
2017-07-27,8.760000228881836,8.819999694824219,8.739999771118164,8.779999732971191,8.577043533325195,50825711
2017-07-28,8.75,8.75,8.619999885559082,8.65999984741211,8.459816932678223,52581578
2017-07-31,8.6899995803833,8.829999923706055,8.680000305175781,8.829999923706055,8.625886917114258,51914737
2017-08-01,8.859999656677246,8.890000343322754,8.640000343322754,8.640000343322754,8.440279960632324,55093249
2017-08-02,8.65999984741211,8.739999771118164,8.630000114440918,8.65999984741211,8.459816932678223,53267109
2017-08-03,8.6899995803833,8.720000267028809,8.619999885559082,8.670000076293945,8.469586372375488,53278504
2017-08-04,8.680000305175781,8.869999885559082,8.680000305175781,8.869999885559082,8.664962768554688,65356417
2017-08-07,8.960000038146973,9.069999694824219,8.949999809265137,9.069999694824219,8.860339164733887,59802620
2017-08-08,9.09000015258789,9.100000381469727,9.010000228881836,9.050000190734863,8.840802192687988,46048788
2017-08-09,9.020000457763672,9.020000457763672,8.890000343322754,8.920000076293945,8.713807106018066,42697651
2017-08-10,8.9399995803833,9.0,8.84000015258789,8.84000015258789,8.635656356811523,34587419
2017-08-11,8.890000343322754,9.0,8.729999542236328,9.0,8.79195785522461,76727779
2017-08-14,9.0600004196167,9.5600004196167,9.050000190734863,9.5,9.280399322509766,122897599
2017-08-15,9.550000190734863,9.699999809265137,9.170000076293945,9.279999732971191,9.065485000610352,102502124
2017-08-16,9.289999961853027,9.460000038146973,9.079999923706055,9.300000190734863,9.085022926330566,103490807
2017-08-17,9.40999984741211,9.430000305175781,9.289999961853027,9.300000190734863,9.085022926330566,72932722
2017-08-18,9.199999809265137,9.300000190734863,9.130000114440918,9.260000228881836,9.045948028564453,47579867
2017-08-21,9.229999542236328,9.399999618530273,9.229999542236328,9.390000343322754,9.172942161560059,44472813
2017-08-22,9.430000305175781,9.609999656677246,9.319999694824219,9.5600004196167,9.33901309967041,90021018
2017-08-23,9.5600004196167,9.609999656677246,9.449999809265137,9.460000038146973,9.241324424743652,62489620
2017-08-24,9.470000267028809,9.6899995803833,9.470000267028809,9.520000457763672,9.299938201904297,79180496
2017-08-25,9.600000381469727,9.720000267028809,9.59000015258789,9.65999984741211,9.436700820922852,66512202
2017-08-28,9.699999809265137,9.890000343322754,9.699999809265137,9.880000114440918,9.651615142822266,64788374
2017-08-29,9.880000114440918,9.880000114440918,9.710000038146973,9.770000457763672,9.544158935546875,47377429
2017-08-30,9.770000457763672,9.770000457763672,9.770000457763672,9.770000457763672,9.544158935546875,0
2017-08-31,9.779999732971191,9.800000190734863,9.75,9.760000228881836,9.534390449523926,11517262
2017-09-01,9.760000228881836,9.760000228881836,9.760000228881836,9.760000228881836,9.534390449523926,0
2017-09-04,9.760000228881836,9.760000228881836,9.760000228881836,9.760000228881836,9.534390449523926,0
2017-09-05,9.819999694824219,9.899999618530273,9.699999809265137,9.710000038146973,9.48554515838623,47206394
2017-09-06,9.720000267028809,9.850000381469727,9.699999809265137,9.829999923706055,9.602771759033203,45483893
2017-09-07,9.819999694824219,10.050000190734863,9.800000190734863,10.039999961853027,9.807916641235352,85072095
2017-09-08,10.069999694824219,10.09000015258789,9.850000381469727,9.890000343322754,9.661384582519531,48890239
2017-09-11,9.970000267028809,10.239999771118164,9.9399995803833,10.229999542236328,9.993524551391602,84392561
2017-09-12,10.25,10.539999961853027,10.130000114440918,10.470000267028809,10.227977752685547,114034940
2017-09-13,10.40999984741211,10.40999984741211,10.029999732971191,10.029999732971191,9.798148155212402,61000951
2017-09-14,10.029999732971191,10.130000114440918,9.880000114440918,9.920000076293945,9.690691947937012,56402295
2017-09-15,9.930000305175781,10.039999961853027,9.800000190734863,9.8100004196167,9.583234786987305,65613918
2017-09-18,9.850000381469727,9.869999885559082,9.260000228881836,9.270000457763672,9.055717468261719,104645446
2017-09-19,9.270000457763672,9.529999732971191,9.069999694824219,9.210000038146973,8.997102737426758,109886219
2017-09-20,9.300000190734863,9.390000343322754,9.0600004196167,9.319999694824219,9.104559898376465,97547465
2017-09-21,9.25,9.420000076293945,9.220000267028809,9.239999771118164,9.026409149169922,79615626
2017-09-22,9.300000190734863,9.380000114440918,9.220000267028809,9.380000114440918,9.16317367553711,71632124
2017-09-25,9.300000190734863,9.319999694824219,8.770000457763672,8.770000457763672,8.567275047302246,122907519
2017-09-26,8.899999618530273,9.069999694824219,8.779999732971191,9.0,8.79195785522461,110735263
2017-09-27,8.989999771118164,9.039999961853027,8.539999961853027,8.600000381469727,8.401205062866211,115258204
2017-09-28,8.640000343322754,8.9399995803833,8.619999885559082,8.90999984741211,8.7040376663208,101138258
2017-09-29,8.949999809265137,8.970000267028809,8.729999542236328,8.75,8.547737121582031,91103473
2017-10-02,8.770000457763672,9.069999694824219,8.760000228881836,9.0600004196167,8.850570678710938,75131322
2017-10-03,9.069999694824219,9.109999656677246,8.880000114440918,8.9399995803833,8.733344078063965,88414881
2017-10-04,9.020000457763672,9.270000457763672,9.010000228881836,9.180000305175781,8.96779727935791,132054765
2017-10-05,9.1899995803833,9.270000457763672,9.079999923706055,9.140000343322754,8.928722381591797,67631706
2017-10-06,9.140000343322754,9.300000190734863,9.069999694824219,9.289999961853027,9.075254440307617,95893045
2017-10-09,8.270000457763672,8.680000305175781,8.270000457763672,8.430000305175781,8.23513412475586,230924309
2017-10-10,8.6899995803833,8.720000267028809,8.5600004196167,8.65999984741211,8.459816932678223,156431577
2017-10-11,8.640000343322754,9.010000228881836,8.579999923706055,8.850000381469727,8.645424842834473,259404166
2017-10-12,9.079999923706055,9.130000114440918,8.979999542236328,9.130000114440918,8.918952941894531,126379851
2017-10-13,9.130000114440918,9.239999771118164,9.079999923706055,9.149999618530273,8.93848991394043,133895357
2017-10-16,9.229999542236328,9.350000381469727,9.199999809265137,9.350000381469727,9.133867263793945,114213677
2017-10-17,9.359999656677246,9.579999923706055,9.350000381469727,9.489999771118164,9.270630836486816,94939271
2017-10-18,9.579999923706055,9.640000343322754,9.5,9.600000381469727,9.37808895111084,91942379
2017-10-19,9.630000114440918,9.949999809265137,9.600000381469727,9.9399995803833,9.71022891998291,113204147
2017-10-20,9.989999771118164,10.199999809265137,9.84000015258789,9.880000114440918,9.651615142822266,147754719
2017-10-23,9.859999656677246,10.079999923706055,9.739999771118164,9.880000114440918,9.651615142822266,125368788
2017-10-24,9.979999542236328,10.0600004196167,9.880000114440918,9.880000114440918,9.651615142822266,113611498
2017-10-25,9.899999618530273,10.100000381469727,9.899999618530273,10.039999961853027,9.807916641235352,91852892
2017-10-26,10.079999923706055,10.1899995803833,9.869999885559082,9.869999885559082,9.641846656799316,109084073
2017-10-27,9.890000343322754,10.109999656677246,9.880000114440918,10.100000381469727,9.866531372070312,103096370
2017-10-30,10.270000457763672,10.34000015258789,10.149999618530273,10.210000038146973,9.973987579345703,84953514
2017-10-31,10.25,10.470000267028809,10.229999542236328,10.380000114440918,10.140057563781738,89557627
2017-11-01,10.430000305175781,10.670000076293945,10.40999984741211,10.510000228881836,10.26705265045166,116433118
2017-11-02,10.630000114440918,10.65999984741211,10.399999618530273,10.460000038146973,10.218209266662598,62675285
2017-11-03,10.460000038146973,10.600000381469727,10.3100004196167,10.430000305175781,10.188902854919434,73820198
2017-11-06,10.529999732971191,11.600000381469727,10.489999771118164,11.050000190734863,10.794569969177246,134699720
2017-11-07,11.050000190734863,11.15999984741211,10.579999923706055,10.579999923706055,10.335433959960938,153533172
2017-11-08,10.699999809265137,10.760000228881836,10.220000267028809,10.550000190734863,10.30612850189209,160738975
2017-11-09,10.829999923706055,10.859999656677246,10.380000114440918,10.510000228881836,10.26705265045166,150392662
2017-11-10,10.539999961853027,10.569999694824219,9.960000038146973,10.010000228881836,9.778611183166504,136746061
2017-11-13,10.0600004196167,10.09000015258789,9.630000114440918,9.789999961853027,9.563695907592773,166293515
2017-11-14,9.770000457763672,10.5,9.739999771118164,10.4399995803833,10.198670387268066,165192933
2017-11-15,10.449999809265137,10.6899995803833,9.859999656677246,10.100000381469727,9.866531372070312,173993061
2017-11-16,10.130000114440918,10.319999694824219,9.9399995803833,10.100000381469727,9.866531372070312,92237415
2017-11-17,10.199999809265137,10.5,10.010000228881836,10.460000038146973,10.218209266662598,131104571
2017-11-20,10.470000267028809,10.479999542236328,10.079999923706055,10.270000457763672,10.032601356506348,101801744
2017-11-21,10.199999809265137,10.8100004196167,10.170000076293945,10.800000190734863,10.550349235534668,154081385
2017-11-22,10.789999961853027,11.1899995803833,10.630000114440918,11.100000381469727,10.843415260314941,163661398
2017-11-23,11.130000114440918,11.289999961853027,11.0,11.25,10.989946365356445,107529626
2017-11-24,11.180000305175781,11.600000381469727,11.149999618530273,11.390000343322754,11.126710891723633,124410510
2017-11-27,11.430000305175781,12.010000228881836,11.380000114440918,11.84000015258789,11.566308975219727,144807476
2017-11-28,11.850000381469727,12.229999542236328,11.180000305175781,11.180000305175781,10.921565055847168,174746328
2017-11-29,11.199999809265137,12.0,11.1899995803833,11.899999618530273,11.624920845031738,166635264
2017-11-30,12.149999618530273,12.390000343322754,12.039999961853027,12.260000228881836,11.976600646972656,115457584
2017-12-01,12.3100004196167,12.550000190734863,12.170000076293945,12.5,12.211051940917969,64211947
2017-12-04,12.539999961853027,12.739999771118164,12.520000457763672,12.720000267028809,12.4259672164917,63245907
2017-12-05,12.789999961853027,12.819999694824219,12.25,12.800000190734863,12.504117965698242,94019416
2017-12-06,12.84000015258789,12.84000015258789,12.569999694824219,12.729999542236328,12.435734748840332,49289327
2017-12-07,12.75,13.350000381469727,12.6899995803833,13.3100004196167,13.002328872680664,84192806
2017-12-08,13.380000114440918,13.630000114440918,13.319999694824219,13.59000015258789,13.275856971740723,65721666
2017-12-11,13.670000076293945,13.760000228881836,13.369999885559082,13.420000076293945,13.109786033630371,64226805
2017-12-12,13.420000076293945,14.029999732971191,13.25,13.899999618530273,13.578689575195312,74162194
2017-12-13,13.90999984741211,13.970000267028809,13.640000343322754,13.649999618530273,13.334468841552734,39729021
2017-12-14,13.779999732971191,14.510000228881836,13.770000457763672,14.40999984741211,14.076900482177734,84543232
2017-12-15,14.470000267028809,14.529999732971191,14.180000305175781,14.260000228881836,13.93036937713623,53054159
2017-12-18,14.359999656677246,14.739999771118164,14.359999656677246,14.630000114440918,14.291815757751465,51812912
2017-12-19,14.680000305175781,14.890000343322754,14.59000015258789,14.890000343322754,14.545805931091309,54595240
2017-12-20,14.890000343322754,15.149999618530273,14.819999694824219,15.149999618530273,14.799795150756836,39637318
2017-12-21,15.210000038146973,15.649999618530273,14.899999618530273,15.4399995803833,15.083091735839844,83624388
2017-12-22,15.699999809265137,15.770000457763672,15.079999923706055,15.149999618530273,14.799795150756836,57202931
2017-12-25,15.25,15.329999923706055,14.720000267028809,15.0,14.653263092041016,37639779
2017-12-26,15.09000015258789,15.140000343322754,14.890000343322754,15.119999885559082,14.770488739013672,22520369
2017-12-27,15.109999656677246,15.4399995803833,14.770000457763672,15.380000114440918,15.024478912353516,53431533
2017-12-28,15.430000305175781,15.819999694824219,15.420000076293945,15.720000267028809,15.356618881225586,59214770
2017-12-29,15.75,15.989999771118164,15.550000190734863,15.6899995803833,15.327312469482422,40896302
2018-01-01,15.6899995803833,15.6899995803833,15.6899995803833,15.6899995803833,15.327312469482422,0
2018-01-02,15.789999961853027,16.18000030517578,15.670000076293945,16.079999923706055,15.708296775817871,44253261
2018-01-03,16.049999237060547,16.229999542236328,15.920000076293945,16.200000762939453,15.825525283813477,40100544
2018-01-04,16.200000762939453,16.510000228881836,16.18000030517578,16.290000915527344,15.913443565368652,54106099
2018-01-05,16.440000534057617,16.549999237060547,16.18000030517578,16.329999923706055,15.95251750946045,55516943
2018-01-08,16.530000686645508,16.549999237060547,16.290000915527344,16.290000915527344,15.913443565368652,28138834
2018-01-09,16.290000915527344,16.450000762939453,16.100000381469727,16.100000381469727,15.727835655212402,34728669
2018-01-10,16.100000381469727,16.100000381469727,15.25,15.25,14.897482872009277,68644193
2018-01-11,15.380000114440918,15.65999984741211,15.0600004196167,15.65999984741211,15.298006057739258,63824139
2018-01-12,15.75,15.930000305175781,15.479999542236328,15.5,15.141704559326172,49177916
2018-01-15,15.270000457763672,15.550000190734863,14.619999885559082,14.630000114440918,14.291815757751465,49857702
2018-01-16,14.619999885559082,15.5,14.579999923706055,15.5,15.141704559326172,80246276
2018-01-17,15.529999732971191,15.75,15.34000015258789,15.449999809265137,15.09286117553711,64203570
2018-01-18,15.600000381469727,15.619999885559082,15.319999694824219,15.359999656677246,15.0049409866333,48991448
2018-01-19,15.359999656677246,15.5600004196167,14.949999809265137,14.989999771118164,14.64349365234375,45915887
2018-01-22,15.15999984741211,15.4399995803833,15.119999885559082,15.40999984741211,15.053784370422363,38888549
2018-01-23,15.5,15.829999923706055,15.489999771118164,15.619999885559082,15.258931159973145,54491781
2018-01-24,15.649999618530273,15.770000457763672,15.350000381469727,15.510000228881836,15.151473999023438,38598248
2018-01-25,15.520000457763672,15.630000114440918,15.100000381469727,15.1899995803833,14.83887004852295,38024168
2018-01-26,15.34000015258789,15.460000038146973,15.079999923706055,15.40999984741211,15.053784370422363,35999103
2018-01-29,15.680000305175781,15.720000267028809,15.399999618530273,15.65999984741211,15.298006057739258,38264101
2018-01-30,15.529999732971191,15.8100004196167,15.479999542236328,15.699999809265137,15.337080955505371,56132796
2018-01-31,15.770000457763672,16.479999542236328,15.720000267028809,16.479999542236328,16.099050521850586,77188022
2018-02-01,16.59000015258789,17.06999969482422,16.559999465942383,16.780000686645508,16.39211654663086,61657333
2018-02-02,16.850000381469727,16.969999313354492,16.6200008392334,16.6299991607666,16.245582580566406,37643953
2018-02-05,16.5,17.350000381469727,16.329999923706055,17.309999465942383,16.90986442565918,87677710
2018-02-06,16.90999984741211,17.450000762939453,16.479999542236328,17.1299991607666,16.734025955200195,84421782
2018-02-07,17.299999237060547,17.43000030517578,16.579999923706055,16.65999984741211,16.274890899658203,61477053
2018-02-08,16.75,16.899999618530273,16.149999618530273,16.149999618530273,15.776679039001465,41628965
2018-02-09,15.989999771118164,17.020000457763672,15.850000381469727,16.90999984741211,16.51911163330078,87393284
2018-02-12,17.079999923706055,17.520000457763672,17.0,17.18000030517578,16.78287124633789,63062673
2018-02-13,17.350000381469727,17.399999618530273,16.8799991607666,16.899999618530273,16.509342193603516,46379263
2018-02-14,17.09000015258789,17.1200008392334,16.440000534057617,16.510000228881836,16.128358840942383,50019729
2018-02-15,16.790000915527344,17.280000686645508,16.790000915527344,17.219999313354492,16.821945190429688,53985089
2018-02-16,17.309999465942383,17.440000534057617,17.1299991607666,17.309999465942383,16.90986442565918,40462497
2018-02-19,17.239999771118164,17.420000076293945,17.030000686645508,17.18000030517578,16.78287124633789,40588395
2018-02-20,17.280000686645508,17.290000915527344,16.700000762939453,16.700000762939453,16.313966751098633,48594760
2018-02-21,17.06999969482422,17.690000534057617,16.979999542236328,17.649999618530273,17.24200439453125,77518171
2018-02-22,17.670000076293945,17.93000030517578,17.56999969482422,17.690000534057617,17.281082153320312,50277044
2018-02-23,17.809999465942383,18.270000457763672,17.760000228881836,18.270000457763672,17.847673416137695,69202762
2018-02-26,18.440000534057617,19.0,18.18000030517578,18.920000076293945,18.482648849487305,53083527
2018-02-27,18.920000076293945,18.920000076293945,18.579999923706055,18.639999389648438,18.20911979675293,36380746
2018-02-28,18.579999923706055,19.040000915527344,18.549999237060547,19.010000228881836,18.57056999206543,47690603
2018-03-01,19.079999923706055,19.559999465942383,18.8700008392334,19.530000686645508,19.078548431396484,60609400
2018-03-02,19.479999542236328,19.56999969482422,18.649999618530273,18.670000076293945,18.238428115844727,53597352
2018-03-05,18.809999465942383,19.110000610351562,18.649999618530273,18.729999542236328,18.297040939331055,32080415
2018-03-06,18.440000534057617,18.440000534057617,17.06999969482422,17.260000228881836,16.861021041870117,145904417
2018-03-07,17.219999313354492,17.6200008392334,17.100000381469727,17.3700008392334,16.96847915649414,102074391
2018-03-08,17.479999542236328,17.540000915527344,16.850000381469727,16.920000076293945,16.528881072998047,67779471
2018-03-09,16.940000534057617,17.1299991607666,16.65999984741211,16.729999542236328,16.343273162841797,52402091
2018-03-12,16.860000610351562,17.56999969482422,16.799999237060547,17.530000686645508,17.124780654907227,84370363
2018-03-13,17.549999237060547,18.110000610351562,17.3700008392334,17.979999542236328,17.564376831054688,83399508
2018-03-14,18.049999237060547,18.670000076293945,18.010000228881836,18.420000076293945,17.994205474853516,79010771
2018-03-15,18.450000762939453,18.600000381469727,18.09000015258789,18.1299991607666,17.710908889770508,52189007
2018-03-16,18.239999771118164,18.420000076293945,18.1200008392334,18.299999237060547,17.87697982788086,38152575
2018-03-19,18.31999969482422,18.34000015258789,17.790000915527344,17.899999618530273,17.48622703552246,37188548
2018-03-20,18.010000228881836,18.860000610351562,17.90999984741211,18.860000610351562,18.42403793334961,95017327
2018-03-21,18.950000762939453,19.030000686645508,18.739999771118164,18.93000030517578,18.49241828918457,52309658
2018-03-22,19.040000915527344,19.149999618530273,18.780000686645508,18.81999969482422,18.384958267211914,48171983
2018-03-23,18.450000762939453,18.950000762939453,18.389999389648438,18.799999237060547,18.365421295166016,38037216
2018-03-26,19.0,19.549999237060547,18.979999542236328,19.209999084472656,18.76594352722168,75483269
2018-03-27,19.600000381469727,19.600000381469727,18.899999618530273,18.989999771118164,18.551029205322266,45573459
2018-03-28,18.940000534057617,19.139999389648438,18.389999389648438,18.520000457763672,18.091896057128906,55981269
2018-03-29,18.649999618530273,19.40999984741211,18.56999969482422,19.399999618530273,18.951553344726562,60687952
2018-03-30,19.450000762939453,19.65999984741211,19.049999237060547,19.200000762939453,18.75617790222168,45079116
2018-04-02,19.18000030517578,19.239999771118164,19.0,19.049999237060547,18.609643936157227,24114184
2018-04-03,19.09000015258789,19.65999984741211,19.020000457763672,19.420000076293945,18.97109031677246,76086334
2018-04-04,19.469999313354492,19.530000686645508,19.110000610351562,19.350000381469727,18.9027099609375,46940237
2018-04-05,19.399999618530273,19.6200008392334,19.110000610351562,19.469999313354492,19.019933700561523,55224931
2018-04-06,19.40999984741211,19.84000015258789,19.3799991607666,19.65999984741211,19.205543518066406,60127209
2018-04-09,19.799999237060547,20.020000457763672,19.469999313354492,19.690000534057617,19.234851837158203,48454519
2018-04-10,19.8700008392334,19.889999389648438,18.889999389648438,19.239999771118164,18.795251846313477,63441049
2018-04-11,19.1299991607666,19.530000686645508,17.450000762939453,18.639999389648438,18.20911979675293,99380227
2018-04-12,18.600000381469727,18.8700008392334,18.0,18.600000381469727,18.170045852661133,77230366
2018-04-13,18.709999084472656,18.760000228881836,18.100000381469727,18.34000015258789,17.91605567932129,45253471
2018-04-16,18.34000015258789,19.149999618530273,18.34000015258789,19.149999618530273,18.707332611083984,54678200
2018-04-17,19.299999237060547,19.459999084472656,18.010000228881836,18.219999313354492,17.798830032348633,100967019
2018-04-18,18.200000762939453,19.059999465942383,17.780000686645508,19.030000686645508,18.590106964111328,122783738
2018-04-19,19.059999465942383,19.079999923706055,18.639999389648438,18.889999389648438,18.453340530395508,62230836
2018-04-20,18.850000381469727,18.850000381469727,18.079999923706055,18.239999771118164,17.81836700439453,60884734
2018-04-23,18.239999771118164,18.239999771118164,18.239999771118164,18.239999771118164,17.81836700439453,0
2018-04-24,18.219999313354492,18.280000686645508,17.450000762939453,17.559999465942383,17.15408706665039,63019042
2018-04-25,17.59000015258789,17.940000534057617,16.860000610351562,17.239999771118164,16.84148406982422,89280219
2018-04-26,17.329999923706055,17.469999313354492,16.889999389648438,17.09000015258789,16.6949520111084,60451620
2018-04-27,17.15999984741211,17.600000381469727,16.979999542236328,17.399999618530273,16.997783660888672,75029714
2018-04-30,17.5,17.549999237060547,16.6200008392334,16.700000762939453,16.313966751098633,41097136
2018-05-01,16.700000762939453,16.700000762939453,16.700000762939453,16.700000762939453,16.313966751098633,0
2018-05-02,16.719999313354492,17.079999923706055,16.56999969482422,17.059999465942383,16.6656436920166,74357868
2018-05-03,17.079999923706055,17.079999923706055,16.68000030517578,16.75,16.362810134887695,45707440
2018-05-04,16.760000228881836,16.989999771118164,16.43000030517578,16.510000228881836,16.128358840942383,62842732
2018-05-07,16.5,16.809999465942383,16.3700008392334,16.600000381469727,16.216278076171875,44383277
2018-05-08,16.670000076293945,16.709999084472656,15.960000038146973,16.030000686645508,15.659454345703125,43317357
2018-05-09,15.970000267028809,16.6200008392334,15.460000038146973,16.489999771118164,16.10881996154785,62199765
2018-05-10,16.920000076293945,17.059999465942383,16.3700008392334,16.510000228881836,16.128358840942383,62708326
2018-05-11,16.450000762939453,16.600000381469727,16.299999237060547,16.329999923706055,15.95251750946045,33191587
2018-05-14,16.329999923706055,16.920000076293945,16.270000457763672,16.770000457763672,16.382349014282227,40345072
2018-05-15,16.65999984741211,16.829999923706055,16.43000030517578,16.700000762939453,16.313966751098633,34152101
2018-05-16,16.700000762939453,16.84000015258789,16.489999771118164,16.530000686645508,16.14789581298828,33923001
2018-05-17,16.559999465942383,16.65999984741211,16.219999313354492,16.239999771118164,15.864599227905273,28914908
2018-05-18,16.329999923706055,16.5,16.15999984741211,16.299999237060547,15.923212051391602,19476144
2018-05-21,16.280000686645508,16.920000076293945,16.239999771118164,16.889999389648438,16.49957275390625,44173526
2018-05-22,17.0,17.040000915527344,16.549999237060547,16.739999771118164,16.35304069519043,37917222
2018-05-23,16.65999984741211,16.780000686645508,16.389999389648438,16.6200008392334,16.235816955566406,37630940
2018-05-24,16.899999618530273,16.93000030517578,15.630000114440918,15.65999984741211,15.298006057739258,52183296
2018-05-25,15.949999809265137,16.6200008392334,15.5600004196167,16.600000381469727,16.216278076171875,73653848
2018-05-28,16.889999389648438,17.549999237060547,16.829999923706055,17.530000686645508,17.124780654907227,60752216
2018-05-29,17.530000686645508,17.579999923706055,17.270000457763672,17.489999771118164,17.085704803466797,36812280
2018-05-30,17.479999542236328,17.639999389648438,17.280000686645508,17.34000015258789,16.939172744750977,36000908
2018-05-31,17.40999984741211,17.489999771118164,16.389999389648438,16.639999389648438,16.255352020263672,47199978
2018-06-01,16.690000534057617,16.75,16.34000015258789,16.559999465942383,16.177202224731445,31891634
2018-06-04,16.549999237060547,16.729999542236328,16.229999542236328,16.309999465942383,15.932979583740234,31298016
2018-06-05,16.389999389648438,16.520000457763672,15.899999618530273,16.0,15.630146980285645,27138067
2018-06-06,16.100000381469727,16.1299991607666,15.069999694824219,15.279999732971191,14.926790237426758,55167072
2018-06-07,15.210000038146973,15.529999732971191,14.970000267028809,15.15999984741211,14.809564590454102,57820595
2018-06-08,15.100000381469727,15.100000381469727,13.460000038146973,13.479999542236328,13.1683988571167,96724339
2018-06-11,13.479999542236328,14.210000038146973,12.75,14.09000015258789,13.764298439025879,125037088
2018-06-12,14.029999732971191,14.029999732971191,13.109999656677246,13.239999771118164,12.933945655822754,77023380
2018-06-13,13.119999885559082,13.5600004196167,12.779999732971191,12.819999694824219,12.52365493774414,65390709
2018-06-14,12.890000343322754,13.069999694824219,12.640000343322754,12.859999656677246,12.562729835510254,32395883
2018-06-15,12.859999656677246,12.859999656677246,12.859999656677246,12.859999656677246,12.562729835510254,0
2018-06-18,12.9399995803833,12.9399995803833,12.489999771118164,12.539999961853027,12.250127792358398,35352860
2018-06-19,12.380000114440918,13.010000228881836,12.300000190734863,12.8100004196167,12.513887405395508,68937570
2018-06-20,12.819999694824219,13.050000190734863,12.59000015258789,12.649999618530273,12.357584953308105,68271766
2018-06-21,12.600000381469727,13.069999694824219,12.600000381469727,12.960000038146973,12.660419464111328,62749941
2018-06-22,13.039999961853027,13.069999694824219,12.619999885559082,12.850000381469727,12.552962303161621,52814020
2018-06-25,14.100000381469727,14.100000381469727,12.390000343322754,12.5600004196167,12.269665718078613,98463206
2018-06-26,12.609999656677246,13.0,12.529999732971191,12.979999542236328,12.679956436157227,68456618
2018-06-27,12.989999771118164,13.829999923706055,12.84000015258789,13.770000457763672,13.451696395874023,101880431
2018-06-28,13.75,13.970000267028809,13.510000228881836,13.680000305175781,13.363776206970215,91792234
2018-06-29,13.800000190734863,13.9399995803833,13.430000305175781,13.489999771118164,13.178167343139648,55356081
2018-07-02,13.479999542236328,14.020000457763672,13.430000305175781,13.970000267028809,13.647072792053223,82236095
2018-07-03,14.0,14.010000228881836,13.710000038146973,13.819999694824219,13.50053882598877,75031814
2018-07-04,13.819999694824219,13.960000038146973,13.770000457763672,13.899999618530273,13.578689575195312,48941953
2018-07-05,13.949999809265137,14.4399995803833,13.9399995803833,14.350000381469727,14.018288612365723,100357135
2018-07-06,14.399999618530273,14.579999923706055,14.199999809265137,14.390000343322754,14.057363510131836,77348522
2018-07-09,14.670000076293945,15.279999732971191,14.630000114440918,15.029999732971191,14.682568550109863,114890466
2018-07-10,14.649999618530273,14.970000267028809,13.970000267028809,14.300000190734863,13.969444274902344,139493303
2018-07-11,14.149999618530273,14.4399995803833,13.5,13.529999732971191,13.217242240905762,116525831
2018-07-12,13.6899995803833,14.289999961853027,13.569999694824219,14.260000228881836,13.93036937713623,145972810
2018-07-13,14.319999694824219,14.75,14.119999885559082,14.6899995803833,14.350428581237793,95966565
2018-07-16,14.829999923706055,15.1899995803833,14.670000076293945,15.100000381469727,14.750951766967773,106477654
2018-07-17,15.119999885559082,15.979999542236328,15.079999923706055,15.899999618530273,15.53245735168457,106279827
2018-07-18,15.90999984741211,16.459999084472656,15.449999809265137,16.100000381469727,15.727835655212402,148334461
2018-07-19,16.229999542236328,16.3700008392334,15.970000267028809,16.079999923706055,15.708296775817871,82498512
2018-07-20,16.15999984741211,16.25,16.020000457763672,16.06999969482422,15.698528289794922,55418617
2018-07-23,16.299999237060547,16.719999313354492,16.18000030517578,16.549999237060547,16.16743278503418,94440524
2018-07-24,16.6299991607666,16.6299991607666,15.649999618530273,15.960000038146973,15.591072082519531,93286728
2018-07-25,16.030000686645508,18.190000534057617,15.970000267028809,17.09000015258789,16.6949520111084,115166316
2018-07-26,17.149999618530273,17.190000534057617,15.949999809265137,16.440000534057617,16.05997657775879,77427751
2018-07-27,16.450000762939453,16.809999465942383,16.110000610351562,16.670000076293945,16.28466033935547,96961763
2018-07-30,16.579999923706055,17.010000228881836,16.510000228881836,16.809999465942383,16.421422958374023,64907658
2018-07-31,16.790000915527344,17.270000457763672,16.719999313354492,17.270000457763672,16.870790481567383,80038597
2018-08-01,17.34000015258789,17.520000457763672,17.079999923706055,17.1200008392334,16.72425651550293,70200088
2018-08-02,16.690000534057617,17.059999465942383,16.5,16.90999984741211,16.51911163330078,77371833
2018-08-03,16.8799991607666,17.43000030517578,16.8799991607666,17.389999389648438,16.98801612854004,78292162
2018-08-06,17.40999984741211,17.43000030517578,16.889999389648438,17.0,16.607030868530273,65943198
2018-08-07,17.139999389648438,17.520000457763672,17.1200008392334,17.280000686645508,16.88055992126465,104191249
2018-08-08,17.350000381469727,17.420000076293945,17.219999313354492,17.34000015258789,16.939172744750977,62423148
2018-08-09,16.889999389648438,17.93000030517578,16.760000228881836,17.3799991607666,16.978246688842773,151696968
2018-08-10,17.149999618530273,17.780000686645508,15.850000381469727,17.059999465942383,16.6656436920166,127509524
2018-08-13,16.940000534057617,17.31999969482422,16.270000457763672,16.549999237060547,16.16743278503418,112608298
2018-08-14,17.1200008392334,17.389999389648438,17.020000457763672,17.170000076293945,16.773101806640625,62322159
2018-08-15,17.670000076293945,17.700000762939453,15.770000457763672,15.90999984741211,15.542226791381836,107375724
2018-08-16,16.15999984741211,16.34000015258789,15.390000343322754,15.619999885559082,15.258931159973145,65661379
2018-08-17,15.369999885559082,15.449999809265137,13.989999771118164,15.279999732971191,14.926790237426758,94668151
2018-08-20,15.430000305175781,16.110000610351562,15.34000015258789,16.0,15.630146980285645,24117811
2018-08-21,16.0,16.0,16.0,16.0,15.630146980285645,0
2018-08-22,16.0,16.0,16.0,16.0,15.630146980285645,0
2018-08-23,16.0,16.0,16.0,16.0,15.630146980285645,0
2018-08-24,16.0,16.0,16.0,16.0,15.630146980285645,0
2018-08-27,16.260000228881836,16.65999984741211,16.219999313354492,16.440000534057617,16.05997657775879,51163633
2018-08-28,16.530000686645508,16.809999465942383,16.450000762939453,16.780000686645508,16.39211654663086,52417298
2018-08-29,16.610000610351562,16.760000228881836,16.43000030517578,16.59000015258789,16.20650863647461,42921204
2018-08-30,16.59000015258789,16.59000015258789,16.59000015258789,16.59000015258789,16.20650863647461,0
2018-08-31,16.559999465942383,16.610000610351562,16.239999771118164,16.280000686645508,15.903675079345703,28829713
2018-09-03,16.25,17.139999389648438,16.190000534057617,17.1200008392334,16.72425651550293,59723993
2018-09-04,17.1299991607666,17.190000534057617,16.649999618530273,16.940000534057617,16.548418045043945,48337491
2018-09-05,16.969999313354492,17.31999969482422,16.829999923706055,17.25,16.85125160217285,53041129
2018-09-06,17.219999313354492,17.389999389648438,17.059999465942383,17.15999984741211,16.76333236694336,34345026
2018-09-07,17.1299991607666,17.329999923706055,16.969999313354492,17.170000076293945,16.773101806640625,40819334
2018-09-10,17.15999984741211,17.40999984741211,17.010000228881836,17.030000686645508,16.63633918762207,30484167
2018-09-11,17.040000915527344,17.969999313354492,17.040000915527344,17.920000076293945,17.505765914916992,60851765
2018-09-12,18.010000228881836,18.739999771118164,17.81999969482422,18.0,17.58391571044922,85183177
2018-09-13,18.040000915527344,18.260000228881836,17.190000534057617,18.170000076293945,17.749984741210938,112055223
2018-09-14,18.350000381469727,18.420000076293945,17.729999542236328,17.760000228881836,17.349462509155273,60517351
2018-09-17,17.6299991607666,17.860000610351562,17.450000762939453,17.739999771118164,17.329925537109375,40415343
2018-09-18,17.739999771118164,18.239999771118164,17.729999542236328,18.15999984741211,17.740215301513672,58577079
2018-09-19,18.31999969482422,18.520000457763672,18.229999542236328,18.40999984741211,17.984437942504883,40364456
2018-09-20,18.450000762939453,18.520000457763672,18.049999237060547,18.079999923706055,17.662065505981445,46188139
2018-09-21,18.15999984741211,18.520000457763672,18.15999984741211,18.510000228881836,18.08212661743164,45812868
2018-09-24,18.59000015258789,19.34000015258789,18.360000610351562,19.260000228881836,18.814790725708008,92355687
2018-09-25,19.270000457763672,19.350000381469727,18.809999465942383,18.860000610351562,18.42403793334961,49581602
2018-09-26,19.0,19.219999313354492,18.93000030517578,19.219999313354492,18.775714874267578,32129164
2018-09-27,19.209999084472656,19.540000915527344,19.079999923706055,19.139999389648438,18.697561264038086,56718482
2018-09-28,19.200000762939453,19.270000457763672,19.010000228881836,19.139999389648438,18.697561264038086,32711008
2018-10-01,19.110000610351562,19.209999084472656,18.610000610351562,18.639999389648438,18.20911979675293,34725841
2018-10-02,18.6299991607666,18.770000457763672,18.0,18.100000381469727,17.681604385375977,43330357
2018-10-03,18.079999923706055,18.3700008392334,17.729999542236328,17.760000228881836,17.349462509155273,43189301
2018-10-04,17.719999313354492,17.829999923706055,17.110000610351562,17.149999618530273,16.753562927246094,41127056
2018-10-05,17.079999923706055,17.639999389648438,17.059999465942383,17.56999969482422,17.163854598999023,42419535
2018-10-08,17.469999313354492,17.8700008392334,17.350000381469727,17.809999465942383,17.39830780029297,41438403
2018-10-09,17.889999389648438,18.030000686645508,17.40999984741211,17.649999618530273,17.24200439453125,48419366
2018-10-10,17.649999618530273,17.68000030517578,16.670000076293945,16.709999084472656,16.323734283447266,38377993
2018-10-11,16.549999237060547,16.860000610351562,16.309999465942383,16.43000030517578,16.050207138061523,39919730
2018-10-12,16.75,17.3799991607666,16.389999389648438,17.329999923706055,16.929401397705078,71590152
2018-10-15,17.780000686645508,18.1299991607666,17.649999618530273,18.06999969482422,17.652297973632812,54273284
2018-10-16,17.6299991607666,18.020000457763672,17.3700008392334,17.40999984741211,17.007553100585938,56258098
2018-10-17,17.530000686645508,17.610000610351562,16.3700008392334,16.549999237060547,16.16743278503418,81161832
2018-10-18,16.559999465942383,16.90999984741211,16.450000762939453,16.559999465942383,16.177202224731445,57711921
2018-10-19,16.639999389648438,16.700000762939453,16.0,16.149999618530273,15.776679039001465,62539202
2018-10-22,16.350000381469727,16.40999984741211,15.550000190734863,15.6899995803833,15.327312469482422,57232958
2018-10-23,15.489999771118164,15.720000267028809,15.09000015258789,15.5,15.141704559326172,56226064
2018-10-24,15.649999618530273,15.90999984741211,15.5,15.5600004196167,15.200318336486816,48571270
2018-10-25,15.399999618530273,15.920000076293945,15.3100004196167,15.920000076293945,15.551997184753418,45343588
2018-10-26,15.9399995803833,15.970000267028809,15.359999656677246,15.510000228881836,15.151473999023438,42021766
2018-10-29,15.510000228881836,15.510000228881836,15.510000228881836,15.510000228881836,15.151473999023438,0
2018-10-30,15.5,15.579999923706055,14.369999885559082,14.640000343322754,14.30158519744873,84781703
2018-10-31,14.729999542236328,14.760000228881836,13.979999542236328,14.010000228881836,13.686147689819336,61625374
2018-11-01,14.079999923706055,14.680000305175781,13.850000381469727,14.619999885559082,14.282047271728516,63461834
2018-11-02,14.649999618530273,15.600000381469727,14.34000015258789,15.140000343322754,14.790026664733887,81839895
2018-11-05,15.25,15.430000305175781,15.079999923706055,15.279999732971191,14.926790237426758,46847510
2018-11-06,15.289999961853027,15.449999809265137,14.720000267028809,14.720000267028809,14.379734992980957,59388679
2018-11-07,14.760000228881836,15.619999885559082,14.699999809265137,15.59000015258789,15.22962474822998,62376346
2018-11-08,15.680000305175781,15.6899995803833,14.640000343322754,14.649999618530273,14.311352729797363,86442465
2018-11-09,14.649999618530273,15.239999771118164,14.5,15.170000076293945,14.81933307647705,60848012
2018-11-12,15.170000076293945,15.239999771118164,14.789999961853027,14.8100004196167,14.467655181884766,35583024
2018-11-13,14.8100004196167,15.569999694824219,14.739999771118164,15.510000228881836,15.151473999023438,52338098
2018-11-14,15.510000228881836,16.25,15.470000267028809,16.139999389648438,15.766910552978516,77815278
2018-11-15,16.200000762939453,16.5,15.75,16.200000762939453,15.825525283813477,62197839
2018-11-16,16.290000915527344,16.5,15.899999618530273,15.970000267028809,15.60084056854248,49597021
2018-11-19,16.0,16.520000457763672,15.979999542236328,16.360000610351562,15.981825828552246,49293580
2018-11-20,16.260000228881836,16.34000015258789,15.800000190734863,15.869999885559082,15.503151893615723,36699155
2018-11-21,16.059999465942383,16.440000534057617,16.010000228881836,16.399999618530273,16.02090072631836,47325589
2018-11-22,16.43000030517578,16.43000030517578,16.030000686645508,16.270000457763672,15.893905639648438,33288288
2018-11-23,16.299999237060547,16.90999984741211,16.280000686645508,16.8799991607666,16.489805221557617,53781488
2018-11-26,16.940000534057617,17.329999923706055,16.8799991607666,17.030000686645508,16.63633918762207,50486455
2018-11-27,17.170000076293945,17.239999771118164,16.860000610351562,17.06999969482422,16.675413131713867,31069663
2018-11-28,17.149999618530273,17.350000381469727,17.100000381469727,17.229999542236328,16.831714630126953,35141892
2018-11-29,17.329999923706055,17.420000076293945,16.8799991607666,16.959999084472656,16.567955017089844,39885251
2018-11-30,16.979999542236328,17.059999465942383,16.770000457763672,17.049999237060547,16.65587615966797,34771202
2018-12-03,17.110000610351562,17.149999618530273,16.260000228881836,16.34000015258789,15.962287902832031,48236386
2018-12-04,16.299999237060547,16.6299991607666,15.850000381469727,15.960000038146973,15.591072082519531,52978419
2018-12-05,15.9399995803833,16.389999389648438,15.859999656677246,16.360000610351562,15.981825828552246,42540296
2018-12-06,16.239999771118164,16.489999771118164,16.030000686645508,16.3799991607666,16.001361846923828,36062054
2018-12-07,16.489999771118164,16.579999923706055,16.049999237060547,16.15999984741211,15.78644847869873,40750781
2018-12-10,16.170000076293945,16.360000610351562,16.079999923706055,16.1200008392334,15.747374534606934,24609292
2018-12-11,16.18000030517578,16.25,15.890000343322754,16.010000228881836,15.63991641998291,26566088
2018-12-12,16.010000228881836,16.1299991607666,15.229999542236328,15.25,14.897482872009277,39567744
2018-12-13,15.300000190734863,15.5,15.289999961853027,15.329999923706055,14.975634574890137,24346706
2018-12-14,15.300000190734863,15.34000015258789,14.760000228881836,14.899999618530273,14.555573463439941,35400046
2018-12-17,15.029999732971191,15.130000114440918,14.699999809265137,14.75,14.409042358398438,27052784
2018-12-18,14.6899995803833,15.4399995803833,14.6899995803833,15.430000305175781,15.073323249816895,38823098
2018-12-19,15.65999984741211,16.219999313354492,15.579999923706055,16.200000762939453,15.825525283813477,46256648
2018-12-20,15.979999542236328,16.399999618530273,15.739999771118164,16.34000015258789,15.962287902832031,61365550
2018-12-21,16.360000610351562,16.579999923706055,16.06999969482422,16.3799991607666,16.001361846923828,42782329
2018-12-24,16.40999984741211,16.520000457763672,16.149999618530273,16.170000076293945,15.79621696472168,22831361
2018-12-25,16.18000030517578,16.3700008392334,16.100000381469727,16.190000534057617,15.815754890441895,16836845
2018-12-26,16.270000457763672,16.299999237060547,16.139999389648438,16.15999984741211,15.78644847869873,13585843
2018-12-27,16.25,16.40999984741211,16.200000762939453,16.229999542236328,15.854829788208008,30662863
2018-12-28,16.299999237060547,16.329999923706055,15.869999885559082,15.989999771118164,15.620377540588379,24716295
2018-12-31,16.059999465942383,16.1299991607666,15.90999984741211,16.100000381469727,15.727835655212402,12553160
2019-01-01,16.100000381469727,16.100000381469727,16.100000381469727,16.100000381469727,15.727835655212402,0
2019-01-02,16.1299991607666,16.25,15.649999618530273,15.680000305175781,15.317543983459473,48650466
2019-01-03,15.609999656677246,16.0,15.09000015258789,15.149999618530273,14.799795150756836,60474927
2019-01-04,15.350000381469727,15.449999809265137,14.819999694824219,15.09000015258789,14.741183280944824,51431175
2019-01-07,15.25,15.380000114440918,14.960000038146973,15.0600004196167,14.711875915527344,47463328
2019-01-08,15.130000114440918,15.170000076293945,14.859999656677246,15.09000015258789,14.741183280944824,32484031
2019-01-09,15.170000076293945,15.180000305175781,14.890000343322754,14.970000267028809,14.623956680297852,31261544
2019-01-10,14.979999542236328,15.3100004196167,14.90999984741211,14.960000038146973,14.614187240600586,61582334
2019-01-11,15.039999961853027,15.229999542236328,15.0,15.0600004196167,14.711875915527344,43674928
2019-01-14,14.920000076293945,15.09000015258789,14.850000381469727,15.020000457763672,14.67280101776123,39432509
2019-01-15,15.109999656677246,15.170000076293945,14.5600004196167,14.600000381469727,14.262510299682617,80782720
2019-01-16,14.670000076293945,14.75,14.140000343322754,14.40999984741211,14.076900482177734,95306635
2019-01-17,14.399999618530273,14.6899995803833,14.1899995803833,14.220000267028809,13.8912935256958,110250658
2019-01-18,14.229999542236328,14.600000381469727,14.1899995803833,14.430000305175781,14.096439361572266,92650170
2019-01-21,14.510000228881836,14.960000038146973,14.489999771118164,14.5,14.164820671081543,106961909
2019-01-22,14.579999923706055,14.6899995803833,14.260000228881836,14.399999618530273,14.067131042480469,79202107
2019-01-23,14.470000267028809,14.770000457763672,14.380000114440918,14.65999984741211,14.321122169494629,92148200
2019-01-24,14.770000457763672,14.890000343322754,14.630000114440918,14.729999542236328,14.389503479003906,59001301
2019-01-25,14.819999694824219,14.880000114440918,14.640000343322754,14.6899995803833,14.350428581237793,44414033
2019-01-28,14.680000305175781,15.149999618530273,14.680000305175781,15.0600004196167,14.711875915527344,108930064
2019-01-29,15.109999656677246,15.239999771118164,15.069999694824219,15.1899995803833,14.83887004852295,61433360
2019-01-30,15.239999771118164,15.850000381469727,15.069999694824219,15.819999694824219,15.454307556152344,107300139
2019-01-31,16.0,16.170000076293945,15.15999984741211,15.4399995803833,15.083091735839844,87984916
2019-02-01,15.449999809265137,15.470000267028809,14.680000305175781,14.710000038146973,14.369966506958008,70439386
2019-02-04,14.770000457763672,15.119999885559082,14.760000228881836,14.9399995803833,14.594649314880371,52527751
2019-02-05,15.020000457763672,15.100000381469727,14.430000305175781,14.5,14.164820671081543,69179690
2019-02-06,14.609999656677246,14.869999885559082,14.300000190734863,14.859999656677246,14.516498565673828,80678575
2019-02-07,14.869999885559082,15.010000228881836,14.630000114440918,14.680000305175781,14.340660095214844,71901866
2019-02-08,14.640000343322754,14.789999961853027,14.550000190734863,14.710000038146973,14.369966506958008,48842421
2019-02-11,14.819999694824219,15.239999771118164,14.770000457763672,15.220000267028809,14.86817741394043,72186867
2019-02-12,15.279999732971191,15.289999961853027,14.40999984741211,14.449999809265137,14.115976333618164,91737738
2019-02-13,14.550000190734863,14.649999618530273,13.739999771118164,13.789999961853027,13.471233367919922,114375148
2019-02-14,13.829999923706055,14.600000381469727,13.350000381469727,14.170000076293945,13.842449188232422,150088919
2019-02-15,14.149999618530273,14.180000305175781,13.579999923706055,13.720000267028809,13.402851104736328,97899200
2019-02-18,13.699999809265137,13.949999809265137,13.289999961853027,13.319999694824219,13.012097358703613,89669902
2019-02-19,13.289999961853027,13.569999694824219,13.239999771118164,13.329999923706055,13.021865844726562,65627044
2019-02-20,13.399999618530273,13.520000457763672,13.350000381469727,13.430000305175781,13.119555473327637,63668551
2019-02-21,13.460000038146973,13.75,13.420000076293945,13.640000343322754,13.324700355529785,62063565
2019-02-22,13.729999542236328,14.210000038146973,13.6899995803833,14.140000343322754,13.813142776489258,72683269
2019-02-25,14.229999542236328,14.510000228881836,13.970000267028809,14.010000228881836,13.686147689819336,73244042
2019-02-26,14.029999732971191,14.460000038146973,13.90999984741211,14.369999885559082,14.037825584411621,67259170
2019-02-27,14.390000343322754,14.449999809265137,13.949999809265137,13.979999542236328,13.656840324401855,56966054
2019-02-28,14.119999885559082,14.279999732971191,14.020000457763672,14.170000076293945,13.842449188232422,63217293
2019-03-01,14.170000076293945,14.220000267028809,13.869999885559082,14.0,13.67637825012207,40268984
2019-03-04,14.020000457763672,14.09000015258789,13.880000114440918,13.899999618530273,13.578689575195312,34742411
2019-03-05,13.800000190734863,14.359999656677246,13.729999542236328,14.289999961853027,13.959674835205078,115588273
2019-03-06,14.329999923706055,14.460000038146973,14.079999923706055,14.149999618530273,13.822911262512207,73531773
2019-03-07,14.109999656677246,14.34000015258789,13.59000015258789,13.710000038146973,13.393081665039062,72903906
2019-03-08,13.739999771118164,13.829999923706055,13.039999961853027,13.170000076293945,12.865564346313477,93712927
2019-03-11,13.289999961853027,13.4399995803833,12.979999542236328,13.039999961853027,12.738569259643555,70302657
2019-03-12,13.100000381469727,13.149999618530273,12.890000343322754,13.020000457763672,12.719032287597656,46824469
2019-03-13,13.0600004196167,13.109999656677246,12.710000038146973,12.829999923706055,12.533424377441406,70133908
2019-03-14,12.760000228881836,13.039999961853027,12.729999542236328,13.029999732971191,12.728800773620605,55766694
2019-03-15,13.069999694824219,13.079999923706055,12.890000343322754,12.989999771118164,12.689724922180176,32336689
2019-03-18,13.300000190734863,13.90999984741211,13.25,13.880000114440918,13.559152603149414,96043719
2019-03-19,13.970000267028809,14.420000076293945,13.850000381469727,14.239999771118164,13.9108304977417,116282990
2019-03-20,14.210000038146973,14.369999885559082,14.140000343322754,14.220000267028809,13.8912935256958,61478710
2019-03-21,14.289999961853027,14.600000381469727,14.039999961853027,14.050000190734863,13.72522258758545,87093427
2019-03-22,14.180000305175781,14.260000228881836,13.5,13.569999694824219,13.256318092346191,78714246
2019-03-25,13.510000228881836,14.010000228881836,13.079999923706055,13.989999771118164,13.666609764099121,86607980
2019-03-26,14.130000114440918,14.260000228881836,13.359999656677246,13.510000228881836,13.197705268859863,67620313
2019-03-27,13.550000190734863,13.619999885559082,12.65999984741211,12.739999771118164,12.445504188537598,65210191
2019-03-28,12.729999542236328,13.170000076293945,12.40999984741211,12.59000015258789,12.298972129821777,109178882
2019-03-29,12.670000076293945,13.020000457763672,12.550000190734863,12.90999984741211,12.611574172973633,72066635
2019-04-01,12.930000305175781,13.289999961853027,12.479999542236328,12.890000343322754,12.592037200927734,87548761
2019-04-02,12.880000114440918,13.1899995803833,12.800000190734863,13.079999923706055,12.777644157409668,55555629
2019-04-03,13.050000190734863,13.350000381469727,13.050000190734863,13.260000228881836,12.953484535217285,59326801
2019-04-04,13.369999885559082,14.220000267028809,13.34000015258789,14.199999809265137,13.87175464630127,92957015
2019-04-05,14.399999618530273,14.520000457763672,14.180000305175781,14.460000038146973,14.12574577331543,84007340
2019-04-08,14.550000190734863,14.65999984741211,14.119999885559082,14.199999809265137,13.87175464630127,62758980
2019-04-09,14.399999618530273,14.630000114440918,14.329999923706055,14.34000015258789,14.008519172668457,64796404
2019-04-10,14.5,14.510000228881836,14.15999984741211,14.220000267028809,13.8912935256958,36608830
2019-04-11,14.0,14.210000038146973,13.789999961853027,14.15999984741211,13.832679748535156,60398086
2019-04-12,13.920000076293945,14.0600004196167,13.819999694824219,13.90999984741211,13.588458061218262,38257166
2019-04-15,13.890000343322754,14.109999656677246,13.859999656677246,13.9399995803833,13.617765426635742,45319169
2019-04-16,14.029999732971191,14.399999618530273,14.029999732971191,14.369999885559082,14.037825584411621,74756854
2019-04-17,14.479999542236328,14.5600004196167,14.199999809265137,14.380000114440918,14.04759407043457,57178416
2019-04-18,14.300000190734863,14.449999809265137,14.1899995803833,14.329999923706055,13.998750686645508,39415294
2019-04-19,14.359999656677246,14.430000305175781,14.149999618530273,14.170000076293945,13.842449188232422,29001868
2019-04-22,14.029999732971191,14.050000190734863,13.899999618530273,13.949999809265137,13.627534866333008,22991470
2019-04-23,13.949999809265137,13.949999809265137,13.949999809265137,13.949999809265137,13.627534866333008,0
2019-04-24,13.930000305175781,14.239999771118164,13.930000305175781,14.050000190734863,13.72522258758545,47804695
2019-04-25,14.079999923706055,14.109999656677246,13.630000114440918,13.739999771118164,13.422388076782227,51723446
2019-04-26,13.800000190734863,14.0,13.65999984741211,13.9399995803833,13.617765426635742,38284254
2019-04-29,13.949999809265137,14.300000190734863,13.9399995803833,14.210000038146973,13.881524085998535,45013513
2019-04-30,14.210000038146973,14.449999809265137,14.1899995803833,14.3100004196167,13.979212760925293,38894621
2019-05-01,14.3100004196167,14.3100004196167,14.3100004196167,14.3100004196167,13.979212760925293,0
2019-05-02,14.350000381469727,14.649999618530273,14.0,14.050000190734863,13.72522258758545,47813755
2019-05-03,14.100000381469727,14.149999618530273,13.850000381469727,13.920000076293945,13.598228454589844,34517218
2019-05-06,13.760000228881836,13.850000381469727,13.4399995803833,13.779999732971191,13.461463928222656,37749554
2019-05-07,13.399999618530273,13.699999809265137,13.350000381469727,13.520000457763672,13.207474708557129,43592657
2019-05-08,13.59000015258789,13.619999885559082,12.9399995803833,12.960000038146973,12.660419464111328,66196115
2019-05-09,12.979999542236328,13.15999984741211,12.430000305175781,12.470000267028809,12.181746482849121,67738167
2019-05-10,12.510000228881836,12.699999809265137,12.0,12.130000114440918,11.849605560302734,91402529
2019-05-13,12.1899995803833,12.430000305175781,11.819999694824219,12.3100004196167,12.025444984436035,88014028
2019-05-14,12.399999618530273,12.529999732971191,12.130000114440918,12.510000228881836,12.220821380615234,70848454
2019-05-15,12.550000190734863,12.569999694824219,11.920000076293945,12.109999656677246,11.83006763458252,86745846
2019-05-16,12.15999984741211,12.40999984741211,12.149999618530273,12.239999771118164,11.957061767578125,75580450
2019-05-17,12.170000076293945,12.3100004196167,12.010000228881836,12.020000457763672,11.742148399353027,51748359
2019-05-20,12.0,12.170000076293945,11.920000076293945,12.09000015258789,11.810530662536621,50646677
2019-05-21,12.130000114440918,12.1899995803833,11.619999885559082,11.699999809265137,11.429544448852539,60161986
2019-05-22,11.710000038146973,11.869999885559082,11.239999771118164,11.3100004196167,11.048561096191406,70071020
2019-05-23,11.220000267028809,11.829999923706055,11.210000038146973,11.8100004196167,11.537002563476562,83128465
2019-05-24,11.850000381469727,12.210000038146973,11.720000267028809,11.960000038146973,11.6835355758667,77215249
2019-05-27,12.0,12.149999618530273,11.770000457763672,11.84000015258789,11.566308975219727,47905427
2019-05-28,12.020000457763672,12.229999542236328,11.989999771118164,12.109999656677246,11.83006763458252,60490077
2019-05-29,12.079999923706055,12.319999694824219,11.890000343322754,12.15999984741211,11.878911972045898,79342229
2019-05-30,12.300000190734863,12.449999809265137,12.25,12.399999618530273,12.113363265991211,75990092
2019-05-31,12.449999809265137,12.550000190734863,12.350000381469727,12.479999542236328,12.191514015197754,52827101
2019-06-03,12.489999771118164,12.569999694824219,12.390000343322754,12.4399995803833,12.15243911743164,15943508
2019-06-04,12.4399995803833,12.4399995803833,12.4399995803833,12.4399995803833,12.15243911743164,0
2019-06-05,12.4399995803833,12.4399995803833,12.4399995803833,12.4399995803833,12.15243911743164,0
2019-06-06,12.4399995803833,12.4399995803833,12.4399995803833,12.4399995803833,12.15243911743164,0
2019-06-07,12.5,13.0600004196167,12.430000305175781,13.010000228881836,12.709263801574707,63225831
2019-06-10,13.039999961853027,13.399999618530273,12.920000076293945,13.25,12.94371509552002,58511877
2019-06-11,13.279999732971191,13.34000015258789,12.720000267028809,12.930000305175781,12.631113052368164,70930880
2019-06-12,12.9399995803833,13.149999618530273,12.920000076293945,12.949999809265137,12.650650024414062,60500620
2019-06-13,12.800000190734863,12.930000305175781,12.640000343322754,12.670000076293945,12.37712287902832,48583200
2019-06-14,12.710000038146973,12.859999656677246,12.5600004196167,12.710000038146973,12.416197776794434,56284813
2019-06-17,12.630000114440918,13.050000190734863,12.619999885559082,13.029999732971191,12.728800773620605,62032694
2019-06-18,13.029999732971191,13.279999732971191,13.020000457763672,13.210000038146973,12.904640197753906,62888273
2019-06-19,13.140000343322754,13.260000228881836,12.84000015258789,12.960000038146973,12.660419464111328,68021847
2019-06-20,13.199999809265137,13.329999923706055,12.989999771118164,13.020000457763672,12.719032287597656,102642410
2019-06-21,12.960000038146973,13.050000190734863,12.680000305175781,12.800000190734863,12.504117965698242,51317851
2019-06-24,13.119999885559082,13.15999984741211,12.829999923706055,12.890000343322754,12.592037200927734,56275977
2019-06-25,12.899999618530273,12.970000267028809,12.699999809265137,12.75,12.455273628234863,46178976
2019-06-26,12.789999961853027,12.899999618530273,12.430000305175781,12.479999542236328,12.191514015197754,59314447
2019-06-27,12.539999961853027,12.760000228881836,12.489999771118164,12.630000114440918,12.338047981262207,61174600
2019-06-28,12.699999809265137,12.9399995803833,12.6899995803833,12.890000343322754,12.592037200927734,60791142
2019-07-01,13.270000457763672,13.3100004196167,13.130000114440918,13.170000076293945,12.865564346313477,68832763
2019-07-02,13.1899995803833,13.5600004196167,13.039999961853027,13.489999771118164,13.178167343139648,125300428
2019-07-03,13.489999771118164,13.550000190734863,13.149999618530273,13.199999809265137,12.89487075805664,85988878
2019-07-04,13.25,13.470000267028809,13.1899995803833,13.420000076293945,13.109786033630371,66927564
2019-07-05,13.399999618530273,13.539999961853027,13.319999694824219,13.34000015258789,13.031635284423828,67155425
2019-07-08,13.140000343322754,13.210000038146973,12.880000114440918,12.920000076293945,12.621344566345215,53145415
2019-07-09,12.960000038146973,13.029999732971191,12.229999542236328,12.260000228881836,11.976600646972656,88681215
2019-07-10,12.3100004196167,12.550000190734863,11.989999771118164,12.359999656677246,12.074288368225098,115303187
2019-07-11,12.520000457763672,12.619999885559082,12.15999984741211,12.279999732971191,11.996137619018555,87561826
2019-07-12,12.300000190734863,12.350000381469727,11.75,11.9399995803833,11.663996696472168,69411599
2019-07-15,11.9399995803833,11.9399995803833,11.9399995803833,11.9399995803833,11.663996696472168,0
2019-07-16,12.069999694824219,12.399999618530273,12.010000228881836,12.399999618530273,12.113363265991211,68623929
2019-07-17,12.470000267028809,12.770000457763672,12.420000076293945,12.710000038146973,12.416197776794434,76611352
2019-07-18,12.729999542236328,13.130000114440918,12.609999656677246,13.0600004196167,12.75810718536377,102550178
2019-07-19,13.1899995803833,13.25,12.859999656677246,12.960000038146973,12.660419464111328,111771070
2019-07-22,12.949999809265137,13.0600004196167,12.720000267028809,12.75,12.455273628234863,62124729
2019-07-23,12.800000190734863,13.100000381469727,12.729999542236328,13.050000190734863,12.74833869934082,86023497
2019-07-24,13.069999694824219,13.109999656677246,12.729999542236328,12.949999809265137,12.650650024414062,88436519
2019-07-25,13.020000457763672,13.100000381469727,12.630000114440918,12.649999618530273,12.357584953308105,124360623
2019-07-26,12.729999542236328,12.819999694824219,12.630000114440918,12.760000228881836,12.465043067932129,88538816
2019-07-29,12.819999694824219,12.899999618530273,12.739999771118164,12.770000457763672,12.474811553955078,71929392
2019-07-30,12.819999694824219,12.989999771118164,12.649999618530273,12.739999771118164,12.445504188537598,97538759
2019-07-31,12.779999732971191,12.800000190734863,12.430000305175781,12.470000267028809,12.181746482849121,84558219
2019-08-01,12.399999618530273,12.470000267028809,12.210000038146973,12.420000076293945,12.132902145385742,74226689
2019-08-02,12.380000114440918,12.550000190734863,12.270000457763672,12.3100004196167,12.025444984436035,66999766
2019-08-05,12.289999961853027,12.5,12.279999732971191,12.489999771118164,12.20128345489502,57739883
2019-08-06,12.5600004196167,12.630000114440918,12.3100004196167,12.380000114440918,12.093826293945312,65515803
2019-08-07,12.4399995803833,12.460000038146973,12.0,12.0,11.722610473632812,89156052
2019-08-08,12.100000381469727,12.130000114440918,11.880000114440918,12.039999961853027,11.761685371398926,63928333
2019-08-09,11.890000343322754,12.359999656677246,11.859999656677246,12.149999618530273,11.869142532348633,93997632
2019-08-12,12.149999618530273,12.149999618530273,12.149999618530273,12.149999618530273,11.869142532348633,0
2019-08-13,12.149999618530273,12.149999618530273,12.149999618530273,12.149999618530273,11.869142532348633,0
2019-08-14,12.149999618530273,12.149999618530273,12.149999618530273,12.149999618530273,11.869142532348633,0
2019-08-15,12.0,12.029999732971191,11.75,11.779999732971191,11.507696151733398,52836363
2019-08-16,11.819999694824219,11.84000015258789,11.40999984741211,11.420000076293945,11.156018257141113,63082685
2019-08-19,11.5,11.520000457763672,11.180000305175781,11.1899995803833,10.931333541870117,57187202
2019-08-20,11.229999542236328,11.390000343322754,11.180000305175781,11.210000038146973,10.950871467590332,56629694
2019-08-21,11.270000457763672,11.479999542236328,11.09000015258789,11.130000114440918,10.872721672058105,91216777
2019-08-22,11.140000343322754,11.260000228881836,10.930000305175781,11.25,10.989946365356445,95450201
2019-08-23,11.25,11.3100004196167,11.079999923706055,11.199999809265137,10.941102027893066,84998826
2019-08-26,10.949999809265137,11.609999656677246,10.930000305175781,11.579999923706055,11.312317848205566,107338985
2019-08-27,11.59000015258789,11.720000267028809,11.4399995803833,11.5600004196167,11.292780876159668,108715069
2019-08-28,11.5,11.5600004196167,11.270000457763672,11.350000381469727,11.08763599395752,75509687
2019-08-29,11.359999656677246,11.460000038146973,11.270000457763672,11.300000190734863,11.03879165649414,75948180
2019-08-30,11.300000190734863,11.300000190734863,11.300000190734863,11.300000190734863,11.03879165649414,0
2019-09-02,11.350000381469727,11.569999694824219,11.34000015258789,11.529999732971191,11.263474464416504,70795690
2019-09-03,11.510000228881836,11.680000305175781,11.430000305175781,11.520000457763672,11.253705978393555,73566567
2019-09-04,11.600000381469727,11.609999656677246,11.40999984741211,11.470000267028809,11.204861640930176,79297315
2019-09-05,11.550000190734863,12.0,11.5,11.899999618530273,11.624920845031738,141061070
2019-09-06,11.890000343322754,11.970000267028809,11.640000343322754,11.680000305175781,11.41000747680664,81369684
2019-09-09,11.760000228881836,11.920000076293945,11.720000267028809,11.84000015258789,11.566308975219727,116279065
2019-09-10,11.869999885559082,12.210000038146973,11.829999923706055,12.170000076293945,11.888680458068848,143519594
2019-09-11,12.270000457763672,12.279999732971191,12.050000190734863,12.199999809265137,11.917986869812012,115322876
2019-09-12,12.199999809265137,12.270000457763672,11.960000038146973,12.0,11.722610473632812,98014074
2019-09-13,12.029999732971191,12.359999656677246,12.029999732971191,12.350000381469727,12.064519882202148,118768330
2019-09-16,12.149999618530273,12.180000305175781,11.829999923706055,11.850000381469727,11.576077461242676,120476250
2019-09-17,11.920000076293945,11.9399995803833,11.470000267028809,11.850000381469727,11.576077461242676,181959727
2019-09-18,11.8100004196167,11.869999885559082,11.569999694824219,11.760000228881836,11.488158226013184,144027386
2019-09-19,11.8100004196167,11.970000267028809,11.40999984741211,11.470000267028809,11.204861640930176,133798244
2019-09-20,11.5,11.550000190734863,11.289999961853027,11.399999618530273,11.136479377746582,94225424
2019-09-23,11.430000305175781,11.539999961853027,11.319999694824219,11.399999618530273,11.136479377746582,57323904
2019-09-24,11.550000190734863,11.770000457763672,11.550000190734863,11.649999618530273,11.38070011138916,96690036
2019-09-25,11.630000114440918,11.760000228881836,11.59000015258789,11.739999771118164,11.468619346618652,82135109
2019-09-26,11.770000457763672,11.800000190734863,11.550000190734863,11.579999923706055,11.312317848205566,57383505
2019-09-27,11.640000343322754,12.180000305175781,11.619999885559082,12.109999656677246,11.83006763458252,164279146
2019-09-30,12.149999618530273,12.479999542236328,12.149999618530273,12.399999618530273,12.113363265991211,175863119
2019-10-01,12.140000343322754,12.210000038146973,11.6899995803833,11.789999961853027,11.517464637756348,142447979
2019-10-02,11.789999961853027,11.90999984741211,11.640000343322754,11.850000381469727,11.576077461242676,123045972
2019-10-03,11.920000076293945,11.989999771118164,11.670000076293945,11.75,11.478389739990234,102905810
2019-10-04,11.819999694824219,11.890000343322754,11.75,11.869999885559082,11.59561538696289,90116160
2019-10-07,11.84000015258789,12.399999618530273,11.710000038146973,12.0,11.722610473632812,232641051
2019-10-08,11.920000076293945,12.09000015258789,11.569999694824219,11.869999885559082,11.59561538696289,223158856
2019-10-09,11.920000076293945,11.979999542236328,11.640000343322754,11.670000076293945,11.400238037109375,113309506
2019-10-10,11.6899995803833,11.739999771118164,11.390000343322754,11.600000381469727,11.331857681274414,89494298
2019-10-11,11.630000114440918,11.90999984741211,11.569999694824219,11.640000343322754,11.370932579040527,136956201
2019-10-14,11.5,11.529999732971191,10.850000381469727,10.899999618530273,10.64803695678711,122678037
2019-10-15,11.15999984741211,11.220000267028809,10.949999809265137,11.029999732971191,10.775032043457031,102618139
2019-10-16,10.800000190734863,10.899999618530273,10.59000015258789,10.699999809265137,10.45266056060791,97327461
2019-10-17,10.75,11.199999809265137,10.710000038146973,11.100000381469727,10.843415260314941,109034487
2019-10-18,11.600000381469727,11.729999542236328,11.479999542236328,11.539999961853027,11.273242950439453,100058778
2019-10-21,11.550000190734863,11.579999923706055,11.380000114440918,11.470000267028809,11.204861640930176,96050045
2019-10-22,11.5,11.630000114440918,11.470000267028809,11.5600004196167,11.292780876159668,77585042
2019-10-23,11.670000076293945,11.9399995803833,11.649999618530273,11.899999618530273,11.624920845031738,123875938
2019-10-24,11.949999809265137,12.069999694824219,11.779999732971191,11.829999923706055,11.556539535522461,111981763
2019-10-25,11.800000190734863,11.9399995803833,11.779999732971191,11.90999984741211,11.634690284729004,75156539
2019-10-28,11.920000076293945,11.9399995803833,11.829999923706055,11.84000015258789,11.566308975219727,20104761
2019-10-30,11.630000114440918,11.739999771118164,11.5600004196167,11.640000343322754,11.370932579040527,69457628
2019-10-31,11.680000305175781,11.739999771118164,11.59000015258789,11.619999885559082,11.351394653320312,48808498
2019-11-01,11.65999984741211,11.710000038146973,11.520000457763672,11.579999923706055,11.312317848205566,52900192
2019-11-04,11.649999618530273,11.890000343322754,11.630000114440918,11.819999694824219,11.546771049499512,71607933
2019-11-05,11.84000015258789,11.9399995803833,11.75,11.869999885559082,11.59561538696289,68276708
2019-11-06,11.859999656677246,12.020000457763672,11.84000015258789,11.949999809265137,11.673766136169434,76488656
2019-11-07,12.039999961853027,12.680000305175781,11.979999542236328,12.649999618530273,12.357584953308105,189888395
2019-11-08,12.670000076293945,13.079999923706055,12.670000076293945,12.789999961853027,12.494348526000977,136638382
2019-11-11,12.739999771118164,13.050000190734863,12.6899995803833,12.970000267028809,12.670187950134277,108193877
2019-11-12,13.100000381469727,13.520000457763672,13.100000381469727,13.34000015258789,13.031635284423828,165587262
2019-11-13,13.399999618530273,13.760000228881836,13.140000343322754,13.739999771118164,13.422388076782227,153154539
2019-11-14,13.510000228881836,13.789999961853027,13.350000381469727,13.59000015258789,13.275856971740723,240107071
2019-11-15,13.720000267028809,13.770000457763672,13.619999885559082,13.680000305175781,13.363776206970215,92932719
2019-11-18,13.779999732971191,14.260000228881836,13.760000228881836,14.229999542236328,13.901061058044434,163871435
2019-11-19,14.270000457763672,14.319999694824219,13.989999771118164,14.130000114440918,13.803374290466309,157561563
2019-11-20,14.140000343322754,14.3100004196167,13.920000076293945,13.960000038146973,13.637303352355957,127964384
2019-11-21,13.949999809265137,14.0,13.720000267028809,13.760000228881836,13.441926956176758,90968880
2019-11-22,13.829999923706055,13.880000114440918,13.510000228881836,13.640000343322754,13.324700355529785,98529181
2019-11-25,13.770000457763672,13.899999618530273,13.380000114440918,13.449999809265137,13.139092445373535,156079161
2019-11-26,13.470000267028809,13.75,13.319999694824219,13.729999542236328,13.412618637084961,156746102
2019-11-27,13.720000267028809,13.789999961853027,13.529999732971191,13.579999923706055,13.26608657836914,118774481
2019-11-28,13.600000381469727,13.829999923706055,13.550000190734863,13.800000190734863,13.481001853942871,101495410
2019-11-29,13.850000381469727,13.859999656677246,13.619999885559082,13.649999618530273,13.334468841552734,92336389
2019-12-02,13.739999771118164,13.970000267028809,13.680000305175781,13.899999618530273,13.578689575195312,102792956
2019-12-03,13.859999656677246,14.010000228881836,13.59000015258789,13.609999656677246,13.295393943786621,115062199
2019-12-04,13.680000305175781,13.779999732971191,13.609999656677246,13.739999771118164,13.422388076782227,84334622
2019-12-05,13.84000015258789,13.869999885559082,13.710000038146973,13.789999961853027,13.471233367919922,71262155
2019-12-06,13.8100004196167,13.819999694824219,13.640000343322754,13.710000038146973,13.393081665039062,64176536
2019-12-09,13.720000267028809,13.880000114440918,13.600000381469727,13.779999732971191,13.461463928222656,86408675
2019-12-10,13.800000190734863,13.899999618530273,13.649999618530273,13.699999809265137,13.383313179016113,91173264
2019-12-11,13.720000267028809,13.739999771118164,13.600000381469727,13.609999656677246,13.295393943786621,51884715
2019-12-12,13.670000076293945,14.050000190734863,13.670000076293945,14.050000190734863,13.72522258758545,127415584
2019-12-13,14.180000305175781,14.199999809265137,13.760000228881836,13.819999694824219,13.50053882598877,126933451
2019-12-16,13.84000015258789,14.039999961853027,13.779999732971191,13.989999771118164,13.666609764099121,95032753
2019-12-17,14.039999961853027,14.109999656677246,13.850000381469727,13.899999618530273,13.578689575195312,105281865
2019-12-18,13.789999961853027,13.859999656677246,13.6899995803833,13.739999771118164,13.422388076782227,73066523
2019-12-19,13.8100004196167,13.84000015258789,13.720000267028809,13.770000457763672,13.451696395874023,52513884
2019-12-20,13.800000190734863,13.859999656677246,13.65999984741211,13.770000457763672,13.451696395874023,73340271
2019-12-23,13.760000228881836,13.8100004196167,13.6899995803833,13.770000457763672,13.451696395874023,39713272
2019-12-24,13.850000381469727,14.050000190734863,13.829999923706055,13.989999771118164,13.666609764099121,67723540
2019-12-25,14.020000457763672,14.069999694824219,13.949999809265137,13.989999771118164,13.666609764099121,24180949
2019-12-26,13.970000267028809,14.079999923706055,13.859999656677246,13.960000038146973,13.637303352355957,43717814
2019-12-27,14.010000228881836,14.039999961853027,13.920000076293945,13.960000038146973,13.637303352355957,39267226
2019-12-30,14.130000114440918,14.319999694824219,14.079999923706055,14.300000190734863,13.969444274902344,86707553
2019-12-31,14.479999542236328,14.539999961853027,14.369999885559082,14.460000038146973,14.12574577331543,84464434
2020-01-02,14.5,14.84000015258789,14.479999542236328,14.829999923706055,14.487192153930664,109370878
2020-01-03,14.670000076293945,14.729999542236328,14.09000015258789,14.270000457763672,13.94013786315918,153873531
2020-01-06,14.029999732971191,14.079999923706055,13.5,13.569999694824219,13.256318092346191,136423179
2020-01-07,13.789999961853027,13.859999656677246,13.520000457763672,13.539999961853027,13.227011680603027,154729229
2020-01-08,13.050000190734863,13.619999885559082,13.029999732971191,13.5,13.187936782836914,197012716
2020-01-09,14.029999732971191,14.279999732971191,13.920000076293945,14.260000228881836,13.93036937713623,176543928
2020-01-10,14.279999732971191,14.4399995803833,14.170000076293945,14.390000343322754,14.057363510131836,158991847
2020-01-13,14.529999732971191,14.859999656677246,14.470000267028809,14.829999923706055,14.487192153930664,164642773
2020-01-14,14.800000190734863,14.9399995803833,14.710000038146973,14.819999694824219,14.477423667907715,166160589
2020-01-15,14.720000267028809,14.890000343322754,14.609999656677246,14.720000267028809,14.379734992980957,136224950
2020-01-16,14.770000457763672,15.260000228881836,14.770000457763672,15.039999961853027,14.692337989807129,219962631
2020-01-17,15.130000114440918,15.220000267028809,14.899999618530273,15.020000457763672,14.67280101776123,134816684
2020-01-20,15.079999923706055,15.25,15.039999961853027,15.079999923706055,14.731412887573242,94045278
2020-01-21,14.75,14.920000076293945,14.729999542236328,14.850000381469727,14.506730079650879,117047926
2020-01-22,14.960000038146973,15.0600004196167,14.720000267028809,14.760000228881836,14.418810844421387,108602472
2020-01-23,14.649999618530273,14.720000267028809,14.25,14.260000228881836,13.93036937713623,146183222
2020-01-24,14.600000381469727,14.649999618530273,14.270000457763672,14.539999961853027,14.203895568847656,136142742
2020-01-27,14.1899995803833,14.350000381469727,14.050000190734863,14.100000381469727,13.774067878723145,114894300
2020-01-28,14.220000267028809,14.319999694824219,14.079999923706055,14.15999984741211,13.832679748535156,127703336
2020-01-29,14.319999694824219,14.319999694824219,14.100000381469727,14.109999656677246,13.783835411071777,90320863
2020-01-30,13.920000076293945,13.970000267028809,13.579999923706055,13.789999961853027,13.471233367919922,143112881
2020-01-31,13.880000114440918,13.930000305175781,13.680000305175781,13.699999809265137,13.383313179016113,98842870
2020-02-03,13.739999771118164,13.949999809265137,13.609999656677246,13.829999923706055,13.510308265686035,118491958
2020-02-04,14.039999961853027,14.34000015258789,14.029999732971191,14.34000015258789,14.008519172668457,96215806
2020-02-05,14.399999618530273,14.850000381469727,14.359999656677246,14.609999656677246,14.27227783203125,198619514
2020-02-06,14.8100004196167,14.920000076293945,14.619999885559082,14.729999542236328,14.389503479003906,168210476
2020-02-07,14.75,14.8100004196167,14.449999809265137,14.460000038146973,14.12574577331543,76038851
2020-02-10,14.399999618530273,14.569999694824219,13.899999618530273,14.020000457763672,13.695916175842285,149563493
2020-02-11,14.210000038146973,14.319999694824219,13.9399995803833,14.289999961853027,13.959674835205078,150271621
2020-02-12,14.279999732971191,14.920000076293945,14.270000457763672,14.819999694824219,14.477423667907715,212069807
2020-02-13,14.800000190734863,15.149999618530273,14.720000267028809,15.010000228881836,14.663031578063965,171929792
2020-02-14,15.050000190734863,15.119999885559082,14.869999885559082,14.890000343322754,14.545805931091309,108863025
2020-02-17,15.109999656677246,15.329999923706055,15.0,15.289999961853027,14.936559677124023,124912791
2020-02-18,15.220000267028809,15.25,14.859999656677246,15.0,14.653263092041016,122651505
2020-02-19,15.100000381469727,15.109999656677246,14.819999694824219,14.930000305175781,14.584881782531738,82752415
2020-02-20,14.869999885559082,14.890000343322754,14.329999923706055,14.390000343322754,14.057363510131836,116506398
2020-02-21,14.260000228881836,14.520000457763672,14.170000076293945,14.489999771118164,14.155051231384277,128148029
2020-02-24,14.029999732971191,14.029999732971191,13.619999885559082,13.859999656677246,13.5396146774292,174797759
2020-02-25,13.989999771118164,14.0600004196167,13.460000038146973,13.5,13.187936782836914,244999770
2020-02-26,13.430000305175781,13.430000305175781,13.039999961853027,13.25,12.94371509552002,189263416
2020-02-27,12.930000305175781,12.970000267028809,12.270000457763672,12.270000457763672,11.986370086669922,216586120
2020-02-28,10.300000190734863,12.100000381469727,10.260000228881836,11.800000190734863,11.527234077453613,147785166
2020-03-02,11.979999542236328,12.199999809265137,11.710000038146973,11.850000381469727,11.576077461242676,101554649
2020-03-03,12.050000190734863,12.199999809265137,11.9399995803833,12.079999923706055,11.800760269165039,94703893
2020-03-04,12.130000114440918,12.149999618530273,11.739999771118164,11.760000228881836,11.488158226013184,90516336
2020-03-05,11.869999885559082,12.0,11.5600004196167,11.710000038146973,11.439313888549805,78672791
2020-03-06,11.729999542236328,11.84000015258789,11.100000381469727,11.130000114440918,10.872721672058105,97351977
2020-03-09,10.899999618530273,10.960000038146973,10.289999961853027,10.380000114440918,10.140057563781738,96990338
2020-03-10,10.8100004196167,10.9399995803833,9.949999809265137,9.970000267028809,9.739535331726074,104533153
2020-03-11,9.970000267028809,9.970000267028809,9.970000267028809,9.970000267028809,9.739535331726074,0
2020-03-12,9.25,9.25,8.4399995803833,8.479999542236328,8.283977508544922,77819775
2020-03-13,8.479999542236328,9.319999694824219,8.140000343322754,9.100000381469727,8.889646530151367,133539818
2020-03-16,8.510000228881836,8.770000457763672,8.229999542236328,8.229999542236328,8.039755821228027,85885196
2020-03-17,8.15999984741211,8.239999771118164,7.409999847412109,7.920000076293945,7.736922740936279,137085691
2020-03-18,7.71999979019165,8.220000267028809,7.610000133514404,7.940000057220459,7.756460189819336,129412103
2020-03-19,8.0,8.050000190734863,7.800000190734863,7.929999828338623,7.7466912269592285,92059778
2020-03-20,8.210000038146973,8.260000228881836,7.940000057220459,7.980000019073486,7.795536041259766,67712234
2020-03-23,7.599999904632568,7.949999809265137,7.46999979019165,7.739999771118164,7.5610833168029785,61276481
2020-03-24,8.029999732971191,8.369999885559082,7.96999979019165,8.3100004196167,8.117908477783203,109673958
2020-03-25,8.399999618530273,8.890000343322754,8.399999618530273,8.739999771118164,8.53796672821045,150114310
2020-03-26,8.75,9.3100004196167,8.670000076293945,9.260000228881836,9.045948028564453,162117514
2020-03-27,9.25,9.5600004196167,8.789999961853027,8.880000114440918,8.674731254577637,169169261
2020-03-30,8.6899995803833,8.859999656677246,8.350000381469727,8.6899995803833,8.489123344421387,86730646
2020-03-31,8.899999618530273,9.130000114440918,8.850000381469727,9.050000190734863,8.840802192687988,81153867
2020-04-01,8.9399995803833,9.300000190734863,8.819999694824219,8.979999542236328,8.772419929504395,85277713
2020-04-02,9.130000114440918,9.149999618530273,8.890000343322754,8.979999542236328,8.772419929504395,44118409
2020-04-03,9.010000228881836,9.029999732971191,8.920000076293945,8.930000305175781,8.723576545715332,32747766
2020-04-06,9.09000015258789,9.229999542236328,9.0600004196167,9.170000076293945,8.958027839660645,64688644
2020-04-07,9.289999961853027,9.960000038146973,9.289999961853027,9.529999732971191,9.30970573425293,166420185
2020-04-08,9.529999732971191,9.680000305175781,9.40999984741211,9.5600004196167,9.33901309967041,83586500
2020-04-09,9.729999542236328,9.8100004196167,9.569999694824219,9.75,9.52462100982666,99564515
2020-04-10,9.739999771118164,9.90999984741211,9.65999984741211,9.800000190734863,9.573465347290039,74712308
2020-04-13,9.770000457763672,10.3100004196167,9.670000076293945,10.199999809265137,9.964218139648438,174266004
2020-04-14,10.430000305175781,11.010000228881836,10.430000305175781,10.930000305175781,10.677345275878906,193362055
2020-04-15,11.069999694824219,11.279999732971191,10.149999618530273,10.380000114440918,10.140057563781738,213075284
2020-04-16,10.520000457763672,10.59000015258789,10.079999923706055,10.170000076293945,9.93491268157959,103826716
2020-04-17,10.5600004196167,10.59000015258789,10.369999885559082,10.5,10.257284164428711,84831525
2020-04-20,10.539999961853027,10.670000076293945,10.470000267028809,10.640000343322754,10.394047737121582,63063269
2020-04-21,10.5600004196167,10.579999923706055,10.399999618530273,10.460000038146973,10.218209266662598,52691747
2020-04-22,10.489999771118164,10.520000457763672,10.380000114440918,10.390000343322754,10.149827003479004,40802519
2020-04-24,10.359999656677246,10.399999618530273,10.1899995803833,10.279999732971191,10.042369842529297,40531403
2020-04-27,10.420000076293945,10.869999885559082,10.40999984741211,10.819999694824219,10.569886207580566,123157032
2020-04-28,10.850000381469727,10.890000343322754,10.640000343322754,10.65999984741211,10.413585662841797,68485047
2020-04-29,10.630000114440918,10.670000076293945,10.460000038146973,10.609999656677246,10.364741325378418,57922411
2020-04-30,10.670000076293945,10.789999961853027,10.4399995803833,10.670000076293945,10.423354148864746,72282052
2020-05-04,10.5,10.59000015258789,10.449999809265137,10.529999732971191,10.286589622497559,38133419
2020-05-05,10.59000015258789,10.670000076293945,10.5,10.529999732971191,10.286589622497559,39428937
2020-05-06,10.550000190734863,10.59000015258789,10.479999542236328,10.550000190734863,10.30612850189209,30910172
2020-05-07,10.5600004196167,10.930000305175781,10.489999771118164,10.619999885559082,10.374509811401367,58244004
2020-05-08,10.670000076293945,10.729999542236328,10.5600004196167,10.600000381469727,10.354972839355469,31971124
2020-05-11,10.65999984741211,10.720000267028809,10.579999923706055,10.619999885559082,10.374509811401367,24366455
2020-05-12,10.579999923706055,10.710000038146973,10.539999961853027,10.649999618530273,10.403816223144531,32378262
2020-05-13,10.640000343322754,10.8100004196167,10.600000381469727,10.649999618530273,10.403816223144531,55608566
2020-05-14,10.609999656677246,10.649999618530273,10.5,10.539999961853027,10.296359062194824,32041232
2020-05-15,10.600000381469727,10.710000038146973,10.569999694824219,10.59000015258789,10.34520435333252,31391896
2020-05-18,10.75,10.949999809265137,10.720000267028809,10.829999923706055,10.579655647277832,90837795
2020-05-20,10.880000114440918,10.989999771118164,10.819999694824219,10.869999885559082,10.618730545043945,64220241
2020-05-21,10.90999984741211,11.1899995803833,10.90999984741211,11.09000015258789,10.833645820617676,78354416
2020-05-22,11.119999885559082,11.239999771118164,11.0600004196167,11.210000038146973,10.950871467590332,51529080
2020-05-27,11.579999923706055,12.329999923706055,11.5600004196167,12.329999923706055,12.044981956481934,139329364
2020-05-28,12.399999618530273,13.300000190734863,12.3100004196167,12.65999984741211,12.367353439331055,226275561
2020-05-29,12.6899995803833,12.729999542236328,12.319999694824219,12.479999542236328,12.191514015197754,77745626
2020-06-01,12.9399995803833,13.149999618530273,12.699999809265137,12.779999732971191,12.484580039978027,70528657
2020-06-02,12.800000190734863,12.859999656677246,12.569999694824219,12.619999885559082,12.328278541564941,58282882
2020-06-03,12.680000305175781,12.710000038146973,12.510000228881836,12.529999732971191,12.240358352661133,52848051
2020-06-04,12.539999961853027,12.779999732971191,12.420000076293945,12.619999885559082,12.328278541564941,101447427
2020-06-05,12.649999618530273,12.819999694824219,12.640000343322754,12.739999771118164,12.445504188537598,70703859
2020-06-08,12.729999542236328,12.880000114440918,12.609999656677246,12.640000343322754,12.347816467285156,57210172
2020-06-09,12.680000305175781,12.779999732971191,12.569999694824219,12.630000114440918,12.338047981262207,41011552
2020-06-10,12.640000343322754,12.819999694824219,12.640000343322754,12.65999984741211,12.367353439331055,60427247
2020-06-11,12.630000114440918,12.670000076293945,12.489999771118164,12.5,12.211051940917969,39619313
2020-06-12,12.399999618530273,12.760000228881836,12.279999732971191,12.729999542236328,12.435734748840332,77769722
2020-06-15,12.640000343322754,12.770000457763672,12.569999694824219,12.579999923706055,12.289202690124512,71709175
2020-06-16,12.6899995803833,12.729999542236328,12.59000015258789,12.600000381469727,12.308741569519043,48210538
2020-06-17,12.59000015258789,12.619999885559082,12.420000076293945,12.460000038146973,12.171977043151855,36031965
2020-06-18,12.449999809265137,12.630000114440918,12.449999809265137,12.520000457763672,12.230589866638184,51358623
2020-06-19,12.619999885559082,12.640000343322754,12.470000267028809,12.539999961853027,12.250127792358398,42592547
2020-06-22,12.600000381469727,12.819999694824219,12.5600004196167,12.619999885559082,12.328278541564941,103366791
2020-06-23,12.680000305175781,12.739999771118164,12.479999542236328,12.550000190734863,12.259896278381348,59629576
2020-06-24,12.5600004196167,12.640000343322754,12.369999885559082,12.390000343322754,12.103594779968262,52187522
2020-06-25,12.390000343322754,12.510000228881836,12.260000228881836,12.390000343322754,12.103594779968262,44406156
2020-06-26,12.569999694824219,12.630000114440918,12.420000076293945,12.470000267028809,12.181746482849121,34473480
2020-06-29,12.479999542236328,12.529999732971191,12.380000114440918,12.470000267028809,12.181746482849121,38453272
2020-06-30,12.520000457763672,12.649999618530273,12.449999809265137,12.539999961853027,12.250127792358398,75336969
2020-07-01,12.600000381469727,12.609999656677246,12.229999542236328,12.279999732971191,11.996137619018555,101990096
2020-07-02,12.350000381469727,12.359999656677246,12.210000038146973,12.260000228881836,11.976600646972656,72466548
2020-07-03,12.279999732971191,12.289999961853027,11.869999885559082,11.920000076293945,11.64445972442627,87812877
2020-07-06,12.109999656677246,12.130000114440918,11.84000015258789,11.899999618530273,11.624920845031738,61623653
2020-07-07,11.800000190734863,11.880000114440918,11.619999885559082,11.640000343322754,11.370932579040527,72083956
2020-07-08,11.640000343322754,11.640000343322754,11.300000190734863,11.319999694824219,11.058328628540039,57719551
2020-07-09,11.319999694824219,11.880000114440918,11.3100004196167,11.479999542236328,11.214630126953125,152427253
2020-07-10,11.550000190734863,11.819999694824219,11.350000381469727,11.789999961853027,11.517464637756348,100001297
2020-07-13,11.899999618530273,12.050000190734863,11.779999732971191,11.979999542236328,11.703072547912598,87551928
2020-07-14,11.90999984741211,12.119999885559082,11.8100004196167,11.819999694824219,11.546771049499512,69425008
2020-07-16,12.170000076293945,12.279999732971191,11.920000076293945,11.949999809265137,11.673766136169434,81918675
2020-07-17,11.899999618530273,12.020000457763672,11.859999656677246,11.920000076293945,11.64445972442627,37145247
2020-07-20,11.899999618530273,12.010000228881836,11.819999694824219,11.859999656677246,11.585845947265625,42270107
2020-07-21,11.90999984741211,12.010000228881836,11.6899995803833,11.710000038146973,11.439313888549805,64019089
2020-07-22,11.850000381469727,11.869999885559082,11.6899995803833,11.710000038146973,11.439313888549805,51872015
2020-07-23,11.770000457763672,11.960000038146973,11.75,11.819999694824219,11.546771049499512,90562201
2020-07-24,11.75,11.859999656677246,11.710000038146973,11.729999542236328,11.458850860595703,41921530
2020-07-27,11.850000381469727,11.850000381469727,11.579999923706055,11.600000381469727,11.331857681274414,43836986
2020-07-28,11.59000015258789,11.609999656677246,11.029999732971191,11.079999923706055,10.82387638092041,52529268
2020-07-29,11.0600004196167,11.149999618530273,10.720000267028809,10.829999923706055,10.579655647277832,59119889
2020-07-30,10.800000190734863,10.850000381469727,10.649999618530273,10.6899995803833,10.442891120910645,21929029
2020-08-04,10.699999809265137,11.279999732971191,10.489999771118164,11.0,10.745725631713867,112929169
2020-08-05,11.140000343322754,11.220000267028809,10.75,10.850000381469727,10.599193572998047,62808797
2020-08-06,10.75,10.899999618530273,10.220000267028809,10.220000267028809,9.983756065368652,57362675
2020-08-07,10.210000038146973,10.770000457763672,9.710000038146973,10.710000038146973,10.46242904663086,68840805
2020-08-10,10.609999656677246,10.8100004196167,10.430000305175781,10.550000190734863,10.30612850189209,38930000
2020-08-11,10.59000015258789,11.609999656677246,10.579999923706055,11.609999656677246,11.341625213623047,192274791
2020-08-12,11.649999618530273,12.0600004196167,11.430000305175781,11.510000228881836,11.243937492370605,200710930
2020-08-13,11.420000076293945,11.520000457763672,10.949999809265137,11.180000305175781,10.921565055847168,88322640
2020-08-14,10.949999809265137,11.329999923706055,10.890000343322754,11.130000114440918,10.872721672058105,76138451
2020-08-17,11.140000343322754,11.180000305175781,10.930000305175781,10.960000038146973,10.706650733947754,29164956
2020-08-18,11.0,11.260000228881836,10.960000038146973,11.079999923706055,10.82387638092041,46412472
2020-08-19,11.079999923706055,11.529999732971191,11.039999961853027,11.270000457763672,11.009485244750977,57349510
2020-08-20,11.25,11.369999885559082,11.109999656677246,11.199999809265137,10.941102027893066,37046298
2020-08-21,11.279999732971191,11.4399995803833,10.979999542236328,11.069999694824219,10.814106941223145,60171217
2020-08-24,11.079999923706055,11.239999771118164,11.050000190734863,11.079999923706055,10.82387638092041,32958329
2020-08-25,11.270000457763672,11.5,11.0600004196167,11.170000076293945,10.911796569824219,155566103
2020-08-26,11.199999809265137,11.239999771118164,10.970000267028809,11.029999732971191,10.775032043457031,57767053
2020-08-27,11.140000343322754,11.210000038146973,11.050000190734863,11.100000381469727,10.843415260314941,36601738
2020-08-28,11.130000114440918,11.149999618530273,10.979999542236328,10.989999771118164,10.735957145690918,25709260
2020-08-31,10.989999771118164,11.010000228881836,10.579999923706055,10.600000381469727,10.354972839355469,49594336
2020-09-01,10.569999694824219,10.729999542236328,10.420000076293945,10.65999984741211,10.413585662841797,39552513
2020-09-02,10.6899995803833,10.770000457763672,10.470000267028809,10.520000457763672,10.276822090148926,42423402
2020-09-03,10.529999732971191,10.630000114440918,10.350000381469727,10.369999885559082,10.130289077758789,46194059
2020-09-04,10.359999656677246,10.640000343322754,10.289999961853027,10.5,10.257284164428711,64867286
2020-09-07,10.550000190734863,10.819999694824219,10.529999732971191,10.770000457763672,10.52104377746582,59172686
2020-09-08,10.819999694824219,10.920000076293945,10.619999885559082,10.779999732971191,10.530811309814453,56421635
2020-09-09,10.739999771118164,10.930000305175781,10.710000038146973,10.84000015258789,10.589425086975098,51205350
2020-09-10,10.850000381469727,10.989999771118164,10.75,10.760000228881836,10.511274337768555,46774002
2020-09-11,10.8100004196167,11.079999923706055,10.789999961853027,10.920000076293945,10.66757583618164,92970020
2020-09-14,10.9399995803833,11.069999694824219,10.869999885559082,10.899999618530273,10.64803695678711,34582026
2020-09-15,10.930000305175781,10.960000038146973,10.699999809265137,10.729999542236328,10.481966018676758,26909784
2020-09-16,10.75,10.829999923706055,10.579999923706055,10.630000114440918,10.384279251098633,22860805
2020-09-17,10.600000381469727,10.699999809265137,10.550000190734863,10.65999984741211,10.413585662841797,27764297
2020-09-18,10.710000038146973,10.739999771118164,10.59000015258789,10.630000114440918,10.384279251098633,20628370
2020-09-21,10.59000015258789,10.680000305175781,10.3100004196167,10.34000015258789,10.100982666015625,30791276
2020-09-22,10.350000381469727,10.609999656677246,10.270000457763672,10.5600004196167,10.315896987915039,50579265
2020-09-23,10.609999656677246,10.630000114440918,10.470000267028809,10.529999732971191,10.286589622497559,36598279
2020-09-24,10.449999809265137,10.59000015258789,10.350000381469727,10.510000228881836,10.26705265045166,46175264
2020-09-25,10.600000381469727,10.65999984741211,10.430000305175781,10.489999771118164,10.247514724731445,37945996
2020-09-28,10.460000038146973,10.579999923706055,10.289999961853027,10.369999885559082,10.130289077758789,52201312
2020-09-29,10.390000343322754,10.520000457763672,10.239999771118164,10.350000381469727,10.110751152038574,47357076
2020-09-30,10.399999618530273,10.510000228881836,10.350000381469727,10.479999542236328,10.237746238708496,47427617
2020-10-01,10.539999961853027,10.850000381469727,10.539999961853027,10.569999694824219,10.325665473937988,108214754
2020-10-02,10.420000076293945,10.989999771118164,10.399999618530273,10.640000343322754,10.394047737121582,229881439
2020-10-05,10.699999809265137,10.789999961853027,10.630000114440918,10.680000305175781,10.433123588562012,50962540
2020-10-06,10.710000038146973,10.819999694824219,10.600000381469727,10.630000114440918,10.384279251098633,45683972
2020-10-07,10.579999923706055,10.670000076293945,10.550000190734863,10.640000343322754,10.394047737121582,31415112
2020-10-08,10.710000038146973,10.760000228881836,10.630000114440918,10.6899995803833,10.442891120910645,46742221
2020-10-09,10.729999542236328,10.819999694824219,10.6899995803833,10.770000457763672,10.52104377746582,52733028
2020-10-12,10.789999961853027,10.859999656677246,10.739999771118164,10.800000190734863,10.550349235534668,53328915
2020-10-13,10.779999732971191,10.789999961853027,10.579999923706055,10.619999885559082,10.374509811401367,40796229
2020-10-14,10.600000381469727,10.729999542236328,10.5600004196167,10.65999984741211,10.413585662841797,46868280
2020-10-15,10.609999656677246,10.670000076293945,10.470000267028809,10.510000228881836,10.26705265045166,33557241
2020-10-16,10.520000457763672,10.699999809265137,10.5,10.569999694824219,10.325665473937988,52251870
2020-10-19,10.5600004196167,10.699999809265137,10.550000190734863,10.630000114440918,10.384279251098633,37210569
2020-10-20,10.640000343322754,10.670000076293945,10.529999732971191,10.569999694824219,10.325665473937988,40910116
2020-10-21,10.59000015258789,10.630000114440918,10.470000267028809,10.479999542236328,10.237746238708496,45234810
2020-10-22,10.449999809265137,10.539999961853027,10.380000114440918,10.380000114440918,10.140057563781738,49356633
2020-10-23,10.399999618530273,10.5,10.319999694824219,10.369999885559082,10.130289077758789,36189352
2020-10-26,10.300000190734863,10.300000190734863,9.789999961853027,9.789999961853027,9.563695907592773,49456544
2020-10-27,9.680000305175781,9.710000038146973,9.369999885559082,9.449999809265137,9.231555938720703,62709906
2020-10-28,9.449999809265137,9.449999809265137,9.15999984741211,9.15999984741211,8.948259353637695,19472391
2020-10-30,9.069999694824219,9.109999656677246,8.850000381469727,9.020000457763672,8.811495780944824,46144275
2020-11-02,9.029999732971191,9.899999618530273,9.029999732971191,9.420000076293945,9.202249526977539,196991763
2020-11-03,9.460000038146973,9.670000076293945,9.239999771118164,9.510000228881836,9.290168762207031,63160435
2020-11-04,9.520000457763672,9.920000076293945,9.470000267028809,9.789999961853027,9.563695907592773,141256942
2020-11-05,9.819999694824219,9.989999771118164,9.670000076293945,9.710000038146973,9.48554515838623,70179463
2020-11-06,9.739999771118164,9.8100004196167,9.65999984741211,9.710000038146973,9.48554515838623,38360065
2020-11-09,9.829999923706055,10.680000305175781,9.779999732971191,10.680000305175781,10.433123588562012,169754770
2020-11-10,10.880000114440918,11.670000076293945,10.8100004196167,11.489999771118164,11.22439956665039,492199736
2020-11-11,11.59000015258789,12.050000190734863,11.260000228881836,11.800000190734863,11.527234077453613,314464729
2020-11-12,11.760000228881836,12.149999618530273,11.600000381469727,11.710000038146973,11.439313888549805,309737637
2020-11-13,11.649999618530273,11.739999771118164,11.430000305175781,11.510000228881836,11.243937492370605,91792880
2020-11-16,11.600000381469727,12.199999809265137,11.539999961853027,11.800000190734863,11.527234077453613,330255564
2020-11-17,11.710000038146973,11.789999961853027,11.449999809265137,11.449999809265137,11.185323715209961,123229374
2020-11-18,11.470000267028809,11.800000190734863,11.470000267028809,11.710000038146973,11.439313888549805,124920917
2020-11-19,11.710000038146973,11.90999984741211,11.600000381469727,11.720000267028809,11.449082374572754,132623148
2020-11-20,11.760000228881836,12.119999885559082,11.760000228881836,11.920000076293945,11.64445972442627,163100970
2020-11-23,12.039999961853027,12.1899995803833,11.729999542236328,11.75,11.478389739990234,195893990
2020-11-24,11.920000076293945,12.039999961853027,11.770000457763672,11.829999923706055,11.556539535522461,165782232
2020-11-25,11.979999542236328,12.359999656677246,11.890000343322754,11.970000267028809,11.693304061889648,356271129
2020-11-26,12.3100004196167,12.359999656677246,12.020000457763672,12.180000305175781,11.898449897766113,170802463
2020-11-27,12.210000038146973,12.220000267028809,11.880000114440918,11.970000267028809,11.693304061889648,104776691
2020-11-30,11.770000457763672,11.770000457763672,11.420000076293945,11.4399995803833,11.175555229187012,96265267
2020-12-01,11.510000228881836,12.539999961853027,11.5,12.479999542236328,12.191514015197754,267644029
2020-12-02,12.380000114440918,12.640000343322754,12.25,12.289999961853027,12.00590705871582,345533792
2020-12-03,12.270000457763672,12.390000343322754,12.149999618530273,12.1899995803833,11.908217430114746,107766796
2020-12-04,12.25,12.3100004196167,12.170000076293945,12.180000305175781,11.898449897766113,66546373
2020-12-07,12.109999656677246,12.40999984741211,12.079999923706055,12.289999961853027,12.00590705871582,93084059
2020-12-08,12.300000190734863,12.520000457763672,12.210000038146973,12.229999542236328,11.94729232788086,95941440
2020-12-09,12.34000015258789,12.449999809265137,12.279999732971191,12.289999961853027,12.00590705871582,81001143
2020-12-10,12.350000381469727,12.380000114440918,12.149999618530273,12.210000038146973,11.927755355834961,61976930
2020-12-11,12.140000343322754,12.420000076293945,11.869999885559082,12.300000190734863,12.01567554473877,90689563
2020-12-14,12.550000190734863,12.770000457763672,12.430000305175781,12.5600004196167,12.269665718078613,155744880
2020-12-15,12.529999732971191,12.6899995803833,12.390000343322754,12.649999618530273,12.357584953308105,98186303
2020-12-16,12.65999984741211,13.039999961853027,12.59000015258789,12.739999771118164,12.445504188537598,229144220
2020-12-17,12.8100004196167,13.199999809265137,12.770000457763672,13.029999732971191,12.728800773620605,239467030
2020-12-18,12.989999771118164,13.25,12.9399995803833,13.0,12.699494361877441,172516211
2020-12-21,12.300000190734863,12.390000343322754,11.989999771118164,12.180000305175781,11.898449897766113,160314717
2020-12-22,12.369999885559082,12.640000343322754,12.329999923706055,12.4399995803833,12.15243911743164,114871438
2020-12-23,12.430000305175781,12.630000114440918,12.350000381469727,12.4399995803833,12.15243911743164,70657434
2020-12-24,12.520000457763672,12.9399995803833,12.470000267028809,12.779999732971191,12.484580039978027,142896439
2020-12-25,12.859999656677246,12.90999984741211,12.699999809265137,12.760000228881836,12.465043067932129,37913565
2020-12-28,12.779999732971191,12.800000190734863,12.569999694824219,12.630000114440918,12.338047981262207,42409803
2020-12-29,12.640000343322754,13.100000381469727,12.640000343322754,12.890000343322754,12.592037200927734,115236351
2020-12-30,12.960000038146973,13.1899995803833,12.890000343322754,12.920000076293945,12.621344566345215,111738589
2020-12-31,12.90999984741211,13.09000015258789,12.880000114440918,13.020000457763672,12.719032287597656,56720032
2021-01-04,12.970000267028809,12.970000267028809,12.670000076293945,12.680000305175781,12.38689136505127,59948726
2021-01-05,12.640000343322754,12.800000190734863,12.520000457763672,12.579999923706055,12.289202690124512,90905126
2021-01-06,12.729999542236328,12.8100004196167,12.630000114440918,12.680000305175781,12.38689136505127,63226286
2021-01-07,12.739999771118164,12.760000228881836,12.619999885559082,12.680000305175781,12.38689136505127,63579108
2021-01-08,12.75,12.960000038146973,12.729999542236328,12.84000015258789,12.543192863464355,115414243
2021-01-11,12.789999961853027,12.899999618530273,12.649999618530273,12.699999809265137,12.406428337097168,68875132
2021-01-12,12.770000457763672,12.989999771118164,12.75,12.850000381469727,12.552962303161621,93572479
2021-01-13,12.970000267028809,13.279999732971191,12.970000267028809,13.260000228881836,12.953484535217285,212821900
2021-01-14,13.449999809265137,13.670000076293945,13.119999885559082,13.239999771118164,12.933945655822754,204872119
2021-01-15,13.140000343322754,13.390000343322754,13.0600004196167,13.279999732971191,12.9730224609375,126680673
2021-01-18,13.229999542236328,13.270000457763672,13.029999732971191,13.239999771118164,12.933945655822754,85758145
2021-01-19,13.319999694824219,13.630000114440918,13.319999694824219,13.489999771118164,13.178167343139648,136583768
2021-01-20,13.520000457763672,13.520000457763672,13.199999809265137,13.260000228881836,12.953484535217285,63847022
2021-01-21,13.3100004196167,13.449999809265137,13.0,13.029999732971191,12.728800773620605,80826627
2021-01-22,13.020000457763672,13.109999656677246,12.8100004196167,12.930000305175781,12.631113052368164,60893846
2021-01-25,13.010000228881836,13.079999923706055,12.699999809265137,12.699999809265137,12.406428337097168,49883614
2021-01-26,12.640000343322754,12.75,12.460000038146973,12.630000114440918,12.338047981262207,56279923
2021-01-27,12.600000381469727,12.649999618530273,11.949999809265137,11.949999809265137,11.673766136169434,60233746
2021-01-28,11.84000015258789,12.34000015258789,11.59000015258789,12.329999923706055,12.044981956481934,104812968
2021-01-29,12.020000457763672,12.34000015258789,12.020000457763672,12.109999656677246,11.83006763458252,78671542
2021-02-01,12.220000267028809,12.25,12.010000228881836,12.010000228881836,11.732378959655762,57648479
2021-02-02,12.079999923706055,12.319999694824219,12.0600004196167,12.0600004196167,11.78122329711914,83997753
2021-02-03,12.130000114440918,12.220000267028809,12.0600004196167,12.149999618530273,11.869142532348633,57400171
2021-02-04,12.180000305175781,12.289999961853027,12.140000343322754,12.199999809265137,11.917986869812012,56140686
2021-02-05,12.300000190734863,12.470000267028809,12.15999984741211,12.15999984741211,11.878911972045898,78385058
2021-02-08,12.279999732971191,12.289999961853027,12.020000457763672,12.149999618530273,11.869142532348633,51144469
2021-02-09,12.180000305175781,12.34000015258789,12.130000114440918,12.170000076293945,11.888680458068848,64999932
2021-02-10,12.229999542236328,12.300000190734863,12.140000343322754,12.210000038146973,11.927755355834961,58398059
2021-02-11,12.220000267028809,12.260000228881836,12.140000343322754,12.149999618530273,11.869142532348633,39509847
2021-02-12,12.100000381469727,12.15999984741211,11.970000267028809,12.0,11.722610473632812,37789731
2021-02-15,12.140000343322754,12.430000305175781,12.130000114440918,12.399999618530273,12.113363265991211,105680942
2021-02-16,12.430000305175781,12.460000038146973,12.100000381469727,12.180000305175781,11.898449897766113,63693207
2021-02-17,12.199999809265137,12.430000305175781,12.119999885559082,12.199999809265137,11.917986869812012,66650589
2021-02-18,12.239999771118164,12.630000114440918,12.229999542236328,12.270000457763672,11.986370086669922,128555316
2021-02-19,12.279999732971191,12.3100004196167,12.119999885559082,12.300000190734863,12.01567554473877,70869252
2021-02-22,12.329999923706055,12.770000457763672,12.319999694824219,12.640000343322754,12.347816467285156,151108372
2021-02-23,12.729999542236328,13.34000015258789,12.470000267028809,13.020000457763672,12.719032287597656,275435657
2021-02-24,12.899999618530273,13.149999618530273,12.760000228881836,12.829999923706055,12.533424377441406,178335216
2021-02-25,13.130000114440918,13.449999809265137,12.899999618530273,13.390000343322754,13.080479621887207,209885565
2021-02-26,13.039999961853027,13.609999656677246,13.020000457763672,13.489999771118164,13.178167343139648,186246942
2021-03-01,13.680000305175781,13.920000076293945,13.579999923706055,13.800000190734863,13.481001853942871,129626666
2021-03-02,13.8100004196167,15.069999694824219,13.75,14.8100004196167,14.467655181884766,365900822
2021-03-03,14.880000114440918,15.130000114440918,14.609999656677246,14.920000076293945,14.575112342834473,270586148
2021-03-04,14.899999618530273,15.170000076293945,14.65999984741211,14.720000267028809,14.379734992980957,183719811
2021-03-05,14.65999984741211,14.90999984741211,14.510000228881836,14.779999732971191,14.438347816467285,90268550
2021-03-08,14.800000190734863,14.880000114440918,14.579999923706055,14.649999618530273,14.311352729797363,88006183
2021-03-09,14.800000190734863,15.109999656677246,14.710000038146973,15.020000457763672,14.67280101776123,123212060
2021-03-10,15.0,15.020000457763672,14.84000015258789,14.899999618530273,14.555573463439941,57055126
2021-03-11,14.979999542236328,15.010000228881836,14.430000305175781,14.75,14.409042358398438,64418383
2021-03-12,14.75,14.800000190734863,14.5,14.5,14.164820671081543,46505356
2021-03-15,14.460000038146973,14.829999923706055,14.4399995803833,14.6899995803833,14.350428581237793,67259844
2021-03-16,14.75,14.869999885559082,14.630000114440918,14.739999771118164,14.399271965026855,64564306
2021-03-17,14.739999771118164,14.920000076293945,14.529999732971191,14.550000190734863,14.213665008544922,89053995
2021-03-18,14.550000190734863,14.619999885559082,13.90999984741211,13.9399995803833,13.617765426635742,94125427
2021-03-19,13.899999618530273,14.270000457763672,13.569999694824219,13.789999961853027,13.471233367919922,109849869
2021-03-22,13.069999694824219,13.069999694824219,12.420000076293945,12.420000076293945,12.132902145385742,56184034
2021-03-23,11.670000076293945,12.569999694824219,11.199999809265137,12.210000038146973,11.927755355834961,90371189
2021-03-24,12.25,13.010000228881836,12.210000038146973,13.010000228881836,12.709263801574707,66235579
2021-03-25,13.020000457763672,13.25,12.630000114440918,12.670000076293945,12.37712287902832,77744751
2021-03-26,12.850000381469727,12.979999542236328,12.350000381469727,12.65999984741211,12.367353439331055,54706550
2021-03-29,12.65999984741211,12.65999984741211,12.369999885559082,12.479999542236328,12.191514015197754,39110064
2021-03-30,12.449999809265137,12.859999656677246,12.390000343322754,12.710000038146973,12.416197776794434,71892151
2021-03-31,12.739999771118164,12.760000228881836,12.539999961853027,12.75,12.455273628234863,47024024
2021-04-01,12.75,13.0,12.75,13.0,12.699494361877441,41109308
2021-04-02,13.0600004196167,13.100000381469727,12.829999923706055,12.90999984741211,12.611574172973633,28540861
2021-04-05,12.850000381469727,13.079999923706055,12.84000015258789,13.0600004196167,12.75810718536377,36705937
2021-04-06,13.029999732971191,13.140000343322754,12.760000228881836,12.760000228881836,12.465043067932129,45181430
2021-04-07,12.760000228881836,13.0600004196167,12.760000228881836,12.850000381469727,12.552962303161621,68430416
2021-04-08,12.880000114440918,12.90999984741211,12.520000457763672,12.529999732971191,12.240358352661133,49945436
2021-04-09,12.489999771118164,12.529999732971191,11.90999984741211,11.9399995803833,11.663996696472168,57005894
2021-04-12,11.930000305175781,12.09000015258789,11.619999885559082,11.970000267028809,11.693304061889648,47820220
2021-04-13,11.8100004196167,11.949999809265137,11.550000190734863,11.930000305175781,11.654229164123535,61607452
2021-04-14,12.029999732971191,12.1899995803833,11.869999885559082,11.930000305175781,11.654229164123535,37195640
2021-04-15,11.9399995803833,12.069999694824219,11.770000457763672,11.899999618530273,11.624920845031738,52219794
2021-04-16,11.829999923706055,11.989999771118164,11.649999618530273,11.649999618530273,11.38070011138916,41492637
2021-04-19,11.680000305175781,11.789999961853027,11.550000190734863,11.600000381469727,11.331857681274414,38961272
2021-04-20,11.619999885559082,11.640000343322754,11.149999618530273,11.15999984741211,10.902027130126953,41823258
2021-04-21,11.229999542236328,11.229999542236328,10.720000267028809,10.899999618530273,10.64803695678711,53478815
2021-04-22,10.859999656677246,11.270000457763672,10.720000267028809,11.270000457763672,11.009485244750977,55932157
2021-04-26,11.3100004196167,11.819999694824219,11.270000457763672,11.729999542236328,11.458850860595703,95504271
2021-04-27,11.6899995803833,12.15999984741211,11.569999694824219,11.930000305175781,11.654229164123535,96853375
2021-04-28,11.930000305175781,12.09000015258789,11.850000381469727,12.010000228881836,11.732378959655762,56094929
2021-04-29,12.050000190734863,12.069999694824219,11.890000343322754,11.979999542236328,11.703072547912598,31262763
2021-04-30,11.960000038146973,12.329999923706055,11.949999809265137,12.229999542236328,11.94729232788086,77606295
2021-05-03,12.329999923706055,12.949999809265137,12.300000190734863,12.920000076293945,12.621344566345215,99132973
2021-05-04,13.079999923706055,13.09000015258789,12.619999885559082,12.619999885559082,12.328278541564941,103271085
2021-05-05,12.680000305175781,12.710000038146973,12.449999809265137,12.600000381469727,12.308741569519043,58791952
2021-05-06,12.630000114440918,12.970000267028809,12.600000381469727,12.930000305175781,12.631113052368164,90632137
2021-05-07,13.0,13.050000190734863,12.8100004196167,12.989999771118164,12.689724922180176,50398132
2021-05-10,13.15999984741211,13.390000343322754,13.140000343322754,13.369999885559082,13.060941696166992,92208091
2021-05-11,13.15999984741211,13.489999771118164,13.149999618530273,13.350000381469727,13.041403770446777,76076922
2021-05-12,13.34000015258789,13.430000305175781,13.069999694824219,13.390000343322754,13.080479621887207,55112831
2021-05-17,13.539999961853027,13.5600004196167,13.350000381469727,13.359999656677246,13.051172256469727,55336345
2021-05-18,13.329999923706055,13.4399995803833,13.140000343322754,13.350000381469727,13.041403770446777,77510704
2021-05-20,13.270000457763672,13.710000038146973,13.25,13.579999923706055,13.26608657836914,113050879
2021-05-21,13.670000076293945,13.699999809265137,13.460000038146973,13.489999771118164,13.178167343139648,52757367
2021-05-24,13.5600004196167,13.619999885559082,13.460000038146973,13.470000267028809,13.15863037109375,40739844
2021-05-25,13.520000457763672,13.550000190734863,12.899999618530273,12.899999618530273,12.601805686950684,71896025
2021-05-26,13.0600004196167,13.170000076293945,12.720000267028809,13.050000190734863,12.74833869934082,87258248
2021-05-27,13.050000190734863,13.479999542236328,13.020000457763672,13.050000190734863,12.74833869934082,170242128
2021-05-28,13.0600004196167,13.130000114440918,12.779999732971191,12.979999542236328,12.679956436157227,86101770
2021-05-31,13.0600004196167,13.380000114440918,13.0600004196167,13.319999694824219,13.012097358703613,119646255
2021-06-01,13.300000190734863,13.529999732971191,13.100000381469727,13.489999771118164,13.178167343139648,96202188
2021-06-02,13.380000114440918,13.770000457763672,13.359999656677246,13.649999618530273,13.334468841552734,111958445
2021-06-03,13.680000305175781,14.09000015258789,13.609999656677246,13.989999771118164,13.666609764099121,183794740
2021-06-04,14.0,14.09000015258789,13.859999656677246,14.039999961853027,13.7154541015625,112283118
2021-06-07,14.1899995803833,14.369999885559082,14.149999618530273,14.279999732971191,13.949906349182129,94776157
2021-06-08,14.279999732971191,14.5,14.180000305175781,14.479999542236328,14.145282745361328,84591280
2021-06-09,14.5,14.680000305175781,14.369999885559082,14.5600004196167,14.223433494567871,121945024
2021-06-10,14.600000381469727,14.649999618530273,14.390000343322754,14.430000305175781,14.096439361572266,85856532
2021-06-11,14.470000267028809,14.649999618530273,14.40999984741211,14.59000015258789,14.252740859985352,108072568
2021-06-14,14.649999618530273,14.84000015258789,14.539999961853027,14.619999885559082,14.282047271728516,113291395
2021-06-15,14.710000038146973,14.739999771118164,14.390000343322754,14.489999771118164,14.155051231384277,82350133
2021-06-16,14.510000228881836,14.680000305175781,14.3100004196167,14.319999694824219,13.988981246948242,99719097
2021-06-17,14.300000190734863,14.779999732971191,14.279999732971191,14.65999984741211,14.321122169494629,135325908
2021-06-18,14.6899995803833,14.770000457763672,14.380000114440918,14.539999961853027,14.203895568847656,103523663
2021-06-21,14.619999885559082,14.649999618530273,14.430000305175781,14.59000015258789,14.252740859985352,101273521
2021-06-22,14.65999984741211,14.920000076293945,14.640000343322754,14.760000228881836,14.418810844421387,112598201
2021-06-23,14.8100004196167,14.850000381469727,14.5,14.5600004196167,14.223433494567871,86598322
2021-06-24,14.640000343322754,14.649999618530273,14.5,14.609999656677246,14.27227783203125,69006382
2021-06-25,14.630000114440918,14.630000114440918,14.279999732971191,14.279999732971191,13.949906349182129,53755640
2021-06-28,14.300000190734863,14.390000343322754,13.789999961853027,13.859999656677246,13.5396146774292,70742415
2021-06-29,13.770000457763672,13.800000190734863,13.279999732971191,13.390000343322754,13.080479621887207,88067148
2021-06-30,13.5,13.5600004196167,13.3100004196167,13.369999885559082,13.060941696166992,72427976
2021-07-01,13.40999984741211,13.75,13.369999885559082,13.75,13.432158470153809,95675692
2021-07-02,13.739999771118164,13.850000381469727,13.630000114440918,13.739999771118164,13.422388076782227,102222132
2021-07-05,13.75,14.140000343322754,13.729999542236328,14.119999885559082,13.793604850769043,86288171
2021-07-06,14.130000114440918,14.1899995803833,13.869999885559082,13.880000114440918,13.559152603149414,58866520
2021-07-07,13.899999618530273,13.979999542236328,13.75,13.850000381469727,13.52984619140625,58222072
2021-07-08,13.819999694824219,13.869999885559082,13.609999656677246,13.65999984741211,13.34423828125,55766294
2021-07-09,13.6899995803833,13.729999542236328,13.520000457763672,13.569999694824219,13.256318092346191,55532983
2021-07-12,13.609999656677246,13.640000343322754,13.239999771118164,13.239999771118164,12.933945655822754,68014647
2021-07-13,13.260000228881836,13.3100004196167,13.029999732971191,13.100000381469727,12.797183990478516,45634250
2021-07-14,13.140000343322754,13.270000457763672,13.079999923706055,13.079999923706055,12.777644157409668,46458147
2021-07-16,13.119999885559082,13.210000038146973,13.010000228881836,13.079999923706055,12.777644157409668,44605834
2021-07-19,12.970000267028809,12.979999542236328,12.729999542236328,12.729999542236328,12.435734748840332,17670594
2021-07-26,12.739999771118164,12.779999732971191,12.300000190734863,12.3100004196167,12.025444984436035,51258820
2021-07-27,12.3100004196167,12.600000381469727,12.239999771118164,12.550000190734863,12.259896278381348,90420698
2021-07-28,12.569999694824219,12.65999984741211,12.449999809265137,12.5600004196167,12.269665718078613,53733465
2021-07-29,12.649999618530273,12.90999984741211,12.630000114440918,12.779999732971191,12.484580039978027,49541199
2021-07-30,12.699999809265137,12.84000015258789,12.649999618530273,12.729999542236328,12.435734748840332,38063021
2021-08-02,12.779999732971191,12.989999771118164,12.699999809265137,12.869999885559082,12.57249927520752,45620690
2021-08-03,12.859999656677246,12.9399995803833,12.619999885559082,12.630000114440918,12.338047981262207,53221050
2021-08-04,12.670000076293945,12.779999732971191,12.609999656677246,12.630000114440918,12.338047981262207,62213130
2021-08-05,12.5600004196167,12.800000190734863,12.5,12.760000228881836,12.465043067932129,51440621
2021-08-06,12.789999961853027,12.960000038146973,12.729999542236328,12.829999923706055,12.533424377441406,65074633
2021-08-09,12.84000015258789,12.949999809265137,12.779999732971191,12.789999961853027,12.494348526000977,55595330
2021-08-10,12.819999694824219,12.869999885559082,12.609999656677246,12.630000114440918,12.338047981262207,52296398
2021-08-11,12.529999732971191,12.640000343322754,12.15999984741211,12.210000038146973,11.927755355834961,74847273
2021-08-12,12.300000190734863,12.470000267028809,12.260000228881836,12.430000305175781,12.142670631408691,51074677
2021-08-13,12.449999809265137,12.470000267028809,12.359999656677246,12.420000076293945,12.132902145385742,43881054
2021-08-16,12.5,12.6899995803833,12.5,12.609999656677246,12.318509101867676,70306219
2021-08-17,12.539999961853027,12.569999694824219,12.399999618530273,12.4399995803833,12.15243911743164,43832603
2021-08-18,12.479999542236328,12.539999961853027,12.199999809265137,12.199999809265137,11.917986869812012,63486461
2021-08-19,12.15999984741211,12.3100004196167,12.100000381469727,12.1899995803833,11.908217430114746,50891284
2021-08-20,12.199999809265137,12.270000457763672,12.140000343322754,12.260000228881836,11.976600646972656,39058388
2021-08-23,12.390000343322754,12.529999732971191,12.390000343322754,12.489999771118164,12.20128345489502,69523912
2021-08-24,12.550000190734863,12.850000381469727,12.529999732971191,12.8100004196167,12.513887405395508,115259132
2021-08-25,12.789999961853027,12.949999809265137,12.470000267028809,12.5,12.211051940917969,133481635
2021-08-26,12.699999809265137,12.899999618530273,12.609999656677246,12.789999961853027,12.494348526000977,130016212
2021-08-27,12.75,12.75,12.529999732971191,12.680000305175781,12.38689136505127,64421920
2021-08-31,12.720000267028809,12.779999732971191,12.640000343322754,12.680000305175781,12.38689136505127,53636208
2021-09-01,12.729999542236328,12.979999542236328,12.729999542236328,12.899999618530273,12.601805686950684,89007860
2021-09-02,12.920000076293945,12.930000305175781,12.800000190734863,12.899999618530273,12.601805686950684,54512227
2021-09-03,12.949999809265137,13.09000015258789,12.819999694824219,12.880000114440918,12.582267761230469,92161781
2021-09-06,12.90999984741211,12.989999771118164,12.850000381469727,12.949999809265137,12.650650024414062,53633696
2021-09-07,12.9399995803833,13.09000015258789,12.649999618530273,12.649999618530273,12.357584953308105,103219177
2021-09-08,12.680000305175781,12.6899995803833,12.359999656677246,12.420000076293945,12.132902145385742,69203476
2021-09-09,12.449999809265137,12.630000114440918,12.369999885559082,12.630000114440918,12.338047981262207,63636589
2021-09-10,12.680000305175781,12.710000038146973,12.399999618530273,12.40999984741211,12.12313175201416,49311149
2021-09-13,12.430000305175781,12.5,12.359999656677246,12.430000305175781,12.142670631408691,38881204
2021-09-14,12.479999542236328,12.539999961853027,12.399999618530273,12.4399995803833,12.15243911743164,65375501
2021-09-15,12.399999618530273,12.420000076293945,12.170000076293945,12.260000228881836,11.976600646972656,50022705
2021-09-16,12.300000190734863,12.470000267028809,12.270000457763672,12.470000267028809,12.181746482849121,71541980
2021-09-17,12.529999732971191,12.800000190734863,12.510000228881836,12.720000267028809,12.4259672164917,126749273
2021-09-20,12.600000381469727,12.90999984741211,12.550000190734863,12.8100004196167,12.513887405395508,118328969
2021-09-21,12.899999618530273,13.100000381469727,12.8100004196167,13.050000190734863,12.74833869934082,134319994
2021-09-22,13.100000381469727,13.1899995803833,12.979999542236328,13.1899995803833,12.885102272033691,93716506
2021-09-23,13.199999809265137,13.369999885559082,13.09000015258789,13.329999923706055,13.021865844726562,92839027
2021-09-24,13.289999961853027,13.630000114440918,13.270000457763672,13.619999885559082,13.30516242980957,71721378
2021-09-27,13.6899995803833,13.770000457763672,13.4399995803833,13.529999732971191,13.217242240905762,89362029
2021-09-28,13.529999732971191,13.890000343322754,13.520000457763672,13.779999732971191,13.461463928222656,109992789
2021-09-29,13.829999923706055,13.869999885559082,13.649999618530273,13.779999732971191,13.461463928222656,86075020
2021-09-30,13.829999923706055,14.09000015258789,13.779999732971191,13.949999809265137,13.627534866333008,76409871
2021-10-01,13.920000076293945,14.119999885559082,13.84000015258789,14.050000190734863,13.72522258758545,97542462
2021-10-04,14.109999656677246,14.180000305175781,13.869999885559082,13.869999885559082,13.549383163452148,74809181
2021-10-05,13.829999923706055,14.09000015258789,13.800000190734863,14.039999961853027,13.7154541015625,84235163
2021-10-06,14.020000457763672,14.0600004196167,13.609999656677246,13.710000038146973,13.393081665039062,67415705
2021-10-07,13.8100004196167,14.119999885559082,13.800000190734863,14.119999885559082,13.793604850769043,67668536
2021-10-08,14.180000305175781,14.279999732971191,14.079999923706055,14.09000015258789,13.764298439025879,64985391
2021-10-11,14.149999618530273,14.3100004196167,14.09000015258789,14.199999809265137,13.87175464630127,37854961
2021-10-12,14.109999656677246,14.270000457763672,13.920000076293945,14.0,13.67637825012207,84977064
2021-10-13,14.289999961853027,14.449999809265137,14.180000305175781,14.260000228881836,13.93036937713623,102408453
2021-10-14,14.260000228881836,14.4399995803833,14.180000305175781,14.300000190734863,13.969444274902344,61588784
2021-10-15,14.329999923706055,14.649999618530273,14.229999542236328,14.640000343322754,14.30158519744873,92148022
2021-10-18,14.65999984741211,14.680000305175781,14.3100004196167,14.569999694824219,14.23320198059082,71777645
2021-10-19,14.59000015258789,14.609999656677246,14.3100004196167,14.319999694824219,13.988981246948242,79942830
2021-10-20,14.34000015258789,14.5600004196167,13.779999732971191,13.800000190734863,13.481001853942871,179373133
2021-10-21,13.930000305175781,14.0,13.649999618530273,13.970000267028809,13.647072792053223,104907649
2021-10-22,14.010000228881836,14.170000076293945,13.970000267028809,14.140000343322754,13.813142776489258,81705323
2021-10-25,14.010000228881836,14.289999961853027,13.989999771118164,14.279999732971191,13.949906349182129,75085394
2021-10-26,14.319999694824219,14.75,14.319999694824219,14.699999809265137,14.360197067260742,95052719
2021-10-27,14.710000038146973,14.90999984741211,14.609999656677246,14.850000381469727,14.506730079650879,100470372
2021-10-28,14.800000190734863,14.979999542236328,14.739999771118164,14.970000267028809,14.623956680297852,25935879
2021-11-01,14.979999542236328,15.399999618530273,14.979999542236328,15.279999732971191,14.926790237426758,77646692
2021-11-02,15.319999694824219,15.489999771118164,15.170000076293945,15.489999771118164,15.131936073303223,86716520
2021-11-03,15.4399995803833,15.600000381469727,14.920000076293945,15.579999923706055,15.219855308532715,145824969
2021-11-04,16.1299991607666,16.989999771118164,16.0,16.969999313354492,16.577722549438477,205042533
2021-11-05,16.850000381469727,17.899999618530273,16.809999465942383,17.649999618530273,17.24200439453125,220289421
2021-11-08,17.809999465942383,18.200000762939453,17.559999465942383,18.049999237060547,17.63275909423828,173114727
2021-11-09,18.079999923706055,18.3700008392334,17.8799991607666,18.15999984741211,17.740215301513672,163597493
2021-11-10,18.190000534057617,18.299999237060547,18.020000457763672,18.1299991607666,17.710908889770508,101855749
2021-11-11,18.100000381469727,18.299999237060547,17.709999084472656,17.719999313354492,17.310386657714844,108707676
2021-11-12,17.81999969482422,18.040000915527344,17.6299991607666,17.81999969482422,17.4080753326416,82572266
2021-11-15,17.829999923706055,18.299999237060547,17.469999313354492,17.610000610351562,17.202930450439453,202411264
2021-11-16,17.6299991607666,17.799999237060547,17.520000457763672,17.65999984741211,17.251773834228516,102890120
2021-11-17,17.68000030517578,18.040000915527344,17.65999984741211,17.989999771118164,17.574146270751953,75615923
2021-11-18,18.020000457763672,18.270000457763672,17.6200008392334,18.0,17.58391571044922,104139179
2021-11-19,18.149999618530273,18.200000762939453,17.059999465942383,17.09000015258789,16.6949520111084,162553427
2021-11-22,17.190000534057617,17.65999984741211,17.139999389648438,17.6299991607666,17.22246742248535,148782796
2021-11-23,17.600000381469727,18.790000915527344,17.3799991607666,18.719999313354492,18.28727149963379,152209934
2021-11-24,19.100000381469727,19.459999084472656,18.770000457763672,18.969999313354492,18.531492233276367,174965138
2021-11-25,18.989999771118164,19.09000015258789,18.700000762939453,18.780000686645508,18.345884323120117,71106786
2021-11-26,17.969999313354492,18.0,16.90999984741211,16.989999771118164,16.597261428833008,200728655
2021-11-29,16.989999771118164,17.459999084472656,16.43000030517578,17.31999969482422,16.919633865356445,180958754
2021-11-30,17.219999313354492,17.219999313354492,17.219999313354492,17.219999313354492,16.821945190429688,30
2021-12-01,17.450000762939453,18.809999465942383,17.40999984741211,18.40999984741211,17.984437942504883,190881208
2021-12-02,18.40999984741211,18.65999984741211,18.040000915527344,18.25,17.828136444091797,121398696
2021-12-03,18.860000610351562,19.350000381469727,18.5,18.530000686645508,18.10166358947754,185039874
2021-12-06,18.700000762939453,18.799999237060547,18.3799991607666,18.690000534057617,18.257966995239258,96347342
2021-12-07,19.34000015258789,19.469999313354492,19.1299991607666,19.200000762939453,18.75617790222168,102908092
2021-12-08,19.299999237060547,20.6200008392334,19.299999237060547,20.3799991607666,19.908899307250977,251748495
2021-12-09,20.6200008392334,22.399999618530273,20.420000076293945,22.0,21.491451263427734,233237867
2021-12-10,22.559999465942383,23.1200008392334,21.899999618530273,22.239999771118164,21.72590446472168,237428412
2021-12-13,22.260000228881836,22.979999542236328,21.8799991607666,22.639999389648438,22.116657257080078,140080140
2021-12-14,22.799999237060547,23.1200008392334,22.360000610351562,22.579999923706055,22.05804443359375,113878269
2021-12-15,22.739999771118164,24.360000610351562,22.639999389648438,23.479999542236328,22.937238693237305,211139797
2021-12-16,23.81999969482422,25.1200008392334,23.31999969482422,25.1200008392334,24.539331436157227,151817462
2021-12-17,25.6200008392334,26.65999984741211,22.6200008392334,22.6200008392334,22.097122192382812,193190400
2021-12-20,21.239999771118164,23.479999542236328,20.360000610351562,22.139999389648438,21.62821388244629,108173898
2021-12-21,22.540000915527344,23.479999542236328,19.93000030517578,19.93000030517578,19.469301223754883,81910566
2021-12-22,19.799999237060547,20.559999465942383,18.5,18.8799991607666,18.443572998046875,123793952
2021-12-23,19.5,19.6200008392334,18.049999237060547,19.209999084472656,18.76594352722168,98045462
2021-12-24,19.299999237060547,21.1200008392334,19.1200008392334,21.1200008392334,20.631793975830078,96687219
2021-12-27,21.040000915527344,21.719999313354492,20.540000915527344,20.780000686645508,20.299654006958008,107676230
2021-12-28,20.860000610351562,21.139999389648438,19.8799991607666,20.479999542236328,20.0065860748291,63468592
2021-12-29,20.079999923706055,21.65999984741211,19.760000228881836,21.079999923706055,20.59271812438965,79161134
2021-12-30,21.420000076293945,21.5,20.020000457763672,20.139999389648438,19.67444610595703,78655206
2021-12-31,20.299999237060547,20.979999542236328,19.739999771118164,20.020000457763672,19.557222366333008,64484158
2022-01-03,20.18000030517578,21.8799991607666,19.829999923706055,21.84000015258789,21.33515167236328,95392160
2022-01-04,21.899999618530273,23.420000076293945,21.760000228881836,22.799999237060547,22.272958755493164,139700845
2022-01-05,22.100000381469727,24.1200008392334,22.100000381469727,23.899999618530273,23.347532272338867,124793460
2022-01-06,23.6200008392334,25.360000610351562,23.6200008392334,24.860000610351562,24.285341262817383,145559800
2022-01-07,25.239999771118164,25.579999923706055,24.020000457763672,24.940000534057617,24.363492965698242,117635270
2022-01-10,25.3799991607666,27.3799991607666,25.020000457763672,26.700000762939453,26.082807540893555,166191051
2022-01-11,27.299999237060547,27.68000030517578,26.219999313354492,26.899999618530273,26.27818489074707,177252137
2022-01-12,27.3799991607666,27.420000076293945,26.780000686645508,26.8799991607666,26.25864601135254,104750771
2022-01-13,26.799999237060547,28.940000534057617,26.780000686645508,28.780000686645508,28.114727020263672,176333677
2022-01-14,28.799999237060547,29.299999237060547,27.8799991607666,28.219999313354492,27.567670822143555,147006146
2022-01-17,28.440000534057617,28.719999313354492,28.1200008392334,28.280000686645508,27.626285552978516,97173460
2022-01-18,28.280000686645508,28.559999465942383,26.8799991607666,26.8799991607666,26.25864601135254,113983246
2022-01-19,26.5,27.6200008392334,26.139999389648438,27.399999618530273,26.766626358032227,162000622
2022-01-20,27.959999084472656,28.65999984741211,27.31999969482422,28.100000381469727,27.4504451751709,168388097
2022-01-21,28.200000762939453,28.34000015258789,26.899999618530273,27.5,26.864316940307617,114612119
2022-01-24,27.139999389648438,28.15999984741211,25.860000610351562,26.020000457763672,25.418527603149414,205639936
2022-01-25,26.420000076293945,26.6200008392334,25.280000686645508,26.1200008392334,25.51621437072754,152376970
2022-01-26,26.200000762939453,27.899999618530273,26.200000762939453,27.219999313354492,26.590787887573242,152714264
2022-01-27,26.860000610351562,28.780000686645508,26.719999313354492,28.639999389648438,27.977962493896484,208306053
2022-01-28,28.760000228881836,29.440000534057617,28.0,28.15999984741211,27.509057998657227,152191805
2022-01-31,28.719999313354492,29.059999465942383,28.239999771118164,28.719999313354492,28.05611228942871,109830273
2022-02-01,29.040000915527344,29.200000762939453,28.18000030517578,28.31999969482422,27.665359497070312,77844485
2022-02-02,28.420000076293945,28.719999313354492,27.65999984741211,27.799999237060547,27.157379150390625,83815286
2022-02-03,27.780000686645508,28.3799991607666,26.8799991607666,27.020000457763672,26.395410537719727,107724892
2022-02-04,27.18000030517578,27.31999969482422,26.600000381469727,26.65999984741211,26.043731689453125,92538056
2022-02-07,26.700000762939453,28.260000228881836,26.18000030517578,28.260000228881836,27.606748580932617,149073076
2022-02-08,28.239999771118164,29.059999465942383,27.920000076293945,28.780000686645508,28.114727020263672,154126825
2022-02-09,28.979999542236328,30.020000457763672,28.799999237060547,29.84000015258789,29.150224685668945,157891224
2022-02-10,29.899999618530273,30.020000457763672,29.3799991607666,29.799999237060547,29.111146926879883,119101627
2022-02-11,29.579999923706055,30.479999542236328,28.299999237060547,29.6200008392334,28.93531036376953,269663095
2022-02-14,28.959999084472656,29.440000534057617,28.1200008392334,28.600000381469727,27.938888549804688,221304283
2022-02-15,28.739999771118164,30.020000457763672,28.540000915527344,29.959999084472656,29.2674503326416,226724219
2022-02-16,30.079999923706055,30.219999313354492,29.520000457763672,29.600000381469727,28.915773391723633,133323031
2022-02-17,29.700000762939453,30.440000534057617,28.6200008392334,28.739999771118164,28.075651168823242,232337911
2022-02-18,29.239999771118164,29.600000381469727,28.639999389648438,29.399999618530273,28.720394134521484,133787733
2022-02-21,29.899999618530273,30.040000915527344,28.920000076293945,29.440000534057617,28.759469985961914,177077000
2022-02-22,28.579999923706055,29.18000030517578,28.280000686645508,28.8799991607666,28.21241569519043,140227591
2022-02-23,29.079999923706055,29.18000030517578,28.079999923706055,28.079999923706055,27.430908203125,108544470
2022-02-24,25.299999237060547,25.899999618530273,25.280000686645508,25.280000686645508,24.695632934570312,58637916
2022-02-25,25.15999984741211,27.540000915527344,23.920000076293945,27.299999237060547,26.66893768310547,255281231
2022-02-28,26.440000534057617,27.139999389648438,25.440000534057617,25.6200008392334,25.027774810791016,179216796
2022-03-01,26.420000076293945,26.68000030517578,24.700000762939453,25.260000228881836,24.676095962524414,183981149
2022-03-02,25.260000228881836,26.200000762939453,25.0,25.979999542236328,25.37944984436035,193446618
2022-03-03,26.260000228881836,26.5,25.760000228881836,25.940000534057617,25.340375900268555,135266563
2022-03-04,25.65999984741211,25.8799991607666,25.15999984741211,25.299999237060547,24.71516990661621,80697806
2022-03-07,24.899999618530273,26.079999923706055,24.5,25.899999618530273,25.301300048828125,153503367
2022-03-08,25.520000457763672,26.280000686645508,25.280000686645508,25.299999237060547,24.71516990661621,188530736
2022-03-09,25.899999618530273,26.479999542236328,25.799999237060547,26.139999389648438,25.535751342773438,215513458
2022-03-10,26.540000915527344,26.799999237060547,25.68000030517578,25.739999771118164,25.14499855041504,139759899
2022-03-11,25.719999313354492,26.940000534057617,25.6200008392334,26.420000076293945,25.809280395507812,255068266
2022-03-14,26.600000381469727,26.920000076293945,26.479999542236328,26.6200008392334,26.004657745361328,111046875
2022-03-15,26.68000030517578,27.959999084472656,26.34000015258789,27.65999984741211,27.02061653137207,188091261
2022-03-16,27.84000015258789,28.260000228881836,27.579999923706055,27.700000762939453,27.0596923828125,145127915
2022-03-17,28.0,28.1200008392334,27.739999771118164,27.860000610351562,27.215993881225586,92332176
2022-03-18,27.8799991607666,28.31999969482422,27.639999389648438,27.719999313354492,27.0792293548584,103196877
2022-03-21,27.899999618530273,28.100000381469727,27.760000228881836,27.920000076293945,27.274606704711914,76644734
2022-03-22,27.920000076293945,28.639999389648438,27.8799991607666,28.520000457763672,27.86073875427246,134642182
2022-03-23,28.639999389648438,28.739999771118164,28.100000381469727,28.100000381469727,27.4504451751709,84446651
2022-03-24,28.219999313354492,28.5,27.920000076293945,28.1200008392334,27.46998405456543,78151910
2022-03-25,28.299999237060547,28.399999618530273,27.979999542236328,28.15999984741211,27.509057998657227,59122205
2022-03-28,28.459999084472656,29.239999771118164,28.459999084472656,29.059999465942383,28.388254165649414,141675547
2022-03-29,29.3799991607666,31.799999237060547,29.260000228881836,31.639999389648438,30.908615112304688,233339298
2022-03-30,31.6200008392334,32.2599983215332,31.18000030517578,32.18000030517578,31.436134338378906,167451169
2022-03-31,32.34000015258789,32.880001068115234,32.0,32.2599983215332,31.5142822265625,144597828
2022-04-01,32.47999954223633,33.220001220703125,32.36000061035156,32.779998779296875,32.02226257324219,100110679
2022-04-04,32.880001068115234,33.47999954223633,32.7400016784668,33.459999084472656,32.686546325683594,99340125
2022-04-05,33.7599983215332,35.2599983215332,33.599998474121094,34.5,33.7025032043457,178292868
2022-04-06,35.0,35.08000183105469,34.2599983215332,34.619998931884766,33.81972885131836,133058016
2022-04-07,34.880001068115234,35.63999938964844,34.380001068115234,35.619998931884766,34.79661560058594,114955493
2022-04-08,35.79999923706055,35.84000015258789,34.959999084472656,35.31999969482422,34.50354766845703,96532123
2022-04-11,35.36000061035156,36.959999084472656,35.13999938964844,36.15999984741211,35.32413101196289,166140161
2022-04-12,36.2599983215332,37.5,36.119998931884766,37.2400016784668,36.37916946411133,158505462
2022-04-13,37.5,37.540000915527344,36.279998779296875,36.97999954223633,36.12517547607422,114089899
2022-04-14,37.70000076293945,38.13999938964844,36.81999969482422,37.36000061035156,36.496395111083984,134077474
2022-04-15,37.36000061035156,37.959999084472656,37.2400016784668,37.7400016784668,36.867610931396484,64159672
2022-04-18,37.97999954223633,38.060001373291016,37.5,37.63999938964844,36.76991653442383,63830395
2022-04-19,37.81999969482422,38.7599983215332,37.47999954223633,38.7599983215332,37.86402893066406,126211486
2022-04-20,38.81999969482422,39.58000183105469,38.560001373291016,38.86000061035156,37.96171951293945,105396234
2022-04-21,38.880001068115234,40.2400016784668,38.619998931884766,40.18000030517578,39.2512092590332,124589267
2022-04-22,40.02000045776367,41.439998626708984,39.279998779296875,39.7400016784668,38.821380615234375,189178045
2022-04-25,39.70000076293945,40.060001373291016,38.86000061035156,39.599998474121094,38.68461227416992,125186469
2022-04-26,40.02000045776367,41.2400016784668,38.63999938964844,39.099998474121094,38.196170806884766,179027932
2022-04-27,39.36000061035156,40.52000045776367,38.439998626708984,40.5,39.56380844116211,148546928
2022-04-28,41.5,41.779998779296875,40.380001068115234,40.5,39.56380844116211,163153022
2022-04-29,40.779998779296875,41.619998931884766,40.29999923706055,41.2599983215332,40.30624008178711,133329765
2022-05-05,41.97999954223633,42.81999969482422,41.81999969482422,42.68000030517578,41.693416595458984,78066428
2022-05-06,42.459999084472656,42.779998779296875,41.86000061035156,42.380001068115234,41.400352478027344,82857898
2022-05-09,42.400001525878906,43.20000076293945,42.2400016784668,42.29999923706055,41.322200775146484,83540199
2022-05-10,42.7400016784668,42.880001068115234,42.560001373291016,42.70000076293945,41.712955474853516,12224861
2022-05-11,42.29999923706055,42.81999969482422,41.58000183105469,42.20000076293945,41.22451400756836,85463124
2022-05-12,41.7400016784668,42.099998474121094,40.47999954223633,41.86000061035156,40.892372131347656,133993046
2022-05-13,42.7599983215332,42.81999969482422,41.86000061035156,42.47999954223633,41.49803924560547,91223487
2022-05-16,42.47999954223633,43.29999923706055,42.29999923706055,42.720001220703125,41.73249435424805,114672329
2022-05-17,42.97999954223633,43.08000183105469,41.959999084472656,42.08000183105469,41.1072883605957,94996017
2022-05-18,42.08000183105469,42.599998474121094,41.47999954223633,42.400001525878906,41.419891357421875,116550426
2022-05-20,42.279998779296875,43.040000915527344,42.2599983215332,42.86000061035156,41.869258880615234,65503006
2022-05-23,43.060001373291016,43.20000076293945,42.599998474121094,42.959999084472656,41.966941833496094,83693550
2022-05-24,43.099998474121094,43.20000076293945,42.099998474121094,42.15999984741211,41.1854362487793,73428441
2022-05-25,42.29999923706055,42.68000030517578,41.68000030517578,42.65999984741211,41.67387771606445,81016326
2022-05-26,42.68000030517578,44.560001373291016,42.58000183105469,44.459999084472656,43.43227005004883,139728152
2022-05-27,44.459999084472656,45.36000061035156,44.2400016784668,45.02000045776367,43.97932815551758,109464172
2022-05-30,45.779998779296875,49.52000045776367,45.720001220703125,49.52000045776367,48.37530517578125,122233333
2022-05-31,50.70000076293945,51.0,48.779998779296875,49.900001525878906,48.74652099609375,187987677
2022-06-01,49.7599983215332,51.099998474121094,49.2599983215332,49.2599983215332,48.12131118774414,81121880
2022-06-02,49.47999954223633,50.349998474121094,49.13999938964844,49.599998474121094,48.453453063964844,83598087
2022-06-03,49.880001068115234,49.880001068115234,47.91999816894531,47.97999954223633,46.87089920043945,83285401
2022-06-06,48.18000030517578,48.79999923706055,47.41999816894531,47.86000061035156,46.75367736816406,105292710
2022-06-07,48.040000915527344,49.20000076293945,47.540000915527344,48.459999084472656,47.339805603027344,138210969
2022-06-08,50.099998474121094,50.349998474121094,46.279998779296875,46.720001220703125,45.64002990722656,139605770
2022-06-09,46.7400016784668,48.400001525878906,45.52000045776367,48.34000015258789,47.22257995605469,187534972
2022-06-10,47.900001525878906,48.65999984741211,46.70000076293945,46.70000076293945,45.6204948425293,127376011
2022-06-13,46.5,47.70000076293945,46.220001220703125,47.0,45.91355895996094,122246200
2022-06-14,47.29999923706055,47.79999923706055,46.599998474121094,46.86000061035156,45.77679443359375,97528095
2022-06-15,46.97999954223633,48.959999084472656,46.65999984741211,48.439998626708984,47.32027053833008,123233594
2022-06-16,48.400001525878906,48.7599983215332,46.900001525878906,47.34000015258789,46.24570083618164,109612469
2022-06-17,47.47999954223633,48.18000030517578,47.15999984741211,48.18000030517578,47.066280364990234,94259990
2022-06-20,49.13999938964844,51.0,48.720001220703125,50.849998474121094,49.674560546875,149379221
2022-06-21,50.95000076293945,52.349998474121094,50.25,51.900001525878906,50.70029067993164,88236487
2022-06-22,51.54999923706055,52.900001525878906,51.25,52.04999923706055,50.84682083129883,100981096
2022-06-23,52.04999923706055,52.349998474121094,50.54999923706055,50.54999923706055,49.38149642944336,64744082
2022-06-24,51.0,51.45000076293945,48.959999084472656,50.25,49.08843231201172,119022605
2022-06-27,49.099998474121094,50.5,49.08000183105469,49.79999923706055,48.648834228515625,93449295
2022-06-28,49.86000061035156,49.97999954223633,48.040000915527344,48.040000915527344,46.92951583862305,123077196
2022-06-29,48.060001373291016,48.459999084472656,46.18000030517578,46.18000030517578,45.11251449584961,106182179
2022-06-30,45.939998626708984,47.2400016784668,45.560001373291016,46.79999923706055,45.718177795410156,113324471
2022-07-01,47.220001220703125,49.459999084472656,46.81999969482422,49.29999923706055,48.1603889465332,113167005
2022-07-04,49.68000030517578,49.79999923706055,47.619998931884766,47.68000030517578,46.57783889770508,61893681
2022-07-05,47.79999923706055,48.15999984741211,46.5,47.0,45.91355895996094,94256925
2022-07-06,47.34000015258789,48.939998626708984,47.099998474121094,48.41999816894531,47.30073165893555,120911093
2022-07-07,48.52000045776367,49.36000061035156,48.13999938964844,49.20000076293945,48.06270217895508,78805450
2022-07-08,49.060001373291016,49.63999938964844,48.91999816894531,49.540000915527344,48.39484405517578,27645563
2022-07-13,50.29999923706055,51.0,48.52000045776367,49.20000076293945,48.06270217895508,71590341
2022-07-14,49.119998931884766,49.599998474121094,47.70000076293945,47.939998626708984,46.831825256347656,124089415
2022-07-18,49.0,49.97999954223633,48.380001068115234,49.97999954223633,48.824668884277344,89994968
2022-07-19,49.7599983215332,51.29999923706055,49.58000183105469,51.099998474121094,49.91878128051758,92868817
2022-07-20,51.25,51.75,50.25,51.349998474121094,50.163002014160156,89483225
2022-07-21,51.400001525878906,52.099998474121094,51.04999923706055,51.599998474121094,50.407222747802734,86215479
2022-07-22,51.75,52.0,49.20000076293945,50.04999923706055,48.89305114746094,72541288
2022-07-25,50.04999923706055,50.45000076293945,49.439998626708984,49.540000915527344,48.39484405517578,80665374
2022-07-26,49.7400016784668,50.29999923706055,48.86000061035156,49.0,47.86732482910156,83089797
2022-07-27,49.2599983215332,50.099998474121094,49.15999984741211,49.70000076293945,48.551143646240234,75810780
2022-07-28,50.25,50.75,49.459999084472656,49.70000076293945,48.551143646240234,68121659
2022-07-29,49.79999923706055,50.5,49.52000045776367,50.400001525878906,49.23496627807617,62805858
2022-08-01,50.75,51.599998474121094,50.650001525878906,51.5,50.30953598022461,71659508
2022-08-02,51.79999923706055,53.20000076293945,51.650001525878906,52.349998474121094,51.13988494873047,137217705
2022-08-03,52.95000076293945,55.0,52.79999923706055,55.0,53.728633880615234,133031485
2022-08-04,55.70000076293945,56.349998474121094,55.099998474121094,55.29999923706055,54.02169418334961,108646850
2022-08-05,55.650001525878906,58.400001525878906,55.20000076293945,58.20000076293945,56.85466003417969,99647394
2022-08-08,58.400001525878906,59.0,57.599998474121094,58.75,57.391944885253906,87925247
2022-08-09,58.75,59.650001525878906,57.900001525878906,58.599998474121094,57.24541091918945,102076610
2022-08-10,58.79999923706055,60.349998474121094,58.599998474121094,60.150001525878906,58.759586334228516,92599249
2022-08-11,61.900001525878906,62.45000076293945,60.099998474121094,61.400001525878906,59.980690002441406,136866004
2022-08-12,61.849998474121094,63.349998474121094,61.25,62.400001525878906,60.957576751708984,101328664
2022-08-15,62.599998474121094,63.650001525878906,62.099998474121094,63.599998474121094,62.12982940673828,84075886
2022-08-16,63.70000076293945,68.05000305175781,61.70000076293945,67.8499984741211,66.2815933227539,144211535
2022-08-17,68.0,69.0999984741211,66.0,68.69999694824219,67.1119384765625,140910417
2022-08-18,68.80000305175781,70.05000305175781,66.80000305175781,69.6500015258789,68.03998565673828,99352988
2022-08-19,69.55000305175781,70.19999694824219,68.1500015258789,68.5,66.91657257080078,78852077
2022-08-22,68.5,69.3499984741211,67.5,67.75,66.18389892578125,76273653
2022-08-23,67.80000305175781,69.05000305175781,67.0,67.80000305175781,66.23274993896484,77832215
2022-08-24,68.19999694824219,71.69999694824219,68.0999984741211,68.6500015258789,67.06310272216797,158320953
2022-08-25,69.30000305175781,71.0,68.80000305175781,70.30000305175781,68.67495727539062,100888883
2022-08-26,70.9000015258789,71.1500015258789,67.4000015258789,69.69999694824219,68.08882904052734,93635673
2022-08-29,69.4000015258789,70.8499984741211,68.5,70.44999694824219,68.82148742675781,86908068
2022-08-31,71.0,73.4000015258789,70.69999694824219,73.0999984741211,71.41023254394531,105936916
2022-09-01,73.0999984741211,73.0999984741211,70.5,71.0999984741211,69.45646667480469,96247618
2022-09-02,71.5999984741211,72.44999694824219,71.05000305175781,71.80000305175781,70.1402816772461,67262251
2022-09-05,73.0999984741211,76.25,72.4000015258789,75.1500015258789,73.41284942626953,134484397
2022-09-06,75.69999694824219,75.75,72.5999984741211,73.6500015258789,71.94751739501953,84318967
2022-09-07,73.94999694824219,76.0999984741211,73.1500015258789,74.69999694824219,72.9732437133789,114680580
2022-09-08,75.9000015258789,76.05000305175781,72.19999694824219,73.0,71.31254577636719,126693505
2022-09-09,73.5,75.0,72.25,73.4000015258789,71.70330047607422,89194028
2022-09-12,73.9000015258789,75.55000305175781,73.1500015258789,74.94999694824219,73.21746826171875,95085380
2022-09-13,75.5999984741211,78.5999984741211,71.0999984741211,71.0999984741211,69.45646667480469,140870201
2022-09-14,71.0999984741211,74.30000305175781,69.4000015258789,74.30000305175781,72.5824966430664,83172006
2022-09-15,74.55000305175781,76.5,73.6500015258789,74.1500015258789,72.43596649169922,89923947
2022-09-16,74.44999694824219,75.3499984741211,73.80000305175781,73.94999694824219,72.2405776977539,52341370
2022-09-19,74.4000015258789,74.55000305175781,68.75,68.75,67.16078186035156,43864913
2022-09-20,69.94999694824219,72.44999694824219,68.0,72.44999694824219,70.77525329589844,68398523
2022-09-21,71.80000305175781,72.3499984741211,68.5,69.75,68.1376724243164,71619738
2022-09-22,69.94999694824219,72.1500015258789,69.1500015258789,71.30000305175781,69.65184783935547,67209253
2022-09-23,71.55000305175781,73.05000305175781,70.5,70.8499984741211,69.21224212646484,69697068
2022-09-26,70.75,71.1500015258789,68.25,69.4000015258789,67.79576873779297,50013000
2022-09-27,69.94999694824219,72.1500015258789,69.55000305175781,71.0,69.35877990722656,68834076
2022-09-28,70.69999694824219,71.19999694824219,68.9000015258789,68.94999694824219,67.35616302490234,43766105
2022-09-29,69.44999694824219,70.55000305175781,65.05000305175781,68.5999984741211,67.01425170898438,64316284
2022-09-30,68.6500015258789,70.5999984741211,67.9000015258789,70.5999984741211,68.968017578125,49906065
2022-10-03,71.5,77.6500015258789,71.30000305175781,77.6500015258789,75.85505676269531,92281634
2022-10-04,79.30000305175781,81.44999694824219,78.19999694824219,80.80000305175781,78.9322509765625,105490442
2022-10-05,81.5999984741211,84.9000015258789,81.0,84.80000305175781,82.83978271484375,105455574
2022-10-06,84.94999694824219,85.1500015258789,83.4000015258789,84.69999694824219,82.7420883178711,71999244
2022-10-07,85.0999984741211,86.55000305175781,83.5999984741211,84.19999694824219,82.25364685058594,68721301
2022-10-10,84.5,86.44999694824219,84.30000305175781,86.1500015258789,84.15857696533203,74555942
2022-10-11,86.30000305175781,86.5,84.5,84.5,82.54671478271484,60427732
2022-10-12,84.5999984741211,86.05000305175781,83.8499984741211,85.0999984741211,83.13284301757812,77791043
2022-10-13,85.5999984741211,88.30000305175781,85.4000015258789,88.0,85.96580505371094,93869664
2022-10-14,90.19999694824219,90.44999694824219,88.6500015258789,90.0,87.91957092285156,61841932
2022-10-17,90.4000015258789,98.9000015258789,89.5999984741211,98.44999694824219,96.17424774169922,94313631
2022-10-18,99.69999694824219,100.5,95.9000015258789,97.25,95.00198364257812,74182192
2022-10-19,97.69999694824219,99.0,96.75,97.4000015258789,95.14852142333984,64208326
2022-10-20,97.5999984741211,100.9000015258789,97.3499984741211,99.05000305175781,96.76038360595703,80341293
2022-10-21,99.05000305175781,99.55000305175781,97.5999984741211,97.94999694824219,95.68579864501953,59199900
2022-10-24,98.5,100.19999694824219,97.30000305175781,99.5,97.1999740600586,77909023
2022-10-25,100.0999984741211,102.0999984741211,99.55000305175781,100.5,98.17686462402344,62932344
2022-10-26,101.19999694824219,102.0999984741211,98.80000305175781,98.80000305175781,96.51615905761719,56884356
2022-10-27,99.0999984741211,100.4000015258789,96.5,99.4000015258789,97.10228729248047,89189248
2022-10-28,98.69999694824219,99.25,96.94999694824219,96.94999694824219,94.70891571044922,19054680
2022-10-31,97.69999694824219,101.5,96.80000305175781,101.30000305175781,98.95836639404297,65210904
2022-11-01,102.30000305175781,104.80000305175781,101.0999984741211,102.4000015258789,100.03294372558594,62304734
2022-11-02,102.69999694824219,102.80000305175781,100.4000015258789,100.80000305175781,98.46993255615234,59575517
2022-11-03,103.0,104.5,101.0,101.80000305175781,99.44681549072266,104108273
2022-11-04,102.0999984741211,106.4000015258789,101.80000305175781,104.19999694824219,101.79132843017578,112457958
2022-11-07,104.9000015258789,107.5999984741211,102.80000305175781,107.19999694824219,104.72197723388672,108494047
2022-11-08,107.19999694824219,115.5,105.5999984741211,113.0,110.38790893554688,120082454
2022-11-09,113.0,116.19999694824219,111.5,111.5999984741211,109.02027893066406,80680715
2022-11-10,111.30000305175781,114.30000305175781,110.9000015258789,113.4000015258789,110.77867126464844,72960174
2022-11-11,115.0999984741211,115.5999984741211,111.0999984741211,111.5,108.9225845336914,80553000
2022-11-14,107.5,111.69999694824219,107.5,109.69999694824219,107.16419219970703,81824066
2022-11-15,112.19999694824219,113.0999984741211,107.9000015258789,109.0,106.48037719726562,88566846
2022-11-16,109.5,109.5999984741211,104.0999984741211,104.5999984741211,102.18208312988281,99354695
2022-11-17,105.0,108.9000015258789,101.4000015258789,107.19999694824219,104.72197723388672,108199271
2022-11-18,107.5,109.4000015258789,105.69999694824219,106.5999984741211,104.13584899902344,71912625
2022-11-21,106.69999694824219,107.80000305175781,104.4000015258789,106.9000015258789,104.42891693115234,62238015
2022-11-22,107.80000305175781,111.19999694824219,107.19999694824219,111.19999694824219,108.6295166015625,93556686
2022-11-23,111.5999984741211,113.5,110.9000015258789,112.5,109.89947509765625,82450714
2022-11-24,112.80000305175781,114.5,111.30000305175781,111.5999984741211,109.02027893066406,86424863
2022-11-25,112.0,114.0,110.5,113.80000305175781,111.16942596435547,84417963
2022-11-28,114.5,117.5,113.80000305175781,115.0999984741211,112.43936920166016,86237156
2022-11-29,115.69999694824219,119.19999694824219,113.4000015258789,118.9000015258789,116.15152740478516,92899813
2022-11-30,120.5,121.0999984741211,118.69999694824219,120.0,117.22610473632812,56817069
2022-12-01,122.5,126.0999984741211,122.30000305175781,124.4000015258789,121.5243911743164,73201710
2022-12-02,124.4000015258789,129.1999969482422,123.69999694824219,128.3000030517578,125.33424377441406,78008607
2022-12-05,129.60000610351562,141.0,127.19999694824219,138.60000610351562,135.39614868164062,108945686
2022-12-06,138.8000030517578,140.0,133.39999389648438,135.60000610351562,132.4654998779297,68301320
2022-12-07,136.8000030517578,139.3000030517578,130.3000030517578,134.6999969482422,131.5863037109375,78302223
2022-12-08,135.0,138.0,132.6999969482422,135.39999389648438,132.27011108398438,67275299
2022-12-09,135.8000030517578,142.3000030517578,135.39999389648438,141.0,137.74066162109375,67917513
2022-12-12,142.5,146.5,141.8000030517578,145.89999389648438,142.5273895263672,78847162
2022-12-13,146.0,146.60000610351562,143.60000610351562,144.0,140.67132568359375,58193036
2022-12-14,144.1999969482422,145.1999969482422,137.0,137.0,133.83314514160156,64129327
2022-12-15,140.60000610351562,143.1999969482422,137.0,140.10000610351562,136.86148071289062,58519866
2022-12-16,140.3000030517578,141.3000030517578,139.0,139.1999969482422,135.98226928710938,14256548
2022-12-19,140.39999389648438,144.1999969482422,140.3000030517578,143.3000030517578,139.9875030517578,50593904
2022-12-20,144.39999389648438,148.0,144.0,145.89999389648438,142.5273895263672,73734542
2022-12-21,146.3000030517578,146.8000030517578,142.89999389648438,142.89999389648438,139.59674072265625,50608173
2022-12-22,143.6999969482422,145.39999389648438,141.10000610351562,142.10000610351562,138.81524658203125,47506386
2022-12-23,142.3000030517578,143.3000030517578,140.8000030517578,141.8000030517578,138.5221710205078,38021776
2022-12-26,143.3000030517578,145.3000030517578,142.8000030517578,145.0,141.64820861816406,43689692
2022-12-27,145.1999969482422,146.60000610351562,143.0,143.10000610351562,139.79214477539062,63253933
2022-12-28,143.5,143.8000030517578,137.10000610351562,140.10000610351562,136.86148071289062,48565337
2022-12-29,140.1999969482422,143.1999969482422,138.5,142.3000030517578,139.0106201171875,45564894
2022-12-30,142.6999969482422,145.39999389648438,140.5,140.89999389648438,137.64297485351562,50212233
2023-01-02,142.39999389648438,147.10000610351562,142.10000610351562,146.8000030517578,143.40660095214844,60745183
2023-01-03,148.3000030517578,150.39999389648438,146.39999389648438,147.39999389648438,143.99273681640625,73564352
2023-01-04,147.89999389648438,148.1999969482422,143.60000610351562,144.5,141.15977478027344,50055440
2023-01-05,144.8000030517578,147.1999969482422,140.3000030517578,141.8000030517578,138.5221710205078,66261587
2023-01-06,135.1999969482422,144.1999969482422,132.39999389648438,142.5,139.2060089111328,84430370
2023-01-09,143.6999969482422,144.8000030517578,138.10000610351562,138.39999389648438,135.2007598876953,65134360
2023-01-10,138.10000610351562,138.39999389648438,131.1999969482422,131.1999969482422,128.16720581054688,53114168
2023-01-11,131.8000030517578,135.0,125.30000305175781,125.30000305175781,122.4035873413086,67243889
2023-01-12,129.6999969482422,136.39999389648438,125.0999984741211,135.8000030517578,132.66087341308594,101228836
2023-01-13,135.0,138.0,133.1999969482422,134.6999969482422,131.5863037109375,60042383
2023-01-16,135.8000030517578,144.39999389648438,134.60000610351562,144.39999389648438,141.06207275390625,69854606
2023-01-17,144.5,147.8000030517578,143.1999969482422,147.39999389648438,143.99273681640625,75412924
2023-01-18,148.1999969482422,151.10000610351562,146.89999389648438,149.10000610351562,145.65342712402344,88435518
2023-01-19,149.10000610351562,155.60000610351562,148.3000030517578,154.60000610351562,151.0262908935547,101059055
2023-01-20,154.8000030517578,155.5,151.89999389648438,152.89999389648438,149.36558532714844,57057208
2023-01-23,154.39999389648438,156.39999389648438,149.0,151.1999969482422,147.70489501953125,60963029
2023-01-24,151.60000610351562,152.89999389648438,147.5,149.6999969482422,146.23956298828125,59286966
2023-01-25,151.60000610351562,153.3000030517578,144.39999389648438,151.8000030517578,148.29103088378906,108873538
2023-01-26,152.10000610351562,153.1999969482422,149.60000610351562,150.1999969482422,146.72799682617188,78729048
2023-01-27,149.8000030517578,150.60000610351562,143.89999389648438,149.8000030517578,146.33724975585938,81105028
2023-01-30,150.0,150.3000030517578,144.8000030517578,144.8000030517578,141.4528350830078,48666913
2023-01-31,144.5,144.5,137.60000610351562,137.60000610351562,134.41928100585938,65737449
2023-02-01,139.10000610351562,140.3000030517578,130.8000030517578,130.8000030517578,127.77645874023438,64560389
2023-02-02,130.1999969482422,136.39999389648438,125.0999984741211,134.60000610351562,131.48861694335938,103057422
2023-02-03,134.60000610351562,143.39999389648438,133.1999969482422,142.6999969482422,139.4013671875,77657983
2023-02-06,139.39999389648438,141.5,134.0,139.89999389648438,136.6660919189453,14257959
2023-02-07,138.8000030517578,138.8000030517578,126.0,127.19999694824219,124.25965881347656,48181521
2023-02-08,115.0,115.0,115.0,115.0,112.34168243408203,2500
2023-02-15,136.0,139.89999389648438,135.0,139.89999389648438,136.6660919189453,20534049
2023-02-16,151.10000610351562,152.8000030517578,138.8000030517578,140.0,136.7637939453125,63980902
2023-02-17,138.3000030517578,143.3000030517578,136.3000030517578,141.3000030517578,138.0337371826172,31130671
2023-02-20,141.8000030517578,142.39999389648438,139.6999969482422,141.3000030517578,138.0337371826172,30150790
2023-02-21,140.5,141.6999969482422,137.5,137.5,134.32156372070312,29105005
2023-02-22,137.6999969482422,140.39999389648438,135.6999969482422,136.39999389648438,133.24700927734375,29363923
2023-02-23,136.6999969482422,139.0,136.10000610351562,136.60000610351562,133.4423828125,22470917
2023-02-24,137.0,137.5,134.89999389648438,135.0,131.87936401367188,19057041
2023-02-27,135.0,143.39999389648438,133.5,143.39999389648438,140.08518981933594,52423380
2023-02-28,143.6999969482422,145.5,141.39999389648438,143.60000610351562,140.2805633544922,45375506
2023-03-01,144.5,148.6999969482422,144.39999389648438,147.5,144.09042358398438,39612979
2023-03-02,142.0,146.1999969482422,141.8000030517578,142.0,138.71755981445312,36371596
2023-03-03,142.0,143.1999969482422,135.5,138.6999969482422,135.4938201904297,39690451
2023-03-06,140.0,144.5,138.6999969482422,142.39999389648438,139.10829162597656,37723665
2023-03-07,143.5,144.89999389648438,141.0,141.0,137.74066162109375,40966650
2023-03-08,141.0,142.0,139.39999389648438,140.10000610351562,136.86148071289062,22899601
2023-03-09,140.8000030517578,143.3000030517578,140.39999389648438,140.5,137.25222778320312,27001429
2023-03-10,140.39999389648438,141.0,138.39999389648438,138.6999969482422,135.4938201904297,20220146
2023-03-13,139.89999389648438,140.10000610351562,135.5,135.8000030517578,132.66087341308594,25099830
2023-03-14,136.0,137.3000030517578,132.3000030517578,132.3000030517578,129.2417755126953,21213187
2023-03-15,132.8000030517578,134.3000030517578,129.60000610351562,130.89999389648438,127.87413787841797,25320121
2023-03-16,132.0,133.39999389648438,130.10000610351562,132.1999969482422,129.1440887451172,23362097
2023-03-17,133.60000610351562,134.39999389648438,126.5,126.5,123.57585144042969,26317980
2023-03-20,127.0,129.3000030517578,124.69999694824219,126.0999984741211,123.18509674072266,29507963
2023-03-21,126.80000305175781,127.0999984741211,122.5,123.9000015258789,121.03595733642578,30417591
2023-03-22,124.4000015258789,127.9000015258789,122.80000305175781,127.9000015258789,124.94348907470703,28343051
2023-03-23,127.4000015258789,129.5,125.80000305175781,129.39999389648438,126.40880584716797,21951569
2023-03-24,129.1999969482422,130.6999969482422,126.9000015258789,128.39999389648438,125.43192291259766,25971786
2023-03-27,129.10000610351562,129.3000030517578,125.30000305175781,125.30000305175781,122.4035873413086,16795910
2023-03-28,125.30000305175781,125.4000015258789,119.4000015258789,119.4000015258789,116.63997650146484,23559138
2023-03-29,119.0,124.5999984741211,117.5999984741211,124.5999984741211,121.71976470947266,30460768
2023-03-30,124.0999984741211,125.4000015258789,121.5,121.9000015258789,119.08218383789062,22890708
2023-03-31,121.5,121.5,118.5,118.5,115.76077270507812,18119844
2023-04-03,118.30000305175781,122.69999694824219,115.9000015258789,120.80000305175781,118.00761413574219,28849720
2023-04-04,120.80000305175781,128.6999969482422,120.19999694824219,128.10000610351562,125.13887023925781,39989705
2023-04-05,128.10000610351562,129.8000030517578,125.30000305175781,125.30000305175781,122.4035873413086,33760757
2023-04-06,125.4000015258789,128.0,125.19999694824219,127.19999694824219,124.25965881347656,29018380
2023-04-07,127.5999984741211,129.5,126.4000015258789,127.4000015258789,124.45504760742188,21950999
2023-04-10,128.1999969482422,133.8000030517578,128.10000610351562,133.5,130.41403198242188,46283257
2023-04-11,133.3000030517578,134.3000030517578,132.1999969482422,133.0,129.92559814453125,34865875
2023-04-12,133.39999389648438,136.0,132.89999389648438,133.39999389648438,130.31634521484375,39282413
2023-04-13,134.3000030517578,138.1999969482422,134.1999969482422,137.10000610351562,133.9308319091797,38333237
2023-04-14,137.3000030517578,137.39999389648438,134.1999969482422,134.39999389648438,131.29322814941406,25199700
2023-04-17,134.60000610351562,136.1999969482422,133.1999969482422,135.6999969482422,132.5631866455078,31052390
2023-04-18,136.0,137.60000610351562,135.3000030517578,136.1999969482422,133.05162048339844,25810585
2023-04-19,136.1999969482422,136.89999389648438,133.8000030517578,134.6999969482422,131.5863037109375,20011408
2023-04-20,134.39999389648438,134.60000610351562,133.3000030517578,134.0,130.90248107910156,6183892
2023-04-24,134.6999969482422,136.89999389648438,134.39999389648438,136.3000030517578,133.14930725097656,27222826
2023-04-25,136.60000610351562,137.1999969482422,133.60000610351562,133.6999969482422,130.60940551757812,24125596
2023-04-26,133.60000610351562,134.0,128.8000030517578,130.0,126.99494171142578,30837444
2023-04-27,129.6999969482422,133.3000030517578,129.60000610351562,130.8000030517578,127.77645874023438,31511675
2023-04-28,131.39999389648438,131.6999969482422,125.69999694824219,127.80000305175781,124.8458023071289,26119214
2023-05-02,128.3000030517578,130.39999389648438,125.9000015258789,126.30000305175781,123.3804702758789,32713824
2023-05-03,126.9000015258789,129.3000030517578,124.0999984741211,129.1999969482422,126.21343231201172,38647046
2023-05-04,128.0,130.10000610351562,127.30000305175781,127.69999694824219,124.74810791015625,33116824
2023-05-05,127.9000015258789,128.8000030517578,124.19999694824219,125.5,122.59896850585938,19374553
2023-05-08,126.5999984741211,133.10000610351562,124.80000305175781,132.8000030517578,129.730224609375,27428729
2023-05-09,132.0,133.3000030517578,128.60000610351562,128.8000030517578,125.82268524169922,29954131
2023-05-10,129.3000030517578,129.89999389648438,126.69999694824219,126.80000305175781,123.8689193725586,22097003
2023-05-11,126.30000305175781,138.3000030517578,126.30000305175781,136.3000030517578,133.14930725097656,58902189
2023-05-12,136.6999969482422,137.5,131.39999389648438,132.60000610351562,129.5348358154297,41142039
2023-05-15,129.60000610351562,136.0,123.4000015258789,124.4000015258789,121.5243911743164,55104300
2023-05-16,125.69999694824219,136.39999389648438,125.5999984741211,135.89999389648438,132.75856018066406,52593843
2023-05-17,135.89999389648438,138.10000610351562,134.6999969482422,137.10000610351562,133.9308319091797,47721007
2023-05-18,137.3000030517578,138.8000030517578,131.39999389648438,132.60000610351562,129.5348358154297,42944884
2023-05-22,133.6999969482422,137.89999389648438,132.39999389648438,135.5,132.3677978515625,42769028
2023-05-23,135.5,136.0,133.0,134.39999389648438,131.29322814941406,22399046
2023-05-24,134.5,135.60000610351562,132.10000610351562,132.8000030517578,129.730224609375,21555514
2023-05-25,133.10000610351562,136.10000610351562,132.60000610351562,134.10000610351562,131.00018310546875,28108769
2023-05-26,134.6999969482422,143.60000610351562,134.5,142.3000030517578,139.0106201171875,56003626
2023-05-29,147.60000610351562,148.60000610351562,144.60000610351562,146.0,142.62509155273438,62138937
2023-05-30,147.5,148.8000030517578,146.10000610351562,147.0,143.6019744873047,64369356
2023-05-31,147.3000030517578,149.39999389648438,143.8000030517578,143.8000030517578,140.4759521484375,56899514
2023-06-01,145.0,148.60000610351562,144.8000030517578,147.0,143.6019744873047,41558731
2023-06-02,150.89999389648438,151.1999969482422,147.39999389648438,150.10000610351562,146.6303253173828,47014462
2023-06-05,154.5,164.89999389648438,153.60000610351562,164.5,160.69744873046875,81756532
2023-06-06,164.0,165.8000030517578,160.6999969482422,165.39999389648438,161.57664489746094,58022550
2023-06-07,172.3000030517578,174.8000030517578,170.5,172.5,168.51251220703125,58786669
2023-06-08,171.60000610351562,173.0,168.60000610351562,171.60000610351562,167.63333129882812,43644443
2023-06-09,172.3000030517578,178.10000610351562,171.10000610351562,176.89999389648438,172.81080627441406,71672679
2023-06-12,178.3000030517578,185.8000030517578,177.60000610351562,183.3000030517578,179.06288146972656,64378620
2023-06-13,183.3000030517578,183.5,176.39999389648438,177.8000030517578,173.6900177001953,46880498
2023-06-14,177.6999969482422,183.0,177.39999389648438,182.89999389648438,178.67210388183594,69548935
2023-06-15,183.6999969482422,184.5,181.5,183.0,178.76980590820312,40673484
2023-06-16,183.39999389648438,186.1999969482422,180.5,180.6999969482422,176.52297973632812,46716947
2023-06-19,181.0,181.8000030517578,173.0,174.0,169.97784423828125,39071945
2023-06-20,173.5,174.3000030517578,170.60000610351562,171.39999389648438,167.43795776367188,37919228
2023-06-21,172.10000610351562,173.8000030517578,168.10000610351562,169.39999389648438,165.4841766357422,35136250
2023-06-22,169.8000030517578,181.8000030517578,169.3000030517578,180.3000030517578,176.13221740722656,71946773
2023-06-23,183.8000030517578,186.3000030517578,181.5,184.6999969482422,180.4304962158203,48579888
2023-06-26,186.0,191.5,185.5,191.0,186.58486938476562,47101857
2023-06-27,190.5,193.6999969482422,189.1999969482422,193.6999969482422,189.22247314453125,17673580
2023-07-03,203.5,211.89999389648438,201.1999969482422,210.5,205.63412475585938,61090558
2023-07-04,210.5,211.5,207.39999389648438,208.10000610351562,203.2895965576172,40303647
2023-07-05,208.39999389648438,216.5,204.10000610351562,216.5,211.49542236328125,71942556
2023-07-06,216.5,220.60000610351562,215.5,216.60000610351562,211.59312438964844,50431804
2023-07-07,216.1999969482422,218.1999969482422,214.60000610351562,215.1999969482422,210.22547912597656,32098197
2023-07-10,216.5,217.6999969482422,213.0,214.60000610351562,209.6393585205078,40701951
2023-07-11,218.10000610351562,218.3000030517578,214.60000610351562,215.3000030517578,210.3231658935547,34849197
2023-07-12,215.5,215.60000610351562,210.89999389648438,210.89999389648438,206.02487182617188,32285246
2023-07-13,211.0,213.6999969482422,208.60000610351562,209.5,204.6572265625,34627744
2023-07-14,211.3000030517578,214.6999969482422,211.1999969482422,213.5,208.5647735595703,38801470
2023-07-17,216.0,219.0,214.6999969482422,218.8000030517578,213.7422637939453,45566657
2023-07-18,219.3000030517578,221.0,213.5,214.0,209.05322265625,48487861
2023-07-19,213.89999389648438,224.3000030517578,213.10000610351562,223.60000610351562,218.43130493164062,56918137
2023-07-20,224.60000610351562,227.1999969482422,222.5,225.1999969482422,219.9943084716797,51944233
2023-07-21,225.1999969482422,225.5,222.10000610351562,223.60000610351562,218.43130493164062,33459394
2023-07-24,224.3000030517578,226.8000030517578,220.60000610351562,221.8000030517578,216.67291259765625,44528021
2023-07-25,222.0,223.10000610351562,217.3000030517578,217.3000030517578,212.2769317626953,53508469
2023-07-26,217.0,224.10000610351562,215.8000030517578,224.10000610351562,218.9197540283203,31818406
2023-07-27,225.0,228.6999969482422,222.5,228.5,223.21803283691406,41664031
2023-07-28,229.1999969482422,237.60000610351562,228.39999389648438,235.0,229.56777954101562,52651752
2023-07-31,235.8000030517578,236.60000610351562,232.60000610351562,234.3000030517578,228.88397216796875,39359023
2023-08-01,232.39999389648438,235.10000610351562,230.6999969482422,231.0,225.66024780273438,28560161
2023-08-02,231.0,239.10000610351562,230.3000030517578,236.5,231.03311157226562,39485338
2023-08-03,237.0,238.39999389648438,234.0,235.0,229.56777954101562,33328000
2023-08-04,235.5,251.1999969482422,234.89999389648438,248.8000030517578,243.0487823486328,61516392
2023-08-07,250.0,269.1000061035156,249.89999389648438,266.8999938964844,260.7303771972656,61178808
2023-08-08,267.70001220703125,269.79998779296875,258.6000061035156,261.79998779296875,255.74827575683594,52411230
2023-08-09,257.8999938964844,264.20001220703125,252.60000610351562,260.0,253.98988342285156,55718464
2023-08-10,263.70001220703125,269.70001220703125,257.5,258.5,252.52456665039062,57110921
2023-08-11,259.1000061035156,265.70001220703125,257.1000061035156,265.70001220703125,259.5581359863281,51008545
2023-08-14,267.0,267.3999938964844,260.3999938964844,261.3999938964844,255.35751342773438,39002877
2023-08-15,262.79998779296875,265.1000061035156,256.29998779296875,259.70001220703125,253.6968536376953,39233281
2023-08-16,260.0,260.5,254.5,254.5,248.61703491210938,29171522
2023-08-17,254.89999389648438,262.1000061035156,253.1999969482422,262.1000061035156,256.0413513183594,37914675
2023-08-18,263.0,263.6000061035156,249.89999389648438,251.39999389648438,245.58868408203125,34995727
2023-08-21,250.39999389648438,259.6000061035156,248.5,259.0,253.0129852294922,47451035
2023-08-22,259.5,263.70001220703125,253.1999969482422,254.89999389648438,249.0077667236328,47241792
2023-08-23,255.39999389648438,256.20001220703125,239.5,239.6999969482422,234.15914916992188,44675396
2023-08-24,240.1999969482422,250.1999969482422,229.3000030517578,230.5,225.17181396484375,57986866
2023-08-25,232.0,239.1999969482422,227.3000030517578,238.0,232.49844360351562,35698953
2023-08-28,240.0,257.0,239.8000030517578,256.0,250.0823516845703,49130901
2023-08-29,256.0,256.0,246.10000610351562,247.89999389648438,242.16958618164062,28511450
2023-08-31,249.1999969482422,252.8000030517578,245.0,245.0,239.3366241455078,24648940
2023-09-01,245.10000610351562,255.5,241.6999969482422,254.0,248.1285858154297,46448045
2023-09-04,255.6999969482422,258.6000061035156,251.6999969482422,252.6999969482422,246.858642578125,37823008
2023-09-05,252.60000610351562,254.39999389648438,249.10000610351562,252.0,246.17481994628906,24835817
2023-09-06,252.5,252.6999969482422,245.0,245.0,239.3366241455078,27519630
2023-09-07,245.0,247.5,242.89999389648438,244.60000610351562,238.9458770751953,25076190
2023-09-08,245.10000610351562,249.60000610351562,243.3000030517578,243.3000030517578,237.67591857910156,28726045
2023-09-11,244.1999969482422,244.60000610351562,232.6999969482422,234.5,229.079345703125,29232673
2023-09-12,235.0,243.1999969482422,232.8000030517578,236.0,230.544677734375,34852007
2023-09-13,236.5,238.3000030517578,230.8000030517578,231.6999969482422,226.3440704345703,24853678
2023-09-14,231.8000030517578,238.6999969482422,227.0,238.5,232.98687744140625,33873296
2023-09-15,236.0,236.0,227.10000610351562,227.10000610351562,221.85040283203125,37299425
2023-09-18,227.1999969482422,228.60000610351562,216.5,218.10000610351562,213.05844116210938,39413834
2023-09-19,218.3000030517578,222.8000030517578,214.60000610351562,218.60000610351562,213.54689025878906,40500873
2023-09-20,226.1999969482422,228.1999969482422,221.5,223.3000030517578,218.13824462890625,48974336
2023-09-21,222.0,232.89999389648438,218.3000030517578,232.60000610351562,227.2232666015625,45213499
2023-09-22,233.0,233.89999389648438,226.10000610351562,226.10000610351562,220.87351989746094,28616390
2023-09-25,227.0,233.1999969482422,226.1999969482422,232.5,227.12557983398438,46696833
2023-09-26,232.5,236.8000030517578,227.3000030517578,227.5,222.24114990234375,48956744
2023-09-27,227.89999389648438,234.89999389648438,227.89999389648438,230.39999389648438,225.0740966796875,45038493
2023-09-28,231.0,246.10000610351562,230.89999389648438,243.1999969482422,237.57823181152344,98226800
2023-09-29,246.0,249.6999969482422,240.60000610351562,242.5,236.8944091796875,52535429
2023-10-02,242.5,255.1999969482422,241.39999389648438,253.39999389648438,247.54244995117188,62368841
2023-10-03,253.5,255.60000610351562,247.0,247.6999969482422,241.97421264648438,43106910
2023-10-04,248.0,249.0,237.5,238.5,232.98687744140625,37297744
2023-10-05,240.39999389648438,243.8000030517578,232.89999389648438,241.5,235.9175262451172,42592533
2023-10-06,238.5,242.89999389648438,238.3000030517578,238.39999389648438,232.88917541503906,30707447
2023-10-09,232.5,233.1999969482422,227.1999969482422,227.1999969482422,221.9480743408203,30457825
2023-10-10,231.1999969482422,238.5,230.1999969482422,238.10000610351562,232.59613037109375,32999877
2023-10-11,237.10000610351562,237.39999389648438,229.39999389648438,230.10000610351562,224.7810516357422,24968905
2023-10-12,233.60000610351562,235.0,218.6999969482422,225.10000610351562,219.89663696289062,37192253
2023-10-13,223.8000030517578,224.1999969482422,219.39999389648438,222.1999969482422,217.06365966796875,28481746
2023-10-16,228.0,228.3000030517578,222.0,223.0,217.8451690673828,31816534
2023-10-17,223.6999969482422,225.89999389648438,220.0,225.10000610351562,219.89663696289062,33803978
2023-10-18,219.6999969482422,221.3000030517578,216.10000610351562,216.5,211.49542236328125,29175980
2023-10-19,216.60000610351562,221.10000610351562,213.0,213.60000610351562,208.66246032714844,40254773
2023-10-20,210.39999389648438,211.1999969482422,205.1999969482422,207.10000610351562,202.31272888183594,35360831
2023-10-23,211.89999389648438,215.1999969482422,208.0,213.6999969482422,208.76014709472656,40027784
2023-10-24,213.6999969482422,219.0,211.8000030517578,218.0,212.96075439453125,45914271
2023-10-25,219.6999969482422,224.1999969482422,203.0,203.0,198.3074951171875,50988232
2023-10-26,205.0,215.39999389648438,203.3000030517578,214.1999969482422,209.2485809326172,51300520
2023-10-27,214.1999969482422,217.89999389648438,208.3000030517578,217.1999969482422,212.1792449951172,43258407
2023-10-30,217.10000610351562,221.10000610351562,215.8000030517578,218.89999389648438,213.83995056152344,35750031
2023-10-31,220.60000610351562,223.89999389648438,216.5,217.3000030517578,212.2769317626953,40007635
2023-11-01,220.3000030517578,220.6999969482422,210.6999969482422,218.10000610351562,213.05844116210938,45713513
2023-11-02,219.5,228.1999969482422,218.6999969482422,223.0,217.8451690673828,76584578
2023-11-03,223.10000610351562,226.6999969482422,219.1999969482422,225.6999969482422,220.48275756835938,46763173
2023-11-06,227.60000610351562,229.0,225.8000030517578,226.1999969482422,220.97120666503906,34519493
2023-11-07,226.0,228.10000610351562,225.60000610351562,226.0,220.77581787109375,31914130
2023-11-08,228.0,231.10000610351562,227.3000030517578,228.60000610351562,223.3157196044922,39512506
2023-11-09,226.6999969482422,230.5,224.89999389648438,230.1999969482422,224.8787384033203,33945876
2023-11-10,230.3000030517578,231.6999969482422,228.1999969482422,229.10000610351562,223.80416870117188,31799444
2023-11-13,231.0,240.0,228.6999969482422,232.1999969482422,226.83250427246094,57548027
2023-11-14,233.0,237.89999389648438,232.89999389648438,237.10000610351562,231.61924743652344,38012987
2023-11-15,237.89999389648438,238.3000030517578,234.8000030517578,235.60000610351562,230.15391540527344,35954817
2023-11-16,235.6999969482422,244.3000030517578,235.39999389648438,244.3000030517578,238.65281677246094,43097450
2023-11-17,244.1999969482422,255.25,243.89999389648438,254.25,248.372802734375,48829864
2023-11-20,257.0,260.5,254.25,254.75,248.86123657226562,36869621
2023-11-21,256.0,269.25,254.25,268.5,262.2934265136719,71142665
2023-11-22,268.5,268.75,260.5,262.0,255.94366455078125,34890343
2023-11-23,262.25,267.75,259.5,260.75,254.72256469726562,62103119
2023-11-24,261.0,263.5,259.0,259.75,253.74566650390625,33551323
2023-11-27,260.75,262.25,257.25,260.5,254.47833251953125,40747337
2023-11-28,261.5,264.25,259.75,261.0,254.96676635742188,35398274
2023-11-29,261.5,262.25,255.0,255.0,249.10546875,34628011
2023-11-30,255.0,256.5,249.89999389648438,251.0,245.19793701171875,32022797
2023-12-01,255.5,260.75,253.0,260.75,254.72256469726562,46030936
2023-12-04,261.5,264.0,258.5,262.0,255.94366455078125,40460792
2023-12-05,262.5,263.25,256.75,259.0,253.0129852294922,32211363
2023-12-06,259.0,259.75,251.0,251.25,245.44215393066406,28987606
2023-12-07,252.25,259.75,248.89999389648438,259.75,253.74566650390625,34974072
2023-12-08,259.25,261.0,252.75,254.0,248.1285858154297,28379738
2023-12-11,254.25,254.5,246.3000030517578,246.3000030517578,240.6065673828125,33288289
2023-12-12,246.3000030517578,250.75,244.6999969482422,249.0,243.24417114257812,43530492
2023-12-13,247.60000610351562,248.5,241.10000610351562,241.3000030517578,235.72215270996094,24937896
2023-12-14,244.5,252.75,241.89999389648438,252.25,246.41903686523438,37366429
2023-12-15,252.75,256.75,251.5,253.25,247.3959197998047,34025732
2023-12-18,251.75,252.75,244.8000030517578,245.6999969482422,240.0204315185547,27823031
2023-12-19,245.6999969482422,248.1999969482422,242.1999969482422,245.3000030517578,239.62969970703125,35373848
2023-12-20,245.0,245.89999389648438,241.60000610351562,241.89999389648438,236.3082733154297,25632748
2023-12-21,241.89999389648438,247.1999969482422,241.0,245.0,239.3366241455078,40500387
2023-12-22,245.0,245.10000610351562,233.0,233.0,227.614013671875,31862554
2023-12-25,232.39999389648438,232.39999389648438,223.89999389648438,226.1999969482422,220.97120666503906,16966698
2023-12-26,227.39999389648438,232.6999969482422,226.10000610351562,227.6999969482422,222.4365234375,24860552
2023-12-27,227.60000610351562,229.5,221.60000610351562,222.1999969482422,217.06365966796875,25992461
2023-12-28,222.5,231.0,222.5,229.0,223.70648193359375,25168141
2023-12-29,229.0,231.0,227.89999389648438,228.60000610351562,223.3157196044922,17712965
2024-01-02,233.5,237.8000030517578,233.5,236.39999389648438,230.93540954589844,25232547
2024-01-03,235.89999389648438,236.0,229.6999969482422,230.10000610351562,224.7810516357422,19679997
2024-01-04,230.6999969482422,234.3000030517578,229.6999969482422,233.3000030517578,227.90707397460938,20462665
2024-01-05,233.8000030517578,239.1999969482422,233.1999969482422,239.1999969482422,233.6707000732422,31168225
2024-01-08,239.10000610351562,244.10000610351562,237.6999969482422,242.60000610351562,236.9921112060547,26271851
2024-01-09,243.89999389648438,250.5,239.39999389648438,242.89999389648438,237.28517150878906,46260123
2024-01-10,242.89999389648438,252.25,242.1999969482422,249.89999389648438,244.12335205078125,46352544
2024-01-11,250.5,251.5,245.0,246.6999969482422,240.99732971191406,29709135
2024-01-12,246.0,254.75,241.89999389648438,251.0,245.19793701171875,46279706
2024-01-15,251.0,254.75,248.6999969482422,253.25,247.3959197998047,34978052
2024-01-16,253.5,253.5,248.10000610351562,249.8000030517578,244.0256805419922,27360566
2024-01-17,248.5,254.75,248.10000610351562,252.5,246.6632537841797,35139204
2024-01-18,254.25,255.25,250.75,250.75,244.95370483398438,25838790
2024-01-19,251.5,253.0,249.10000610351562,250.25,244.46527099609375,25960443
2024-01-22,250.5,256.5,250.25,250.25,244.46527099609375,31598037
2024-01-23,253.5,255.25,248.0,248.8000030517578,243.0487823486328,30067262
2024-01-24,249.60000610351562,253.5,249.1999969482422,251.0,245.19793701171875,31268622
2024-01-25,253.0,255.0,251.0,252.25,246.41903686523438,30064045
2024-01-26,252.75,260.0,252.5,260.0,253.98988342285156,45530116
2024-01-29,262.5,277.25,262.5,274.0,267.6662902832031,55176466
2024-01-30,274.75,275.0,270.5,272.0,265.7124938964844,36212743
2024-01-31,272.0,275.25,267.0,272.75,266.4451599121094,37814734
2024-02-01,273.0,277.25,272.5,274.5,268.15472412109375,38580216
2024-02-02,277.0,285.75,276.25,281.5,274.9928894042969,59160108
2024-02-05,283.5,290.25,282.5,289.25,282.5637512207031,48985701
2024-02-06,289.25,293.25,285.5,291.0,284.2732849121094,50979667
2024-02-07,292.0,292.0,286.0,286.0,279.38885498046875,29968982
2024-02-08,286.0,291.75,285.25,286.75,280.1215515136719,50966364
2024-02-09,288.0,294.75,286.25,294.75,287.9366149902344,37115282
2024-02-12,293.0,294.0,289.5,290.25,283.5406188964844,44743345
2024-02-13,290.5,292.25,281.25,281.25,274.7486877441406,36767148
2024-02-14,281.75,284.75,277.5,282.5,275.96978759765625,43251092
2024-02-15,283.75,288.5,282.75,284.0,277.43511962890625,49608952
2024-02-16,284.75,286.25,282.0,282.5,275.96978759765625,29700992
2024-02-19,284.0,287.25,277.5,278.5,272.062255859375,42626672
2024-02-20,279.75,284.0,278.75,281.25,274.7486877441406,38737028
2024-02-21,282.5,285.0,277.75,279.25,272.7948913574219,33090339
2024-02-22,281.0,287.25,280.75,285.0,278.4120178222656,45275866
2024-02-23,286.0,288.0,282.0,286.5,279.8773193359375,36388629
2024-02-26,288.0,290.5,284.75,285.5,278.9004211425781,46586805
2024-02-27,286.5,287.5,280.0,280.25,273.77178955078125,44532372
2024-02-28,281.0,282.75,276.0,276.0,269.6200256347656,38048081
2024-02-29,279.5,282.0,278.25,281.75,275.23712158203125,31176978
2024-03-01,282.75,282.75,277.25,277.75,271.3295593261719,19736903
2024-03-04,278.5,279.0,270.25,270.5,264.2471618652344,23512254
2024-03-05,271.0,272.75,264.25,265.25,259.1185302734375,29667212
2024-03-06,264.25,267.25,260.75,261.0,254.96676635742188,35597703
2024-03-07,268.0,273.5,266.75,272.75,266.4451599121094,38380030
2024-03-08,273.0,280.25,270.0,279.25,272.7948913574219,53605974
2024-03-11,285.0,286.25,279.5,280.75,274.26025390625,32607085
2024-03-12,280.5,281.25,272.25,275.5,269.131591796875,32599696
2024-03-13,275.75,277.5,272.0,272.0,265.7124938964844,29581973
2024-03-14,272.75,274.75,271.0,271.75,265.4682922363281,23368821
2024-03-15,272.25,275.75,268.0,270.25,264.0029602050781,30487511
2024-03-18,270.5,272.0,267.75,268.5,262.2934265136719,18926028
2024-03-19,268.75,278.5,268.5,278.25,271.8180236816406,33115950
2024-03-20,278.0,281.75,276.5,278.25,271.8180236816406,27530206
2024-03-21,281.0,287.75,279.75,285.5,278.9004211425781,55537828
2024-03-22,285.75,292.75,284.5,291.25,284.51751708984375,45107169
2024-03-25,289.75,295.75,285.75,285.75,279.1446533203125,46911216
2024-03-26,286.5,287.0,280.0,285.25,278.6562194824219,29898741
2024-03-27,285.75,287.75,282.0,282.75,276.2139892578125,30391227
2024-03-28,284.0,299.5,283.5,297.75,290.8672790527344,48424451
2024-03-29,298.25,299.5,293.25,297.75,290.8672790527344,31894138
2024-04-01,297.75,305.0,294.0,303.75,296.72857666015625,42931903
2024-04-02,304.5,308.5,296.0,297.0,290.13458251953125,36483707
2024-04-03,296.5,301.75,293.25,300.0,293.0652770996094,37620296
2024-04-04,295.0,299.0,287.5,290.0,283.2964172363281,79494378
2024-04-05,294.0,307.5,293.75,307.25,300.1476745605469,55059738
2024-04-08,308.5,312.75,307.25,310.0,302.8341064453125,36300949
2024-04-15,305.0,307.25,298.5,298.5,291.59991455078125,38514049
2024-04-16,296.0,302.0,294.25,297.0,290.13458251953125,40587896
2024-04-17,300.0,302.75,295.25,295.25,288.425048828125,33313145
2024-04-18,296.75,301.5,295.75,296.25,289.4019470214844,35074259
2024-04-19,292.0,304.0,291.75,302.5,295.5074462890625,38942548
2024-04-22,308.0,311.5,302.5,302.75,295.751708984375,41461684
2024-04-24,307.25,310.25,305.75,309.75,302.5898742675781,44209830
2024-04-25,310.5,313.75,308.0,313.25,306.00897216796875,47578438
2024-04-26,313.5,319.0,312.25,317.0,309.67230224609375,44783003
2024-04-29,319.75,326.0,319.5,326.0,318.4642333984375,40620394
2024-04-30,325.0,327.75,320.75,326.0,318.4642333984375,45375021
2024-05-02,327.75,332.0,323.0,325.25,317.7315979003906,41134014
2024-05-03,326.0,328.0,322.25,325.0,317.48736572265625,28796189
2024-05-06,324.5,327.25,323.25,326.0,318.4642333984375,25902824
2024-05-07,326.5,330.75,325.0,330.0,322.37176513671875,39049366
2024-05-08,330.75,330.75,327.75,327.75,320.1737976074219,21381759
2024-05-09,327.75,328.75,323.5,325.25,317.7315979003906,21343901
2024-05-10,325.5,326.0,318.0,318.0,310.649169921875,33832131
2024-05-13,318.25,321.25,313.0,314.25,306.9858703613281,29664382
2024-05-14,314.75,316.0,309.75,310.25,303.07830810546875,34705165
2024-05-15,310.25,312.0,305.0,305.5,298.4381408691406,29942233
2024-05-16,307.5,309.25,303.5,307.0,299.9034423828125,44314185
2024-05-17,310.25,323.75,310.0,323.5,316.02203369140625,46769335
2024-05-20,322.0,327.75,321.25,323.5,316.02203369140625,31020797
2024-05-21,324.5,330.0,321.5,322.5,315.045166015625,48484511
2024-05-22,324.5,326.75,319.0,321.5,314.0682678222656,27609960
2024-05-23,319.0,326.25,317.0,317.5,310.16070556640625,50020450
2024-05-24,318.25,320.5,315.75,318.25,310.8934020996094,22962145
2024-05-27,319.5,319.75,313.0,315.0,307.718505859375,23215678
2024-05-28,315.25,316.25,311.0,312.0,304.7878723144531,20717843
2024-05-29,312.5,315.75,306.0,306.0,298.92657470703125,31728784
2024-05-30,307.5,309.5,304.5,306.0,298.92657470703125,26493682
2024-05-31,307.75,313.25,299.25,302.75,295.751708984375,50174552
2024-06-03,305.25,312.0,304.0,312.0,304.7878723144531,46466026
2024-06-04,312.5,314.0,305.25,306.0,298.92657470703125,33440269
2024-06-05,306.25,313.0,302.75,312.25,305.0320739746094,43218700
2024-06-06,312.75,314.0,304.25,305.5,298.4381408691406,27854769
2024-06-07,307.5,307.5,301.0,302.5,295.5074462890625,20682374
2024-06-10,300.25,302.5,299.0,299.75,292.8210144042969,19319106
2024-06-11,300.5,307.0,298.5,302.5,295.5074462890625,36835923
2024-06-12,302.25,307.25,301.0,305.0,297.9496765136719,36966572
2024-06-13,309.5,311.75,307.5,309.5,302.34564208984375,24134208
2024-06-14,313.25,315.0,309.75,311.75,304.54364013671875,29420180
2024-06-20,315.25,316.25,310.0,316.0,308.6954040527344,39255358
2024-06-21,316.0,316.75,313.75,316.0,308.6954040527344,30476761
2024-06-24,317.25,317.5,309.0,310.25,303.07830810546875,30082945
2024-06-25,310.5,311.0,305.5,305.75,298.6823425292969,27306032
2024-06-26,305.75,306.5,301.0,301.0,294.0421447753906,22618331
2024-06-27,302.5,307.5,302.5,305.75,298.6823425292969,23234871
2024-06-28,307.75,310.75,306.5,308.75,301.6130065917969,38137283
2024-07-01,310.0,310.5,293.0,295.75,288.9134826660156,45407891
2024-07-02,295.75,298.0,293.25,297.75,290.8672790527344,24290887
2024-07-03,299.0,303.5,297.75,303.25,296.2401428222656,30092887
2024-07-04,304.5,311.5,303.5,311.0,303.8110046386719,33671381
2024-07-05,311.0,313.25,307.25,308.0,300.88031005859375,29827422
2024-07-08,308.5,309.75,305.25,306.0,298.92657470703125,23101726
2024-07-09,306.75,311.75,306.25,310.75,303.5667419433594,37325340
2024-07-10,311.0,311.25,304.75,304.75,297.7054443359375,30531140
2024-07-11,307.25,310.0,307.0,310.0,302.8341064453125,26001104
2024-07-12,310.5,310.5,307.0,307.25,300.1476745605469,23966972
2024-07-16,308.0,309.75,307.0,307.5,300.3918762207031,25171747
2024-07-17,308.0,311.75,305.75,309.25,302.1014404296875,38206650
2024-07-18,311.0,318.5,311.0,316.5,309.1838684082031,45789387
2024-07-19,316.0,318.75,312.75,315.5,308.20697021484375,36619426
2024-07-22,316.0,317.0,309.75,309.75,302.5898742675781,27596166
2024-07-23,310.0,311.0,305.5,306.0,298.92657470703125,28899602
2024-07-24,306.25,307.75,303.75,305.0,297.9496765136719,22634121
2024-07-25,305.25,306.25,298.5,300.25,293.3094787597656,29953941
2024-07-26,300.75,303.5,300.5,301.5,294.53057861328125,16653480
2024-07-29,298.75,299.5,293.75,294.0,287.2039489746094,22278905
2024-07-30,294.5,297.0,292.5,293.5,286.71551513671875,25620856
2024-07-31,291.25,292.0,288.25,289.25,282.5637512207031,27502263
2024-08-01,293.0,298.25,293.0,297.5,290.623046875,21064407
2024-08-02,292.5,293.75,288.25,291.5,284.76171875,19507021
2024-08-05,271.25,280.75,271.25,277.0,270.596923828125,33305862
2024-08-06,289.0,289.0,279.5,279.5,273.0391540527344,34068451
2024-08-07,282.5,300.0,282.5,298.0,291.1114807128906,41782573
2024-08-08,298.0,305.75,297.5,302.0,295.0190124511719,32386073
2024-08-09,306.5,308.0,300.5,301.75,294.7748107910156,25010646
2024-08-12,305.0,306.75,299.0,300.25,293.3094787597656,27721724
2024-08-13,300.25,300.75,292.25,297.75,290.8672790527344,26412277
2024-08-14,299.25,301.5,291.5,291.75,285.0059814453125,18953889
2024-08-15,291.75,291.75,282.75,288.5,281.8310852050781,34055805
2024-08-16,296.0,299.25,292.5,293.5,286.71551513671875,38799466
2024-08-19,295.5,298.0,292.0,297.0,290.13458251953125,26825619
2024-08-20,296.5,303.25,295.75,299.75,292.8210144042969,34477472
2024-08-21,299.75,303.0,296.25,297.75,290.8672790527344,23463737
2024-08-22,300.0,301.5,294.5,294.5,287.6924133300781,24952855
2024-08-23,294.75,299.0,291.0,295.0,288.18084716796875,31205050
2024-08-26,296.5,297.25,288.75,288.75,282.0752868652344,22083752
2024-08-27,288.75,298.25,287.75,297.75,290.8672790527344,25541295
2024-08-28,297.75,304.5,297.5,302.25,295.26324462890625,29852124
2024-08-29,302.0,303.0,298.25,300.5,293.5537109375,25703034
2024-09-02,302.0,309.75,301.75,308.5,301.3687744140625,34729004
2024-09-03,308.0,309.25,301.75,302.75,295.751708984375,23411840
2024-09-04,300.25,301.5,298.25,301.0,294.0421447753906,19799342
2024-09-05,302.25,303.25,295.75,296.75,289.890380859375,23092345
2024-09-06,297.0,298.75,294.0,294.25,287.4481506347656,20468462
2024-09-09,293.25,294.5,289.0,289.0,282.3195495605469,24892932
2024-09-10,290.0,291.0,283.75,284.0,277.43511962890625,28335939
2024-09-11,284.25,286.5,280.0,280.0,273.527587890625,21805515
2024-09-12,284.25,289.25,281.5,286.25,279.63311767578125,39046318
2024-09-13,287.5,292.25,283.25,292.25,285.4944152832031,24404734
2024-09-16,291.75,292.0,285.75,286.25,279.63311767578125,17210152
2024-09-17,287.25,293.75,287.25,290.5,283.7848815917969,25446750
2024-09-18,290.25,293.5,289.75,291.5,284.76171875,19884166
2024-09-19,294.75,301.25,293.0,301.0,294.0421447753906,30539856
2024-09-20,300.75,301.5,298.0,299.5,292.5768127441406,20237710
2024-09-23,301.0,302.75,295.25,296.0,289.15771484375,23543000
2024-09-24,296.0,300.0,294.75,296.25,289.4019470214844,39566662
2024-09-25,296.75,297.5,291.25,291.25,284.51751708984375,25711329
2024-09-26,293.25,297.0,290.5,291.25,284.51751708984375,28959484
2024-09-27,292.25,294.5,290.25,292.25,285.4944152832031,19847298
2024-09-30,291.75,291.75,284.75,285.0,278.4120178222656,21334664
2024-10-01,285.25,287.0,274.25,277.75,271.3295593261719,34658869
2024-10-02,277.0,281.75,271.25,271.5,265.22406005859375,37339145
2024-10-03,272.0,277.5,268.75,268.75,262.5376281738281,27014849
2024-10-04,271.0,274.75,270.0,273.75,267.4220275878906,25552239
2024-10-07,274.75,275.5,269.5,270.5,264.2471618652344,19065238
2024-10-08,270.0,272.5,268.75,270.75,264.49139404296875,24186666
2024-10-09,270.75,271.25,265.0,270.25,264.0029602050781,23956358
2024-10-10,271.25,272.5,266.5,266.5,260.3396301269531,16761536
2024-10-11,267.0,271.0,263.75,264.75,258.6300964355469,17775777
2024-10-14,264.75,265.0,257.5,257.75,251.79190063476562,19868260
2024-10-15,257.75,268.75,257.5,268.0,261.8049621582031,30713391
2024-10-16,267.0,270.0,264.0,269.25,263.02606201171875,19268275
2024-10-17,269.5,275.0,269.25,273.5,267.1778259277344,24972591
2024-10-18,273.75,275.0,266.75,268.0,261.8049621582031,20698103
2024-10-21,268.0,272.0,266.25,269.5,263.270263671875,24074749
2024-10-22,270.5,276.5,269.5,274.75,268.39892578125,26819572
2024-10-23,275.25,275.25,267.25,267.75,261.56072998046875,24305349
2024-10-24,270.0,274.5,270.0,273.75,267.4220275878906,18918442
2024-10-25,272.75,276.75,271.75,276.0,269.6200256347656,17216815
2024-10-28,278.5,280.0,276.25,278.0,271.5738220214844,7035135
2024-10-30,277.75,280.0,276.5,277.5,271.0853576660156,14799003
2024-10-31,277.75,279.0,272.5,272.5,266.200927734375,14473937
2024-11-01,273.0,274.75,271.5,273.0,266.68939208984375,19991989
2024-11-04,272.0,273.0,267.0,268.5,262.2934265136719,18418359
2024-11-05,272.25,273.75,270.25,272.25,265.9566955566406,31196076
2024-11-06,273.0,281.0,270.0,277.25,270.8411560058594,30758235
2024-11-07,278.25,283.0,276.0,282.75,276.2139892578125,24069867
2024-11-08,282.0,290.5,281.5,290.25,283.5406188964844,23348584
2024-11-11,290.75,291.25,286.5,288.0,281.3426513671875,21162079
2024-11-12,289.5,290.75,286.25,286.5,279.8773193359375,20609050
2024-11-13,286.0,288.0,282.0,283.75,277.1908874511719,31922085
2024-11-14,285.5,289.0,284.0,286.5,279.8773193359375,28667480
2024-11-15,287.75,293.75,287.0,289.75,283.05218505859375,40033524
2024-11-18,291.0,292.5,287.0,288.75,282.0752868652344,26338290
2024-11-19,289.5,290.25,278.0,279.0,272.5506896972656,30459346
2024-11-20,280.5,281.75,269.5,271.0,264.735595703125,28212777
2024-11-21,272.0,279.75,271.0,279.75,273.2833557128906,23938681
2024-11-22,279.5,281.0,276.5,279.5,273.0391540527344,24811970
2024-11-25,281.5,300.25,281.0,296.25,289.4019470214844,61855170
2024-11-26,296.0,296.5,291.25,294.0,287.2039489746094,31270250
2024-11-27,299.25,299.75,292.25,292.5,285.7386169433594,35199151
2024-11-28,291.0,291.25,284.25,287.25,280.6099853515625,26994739
2024-11-29,287.25,287.75,283.5,285.0,278.4120178222656,29697434
2024-12-02,284.5,286.75,282.5,285.5,278.9004211425781,33276590
2024-12-03,286.25,290.5,284.0,287.0,280.3657531738281,28304567
2024-12-04,288.5,291.75,287.75,289.0,282.3195495605469,27748059
2024-12-05,290.5,295.0,290.0,293.5,286.71551513671875,33995219
2024-12-06,296.0,300.5,293.5,300.5,293.5537109375,35655051
2024-12-09,303.75,304.0,299.25,300.5,293.5537109375,23749386
2024-12-10,300.5,305.0,297.75,299.25,292.33258056640625,40376517
2024-12-11,299.5,303.0,297.25,301.25,294.2863464355469,30996824
2024-12-12,303.0,304.25,296.75,298.5,291.59991455078125,21407493
2024-12-13,297.75,299.5,294.25,299.25,292.33258056640625,22432206
2024-12-16,300.25,300.75,295.5,295.5,288.6692810058594,21406432
2024-12-17,295.5,300.5,293.0,297.75,290.8672790527344,28508478
2024-12-18,297.0,297.75,290.25,290.5,283.7848815917969,24216068
2024-12-19,288.5,293.0,287.75,289.5,282.8079833984375,25167342
2024-12-20,289.5,291.25,287.75,289.75,283.05218505859375,21909897
2024-12-23,290.25,292.5,285.0,286.0,279.38885498046875,20606277
2024-12-24,286.0,287.25,283.25,285.5,278.9004211425781,15485512
2024-12-25,289.0,289.75,287.75,288.25,281.58685302734375,12283659
2024-12-26,289.5,293.25,288.0,290.0,283.2964172363281,27141490
2024-12-27,290.25,293.25,289.75,290.75,284.0290832519531,23638402
2024-12-30,291.25,291.5,282.25,282.25,275.7255859375,20734285
2024-12-31,282.5,285.75,278.75,281.0,274.50445556640625,26585935
2025-01-02,282.25,287.5,281.25,287.5,280.85418701171875,25569193
2025-01-03,288.25,299.75,288.0,298.0,291.1114807128906,40123161
2025-01-06,299.5,300.0,295.25,297.0,290.13458251953125,28979311
2025-01-07,296.0,298.25,293.0,293.5,286.71551513671875,27531422
2025-01-08,293.0,295.0,291.0,293.0,286.22705078125,24336195
2025-01-09,294.5,297.5,292.5,294.75,287.9366149902344,23214174
2025-01-10,295.25,297.75,292.5,293.5,286.71551513671875,24514821
2025-01-13,292.75,294.5,287.25,289.75,283.05218505859375,19087499
2025-01-14,291.25,295.25,290.0,293.5,286.71551513671875,26352017
2025-01-15,293.5,298.5,292.25,295.0,288.18084716796875,35506445
2025-01-16,299.0,300.25,295.0,297.75,290.8672790527344,33591167
2025-01-17,298.0,303.75,296.25,303.5,296.4843444824219,35667354
2025-01-20,305.0,306.0,301.75,305.75,298.6823425292969,27879358
2025-01-21,304.25,305.5,299.75,301.25,294.2863464355469,24194618
2025-01-22,301.75,305.75,300.5,305.25,298.1938781738281,23395068
2025-01-23,306.0,311.75,303.0,309.75,302.5898742675781,38920626
2025-01-24,310.0,311.0,306.0,309.0,301.8572082519531,25724625
2025-01-27,307.25,312.5,304.75,306.5,299.4150085449219,44353911
2025-01-28,307.0,312.75,304.75,311.75,304.54364013671875,37742137
2025-01-29,311.75,314.5,309.0,313.0,305.7647399902344,32487977
2025-01-30,313.25,316.5,312.0,313.0,305.7647399902344,30495540
2025-01-31,313.25,317.75,313.0,317.0,309.67230224609375,32123757
2025-02-03,315.0,318.0,311.75,313.75,306.4974365234375,35289967
2025-02-04,314.75,316.25,303.25,303.5,296.4843444824219,39064740
2025-02-05,304.25,306.75,297.5,303.75,296.72857666015625,37613460
2025-02-06,306.5,316.25,306.5,313.5,306.253173828125,38126039
2025-02-07,313.5,322.5,312.0,322.25,314.8009338378906,37332540
2025-02-10,322.25,323.5,318.5,320.25,312.8471374511719,24088178
2025-02-11,319.5,320.0,313.5,319.5,312.114501953125,27260246
2025-02-12,320.0,321.25,316.0,317.0,309.67230224609375,37862912
2025-02-13,320.0,321.5,318.5,319.25,311.87030029296875,22660735
2025-02-14,319.75,323.0,315.0,316.75,309.4280700683594,26200192
2025-02-17,317.5,321.5,314.5,319.5,312.114501953125,31432655
2025-02-18,320.0,327.0,318.5,325.0,317.48736572265625,41069874
2025-02-19,324.75,326.0,317.0,318.25,310.8934020996094,32683908
2025-02-20,318.75,325.25,315.0,315.75,308.451171875,33188614
2025-02-21,316.25,317.5,305.5,309.25,302.1014404296875,39089686
2025-02-24,312.5,314.25,308.5,309.5,302.34564208984375,25538534
2025-02-25,309.75,311.5,304.25,304.75,297.7054443359375,23823247
2025-02-26,305.75,310.0,305.0,308.25,301.12457275390625,25833012
2025-02-27,308.25,316.75,307.5,315.75,308.451171875,51598698
2025-02-28,313.0,313.5,305.75,308.25,301.12457275390625,48604438
2025-03-03,311.25,319.75,309.75,314.5,307.2300720214844,49150523
2025-03-04,314.25,319.75,313.25,317.25,309.91650390625,35047448
2025-03-05,319.5,326.75,319.0,326.25,318.7084655761719,47800841
2025-03-06,328.25,336.0,324.25,336.0,328.23309326171875,54894390
2025-03-07,334.75,338.5,333.25,335.75,327.9888916015625,33033527
2025-03-10,335.75,338.75,331.75,333.0,325.3024597167969,27065446
2025-03-11,334.0,335.0,330.5,330.5,322.8602294921875,23776191
2025-03-12,333.25,336.5,332.25,333.5,325.7908630371094,31574967
2025-03-13,336.0,339.5,334.5,337.75,329.942626953125,44492350
2025-03-14,339.5,339.5,336.0,337.0,329.2099609375,26900238
2025-03-17,337.5,339.0,333.25,334.0,326.279296875,25636817
2025-03-18,331.0,332.0,326.75,327.0,319.4411315917969,29487095
2025-03-19,309.0,318.75,295.0,301.25,294.2863464355469,63125592
2025-03-20,302.75,316.25,302.75,308.0,300.88031005859375,54152829
2025-03-21,306.25,306.75,282.25,285.75,279.1446533203125,52546154
2025-03-24,294.75,305.75,291.5,303.0,295.99591064453125,55342576
2025-03-25,308.0,315.25,306.5,312.0,304.7878723144531,43119513
2025-03-26,309.0,313.75,307.75,309.75,302.5898742675781,30936805
2025-03-27,315.25,316.0,308.0,308.5,301.3687744140625,30775578
2025-03-28,309.25,311.5,302.5,311.0,303.8110046386719,25046525
2025-04-02,308.75,309.5,305.0,305.0,297.9496765136719,17269939
2025-04-03,305.5,308.5,304.0,304.0,296.9727783203125,18371736
2025-04-04,305.75,308.0,303.75,304.75,297.7054443359375,24782039
2025-04-07,298.5,314.0,294.75,310.0,302.8341064453125,49075770
2025-04-08,314.0,314.75,308.25,308.25,301.12457275390625,28235708
2025-04-09,307.0,310.75,305.5,306.0,298.92657470703125,32425908
2025-04-10,314.75,315.25,306.0,306.0,298.92657470703125,27575977
2025-04-11,306.75,310.0,306.0,310.0,302.8341064453125,26415836
2025-04-14,312.75,315.0,311.75,313.25,306.00897216796875,23820445
2025-04-15,313.5,320.5,312.25,320.0,312.6029357910156,37597322
2025-04-16,320.0,322.5,318.0,319.75,312.3587341308594,27672822
2025-04-17,320.5,325.25,320.0,323.5,316.02203369140625,29681244
2025-04-18,323.5,323.75,317.0,319.0,311.62603759765625,17561301
2025-04-21,319.0,320.0,314.0,315.0,307.718505859375,18774590
2025-04-22,316.5,321.25,316.5,320.0,312.6029357910156,22775757
2025-04-24,322.25,323.5,318.0,321.5,314.0682678222656,16088858
2025-04-25,322.0,323.5,317.75,317.75,310.4049377441406,16262264
2025-04-28,318.0,318.75,312.75,312.75,305.5205383300781,16149088
2025-04-29,305.5,306.25,297.75,297.75,290.8672790527344,28399308
2025-04-30,298.75,300.25,283.25,284.25,277.6793212890625,33320216
2025-05-02,285.5,295.0,285.5,292.75,285.98284912109375,21047856
2025-05-05,295.0,296.5,287.0,294.0,287.2039489746094,19284842
2025-05-06,294.25,296.25,291.25,291.75,285.0059814453125,15717504
2025-05-07,290.5,291.0,276.25,278.75,272.30645751953125,27150834
2025-05-08,280.5,285.5,279.0,285.0,278.4120178222656,15393943
2025-05-09,285.5,296.5,285.5,294.0,287.2039489746094,27735690
2025-05-12,305.5,309.75,302.75,309.5,302.34564208984375,25067318
2025-05-13,307.5,308.5,303.0,304.5,297.46124267578125,19280816
2025-05-14,303.25,303.25,299.0,299.0,292.08837890625,23810847
2025-05-15,299.75,301.0,292.25,293.75,286.959716796875,16721515
2025-05-16,294.0,296.25,288.75,293.0,286.22705078125,30633725
2025-05-20,293.75,293.75,286.0,286.75,280.1215515136719,28204042
2025-05-21,286.75,287.0,279.75,279.75,273.2833557128906,42495427
2025-05-22,283.5,287.5,278.25,284.25,277.6793212890625,49323964
2025-05-23,283.5,286.25,279.75,279.75,273.2833557128906,35288228
2025-05-26,282.5,282.75,279.25,280.0,273.527587890625,25342423
2025-05-27,280.5,283.0,275.0,275.0,268.64312744140625,26579753
2025-05-28,275.5,279.0,274.5,276.5,270.10845947265625,21458274
2025-05-29,278.75,281.0,277.25,278.5,272.062255859375,24116391
2025-05-30,279.0,280.25,273.0,273.25,266.93359375,24838082
2025-06-02,272.5,276.5,272.0,275.75,269.3758239746094,23231977
2025-06-03,278.0,284.25,277.75,283.75,277.1908874511719,22246363
2025-06-04,283.25,287.5,281.75,287.0,280.3657531738281,21146096
2025-06-05,285.75,287.0,284.75,286.5,279.8773193359375,5311968
2025-06-10,289.0,293.25,289.0,291.0,284.2732849121094,28557448
2025-06-11,291.0,292.0,289.25,290.5,283.7848815917969,21086678
2025-06-12,287.0,287.25,278.0,278.75,272.30645751953125,34285321
2025-06-13,262.5,266.5,258.5,263.75,257.6531982421875,37717566
2025-06-16,263.5,268.25,259.5,265.25,262.5448303222656,28020896
2025-06-17,265.25,266.0,261.5,261.75,259.08050537109375,21056327
2025-06-18,260.25,260.75,256.0,257.25,254.6264190673828,27511803
2025-06-19,258.0,259.5,252.0,252.0,249.42996215820312,20781123
2025-06-20,257.25,258.5,254.0,256.75,254.1315155029297,19876258
2025-06-23,253.0,254.0,249.1999969482422,253.0,250.4197540283203,27919468
2025-06-24,270.0,275.75,265.0,274.5,271.70050048828125,60708109
2025-06-25,275.5,275.75,270.5,271.5,268.7310791015625,23663253
2025-06-26,271.75,272.75,265.0,265.25,262.5448303222656,17081008
2025-06-27,265.25,269.75,263.25,267.75,265.0193176269531,25137482
2025-06-30,269.25,284.0,268.5,283.5,280.60870361328125,60838790
2025-07-01,284.25,292.5,282.75,290.5,287.5373229980469,37385296
2025-07-02,290.75,296.0,288.5,291.0,288.0321960449219,36959749
2025-07-03,295.0,295.75,291.0,291.5,288.527099609375,24795522
2025-07-04,292.25,295.25,291.25,292.75,289.7643737792969,22878532
2025-07-07,288.5,291.25,286.5,287.5,284.5679016113281,22479863
2025-07-08,289.25,291.25,279.0,280.5,277.6392822265625,30031285
2025-07-09,281.5,287.5,281.25,286.75,283.8255615234375,23296990
2025-07-10,289.5,293.25,289.25,291.0,288.0321960449219,34795243
2025-07-11,296.0,297.0,290.75,293.0,290.0118103027344,34145288
2025-07-14,293.25,295.25,290.75,291.0,288.0321960449219,32569360
2025-07-16,291.0,293.25,280.5,285.0,282.0934143066406,40611252
2025-07-17,289.5,290.5,285.0,289.25,286.300048828125,29728257
2025-07-18,289.5,291.75,287.5,289.0,286.0526123046875,33276220
2025-07-21,290.75,295.5,290.5,294.0,291.0016174316406,31054005
2025-07-22,294.5,298.25,294.5,297.25,294.2184753417969,37359500
2025-07-23,298.75,299.5,293.75,294.5,291.49652099609375,24710463
2025-07-24,296.0,298.75,293.25,296.0,292.981201171875,27444494
2025-07-25,296.25,297.0,293.0,293.0,290.0118103027344,15138879
2025-07-28,293.75,294.5,290.0,290.25,287.28985595703125,17995538
2025-07-29,290.0,291.0,285.25,285.25,282.3408508300781,19619086
2025-07-30,285.5,289.0,285.25,287.25,284.3204650878906,22915366
2025-07-31,288.5,289.75,286.0,288.0,285.06280517578125,28385427
2025-08-01,288.5,290.75,286.75,288.75,285.8051452636719,29061004
2025-08-04,291.0,296.5,290.5,294.5,291.49652099609375,36501829
2025-08-05,296.25,298.0,295.25,295.5,292.486328125,22228274
2025-08-06,298.5,311.25,298.0,308.5,305.3537292480469,70872223
2025-08-07,309.75,311.75,306.0,309.0,305.8486328125,40809896
2025-08-08,309.5,314.75,309.25,314.25,311.04510498046875,34231549
2025-08-11,316.75,317.75,311.75,315.75,312.52978515625,34537595
2025-08-12,315.25,321.75,311.75,319.5,316.2415466308594,41165145
2025-08-13,320.75,325.0,317.25,324.25,320.943115234375,31590210
2025-08-14,322.5,331.25,322.25,326.0,322.6752624511719,35978676
2025-08-15,326.25,331.25,324.75,331.0,327.624267578125,24854745
2025-08-18,331.25,335.25,329.0,334.0,330.5936584472656,24014896
2025-08-19,334.75,339.5,330.0,338.5,335.04779052734375,33939647
2025-08-20,338.5,340.5,334.0,338.75,335.29522705078125,25992738
2025-08-21,340.0,341.5,335.75,337.0,333.5630798339844,26330388
2025-08-22,337.5,339.0,334.0,337.5,334.0579833984375,23038084
2025-08-25,338.25,341.25,336.25,338.25,334.8003234863281,29965988
2025-08-26,338.75,346.25,337.75,343.5,339.9967956542969,34867256
2025-08-27,345.0,346.0,338.5,338.75,335.29522705078125,22120352
2025-08-28,339.0,344.25,337.75,340.0,336.532470703125,20691413
2025-08-29,340.25,340.5,333.75,335.0,331.5834655761719,18346545
2025-09-01,335.0,340.25,334.75,337.5,334.0579833984375,17815923
2025-09-02,335.5,336.0,316.5,327.5,327.5,35955211
2025-09-03,326.25,333.25,319.5,329.25,329.25,32674168
2025-09-04,329.5,334.0,321.25,322.5,322.5,35176179
2025-09-05,324.0,327.5,319.0,319.5,319.5,27203856
2025-09-08,313.25,315.5,307.5,309.0,309.0,27586255
2025-09-09,310.75,320.75,310.5,316.75,316.75,40493190
2025-09-10,318.25,322.75,312.5,322.5,322.5,34820863
2025-09-11,323.25,324.75,314.5,316.0,316.0,30023616
2025-09-12,315.25,316.5,311.0,314.0,314.0,21179398
2025-09-15,313.25,332.5,310.25,331.75,331.75,52033362
2025-09-16,331.5,331.5,325.0,327.0,327.0,40226846
2025-09-17,327.0,327.25,321.25,321.5,321.5,34230277
2025-09-18,323.0,326.0,317.0,317.75,317.75,34917799
2025-09-19,319.0,322.0,313.25,319.75,319.75,43870527
2025-09-22,327.5,330.25,324.5,326.0,326.0,43892594
2025-09-23,323.0,327.5,320.0,324.75,324.75,40017266
2025-09-24,326.0,327.5,317.75,324.0,324.0,42762282
2025-09-25,325.5,332.5,325.5,328.25,328.25,39070278
2025-09-26,329.25,329.5,319.25,319.75,319.75,54508756
2025-09-29,318.0,324.5,316.5,319.25,319.25,37562966
2025-09-30,321.25,323.75,314.0,315.0,315.0,33491387
2025-10-01,315.5,318.75,311.75,315.75,315.75,44237945
2025-10-02,315.75,318.5,314.5,315.0,315.0,39859117
2025-10-03,316.0,317.25,310.75,311.0,311.0,31181374
2025-10-06,312.5,317.0,304.0,305.5,305.5,40200172
2025-10-07,306.25,314.5,305.5,313.75,313.75,32264093
2025-10-08,313.5,316.75,307.5,310.25,310.25,41143341
2025-10-09,316.75,318.25,310.75,312.5,312.5,37074561
2025-10-10,313.25,317.75,310.75,313.75,313.75,36347821
2025-10-13,309.5,312.25,307.75,309.0,309.0,29718699
2025-10-14,309.25,310.25,300.25,302.0,302.0,31639213
2025-10-15,302.75,306.25,298.0,300.75,300.75,41747312
2025-10-16,299.25,302.0,295.5,296.0,296.0,38875850
2025-10-17,295.0,296.0,287.75,292.0,292.0,57747825
2025-10-20,293.25,300.25,290.0,297.75,297.75,51523112
2025-10-21,298.5,298.75,293.0,294.5,294.5,30462184
2025-10-22,295.5,296.0,287.0,288.0,288.0,42484656
2025-10-23,288.5,290.25,283.75,284.25,284.25,40555813
2025-10-24,287.0,302.25,287.0,297.0,297.0,84622262
2025-10-27,297.0,298.5,293.0,295.0,27751916
2025-10-28,294.75,295.75,292.0,292.0,10268579
2025-10-30,292.75,294.75,289.5,290.0,27637939
2025-10-31,290.25,293.25,289.0,291.5,28385482
2025-11-03,293.25,295.75,292.25,294.0,41693246
2025-11-04,294.0,295.0,288.25,289.0,29538148
2025-11-05,289.5,292.0,287.25,290.0,37593637
2025-11-06,291.75,294.5,288.0,292.5,33000037
2025-11-07,296.0,298.25,288.0,289.5,42808807
2025-11-10,291.0,291.5,278.25,278.25,43267774
2025-11-11,278.25,281.0,266.5,273.0,54581700
2025-11-12,275.25,275.5,268.0,268.0,37544314
2025-11-13,269.25,274.5,269.25,271.0,34972867
2025-11-14,270.5,271.0,267.0,269.0,28455584
2025-11-17,270.75,271.5,266.75,268.5,29682554
2025-11-18,267.5,269.75,266.75,267.5,22734301
2025-11-19,268.75,278.75,268.5,277.5,45678395
2025-11-20,279.0,280.75,273.75,276.25,31112755
2025-11-21,276.25,276.25,271.5,273.0,27542702
2025-11-24,272.25,273.25,270.0,270.25,33487074
2025-11-25,271.0,279.0,270.0,273.25,53946056
2025-11-26,273.75,275.25,272.75,274.25,32243168
2025-11-27,276.0,276.5,272.5,272.5,24662646
2025-11-28,272.75,276.75,271.5,272.75,31495812
2025-12-01,272.0,277.25,271.5,276.5,29348256
2025-12-02,277.0,281.75,276.25,279.0,38452648
2025-12-03,281.25,283.5,275.5,275.5,35791929
2025-12-04,275.5,277.25,269.25,270.0,31922352
2025-12-05,270.0,271.75,267.75,270.25,25259577
2025-12-08,271.75,273.75,271.75,272.25,30892643
2025-12-09,273.0,273.25,270.5,271.5,27160617
2025-12-10,272.0,275.75,270.25,270.5,37191224
2025-12-11,271.25,272.5,269.25,269.5,27746236
2025-12-12,270.75,274.5,270.75,272.25,27438909
2025-12-15,273.25,276.25,272.0,274.25,34556393
2025-12-16,274.5,276.0,272.25,273.25,36677565
2025-12-17,273.25,275.0,271.0,274.0,35624064
2025-12-18,274.5,277.25,273.25,274.5,38604691
2025-12-19,275.0,277.75,273.75,277.25,38159581
2025-12-22,277.75,278.5,271.75,272.0,31216523
2025-12-23,271.75,272.0,270.0,270.5,23713128
2025-12-24,271.0,272.5,269.25,271.25,26074191
2025-12-25,272.5,273.5,271.0,271.25,12977291
2025-12-26,271.25,271.5,267.25,268.0,22195231
2025-12-29,268.25,269.0,262.75,264.5,31535713
2025-12-30,265.0,269.75,264.75,267.75,32525018
2025-12-31,268.5,269.75,267.25,268.5,20565368
2026-01-02,271.0,274.25,269.75,274.25,28891002
2026-01-05,274.25,279.0,272.5,277.75,38929858
2026-01-06,279.0,289.25,279.0,288.5,60291603
2026-01-07,289.5,295.25,287.5,290.75,71173468
2026-01-08,291.0,295.75,286.5,294.5,60705169
2026-01-09,296.0,298.0,290.25,291.5,51357969
2026-01-12,291.75,294.5,289.25,291.5,49228010
2026-01-13,292.0,292.5,285.75,287.0,50345679
2026-01-14,288.5,289.0,279.5,280.25,47676029
2026-01-15,280.75,288.75,280.5,287.75,52640730
2026-01-16,290.5,295.5,288.5,292.0,52808497
2026-01-19,294.25,299.75,292.5,295.75,72954364
2026-01-20,295.75,296.75,291.5,292.0,44544516
2026-01-21,292.5,297.0,290.0,297.0,52547045
2026-01-22,299.0,301.0,294.75,299.0,63538093
2026-01-23,300.5,304.25,299.5,301.0,50706805
2026-01-26,299.0,302.75,296.0,299.25,46066314
2026-01-27,299.75,301.0,293.75,294.25,47513693
2026-01-28,294.25,303.0,294.25,298.0,92400525
2026-01-29,300.0,307.25,298.0,302.25,104308213
2026-01-30,302.25,308.25,298.5,304.0,83271865
2026-02-02,300.25,310.0,298.0,305.75,94704808
2026-02-03,308.0,319.25,308.0,318.75,84532266
2026-02-04,320.0,322.75,315.0,320.5,67172321
2026-02-05,318.5,322.0,316.0,317.0,64928341
2026-02-06,317.0,324.5,311.75,322.5,67707854
2026-02-09,326.5,329.75,321.75,329.5,63946715
2026-02-10,329.0,333.25,327.75,333.0,52371004
2026-02-11,330.5,337.75,329.0,331.0,61366265
2026-02-12,332.25,341.25,331.0,337.0,70648552
2026-02-13,337.5,351.25,337.25,347.75,79364384
2026-02-16,349.75,352.5,345.0,347.75,60497306
2026-02-17,346.25,350.75,343.0,345.0,59808917
2026-02-18,345.75,350.0,324.75,328.25,94434599
2026-02-19,330.5,331.0,310.25,312.5,81994623
2026-02-20,314.5,320.5,313.75,320.5,49745507
2026-02-23,325.75,326.0,315.25,315.75,58340211
2026-02-24,315.75,316.0,307.25,308.5,60541603
2026-02-25,309.25,311.0,305.5,307.0,36524474
2026-02-26,307.75,316.25,302.5,311.5,68383970
2026-02-27,313.25,314.0,303.5,307.5,60671396
2026-03-02,282.5,292.5,282.25,289.0,54215665
2026-03-03,286.0,295.25,285.0,287.0,42900149
2026-03-04,288.0,292.0,282.0,287.75,46550560
2026-03-05,293.25,295.25,283.75,284.25,42754331
2026-03-06,284.0,286.0,276.0,276.75,56263294
2026-03-09,267.0,282.0,263.5,282.0,51377626
2026-03-10,294.0,297.0,288.75,297.0,61941889
2026-03-11,296.0,296.25,289.5,294.75,40619946
2026-03-12,290.0,297.75,289.25,292.75,41475379
2026-03-13,291.25,293.5,286.75,292.25,26218061
2026-03-16,292.5,293.5,288.25,290.0,28395392
2026-03-17,291.0,296.0,291.0,294.75,22876482
2026-03-18,297.25,298.0,289.25,290.75,24386487
2026-03-19,289.0,291.5,287.75,289.5,11565613
2026-03-23,281.25,296.25,279.5,295.5,75513242
2026-03-24,292.25,296.5,290.75,291.0,40807369
2026-03-25,295.75,299.5,292.75,294.5,66108591
2026-03-26,292.5,296.5,291.75,293.5,31352265
2026-03-27,295.0,295.5,290.5,294.0,30167762
2026-03-30,292.5,293.5,288.75,288.75,29264051
2026-03-31,290.0,294.75,289.25,294.25,43351658
2026-04-01,306.25,307.75,297.5,298.0,47033368
2026-04-02,292.5,300.5,291.25,299.75,48135580
2026-04-03,299.25,299.75,295.0,296.0,21832383
2026-04-06,296.75,301.25,296.5,297.25,36486790
2026-04-07,296.0,299.25,291.75,292.0,42540777
2026-04-08,308.75,321.0,307.5,317.0,110512822
2026-04-09,316.0,322.25,313.25,319.5,43131773
2026-04-10,322.5,325.25,321.0,323.25,39622743
2026-04-13,316.0,318.75,314.25,316.75,59932285
2026-04-14,319.75,326.5,319.5,324.0,65014922
2026-04-15,326.5,326.75,318.5,319.25,50829575
2026-04-16,323.0,324.5,315.5,317.25,42533691
2026-04-17,318.0,335.0,317.75,329.0,108841541
2026-04-20,,,,,62881814
2026-04-21,329.0,334.5,327.0,327.0,327.0,41012885
2026-04-22,329.5,331.25,319.5,323.5,323.5,37881076
2026-04-24,323.0,326.25,319.0,325.0,325.0,37892432
2026-04-27,324.5,326.75,320.25,320.5,320.5,39753416
2026-04-28,319.5,320.25,315.25,315.75,315.75,27040131
2026-04-29,316.75,317.75,313.0,314.5,314.5,30230456
2026-04-30,310.0,311.5,305.25,308.25,308.25,55904761
2026-05-04,308.5,310.75,300.5,300.75,300.75,57653327
2026-05-05,300.75,304.25,298.25,301.0,301.0,39319327
2026-05-06,307.0,316.25,304.75,309.75,309.75,102928965
2026-05-07,311.75,315.25,311.25,312.5,312.5,55094125
2026-05-08,310.0,314.75,306.75,311.0,311.0,52591635
2026-05-11,308.25,309.5,306.25,308.5,308.5,32165704
2026-05-12,308.0,310.0,305.25,305.75,305.75,25842992
2026-05-13,307.75,310.0,304.0,304.0,304.0,31137355
2026-05-14,305.25,308.5,305.25,305.75,305.75,33906131
2026-05-15,303.5,304.25,298.5,300.0,300.0,30059261
2026-05-18,299.5,299.75,296.25,296.5,296.5,14539415
