Tarih,Açılış,Yüksek,Düşük,Kapanış,Düzeltilmiş_Kapanış,Hacim
2015-10-29,11.135713577270508,11.135713577270508,11.135713577270508,11.135713577270508,5.037648677825928,0
2015-10-30,11.05714225769043,11.078571319580078,10.985713958740234,11.0,4.976253986358643,6088292
2015-11-02,11.114285469055176,11.114285469055176,10.978570938110352,11.050000190734863,4.998872756958008,10005359
2015-11-03,10.957141876220703,10.992856979370117,10.89285659790039,10.935713768005371,4.947171688079834,6050051
2015-11-04,10.978570938110352,11.050000190734863,10.964284896850586,11.0,4.976253986358643,10424050
2015-11-05,11.01428508758545,11.199999809265137,10.992856979370117,11.199999809265137,5.066730976104736,6120142
2015-11-06,11.185713768005371,11.185713768005371,11.021428108215332,11.107142448425293,5.02472448348999,5084408
2015-11-09,11.092857360839844,11.128570556640625,11.050000190734863,11.085714340209961,5.0150299072265625,2613618
2015-11-10,11.0,11.05714225769043,10.942856788635254,10.942856788635254,4.950403213500977,2805866
2015-11-11,11.071428298950195,11.092857360839844,11.0,11.01428508758545,4.982716083526611,1869322
2015-11-12,11.007142066955566,11.01428508758545,10.928570747375488,10.971427917480469,4.9633283615112305,3673453
2015-11-13,10.90714168548584,10.942856788635254,10.89285659790039,10.914284706115723,4.937477111816406,6124489
2015-11-16,10.76428508758545,10.79285717010498,10.714284896850586,10.714284896850586,4.847000598907471,3443776
2015-11-17,10.76428508758545,10.785714149475098,10.699999809265137,10.699999809265137,4.840538024902344,4846737
2015-11-18,10.671427726745605,10.685713768005371,10.649999618530273,10.671427726745605,4.827612400054932,4855949
2015-11-19,10.685713768005371,10.707141876220703,10.649999618530273,10.649999618530273,4.81791877746582,4552940
2015-11-20,10.664284706115723,10.664284706115723,10.571428298950195,10.571428298950195,4.782373905181885,3302173
2015-11-23,10.728570938110352,10.757142066955566,10.628570556640625,10.65714168548584,4.8211493492126465,2831381
2015-11-24,10.54285717010498,10.600000381469727,10.185713768005371,10.185713768005371,4.607881546020508,9591120
2015-11-25,10.485713958740234,10.649999618530273,10.457141876220703,10.649999618530273,4.81791877746582,5577565
2015-11-26,10.528571128845215,10.635713577270508,10.51428508758545,10.571428298950195,4.782373905181885,6634831
2015-11-27,10.614285469055176,10.635713577270508,10.435713768005371,10.435713768005371,4.720978260040283,2833327
2015-11-30,10.435713768005371,10.550000190734863,10.257142066955566,10.278571128845215,4.64988899230957,9033535
2015-12-01,10.29285717010498,10.51428508758545,10.29285717010498,10.29285717010498,4.656351566314697,8880025
2015-12-02,10.550000190734863,10.564285278320312,10.350000381469727,10.378570556640625,4.695127487182617,9604686
2015-12-03,10.399999618530273,10.5,10.028571128845215,10.028571128845215,4.536792278289795,11641259
2015-12-04,10.092857360839844,10.14285659790039,9.614285469055176,9.835714340209961,4.449546813964844,17757404
2015-12-07,9.871427536010742,10.035714149475098,9.707141876220703,9.971427917480469,4.510941982269287,7417039
2015-12-08,9.971427917480469,10.04285717010498,9.864285469055176,9.928570747375488,4.49155330657959,8281259
2015-12-09,10.01428508758545,10.092857360839844,9.728570938110352,10.078571319580078,4.559411525726318,13640046
2015-12-10,10.078571319580078,10.300000190734863,9.899999618530273,9.964284896850586,4.5077104568481445,12029360
2015-12-11,9.964284896850586,10.0,9.699999809265137,9.821428298950195,4.443083763122559,9232692
2015-12-14,9.871427536010742,9.949999809265137,9.528571128845215,9.528571128845215,4.310599327087402,5268942
2015-12-15,9.607142448425293,10.235713958740234,9.585714340209961,10.199999809265137,4.614344596862793,11831820
2015-12-16,10.128570556640625,10.40714168548584,10.007142066955566,10.321428298950195,4.669277667999268,9421419
2015-12-17,10.428570747375488,10.54285717010498,10.342857360839844,10.442856788635254,4.724209785461426,7102200
2015-12-18,10.378570556640625,10.414284706115723,10.214284896850586,10.257142066955566,4.640194892883301,4931367
2015-12-21,10.26428508758545,10.428570747375488,10.26428508758545,10.350000381469727,4.6822028160095215,3365495
2015-12-22,10.29285717010498,10.55714225769043,10.192856788635254,10.550000190734863,4.772680282592773,5713372
2015-12-23,10.571428298950195,10.649999618530273,10.435713768005371,10.478570938110352,4.740365982055664,4981753
2015-12-24,10.485713958740234,10.521428108215332,10.40714168548584,10.40714168548584,4.708052635192871,846237
2015-12-25,10.428570747375488,10.464284896850586,10.414284706115723,10.449999809265137,4.727441310882568,519575
2015-12-28,10.464284896850586,10.614285469055176,10.464284896850586,10.5,4.75006103515625,2467675
2015-12-29,10.507142066955566,10.51428508758545,10.30714225769043,10.364285469055176,4.68866491317749,3369716
2015-12-30,10.364285469055176,10.39285659790039,10.285714149475098,10.30714225769043,4.662814140319824,2308341
2015-12-31,10.30714225769043,10.314285278320312,9.928570747375488,9.942856788635254,4.498016357421875,4069989
2016-01-01,9.942856788635254,9.942856788635254,9.942856788635254,9.942856788635254,4.498016357421875,0
2016-01-04,9.857142448425293,10.185713768005371,9.814285278320312,10.14285659790039,4.588493347167969,6073711
2016-01-05,10.192856788635254,10.199999809265137,9.89285659790039,10.085714340209961,4.562643051147461,6646717
2016-01-06,10.078571319580078,10.528571128845215,10.0,10.464284896850586,4.733902931213379,14576338
2016-01-07,10.428570747375488,10.814285278320312,10.342857360839844,10.80714225769043,4.889007091522217,14135786
2016-01-08,10.80714225769043,10.928570747375488,10.449999809265137,10.5,4.75006103515625,9787393
2016-01-11,10.399999618530273,10.571428298950195,10.399999618530273,10.471427917480469,4.73713493347168,7108136
2016-01-12,10.414284706115723,10.742856979370117,10.414284706115723,10.64285659790039,4.814687252044678,10769514
2016-01-13,10.685713768005371,10.964284896850586,10.64285659790039,10.871427536010742,4.918089866638184,14161280
2016-01-14,10.850000381469727,10.850000381469727,10.571428298950195,10.699999809265137,4.840538024902344,7391846
2016-01-15,10.699999809265137,10.699999809265137,10.435713768005371,10.471427917480469,4.73713493347168,7340613
2016-01-18,10.585714340209961,10.800000190734863,10.507142066955566,10.76428508758545,4.869619369506836,8263787
2016-01-19,10.76428508758545,10.835714340209961,10.471427917480469,10.51428508758545,4.756523132324219,9697093
2016-01-20,10.471427917480469,10.535714149475098,10.357142448425293,10.357142448425293,4.685433387756348,8214934
2016-01-21,10.364285469055176,10.471427917480469,10.171427726745605,10.221427917480469,4.6240386962890625,9756670
2016-01-22,10.221427917480469,10.221427917480469,10.221427917480469,10.221427917480469,4.6240386962890625,0
2016-01-25,10.485713958740234,10.600000381469727,10.435713768005371,10.492856979370117,4.746829032897949,11022067
2016-01-26,10.428570747375488,10.607142448425293,10.414284706115723,10.592857360839844,4.792067527770996,17505810
2016-01-27,10.578571319580078,10.65714168548584,10.528571128845215,10.55714225769043,4.7759108543396,10194618
2016-01-28,10.578571319580078,10.685713768005371,10.54285717010498,10.578571319580078,4.785604953765869,10547901
2016-01-29,10.65714168548584,10.757142066955566,10.628570556640625,10.699999809265137,4.840538024902344,14466410
2016-02-01,10.721427917480469,10.721427917480469,10.492856979370117,10.55714225769043,4.7759108543396,13103825
2016-02-02,10.55714225769043,10.614285469055176,10.399999618530273,10.40714168548584,4.708052635192871,11672556
2016-02-03,10.371427536010742,10.54285717010498,10.29285717010498,10.40714168548584,4.708052635192871,20410901
2016-02-04,10.464284896850586,10.5,10.328571319580078,10.350000381469727,4.6822028160095215,21063021
2016-02-05,10.357142448425293,10.357142448425293,10.178570747375488,10.207141876220703,4.617575168609619,16472771
2016-02-08,10.235713958740234,10.257142066955566,9.742856979370117,9.757142066955566,4.414000988006592,20488342
2016-02-09,9.699999809265137,10.028571128845215,9.635713577270508,9.899999618530273,4.478628158569336,31992688
2016-02-10,9.921427726745605,9.964284896850586,9.80714225769043,9.90714168548584,4.48185920715332,18588178
2016-02-11,9.821428298950195,9.942856788635254,9.64285659790039,9.757142066955566,4.414000988006592,21207487
2016-02-12,9.821428298950195,9.921427726745605,9.721427917480469,9.835714340209961,4.449546813964844,17030545
2016-02-15,9.878570556640625,10.30714225769043,9.64285659790039,10.29285717010498,4.656351566314697,26675873
2016-02-16,10.357142448425293,10.464284896850586,10.192856788635254,10.242856979370117,4.633732795715332,19489323
2016-02-17,10.242856979370117,10.378570556640625,10.199999809265137,10.342857360839844,4.678970813751221,17579317
2016-02-18,10.30714225769043,10.449999809265137,10.25,10.414284706115723,4.7112836837768555,21352149
2016-02-19,10.435713768005371,10.600000381469727,10.428570747375488,10.550000190734863,4.772680282592773,16972760
2016-02-22,10.64285659790039,10.65714168548584,10.564285278320312,10.607142448425293,4.798530578613281,12983565
2016-02-23,10.607142448425293,10.735713958740234,10.607142448425293,10.728570938110352,4.8534626960754395,15116395
2016-02-24,10.742856979370117,10.835714340209961,10.550000190734863,10.607142448425293,4.798530578613281,14508312
2016-02-25,10.649999618530273,10.735713958740234,10.600000381469727,10.635713577270508,4.811455249786377,10475486
2016-02-26,10.699999809265137,10.742856979370117,10.578571319580078,10.600000381469727,4.795300006866455,7927255
2016-02-29,10.592857360839844,10.850000381469727,10.585714340209961,10.842857360839844,4.905165195465088,13610681
2016-03-01,10.814285278320312,10.89285659790039,10.79285717010498,10.835714340209961,4.901933193206787,6501348
2016-03-02,10.89285659790039,10.949999809265137,10.778571128845215,10.800000190734863,4.885776996612549,15409212
2016-03-03,10.828571319580078,10.885713577270508,10.649999618530273,10.735713958740234,4.856694221496582,9807329
2016-03-04,10.75,10.785714149475098,10.600000381469727,10.742856979370117,4.859925746917725,9006788
2016-03-07,10.785714149475098,10.785714149475098,10.55714225769043,10.571428298950195,4.782373905181885,12352053
2016-03-08,10.571428298950195,10.878570556640625,10.54285717010498,10.821428298950195,4.89547061920166,18467561
2016-03-09,10.800000190734863,11.078571319580078,10.800000190734863,11.078571319580078,5.011798858642578,18026393
2016-03-10,11.114285469055176,11.235713958740234,10.864285469055176,11.085714340209961,5.0150299072265625,22218595
2016-03-11,11.14285659790039,11.178570747375488,10.89285659790039,10.964284896850586,4.96009635925293,13130348
2016-03-14,10.935713768005371,11.085714340209961,10.914284706115723,11.078571319580078,5.011798858642578,8308279
2016-03-15,11.071428298950195,11.114285469055176,10.821428298950195,10.850000381469727,4.908395767211914,9753891
2016-03-16,10.871427536010742,11.071428298950195,10.864285469055176,11.064285278320312,5.005335330963135,12223855
2016-03-17,11.14285659790039,11.378570556640625,11.128570556640625,11.328571319580078,5.124895095825195,14284249
2016-03-18,11.371427536010742,11.65714168548584,11.342857360839844,11.607142448425293,5.250916957855225,19180266
2016-03-21,11.492856979370117,11.64285659790039,11.449999809265137,11.607142448425293,5.250916957855225,14061950
2016-03-22,11.578571319580078,11.578571319580078,11.257142066955566,11.371427536010742,5.144282817840576,10052658
2016-03-23,11.300000190734863,11.399999618530273,11.064285278320312,11.149999618530273,5.044112205505371,12508132
2016-03-24,11.14285659790039,11.257142066955566,10.957141876220703,11.214284896850586,5.073193550109863,10779748
2016-03-25,11.214284896850586,11.278571128845215,11.15714168548584,11.242856979370117,5.086118698120117,2022468
2016-03-28,11.228570938110352,11.350000381469727,11.228570938110352,11.30714225769043,5.115200996398926,3001453
2016-03-29,11.342857360839844,11.399999618530273,11.30714225769043,11.328571319580078,5.124895095825195,8476545
2016-03-30,11.378570556640625,11.457141876220703,11.271428108215332,11.271428108215332,5.099043846130371,15982498
2016-03-31,11.285714149475098,11.335714340209961,11.171427726745605,11.335714340209961,5.1281256675720215,12013855
2016-04-01,11.335714340209961,11.350000381469727,11.199999809265137,11.25,5.089350700378418,6810195
2016-04-04,11.285714149475098,11.39285659790039,11.235713958740234,11.357142448425293,5.137820720672607,9615459
2016-04-05,11.342857360839844,11.414284706115723,11.207141876220703,11.257142066955566,5.092581748962402,11694641
2016-04-06,10.414284706115723,10.600000381469727,10.29285717010498,10.328571319580078,5.092581272125244,17680614
2016-04-07,10.399999618530273,10.478570938110352,10.271428108215332,10.271428108215332,5.0644073486328125,8600802
2016-04-08,10.30714225769043,10.449999809265137,10.25,10.421427726745605,5.138365745544434,8587544
2016-04-11,10.442856788635254,10.535714149475098,10.399999618530273,10.485713958740234,5.1700615882873535,9491370
2016-04-12,10.478570938110352,10.614285469055176,10.40714168548584,10.585714340209961,5.2193684577941895,11434864
2016-04-13,10.614285469055176,10.899999618530273,10.592857360839844,10.871427536010742,5.360241413116455,17189487
2016-04-14,10.871427536010742,11.007142066955566,10.800000190734863,10.978570938110352,5.413069725036621,7618590
2016-04-15,10.992856979370117,11.0,10.55714225769043,10.55714225769043,5.205280303955078,18435550
2016-04-18,10.521428108215332,10.671427726745605,10.492856979370117,10.571428298950195,5.212324619293213,11283475
2016-04-19,10.600000381469727,10.621427536010742,10.457141876220703,10.585714340209961,5.2193684577941895,12817651
2016-04-20,10.55714225769043,10.614285469055176,10.492856979370117,10.521428108215332,5.187671661376953,11493083
2016-04-21,10.578571319580078,10.735713958740234,10.550000190734863,10.692856788635254,5.272195816040039,11569292
2016-04-22,10.678570747375488,10.771428108215332,10.664284706115723,10.75,5.300370216369629,9342480
2016-04-25,10.75,10.771428108215332,10.621427536010742,10.65714168548584,5.254586219787598,6912451
2016-04-26,10.714284896850586,10.735713958740234,10.649999618530273,10.707141876220703,5.279239177703857,6273960
2016-04-27,10.714284896850586,10.757142066955566,10.578571319580078,10.578571319580078,5.215846061706543,6334160
2016-04-28,10.607142448425293,10.678570747375488,10.578571319580078,10.621427536010742,5.236976623535156,10087581
2016-04-29,10.621427536010742,10.649999618530273,10.51428508758545,10.550000190734863,5.201758861541748,11346083
2016-05-02,10.550000190734863,10.578571319580078,10.457141876220703,10.457141876220703,5.155975341796875,7756154
2016-05-03,10.492856979370117,10.521428108215332,10.228570938110352,10.271428108215332,5.0644073486328125,11287206
2016-05-04,10.271428108215332,10.285714149475098,10.01428508758545,10.092857360839844,4.97636079788208,9274167
2016-05-05,9.971427917480469,10.335714340209961,9.949999809265137,10.164284706115723,5.011578559875488,11299134
2016-05-06,9.914284706115723,9.914284706115723,9.51428508758545,9.521428108215332,4.694613456726074,29594565
2016-05-09,9.528571128845215,9.714284896850586,9.40714168548584,9.664284706115723,4.765049457550049,19892096
2016-05-10,9.707141876220703,9.80714225769043,9.621427536010742,9.664284706115723,4.765049457550049,16597644
2016-05-11,9.707141876220703,9.76428508758545,9.550000190734863,9.685713768005371,4.775615692138672,15843842
2016-05-12,9.685713768005371,9.707141876220703,9.435713768005371,9.435713768005371,4.652351379394531,8936949
2016-05-13,9.428570747375488,9.428570747375488,9.221427917480469,9.228570938110352,4.550217628479004,15079876
2016-05-16,9.242856979370117,9.414284706115723,9.15714168548584,9.399999618530273,4.634742259979248,7950502
2016-05-17,9.442856788635254,9.485713958740234,9.164284706115723,9.178570747375488,4.525564670562744,10759819
2016-05-18,9.135713577270508,9.228570938110352,9.092857360839844,9.15714168548584,4.5149993896484375,12944750
2016-05-19,9.15714168548584,9.15714168548584,9.15714168548584,9.15714168548584,4.5149993896484375,0
2016-05-20,9.14285659790039,9.228570938110352,9.0,9.0,4.437519073486328,8757805
2016-05-23,9.028571128845215,9.121427536010742,9.021428108215332,9.064285278320312,4.4692158699035645,6560393
2016-05-24,9.05714225769043,9.464284896850586,9.050000190734863,9.428570747375488,4.648829460144043,15706271
2016-05-25,9.442856788635254,9.714284896850586,9.435713768005371,9.65714168548584,4.761528015136719,19207573
2016-05-26,9.64285659790039,9.685713768005371,9.464284896850586,9.54285717010498,4.705179214477539,10504529
2016-05-27,9.55714225769043,9.621427536010742,9.535714149475098,9.592857360839844,4.729831695556641,6998194
2016-05-30,9.592857360839844,9.65714168548584,9.550000190734863,9.607142448425293,4.736875534057617,4456081
2016-05-31,9.685713768005371,9.699999809265137,9.471427917480469,9.51428508758545,4.691091537475586,13895448
2016-06-01,9.51428508758545,9.55714225769043,9.421427726745605,9.457141876220703,4.662916660308838,7136129
2016-06-02,9.5,9.535714149475098,9.378570556640625,9.399999618530273,4.634742259979248,9518005
2016-06-03,9.457141876220703,9.54285717010498,9.342857360839844,9.442856788635254,4.6558732986450195,9293137
2016-06-06,9.5,9.614285469055176,9.457141876220703,9.571428298950195,4.719266414642334,5386269
2016-06-07,9.607142448425293,9.664284706115723,9.492856979370117,9.51428508758545,4.691091537475586,8120476
2016-06-08,9.51428508758545,9.54285717010498,9.378570556640625,9.421427726745605,4.645307540893555,10769465
2016-06-09,9.442856788635254,9.449999809265137,9.100000381469727,9.100000381469727,4.4868245124816895,16140313
2016-06-10,9.114285469055176,9.121427536010742,8.985713958740234,9.028571128845215,4.451606273651123,8697528
2016-06-13,9.01428508758545,9.01428508758545,8.800000190734863,8.928570747375488,4.4023003578186035,10224634
2016-06-14,8.928570747375488,9.0,8.850000381469727,8.850000381469727,4.363560676574707,5019868
2016-06-15,8.914284706115723,9.04285717010498,8.914284706115723,8.935713768005371,4.405822277069092,7796180
2016-06-16,8.864285469055176,8.90714168548584,8.80714225769043,8.80714225769043,4.342429161071777,7987455
2016-06-17,8.864285469055176,8.914284706115723,8.80714225769043,8.821428298950195,4.349473476409912,8988777
2016-06-20,8.899999618530273,9.028571128845215,8.899999618530273,9.007142066955566,4.441040515899658,8099273
2016-06-21,9.007142066955566,9.100000381469727,8.971427917480469,8.971427917480469,4.423431396484375,9547223
2016-06-22,8.992856979370117,9.04285717010498,8.964284896850586,8.971427917480469,4.423431396484375,6916385
2016-06-23,9.007142066955566,9.04285717010498,8.942856788635254,9.0,4.437519073486328,7217966
2016-06-24,8.578571319580078,8.814285278320312,8.55714225769043,8.778571128845215,4.328341960906982,8016792
2016-06-27,8.800000190734863,8.90714168548584,8.800000190734863,8.800000190734863,4.338907718658447,7908957
2016-06-28,8.857142448425293,8.957141876220703,8.850000381469727,8.914284706115723,4.395256519317627,9724750
2016-06-29,8.914284706115723,9.071428298950195,8.885713577270508,9.01428508758545,4.444562911987305,7638365
2016-06-30,9.078571319580078,9.15714168548584,9.05714225769043,9.107142448425293,4.490346431732178,10869040
2016-07-01,9.15714168548584,9.26428508758545,9.128570556640625,9.207141876220703,4.5396528244018555,7739991
2016-07-04,9.185713768005371,9.235713958740234,9.121427536010742,9.121427536010742,4.4973907470703125,2717575
2016-07-05,9.121427536010742,9.121427536010742,9.121427536010742,9.121427536010742,4.4973907470703125,0
2016-07-06,9.121427536010742,9.121427536010742,9.121427536010742,9.121427536010742,4.4973907470703125,0
2016-07-07,9.121427536010742,9.121427536010742,9.121427536010742,9.121427536010742,4.4973907470703125,0
2016-07-08,9.050000190734863,9.064285278320312,8.699999809265137,8.728570938110352,4.3036885261535645,23748998
2016-07-11,8.79285717010498,8.935713768005371,8.785714149475098,8.935713768005371,4.405822277069092,11013702
2016-07-12,8.899999618530273,9.035714149475098,8.864285469055176,8.985713958740234,4.430475234985352,13359339
2016-07-13,8.992856979370117,9.14285659790039,8.992856979370117,9.078571319580078,4.476259708404541,21543767
2016-07-14,9.128570556640625,9.314285278320312,9.128570556640625,9.314285278320312,4.592480659484863,13338318
2016-07-15,9.285714149475098,9.364285469055176,9.278571128845215,9.335714340209961,4.60304594039917,9026472
2016-07-18,9.071428298950195,9.149999618530273,8.742856979370117,8.942856788635254,4.4093451499938965,19483933
2016-07-19,8.90714168548584,9.192856788635254,8.857142448425293,9.078571319580078,4.476259708404541,14981729
2016-07-20,9.04285717010498,9.199999809265137,8.992856979370117,9.071428298950195,4.4727373123168945,16288832
2016-07-21,8.928570747375488,9.04285717010498,8.699999809265137,8.785714149475098,4.331863880157471,24420263
2016-07-22,8.864285469055176,8.928570747375488,8.592857360839844,8.65714168548584,4.268470764160156,12130867
2016-07-25,8.714284896850586,9.035714149475098,8.707141876220703,8.985713958740234,4.430475234985352,9580998
2016-07-26,9.078571319580078,9.14285659790039,8.978570938110352,9.121427536010742,4.4973907470703125,10397737
2016-07-27,9.14285659790039,9.15714168548584,8.985713958740234,9.092857360839844,4.483303546905518,9132004
2016-07-28,9.128570556640625,9.221427917480469,9.092857360839844,9.164284706115723,4.518521785736084,5950119
2016-07-29,9.15714168548584,9.164284706115723,9.035714149475098,9.121427536010742,4.4973907470703125,7767522
2016-08-01,9.192856788635254,9.321428298950195,9.171427726745605,9.192856788635254,4.532608985900879,8044064
2016-08-02,9.228570938110352,9.242856979370117,9.078571319580078,9.121427536010742,4.4973907470703125,6708359
2016-08-03,9.071428298950195,9.114285469055176,8.785714149475098,8.878570556640625,4.377647876739502,10226531
2016-08-04,8.885713577270508,8.985713958740234,8.79285717010498,8.978570938110352,4.4269537925720215,9687244
2016-08-05,8.978570938110352,9.04285717010498,8.79285717010498,8.899999618530273,4.38821268081665,9796269
2016-08-08,9.007142066955566,9.01428508758545,8.878570556640625,8.899999618530273,4.38821268081665,11912803
2016-08-09,8.90714168548584,8.971427917480469,8.878570556640625,8.878570556640625,4.377647876739502,18453407
2016-08-10,8.885713577270508,8.899999618530273,8.828571319580078,8.850000381469727,4.363560676574707,10497606
2016-08-11,8.878570556640625,8.992856979370117,8.857142448425293,8.921427726745605,4.398778438568115,11602325
2016-08-12,8.821428298950195,8.821428298950195,8.285714149475098,8.321428298950195,4.1029438972473145,48489245
2016-08-15,8.357142448425293,8.385713577270508,8.064285278320312,8.228570938110352,4.057160377502441,46391688
2016-08-16,8.285714149475098,8.364285469055176,8.199999809265137,8.285714149475098,4.0853352546691895,22882545
2016-08-17,8.314285278320312,8.335714340209961,8.242856979370117,8.285714149475098,4.0853352546691895,13365289
2016-08-18,8.30714225769043,8.328571319580078,8.257142066955566,8.285714149475098,4.0853352546691895,20094963
2016-08-19,8.300000190734863,8.321428298950195,8.25,8.314285278320312,4.099422454833984,12257238
2016-08-22,8.29285717010498,8.378570556640625,8.26428508758545,8.321428298950195,4.1029438972473145,10290224
2016-08-23,8.335714340209961,8.357142448425293,8.300000190734863,8.335714340209961,4.109988212585449,11065208
2016-08-24,8.278571128845215,8.278571128845215,8.15714168548584,8.271428108215332,4.078290939331055,12387207
2016-08-25,8.257142066955566,8.300000190734863,8.228570938110352,8.235713958740234,4.0606818199157715,17807286
2016-08-26,8.235713958740234,8.25,8.114285469055176,8.178570747375488,4.032506942749023,12605544
2016-08-29,8.14285659790039,8.164284706115723,8.114285469055176,8.135713577270508,4.011375904083252,4919019
2016-08-30,8.135713577270508,8.135713577270508,8.135713577270508,8.135713577270508,4.011375904083252,0
2016-08-31,8.14285659790039,8.314285278320312,8.128570556640625,8.271428108215332,4.078290939331055,16756390
2016-09-01,8.278571128845215,8.29285717010498,8.228570938110352,8.25,4.067725658416748,8627017
2016-09-02,8.235713958740234,8.342857360839844,8.235713958740234,8.342857360839844,4.113509654998779,13870052
2016-09-05,8.378570556640625,8.521428108215332,8.350000381469727,8.521428108215332,4.2015557289123535,21823375
2016-09-06,8.521428108215332,8.600000381469727,8.478570938110352,8.600000381469727,4.240295886993408,11447646
2016-09-07,8.714284896850586,8.714284896850586,8.39285659790039,8.414284706115723,4.1487274169921875,21736806
2016-09-08,8.428570747375488,8.442856788635254,8.350000381469727,8.371427536010742,4.127596855163574,7975814
2016-09-09,8.335714340209961,8.364285469055176,8.257142066955566,8.271428108215332,4.078290939331055,21128989
2016-09-12,8.271428108215332,8.271428108215332,8.271428108215332,8.271428108215332,4.078290939331055,0
2016-09-13,8.271428108215332,8.271428108215332,8.271428108215332,8.271428108215332,4.078290939331055,0
2016-09-14,8.271428108215332,8.271428108215332,8.271428108215332,8.271428108215332,4.078290939331055,0
2016-09-15,8.271428108215332,8.271428108215332,8.271428108215332,8.271428108215332,4.078290939331055,0
2016-09-16,8.257142066955566,8.26428508758545,8.050000190734863,8.071428298950195,3.979679584503174,14833854
2016-09-19,8.100000381469727,8.185713768005371,8.100000381469727,8.185713768005371,4.03602933883667,15069866
2016-09-20,8.178570747375488,8.178570747375488,8.04285717010498,8.092857360839844,3.990245819091797,13472032
2016-09-21,8.092857360839844,8.121427536010742,8.035714149475098,8.085714340209961,3.9867241382598877,21888699
2016-09-22,8.128570556640625,8.192856788635254,8.100000381469727,8.178570747375488,4.032506942749023,32127410
2016-09-23,8.199999809265137,8.357142448425293,8.192856788635254,8.321428298950195,4.1029438972473145,29257725
2016-09-26,8.01428508758545,8.078571319580078,7.964284896850586,8.05714225769043,3.9726359844207764,17255357
2016-09-27,8.085714340209961,8.14285659790039,8.01428508758545,8.078571319580078,3.983201742172241,22131522
2016-09-28,8.092857360839844,8.14285659790039,8.05714225769043,8.107142448425293,3.997288942337036,13161358
2016-09-29,8.14285659790039,8.257142066955566,8.128570556640625,8.214284896850586,4.050116539001465,19152154
2016-09-30,8.199999809265137,8.207141876220703,8.114285469055176,8.114285469055176,4.0008111000061035,8924965
2016-10-03,8.171427726745605,8.207141876220703,8.128570556640625,8.135713577270508,4.011375904083252,12267052
2016-10-04,8.15714168548584,8.235713958740234,8.121427536010742,8.207141876220703,4.046594619750977,14647402
2016-10-05,8.192856788635254,8.54285717010498,8.178570747375488,8.54285717010498,4.21212100982666,21044926
2016-10-06,8.585714340209961,8.685713768005371,8.528571128845215,8.628570556640625,4.254383087158203,14735266
2016-10-07,8.649999618530273,8.671427726745605,8.578571319580078,8.64285659790039,4.26142692565918,7513408
2016-10-10,8.64285659790039,8.699999809265137,8.564285278320312,8.685713768005371,4.282557964324951,6060474
2016-10-11,8.64285659790039,8.699999809265137,8.578571319580078,8.685713768005371,4.282557964324951,6980358
2016-10-12,8.707141876220703,8.742856979370117,8.600000381469727,8.614285469055176,4.247339725494385,8709414
2016-10-13,8.585714340209961,8.592857360839844,8.350000381469727,8.435713768005371,4.159293174743652,12875912
2016-10-14,8.464284896850586,8.564285278320312,8.428570747375488,8.528571128845215,4.205077648162842,9056775
2016-10-17,8.51428508758545,8.571428298950195,8.507142066955566,8.528571128845215,4.205077648162842,6931428
2016-10-18,8.54285717010498,8.621427536010742,8.528571128845215,8.528571128845215,4.205077648162842,17719233
2016-10-19,8.571428298950195,8.721427917480469,8.55714225769043,8.721427917480469,4.300167560577393,15698998
2016-10-20,8.721427917480469,8.949999809265137,8.721427917480469,8.935713768005371,4.405822277069092,17788099
2016-10-21,8.942856788635254,8.985713958740234,8.871427536010742,8.914284706115723,4.395256519317627,11923730
2016-10-24,8.949999809265137,9.071428298950195,8.949999809265137,9.050000190734863,4.462172508239746,9154271
2016-10-25,9.04285717010498,9.071428298950195,8.942856788635254,8.985713958740234,4.430475234985352,5947389
2016-10-26,8.978570938110352,8.985713958740234,8.857142448425293,8.864285469055176,4.370604515075684,5037557
2016-10-27,8.842857360839844,8.90714168548584,8.79285717010498,8.821428298950195,4.349473476409912,5652500
2016-10-28,8.800000190734863,8.899999618530273,8.79285717010498,8.89285659790039,4.3846917152404785,3856965
2016-10-31,8.89285659790039,9.05714225769043,8.89285659790039,9.007142066955566,4.441040515899658,11320302
2016-11-01,9.114285469055176,9.26428508758545,9.064285278320312,9.14285659790039,4.507956504821777,17208471
2016-11-02,9.128570556640625,9.235713958740234,9.035714149475098,9.050000190734863,4.462172508239746,10345454
2016-11-03,9.064285278320312,9.121427536010742,8.942856788635254,8.978570938110352,4.4269537925720215,4924899
2016-11-04,8.89285659790039,8.89285659790039,8.692856788635254,8.692856788635254,4.2860798835754395,8608796
2016-11-07,8.785714149475098,9.128570556640625,8.785714149475098,9.100000381469727,4.4868245124816895,10126921
2016-11-08,9.078571319580078,9.321428298950195,9.01428508758545,9.314285278320312,4.592480659484863,8294776
2016-11-09,9.071428298950195,9.278571128845215,9.05714225769043,9.235713958740234,4.553739547729492,8665321
2016-11-10,9.285714149475098,9.328571319580078,9.171427726745605,9.221427917480469,4.546695709228516,6727672
2016-11-11,9.199999809265137,9.314285278320312,9.171427726745605,9.285714149475098,4.578392505645752,6928082
2016-11-14,9.300000190734863,9.357142448425293,9.085714340209961,9.085714340209961,4.479781627655029,6732460
2016-11-15,9.128570556640625,9.207141876220703,9.107142448425293,9.135713577270508,4.504434108734131,7493178
2016-11-16,9.15714168548584,9.378570556640625,9.135713577270508,9.371427536010742,4.620654106140137,11077304
2016-11-17,9.385713577270508,9.649999618530273,9.30714225769043,9.478570938110352,4.673482418060303,11493335
2016-11-18,9.435713768005371,9.592857360839844,9.385713577270508,9.578571319580078,4.722788333892822,7801864
2016-11-21,9.600000381469727,9.65714168548584,9.535714149475098,9.635713577270508,4.75096321105957,3539228
2016-11-22,9.621427536010742,9.707141876220703,9.507142066955566,9.528571128845215,4.6981353759765625,7086506
2016-11-23,9.578571319580078,9.592857360839844,9.449999809265137,9.535714149475098,4.701657295227051,4919117
2016-11-24,9.521428108215332,9.785714149475098,9.471427917480469,9.471427917480469,4.669960021972656,7202993
2016-11-25,9.471427917480469,9.571428298950195,9.399999618530273,9.435713768005371,4.652351379394531,4791458
2016-11-28,9.485713958740234,9.550000190734863,9.442856788635254,9.492856979370117,4.6805267333984375,4373796
2016-11-29,9.464284896850586,9.51428508758545,9.385713577270508,9.385713577270508,4.6276984214782715,4979856
2016-11-30,9.457141876220703,9.785714149475098,9.357142448425293,9.785714149475098,4.824921607971191,11254222
2016-12-01,9.785714149475098,9.814285278320312,9.614285469055176,9.65714168548584,4.761528015136719,8761452
2016-12-02,9.65714168548584,9.742856979370117,9.485713958740234,9.735713958740234,4.800268650054932,7263991
2016-12-05,9.699999809265137,9.885713577270508,9.692856788635254,9.771428108215332,4.817877769470215,5620923
2016-12-06,9.79285717010498,9.971427917480469,9.79285717010498,9.957141876220703,4.909445762634277,9603342
2016-12-07,9.957141876220703,10.04285717010498,9.914284706115723,10.0,4.930577278137207,7317933
2016-12-08,10.021428108215332,10.071428298950195,9.885713577270508,10.071428298950195,4.965795993804932,6576724
2016-12-09,10.071428298950195,10.128570556640625,10.007142066955566,10.100000381469727,4.979883193969727,3702622
2016-12-12,10.100000381469727,10.285714149475098,10.092857360839844,10.235713958740234,5.046797752380371,6126974
2016-12-13,10.285714149475098,10.300000190734863,10.14285659790039,10.178570747375488,5.018622398376465,5210352
2016-12-14,10.14285659790039,10.257142066955566,10.100000381469727,10.257142066955566,5.057363033294678,5393584
2016-12-15,10.171427726745605,10.257142066955566,10.092857360839844,10.214284896850586,5.0362324714660645,5919802
2016-12-16,10.214284896850586,10.271428108215332,10.164284706115723,10.242856979370117,5.050320148468018,4673760
2016-12-19,10.25,10.30714225769043,10.100000381469727,10.100000381469727,4.979883193969727,5065242
2016-12-20,10.107142448425293,10.257142066955566,9.985713958740234,10.228570938110352,5.043274879455566,5565819
2016-12-21,10.235713958740234,10.257142066955566,10.071428298950195,10.135713577270508,4.997491836547852,3486224
2016-12-22,10.128570556640625,10.185713768005371,10.0,10.007142066955566,4.934098243713379,3206056
2016-12-23,10.028571128845215,10.121427536010742,10.01428508758545,10.085714340209961,4.97283935546875,2104354
2016-12-26,10.085714340209961,10.121427536010742,10.071428298950195,10.071428298950195,4.965795993804932,342594
2016-12-27,10.085714340209961,10.107142448425293,10.028571128845215,10.092857360839844,4.97636079788208,2159794
2016-12-28,10.078571319580078,10.199999809265137,10.071428298950195,10.071428298950195,4.965795993804932,2778216
2016-12-29,10.071428298950195,10.185713768005371,10.021428108215332,10.185713768005371,5.022144794464111,3507728
2016-12-30,10.171427726745605,10.228570938110352,10.085714340209961,10.107142448425293,4.983404159545898,3039680
2017-01-02,10.114285469055176,10.128570556640625,10.05714225769043,10.05714225769043,4.958751201629639,1662696
2017-01-03,10.078571319580078,10.121427536010742,9.835714340209961,9.835714340209961,4.849575042724609,5910611
2017-01-04,9.885713577270508,10.0,9.857142448425293,9.928570747375488,4.895358562469482,6742883
2017-01-05,9.949999809265137,10.149999618530273,9.928570747375488,10.14285659790039,5.001014232635498,8458695
2017-01-06,10.100000381469727,10.257142066955566,10.092857360839844,10.207141876220703,5.03270959854126,4804660
2017-01-09,10.164284706115723,10.328571319580078,10.15714168548584,10.25,5.053842067718506,6393485
2017-01-10,10.242856979370117,10.314285278320312,10.178570747375488,10.214284896850586,5.0362324714660645,6925142
2017-01-11,10.171427726745605,10.221427917480469,10.092857360839844,10.214284896850586,5.0362324714660645,7245063
2017-01-12,10.242856979370117,10.600000381469727,10.214284896850586,10.592857360839844,5.222889423370361,15607795
2017-01-13,10.592857360839844,10.842857360839844,10.54285717010498,10.800000190734863,5.325023651123047,9777348
2017-01-16,10.800000190734863,10.90714168548584,10.671427726745605,10.864285469055176,5.356719493865967,6246681
2017-01-17,10.899999618530273,11.021428108215332,10.835714340209961,10.928570747375488,5.388416767120361,10065811
2017-01-18,10.914284706115723,10.928570747375488,10.771428108215332,10.821428298950195,5.335588455200195,6160525
2017-01-19,10.821428298950195,11.028571128845215,10.79285717010498,10.985713958740234,5.416590690612793,8319815
2017-01-20,10.985713958740234,11.050000190734863,10.850000381469727,10.978570938110352,5.413069725036621,8705011
2017-01-23,11.0,11.14285659790039,10.949999809265137,11.14285659790039,5.4940714836120605,6757373
2017-01-24,11.121427536010742,11.278571128845215,11.100000381469727,11.278571128845215,5.560986042022705,9287614
2017-01-25,11.192856788635254,11.285714149475098,11.107142448425293,11.192856788635254,5.518723964691162,7618156
2017-01-26,11.199999809265137,11.285714149475098,11.14285659790039,11.285714149475098,5.564507961273193,7178430
2017-01-27,11.242856979370117,11.628570556640625,11.199999809265137,11.578571319580078,5.708903789520264,7717892
2017-01-30,11.507142066955566,11.814285278320312,11.507142066955566,11.664284706115723,5.75116491317749,6540807
2017-01-31,11.671427726745605,11.757142066955566,11.621427536010742,11.707141876220703,5.77229642868042,4049752
2017-02-01,11.707141876220703,11.857142448425293,11.614285469055176,11.857142448425293,5.846255779266357,5569389
2017-02-02,11.871427536010742,12.135713577270508,11.842857360839844,11.935713768005371,5.884994983673096,9449951
2017-02-03,11.90714168548584,12.071428298950195,11.842857360839844,12.021428108215332,5.927257537841797,6497267
2017-02-06,12.092857360839844,12.128570556640625,11.985713958740234,12.071428298950195,5.951910972595215,6523069
2017-02-07,12.021428108215332,12.15714168548584,11.921427726745605,12.092857360839844,5.9624762535095215,7668430
2017-02-08,12.100000381469727,12.314285278320312,12.035714149475098,12.30714225769043,6.0681304931640625,6605158
2017-02-09,12.314285278320312,12.5,12.271428108215332,12.5,6.16322135925293,5447519
2017-02-10,12.528571128845215,12.535714149475098,12.378570556640625,12.39285659790039,6.110393047332764,6596989
2017-02-13,12.442856788635254,12.471427917480469,12.271428108215332,12.414284706115723,6.120959281921387,5681599
2017-02-14,12.54285717010498,12.571428298950195,12.035714149475098,12.071428298950195,5.951910972595215,10941567
2017-02-15,12.085714340209961,12.221427917480469,12.078571319580078,12.185713768005371,6.008260726928711,9169209
2017-02-16,12.221427917480469,12.228570938110352,11.699999809265137,11.828571319580078,5.8321685791015625,12173371
2017-02-17,11.814285278320312,11.90714168548584,11.628570556640625,11.828571319580078,5.8321685791015625,10098830
2017-02-20,11.885713577270508,12.01428508758545,11.76428508758545,11.971427917480469,5.902605056762695,3603803
2017-02-21,11.971427917480469,12.050000190734863,11.835714340209961,11.928570747375488,5.881474018096924,5499221
2017-02-22,11.885713577270508,12.185713768005371,11.878570556640625,11.985713958740234,5.909648418426514,9511173
2017-02-23,12.050000190734863,12.121427536010742,11.942856788635254,12.0,5.916692733764648,5481070
2017-02-24,11.971427917480469,12.114285469055176,11.964284896850586,12.01428508758545,5.923735618591309,4428795
2017-02-27,12.0,12.114285469055176,11.971427917480469,12.021428108215332,5.927257537841797,3963582
2017-02-28,12.071428298950195,12.25,12.071428298950195,12.164284706115723,5.99769401550293,5928412
2017-03-01,12.199999809265137,12.399999618530273,12.178570747375488,12.357142448425293,6.0927839279174805,6812911
2017-03-02,12.357142448425293,12.442856788635254,12.164284706115723,12.342857360839844,6.085740566253662,5133856
2017-03-03,12.321428298950195,12.75,12.207141876220703,12.635713577270508,6.230135917663574,8250039
2017-03-06,12.65714168548584,12.857142448425293,12.64285659790039,12.785714149475098,6.3040947914123535,4759958
2017-03-07,12.850000381469727,12.850000381469727,12.671427726745605,12.728570938110352,6.2759199142456055,6183604
2017-03-08,12.771428108215332,12.785714149475098,12.342857360839844,12.585714340209961,6.205483913421631,5606342
2017-03-09,12.528571128845215,12.564285278320312,12.435713768005371,12.485713958740234,6.156177520751953,2766064
2017-03-10,12.507142066955566,12.850000381469727,12.449999809265137,12.814285278320312,6.318181991577148,5314540
2017-03-13,12.714284896850586,12.800000190734863,12.478570938110352,12.607142448425293,6.216048717498779,3825297
2017-03-14,12.614285469055176,12.80714225769043,12.585714340209961,12.678570747375488,6.2512664794921875,3777697
2017-03-15,12.628570556640625,12.678570747375488,12.585714340209961,12.585714340209961,6.205483913421631,3653062
2017-03-16,12.671427726745605,12.800000190734863,12.592857360839844,12.592857360839844,6.209004878997803,5042912
2017-03-17,12.621427536010742,12.778571128845215,12.600000381469727,12.778571128845215,6.300572395324707,6206445
2017-03-20,12.671427726745605,12.928570747375488,12.671427726745605,12.850000381469727,6.335791110992432,3315291
2017-03-21,12.878570556640625,13.121427536010742,12.871427536010742,13.028571128845215,6.423838138580322,6675711
2017-03-22,12.957141876220703,12.978570938110352,12.649999618530273,12.76428508758545,6.293529510498047,4278862
2017-03-23,12.835714340209961,12.878570556640625,12.692856788635254,12.785714149475098,6.3040947914123535,5992637
2017-03-24,12.75,12.835714340209961,12.600000381469727,12.664284706115723,6.244223594665527,5418840
2017-03-27,12.664284706115723,12.742856979370117,12.464284896850586,12.521428108215332,6.173786640167236,4226173
2017-03-28,12.585714340209961,12.692856788635254,12.55714225769043,12.614285469055176,6.219571590423584,6164144
2017-03-29,12.621427536010742,12.864285469055176,12.614285469055176,12.835714340209961,6.328747749328613,4113522
2017-03-30,12.928570747375488,13.028571128845215,12.828571319580078,13.007142066955566,6.413272380828857,5492340
2017-03-31,12.957141876220703,13.071428298950195,12.814285278320312,12.885713577270508,6.353400707244873,4581108
2017-04-03,12.971427917480469,12.971427917480469,12.65714168548584,12.75,6.286485195159912,8869812
2017-04-04,11.871427536010742,12.0,11.828571319580078,11.828571319580078,6.268921375274658,6733111
2017-04-05,11.828571319580078,12.149999618530273,11.828571319580078,12.149999618530273,6.439271450042725,6682795
2017-04-06,12.135713577270508,12.135713577270508,11.921427726745605,11.935713768005371,6.325704574584961,5582934
2017-04-07,11.928570747375488,12.135713577270508,11.90714168548584,12.135713577270508,6.431700229644775,4821831
2017-04-10,12.14285659790039,12.171427726745605,11.985713958740234,12.164284706115723,6.446843147277832,6980239
2017-04-11,12.192856788635254,12.285714149475098,12.14285659790039,12.285714149475098,6.511197090148926,6295520
2017-04-12,12.300000190734863,12.350000381469727,12.221427917480469,12.242856979370117,6.488483428955078,3316733
2017-04-13,12.285714149475098,12.285714149475098,12.035714149475098,12.100000381469727,6.412773132324219,6626683
2017-04-14,12.092857360839844,12.178570747375488,12.035714149475098,12.135713577270508,6.431700229644775,1359652
2017-04-17,12.14285659790039,12.214284896850586,12.028571128845215,12.207141876220703,6.4695563316345215,2677304
2017-04-18,12.178570747375488,12.192856788635254,12.078571319580078,12.100000381469727,6.412773132324219,4641742
2017-04-19,12.128570556640625,12.164284706115723,11.964284896850586,11.992856979370117,6.355988502502441,5226774
2017-04-20,12.01428508758545,12.14285659790039,11.964284896850586,12.114285469055176,6.42034387588501,4676371
2017-04-21,12.14285659790039,12.214284896850586,12.078571319580078,12.107142448425293,6.416558265686035,4049948
2017-04-24,12.164284706115723,12.271428108215332,12.164284706115723,12.25,6.492270469665527,5078171
2017-04-25,12.285714149475098,12.29285717010498,12.178570747375488,12.285714149475098,6.511197090148926,6312348
2017-04-26,12.285714149475098,12.571428298950195,12.235713958740234,12.571428298950195,6.662621021270752,7932085
2017-04-27,12.550000190734863,12.742856979370117,12.535714149475098,12.671427726745605,6.715618133544922,4749808
2017-04-28,12.635713577270508,12.785714149475098,12.571428298950195,12.785714149475098,6.776188373565674,3695965
2017-05-01,12.785714149475098,12.785714149475098,12.785714149475098,12.785714149475098,6.776188373565674,0
2017-05-02,12.800000190734863,12.899999618530273,12.592857360839844,12.607142448425293,6.681548118591309,5180427
2017-05-03,12.607142448425293,12.671427726745605,12.5,12.550000190734863,6.6512651443481445,4696083
2017-05-04,12.571428298950195,12.671427726745605,12.471427917480469,12.471427917480469,6.609622955322266,5075420
2017-05-05,12.735713958740234,13.15714168548584,12.735713958740234,13.114285469055176,6.9503254890441895,16302993
2017-05-08,13.178570747375488,13.30714225769043,13.04285717010498,13.064285278320312,6.923825740814209,7788606
2017-05-09,13.028571128845215,13.385713577270508,12.942856788635254,13.364285469055176,7.082820892333984,7073332
2017-05-10,13.39285659790039,13.435713768005371,13.185713768005371,13.414284706115723,7.10931921005249,6385771
2017-05-11,13.414284706115723,13.428570747375488,13.092857360839844,13.128570556640625,6.957895755767822,7902489
2017-05-12,13.14285659790039,13.457141876220703,13.121427536010742,13.457141876220703,7.13203239440918,5514936
2017-05-15,13.485713958740234,13.678570747375488,13.414284706115723,13.535714149475098,7.1736741065979,5820843
2017-05-16,13.578571319580078,13.635713577270508,13.442856788635254,13.578571319580078,7.196388244628906,6610926
2017-05-17,13.507142066955566,13.714284896850586,13.428570747375488,13.621427536010742,7.2191009521484375,5181582
2017-05-18,13.614285469055176,13.628570556640625,13.399999618530273,13.564285278320312,7.188816547393799,6286896
2017-05-19,13.564285278320312,13.564285278320312,13.564285278320312,13.564285278320312,7.188816547393799,0
2017-05-22,13.600000381469727,13.664284706115723,13.485713958740234,13.5,7.1547465324401855,7476728
2017-05-23,13.5,13.54285717010498,13.399999618530273,13.507142066955566,7.158531665802002,6911422
2017-05-24,13.492856979370117,13.871427536010742,13.442856788635254,13.800000190734863,7.313741207122803,9399579
2017-05-25,13.735713958740234,13.842857360839844,13.55714225769043,13.671427726745605,7.245599746704102,8963353
2017-05-26,13.671427726745605,13.79285717010498,13.571428298950195,13.707141876220703,7.264527320861816,4277420
2017-05-29,13.707141876220703,13.757142066955566,13.649999618530273,13.692856788635254,7.256956577301025,1847622
2017-05-30,13.692856788635254,13.80714225769043,13.621427536010742,13.685713768005371,7.253171920776367,3645873
2017-05-31,13.76428508758545,13.835714340209961,13.55714225769043,13.571428298950195,7.192603588104248,11737439
2017-06-01,13.64285659790039,13.75,13.578571319580078,13.671427726745605,7.245599746704102,4118548
2017-06-02,13.757142066955566,13.821428298950195,13.699999809265137,13.814285278320312,7.3213114738464355,6188168
2017-06-05,13.835714340209961,14.114285469055176,13.778571128845215,14.007142066955566,7.423521995544434,6754608
2017-06-06,14.035714149475098,14.271428108215332,13.942856788635254,14.228570938110352,7.540875434875488,4526760
2017-06-07,14.271428108215332,14.328571319580078,13.964284896850586,14.035714149475098,7.438663482666016,5750255
2017-06-08,14.114285469055176,14.114285469055176,13.964284896850586,14.0,7.419736862182617,4916527
2017-06-09,14.01428508758545,14.100000381469727,13.964284896850586,14.085714340209961,7.465164661407471,4385920
2017-06-12,14.128570556640625,14.199999809265137,14.0,14.05714225769043,7.450020790100098,2061234
2017-06-13,14.085714340209961,14.199999809265137,14.035714149475098,14.192856788635254,7.521947860717773,3281957
2017-06-14,14.214284896850586,14.5,14.092857360839844,14.471427917480469,7.669584274291992,6181462
2017-06-15,14.399999618530273,14.471427917480469,14.214284896850586,14.285714149475098,7.571160316467285,6442275
2017-06-16,14.285714149475098,14.285714149475098,14.114285469055176,14.14285659790039,7.495448589324951,5534291
2017-06-19,14.214284896850586,14.357142448425293,14.185713768005371,14.285714149475098,7.571160316467285,6606985
2017-06-20,14.285714149475098,14.342857360839844,14.071428298950195,14.071428298950195,7.457592964172363,4771949
2017-06-21,13.928570747375488,14.114285469055176,13.928570747375488,14.085714340209961,7.465164661407471,6754097
2017-06-22,14.14285659790039,14.342857360839844,14.01428508758545,14.285714149475098,7.571160316467285,7593439
2017-06-23,14.285714149475098,14.328571319580078,14.050000190734863,14.050000190734863,7.4462361335754395,5518541
2017-06-26,14.050000190734863,14.050000190734863,14.050000190734863,14.050000190734863,7.4462361335754395,0
2017-06-27,14.050000190734863,14.050000190734863,14.050000190734863,14.050000190734863,7.4462361335754395,0
2017-06-28,14.007142066955566,14.285714149475098,14.007142066955566,14.285714149475098,7.571160316467285,5965687
2017-06-29,14.285714149475098,14.300000190734863,14.185713768005371,14.242856979370117,7.548447132110596,5927439
2017-06-30,14.328571319580078,14.528571128845215,14.171427726745605,14.457141876220703,7.662013530731201,6205864
2017-07-03,14.457141876220703,14.51428508758545,14.242856979370117,14.242856979370117,7.548447132110596,3177930
2017-07-04,14.257142066955566,14.328571319580078,14.228570938110352,14.300000190734863,7.578732490539551,3711288
2017-07-05,14.300000190734863,14.385713577270508,14.164284706115723,14.314285278320312,7.586302757263184,6428219
2017-07-06,14.314285278320312,14.471427917480469,14.235713958740234,14.285714149475098,7.571160316467285,4609780
2017-07-07,14.25,14.328571319580078,14.221427917480469,14.235713958740234,7.544661045074463,4313974
2017-07-10,14.25,14.471427917480469,14.242856979370117,14.328571319580078,7.593873500823975,4452231
2017-07-11,14.328571319580078,14.714284896850586,14.278571128845215,14.64285659790039,7.760438919067383,6754972
2017-07-12,14.64285659790039,14.800000190734863,14.585714340209961,14.585714340209961,7.730154991149902,5137874
2017-07-13,14.628570556640625,15.04285717010498,14.614285469055176,15.0,7.949718475341797,5177732
2017-07-14,15.0,15.328571319580078,14.928570747375488,15.328571319580078,8.123855590820312,4496786
2017-07-17,15.414284706115723,15.5,15.171427726745605,15.285714149475098,8.101140975952148,9517060
2017-07-18,15.328571319580078,15.357142448425293,15.028571128845215,15.04285717010498,7.972431659698486,6882757
2017-07-19,15.14285659790039,15.485713958740234,15.128570556640625,15.428570747375488,8.17685317993164,6097812
2017-07-20,15.485713958740234,15.757142066955566,15.428570747375488,15.54285717010498,8.237422943115234,8020285
2017-07-21,15.54285717010498,15.65714168548584,15.399999618530273,15.54285717010498,8.237422943115234,3462368
2017-07-24,15.614285469055176,15.65714168548584,15.357142448425293,15.385713577270508,8.154139518737793,7224105
2017-07-25,15.428570747375488,15.528571128845215,15.285714149475098,15.314285278320312,8.116284370422363,5332789
2017-07-26,15.314285278320312,15.628570556640625,15.314285278320312,15.442856788635254,8.18442440032959,5670371
2017-07-27,15.51428508758545,15.65714168548584,15.5,15.5,8.214709281921387,4491718
2017-07-28,15.5,15.5,15.342857360839844,15.399999618530273,8.161711692810059,3248154
2017-07-31,15.471427917480469,15.54285717010498,15.357142448425293,15.485713958740234,8.207138061523438,3940174
2017-08-01,15.485713958740234,15.55714225769043,15.114285469055176,15.285714149475098,8.101140975952148,7156205
2017-08-02,15.257142066955566,15.699999809265137,15.242856979370117,15.428570747375488,8.17685317993164,7726726
2017-08-03,16.428571701049805,16.871427536010742,16.185714721679688,16.28571319580078,8.631122589111328,24390198
2017-08-04,16.357141494750977,16.44285774230957,16.214284896850586,16.299999237060547,8.638692855834961,12240312
2017-08-07,16.357141494750977,16.5285701751709,16.214284896850586,16.28571319580078,8.631122589111328,9876181
2017-08-08,16.299999237060547,16.714284896850586,16.299999237060547,16.714284896850586,8.858257293701172,11055541
2017-08-09,16.64285659790039,16.957141876220703,16.542856216430664,16.75714111328125,8.880970001220703,11030103
2017-08-10,16.78571319580078,16.94285774230957,16.700000762939453,16.714284896850586,8.858257293701172,6039103
2017-08-11,16.671428680419922,16.671428680419922,16.342857360839844,16.428571701049805,8.70683479309082,8616300
2017-08-14,16.55714225769043,16.700000762939453,16.5,16.700000762939453,8.850686073303223,6553106
2017-08-15,16.75714111328125,16.814285278320312,16.357141494750977,16.47142791748047,8.729547500610352,6595274
2017-08-16,16.47142791748047,16.514284133911133,15.899999618530273,16.14285659790039,8.555411338806152,11113655
2017-08-17,16.242856979370117,16.47142791748047,16.08571434020996,16.271427154541016,8.623550415039062,9609964
2017-08-18,16.14285659790039,16.514284133911133,16.100000381469727,16.428571701049805,8.70683479309082,4954530
2017-08-21,16.457141876220703,16.600000381469727,16.28571319580078,16.47142791748047,8.729547500610352,7899591
2017-08-22,16.55714225769043,16.714284896850586,16.457141876220703,16.457141876220703,8.721977233886719,11365935
2017-08-23,16.485713958740234,16.58571434020996,16.428571701049805,16.514284133911133,8.752260208129883,5217625
2017-08-24,16.514284133911133,16.72857093811035,16.514284133911133,16.542856216430664,8.767402648925781,7543466
2017-08-25,16.542856216430664,16.72857093811035,16.514284133911133,16.64285659790039,8.820401191711426,4905656
2017-08-28,16.700000762939453,16.799999237060547,16.671428680419922,16.714284896850586,8.858257293701172,3959704
2017-08-29,16.714284896850586,16.899999618530273,16.61428451538086,16.814285278320312,8.911256790161133,7747488
2017-08-30,16.814285278320312,16.814285278320312,16.814285278320312,16.814285278320312,8.911256790161133,0
2017-08-31,16.814285278320312,16.97142791748047,16.75714111328125,16.75714111328125,8.880970001220703,6613271
2017-09-01,16.75714111328125,16.75714111328125,16.75714111328125,16.75714111328125,8.880970001220703,0
2017-09-04,16.75714111328125,16.75714111328125,16.75714111328125,16.75714111328125,8.880970001220703,0
2017-09-05,16.928571701049805,16.957141876220703,16.600000381469727,16.700000762939453,8.850686073303223,10992513
2017-09-06,16.714284896850586,17.799999237060547,16.64285659790039,17.64285659790039,9.350381851196289,20438831
2017-09-07,17.714284896850586,17.771427154541016,17.457141876220703,17.700000762939453,9.380667686462402,7708827
2017-09-08,17.72857093811035,17.985713958740234,17.5285701751709,17.842857360839844,9.456378936767578,9811788
2017-09-11,17.91428565979004,17.957141876220703,17.75714111328125,17.78571319580078,9.426095008850098,4836076
2017-09-12,17.78571319580078,17.828571319580078,17.514284133911133,17.571428298950195,9.312527656555176,6653108
2017-09-13,17.571428298950195,17.671428680419922,17.428571701049805,17.428571701049805,9.23681640625,5799500
2017-09-14,17.428571701049805,17.64285659790039,17.342857360839844,17.5,9.27467155456543,9024750
2017-09-15,17.571428298950195,17.628570556640625,17.399999618530273,17.457141876220703,9.251957893371582,6209686
2017-09-18,17.5,17.657142639160156,17.44285774230957,17.457141876220703,9.251957893371582,9068234
2017-09-19,17.47142791748047,17.657142639160156,17.200000762939453,17.371427536010742,9.206530570983887,9252978
2017-09-20,17.385713577270508,17.5285701751709,17.071428298950195,17.100000381469727,9.062679290771484,8061508
2017-09-21,17.0285701751709,17.271427154541016,16.799999237060547,16.957141876220703,8.986967086791992,7405461
2017-09-22,17.071428298950195,17.11428451538086,16.78571319580078,16.857141494750977,8.933967590332031,5641272
2017-09-25,16.857141494750977,17.08571434020996,16.514284133911133,17.08571434020996,9.055108070373535,6980736
2017-09-26,17.157142639160156,17.5,17.14285659790039,17.357141494750977,9.198959350585938,8713187
2017-09-27,17.357141494750977,17.357141494750977,16.91428565979004,16.97142791748047,8.994537353515625,7106911
2017-09-28,16.814285278320312,17.11428451538086,16.799999237060547,17.0,9.009679794311523,6728365
2017-09-29,17.0285701751709,17.457141876220703,16.899999618530273,17.371427536010742,9.206530570983887,8293614
2017-10-02,17.371427536010742,17.64285659790039,17.314285278320312,17.514284133911133,9.282241821289062,7358932
2017-10-03,17.514284133911133,17.700000762939453,17.342857360839844,17.61428451538086,9.335240364074707,7186186
2017-10-04,17.671428680419922,17.75714111328125,17.542856216430664,17.58571434020996,9.320096969604492,4606630
2017-10-05,17.61428451538086,17.700000762939453,17.371427536010742,17.371427536010742,9.206530570983887,5386710
2017-10-06,17.342857360839844,17.61428451538086,17.157142639160156,17.61428451538086,9.335240364074707,7529753
2017-10-09,17.214284896850586,17.25714111328125,16.771427154541016,17.25714111328125,9.145960807800293,7993454
2017-10-10,17.357141494750977,17.700000762939453,17.314285278320312,17.5285701751709,9.289813995361328,11718021
2017-10-11,17.5285701751709,17.600000381469727,17.22857093811035,17.5,9.27467155456543,14440356
2017-10-12,17.64285659790039,18.328571319580078,17.61428451538086,18.214284896850586,9.653230667114258,19900461
2017-10-13,18.271427154541016,18.41428565979004,18.171428680419922,18.271427154541016,9.683513641357422,8531586
2017-10-16,18.314285278320312,18.61428451538086,18.200000762939453,18.385713577270508,9.744083404541016,10399788
2017-10-17,18.399999618530273,18.58571434020996,18.299999237060547,18.299999237060547,9.698655128479004,5196100
2017-10-18,18.371427536010742,18.542856216430664,18.271427154541016,18.385713577270508,9.744083404541016,7277900
2017-10-19,18.428571701049805,18.685714721679688,18.399999618530273,18.61428451538086,9.865220069885254,8754753
2017-10-20,18.64285659790039,18.78571319580078,18.44285774230957,18.671428680419922,9.895506858825684,9497740
2017-10-23,18.714284896850586,19.14285659790039,18.5285701751709,19.0,10.069642066955566,8047060
2017-10-24,19.100000381469727,19.171428680419922,18.799999237060547,18.928571701049805,10.031787872314453,7721952
2017-10-25,18.94285774230957,18.985713958740234,18.814285278320312,18.828571319580078,9.978789329528809,4708669
2017-10-26,18.828571319580078,19.157142639160156,18.799999237060547,18.842857360839844,9.986360549926758,6106002
2017-10-27,18.828571319580078,19.214284896850586,18.814285278320312,19.185714721679688,10.168067932128906,5972400
2017-10-30,19.22857093811035,19.47142791748047,19.214284896850586,19.314285278320312,10.236207962036133,7156891
2017-10-31,19.385713577270508,19.5,19.271427154541016,19.5,10.334633827209473,7023478
2017-11-01,19.571428298950195,19.685714721679688,19.399999618530273,19.58571434020996,10.380062103271484,8067325
2017-11-02,19.685714721679688,20.100000381469727,19.657142639160156,20.100000381469727,10.652621269226074,8019088
2017-11-03,20.11428451538086,20.44285774230957,19.799999237060547,19.97142791748047,10.584482192993164,8351875
2017-11-06,20.14285659790039,20.514284133911133,20.071428298950195,20.514284133911133,10.872184753417969,8320417
2017-11-07,20.55714225769043,20.714284896850586,19.97142791748047,20.071428298950195,10.637479782104492,9969890
2017-11-08,20.157142639160156,20.328571319580078,19.428571701049805,20.0,10.599624633789062,9966271
2017-11-09,18.814285278320312,18.857141494750977,17.985713958740234,18.071428298950195,9.577518463134766,34473656
2017-11-10,18.128570556640625,18.371427536010742,17.685714721679688,17.72857093811035,9.395811080932617,14888321
2017-11-13,17.78571319580078,18.200000762939453,17.200000762939453,18.171428680419922,9.63051700592041,17961818
2017-11-14,18.214284896850586,18.25714111328125,17.857141494750977,17.94285774230957,9.509376525878906,9454515
2017-11-15,17.957141876220703,17.97142791748047,17.485713958740234,17.485713958740234,9.26710033416748,7894922
2017-11-16,17.64285659790039,17.814285278320312,17.242856979370117,17.357141494750977,9.198959350585938,6889624
2017-11-17,17.44285774230957,17.885713577270508,17.357141494750977,17.828571319580078,9.448809623718262,7128765
2017-11-20,17.871427536010742,17.94285774230957,17.399999618530273,17.55714225769043,9.30495548248291,5370092
2017-11-21,17.41428565979004,18.171428680419922,17.399999618530273,18.157142639160156,9.622944831848145,8278298
2017-11-22,17.91428565979004,18.457141876220703,17.75714111328125,18.14285659790039,9.615372657775879,13266358
2017-11-23,18.214284896850586,18.328571319580078,18.014284133911133,18.014284133911133,9.547232627868652,5368580
2017-11-24,18.0,18.100000381469727,17.72857093811035,17.72857093811035,9.395811080932617,4604369
2017-11-27,17.771427154541016,17.928571701049805,17.628570556640625,17.799999237060547,9.433664321899414,4791066
2017-11-28,17.799999237060547,18.100000381469727,17.542856216430664,17.542856216430664,9.297384262084961,6663398
2017-11-29,17.571428298950195,17.628570556640625,17.157142639160156,17.214284896850586,9.123248100280762,5829061
2017-11-30,17.14285659790039,17.542856216430664,16.714284896850586,17.314285278320312,9.176246643066406,15962625
2017-12-01,17.299999237060547,17.299999237060547,16.75714111328125,16.857141494750977,8.933967590332031,7865074
2017-12-04,16.842857360839844,17.071428298950195,16.514284133911133,16.957141876220703,8.986967086791992,8058064
2017-12-05,17.05714225769043,17.28571319580078,17.05714225769043,17.214284896850586,9.123248100280762,5125988
2017-12-06,17.428571701049805,17.428571701049805,16.72857093811035,16.72857093811035,8.865827560424805,10186673
2017-12-07,16.771427154541016,16.91428565979004,16.72857093811035,16.75714111328125,8.880970001220703,4920188
2017-12-08,16.828571319580078,17.11428451538086,16.78571319580078,16.857141494750977,8.933967590332031,6209441
2017-12-11,17.014284133911133,17.08571434020996,16.799999237060547,16.799999237060547,8.903684616088867,6122816
2017-12-12,16.814285278320312,16.97142791748047,16.72857093811035,16.814285278320312,8.911256790161133,5775021
2017-12-13,16.91428565979004,17.214284896850586,16.871427536010742,16.91428565979004,8.964253425598145,11149019
2017-12-14,17.014284133911133,17.042856216430664,16.5,16.514284133911133,8.752260208129883,20844159
2017-12-15,16.514284133911133,16.55714225769043,16.171428680419922,16.399999618530273,8.691692352294922,9786854
2017-12-18,16.457141876220703,16.5,16.014284133911133,16.05714225769043,8.509984970092773,15068039
2017-12-19,16.08571434020996,16.742856979370117,15.971427917480469,16.571428298950195,8.78254508972168,15719375
2017-12-20,16.64285659790039,17.457141876220703,16.5,17.457141876220703,9.251957893371582,21372792
2017-12-21,17.5,17.91428565979004,17.071428298950195,17.200000762939453,9.115676879882812,15929816
2017-12-22,17.371427536010742,17.485713958740234,17.014284133911133,17.071428298950195,9.04753589630127,4432981
2017-12-25,17.28571319580078,17.357141494750977,17.042856216430664,17.200000762939453,9.115676879882812,1906611
2017-12-26,17.242856979370117,17.328571319580078,17.100000381469727,17.11428451538086,9.070249557495117,2570029
2017-12-27,17.128570556640625,17.128570556640625,16.771427154541016,17.0,9.009679794311523,5021016
2017-12-28,17.014284133911133,17.542856216430664,17.014284133911133,17.44285774230957,9.24438762664795,9743496
2017-12-29,17.47142791748047,17.714284896850586,17.342857360839844,17.357141494750977,9.198959350585938,10278058
2018-01-01,17.357141494750977,17.357141494750977,17.357141494750977,17.357141494750977,9.198959350585938,0
2018-01-02,17.399999618530273,17.700000762939453,17.357141494750977,17.571428298950195,9.312527656555176,10495513
2018-01-03,17.64285659790039,17.97142791748047,17.47142791748047,17.47142791748047,9.259529113769531,15607368
2018-01-04,17.5,17.78571319580078,17.385713577270508,17.399999618530273,9.221672058105469,11175703
2018-01-05,17.5,17.64285659790039,17.428571701049805,17.542856216430664,9.297384262084961,8597309
2018-01-08,17.685714721679688,17.75714111328125,17.47142791748047,17.5,9.27467155456543,7350245
2018-01-09,17.542856216430664,17.61428451538086,17.11428451538086,17.14285659790039,9.085391998291016,10111787
2018-01-10,17.14285659790039,17.14285659790039,16.928571701049805,17.014284133911133,9.017250061035156,6127569
2018-01-11,17.14285659790039,17.357141494750977,17.0,17.357141494750977,9.198959350585938,9257339
2018-01-12,17.399999618530273,17.47142791748047,17.071428298950195,17.071428298950195,9.04753589630127,12124448
2018-01-15,17.042856216430664,17.171428680419922,16.72857093811035,16.72857093811035,8.865827560424805,7393946
2018-01-16,16.72857093811035,16.928571701049805,16.5,16.799999237060547,8.903684616088867,8733690
2018-01-17,16.871427536010742,17.042856216430664,16.72857093811035,16.97142791748047,8.994537353515625,9882201
2018-01-18,17.0,17.071428298950195,16.771427154541016,16.78571319580078,8.896112442016602,10510087
2018-01-19,16.799999237060547,16.91428565979004,16.685714721679688,16.814285278320312,8.911256790161133,9174599
2018-01-22,16.842857360839844,16.928571701049805,16.58571434020996,16.628570556640625,8.812829971313477,11248580
2018-01-23,16.657142639160156,16.75714111328125,16.600000381469727,16.657142639160156,8.827972412109375,9642577
2018-01-24,16.657142639160156,16.75714111328125,16.64285659790039,16.64285659790039,8.820401191711426,10143980
2018-01-25,16.64285659790039,16.72857093811035,16.428571701049805,16.428571701049805,8.70683479309082,11257092
2018-01-26,16.428571701049805,16.542856216430664,16.28571319580078,16.385713577270508,8.684121131896973,6763827
2018-01-29,16.457141876220703,16.75714111328125,16.44285774230957,16.685714721679688,8.843114852905273,10022026
2018-01-30,16.64285659790039,16.78571319580078,16.457141876220703,16.457141876220703,8.721977233886719,8409184
2018-01-31,16.514284133911133,16.571428298950195,16.399999618530273,16.485713958740234,8.7371187210083,5283110
2018-02-01,16.485713958740234,16.514284133911133,16.157142639160156,16.214284896850586,8.593266487121582,7743379
2018-02-02,16.214284896850586,16.28571319580078,16.0,16.08571434020996,8.525126457214355,7990829
2018-02-05,16.100000381469727,16.128570556640625,15.728570938110352,15.742856979370117,8.343419075012207,9644208
2018-02-06,15.285714149475098,16.185714721679688,15.228570938110352,16.014284133911133,8.48727035522461,13241214
2018-02-07,16.08571434020996,16.171428680419922,15.914284706115723,16.08571434020996,8.525126457214355,11618957
2018-02-08,16.157142639160156,16.185714721679688,15.928570747375488,16.08571434020996,8.525126457214355,9488213
2018-02-09,15.971427917480469,16.08571434020996,15.928570747375488,15.957141876220703,8.456985473632812,7397824
2018-02-12,16.05714225769043,16.08571434020996,15.699999809265137,15.699999809265137,8.320706367492676,8204448
2018-02-13,15.785714149475098,16.042856216430664,15.742856979370117,16.0,8.479700088500977,6782734
2018-02-14,16.05714225769043,16.41428565979004,16.05714225769043,16.28571319580078,8.631122589111328,9942681
2018-02-15,16.11428451538086,16.357141494750977,16.071428298950195,16.28571319580078,8.631122589111328,11939242
2018-02-16,16.357141494750977,16.5,16.014284133911133,16.100000381469727,8.532698631286621,16289336
2018-02-19,16.171428680419922,16.22857093811035,16.071428298950195,16.171428680419922,8.57055377960205,9464000
2018-02-20,16.22857093811035,16.242856979370117,15.814285278320312,15.899999618530273,8.426700592041016,9411339
2018-02-21,16.0285701751709,16.200000762939453,15.914284706115723,16.200000762939453,8.585697174072266,8705151
2018-02-22,16.357141494750977,16.985713958740234,16.357141494750977,16.91428565979004,8.964253425598145,27534927
2018-02-23,16.985713958740234,17.071428298950195,16.828571319580078,16.928571701049805,8.97182559967041,12856977
2018-02-26,17.071428298950195,17.100000381469727,16.842857360839844,16.842857360839844,8.926397323608398,7598661
2018-02-27,16.857141494750977,16.899999618530273,16.5,16.628570556640625,8.812829971313477,11711357
2018-02-28,16.571428298950195,16.799999237060547,16.514284133911133,16.75714111328125,8.880970001220703,7491680
2018-03-01,16.671428680419922,16.91428565979004,16.61428451538086,16.742856979370117,8.87339973449707,8214248
2018-03-02,16.714284896850586,16.799999237060547,16.5285701751709,16.571428298950195,8.78254508972168,9194521
2018-03-05,16.742856979370117,16.742856979370117,16.5285701751709,16.657142639160156,8.827972412109375,4584069
2018-03-06,16.742856979370117,16.771427154541016,16.485713958740234,16.514284133911133,8.752260208129883,6944532
2018-03-07,16.47142791748047,16.5285701751709,16.214284896850586,16.25714111328125,8.61598014831543,8849617
2018-03-08,16.271427154541016,16.357141494750977,16.200000762939453,16.25714111328125,8.61598014831543,4511577
2018-03-09,16.28571319580078,16.314285278320312,16.171428680419922,16.22857093811035,8.600837707519531,6259330
2018-03-12,16.314285278320312,16.600000381469727,16.299999237060547,16.55714225769043,8.774974822998047,6306174
2018-03-13,16.514284133911133,16.657142639160156,16.47142791748047,16.5,8.74468994140625,7614061
2018-03-14,16.47142791748047,16.600000381469727,16.457141876220703,16.55714225769043,8.774974822998047,6422367
2018-03-15,16.58571434020996,16.671428680419922,16.514284133911133,16.571428298950195,8.78254508972168,10538087
2018-03-16,16.542856216430664,16.61428451538086,16.5,16.514284133911133,8.752260208129883,9884693
2018-03-19,16.485713958740234,16.58571434020996,16.44285774230957,16.5285701751709,8.759831428527832,7043995
2018-03-20,16.571428298950195,16.600000381469727,16.485713958740234,16.514284133911133,8.752260208129883,7833378
2018-03-21,16.55714225769043,16.985713958740234,16.5,16.91428565979004,8.964253425598145,22670361
2018-03-22,17.0,17.214284896850586,16.97142791748047,17.128570556640625,9.077820777893066,12445496
2018-03-23,17.0,17.714284896850586,16.899999618530273,17.685714721679688,9.373095512390137,18314387
2018-03-26,17.75714111328125,18.100000381469727,17.742856979370117,17.899999618530273,9.486663818359375,17208590
2018-03-27,18.071428298950195,18.157142639160156,17.75714111328125,17.871427536010742,9.471521377563477,16738680
2018-03-28,17.842857360839844,17.899999618530273,17.25714111328125,17.28571319580078,9.161103248596191,17120726
2018-03-29,15.571428298950195,16.042856216430664,15.385713577270508,15.699999809265137,9.374614715576172,26985000
2018-03-30,15.800000190734863,15.914284706115723,15.399999618530273,15.54285717010498,9.280782699584961,7017857
2018-04-02,15.528571128845215,15.614285469055176,15.442856788635254,15.457141876220703,9.22960090637207,3714396
2018-04-03,15.428570747375488,15.771428108215332,15.399999618530273,15.671427726745605,9.357552528381348,10569727
2018-04-04,15.742856979370117,15.757142066955566,15.5,15.600000381469727,9.31490421295166,7619773
2018-04-05,15.600000381469727,15.828571319580078,15.55714225769043,15.757142066955566,9.408734321594238,8852410
2018-04-06,15.742856979370117,16.371427536010742,15.671427726745605,16.25714111328125,9.707287788391113,26724180
2018-04-09,16.357141494750977,16.371427536010742,16.0,16.05714225769043,9.587867736816406,8024660
2018-04-10,15.957141876220703,16.014284133911133,15.65714168548584,15.928570747375488,9.51109504699707,8179332
2018-04-11,15.885713577270508,16.22857093811035,15.771428108215332,16.11428451538086,9.621987342834473,13348797
2018-04-12,16.28571319580078,16.28571319580078,16.0285701751709,16.200000762939453,9.673169136047363,8802262
2018-04-13,16.28571319580078,16.28571319580078,15.942856788635254,16.11428451538086,9.621987342834473,4248104
2018-04-16,16.11428451538086,16.214284896850586,16.042856216430664,16.11428451538086,9.621987342834473,5574352
2018-04-17,16.171428680419922,16.214284896850586,15.65714168548584,15.971427917480469,9.536685943603516,15368388
2018-04-18,16.0,16.185714721679688,15.714284896850586,16.128570556640625,9.63051700592041,12868317
2018-04-19,16.171428680419922,16.200000762939453,15.800000190734863,15.885713577270508,9.485505104064941,7150675
2018-04-20,15.928570747375488,15.928570747375488,15.285714149475098,15.300000190734863,9.135769844055176,13570872
2018-04-23,15.300000190734863,15.300000190734863,15.300000190734863,15.300000190734863,9.135769844055176,0
2018-04-24,15.271428108215332,15.471427917480469,15.14285659790039,15.199999809265137,9.076059341430664,8214353
2018-04-25,15.185713768005371,15.300000190734863,14.785714149475098,14.914284706115723,8.905455589294434,8444751
2018-04-26,15.0,15.15714168548584,14.899999618530273,15.05714225769043,8.99075698852539,6268045
2018-04-27,15.14285659790039,15.314285278320312,15.100000381469727,15.257142066955566,9.110179901123047,5511632
2018-04-30,15.300000190734863,15.5,14.571428298950195,14.714284896850586,8.786033630371094,11753329
2018-05-01,14.714284896850586,14.714284896850586,14.714284896850586,14.714284896850586,8.786033630371094,0
2018-05-02,15.01428508758545,15.04285717010498,14.54285717010498,14.614285469055176,8.726322174072266,7130256
2018-05-03,14.757142066955566,14.914284706115723,14.471427917480469,14.54285717010498,8.683672904968262,8423737
2018-05-04,14.528571128845215,14.571428298950195,14.078571319580078,14.457141876220703,8.632491111755371,11741919
2018-05-07,14.471427917480469,14.64285659790039,14.357142448425293,14.428570747375488,8.615431785583496,6161925
2018-05-08,14.5,14.54285717010498,13.992856979370117,14.128570556640625,8.436298370361328,9647596
2018-05-09,14.04285717010498,14.100000381469727,13.721427917480469,13.728570938110352,8.197454452514648,12737438
2018-05-10,13.428570747375488,14.199999809265137,13.300000190734863,14.14285659790039,8.444828987121582,13504484
2018-05-11,14.235713958740234,15.028571128845215,14.064285278320312,14.957141876220703,8.931045532226562,17647896
2018-05-14,14.928570747375488,14.942856788635254,14.600000381469727,14.928570747375488,8.913985252380371,7421547
2018-05-15,14.757142066955566,14.814285278320312,14.164284706115723,14.285714149475098,8.530130386352539,13756239
2018-05-16,14.371427536010742,14.800000190734863,14.300000190734863,14.571428298950195,8.700733184814453,10803191
2018-05-17,14.857142448425293,14.857142448425293,14.54285717010498,14.714284896850586,8.786033630371094,8054354
2018-05-18,14.685713768005371,14.757142066955566,14.54285717010498,14.699999809265137,8.777504920959473,6227144
2018-05-21,14.64285659790039,14.685713768005371,14.26428508758545,14.314285278320312,8.54719066619873,7841281
2018-05-22,14.300000190734863,14.65714168548584,14.300000190734863,14.55714225769043,8.692201614379883,9823289
2018-05-23,14.471427917480469,14.51428508758545,14.107142448425293,14.428570747375488,8.615431785583496,9864925
2018-05-24,14.585714340209961,14.65714168548584,14.050000190734863,14.14285659790039,8.444828987121582,7762076
2018-05-25,14.185713768005371,14.714284896850586,14.14285659790039,14.699999809265137,8.777504920959473,10883544
2018-05-28,14.828571319580078,15.300000190734863,14.814285278320312,15.257142066955566,9.110179901123047,8274861
2018-05-29,15.285714149475098,15.428570747375488,15.128570556640625,15.399999618530273,9.195481300354004,12387242
2018-05-30,15.371427536010742,15.428570747375488,15.0,15.05714225769043,8.99075698852539,10787196
2018-05-31,15.128570556640625,15.342857360839844,15.0,15.15714168548584,9.050467491149902,9735390
2018-06-01,15.128570556640625,15.242856979370117,14.899999618530273,15.071428298950195,8.999287605285645,9082283
2018-06-04,15.285714149475098,15.385713577270508,14.785714149475098,14.914284706115723,8.905455589294434,24939761
2018-06-05,14.928570747375488,15.328571319580078,14.914284706115723,15.285714149475098,9.127239227294922,8937880
2018-06-06,15.285714149475098,15.571428298950195,15.0,15.199999809265137,9.076059341430664,8943949
2018-06-07,15.257142066955566,16.185714721679688,15.185713768005371,16.14285659790039,9.639047622680664,16829092
2018-06-08,16.128570556640625,16.14285659790039,15.699999809265137,15.714284896850586,9.383143424987793,10351754
2018-06-11,15.714284896850586,16.157142639160156,15.442856788635254,15.985713958740234,9.54521656036377,9997813
2018-06-12,16.11428451538086,16.11428451538086,15.742856979370117,15.757142066955566,9.408734321594238,4176564
2018-06-13,15.685713768005371,15.814285278320312,15.485713958740234,15.528571128845215,9.272252082824707,14892451
2018-06-14,15.457141876220703,16.157142639160156,15.428570747375488,16.0,9.553747177124023,6367389
2018-06-15,16.0,16.0,16.0,16.0,9.553747177124023,0
2018-06-18,15.928570747375488,16.371427536010742,15.871427536010742,16.214284896850586,9.681697845458984,10282475
2018-06-19,16.071428298950195,16.214284896850586,15.899999618530273,16.14285659790039,9.639047622680664,6375271
2018-06-20,16.08571434020996,16.399999618530273,15.942856788635254,16.328571319580078,9.74993896484375,6682466
2018-06-21,16.328571319580078,16.328571319580078,15.971427917480469,15.985713958740234,9.54521656036377,7988750
2018-06-22,16.0,16.185714721679688,15.914284706115723,16.14285659790039,9.639047622680664,7305767
2018-06-25,16.357141494750977,16.55714225769043,16.214284896850586,16.514284133911133,9.86082935333252,10995264
2018-06-26,16.485713958740234,16.514284133911133,16.25714111328125,16.271427154541016,9.71581745147705,4619601
2018-06-27,16.271427154541016,16.271427154541016,15.0,15.328571319580078,9.152830123901367,19303263
2018-06-28,15.285714149475098,15.528571128845215,15.114285469055176,15.328571319580078,9.152830123901367,8511748
2018-06-29,15.385713577270508,15.671427726745605,15.342857360839844,15.485713958740234,9.246662139892578,9164302
2018-07-02,15.414284706115723,15.485713958740234,15.214284896850586,15.385713577270508,9.18695068359375,5643673
2018-07-03,15.414284706115723,15.828571319580078,15.300000190734863,15.742856979370117,9.4002046585083,7328902
2018-07-04,15.828571319580078,15.842857360839844,15.314285278320312,15.428570747375488,9.212540626525879,5026686
2018-07-05,15.485713958740234,15.757142066955566,15.399999618530273,15.571428298950195,9.297842025756836,5559792
2018-07-06,15.585714340209961,15.628570556640625,15.357142448425293,15.428570747375488,9.212540626525879,4149572
2018-07-09,15.5,15.728570938110352,15.314285278320312,15.428570747375488,9.212540626525879,5463640
2018-07-10,15.15714168548584,15.54285717010498,15.128570556640625,15.428570747375488,9.212540626525879,6382243
2018-07-11,15.199999809265137,15.257142066955566,14.771428108215332,15.114285469055176,9.024876594543457,6081222
2018-07-12,15.14285659790039,15.14285659790039,13.478570938110352,14.01428508758545,8.368057250976562,25781798
2018-07-13,14.04285717010498,14.385713577270508,14.04285717010498,14.214284896850586,8.487478256225586,7846223
2018-07-16,14.399999618530273,14.771428108215332,14.221427917480469,14.314285278320312,8.54719066619873,8538530
2018-07-17,14.385713577270508,14.54285717010498,14.214284896850586,14.485713958740234,8.649552345275879,7089201
2018-07-18,14.528571128845215,14.55714225769043,14.078571319580078,14.271428108215332,8.521599769592285,7257250
2018-07-19,14.314285278320312,14.471427917480469,14.199999809265137,14.271428108215332,8.521599769592285,7079345
2018-07-20,14.278571128845215,14.800000190734863,14.257142066955566,14.785714149475098,8.828683853149414,9255568
2018-07-23,15.0,15.14285659790039,14.800000190734863,14.914284706115723,8.905455589294434,6225989
2018-07-24,14.914284706115723,14.985713958740234,14.399999618530273,14.871427536010742,8.879864692687988,7152320
2018-07-25,14.857142448425293,15.100000381469727,14.714284896850586,15.0,8.956637382507324,8466479
2018-07-26,15.085714340209961,15.414284706115723,14.899999618530273,15.01428508758545,8.965166091918945,8521366
2018-07-27,15.028571128845215,15.300000190734863,15.028571128845215,15.071428298950195,8.999287605285645,4612867
2018-07-30,15.071428298950195,15.214284896850586,14.885713577270508,15.128570556640625,9.033408164978027,4013646
2018-07-31,15.100000381469727,15.399999618530273,15.028571128845215,15.357142448425293,9.169890403747559,6692413
2018-08-01,15.385713577270508,16.08571434020996,15.357142448425293,16.071428298950195,9.596396446228027,8531544
2018-08-02,15.828571319580078,16.05714225769043,15.471427917480469,16.014284133911133,9.562275886535645,8374583
2018-08-03,15.928570747375488,15.942856788635254,15.199999809265137,15.242856979370117,9.101649284362793,14024976
2018-08-06,15.185713768005371,15.228570938110352,14.928570747375488,14.985713958740234,8.94810676574707,9346771
2018-08-07,15.0,15.14285659790039,14.871427536010742,15.071428298950195,8.999287605285645,9364866
2018-08-08,15.04285717010498,15.085714340209961,14.757142066955566,14.899999618530273,8.89692497253418,9942401
2018-08-09,14.828571319580078,15.01428508758545,14.65714168548584,14.699999809265137,8.777504920959473,16135882
2018-08-10,15.214284896850586,16.05714225769043,14.742856979370117,15.828571319580078,9.451384544372559,51859073
2018-08-13,15.771428108215332,17.55714225769043,15.214284896850586,17.271427154541016,10.312928199768066,38622836
2018-08-14,17.428571701049805,18.214284896850586,17.428571701049805,17.771427154541016,10.611481666564941,26597655
2018-08-15,17.78571319580078,17.94285774230957,17.171428680419922,17.200000762939453,10.27027702331543,21344925
2018-08-16,17.100000381469727,17.685714721679688,16.571428298950195,16.700000762939453,9.971722602844238,18709117
2018-08-17,16.200000762939453,17.371427536010742,16.200000762939453,17.200000762939453,10.27027702331543,15793666
2018-08-20,17.357141494750977,17.685714721679688,17.071428298950195,17.64285659790039,10.534709930419922,3128048
2018-08-21,17.64285659790039,17.64285659790039,17.64285659790039,17.64285659790039,10.534709930419922,0
2018-08-22,17.64285659790039,17.64285659790039,17.64285659790039,17.64285659790039,10.534709930419922,0
2018-08-23,17.64285659790039,17.64285659790039,17.64285659790039,17.64285659790039,10.534709930419922,0
2018-08-24,17.64285659790039,17.64285659790039,17.64285659790039,17.64285659790039,10.534709930419922,0
2018-08-27,17.828571319580078,17.871427536010742,16.899999618530273,17.128570556640625,10.227625846862793,9441992
2018-08-28,17.185714721679688,17.61428451538086,17.14285659790039,17.428571701049805,10.406760215759277,9983771
2018-08-29,17.371427536010742,17.700000762939453,17.157142639160156,17.542856216430664,10.47499942779541,13258994
2018-08-30,17.542856216430664,17.542856216430664,17.542856216430664,17.542856216430664,10.47499942779541,0
2018-08-31,17.571428298950195,17.671428680419922,16.91428565979004,16.928571701049805,10.10820484161377,10532627
2018-09-03,16.78571319580078,17.22857093811035,16.771427154541016,16.985713958740234,10.142325401306152,9767716
2018-09-04,17.0285701751709,17.457141876220703,16.985713958740234,17.0285701751709,10.167915344238281,20243496
2018-09-05,17.05714225769043,17.72857093811035,17.05714225769043,17.5,10.449410438537598,18956511
2018-09-06,17.5285701751709,18.200000762939453,17.5285701751709,18.11428451538086,10.816205024719238,12775616
2018-09-07,18.11428451538086,18.128570556640625,17.5285701751709,17.75714111328125,10.602952003479004,7952707
2018-09-10,17.771427154541016,17.899999618530273,17.600000381469727,17.78571319580078,10.620013236999512,5443459
2018-09-11,17.799999237060547,18.399999618530273,17.742856979370117,18.214284896850586,10.875917434692383,9770187
2018-09-12,18.41428565979004,18.75714111328125,18.100000381469727,18.385713577270508,10.978278160095215,11522448
2018-09-13,18.342857360839844,18.91428565979004,18.214284896850586,18.514284133911133,11.055047035217285,12750766
2018-09-14,18.61428451538086,19.185714721679688,18.47142791748047,19.071428298950195,11.387723922729492,11408355
2018-09-17,19.071428298950195,19.299999237060547,18.72857093811035,18.799999237060547,11.2256498336792,6504540
2018-09-18,18.799999237060547,18.91428565979004,18.5285701751709,18.55714225769043,11.080639839172363,4529189
2018-09-19,18.5,18.957141876220703,18.5,18.700000762939453,11.16594123840332,5766222
2018-09-20,18.75714111328125,18.799999237060547,18.271427154541016,18.399999618530273,10.986807823181152,9365314
2018-09-21,18.485713958740234,19.44285774230957,18.47142791748047,19.314285278320312,11.532735824584961,12342435
2018-09-24,19.385713577270508,19.571428298950195,19.11428451538086,19.457141876220703,11.618037223815918,6454077
2018-09-25,19.571428298950195,19.600000381469727,19.171428680419922,19.55714225769043,11.677749633789062,6861855
2018-09-26,19.671428680419922,19.75714111328125,19.44285774230957,19.742856979370117,11.788640022277832,7152320
2018-09-27,19.78571319580078,19.842857360839844,19.171428680419922,19.28571319580078,11.515676498413086,9956681
2018-09-28,19.357141494750977,19.385713577270508,18.742856979370117,19.08571434020996,11.396254539489746,5341112
2018-10-01,19.171428680419922,19.214284896850586,18.571428298950195,18.64285659790039,11.131818771362305,6019643
2018-10-02,18.64285659790039,19.100000381469727,18.457141876220703,18.542856216430664,11.07210922241211,8698340
2018-10-03,18.64285659790039,19.171428680419922,18.514284133911133,18.94285774230957,11.310953140258789,9540853
2018-10-04,18.94285774230957,19.91428565979004,18.94285774230957,19.828571319580078,11.839820861816406,15559824
2018-10-05,19.58571434020996,19.657142639160156,19.28571319580078,19.371427536010742,11.566856384277344,7561190
2018-10-08,19.185714721679688,19.828571319580078,19.11428451538086,19.814285278320312,11.831291198730469,7592508
2018-10-09,19.857141494750977,20.600000381469727,19.814285278320312,20.399999618530273,12.181026458740234,13390741
2018-10-10,20.457141876220703,20.5,19.47142791748047,19.685714721679688,11.754520416259766,11591146
2018-10-11,19.55714225769043,19.742856979370117,19.25714111328125,19.5285701751709,11.660688400268555,6035162
2018-10-12,19.600000381469727,19.771427154541016,19.200000762939453,19.714284896850586,11.77157974243164,7264208
2018-10-15,19.685714721679688,19.75714111328125,19.357141494750977,19.514284133911133,11.652156829833984,6438341
2018-10-16,19.55714225769043,19.928571701049805,19.44285774230957,19.628570556640625,11.720399856567383,9233525
2018-10-17,19.72857093811035,20.342857360839844,19.714284896850586,20.28571319580078,12.112786293029785,14409381
2018-10-18,20.41428565979004,20.485713958740234,19.857141494750977,20.22857093811035,12.078664779663086,8732717
2018-10-19,20.200000762939453,20.371427536010742,19.385713577270508,19.385713577270508,11.575387001037598,11001347
2018-10-22,19.571428298950195,19.75714111328125,19.11428451538086,19.11428451538086,11.413312911987305,7357252
2018-10-23,18.899999618530273,19.485713958740234,18.828571319580078,19.042856216430664,11.3706636428833,5376035
2018-10-24,19.11428451538086,19.185714721679688,18.5,18.571428298950195,11.089170455932617,6019657
2018-10-25,18.5285701751709,19.014284133911133,18.399999618530273,18.857141494750977,11.259770393371582,9345406
2018-10-26,19.0285701751709,19.100000381469727,17.94285774230957,17.94285774230957,10.71384334564209,5959800
2018-10-29,17.94285774230957,17.94285774230957,17.94285774230957,17.94285774230957,10.71384334564209,0
2018-10-30,18.0285701751709,18.371427536010742,17.44285774230957,17.957141876220703,10.722373008728027,8837584
2018-10-31,17.899999618530273,18.957141876220703,17.799999237060547,18.58571434020996,11.097700119018555,10344880
2018-11-01,18.899999618530273,19.05714225769043,18.314285278320312,18.514284133911133,11.055047035217285,10872155
2018-11-02,18.78571319580078,18.957141876220703,18.328571319580078,18.72857093811035,11.183001518249512,15711962
2018-11-05,18.899999618530273,19.75714111328125,18.742856979370117,19.700000762939453,11.763050079345703,16601361
2018-11-06,19.700000762939453,19.714284896850586,19.0,19.242856979370117,11.490086555480957,9226196
2018-11-07,19.157142639160156,19.842857360839844,19.08571434020996,19.64285659790039,11.728930473327637,8145165
2018-11-08,18.97142791748047,19.128570556640625,17.899999618530273,17.94285774230957,10.71384334564209,19423075
2018-11-09,18.0,18.0285701751709,17.11428451538086,17.242856979370117,10.295866966247559,14919142
2018-11-12,17.22857093811035,17.828571319580078,17.05714225769043,17.299999237060547,10.329986572265625,8774332
2018-11-13,17.28571319580078,17.64285659790039,17.185714721679688,17.428571701049805,10.406760215759277,6924505
2018-11-14,17.428571701049805,17.542856216430664,16.957141876220703,17.399999618530273,10.389698028564453,7857850
2018-11-15,17.47142791748047,17.64285659790039,17.185714721679688,17.299999237060547,10.329986572265625,4876900
2018-11-16,17.428571701049805,17.55714225769043,17.25714111328125,17.55714225769043,10.483530044555664,5606706
2018-11-19,17.55714225769043,17.885713577270508,17.41428565979004,17.857141494750977,10.6626615524292,6980414
2018-11-20,17.78571319580078,17.814285278320312,17.242856979370117,17.271427154541016,10.312928199768066,6376076
2018-11-21,17.28571319580078,17.5285701751709,16.91428565979004,17.242856979370117,10.295866966247559,9085790
2018-11-22,17.299999237060547,17.75714111328125,17.157142639160156,17.72857093811035,10.585892677307129,7364280
2018-11-23,17.58571434020996,17.771427154541016,17.214284896850586,17.357141494750977,10.364108085632324,5663889
2018-11-26,17.571428298950195,17.58571434020996,17.271427154541016,17.342857360839844,10.35557746887207,4880155
2018-11-27,17.371427536010742,17.47142791748047,17.271427154541016,17.41428565979004,10.398229598999023,3852009
2018-11-28,17.44285774230957,17.58571434020996,17.342857360839844,17.371427536010742,10.372638702392578,3922996
2018-11-29,17.41428565979004,17.97142791748047,17.399999618530273,17.928571701049805,10.705314636230469,8170085
2018-11-30,17.899999618530273,18.0,17.685714721679688,17.714284896850586,10.577362060546875,4263329
2018-12-03,18.0,18.357141494750977,17.871427536010742,18.157142639160156,10.841795921325684,6513388
2018-12-04,17.957141876220703,18.542856216430664,17.742856979370117,17.799999237060547,10.628540992736816,10661980
2018-12-05,17.928571701049805,18.0285701751709,17.399999618530273,17.985713958740234,10.739434242248535,6535760
2018-12-06,18.0,18.08571434020996,17.5285701751709,17.814285278320312,10.637073516845703,7598465
2018-12-07,17.97142791748047,18.47142791748047,17.72857093811035,18.342857360839844,10.95268726348877,9265396
2018-12-10,18.200000762939453,18.399999618530273,17.814285278320312,17.871427536010742,10.67119312286377,6626151
2018-12-11,17.828571319580078,17.885713577270508,17.485713958740234,17.5,10.449410438537598,7240786
2018-12-12,17.55714225769043,17.61428451538086,17.171428680419922,17.185714721679688,10.261746406555176,10666726
2018-12-13,17.299999237060547,17.385713577270508,17.071428298950195,17.25714111328125,10.304396629333496,4389112
2018-12-14,17.25714111328125,17.771427154541016,17.171428680419922,17.600000381469727,10.50912094116211,6635426
2018-12-17,17.671428680419922,17.957141876220703,17.5285701751709,17.828571319580078,10.645604133605957,3197789
2018-12-18,17.799999237060547,17.799999237060547,17.371427536010742,17.47142791748047,10.432350158691406,4953053
2018-12-19,17.485713958740234,17.600000381469727,17.371427536010742,17.542856216430664,10.47499942779541,6025236
2018-12-20,17.571428298950195,17.75714111328125,17.342857360839844,17.371427536010742,10.372638702392578,5106731
2018-12-21,17.342857360839844,17.371427536010742,16.857141494750977,17.0285701751709,10.167915344238281,7356230
2018-12-24,17.042856216430664,17.100000381469727,16.72857093811035,16.742856979370117,9.997312545776367,3494666
2018-12-25,16.714284896850586,16.714284896850586,16.371427536010742,16.47142791748047,9.835240364074707,1960924
2018-12-26,16.5,16.671428680419922,16.47142791748047,16.55714225769043,9.886421203613281,1015056
2018-12-27,16.75714111328125,16.799999237060547,16.571428298950195,16.628570556640625,9.929071426391602,4262188
2018-12-28,16.700000762939453,16.871427536010742,16.657142639160156,16.828571319580078,10.048493385314941,3034990
2018-12-31,16.799999237060547,16.885713577270508,16.542856216430664,16.64285659790039,9.937601089477539,1746227
2019-01-01,16.64285659790039,16.64285659790039,16.64285659790039,16.64285659790039,9.937601089477539,0
2019-01-02,16.600000381469727,16.600000381469727,16.242856979370117,16.44285774230957,9.818180084228516,3332812
2019-01-03,16.14285659790039,16.571428298950195,16.11428451538086,16.41428565979004,9.80112075805664,5831791
2019-01-04,16.44285774230957,16.72857093811035,16.328571319580078,16.357141494750977,9.766999244689941,5326923
2019-01-07,16.428571701049805,16.485713958740234,16.328571319580078,16.41428565979004,9.80112075805664,3661651
2019-01-08,16.385713577270508,16.899999618530273,16.385713577270508,16.899999618530273,10.091143608093262,11051775
2019-01-09,16.928571701049805,17.457141876220703,16.885713577270508,17.357141494750977,10.364108085632324,6024046
2019-01-10,17.371427536010742,17.514284133911133,17.25714111328125,17.299999237060547,10.329986572265625,4512193
2019-01-11,17.399999618530273,17.75714111328125,17.357141494750977,17.485713958740234,10.440879821777344,5996249
2019-01-14,17.271427154541016,17.28571319580078,16.771427154541016,17.0285701751709,10.167915344238281,5791856
2019-01-15,17.08571434020996,17.44285774230957,17.08571434020996,17.214284896850586,10.278806686401367,5425217
2019-01-16,17.271427154541016,17.58571434020996,17.200000762939453,17.47142791748047,10.432350158691406,7360549
2019-01-17,17.514284133911133,18.014284133911133,17.428571701049805,17.94285774230957,10.71384334564209,6358107
2019-01-18,18.05714225769043,18.78571319580078,18.042856216430664,18.628570556640625,11.123290061950684,12520214
2019-01-21,18.571428298950195,18.771427154541016,18.328571319580078,18.41428565979004,10.995338439941406,10090577
2019-01-22,18.485713958740234,18.828571319580078,18.328571319580078,18.78571319580078,11.217122077941895,6547555
2019-01-23,18.828571319580078,19.28571319580078,18.78571319580078,19.171428680419922,11.44743537902832,8056314
2019-01-24,19.357141494750977,19.714284896850586,19.271427154541016,19.61428451538086,11.711869239807129,10921652
2019-01-25,19.714284896850586,19.75714111328125,19.22857093811035,19.271427154541016,11.507145881652832,8589224
2019-01-28,19.328571319580078,19.61428451538086,19.22857093811035,19.571428298950195,11.686280250549316,3100916
2019-01-29,19.5285701751709,19.571428298950195,19.071428298950195,19.514284133911133,11.652156829833984,16791012
2019-01-30,19.457141876220703,19.75714111328125,19.28571319580078,19.571428298950195,11.686280250549316,8218014
2019-01-31,19.685714721679688,20.14285659790039,19.685714721679688,19.94285774230957,11.908062934875488,7641340
2019-02-01,19.857141494750977,20.299999237060547,19.771427154541016,19.857141494750977,11.856881141662598,8263997
2019-02-04,19.75714111328125,19.842857360839844,19.242856979370117,19.357141494750977,11.55832576751709,5910702
2019-02-05,19.44285774230957,19.714284896850586,19.399999618530273,19.58571434020996,11.694809913635254,3655064
2019-02-06,19.771427154541016,20.08571434020996,19.685714721679688,20.0,11.942182540893555,4864531
2019-02-07,20.0,20.185714721679688,19.828571319580078,20.05714225769043,11.976302146911621,5057563
2019-02-08,20.08571434020996,20.128570556640625,19.928571701049805,20.128570556640625,12.018954277038574,6081341
2019-02-11,20.214284896850586,20.657142639160156,20.214284896850586,20.542856216430664,12.266325950622559,6577193
2019-02-12,20.5,20.78571319580078,20.357141494750977,20.742856979370117,12.385748863220215,7639317
2019-02-13,20.857141494750977,20.857141494750977,20.05714225769043,20.271427154541016,12.104254722595215,10307444
2019-02-14,20.25714111328125,20.714284896850586,19.628570556640625,20.700000762939453,12.360158920288086,14187082
2019-02-15,20.47142791748047,20.91428565979004,20.342857360839844,20.842857360839844,12.44546127319336,8460879
2019-02-18,20.742856979370117,20.799999237060547,20.385713577270508,20.600000381469727,12.30044937133789,6089216
2019-02-19,20.55714225769043,20.55714225769043,19.94285774230957,20.08571434020996,11.993364334106445,6042057
2019-02-20,20.071428298950195,20.171428680419922,19.857141494750977,20.071428298950195,11.984832763671875,7978957
2019-02-21,20.128570556640625,20.75714111328125,20.042856216430664,20.600000381469727,12.30044937133789,5616499
2019-02-22,20.928571701049805,21.11428451538086,20.828571319580078,20.842857360839844,12.44546127319336,5743759
2019-02-25,20.799999237060547,21.100000381469727,20.485713958740234,20.514284133911133,12.249265670776367,6510980
2019-02-26,20.47142791748047,20.94285774230957,20.071428298950195,20.928571701049805,12.496642112731934,6791078
2019-02-27,20.885713577270508,20.97142791748047,20.600000381469727,20.742856979370117,12.385748863220215,4448353
2019-02-28,20.742856979370117,21.08571434020996,20.47142791748047,20.61428451538086,12.308977127075195,5917387
2019-03-01,20.5,20.714284896850586,20.299999237060547,20.371427536010742,12.163966178894043,4797128
2019-03-04,20.314285278320312,20.91428565979004,20.314285278320312,20.842857360839844,12.44546127319336,4288277
2019-03-05,20.799999237060547,21.0285701751709,20.671428680419922,20.985713958740234,12.530762672424316,5302283
2019-03-06,20.928571701049805,21.042856216430664,20.78571319580078,20.871427536010742,12.462518692016602,3508232
2019-03-07,20.78571319580078,20.97142791748047,20.700000762939453,20.857141494750977,12.45398998260498,3124044
2019-03-08,20.885713577270508,20.899999618530273,20.371427536010742,20.44285774230957,12.20661735534668,5183262
2019-03-11,20.457141876220703,20.842857360839844,20.25714111328125,20.771427154541016,12.402809143066406,5761084
2019-03-12,20.78571319580078,21.042856216430664,20.600000381469727,21.0285701751709,12.556349754333496,3033303
2019-03-13,21.171428680419922,21.58571434020996,20.985713958740234,21.571428298950195,12.880496978759766,4961803
2019-03-14,21.628570556640625,21.64285659790039,21.171428680419922,21.299999237060547,12.718424797058105,2413628
2019-03-15,21.314285278320312,21.542856216430664,21.100000381469727,21.328571319580078,12.735485076904297,4635869
2019-03-18,21.328571319580078,21.514284133911133,21.185714721679688,21.299999237060547,12.718424797058105,2613261
2019-03-19,21.242856979370117,22.271427154541016,21.100000381469727,22.22857093811035,13.272882461547852,5746769
2019-03-20,22.171428680419922,22.171428680419922,21.671428680419922,21.700000762939453,12.957268714904785,2285850
2019-03-21,21.814285278320312,21.928571701049805,21.071428298950195,21.185714721679688,12.650182723999023,4683007
2019-03-22,21.44285774230957,21.485713958740234,20.899999618530273,21.042856216430664,12.564882278442383,3979605
2019-03-25,21.200000762939453,21.842857360839844,21.171428680419922,21.61428451538086,12.906085968017578,7338282
2019-03-26,21.72857093811035,22.128570556640625,21.28571319580078,21.371427536010742,12.761075019836426,9722517
2019-03-27,21.571428298950195,21.571428298950195,19.428571701049805,19.671428680419922,11.745989799499512,15863001
2019-03-28,18.328571319580078,18.64285659790039,17.628570556640625,18.185714721679688,12.201262474060059,14357084
2019-03-29,18.0,18.200000762939453,17.671428680419922,17.814285278320312,11.95206069946289,13468336
2019-04-01,17.857141494750977,18.814285278320312,17.842857360839844,18.628570556640625,12.498384475708008,7483651
2019-04-02,18.842857360839844,19.314285278320312,18.485713958740234,19.171428680419922,12.862601280212402,7317331
2019-04-03,19.14285659790039,19.214284896850586,18.72857093811035,18.871427536010742,12.661323547363281,4644241
2019-04-04,18.685714721679688,18.742856979370117,18.5285701751709,18.714284896850586,12.555891036987305,5818337
2019-04-05,19.299999237060547,19.61428451538086,19.22857093811035,19.242856979370117,12.91052532196045,7583373
2019-04-08,19.22857093811035,19.357141494750977,18.928571701049805,18.957141876220703,12.718830108642578,4215687
2019-04-09,19.100000381469727,19.357141494750977,18.857141494750977,18.871427536010742,12.661323547363281,4626986
2019-04-10,19.0,19.171428680419922,18.78571319580078,19.0285701751709,12.766753196716309,3113313
2019-04-11,18.814285278320312,18.928571701049805,18.714284896850586,18.814285278320312,12.622983932495117,3039379
2019-04-12,18.14285659790039,18.5285701751709,18.014284133911133,18.514284133911133,12.42170524597168,4640132
2019-04-15,18.5285701751709,18.5285701751709,18.071428298950195,18.22857093811035,12.23001480102539,8151367
2019-04-16,18.357141494750977,19.0,18.299999237060547,18.771427154541016,12.594230651855469,13268864
2019-04-17,18.957141876220703,19.071428298950195,18.799999237060547,18.871427536010742,12.661323547363281,5886706
2019-04-18,18.78571319580078,18.957141876220703,18.314285278320312,18.44285774230957,12.373784065246582,7019334
2019-04-19,18.457141876220703,18.542856216430664,18.28571319580078,18.342857360839844,12.30669116973877,2178568
2019-04-22,18.214284896850586,18.22857093811035,17.857141494750977,17.94285774230957,12.038320541381836,3600975
2019-04-23,17.94285774230957,17.94285774230957,17.94285774230957,17.94285774230957,12.038320541381836,0
2019-04-24,17.714284896850586,17.75714111328125,17.385713577270508,17.571428298950195,11.7891206741333,9535848
2019-04-25,17.571428298950195,18.0285701751709,17.485713958740234,17.957141876220703,12.047904968261719,9391606
2019-04-26,18.25714111328125,18.25714111328125,17.75714111328125,18.100000381469727,12.143753051757812,7552398
2019-04-29,18.11428451538086,18.14285659790039,17.700000762939453,17.828571319580078,11.961645126342773,4410980
2019-04-30,17.75714111328125,17.828571319580078,17.55714225769043,17.600000381469727,11.808289527893066,6447665
2019-05-01,17.600000381469727,17.600000381469727,17.600000381469727,17.600000381469727,11.808289527893066,0
2019-05-02,17.628570556640625,18.014284133911133,17.61428451538086,17.857141494750977,11.980812072753906,5674158
2019-05-03,17.857141494750977,17.899999618530273,17.628570556640625,17.700000762939453,11.875382423400879,3574557
2019-05-06,17.571428298950195,17.657142639160156,17.457141876220703,17.571428298950195,11.7891206741333,3842881
2019-05-07,17.428571701049805,17.428571701049805,17.200000762939453,17.314285278320312,11.616597175598145,15601229
2019-05-08,17.357141494750977,17.61428451538086,17.271427154541016,17.428571701049805,11.69327449798584,5007737
2019-05-09,17.242856979370117,17.28571319580078,16.742856979370117,16.842857360839844,11.300302505493164,9452737
2019-05-10,16.828571319580078,16.928571701049805,16.25714111328125,16.457141876220703,11.041518211364746,5091884
2019-05-13,16.47142791748047,16.742856979370117,16.28571319580078,16.671428680419922,11.185287475585938,6695528
2019-05-14,16.814285278320312,17.385713577270508,16.671428680419922,16.91428565979004,11.348226547241211,9310469
2019-05-15,16.928571701049805,17.5,16.91428565979004,17.428571701049805,11.69327449798584,6937749
2019-05-16,17.371427536010742,17.600000381469727,17.157142639160156,17.371427536010742,11.654934883117676,5517736
2019-05-17,17.22857093811035,17.514284133911133,17.14285659790039,17.171428680419922,11.520750045776367,2940042
2019-05-20,17.200000762939453,17.357141494750977,17.171428680419922,17.214284896850586,11.549503326416016,2259992
2019-05-21,17.22857093811035,17.314285278320312,16.799999237060547,16.857141494750977,11.309886932373047,5590207
2019-05-22,16.78571319580078,17.014284133911133,16.628570556640625,16.72857093811035,11.223625183105469,6435569
2019-05-23,16.700000762939453,17.05714225769043,16.700000762939453,16.885713577270508,11.329055786132812,4279681
2019-05-24,16.94285774230957,17.05714225769043,16.842857360839844,16.94285774230957,11.36739444732666,4503324
2019-05-27,16.928571701049805,17.042856216430664,16.75714111328125,16.771427154541016,11.252379417419434,2658488
2019-05-28,16.91428565979004,17.271427154541016,16.799999237060547,17.014284133911133,11.41531753540039,4912180
2019-05-29,16.928571701049805,17.071428298950195,16.857141494750977,17.0,11.405733108520508,5836012
2019-05-30,17.200000762939453,17.714284896850586,17.157142639160156,17.700000762939453,11.875382423400879,10453583
2019-05-31,17.628570556640625,18.671428680419922,17.514284133911133,18.628570556640625,12.498384475708008,13977817
2019-06-03,18.714284896850586,18.714284896850586,18.08571434020996,18.357141494750977,12.316274642944336,2844338
2019-06-04,18.357141494750977,18.357141494750977,18.357141494750977,18.357141494750977,12.316274642944336,0
2019-06-05,18.357141494750977,18.357141494750977,18.357141494750977,18.357141494750977,12.316274642944336,0
2019-06-06,18.357141494750977,18.357141494750977,18.357141494750977,18.357141494750977,12.316274642944336,0
2019-06-07,18.314285278320312,18.314285278320312,17.75714111328125,18.11428451538086,12.153336524963379,8074731
2019-06-10,18.14285659790039,18.357141494750977,18.0,18.0,12.076659202575684,4978561
2019-06-11,17.985713958740234,18.11428451538086,17.72857093811035,17.771427154541016,11.923304557800293,6064499
2019-06-12,17.742856979370117,17.75714111328125,17.328571319580078,17.371427536010742,11.654934883117676,8439956
2019-06-13,17.28571319580078,17.357141494750977,17.042856216430664,17.05714225769043,11.444072723388672,7410165
2019-06-14,17.14285659790039,17.185714721679688,16.72857093811035,16.857141494750977,11.309886932373047,4331383
2019-06-17,16.742856979370117,17.08571434020996,16.742856979370117,17.0285701751709,11.42490291595459,6057338
2019-06-18,17.0,17.271427154541016,16.928571701049805,17.185714721679688,11.53033447265625,9583308
2019-06-19,17.200000762939453,17.28571319580078,16.97142791748047,17.0285701751709,11.42490291595459,6741973
2019-06-20,17.100000381469727,17.157142639160156,16.457141876220703,16.5285701751709,11.089439392089844,13268654
2019-06-21,16.5285701751709,16.64285659790039,16.385713577270508,16.399999618530273,11.003179550170898,6773725
2019-06-24,16.571428298950195,16.64285659790039,16.171428680419922,16.200000762939453,10.86899471282959,7804727
2019-06-25,16.271427154541016,16.5285701751709,16.214284896850586,16.371427536010742,10.9840087890625,7913591
2019-06-26,16.385713577270508,16.44285774230957,16.185714721679688,16.214284896850586,10.878578186035156,5068707
2019-06-27,16.271427154541016,16.328571319580078,16.214284896850586,16.271427154541016,10.916915893554688,4306204
2019-06-28,16.299999237060547,16.457141876220703,16.22857093811035,16.399999618530273,11.003179550170898,6461098
2019-07-01,16.628570556640625,16.885713577270508,16.514284133911133,16.78571319580078,11.261963844299316,16954560
2019-07-02,16.928571701049805,16.97142791748047,16.5,16.542856216430664,11.099023818969727,8358476
2019-07-03,16.61428451538086,16.61428451538086,16.485713958740234,16.514284133911133,11.079854965209961,5219886
2019-07-04,16.55714225769043,16.571428298950195,16.44285774230957,16.514284133911133,11.079854965209961,3535567
2019-07-05,16.5285701751709,16.771427154541016,16.328571319580078,16.371427536010742,10.9840087890625,7669543
2019-07-08,16.200000762939453,16.385713577270508,15.914284706115723,16.214284896850586,10.878578186035156,9602957
2019-07-09,16.200000762939453,16.671428680419922,16.200000762939453,16.5,11.070271492004395,14487263
2019-07-10,16.5,16.78571319580078,16.399999618530273,16.72857093811035,11.223625183105469,10341058
2019-07-11,16.842857360839844,17.41428565979004,16.771427154541016,17.299999237060547,11.607010841369629,16252495
2019-07-12,17.399999618530273,17.75714111328125,17.28571319580078,17.700000762939453,11.875382423400879,12879888
2019-07-15,17.700000762939453,17.700000762939453,17.700000762939453,17.700000762939453,11.875382423400879,0
2019-07-16,17.714284896850586,18.11428451538086,17.671428680419922,17.91428565979004,12.01915168762207,10655547
2019-07-17,18.014284133911133,18.14285659790039,17.72857093811035,18.05714225769043,12.114996910095215,5689495
2019-07-18,17.957141876220703,18.485713958740234,17.828571319580078,18.457141876220703,12.383366584777832,10272276
2019-07-19,18.44285774230957,18.799999237060547,18.428571701049805,18.72857093811035,12.56547737121582,9641289
2019-07-22,18.78571319580078,18.828571319580078,18.342857360839844,18.371427536010742,12.325860023498535,5098184
2019-07-23,18.428571701049805,18.885713577270508,18.357141494750977,18.75714111328125,12.58464527130127,6283893
2019-07-24,18.828571319580078,19.299999237060547,18.714284896850586,19.28571319580078,12.939278602600098,7015365
2019-07-25,19.342857360839844,19.399999618530273,18.928571701049805,19.014284133911133,12.75716781616211,6991047
2019-07-26,18.957141876220703,19.28571319580078,18.64285659790039,19.185714721679688,12.872185707092285,8183315
2019-07-29,19.271427154541016,19.47142791748047,19.08571434020996,19.457141876220703,13.054293632507324,5834136
2019-07-30,19.64285659790039,19.91428565979004,19.399999618530273,19.857141494750977,13.322664260864258,8686356
2019-07-31,19.899999618530273,20.157142639160156,19.72857093811035,20.0,13.418511390686035,12510477
2019-08-01,19.857141494750977,20.5,19.814285278320312,20.44285774230957,13.715636253356934,10164259
2019-08-02,20.41428565979004,20.41428565979004,19.44285774230957,19.5285701751709,13.102217674255371,8805930
2019-08-05,19.428571701049805,19.75714111328125,19.357141494750977,19.371427536010742,12.996786117553711,5281031
2019-08-06,19.399999618530273,19.72857093811035,19.128570556640625,19.58571434020996,13.140557289123535,7163919
2019-08-07,19.714284896850586,19.714284896850586,19.11428451538086,19.514284133911133,13.092631340026855,4461506
2019-08-08,19.899999618530273,19.97142791748047,19.157142639160156,19.55714225769043,13.121387481689453,14451311
2019-08-09,19.64285659790039,19.657142639160156,19.28571319580078,19.371427536010742,12.996786117553711,4106011
2019-08-12,19.371427536010742,19.371427536010742,19.371427536010742,19.371427536010742,12.996786117553711,0
2019-08-13,19.371427536010742,19.371427536010742,19.371427536010742,19.371427536010742,12.996786117553711,0
2019-08-14,19.371427536010742,19.371427536010742,19.371427536010742,19.371427536010742,12.996786117553711,0
2019-08-15,19.14285659790039,19.22857093811035,18.514284133911133,18.58571434020996,12.46963119506836,11050599
2019-08-16,18.61428451538086,18.75714111328125,17.899999618530273,17.97142791748047,12.057490348815918,8262674
2019-08-19,18.14285659790039,18.299999237060547,17.97142791748047,18.08571434020996,12.13416862487793,11390925
2019-08-20,18.271427154541016,18.742856979370117,18.157142639160156,18.55714225769043,12.450461387634277,10831821
2019-08-21,18.58571434020996,19.399999618530273,18.47142791748047,19.371427536010742,12.996786117553711,11509176
2019-08-22,19.41428565979004,19.5,19.071428298950195,19.11428451538086,12.824260711669922,9994110
2019-08-23,19.171428680419922,19.185714721679688,18.600000381469727,18.91428565979004,12.690077781677246,7722085
2019-08-26,18.714284896850586,19.371427536010742,18.700000762939453,19.271427154541016,12.929693222045898,5889065
2019-08-27,19.28571319580078,19.28571319580078,18.514284133911133,18.671428680419922,12.527138710021973,10914232
2019-08-28,18.75714111328125,18.78571319580078,17.985713958740234,18.157142639160156,12.182090759277344,12459013
2019-08-29,18.14285659790039,18.299999237060547,17.857141494750977,18.0285701751709,12.095829010009766,16783550
2019-08-30,18.0285701751709,18.0285701751709,18.0285701751709,18.0285701751709,12.095829010009766,0
2019-09-02,18.014284133911133,18.5,18.014284133911133,18.399999618530273,12.345029830932617,8693013
2019-09-03,18.385713577270508,18.799999237060547,18.314285278320312,18.61428451538086,12.488798141479492,7330869
2019-09-04,18.771427154541016,19.11428451538086,18.657142639160156,18.928571701049805,12.699663162231445,9132914
2019-09-05,19.071428298950195,19.242856979370117,18.799999237060547,18.828571319580078,12.632569313049316,6456023
2019-09-06,18.78571319580078,18.928571701049805,18.299999237060547,18.371427536010742,12.325860023498535,7086667
2019-09-09,18.542856216430664,18.899999618530273,18.485713958740234,18.700000762939453,12.546308517456055,8574706
2019-09-10,18.78571319580078,19.071428298950195,18.742856979370117,19.0,12.747584342956543,11368343
2019-09-11,19.14285659790039,19.200000762939453,18.871427536010742,19.11428451538086,12.824260711669922,11628176
2019-09-12,19.14285659790039,19.671428680419922,19.11428451538086,19.628570556640625,13.169310569763184,16573137
2019-09-13,19.714284896850586,19.75714111328125,19.5,19.58571434020996,13.140557289123535,5706589
2019-09-16,19.428571701049805,19.91428565979004,19.428571701049805,19.514284133911133,13.092631340026855,11085858
2019-09-17,19.55714225769043,19.55714225769043,18.828571319580078,19.22857093811035,12.900938987731934,11082694
2019-09-18,19.22857093811035,19.58571434020996,19.071428298950195,19.55714225769043,13.121387481689453,7504896
2019-09-19,19.5,19.55714225769043,19.0,19.299999237060547,12.94886302947998,8700391
2019-09-20,19.41428565979004,19.428571701049805,19.200000762939453,19.371427536010742,12.996786117553711,4046175
2019-09-23,19.41428565979004,19.571428298950195,19.185714721679688,19.28571319580078,12.939278602600098,7132881
2019-09-24,19.428571701049805,19.885713577270508,19.428571701049805,19.700000762939453,13.217233657836914,9721047
2019-09-25,19.657142639160156,19.828571319580078,19.214284896850586,19.385713577270508,13.006370544433594,9061899
2019-09-26,19.399999618530273,20.0285701751709,19.399999618530273,19.871427536010742,13.33224868774414,19486222
2019-09-27,19.928571701049805,20.357141494750977,19.928571701049805,20.342857360839844,13.648544311523438,14047124
2019-09-30,20.342857360839844,20.871427536010742,20.342857360839844,20.514284133911133,13.763556480407715,10902150
2019-10-01,20.514284133911133,20.542856216430664,19.91428565979004,20.200000762939453,13.55269718170166,8840797
2019-10-02,20.100000381469727,20.47142791748047,19.61428451538086,19.72857093811035,13.23640251159668,13853952
2019-10-03,19.72857093811035,20.071428298950195,19.58571434020996,19.700000762939453,13.217233657836914,8807120
2019-10-04,19.771427154541016,20.05714225769043,19.485713958740234,19.928571701049805,13.370589256286621,12028142
2019-10-07,19.957141876220703,20.428571701049805,19.814285278320312,20.171428680419922,13.533527374267578,8337672
2019-10-08,20.08571434020996,20.185714721679688,19.72857093811035,19.842857360839844,13.313081741333008,11012932
2019-10-09,19.857141494750977,20.0,19.014284133911133,19.071428298950195,12.79550838470459,17930563
2019-10-10,19.042856216430664,19.042856216430664,18.071428298950195,18.25714111328125,12.249181747436523,23282987
2019-10-11,18.44285774230957,18.47142791748047,17.985713958740234,18.14285659790039,12.172505378723145,14192850
2019-10-14,18.0,18.05714225769043,17.22857093811035,17.399999618530273,11.674103736877441,19776547
2019-10-15,17.671428680419922,17.75714111328125,17.200000762939453,17.314285278320312,11.616597175598145,20652296
2019-10-16,17.05714225769043,17.242856979370117,16.928571701049805,17.014284133911133,11.41531753540039,11957351
2019-10-17,16.985713958740234,17.342857360839844,16.771427154541016,17.22857093811035,11.559088706970215,14656649
2019-10-18,18.0,18.014284133911133,17.399999618530273,17.75714111328125,11.91372013092041,20892613
2019-10-21,17.799999237060547,17.799999237060547,17.200000762939453,17.22857093811035,11.559088706970215,10485797
2019-10-22,17.22857093811035,17.58571434020996,17.157142639160156,17.428571701049805,11.69327449798584,13137502
2019-10-23,17.5285701751709,17.899999618530273,17.41428565979004,17.857141494750977,11.980812072753906,15716757
2019-10-24,17.885713577270508,17.97142791748047,17.64285659790039,17.771427154541016,11.923304557800293,12249363
2019-10-25,17.799999237060547,18.11428451538086,17.78571319580078,18.05714225769043,12.114996910095215,11960676
2019-10-28,18.08571434020996,18.11428451538086,17.78571319580078,17.78571319580078,11.932890892028809,3327457
2019-10-30,17.714284896850586,17.94285774230957,17.571428298950195,17.72857093811035,11.894552230834961,7878696
2019-10-31,17.700000762939453,17.78571319580078,17.657142639160156,17.75714111328125,11.91372013092041,4696972
2019-11-01,17.814285278320312,18.042856216430664,17.75714111328125,18.014284133911133,12.086243629455566,8457904
2019-11-04,18.157142639160156,18.385713577270508,18.14285659790039,18.25714111328125,12.249181747436523,5114144
2019-11-05,18.328571319580078,18.328571319580078,17.94285774230957,18.0,12.076659202575684,8502655
2019-11-06,18.042856216430664,18.200000762939453,17.742856979370117,18.128570556640625,12.162921905517578,7882112
2019-11-07,18.185714721679688,18.485713958740234,18.185714721679688,18.485713958740234,12.402539253234863,8104341
2019-11-08,18.14285659790039,18.47142791748047,18.014284133911133,18.242856979370117,12.239599227905273,16194430
2019-11-11,18.185714721679688,18.399999618530273,18.071428298950195,18.185714721679688,12.201262474060059,7520688
2019-11-12,18.200000762939453,18.314285278320312,17.985713958740234,18.05714225769043,12.114996910095215,8828743
2019-11-13,18.071428298950195,18.14285659790039,18.0285701751709,18.071428298950195,12.124584197998047,6560435
2019-11-14,18.071428298950195,18.128570556640625,17.5285701751709,17.600000381469727,11.808289527893066,12217590
2019-11-15,17.671428680419922,17.799999237060547,17.5285701751709,17.61428451538086,11.81787395477295,9206820
2019-11-18,17.657142639160156,17.742856979370117,17.399999618530273,17.685714721679688,11.86579704284668,22767871
2019-11-19,17.72857093811035,18.271427154541016,17.64285659790039,18.185714721679688,12.201262474060059,25564434
2019-11-20,18.200000762939453,18.44285774230957,17.94285774230957,18.042856216430664,12.105412483215332,14861994
2019-11-21,18.0285701751709,18.100000381469727,17.857141494750977,18.0,12.076659202575684,10193183
2019-11-22,17.97142791748047,18.214284896850586,17.885713577270508,17.957141876220703,12.047904968261719,9769368
2019-11-25,18.071428298950195,18.128570556640625,17.542856216430664,17.55714225769043,11.779535293579102,19993337
2019-11-26,17.542856216430664,17.64285659790039,17.457141876220703,17.58571434020996,11.798704147338867,13376475
2019-11-27,17.428571701049805,17.700000762939453,17.371427536010742,17.542856216430664,11.769949913024902,14657377
2019-11-28,17.58571434020996,17.714284896850586,17.55714225769043,17.628570556640625,11.827458381652832,8234450
2019-11-29,17.657142639160156,17.742856979370117,17.55714225769043,17.64285659790039,11.837042808532715,8743175
2019-12-02,17.75714111328125,17.799999237060547,17.55714225769043,17.600000381469727,11.808289527893066,11618880
2019-12-03,17.571428298950195,17.58571434020996,17.242856979370117,17.25714111328125,11.578256607055664,20996003
2019-12-04,17.200000762939453,17.328571319580078,17.171428680419922,17.22857093811035,11.559088706970215,8446823
2019-12-05,17.25714111328125,17.371427536010742,17.242856979370117,17.271427154541016,11.58784294128418,9655233
2019-12-06,17.328571319580078,17.485713958740234,17.299999237060547,17.428571701049805,11.69327449798584,19181344
2019-12-09,17.428571701049805,17.685714721679688,17.328571319580078,17.5285701751709,11.760367393493652,17486091
2019-12-10,17.5285701751709,17.671428680419922,17.44285774230957,17.485713958740234,11.731612205505371,16548497
2019-12-11,17.47142791748047,17.5,17.242856979370117,17.25714111328125,11.578256607055664,13001898
2019-12-12,17.28571319580078,17.457141876220703,17.25714111328125,17.371427536010742,11.654934883117676,16669961
2019-12-13,17.44285774230957,17.457141876220703,17.25714111328125,17.299999237060547,11.607010841369629,15712634
2019-12-16,17.328571319580078,17.5285701751709,17.271427154541016,17.371427536010742,11.654934883117676,11214910
2019-12-17,17.385713577270508,17.871427536010742,17.371427536010742,17.78571319580078,11.932890892028809,36436442
2019-12-18,17.700000762939453,17.828571319580078,17.457141876220703,17.55714225769043,11.779535293579102,17859310
2019-12-19,17.58571434020996,17.657142639160156,17.5285701751709,17.600000381469727,11.808289527893066,9360582
2019-12-20,17.58571434020996,17.899999618530273,17.55714225769043,17.742856979370117,11.904135704040527,19285840
2019-12-23,17.814285278320312,18.071428298950195,17.75714111328125,18.0,12.076659202575684,11561438
2019-12-24,18.05714225769043,18.171428680419922,18.0,18.08571434020996,12.13416862487793,9151905
2019-12-25,18.11428451538086,18.171428680419922,18.0285701751709,18.071428298950195,12.124584197998047,4336871
2019-12-26,18.042856216430664,18.428571701049805,18.042856216430664,18.271427154541016,12.258767127990723,14716429
2019-12-27,18.299999237060547,18.428571701049805,18.200000762939453,18.242856979370117,12.239599227905273,9815806
2019-12-30,18.25714111328125,18.314285278320312,18.128570556640625,18.185714721679688,12.201262474060059,7462714
2019-12-31,18.22857093811035,18.271427154541016,18.042856216430664,18.08571434020996,12.13416862487793,8171737
2020-01-02,18.185714721679688,18.41428565979004,18.11428451538086,18.28571319580078,12.268352508544922,10267544
2020-01-03,18.22857093811035,18.271427154541016,17.671428680419922,17.957141876220703,12.047904968261719,13947619
2020-01-06,17.700000762939453,17.78571319580078,17.61428451538086,17.671428680419922,11.85621452331543,9460164
2020-01-07,17.75714111328125,17.899999618530273,17.542856216430664,17.55714225769043,11.779535293579102,14402885
2020-01-08,17.385713577270508,17.457141876220703,17.14285659790039,17.200000762939453,11.539918899536133,17810471
2020-01-09,17.44285774230957,17.899999618530273,17.44285774230957,17.871427536010742,11.990398406982422,27044185
2020-01-10,17.885713577270508,17.957141876220703,17.742856979370117,17.899999618530273,12.009567260742188,20340271
2020-01-13,17.985713958740234,18.11428451538086,17.928571701049805,17.957141876220703,12.047904968261719,20015443
2020-01-14,17.94285774230957,17.957141876220703,17.685714721679688,17.714284896850586,11.884966850280762,16265004
2020-01-15,17.685714721679688,17.871427536010742,17.58571434020996,17.64285659790039,11.837042808532715,16043552
2020-01-16,17.700000762939453,17.78571319580078,17.47142791748047,17.485713958740234,11.731612205505371,23735747
2020-01-17,17.5285701751709,17.55714225769043,17.25714111328125,17.299999237060547,11.607010841369629,16043335
2020-01-20,17.357141494750977,17.5,17.342857360839844,17.41428565979004,11.683690071105957,11492838
2020-01-21,17.328571319580078,17.385713577270508,17.25714111328125,17.357141494750977,11.645350456237793,14337575
2020-01-22,17.371427536010742,17.542856216430664,17.328571319580078,17.357141494750977,11.645350456237793,16468305
2020-01-23,17.314285278320312,17.371427536010742,17.22857093811035,17.242856979370117,11.568673133850098,13256425
2020-01-24,17.299999237060547,17.428571701049805,17.05714225769043,17.08571434020996,11.463241577148438,16712241
2020-01-27,16.94285774230957,16.957141876220703,16.542856216430664,16.55714225769043,11.108610153198242,18953382
2020-01-28,16.628570556640625,16.657142639160156,16.314285278320312,16.5,11.070271492004395,23985514
2020-01-29,16.58571434020996,16.64285659790039,16.299999237060547,16.314285278320312,10.945671081542969,18308276
2020-01-30,16.25714111328125,16.55714225769043,16.014284133911133,16.457141876220703,11.041518211364746,30301138
2020-01-31,16.514284133911133,16.58571434020996,16.100000381469727,16.11428451538086,10.81148624420166,29019725
2020-02-03,16.071428298950195,16.200000762939453,15.714284896850586,16.05714225769043,10.773148536682129,17552710
2020-02-04,16.14285659790039,16.22857093811035,16.0285701751709,16.185714721679688,10.85940933227539,23201731
2020-02-05,16.200000762939453,16.485713958740234,16.14285659790039,16.299999237060547,10.93608570098877,25937618
2020-02-06,16.399999618530273,16.485713958740234,16.214284896850586,16.242856979370117,10.897747039794922,15313928
2020-02-07,16.22857093811035,16.371427536010742,16.14285659790039,16.157142639160156,10.840239524841309,13930238
2020-02-10,16.08571434020996,16.200000762939453,15.800000190734863,15.814285278320312,10.610207557678223,19339712
2020-02-11,15.957141876220703,16.214284896850586,15.899999618530273,16.11428451538086,10.81148624420166,19870130
2020-02-12,16.200000762939453,16.457141876220703,16.05714225769043,16.428571701049805,11.022348403930664,23132935
2020-02-13,16.271427154541016,16.271427154541016,15.985713958740234,16.0285701751709,10.75397777557373,47080593
2020-02-14,16.014284133911133,16.071428298950195,15.714284896850586,15.714284896850586,10.543115615844727,30115736
2020-02-17,15.814285278320312,16.128570556640625,15.685713768005371,16.0,10.734809875488281,34262025
2020-02-18,15.928570747375488,15.942856788635254,15.671427726745605,15.714284896850586,10.543115615844727,23583728
2020-02-19,15.728570938110352,15.957141876220703,15.728570938110352,15.857142448425293,10.638962745666504,24041220
2020-02-20,15.899999618530273,16.05714225769043,15.614285469055176,15.757142066955566,10.571869850158691,29059758
2020-02-21,15.699999809265137,16.100000381469727,15.65714168548584,15.942856788635254,10.696470260620117,30902907
2020-02-24,15.65714168548584,15.957141876220703,15.64285659790039,15.800000190734863,10.600624084472656,20024949
2020-02-25,15.942856788635254,15.971427917480469,15.628570556640625,15.64285659790039,10.495192527770996,19774748
2020-02-26,15.614285469055176,15.714284896850586,15.528571128845215,15.600000381469727,10.466440200805664,22960861
2020-02-27,15.5,15.54285717010498,14.671427726745605,14.699999809265137,9.862606048583984,22727537
2020-02-28,13.850000381469727,14.671427726745605,13.428570747375488,14.457141876220703,9.699665069580078,15331778
2020-03-02,14.714284896850586,14.828571319580078,14.385713577270508,14.5,9.72842025756836,8674491
2020-03-03,14.685713768005371,14.771428108215332,14.528571128845215,14.55714225769043,9.76675796508789,10681167
2020-03-04,14.600000381469727,14.628570556640625,14.314285278320312,14.314285278320312,9.603819847106934,10733821
2020-03-05,14.5,14.5,14.242856979370117,14.25,9.560689926147461,9400209
2020-03-06,14.214284896850586,14.314285278320312,13.550000190734863,13.571428298950195,9.105419158935547,15103606
2020-03-09,12.842857360839844,13.385713577270508,12.671427726745605,13.378570556640625,8.97602367401123,21232232
2020-03-10,13.585714340209961,13.64285659790039,13.199999809265137,13.221427917480469,8.870594024658203,12439238
2020-03-11,13.221427917480469,13.221427917480469,13.221427917480469,13.221427917480469,8.870594024658203,0
2020-03-12,12.64285659790039,12.649999618530273,11.935713768005371,12.0,8.051106452941895,14009569
2020-03-13,11.942856788635254,12.51428508758545,11.942856788635254,12.228570938110352,8.204461097717285,23886569
2020-03-16,11.857142448425293,11.857142448425293,11.26428508758545,11.285714149475098,7.571873188018799,10688937
2020-03-17,11.242856979370117,11.285714149475098,10.285714149475098,10.414284706115723,6.987208843231201,19320910
2020-03-18,10.321428298950195,10.55714225769043,9.928570747375488,9.942856788635254,6.67091703414917,18338593
2020-03-19,9.821428298950195,9.842857360839844,9.5,9.585714340209961,6.431300640106201,20799072
2020-03-20,9.871427536010742,10.085714340209961,9.771428108215332,9.814285278320312,6.584655284881592,17803541
2020-03-23,9.571428298950195,10.128570556640625,9.364285469055176,9.878570556640625,6.627784729003906,16223249
2020-03-24,10.385713577270508,10.571428298950195,10.149999618530273,10.550000190734863,7.0782647132873535,16711163
2020-03-25,10.699999809265137,11.114285469055176,10.378570556640625,10.75,7.21245002746582,23187010
2020-03-26,10.814285278320312,11.257142066955566,10.685713768005371,11.214284896850586,7.523950099945068,14663607
2020-03-27,11.207141876220703,11.5,10.878570556640625,10.921427726745605,7.327466011047363,18676931
2020-03-30,10.857142448425293,10.957141876220703,10.55714225769043,10.64285659790039,7.140564918518066,11297335
2020-03-31,10.785714149475098,10.935713768005371,10.757142066955566,10.835714340209961,7.269958019256592,11509764
2020-04-01,10.664284706115723,11.850000381469727,10.621427536010742,11.14285659790039,7.476027965545654,42587216
2020-04-02,11.371427536010742,11.964284896850586,11.14285659790039,11.80714225769043,7.9217143058776855,40088426
2020-04-03,11.814285278320312,12.399999618530273,11.685713768005371,12.128570556640625,8.137368202209473,44791621
2020-04-06,12.164284706115723,12.300000190734863,12.05714225769043,12.185713768005371,8.175707817077637,27236972
2020-04-07,12.342857360839844,13.342857360839844,12.29285717010498,12.885713577270508,8.645354270935059,44029825
2020-04-08,12.89285659790039,13.171427726745605,12.692856788635254,12.985713958740234,8.712447166442871,24172323
2020-04-09,13.242856979370117,13.735713958740234,13.149999618530273,13.600000381469727,9.124588012695312,41098043
2020-04-10,13.55714225769043,13.55714225769043,13.078571319580078,13.300000190734863,8.923309326171875,13487355
2020-04-13,13.271428108215332,13.271428108215332,12.90714168548584,12.928570747375488,8.674108505249023,20637288
2020-04-14,13.0,13.121427536010742,12.921427726745605,13.01428508758545,8.731616020202637,18448871
2020-04-15,13.078571319580078,13.100000381469727,12.385713577270508,12.492856979370117,8.381776809692383,21317555
2020-04-16,12.39285659790039,12.399999618530273,11.921427726745605,12.164284706115723,8.161330223083496,21451857
2020-04-17,12.321428298950195,12.585714340209961,12.321428298950195,12.478570938110352,8.3721923828125,12607154
2020-04-20,12.492856979370117,12.5,12.30714225769043,12.421427726745605,8.333852767944336,12689817
2020-04-21,12.14285659790039,12.14285659790039,11.964284896850586,12.064285278320312,8.094236373901367,17354190
2020-04-22,12.0,12.442856788635254,11.957141876220703,12.228570938110352,8.204461097717285,24847942
2020-04-24,12.30714225769043,12.550000190734863,12.185713768005371,12.25,8.218838691711426,16772385
2020-04-27,12.357142448425293,12.378570556640625,12.221427917480469,12.26428508758545,8.228422164916992,15793925
2020-04-28,12.25,12.449999809265137,12.207141876220703,12.321428298950195,8.26676082611084,16751112
2020-04-29,12.371427536010742,12.785714149475098,12.321428298950195,12.728570938110352,8.539923667907715,24342759
2020-04-30,12.878570556640625,13.15714168548584,12.699999809265137,12.914284706115723,8.66452407836914,28562863
2020-05-04,12.571428298950195,12.64285659790039,12.328571319580078,12.364285469055176,8.295516014099121,19146743
2020-05-05,12.55714225769043,12.592857360839844,12.335714340209961,12.39285659790039,8.314684867858887,19654355
2020-05-06,12.40714168548584,12.442856788635254,12.135713577270508,12.164284706115723,8.161330223083496,19462562
2020-05-07,12.178570747375488,12.26428508758545,11.971427917480469,12.14285659790039,8.146952629089355,13903743
2020-05-08,12.149999618530273,12.242856979370117,12.114285469055176,12.14285659790039,8.146952629089355,8774801
2020-05-11,12.15714168548584,12.221427917480469,12.107142448425293,12.121427536010742,8.132575988769531,7093996
2020-05-12,12.121427536010742,12.228570938110352,12.114285469055176,12.164284706115723,8.161330223083496,10221253
2020-05-13,12.149999618530273,12.164284706115723,12.05714225769043,12.064285278320312,8.094236373901367,10605840
2020-05-14,12.035714149475098,12.078571319580078,11.785714149475098,11.800000190734863,7.916922092437744,12230092
2020-05-15,11.885713577270508,11.921427726745605,11.699999809265137,11.699999809265137,7.849829196929932,11046301
2020-05-18,11.771428108215332,11.80714225769043,11.649999618530273,11.664284706115723,7.825866222381592,19999007
2020-05-20,11.685713768005371,11.707141876220703,11.5,11.528571128845215,7.734812259674072,21657489
2020-05-21,11.535714149475098,11.564285278320312,11.257142066955566,11.321428298950195,7.5958356857299805,31631446
2020-05-22,11.221427917480469,11.5,10.978570938110352,11.464284896850586,7.691681861877441,54895456
2020-05-27,11.64285659790039,12.092857360839844,11.592857360839844,11.992856979370117,8.046313285827637,72642850
2020-05-28,12.078571319580078,12.399999618530273,12.064285278320312,12.221427917480469,8.199668884277344,47502175
2020-05-29,12.285714149475098,12.30714225769043,12.121427536010742,12.235713958740234,8.209253311157227,21567035
2020-06-01,12.30714225769043,12.757142066955566,12.30714225769043,12.699999809265137,8.520753860473633,37408924
2020-06-02,12.771428108215332,13.071428298950195,12.64285659790039,12.821428298950195,8.60222339630127,39942343
2020-06-03,12.971427917480469,12.985713958740234,12.571428298950195,12.585714340209961,8.444077491760254,28549787
2020-06-04,12.571428298950195,12.571428298950195,12.29285717010498,12.371427536010742,8.30030632019043,25305301
2020-06-05,12.471427917480469,12.850000381469727,12.414284706115723,12.757142066955566,8.55909252166748,46532759
2020-06-08,12.857142448425293,13.050000190734863,12.699999809265137,12.757142066955566,8.55909252166748,40578657
2020-06-09,12.80714225769043,12.885713577270508,12.550000190734863,12.692856788635254,8.515961647033691,20979252
2020-06-10,12.699999809265137,12.80714225769043,12.649999618530273,12.649999618530273,8.487208366394043,19493796
2020-06-11,12.564285278320312,12.607142448425293,12.428570747375488,12.428570747375488,8.338645935058594,20300245
2020-06-12,12.328571319580078,12.535714149475098,12.214284896850586,12.492856979370117,8.381776809692383,22142379
2020-06-15,12.364285469055176,12.414284706115723,12.285714149475098,12.29285717010498,8.247591972351074,18009418
2020-06-16,12.457141876220703,12.578571319580078,12.385713577270508,12.478570938110352,8.3721923828125,26073817
2020-06-17,12.485713958740234,12.521428108215332,12.328571319580078,12.357142448425293,8.290722846984863,14777322
2020-06-18,12.364285469055176,12.550000190734863,12.29285717010498,12.428570747375488,8.338645935058594,21753732
2020-06-19,12.5,12.721427917480469,12.464284896850586,12.65714168548584,8.491999626159668,46557952
2020-06-22,12.721427917480469,12.949999809265137,12.707141876220703,12.871427536010742,8.635769844055176,59595494
2020-06-23,12.985713958740234,13.085714340209961,12.771428108215332,12.814285278320312,8.597432136535645,52469991
2020-06-24,12.79285717010498,12.864285469055176,12.699999809265137,12.742856979370117,8.549507141113281,28689843
2020-06-25,12.699999809265137,12.80714225769043,12.55714225769043,12.685713768005371,8.51116943359375,24387566
2020-06-26,12.742856979370117,12.864285469055176,12.742856979370117,12.76428508758545,8.563885688781738,17625174
2020-06-29,12.728570938110352,12.850000381469727,12.65714168548584,12.835714340209961,8.611809730529785,19497177
2020-06-30,12.878570556640625,12.942856788635254,12.771428108215332,12.857142448425293,8.626184463500977,24802281
2020-07-01,12.899999618530273,12.928570747375488,12.478570938110352,12.492856979370117,8.381776809692383,42356643
2020-07-02,12.51428508758545,12.65714168548584,12.51428508758545,12.571428298950195,8.434492111206055,26685778
2020-07-03,12.578571319580078,12.592857360839844,12.371427536010742,12.399999618530273,8.319476127624512,29578780
2020-07-06,12.535714149475098,12.621427536010742,12.385713577270508,12.421427726745605,8.333852767944336,29403311
2020-07-07,12.435713768005371,12.785714149475098,12.428570747375488,12.685713768005371,8.51116943359375,80970127
2020-07-08,12.714284896850586,12.80714225769043,12.564285278320312,12.592857360839844,8.448869705200195,49301245
2020-07-09,12.600000381469727,12.678570747375488,12.29285717010498,12.364285469055176,8.295516014099121,32584538
2020-07-10,12.328571319580078,12.350000381469727,12.071428298950195,12.242856979370117,8.214044570922852,27741350
2020-07-13,12.285714149475098,12.528571128845215,12.271428108215332,12.521428108215332,8.400945663452148,25139933
2020-07-14,12.55714225769043,12.55714225769043,12.285714149475098,12.328571319580078,8.271553993225098,26580988
2020-07-16,12.364285469055176,12.5,12.364285469055176,12.414284706115723,8.329061508178711,26592888
2020-07-17,12.435713768005371,12.478570938110352,12.378570556640625,12.40714168548584,8.324268341064453,16404836
2020-07-20,12.399999618530273,12.428570747375488,12.321428298950195,12.328571319580078,8.271553993225098,12314449
2020-07-21,12.357142448425293,12.521428108215332,12.300000190734863,12.342857360839844,8.281137466430664,41166867
2020-07-22,12.378570556640625,12.464284896850586,12.350000381469727,12.364285469055176,8.295516014099121,22543738
2020-07-23,12.428570747375488,12.714284896850586,12.40714168548584,12.535714149475098,8.410531997680664,55937910
2020-07-24,12.485713958740234,12.521428108215332,12.421427726745605,12.464284896850586,8.3626070022583,15280419
2020-07-27,12.507142066955566,12.664284706115723,12.428570747375488,12.449999809265137,8.353023529052734,32662434
2020-07-28,12.449999809265137,12.485713958740234,12.04285717010498,12.064285278320312,8.094236373901367,27592061
2020-07-29,12.100000381469727,12.128570556640625,11.64285659790039,11.778571128845215,7.9025444984436035,32461170
2020-07-30,11.80714225769043,11.814285278320312,11.714284896850586,11.79285717010498,7.912129878997803,6736233
2020-08-04,11.878570556640625,11.89285659790039,11.164284706115723,11.29285717010498,7.576666831970215,35096229
2020-08-05,11.300000190734863,11.535714149475098,10.928570747375488,11.378570556640625,7.634174346923828,37351930
2020-08-06,11.371427536010742,11.521428108215332,10.921427726745605,10.942856788635254,7.341842174530029,29631224
2020-08-07,10.885713577270508,11.25,10.457141876220703,11.149999618530273,7.480820655822754,37678382
2020-08-10,11.085714340209961,11.085714340209961,10.814285278320312,10.885713577270508,7.303503036499023,39987479
2020-08-11,10.885713577270508,11.235713958740234,10.885713577270508,11.092857360839844,7.442481994628906,55512205
2020-08-12,11.14285659790039,11.242856979370117,10.935713768005371,11.107142448425293,7.452066421508789,71099896
2020-08-13,11.228570938110352,11.485713958740234,11.14285659790039,11.207141876220703,7.519157409667969,92106294
2020-08-14,11.199999809265137,11.5,11.114285469055176,11.192856788635254,7.509572982788086,57839341
2020-08-17,11.271428108215332,11.628570556640625,11.214284896850586,11.54285717010498,7.744396686553955,60114740
2020-08-18,11.535714149475098,11.699999809265137,11.39285659790039,11.421427726745605,7.662927627563477,35821555
2020-08-19,11.457141876220703,12.471427917480469,11.328571319580078,12.271428108215332,8.233214378356934,216715660
2020-08-20,12.378570556640625,13.228570938110352,12.321428298950195,13.164284706115723,8.832255363464355,334759516
2020-08-21,13.55714225769043,13.671427726745605,11.828571319580078,11.857142448425293,7.95526123046875,378512680
2020-08-24,11.885713577270508,12.314285278320312,11.864285469055176,12.035714149475098,8.075068473815918,133477407
2020-08-25,12.114285469055176,12.15714168548584,11.771428108215332,11.842857360839844,7.945675849914551,69731746
2020-08-26,11.885713577270508,11.935713768005371,11.65714168548584,11.707141876220703,7.854620456695557,35235585
2020-08-27,11.842857360839844,11.957141876220703,11.771428108215332,11.949999809265137,8.017559051513672,52248420
2020-08-28,11.971427917480469,12.092857360839844,11.828571319580078,11.857142448425293,7.95526123046875,64005025
2020-08-31,11.842857360839844,11.842857360839844,11.414284706115723,11.428570747375488,7.667720317840576,37768843
2020-09-01,11.485713958740234,11.649999618530273,11.257142066955566,11.564285278320312,7.758773326873779,36422309
2020-09-02,11.564285278320312,11.635713577270508,11.428570747375488,11.442856788635254,7.677304744720459,27591844
2020-09-03,11.457141876220703,11.492856979370117,11.300000190734863,11.328571319580078,7.60062837600708,24847844
2020-09-04,11.314285278320312,11.5,11.257142066955566,11.435713768005371,7.672513008117676,28171444
2020-09-07,11.464284896850586,11.54285717010498,11.428570747375488,11.507142066955566,7.720436096191406,18578455
2020-09-08,11.507142066955566,11.571428298950195,11.314285278320312,11.321428298950195,7.5958356857299805,29271354
2020-09-09,11.350000381469727,12.199999809265137,11.314285278320312,12.114285469055176,8.12778377532959,144751103
2020-09-10,12.050000190734863,12.050000190734863,11.600000381469727,11.600000381469727,7.782736301422119,75462576
2020-09-11,11.592857360839844,11.778571128845215,11.457141876220703,11.585714340209961,7.77315092086792,50359673
2020-09-14,11.65714168548584,11.771428108215332,11.621427536010742,11.64285659790039,7.811490058898926,26248502
2020-09-15,11.678570747375488,11.785714149475098,11.449999809265137,11.592857360839844,7.7779436111450195,44168544
2020-09-16,11.649999618530273,11.692856788635254,11.55714225769043,11.571428298950195,7.763566493988037,21254548
2020-09-17,11.521428108215332,11.535714149475098,11.442856788635254,11.507142066955566,7.720436096191406,19715276
2020-09-18,11.528571128845215,11.628570556640625,11.5,11.521428108215332,7.730020523071289,24378704
2020-09-21,11.507142066955566,11.535714149475098,11.235713958740234,11.278571128845215,7.567081451416016,21242431
2020-09-22,11.271428108215332,11.39285659790039,11.228570938110352,11.328571319580078,7.60062837600708,18715543
2020-09-23,11.350000381469727,11.435713768005371,11.314285278320312,11.328571319580078,7.60062837600708,22335761
2020-09-24,11.300000190734863,11.457141876220703,11.29285717010498,11.399999618530273,7.6485514640808105,23185008
2020-09-25,11.457141876220703,11.55714225769043,11.399999618530273,11.485713958740234,7.706058025360107,32262216
2020-09-28,11.457141876220703,11.457141876220703,11.335714340209961,11.342857360839844,7.6102118492126465,18782680
2020-09-29,11.328571319580078,11.449999809265137,11.285714149475098,11.30714225769043,7.586250305175781,24984155
2020-09-30,11.335714340209961,11.39285659790039,11.335714340209961,11.385713577270508,7.638965129852295,21556073
2020-10-01,11.414284706115723,11.507142066955566,11.371427536010742,11.378570556640625,7.634174346923828,27408892
2020-10-02,11.335714340209961,11.421427726745605,11.314285278320312,11.371427536010742,7.629380702972412,16703736
2020-10-05,11.414284706115723,11.464284896850586,11.399999618530273,11.421427726745605,7.662927627563477,15187487
2020-10-06,11.435713768005371,11.564285278320312,11.421427726745605,11.442856788635254,7.677304744720459,38761240
2020-10-07,11.40714168548584,11.51428508758545,11.399999618530273,11.478570938110352,7.701267242431641,28663733
2020-10-08,11.507142066955566,11.76428508758545,11.40714168548584,11.707141876220703,7.854620456695557,100565605
2020-10-09,11.714284896850586,11.935713768005371,11.707141876220703,11.89285659790039,7.979220867156982,68138329
2020-10-12,11.850000381469727,11.857142448425293,11.592857360839844,11.621427536010742,7.797112941741943,62644820
2020-10-13,11.607142448425293,11.607142448425293,11.449999809265137,11.478570938110352,7.701267242431641,24954678
2020-10-14,11.464284896850586,12.285714149475098,11.457141876220703,11.942856788635254,8.01276683807373,224242662
2020-10-15,11.928570747375488,11.928570747375488,11.621427536010742,11.635713577270508,7.806697845458984,57447250
2020-10-16,11.664284706115723,11.850000381469727,11.64285659790039,11.778571128845215,7.9025444984436035,51181032
2020-10-19,11.685713768005371,11.685713768005371,11.55714225769043,11.578571319580078,7.768359184265137,34754181
2020-10-20,11.578571319580078,11.585714340209961,11.5,11.528571128845215,7.734812259674072,22111257
2020-10-21,11.578571319580078,11.592857360839844,11.457141876220703,11.464284896850586,7.691681861877441,19497121
2020-10-22,11.449999809265137,11.478570938110352,11.371427536010742,11.378570556640625,7.634174346923828,22828890
2020-10-23,11.364285469055176,11.40714168548584,11.235713958740234,11.321428298950195,7.5958356857299805,19569025
2020-10-26,11.271428108215332,11.271428108215332,10.857142448425293,10.864285469055176,7.289127826690674,30095800
2020-10-27,10.89285659790039,11.171427726745605,10.785714149475098,11.078571319580078,7.432897090911865,28464345
2020-10-28,11.0,11.028571128845215,10.857142448425293,10.857142448425293,7.284334182739258,8788101
2020-10-30,10.80714225769043,10.80714225769043,10.550000190734863,10.64285659790039,7.140564918518066,25321765
2020-11-02,10.671427726745605,10.964284896850586,10.664284706115723,10.785714149475098,7.236411094665527,25650121
2020-11-03,10.842857360839844,11.050000190734863,10.800000190734863,10.964284896850586,7.356219291687012,28736078
2020-11-04,11.0,11.107142448425293,10.942856788635254,11.092857360839844,7.442481994628906,28050953
2020-11-05,11.092857360839844,11.235713958740234,10.992856979370117,11.050000190734863,7.413727760314941,28298046
2020-11-06,11.028571128845215,11.100000381469727,10.985713958740234,11.04285717010498,7.408936023712158,15652049
2020-11-09,11.185713768005371,11.885713577270508,11.128570556640625,11.76428508758545,7.892959117889404,109679843
2020-11-10,11.585714340209961,12.135713577270508,11.585714340209961,12.04285717010498,8.07986068725586,102438721
2020-11-11,12.100000381469727,12.528571128845215,12.078571319580078,12.492856979370117,8.381776809692383,88067700
2020-11-12,12.5,13.071428298950195,12.357142448425293,12.75,8.554300308227539,158964442
2020-11-13,12.757142066955566,12.885713577270508,12.585714340209961,12.707141876220703,8.525546073913574,71991444
2020-11-16,12.828571319580078,12.964284896850586,12.714284896850586,12.721427917480469,8.535130500793457,75098912
2020-11-17,12.685713768005371,12.685713768005371,12.228570938110352,12.242856979370117,8.214044570922852,48073200
2020-11-18,12.228570938110352,12.65714168548584,12.228570938110352,12.614285469055176,8.46324634552002,61846400
2020-11-19,12.621427536010742,12.90714168548584,12.478570938110352,12.835714340209961,8.611809730529785,80235687
2020-11-20,12.871427536010742,13.035714149475098,12.692856788635254,12.735713958740234,8.544716835021973,59462900
2020-11-23,12.742856979370117,12.899999618530273,12.40714168548584,12.54285717010498,8.415323257446289,49099932
2020-11-24,12.65714168548584,12.89285659790039,12.64285659790039,12.878570556640625,8.640562057495117,66690638
2020-11-25,13.04285717010498,13.385713577270508,13.04285717010498,13.271428108215332,8.90414047241211,96811190
2020-11-26,13.371427536010742,13.442856788635254,13.15714168548584,13.385713577270508,8.980817794799805,49208719
2020-11-27,13.414284706115723,13.685713768005371,13.221427917480469,13.5,9.0574951171875,98549899
2020-11-30,13.214284896850586,13.385713577270508,12.985713958740234,13.021428108215332,8.736408233642578,58406929
2020-12-01,13.15714168548584,13.399999618530273,13.100000381469727,13.29285717010498,8.91851806640625,45832878
2020-12-02,13.285714149475098,13.528571128845215,13.242856979370117,13.278571128845215,8.90893268585205,40148003
2020-12-03,13.207141876220703,13.300000190734863,12.971427917480469,13.164284706115723,8.832255363464355,49377986
2020-12-04,13.30714225769043,13.664284706115723,13.199999809265137,13.40714168548584,8.995193481445312,111606838
2020-12-07,13.39285659790039,13.914284706115723,13.39285659790039,13.778571128845215,9.244394302368164,128538438
2020-12-08,13.949999809265137,14.05714225769043,13.635713577270508,13.64285659790039,9.153341293334961,58215682
2020-12-09,13.678570747375488,13.76428508758545,13.621427536010742,13.64285659790039,9.153341293334961,28942515
2020-12-10,13.649999618530273,14.035714149475098,13.649999618530273,13.949999809265137,9.35941219329834,48307539
2020-12-11,13.921427726745605,14.51428508758545,13.885713577270508,14.5,9.72842025756836,102769457
2020-12-14,14.685713768005371,15.185713768005371,14.685713768005371,14.957141876220703,10.035128593444824,57712382
2020-12-15,15.0,15.528571128845215,14.785714149475098,15.5,10.399346351623535,81181639
2020-12-16,15.614285469055176,15.800000190734863,15.357142448425293,15.54285717010498,10.4281005859375,74420647
2020-12-17,15.699999809265137,15.785714149475098,15.385713577270508,15.442856788635254,10.361007690429688,41820212
2020-12-18,15.414284706115723,15.614285469055176,15.199999809265137,15.385713577270508,10.32266902923584,32054694
2020-12-21,15.0,15.271428108215332,14.54285717010498,14.857142448425293,9.968035697937012,62615924
2020-12-22,15.0,15.085714340209961,14.899999618530273,14.914284706115723,10.00637435913086,35121709
2020-12-23,14.885713577270508,15.428570747375488,14.857142448425293,15.385713577270508,10.32266902923584,42343399
2020-12-24,15.471427917480469,15.5,15.257142066955566,15.271428108215332,10.245991706848145,26900713
2020-12-25,15.271428108215332,15.399999618530273,15.15714168548584,15.185713768005371,10.188483238220215,13293378
2020-12-28,15.199999809265137,15.54285717010498,15.14285659790039,15.399999618530273,10.332254409790039,36782403
2020-12-29,15.471427917480469,15.685713768005371,15.414284706115723,15.64285659790039,10.495192527770996,31728816
2020-12-30,15.728570938110352,15.800000190734863,15.414284706115723,15.442856788635254,10.361007690429688,36297310
2020-12-31,15.428570747375488,15.571428298950195,15.399999618530273,15.528571128845215,10.4185152053833,20531882
2021-01-04,15.55714225769043,15.771428108215332,15.471427917480469,15.671427726745605,10.514361381530762,36329083
2021-01-05,15.51428508758545,16.08571434020996,15.5,15.842857360839844,10.629378318786621,76892284
2021-01-06,16.171428680419922,16.271427154541016,15.914284706115723,15.985713958740234,10.725224494934082,44477622
2021-01-07,16.014284133911133,16.100000381469727,15.814285278320312,15.928570747375488,10.686884880065918,23931670
2021-01-08,16.014284133911133,16.128570556640625,15.885713577270508,16.05714225769043,10.773148536682129,24056711
2021-01-11,15.928570747375488,16.11428451538086,15.600000381469727,15.771428108215332,10.581454277038574,32841123
2021-01-12,15.828571319580078,15.928570747375488,15.628570556640625,15.65714168548584,10.504777908325195,31011519
2021-01-13,15.742856979370117,15.842857360839844,15.371427536010742,15.54285717010498,10.4281005859375,31994319
2021-01-14,15.571428298950195,15.857142448425293,15.485713958740234,15.714284896850586,10.543115615844727,37171127
2021-01-15,15.628570556640625,15.65714168548584,15.100000381469727,15.242856979370117,10.226821899414062,26538743
2021-01-18,15.271428108215332,15.585714340209961,14.885713577270508,15.414284706115723,10.341837882995605,35256648
2021-01-19,15.571428298950195,15.814285278320312,15.428570747375488,15.485713958740234,10.389761924743652,29458758
2021-01-20,15.528571128845215,15.885713577270508,15.485713958740234,15.528571128845215,10.4185152053833,46954502
2021-01-21,15.64285659790039,15.671427726745605,15.285714149475098,15.300000190734863,10.265161514282227,25124820
2021-01-22,15.228570938110352,15.357142448425293,15.028571128845215,15.271428108215332,10.245991706848145,24236464
2021-01-25,15.314285278320312,15.342857360839844,14.928570747375488,14.928570747375488,10.015958786010742,22959181
2021-01-26,14.785714149475098,14.871427536010742,14.55714225769043,14.628570556640625,9.814682960510254,26517078
2021-01-27,14.628570556640625,14.914284706115723,14.14285659790039,14.14285659790039,9.48880386352539,39876116
2021-01-28,14.05714225769043,14.64285659790039,13.76428508758545,14.64285659790039,9.82426643371582,34674745
2021-01-29,14.428570747375488,14.55714225769043,14.185713768005371,14.199999809265137,9.527143478393555,21712999
2021-02-01,14.300000190734863,14.385713577270508,14.128570556640625,14.178570747375488,9.512764930725098,20777449
2021-02-02,14.314285278320312,14.457141876220703,14.185713768005371,14.342857360839844,9.622989654541016,20291292
2021-02-03,14.428570747375488,14.55714225769043,14.25,14.471427917480469,9.709249496459961,21149898
2021-02-04,14.54285717010498,14.728570938110352,14.457141876220703,14.471427917480469,9.709249496459961,28489286
2021-02-05,14.64285659790039,14.699999809265137,14.371427536010742,14.385713577270508,9.651741981506348,16504880
2021-02-08,14.5,14.64285659790039,14.300000190734863,14.399999618530273,9.661327362060547,26453168
2021-02-09,14.471427917480469,15.01428508758545,14.428570747375488,14.857142448425293,9.968035697937012,53594989
2021-02-10,14.928570747375488,15.071428298950195,14.614285469055176,14.871427536010742,9.977620124816895,33517827
2021-02-11,14.885713577270508,15.228570938110352,14.800000190734863,15.114285469055176,10.140559196472168,38568488
2021-02-12,14.857142448425293,15.01428508758545,14.628570556640625,14.65714168548584,9.833850860595703,32331292
2021-02-15,14.871427536010742,15.085714340209961,14.800000190734863,15.028571128845215,10.083052635192871,32408978
2021-02-16,15.085714340209961,15.342857360839844,14.714284896850586,14.814285278320312,9.939281463623047,50086743
2021-02-17,14.899999618530273,14.914284706115723,14.571428298950195,14.585714340209961,9.785928726196289,30984324
2021-02-18,14.671427726745605,14.871427536010742,14.51428508758545,14.51428508758545,9.738004684448242,42017010
2021-02-19,14.628570556640625,14.742856979370117,14.55714225769043,14.699999809265137,9.862606048583984,24607863
2021-02-22,14.785714149475098,14.785714149475098,14.414284706115723,14.414284706115723,9.670910835266113,23497446
2021-02-23,14.55714225769043,15.128570556640625,14.485713958740234,14.54285717010498,9.757174491882324,81515203
2021-02-24,14.54285717010498,14.842857360839844,14.442856788635254,14.65714168548584,9.833850860595703,30500722
2021-02-25,14.814285278320312,14.971427917480469,14.51428508758545,14.699999809265137,9.862606048583984,39743900
2021-02-26,14.328571319580078,14.65714168548584,14.328571319580078,14.442856788635254,9.690081596374512,34975171
2021-03-01,14.64285659790039,15.14285659790039,14.628570556640625,15.114285469055176,10.140559196472168,38308473
2021-03-02,15.114285469055176,15.585714340209961,15.04285717010498,15.371427536010742,10.313084602355957,58471161
2021-03-03,15.485713958740234,15.51428508758545,15.05714225769043,15.114285469055176,10.140559196472168,34481440
2021-03-04,15.114285469055176,15.257142066955566,14.957141876220703,15.114285469055176,10.140559196472168,26246640
2021-03-05,15.314285278320312,15.485713958740234,15.114285469055176,15.242856979370117,10.226821899414062,47980324
2021-03-08,15.371427536010742,15.714284896850586,15.271428108215332,15.357142448425293,10.303500175476074,63429814
2021-03-09,15.457141876220703,15.5,15.271428108215332,15.300000190734863,10.265161514282227,27824678
2021-03-10,15.285714149475098,15.485713958740234,15.199999809265137,15.242856979370117,10.226821899414062,23654911
2021-03-11,15.314285278320312,15.485713958740234,15.228570938110352,15.285714149475098,10.255576133728027,30031190
2021-03-12,15.285714149475098,15.457141876220703,15.228570938110352,15.328571319580078,10.284330368041992,29346072
2021-03-15,15.300000190734863,15.428570747375488,15.199999809265137,15.199999809265137,10.198068618774414,18480105
2021-03-16,15.171427726745605,15.214284896850586,15.028571128845215,15.085714340209961,10.121391296386719,16254700
2021-03-17,15.100000381469727,15.228570938110352,14.699999809265137,14.714284896850586,9.87218952178955,30007236
2021-03-18,14.742856979370117,14.942856788635254,14.614285469055176,14.614285469055176,9.805096626281738,27223630
2021-03-19,14.55714225769043,14.600000381469727,14.271428108215332,14.371427536010742,9.642157554626465,24852443
2021-03-22,13.571428298950195,13.628570556640625,12.935713768005371,12.935713768005371,8.678901672363281,37165492
2021-03-23,12.0,13.01428508758545,11.692856788635254,12.664284706115723,8.49679183959961,46946284
2021-03-24,12.857142448425293,13.192856788635254,12.685713768005371,13.15714168548584,8.827463150024414,34111119
2021-03-25,13.385713577270508,13.949999809265137,13.285714149475098,13.485713958740234,9.047910690307617,60107831
2021-03-26,13.64285659790039,13.800000190734863,13.164284706115723,13.371427536010742,8.971233367919922,29977668
2021-03-29,13.321428298950195,13.464284896850586,13.171427726745605,13.25,8.889763832092285,26572805
2021-03-30,13.214284896850586,13.335714340209961,12.842857360839844,12.928570747375488,8.674108505249023,40600182
2021-03-31,12.935713768005371,13.050000190734863,12.828571319580078,12.857142448425293,8.626184463500977,26501545
2021-04-01,12.899999618530273,13.235713958740234,12.899999618530273,13.192856788635254,8.851426124572754,27776245
2021-04-02,13.285714149475098,13.357142448425293,13.085714340209961,13.15714168548584,8.827463150024414,16575405
2021-04-05,13.135713577270508,13.221427917480469,13.04285717010498,13.185713768005371,8.84663200378418,13167455
2021-04-06,13.207141876220703,13.300000190734863,12.985713958740234,12.985713958740234,8.712447166442871,16806041
2021-04-07,12.985713958740234,13.050000190734863,12.842857360839844,12.992856979370117,8.717240333557129,13122277
2021-04-08,13.0,13.064285278320312,12.850000381469727,12.857142448425293,8.626184463500977,13193026
2021-04-09,12.857142448425293,12.857142448425293,12.507142066955566,12.664284706115723,8.49679183959961,16264066
2021-04-12,12.607142448425293,12.635713577270508,12.428570747375488,12.428570747375488,8.338645935058594,12856627
2021-04-13,12.449999809265137,12.521428108215332,12.121427536010742,12.342857360839844,8.281137466430664,16948694
2021-04-14,12.414284706115723,12.721427917480469,12.385713577270508,12.721427917480469,8.535130500793457,20309681
2021-04-15,12.785714149475098,13.035714149475098,12.757142066955566,12.785714149475098,8.578262329101562,34796300
2021-04-16,12.721427917480469,13.0,12.664284706115723,12.75,8.554300308227539,18656274
2021-04-19,12.76428508758545,12.885713577270508,12.457141876220703,12.492856979370117,8.381776809692383,18880596
2021-04-20,12.521428108215332,12.65714168548584,12.285714149475098,12.364285469055176,8.295516014099121,14152208
2021-04-21,12.285714149475098,12.428570747375488,11.978570938110352,12.14285659790039,8.146952629089355,21294966
2021-04-22,11.985713958740234,12.478570938110352,11.835714340209961,12.357142448425293,8.290722846984863,21825034
2021-04-26,12.29285717010498,12.385713577270508,12.171427726745605,12.321428298950195,8.26676082611084,23073379
2021-04-27,12.342857360839844,12.464284896850586,12.257142066955566,12.357142448425293,8.290722846984863,21934311
2021-04-28,12.314285278320312,12.585714340209961,12.314285278320312,12.442856788635254,8.348230361938477,23126971
2021-04-29,12.5,12.635713577270508,12.464284896850586,12.564285278320312,8.42970085144043,19112744
2021-04-30,12.578571319580078,12.685713768005371,12.5,12.535714149475098,8.410531997680664,24401685
2021-05-03,12.571428298950195,12.978570938110352,12.564285278320312,12.978570938110352,8.707653999328613,36236914
2021-05-04,12.985713958740234,13.05714225769043,12.814285278320312,12.878570556640625,8.640562057495117,28326949
2021-05-05,12.90714168548584,13.149999618530273,12.828571319580078,13.04285717010498,8.750785827636719,44466079
2021-05-06,13.04285717010498,13.235713958740234,12.985713958740234,13.100000381469727,8.789124488830566,38564162
2021-05-07,13.199999809265137,13.80714225769043,13.199999809265137,13.800000190734863,9.258772850036621,69239149
2021-05-10,13.89285659790039,13.949999809265137,13.707141876220703,13.76428508758545,9.234810829162598,38771887
2021-05-11,13.621427536010742,13.685713768005371,13.464284896850586,13.678570747375488,9.177301406860352,32876900
2021-05-12,13.64285659790039,14.114285469055176,13.535714149475098,14.085714340209961,9.45046615600586,28828793
2021-05-17,14.128570556640625,14.585714340209961,14.121427536010742,14.457141876220703,9.699665069580078,40038796
2021-05-18,14.54285717010498,14.714284896850586,14.285714149475098,14.51428508758545,9.738004684448242,31617705
2021-05-20,14.428570747375488,14.671427726745605,14.25,14.314285278320312,9.603819847106934,36373533
2021-05-21,14.428570747375488,14.842857360839844,14.428570747375488,14.699999809265137,9.862606048583984,51059575
2021-05-24,14.785714149475098,14.800000190734863,14.528571128845215,14.714284896850586,9.87218952178955,16693159
2021-05-25,14.757142066955566,14.771428108215332,14.128570556640625,14.128570556640625,9.479218482971191,29370145
2021-05-26,14.242856979370117,14.371427536010742,13.89285659790039,14.171427726745605,9.507972717285156,43404298
2021-05-27,14.164284706115723,14.328571319580078,13.828571319580078,13.828571319580078,9.277942657470703,40968893
2021-05-28,13.857142448425293,14.035714149475098,13.714284896850586,13.942856788635254,9.354619979858398,36728286
2021-05-31,13.942856788635254,14.071428298950195,13.871427536010742,13.90714168548584,9.330657005310059,23346134
2021-06-01,14.01428508758545,14.14285659790039,13.899999618530273,14.085714340209961,9.45046615600586,27432902
2021-06-02,14.092857360839844,14.600000381469727,14.092857360839844,14.5,9.72842025756836,58152577
2021-06-03,14.55714225769043,14.714284896850586,14.385713577270508,14.714284896850586,9.87218952178955,41755091
2021-06-04,14.842857360839844,14.842857360839844,14.600000381469727,14.714284896850586,9.87218952178955,36715308
2021-06-07,14.65714168548584,14.899999618530273,14.55714225769043,14.699999809265137,9.862606048583984,28360318
2021-06-08,14.714284896850586,14.857142448425293,14.628570556640625,14.771428108215332,9.910528182983398,30777740
2021-06-09,14.828571319580078,14.885713577270508,14.64285659790039,14.65714168548584,9.833850860595703,26780824
2021-06-10,14.699999809265137,14.828571319580078,14.628570556640625,14.728570938110352,9.881773948669434,18841739
2021-06-11,14.857142448425293,15.071428298950195,14.785714149475098,14.814285278320312,9.939281463623047,39542755
2021-06-14,14.871427536010742,15.01428508758545,14.699999809265137,14.857142448425293,9.968035697937012,36258810
2021-06-15,14.800000190734863,14.942856788635254,14.571428298950195,14.699999809265137,9.862606048583984,31324797
2021-06-16,14.757142066955566,14.942856788635254,14.699999809265137,14.714284896850586,9.87218952178955,27251994
2021-06-17,14.685713768005371,14.899999618530273,14.65714168548584,14.842857360839844,9.958452224731445,31206483
2021-06-18,14.914284706115723,14.928570747375488,14.414284706115723,14.51428508758545,9.738004684448242,25639383
2021-06-21,14.428570747375488,14.442856788635254,14.128570556640625,14.228570938110352,9.54631233215332,27243573
2021-06-22,14.357142448425293,14.457141876220703,14.242856979370117,14.357142448425293,9.632573127746582,27893719
2021-06-23,14.428570747375488,14.51428508758545,14.228570938110352,14.314285278320312,9.603819847106934,26030543
2021-06-24,14.342857360839844,14.428570747375488,14.271428108215332,14.300000190734863,9.594236373901367,14440741
2021-06-25,14.342857360839844,14.385713577270508,14.050000190734863,14.050000190734863,9.426504135131836,16102023
2021-06-28,14.05714225769043,14.107142448425293,13.714284896850586,13.771428108215332,9.239603996276855,25075225
2021-06-29,13.771428108215332,13.79285717010498,13.535714149475098,13.649999618530273,9.158133506774902,28922061
2021-06-30,13.685713768005371,13.800000190734863,13.464284896850586,13.535714149475098,9.081456184387207,28713097
2021-07-01,13.550000190734863,13.771428108215332,13.550000190734863,13.735713958740234,9.215641021728516,16810990
2021-07-02,13.757142066955566,13.928570747375488,13.664284706115723,13.664284706115723,9.167716979980469,18163194
2021-07-05,13.664284706115723,13.942856788635254,13.635713577270508,13.942856788635254,9.354619979858398,15158157
2021-07-06,13.992856979370117,14.050000190734863,13.735713958740234,13.735713958740234,9.215641021728516,16036559
2021-07-07,13.778571128845215,13.89285659790039,13.742856979370117,13.76428508758545,9.234810829162598,13484940
2021-07-08,13.735713958740234,13.864285469055176,13.585714340209961,13.607142448425293,9.129379272460938,15494479
2021-07-09,13.607142448425293,13.821428298950195,13.55714225769043,13.800000190734863,9.258772850036621,17819207
2021-07-12,13.80714225769043,13.821428298950195,13.449999809265137,13.5,9.0574951171875,17352531
2021-07-13,13.51428508758545,13.592857360839844,13.40714168548584,13.428570747375488,9.009571075439453,15054872
2021-07-14,13.492856979370117,13.585714340209961,13.478570938110352,13.571428298950195,9.105419158935547,16129897
2021-07-16,13.571428298950195,13.621427536010742,13.471427917480469,13.535714149475098,9.081456184387207,10825997
2021-07-19,13.492856979370117,13.492856979370117,13.378570556640625,13.399999618530273,8.990402221679688,4664205
2021-07-26,13.421427726745605,13.457141876220703,13.121427536010742,13.149999618530273,8.822670936584473,19031124
2021-07-27,13.121427536010742,13.214284896850586,13.0,13.192856788635254,8.851426124572754,19472152
2021-07-28,13.185713768005371,13.285714149475098,13.107142448425293,13.128570556640625,8.808293342590332,18230023
2021-07-29,13.221427917480469,13.457141876220703,13.221427917480469,13.442856788635254,9.019156455993652,23116380
2021-07-30,13.40714168548584,13.492856979370117,13.314285278320312,13.399999618530273,8.990402221679688,20986021
2021-08-02,13.471427917480469,13.671427726745605,13.457141876220703,13.649999618530273,9.158133506774902,20442079
2021-08-03,13.65714168548584,13.65714168548584,13.507142066955566,13.585714340209961,9.11500358581543,20364176
2021-08-04,13.614285469055176,13.721427917480469,13.507142066955566,13.507142066955566,9.062287330627441,19666206
2021-08-05,13.535714149475098,14.0,13.51428508758545,13.964284896850586,9.368995666503906,59084816
2021-08-06,13.978570938110352,14.078571319580078,13.80714225769043,14.021428108215332,9.407334327697754,30137856
2021-08-09,14.050000190734863,14.14285659790039,13.957141876220703,14.01428508758545,9.402541160583496,24029887
2021-08-10,14.01428508758545,14.285714149475098,13.992856979370117,14.235713958740234,9.551104545593262,36316217
2021-08-11,14.242856979370117,14.25,13.728570938110352,13.785714149475098,9.249187469482422,52512978
2021-08-12,13.942856788635254,14.207141876220703,13.935713768005371,14.04285717010498,9.421710968017578,70567721
2021-08-13,14.05714225769043,14.371427536010742,14.050000190734863,14.371427536010742,9.642157554626465,48001695
2021-08-16,14.414284706115723,14.471427917480469,14.314285278320312,14.371427536010742,9.642157554626465,27132259
2021-08-17,14.342857360839844,14.671427726745605,14.192856788635254,14.671427726745605,9.843435287475586,45960950
2021-08-18,14.714284896850586,14.800000190734863,14.5,14.528571128845215,9.747590065002441,42111069
2021-08-19,14.371427536010742,14.51428508758545,14.300000190734863,14.342857360839844,9.622989654541016,28527401
2021-08-20,14.342857360839844,14.457141876220703,14.035714149475098,14.164284706115723,9.503180503845215,41988758
2021-08-23,14.257142066955566,14.371427536010742,14.207141876220703,14.285714149475098,9.584650993347168,23502381
2021-08-24,14.371427536010742,14.471427917480469,14.300000190734863,14.314285278320312,9.603819847106934,22595692
2021-08-25,14.414284706115723,14.457141876220703,14.199999809265137,14.214284896850586,9.536725997924805,30064132
2021-08-26,14.228570938110352,14.357142448425293,14.114285469055176,14.128570556640625,9.479218482971191,25020226
2021-08-27,14.164284706115723,14.228570938110352,14.085714340209961,14.228570938110352,9.54631233215332,21606235
2021-08-31,14.300000190734863,14.55714225769043,14.285714149475098,14.528571128845215,9.747590065002441,50631518
2021-09-01,14.571428298950195,14.842857360839844,14.571428298950195,14.800000190734863,9.929698944091797,40444824
2021-09-02,14.828571319580078,15.04285717010498,14.728570938110352,15.0,10.063883781433105,35945959
2021-09-03,14.971427917480469,15.04285717010498,14.785714149475098,14.814285278320312,9.939281463623047,31929205
2021-09-06,14.842857360839844,14.957141876220703,14.757142066955566,14.899999618530273,9.996789932250977,20030353
2021-09-07,14.899999618530273,15.05714225769043,14.699999809265137,14.742856979370117,9.891359329223633,28330113
2021-09-08,14.742856979370117,14.914284706115723,14.585714340209961,14.585714340209961,9.785928726196289,30644656
2021-09-09,14.528571128845215,14.899999618530273,14.51428508758545,14.899999618530273,9.996789932250977,30284247
2021-09-10,14.914284706115723,14.957141876220703,14.685713768005371,14.685713768005371,9.853020668029785,19528026
2021-09-13,14.699999809265137,14.928570747375488,14.685713768005371,14.800000190734863,9.929698944091797,24723174
2021-09-14,14.871427536010742,15.257142066955566,14.857142448425293,15.242856979370117,10.226821899414062,66299023
2021-09-15,15.51428508758545,15.685713768005371,15.328571319580078,15.600000381469727,10.466440200805664,74855396
2021-09-16,15.600000381469727,15.785714149475098,15.442856788635254,15.442856788635254,10.361007690429688,33174540
2021-09-17,15.54285717010498,15.685713768005371,15.457141876220703,15.528571128845215,10.4185152053833,33155689
2021-09-20,15.371427536010742,15.428570747375488,15.185713768005371,15.357142448425293,10.303500175476074,31461997
2021-09-21,15.457141876220703,15.814285278320312,15.399999618530273,15.671427726745605,10.514361381530762,51988797
2021-09-22,15.785714149475098,15.857142448425293,15.585714340209961,15.828571319580078,10.619792938232422,35933737
2021-09-23,15.828571319580078,16.05714225769043,15.771428108215332,15.885713577270508,10.65813159942627,42483973
2021-09-24,15.828571319580078,15.985713958740234,15.64285659790039,15.828571319580078,10.619792938232422,37084075
2021-09-27,15.899999618530273,16.08571434020996,15.814285278320312,16.0,10.734809875488281,35753340
2021-09-28,16.042856216430664,16.25714111328125,16.014284133911133,16.128570556640625,10.821070671081543,57412418
2021-09-29,16.11428451538086,16.14285659790039,15.899999618530273,16.100000381469727,10.801902770996094,35160398
2021-09-30,16.100000381469727,16.457141876220703,16.08571434020996,16.371427536010742,10.9840087890625,55524329
2021-10-01,16.328571319580078,16.514284133911133,16.200000762939453,16.214284896850586,10.878578186035156,29073359
2021-10-04,16.25714111328125,16.64285659790039,16.25714111328125,16.571428298950195,11.118194580078125,44470720
2021-10-05,16.61428451538086,17.271427154541016,16.55714225769043,17.271427154541016,11.58784294128418,74224948
2021-10-06,17.242856979370117,17.357141494750977,16.899999618530273,17.0,11.405733108520508,59807755
2021-10-07,17.11428451538086,17.61428451538086,17.0285701751709,17.58571434020996,11.798704147338867,49909524
2021-10-08,17.600000381469727,17.671428680419922,17.428571701049805,17.571428298950195,11.7891206741333,32631053
2021-10-11,17.700000762939453,18.071428298950195,17.671428680419922,17.97142791748047,12.057490348815918,38724784
2021-10-12,17.885713577270508,18.242856979370117,17.885713577270508,18.14285659790039,12.172505378723145,37380819
2021-10-13,18.171428680419922,18.214284896850586,17.314285278320312,17.542856216430664,11.769949913024902,55172418
2021-10-14,17.628570556640625,18.0,17.61428451538086,17.857141494750977,11.980812072753906,45937101
2021-10-15,18.071428298950195,18.44285774230957,17.957141876220703,18.428571701049805,12.364200592041016,47242671
2021-10-18,18.457141876220703,18.542856216430664,18.042856216430664,18.5,12.41212272644043,55554135
2021-10-19,18.714284896850586,18.75714111328125,18.5,18.600000381469727,12.479214668273926,28147812
2021-10-20,18.571428298950195,18.985713958740234,18.5,18.842857360839844,12.642154693603516,40890556
2021-10-21,18.842857360839844,19.542856216430664,18.78571319580078,19.47142791748047,13.063878059387207,58753919
2021-10-22,19.457141876220703,20.042856216430664,19.28571319580078,19.885713577270508,13.34183406829834,57056041
2021-10-25,19.857141494750977,20.314285278320312,19.799999237060547,20.25714111328125,13.591032981872559,41353823
2021-10-26,20.242856979370117,20.357141494750977,19.814285278320312,19.97142791748047,13.399341583251953,46995718
2021-10-27,19.97142791748047,20.342857360839844,19.842857360839844,20.185714721679688,13.543110847473145,39760210
2021-10-28,20.128570556640625,20.171428680419922,19.97142791748047,19.97142791748047,13.399341583251953,9769452
2021-11-01,19.97142791748047,20.014284133911133,19.428571701049805,19.685714721679688,13.207649230957031,27324675
2021-11-02,19.842857360839844,20.14285659790039,19.814285278320312,20.042856216430664,13.447264671325684,34803937
2021-11-03,20.05714225769043,20.385713577270508,19.485713958740234,20.385713577270508,13.677295684814453,39013296
2021-11-04,20.428571701049805,20.91428565979004,20.385713577270508,20.385713577270508,13.677295684814453,38629101
2021-11-05,20.0,20.928571701049805,19.857141494750977,20.75714111328125,13.926495552062988,48402130
2021-11-08,20.857141494750977,21.14285659790039,20.72857093811035,21.08571434020996,14.146944046020508,30648562
2021-11-09,21.08571434020996,22.05714225769043,21.05714225769043,21.857141494750977,14.664515495300293,42963424
2021-11-10,22.200000762939453,22.55714225769043,21.714284896850586,22.55714225769043,15.134162902832031,51702175
2021-11-11,22.55714225769043,23.200000762939453,22.25714111328125,22.357141494750977,14.999979019165039,75125883
2021-11-12,22.357141494750977,22.5,22.042856216430664,22.22857093811035,14.913716316223145,32397484
2021-11-15,22.28571319580078,22.814285278320312,21.885713577270508,21.985713958740234,14.750776290893555,52365950
2021-11-16,22.14285659790039,22.185714721679688,21.371427536010742,21.985713958740234,14.750776290893555,54963699
2021-11-17,22.0285701751709,22.714284896850586,21.91428565979004,22.600000381469727,15.162919044494629,42682276
2021-11-18,22.600000381469727,23.0285701751709,22.200000762939453,22.542856216430664,15.124577522277832,49941171
2021-11-19,22.657142639160156,23.0,22.042856216430664,22.157142639160156,14.86579418182373,36462769
2021-11-22,22.28571319580078,22.685714721679688,22.0285701751709,22.58571434020996,15.15333366394043,28566776
2021-11-23,22.55714225769043,24.128570556640625,22.28571319580078,24.128570556640625,16.188472747802734,68865489
2021-11-24,24.357141494750977,25.571428298950195,22.671428680419922,22.842857360839844,15.325857162475586,69587448
2021-11-25,23.0,23.328571319580078,22.25714111328125,22.428571701049805,15.04790210723877,41756085
2021-11-26,21.97142791748047,21.97142791748047,20.985713958740234,21.28571319580078,14.281129837036133,46335107
2021-11-29,21.685714721679688,22.299999237060547,21.457141876220703,22.200000762939453,14.894549369812012,38028949
2021-11-30,22.042856216430664,22.042856216430664,21.5,21.671428680419922,14.539916038513184,32546703
2021-12-01,22.071428298950195,22.55714225769043,21.957141876220703,22.457141876220703,15.067069053649902,38543946
2021-12-02,22.5285701751709,22.771427154541016,21.957141876220703,22.28571319580078,14.952055931091309,24245319
2021-12-03,22.714284896850586,22.714284896850586,22.14285659790039,22.14285659790039,14.856208801269531,23633603
2021-12-06,22.271427154541016,22.571428298950195,22.0,22.428571701049805,15.04790210723877,23267349
2021-12-07,22.628570556640625,23.357141494750977,22.600000381469727,23.328571319580078,15.651734352111816,34371484
2021-12-08,23.571428298950195,23.857141494750977,22.814285278320312,23.385713577270508,15.690073013305664,35634221
2021-12-09,23.428571701049805,23.742856979370117,23.08571434020996,23.542856216430664,15.795503616333008,37331154
2021-12-10,23.5285701751709,24.771427154541016,23.25714111328125,24.714284896850586,16.581445693969727,56573251
2021-12-13,25.742856979370117,27.128570556640625,25.428571701049805,26.94285774230957,18.07665252685547,58761731
2021-12-14,27.714284896850586,28.100000381469727,26.828571319580078,27.314285278320312,18.325851440429688,61315688
2021-12-15,27.628570556640625,28.185714721679688,26.985713958740234,27.657142639160156,18.555885314941406,45735508
2021-12-16,27.97142791748047,29.514284133911133,27.5,29.47142791748047,19.773134231567383,53232669
2021-12-17,29.742856979370117,31.542856216430664,26.542856216430664,26.657142639160156,17.884958267211914,61961221
2021-12-20,25.571428298950195,27.700000762939453,24.171428680419922,26.385713577270508,17.702852249145508,43601145
2021-12-21,26.428571701049805,26.64285659790039,23.75714111328125,23.75714111328125,15.9392728805542,31380958
2021-12-22,22.571428298950195,23.28571319580078,21.385713577270508,21.385713577270508,14.348222732543945,50067227
2021-12-23,21.457141876220703,21.857141494750977,19.428571701049805,20.41428565979004,13.696466445922852,81455164
2021-12-24,20.742856979370117,22.08571434020996,20.542856216430664,22.08571434020996,14.817872047424316,30555966
2021-12-27,22.171428680419922,23.399999618530273,21.742856979370117,21.828571319580078,14.645344734191895,39666291
2021-12-28,22.28571319580078,22.44285774230957,21.014284133911133,21.371427536010742,14.338637351989746,26860337
2021-12-29,21.371427536010742,22.485713958740234,21.0285701751709,22.314285278320312,14.971224784851074,29305843
2021-12-30,22.571428298950195,22.899999618530273,21.75714111328125,21.799999237060547,14.626177787780762,22036889
2021-12-31,21.885713577270508,22.571428298950195,21.628570556640625,22.05714225769043,14.798699378967285,22625211
2022-01-03,22.05714225769043,23.75714111328125,21.857141494750977,23.75714111328125,15.9392728805542,39196843
2022-01-04,23.871427536010742,24.842857360839844,23.514284133911133,24.214284896850586,16.245983123779297,50476923
2022-01-05,24.22857093811035,25.58571434020996,24.0,25.55714225769043,17.14693832397461,43477014
2022-01-06,25.200000762939453,27.014284133911133,25.0,26.700000762939453,17.913711547851562,47209372
2022-01-07,26.857141494750977,27.100000381469727,26.0285701751709,26.700000762939453,17.913711547851562,33196226
2022-01-10,26.714284896850586,27.371427536010742,26.5,26.72857093811035,17.93288230895996,38465021
2022-01-11,27.100000381469727,27.214284896850586,25.78571319580078,26.75714111328125,17.95204734802246,36883476
2022-01-12,27.28571319580078,27.428571701049805,26.714284896850586,27.0285701751709,18.134159088134766,26342064
2022-01-13,26.814285278320312,27.78571319580078,26.657142639160156,27.014284133911133,18.124574661254883,33214853
2022-01-14,27.014284133911133,27.25714111328125,26.385713577270508,26.657142639160156,17.884958267211914,22866207
2022-01-17,26.985713958740234,27.55714225769043,26.957141876220703,27.014284133911133,18.124574661254883,26540045
2022-01-18,26.885713577270508,27.05714225769043,25.542856216430664,25.542856216430664,17.137353897094727,20200131
2022-01-19,25.371427536010742,26.78571319580078,24.700000762939453,26.685714721679688,17.904129028320312,39627469
2022-01-20,26.714284896850586,26.94285774230957,25.385713577270508,25.771427154541016,17.290708541870117,36454110
2022-01-21,25.542856216430664,25.91428565979004,24.957141876220703,25.600000381469727,17.17569351196289,35833490
2022-01-24,25.41428565979004,25.41428565979004,23.5285701751709,23.771427154541016,15.948858261108398,43074283
2022-01-25,23.799999237060547,24.200000762939453,23.157142639160156,24.0,16.10221290588379,29617112
2022-01-26,24.0,24.41428565979004,23.799999237060547,23.857141494750977,16.006366729736328,25030775
2022-01-27,23.28571319580078,24.671428680419922,23.214284896850586,24.600000381469727,16.50476837158203,24122574
2022-01-28,24.64285659790039,25.0,23.885713577270508,24.100000381469727,16.1693058013916,24738707
2022-01-31,24.5285701751709,24.799999237060547,24.328571319580078,24.457141876220703,16.40892219543457,21531818
2022-02-01,24.571428298950195,24.78571319580078,23.97142791748047,24.171428680419922,16.21722984313965,16394686
2022-02-02,24.28571319580078,24.75714111328125,24.185714721679688,24.214284896850586,16.245983123779297,21726026
2022-02-03,24.14285659790039,24.714284896850586,23.714284896850586,23.91428565979004,16.044706344604492,17232614
2022-02-04,24.14285659790039,24.457141876220703,23.64285659790039,23.64285659790039,15.862597465515137,22481557
2022-02-07,23.671428680419922,24.5,23.14285659790039,24.5,16.43767738342285,34094466
2022-02-08,24.64285659790039,26.428571701049805,24.514284133911133,26.242856979370117,17.60700225830078,55433063
2022-02-09,26.357141494750977,27.242856979370117,26.08571434020996,26.64285659790039,17.875370025634766,50861356
2022-02-10,26.64285659790039,27.28571319580078,26.41428565979004,27.14285659790039,18.210838317871094,38162376
2022-02-11,26.928571701049805,28.242856979370117,26.899999618530273,28.242856979370117,18.948854446411133,57151955
2022-02-14,27.857141494750977,28.357141494750977,27.185714721679688,27.685714721679688,18.575054168701172,54419456
2022-02-15,27.742856979370117,28.271427154541016,27.72857093811035,27.814285278320312,18.66131591796875,32936358
2022-02-16,27.97142791748047,28.399999618530273,27.55714225769043,27.94285774230957,18.74757957458496,38483459
2022-02-17,28.22857093811035,28.328571319580078,27.22857093811035,27.28571319580078,18.306682586669922,52067806
2022-02-18,27.44285774230957,27.742856979370117,27.100000381469727,27.47142791748047,18.43128204345703,26466034
2022-02-21,27.771427154541016,28.100000381469727,26.799999237060547,27.05714225769043,18.15332794189453,29107085
2022-02-22,26.64285659790039,27.042856216430664,26.128570556640625,26.299999237060547,17.645341873168945,37240770
2022-02-23,26.485713958740234,26.671428680419922,26.128570556640625,26.271427154541016,17.62617301940918,22323931
2022-02-24,24.385713577270508,24.714284896850586,23.657142639160156,23.842857360839844,15.996781349182129,28349594
2022-02-25,24.428571701049805,25.94285774230957,24.28571319580078,25.700000762939453,17.242788314819336,32173365
2022-02-28,25.41428565979004,27.714284896850586,25.042856216430664,27.55714225769043,18.488788604736328,62375138
2022-03-01,27.685714721679688,27.94285774230957,27.071428298950195,27.58571434020996,18.507959365844727,32128159
2022-03-02,27.72857093811035,28.64285659790039,27.328571319580078,27.47142791748047,18.43128204345703,44393580
2022-03-03,27.94285774230957,28.457141876220703,27.157142639160156,28.08571434020996,18.843421936035156,47374075
2022-03-04,28.0285701751709,28.399999618530273,27.814285278320312,27.928571701049805,18.737993240356445,32924878
2022-03-07,28.28571319580078,28.985713958740234,27.58571434020996,27.58571434020996,18.507959365844727,39784710
2022-03-08,27.714284896850586,28.100000381469727,27.64285659790039,27.94285774230957,18.74757957458496,35998837
2022-03-09,28.342857360839844,28.657142639160156,27.97142791748047,28.0,18.78591537475586,39361392
2022-03-10,27.94285774230957,29.514284133911133,27.671428680419922,29.41428565979004,19.73479652404785,80408132
2022-03-11,29.28571319580078,29.44285774230957,28.571428298950195,29.271427154541016,19.638948440551758,41299510
2022-03-14,29.314285278320312,29.385713577270508,28.97142791748047,28.97142791748047,19.437671661376953,16804333
2022-03-15,28.571428298950195,28.814285278320312,27.714284896850586,27.714284896850586,18.594221115112305,34687751
2022-03-16,28.0,28.14285659790039,27.299999237060547,27.428571701049805,18.402528762817383,29657530
2022-03-17,27.542856216430664,28.64285659790039,27.542856216430664,28.328571319580078,19.006362915039062,48389789
2022-03-18,28.600000381469727,28.685714721679688,28.0,28.0,18.78591537475586,21924049
2022-03-21,28.5,29.214284896850586,28.47142791748047,29.128570556640625,19.54310417175293,31743649
2022-03-22,29.171428680419922,29.75714111328125,29.0285701751709,29.514284133911133,19.801883697509766,37696736
2022-03-23,29.628570556640625,29.928571701049805,29.242856979370117,29.385713577270508,19.715627670288086,29295609
2022-03-24,29.457141876220703,30.042856216430664,29.328571319580078,29.328571319580078,19.677289962768555,35222453
2022-03-25,29.428571701049805,29.828571319580078,29.342857360839844,29.47142791748047,19.773134231567383,16945173
2022-03-28,29.47142791748047,29.91428565979004,29.042856216430664,29.328571319580078,19.677289962768555,20703165
2022-03-29,29.44285774230957,30.042856216430664,29.100000381469727,29.485713958740234,19.782718658447266,48404622
2022-03-30,29.671428680419922,29.75714111328125,29.428571701049805,29.485713958740234,19.782718658447266,19013827
2022-03-31,29.44285774230957,30.75714111328125,29.428571701049805,30.628570556640625,20.54949188232422,44738057
2022-04-01,30.628570556640625,32.85714340209961,30.214284896850586,32.485713958740234,21.795494079589844,68435262
2022-04-04,33.14285659790039,34.64285659790039,32.914283752441406,34.5571403503418,23.18526840209961,59785082
2022-04-05,34.71428680419922,35.32857131958008,34.0428581237793,34.42856979370117,23.09900665283203,50932126
2022-04-06,34.32857131958008,35.414283752441406,34.25714111328125,34.38571548461914,23.070255279541016,45756739
2022-04-07,34.57142639160156,34.70000076293945,33.97142791748047,34.0571403503418,22.84980583190918,35312249
2022-04-08,34.31428527832031,35.02857208251953,34.28571319580078,34.88571548461914,23.405717849731445,33703439
2022-04-11,34.88571548461914,35.25714111328125,34.371429443359375,35.24285888671875,23.645334243774414,37257171
2022-04-12,35.28571319580078,36.342857360839844,35.07142639160156,36.18571472167969,24.27791976928711,49735322
2022-04-13,36.71428680419922,37.71428680419922,36.5571403503418,36.599998474121094,24.555871963500977,51252012
2022-04-14,37.0,37.342857360839844,36.342857360839844,37.02857208251953,24.843414306640625,31662113
2022-04-15,37.07142639160156,37.5571403503418,37.0,37.099998474121094,24.891338348388672,18955797
2022-04-18,37.157142639160156,37.4571418762207,35.842857360839844,35.92856979370117,24.10539436340332,49613830
2022-04-19,36.0428581237793,36.82857131958008,36.02857208251953,36.5428581237793,24.51753807067871,60254236
2022-04-20,36.64285659790039,37.0,36.14285659790039,36.35714340209961,24.39293670654297,42477603
2022-04-21,36.35714340209961,36.97142791748047,36.35714340209961,36.78571319580078,24.68047523498535,29695939
2022-04-22,36.94285583496094,37.371429443359375,35.79999923706055,36.28571319580078,24.34501075744629,48279427
2022-04-25,36.0,37.32857131958008,35.599998474121094,37.0571403503418,24.86258316040039,38458084
2022-04-26,37.0,37.0,34.64285659790039,35.0,23.48239517211914,51894465
2022-04-27,35.0,35.31428527832031,34.371429443359375,35.07142639160156,23.530317306518555,36291829
2022-04-28,35.157142639160156,35.58571243286133,34.0,34.0,22.811466217041016,29196027
2022-04-29,34.18571472167969,34.35714340209961,33.28571319580078,33.4571418762207,22.447250366210938,42377762
2022-05-05,34.771427154541016,35.71428680419922,34.64285659790039,35.0428581237793,23.511150360107422,40530483
2022-05-06,34.75714111328125,36.4571418762207,34.64285659790039,36.4571418762207,24.46002960205078,55191990
2022-05-09,35.985713958740234,36.20000076293945,34.728572845458984,35.0428581237793,23.511150360107422,59955476
2022-05-10,35.21428680419922,35.914283752441406,35.21428680419922,35.75714111328125,23.990379333496094,9994964
2022-05-11,35.21428680419922,36.0,34.79999923706055,35.97142791748047,24.134151458740234,54670539
2022-05-12,35.57142639160156,36.400001525878906,35.0,36.0428581237793,24.18207359313965,56208313
2022-05-13,36.29999923706055,36.842857360839844,36.08571243286133,36.599998474121094,24.555871963500977,34650042
2022-05-16,36.71428680419922,37.42856979370117,36.657142639160156,36.67142868041992,24.60379981994629,32115587
2022-05-17,36.92856979370117,37.228572845458984,36.485713958740234,36.71428680419922,24.632553100585938,25712911
2022-05-18,36.71428680419922,36.97142791748047,35.85714340209961,35.85714340209961,24.057476043701172,21854903
2022-05-20,35.67142868041992,36.128570556640625,35.42856979370117,35.42856979370117,23.769933700561523,16903026
2022-05-23,35.71428680419922,35.75714111328125,34.57142639160156,35.514286041259766,23.827442169189453,23332358
2022-05-24,35.52857208251953,35.82857131958008,34.85714340209961,34.914283752441406,23.42488670349121,16719290
2022-05-25,35.014286041259766,35.75714111328125,35.014286041259766,35.628570556640625,23.90412139892578,17288446
2022-05-26,35.628570556640625,36.85714340209961,35.342857360839844,36.44285583496094,24.450443267822266,26990397
2022-05-27,36.35714340209961,36.599998474121094,35.74285888671875,35.771427154541016,23.99996566772461,20264888
2022-05-30,36.228572845458984,37.271427154541016,36.228572845458984,37.0,24.82424545288086,28965237
2022-05-31,38.28571319580078,40.0,38.228572845458984,38.728572845458984,25.983985900878906,81185468
2022-06-01,39.14285659790039,39.64285659790039,38.64285659790039,38.771427154541016,26.012741088867188,30068003
2022-06-02,38.85714340209961,38.9571418762207,38.32857131958008,38.71428680419922,25.974403381347656,24242435
2022-06-03,38.85714340209961,39.5,38.81428527832031,39.18571472167969,26.29070281982422,27913396
2022-06-06,39.42856979370117,40.64285659790039,39.42856979370117,40.21428680419922,26.980792999267578,25767525
2022-06-07,40.35714340209961,40.92856979370117,39.79999923706055,40.914283752441406,27.4504337310791,21617638
2022-06-08,41.157142639160156,42.08571243286133,38.57142639160156,38.74285888671875,25.993574142456055,29989519
2022-06-09,38.81428527832031,39.81428527832031,38.64285659790039,39.81428527832031,26.712421417236328,26439063
2022-06-10,39.42856979370117,39.92856979370117,38.35714340209961,38.42856979370117,25.782711029052734,18078522
2022-06-13,38.342857360839844,39.128570556640625,38.21428680419922,38.79999923706055,26.03190803527832,17705646
2022-06-14,39.0428581237793,39.099998474121094,37.71428680419922,38.628570556640625,25.916894912719727,18133563
2022-06-15,38.628570556640625,38.79999923706055,38.08571243286133,38.20000076293945,25.629356384277344,13421989
2022-06-16,38.25714111328125,38.61428451538086,37.24285888671875,37.68571472167969,25.28430938720703,16000614
2022-06-17,37.70000076293945,38.842857360839844,37.61428451538086,38.342857360839844,25.725202560424805,20792576
2022-06-20,38.485713958740234,38.68571472167969,36.728572845458984,37.20000076293945,24.95842933654785,33727505
2022-06-21,37.514286041259766,38.42856979370117,37.228572845458984,38.18571472167969,25.619773864746094,22493016
2022-06-22,37.842857360839844,38.21428680419922,37.342857360839844,38.07142639160156,25.543092727661133,19156396
2022-06-23,38.08571243286133,38.914283752441406,37.85714340209961,38.08571243286133,25.552677154541016,24467625
2022-06-24,38.228572845458984,38.61428451538086,37.78571319580078,38.128570556640625,25.581430435180664,17393915
2022-06-27,37.08571243286133,39.0428581237793,36.92856979370117,38.9571418762207,26.137344360351562,23401896
2022-06-28,39.271427154541016,39.842857360839844,37.70000076293945,38.17142868041992,25.610187530517578,28773374
2022-06-29,37.9571418762207,38.78571319580078,37.20000076293945,37.47142791748047,25.140541076660156,24569797
2022-06-30,37.485713958740234,38.099998474121094,36.771427154541016,37.78571319580078,25.351402282714844,30546852
2022-07-01,37.78571319580078,39.14285659790039,37.628570556640625,38.35714340209961,25.73478889465332,27957937
2022-07-04,38.57142639160156,39.24285888671875,37.771427154541016,37.78571319580078,25.351402282714844,26267381
2022-07-05,37.88571548461914,38.08571243286133,36.17142868041992,36.4571418762207,24.46002960205078,18210318
2022-07-06,36.4571418762207,36.5428581237793,34.657142639160156,34.97142791748047,23.463224411010742,35039137
2022-07-07,35.14285659790039,35.28571319580078,34.0428581237793,34.94285583496094,23.44405746459961,36190679
2022-07-08,34.81428527832031,35.18571472167969,34.61428451538086,34.728572845458984,23.3002872467041,6827471
2022-07-13,34.271427154541016,34.271427154541016,33.0,33.31428527832031,22.351404190063477,23382618
2022-07-14,33.32857131958008,33.61428451538086,32.52857208251953,32.5428581237793,21.83383560180664,18472391
2022-07-18,33.42856979370117,34.78571319580078,33.31428527832031,34.78571319580078,23.338623046875,25911025
2022-07-19,34.57142639160156,35.771427154541016,34.371429443359375,34.94285583496094,23.44405746459961,27700183
2022-07-20,34.9571418762207,36.35714340209961,34.657142639160156,36.35714340209961,24.39293670654297,24611972
2022-07-21,36.42856979370117,36.57142639160156,35.47142791748047,35.58571243286133,23.875362396240234,22405544
2022-07-22,36.0,36.32857131958008,35.24285888671875,35.44285583496094,23.779518127441406,18294633
2022-07-25,35.35714340209961,36.18571472167969,35.31428527832031,36.14285659790039,24.249168395996094,12746027
2022-07-26,36.58571243286133,37.81428527832031,36.57142639160156,36.82857131958008,24.709230422973633,21295512
2022-07-27,37.0571403503418,37.21428680419922,36.47142791748047,36.771427154541016,24.67089080810547,18598195
2022-07-28,37.14285659790039,37.61428451538086,36.71428680419922,36.75714111328125,24.661306381225586,24773413
2022-07-29,36.78571319580078,38.342857360839844,36.57142639160156,38.342857360839844,25.725202560424805,33813339
2022-08-01,38.38571548461914,39.28571319580078,38.14285659790039,39.0,26.166095733642578,29951957
2022-08-02,39.07142639160156,39.400001525878906,38.35714340209961,38.68571472167969,25.95523452758789,27348475
2022-08-03,39.0,39.25714111328125,38.78571319580078,39.0,26.166095733642578,18688362
2022-08-04,39.28571319580078,39.5571403503418,38.628570556640625,38.628570556640625,25.916894912719727,24988166
2022-08-05,38.78571319580078,38.900001525878906,37.9571418762207,38.42856979370117,25.782711029052734,23502031
2022-08-08,38.728572845458984,39.271427154541016,38.67142868041992,39.07142639160156,26.214019775390625,26537203
2022-08-09,39.17142868041992,40.71428680419922,39.0571403503418,40.67142868041992,27.28750228881836,46803043
2022-08-10,40.71428680419922,41.02857208251953,40.414283752441406,40.61428451538086,27.249162673950195,23602719
2022-08-11,41.014286041259766,42.61428451538086,41.0,41.71428680419922,27.987178802490234,41745221
2022-08-12,42.08571243286133,42.28571319580078,41.599998474121094,41.94285583496094,28.140531539916992,25365039
2022-08-15,42.28571319580078,42.42856979370117,40.44285583496094,41.07142639160156,27.555871963500977,27123292
2022-08-16,42.85714340209961,43.14285659790039,41.21428680419922,42.842857360839844,28.744367599487305,111099205
2022-08-17,43.0428581237793,43.81428527832031,42.514286041259766,43.64285659790039,29.28110694885254,53171174
2022-08-18,43.70000076293945,47.20000076293945,43.52857208251953,47.0,31.53350257873535,68942468
2022-08-19,47.014286041259766,48.61428451538086,46.57142639160156,46.70000076293945,31.332225799560547,62908321
2022-08-22,45.75714111328125,47.342857360839844,45.29999923706055,46.17142868041992,30.97758674621582,45834859
2022-08-23,46.17142868041992,48.771427154541016,46.128570556640625,48.70000076293945,32.674072265625,45030370
2022-08-24,48.92856979370117,49.94285583496094,48.25714111328125,48.71428680419922,32.683658599853516,41891766
2022-08-25,49.07142639160156,50.25714111328125,48.79999923706055,49.79999923706055,33.41209411621094,33600728
2022-08-26,49.985713958740234,50.52857208251953,48.61428451538086,49.099998474121094,32.94244384765625,35029974
2022-08-29,48.85714340209961,51.9571418762207,48.64285659790039,51.58571243286133,34.61016845703125,43688841
2022-08-31,51.85714340209961,52.0,50.57142639160156,51.32857131958008,34.43764877319336,38737804
2022-09-01,50.914283752441406,50.914283752441406,48.414283752441406,48.414283752441406,32.48237991333008,45936590
2022-09-02,48.74285888671875,49.514286041259766,48.08571243286133,48.11428451538086,32.28110122680664,34763365
2022-09-05,48.28571319580078,48.97142791748047,47.79999923706055,48.21428680419922,32.34819793701172,50828694
2022-09-06,48.57142639160156,49.61428451538086,47.85714340209961,47.97142791748047,32.18525314331055,54133198
2022-09-07,47.9571418762207,48.68571472167969,46.900001525878906,48.38571548461914,32.46321487426758,42174503
2022-09-08,48.75714111328125,49.52857208251953,47.74285888671875,47.92856979370117,32.15650939941406,40879244
2022-09-09,48.35714340209961,48.900001525878906,47.78571319580078,47.900001525878906,32.137332916259766,30932692
2022-09-12,48.157142639160156,48.842857360839844,47.67142868041992,48.157142639160156,32.30986022949219,49331667
2022-09-13,48.88571548461914,49.5,46.94285583496094,47.0571403503418,31.571836471557617,58902452
2022-09-14,47.07142639160156,48.71428680419922,45.32857131958008,48.67142868041992,32.6549072265625,35303170
2022-09-15,48.78571319580078,49.914283752441406,47.85714340209961,47.85714340209961,32.108577728271484,35540736
2022-09-16,48.0,49.0,47.5428581237793,47.5428581237793,31.897716522216797,29757658
2022-09-19,47.71428680419922,48.02857208251953,44.5,44.5,29.856189727783203,23848608
2022-09-20,44.64285659790039,45.82857131958008,43.17142868041992,43.78571319580078,29.376953125,40426358
2022-09-21,44.14285659790039,45.5571403503418,43.5,43.75714111328125,29.357778549194336,32872175
2022-09-22,43.75714111328125,46.014286041259766,43.5428581237793,45.485713958740234,30.517526626586914,37450805
2022-09-23,45.5,45.67142868041992,43.78571319580078,43.914283752441406,29.463218688964844,25362323
2022-09-26,43.88571548461914,44.02857208251953,41.79999923706055,42.9571418762207,28.821041107177734,34408024
2022-09-27,43.24285888671875,43.57142639160156,42.02857208251953,42.14285659790039,28.27471923828125,31500266
2022-09-28,41.92856979370117,43.157142639160156,41.82857131958008,42.07142639160156,28.226797103881836,35968149
2022-09-29,42.29999923706055,43.371429443359375,40.900001525878906,42.21428680419922,28.32264518737793,43228346
2022-09-30,42.371429443359375,42.728572845458984,41.0571403503418,41.371429443359375,27.757150650024414,35662172
2022-10-03,42.271427154541016,45.5,42.228572845458984,45.5,30.527111053466797,51585086
2022-10-04,46.71428680419922,48.74285888671875,46.5428581237793,47.92856979370117,32.15650939941406,44222388
2022-10-05,47.92856979370117,49.20000076293945,47.0,48.5,32.53989028930664,57365693
2022-10-06,49.42856979370117,50.5,49.342857360839844,49.57142639160156,33.25873947143555,38147249
2022-10-07,49.57142639160156,50.02857208251953,49.128570556640625,49.485713958740234,33.201229095458984,23415455
2022-10-10,49.85714340209961,50.28571319580078,49.228572845458984,49.28571319580078,33.06704330444336,21046151
2022-10-11,49.28571319580078,49.771427154541016,48.657142639160156,49.07142639160156,32.923274993896484,22671551
2022-10-12,49.08571243286133,49.228572845458984,47.85714340209961,48.14285659790039,32.30027389526367,26265155
2022-10-13,48.14285659790039,48.371429443359375,46.914283752441406,47.228572845458984,31.686857223510742,30895221
2022-10-14,48.014286041259766,48.485713958740234,47.5,47.728572845458984,32.02231979370117,35933828
2022-10-17,49.07142639160156,52.21428680419922,49.014286041259766,52.21428680419922,35.031898498535156,72402547
2022-10-18,52.57142639160156,53.400001525878906,50.514286041259766,51.25714111328125,34.38972854614258,67328023
2022-10-19,51.35714340209961,52.47142791748047,50.81428527832031,51.42856979370117,34.504737854003906,70518525
2022-10-20,51.71428680419922,53.14285659790039,51.342857360839844,52.599998474121094,35.29068374633789,78989778
2022-10-21,52.85714340209961,54.81428527832031,52.81428527832031,54.28571319580078,36.42167663574219,61823573
2022-10-24,55.07142639160156,55.4571418762207,53.92856979370117,54.4571418762207,36.53668975830078,48782433
2022-10-25,54.31428527832031,54.914283752441406,53.5,53.5,35.89451599121094,39142355
2022-10-26,53.82857131958008,54.31428527832031,52.28571319580078,52.5571403503418,35.26192855834961,51652629
2022-10-27,52.92856979370117,53.842857360839844,52.18571472167969,53.25714111328125,35.7315788269043,51873514
2022-10-28,53.14285659790039,53.25714111328125,51.68571472167969,52.228572845458984,35.041481018066406,24222093
2022-10-31,52.85714340209961,54.371429443359375,52.44285583496094,54.14285659790039,36.32582473754883,43560636
2022-11-01,54.58571243286133,55.9571418762207,54.5,55.71428680419922,37.3801383972168,44915388
2022-11-02,56.07142639160156,57.07142639160156,55.85714340209961,56.42856979370117,37.85936737060547,48362440
2022-11-03,59.28571319580078,59.68571472167969,57.371429443359375,58.21428680419922,39.05744934082031,91809046
2022-11-04,58.485713958740234,61.914283752441406,58.29999923706055,61.17142868041992,41.041473388671875,70644385
2022-11-07,61.81428527832031,64.5999984741211,60.74285888671875,64.0,42.939239501953125,86237179
2022-11-08,64.35713958740234,65.57142639160156,62.82857131958008,63.14285659790039,42.36415481567383,73832654
2022-11-09,63.157142639160156,63.70000076293945,61.400001525878906,61.514286041259766,41.27151107788086,42433461
2022-11-10,61.52857208251953,62.67142868041992,60.985713958740234,61.9571418762207,41.56863021850586,48013455
2022-11-11,62.92856979370117,63.25714111328125,60.85714340209961,61.47142791748047,41.24275207519531,57763713
2022-11-14,61.42856979370117,62.0571403503418,60.914283752441406,61.371429443359375,41.175662994384766,35798518
2022-11-15,62.85714340209961,63.32857131958008,61.728572845458984,62.5,41.93284225463867,57321404
2022-11-16,62.5428581237793,63.0,61.099998474121094,61.20000076293945,41.060646057128906,51238026
2022-11-17,61.52857208251953,61.628570556640625,58.900001525878906,60.5571403503418,40.62933349609375,42165305
2022-11-18,60.18571472167969,62.28571319580078,60.157142639160156,60.79999923706055,40.792274475097656,39882150
2022-11-21,60.900001525878906,62.47142791748047,60.900001525878906,61.82857131958008,41.48237228393555,40565742
2022-11-22,63.57142639160156,67.45714569091797,63.47142791748047,67.28571319580078,45.14370346069336,68750563
2022-11-23,67.4857177734375,68.97142791748047,66.5,67.30000305175781,45.15329360961914,56778799
2022-11-24,67.61428833007812,68.4142837524414,65.78571319580078,66.81428527832031,44.82740783691406,46174429
2022-11-25,66.81428527832031,68.02857208251953,66.54285430908203,67.67142486572266,45.40249252319336,38850049
2022-11-28,67.72856903076172,69.04285430908203,67.25714111328125,67.25714111328125,45.12453842163086,47311222
2022-11-29,67.78571319580078,68.95714569091797,66.67142486572266,68.77143096923828,46.14051055908203,45203389
2022-11-30,69.28571319580078,69.64286041259766,68.5,68.75714111328125,46.130924224853516,52146423
2022-12-01,69.35713958740234,70.35713958740234,68.81428527832031,69.28571319580078,46.485557556152344,53905222
2022-12-02,69.42857360839844,69.82856750488281,68.22856903076172,68.72856903076172,46.11175537109375,39873645
2022-12-05,69.14286041259766,69.85713958740234,67.52857208251953,67.5999984741211,45.35456466674805,47608610
2022-12-06,68.4142837524414,69.67142486572266,68.4142837524414,68.9142837524414,46.23635482788086,49890218
2022-12-07,68.97142791748047,69.0,65.52857208251953,65.71428680419922,44.089393615722656,46394866
2022-12-08,65.74285888671875,66.19999694824219,61.0428581237793,62.271427154541016,41.77949142456055,84301560
2022-12-09,62.5428581237793,62.92856979370117,61.57142639160156,62.485713958740234,41.92325973510742,65169027
2022-12-12,62.57142639160156,65.5857162475586,62.35714340209961,65.02857208251953,43.629329681396484,56089740
2022-12-13,66.07142639160156,67.71428680419922,66.0142822265625,67.30000305175781,45.15329360961914,42733600
2022-12-14,67.92857360839844,68.24285888671875,64.54285430908203,64.5857162475586,43.332210540771484,49779835
2022-12-15,65.72856903076172,66.80000305175781,63.57142639160156,65.34285736083984,43.84019470214844,41806520
2022-12-16,65.35713958740234,65.9000015258789,64.67142486572266,64.71428680419922,43.4184684753418,8222074
2022-12-19,64.94285583496094,67.18571472167969,64.94285583496094,67.0,44.9520149230957,45712030
2022-12-20,67.21428680419922,68.02857208251953,66.45714569091797,67.5999984741211,45.35456466674805,48623715
2022-12-21,69.0,69.4000015258789,67.92857360839844,68.19999694824219,45.757118225097656,41922314
2022-12-22,68.42857360839844,69.21428680419922,67.57142639160156,67.87142944335938,45.536678314208984,30496305
2022-12-23,67.9000015258789,70.55714416503906,67.17142486572266,70.14286041259766,47.06063461303711,46572519
2022-12-26,72.5142822265625,73.71428680419922,72.18571472167969,72.68571472167969,48.76670837402344,50482943
2022-12-27,71.42857360839844,73.52857208251953,71.4142837524414,72.32856750488281,48.5270881652832,38107769
2022-12-28,72.57142639160156,73.37142944335938,70.97142791748047,72.44285583496094,48.603759765625,46127424
2022-12-29,72.44285583496094,73.07142639160156,71.72856903076172,72.35713958740234,48.5462532043457,34208706
2022-12-30,73.14286041259766,77.4000015258789,73.14286041259766,75.69999694824219,50.7890625,72910957
2023-01-02,76.28571319580078,77.07142639160156,75.55714416503906,76.4000015258789,51.25871276855469,46616787
2023-01-03,77.14286041259766,78.21428680419922,74.92857360839844,74.92857360839844,50.2714958190918,60276335
2023-01-04,75.0,75.38571166992188,72.67142486572266,73.21428680419922,49.121334075927734,46869592
2023-01-05,73.52857208251953,73.77143096923828,70.42857360839844,71.37142944335938,47.88491439819336,44271297
2023-01-06,69.69999694824219,73.42857360839844,68.5999984741211,72.61428833007812,48.71878433227539,59133396
2023-01-09,73.28571319580078,73.61428833007812,70.72856903076172,71.54285430908203,47.99993133544922,47545106
2023-01-10,71.14286041259766,71.15714263916016,67.5857162475586,67.9000015258789,45.555850982666016,40769736
2023-01-11,68.21428680419922,70.45714569091797,67.4000015258789,67.57142639160156,45.33539962768555,65981097
2023-01-12,69.9857177734375,73.77143096923828,67.15714263916016,73.44285583496094,49.274688720703125,71934191
2023-01-13,73.4142837524414,74.69999694824219,72.28571319580078,72.88571166992188,48.90088653564453,48584984
2023-01-16,73.19999694824219,77.21428680419922,72.21428680419922,77.18571472167969,51.785865783691406,60445973
2023-01-17,77.28571319580078,81.9000015258789,76.80000305175781,81.37142944335938,54.59417724609375,78754634
2023-01-18,81.57142639160156,84.74285888671875,81.42857360839844,83.71428680419922,56.16605758666992,62191143
2023-01-19,83.65714263916016,84.81428527832031,82.64286041259766,83.44285583496094,55.983943939208984,45620820
2023-01-20,83.85713958740234,85.92857360839844,83.5999984741211,85.0999984741211,57.09576416015625,42360416
2023-01-23,85.85713958740234,89.71428680419922,85.85713958740234,87.07142639160156,58.41844177246094,63335881
2023-01-24,87.35713958740234,89.5142822265625,86.57142639160156,88.87142944335938,59.62610626220703,68266625
2023-01-25,90.0,90.55714416503906,85.80000305175781,89.57142639160156,60.095760345458984,75848633
2023-01-26,89.74285888671875,89.78571319580078,87.57142639160156,87.88571166992188,58.96476364135742,39347098
2023-01-27,87.42857360839844,90.9857177734375,85.69999694824219,90.67142486572266,60.833778381347656,90851495
2023-01-30,90.68571472167969,91.35713958740234,86.30000305175781,86.32856750488281,57.920047760009766,52877587
2023-01-31,86.18571472167969,87.35713958740234,84.14286041259766,84.4857177734375,56.683624267578125,62122389
2023-02-01,84.72856903076172,85.9142837524414,80.38571166992188,80.38571166992188,53.932830810546875,51911083
2023-02-02,80.42857360839844,82.77143096923828,73.44285583496094,78.81428527832031,52.87852096557617,98560889
2023-02-03,79.0,85.64286041259766,78.61428833007812,85.57142639160156,57.41205978393555,49809802
2023-02-06,82.85713958740234,85.28571319580078,79.85713958740234,82.69999694824219,55.485538482666016,14828387
2023-02-07,82.37142944335938,82.37142944335938,74.44285583496094,74.67142486572266,50.098968505859375,43691403
2023-02-08,69.64286041259766,69.64286041259766,69.64286041259766,69.64286041259766,46.72517395019531,252
2023-02-15,82.12857055664062,82.12857055664062,82.12857055664062,82.12857055664062,55.10215759277344,4078655
2023-02-16,90.32856750488281,90.32856750488281,87.5,90.05714416503906,60.4216423034668,76330240
2023-02-17,88.57142639160156,90.87142944335938,87.42857360839844,89.14286041259766,59.808231353759766,45569874
2023-02-20,89.15714263916016,89.92857360839844,86.97142791748047,88.04285430908203,59.07020568847656,40041771
2023-02-21,87.69999694824219,88.55714416503906,86.28571319580078,86.28571319580078,57.89128875732422,42239120
2023-02-22,86.21428680419922,86.4857177734375,83.71428680419922,83.85713958740234,56.26189422607422,33442955
2023-02-23,84.0,85.34285736083984,83.12857055664062,83.78571319580078,56.21397399902344,27232919
2023-02-24,83.85713958740234,86.18571472167969,83.57142639160156,85.65714263916016,57.469566345214844,45434221
2023-02-27,85.65714263916016,86.11428833007812,82.88571166992188,85.71428680419922,57.50790786743164,39993289
2023-02-28,86.0999984741211,87.5857162475586,84.17142486572266,84.72856903076172,56.84656524658203,40042604
2023-03-01,85.0,86.31428527832031,85.0,85.68571472167969,57.48873519897461,30954581
2023-03-02,85.85713958740234,87.5857162475586,85.74285888671875,86.0857162475586,57.75709915161133,27837537
2023-03-03,86.0857162475586,88.0857162475586,84.0999984741211,87.21428680419922,58.5142936706543,51836533
2023-03-06,87.85713958740234,90.64286041259766,87.0142822265625,88.9142837524414,59.65486526489258,52609060
2023-03-07,89.42857360839844,92.42857360839844,89.4000015258789,92.27143096923828,61.907264709472656,50956640
2023-03-08,92.14286041259766,92.69999694824219,91.35713958740234,92.0,61.725154876708984,31414978
2023-03-09,92.17142486572266,92.81428527832031,91.21428680419922,91.28571319580078,61.24592208862305,28925204
2023-03-10,85.97142791748047,87.0142822265625,83.14286041259766,83.45714569091797,60.27729415893555,33436466
2023-03-13,83.47142791748047,83.9000015258789,81.24285888671875,82.0,59.224857330322266,25078431
2023-03-14,82.05714416503906,82.30000305175781,79.31428527832031,79.31428527832031,57.28509521484375,25728395
2023-03-15,79.42857360839844,84.17142486572266,79.42857360839844,80.9857177734375,58.49229431152344,56478065
2023-03-16,81.61428833007812,82.5,80.14286041259766,82.17142486572266,59.34867858886719,34472452
2023-03-17,82.74285888671875,83.0,79.32856750488281,79.32856750488281,57.29541015625,29157786
2023-03-20,79.27143096923828,79.28571319580078,76.0,76.18571472167969,55.02547073364258,30969911
2023-03-21,76.21428680419922,77.4142837524414,75.07142639160156,75.87142944335938,54.79846954345703,29028265
2023-03-22,76.14286041259766,78.64286041259766,75.71428680419922,78.35713958740234,56.59378433227539,25999036
2023-03-23,78.0999984741211,78.77143096923828,77.18571472167969,78.0999984741211,56.4080696105957,18509127
2023-03-24,78.0999984741211,78.57142639160156,75.94285583496094,76.25714111328125,55.077049255371094,20348790
2023-03-27,76.68571472167969,76.92857360839844,74.84285736083984,74.84285736083984,54.05558395385742,16438562
2023-03-28,75.0,75.5999984741211,73.19999694824219,73.19999694824219,52.86902618408203,28563766
2023-03-29,73.21428680419922,77.0857162475586,72.45714569091797,76.64286041259766,55.35564422607422,34133624
2023-03-30,76.71428680419922,78.5999984741211,75.85713958740234,77.0,55.61358642578125,28261464
2023-03-31,76.97142791748047,78.04285430908203,75.4000015258789,75.72856903076172,54.695289611816406,32859988
2023-04-03,77.5,81.32856750488281,76.21428680419922,80.62857055664062,58.234336853027344,50744176
2023-04-04,79.5,84.1500015258789,79.4000015258789,82.05000305175781,59.26097106933594,35895268
2023-04-05,82.19999694824219,83.8499984741211,79.25,79.44999694824219,57.38311004638672,26692146
2023-04-06,79.44999694824219,80.3499984741211,77.19999694824219,77.5999984741211,56.04694366455078,24185354
2023-04-07,77.6500015258789,78.5,76.5,76.75,55.43302917480469,18275008
2023-04-10,77.0,78.94999694824219,77.0,78.80000305175781,56.91365051269531,16039443
2023-04-11,79.19999694824219,80.0,77.55000305175781,78.30000305175781,56.552528381347656,18006892
2023-04-12,78.30000305175781,79.0999984741211,78.0999984741211,78.0999984741211,56.4080696105957,16920172
2023-04-13,78.19999694824219,79.1500015258789,77.69999694824219,77.69999694824219,56.11916732788086,17674460
2023-04-14,77.80000305175781,78.6500015258789,76.5,76.5,55.25246047973633,13492347
2023-04-17,76.69999694824219,76.8499984741211,74.3499984741211,74.55000305175781,53.84407043457031,16172324
2023-04-18,74.6500015258789,75.8499984741211,73.19999694824219,73.44999694824219,53.049583435058594,16762848
2023-04-19,73.55000305175781,75.80000305175781,73.5,75.3499984741211,54.421871185302734,18707484
2023-04-20,75.30000305175781,75.30000305175781,73.75,73.9000015258789,53.37459945678711,5580274
2023-04-24,74.3499984741211,75.05000305175781,72.75,73.55000305175781,53.12181091308594,14288174
2023-04-25,73.5999984741211,74.05000305175781,71.5,72.0,52.002315521240234,14432177
2023-04-26,71.44999694824219,72.94999694824219,68.75,69.4000015258789,50.12445831298828,21731908
2023-04-27,69.4000015258789,70.19999694824219,68.69999694824219,69.25,50.0161247253418,17667393
2023-04-28,69.94999694824219,70.94999694824219,65.5,66.30000305175781,47.885475158691406,24593721
2023-05-02,66.4000015258789,67.75,64.80000305175781,65.3499984741211,47.19932556152344,24235106
2023-05-03,65.25,69.0,64.25,69.0,49.83555221557617,38031812
2023-05-04,68.69999694824219,70.25,66.0,66.75,48.210479736328125,32156506
2023-05-05,66.9000015258789,67.25,63.95000076293945,64.9000015258789,46.87431716918945,19559518
2023-05-08,65.1500015258789,67.55000305175781,64.0999984741211,66.75,48.210479736328125,19428323
2023-05-09,66.75,67.4000015258789,64.80000305175781,65.19999694824219,47.09098434448242,22387077
2023-05-10,65.30000305175781,66.44999694824219,64.69999694824219,65.0,46.94654083251953,19602729
2023-05-11,64.9000015258789,71.5,64.8499984741211,71.5,51.64118957519531,54579075
2023-05-12,71.75,75.19999694824219,69.69999694824219,71.0,51.28006362915039,44790062
2023-05-15,65.0,69.05000305175781,63.900001525878906,64.19999694824219,46.36873245239258,34856015
2023-05-16,64.30000305175781,66.5999984741211,64.19999694824219,66.5999984741211,48.102142333984375,24036918
2023-05-17,66.69999694824219,68.69999694824219,66.44999694824219,68.0999984741211,49.18552780151367,21785090
2023-05-18,68.0999984741211,68.44999694824219,65.0999984741211,65.55000305175781,47.343780517578125,14905194
2023-05-22,65.80000305175781,66.0,63.29999923706055,64.0,46.224281311035156,17265883
2023-05-23,64.0,65.69999694824219,63.20000076293945,65.5999984741211,47.379886627197266,16368602
2023-05-24,65.80000305175781,66.6500015258789,63.95000076293945,64.4000015258789,46.513187408447266,13361003
2023-05-25,64.5,65.0,63.599998474121094,63.900001525878906,46.15205764770508,11457931
2023-05-26,64.05000305175781,66.30000305175781,63.5,65.69999694824219,47.452110290527344,18080595
2023-05-29,66.44999694824219,69.30000305175781,66.05000305175781,68.19999694824219,49.25775146484375,21289628
2023-05-30,69.0999984741211,70.6500015258789,68.9000015258789,69.5,50.19668197631836,28196381
2023-05-31,69.69999694824219,70.30000305175781,67.0,67.0,48.39104461669922,31127796
2023-06-01,67.69999694824219,68.75,67.3499984741211,67.6500015258789,48.86051559448242,17736087
2023-06-02,69.4000015258789,70.0999984741211,68.3499984741211,69.6500015258789,50.30501937866211,27153678
2023-06-05,71.0,74.30000305175781,70.55000305175781,73.0999984741211,52.79679870605469,47679035
2023-06-06,73.25,74.25,71.8499984741211,73.30000305175781,52.94124984741211,33641827
2023-06-07,75.0,78.4000015258789,74.75,77.44999694824219,55.938602447509766,47024991
2023-06-08,77.3499984741211,78.69999694824219,75.69999694824219,77.6500015258789,56.08305740356445,34930410
2023-06-09,78.0,78.4000015258789,76.55000305175781,77.5,55.97471618652344,27757915
2023-06-12,78.0999984741211,79.0999984741211,76.94999694824219,77.19999694824219,55.75804138183594,32632096
2023-06-13,77.5,77.75,73.6500015258789,74.0,53.44682693481445,27849750
2023-06-14,74.0,75.0,71.5999984741211,72.0,52.002315521240234,24676185
2023-06-15,72.6500015258789,74.4000015258789,72.19999694824219,74.4000015258789,53.7357292175293,24290237
2023-06-16,74.6500015258789,75.80000305175781,73.05000305175781,73.05000305175781,52.760684967041016,24600226
2023-06-19,73.05000305175781,74.19999694824219,71.80000305175781,71.9000015258789,51.93009567260742,25297180
2023-06-20,71.80000305175781,74.1500015258789,71.4000015258789,73.0,52.72457504272461,25854650
2023-06-21,73.30000305175781,74.30000305175781,71.8499984741211,72.3499984741211,52.25511169433594,20621862
2023-06-22,72.3499984741211,75.5,71.5999984741211,75.1500015258789,54.27742385864258,38448602
2023-06-23,75.69999694824219,77.1500015258789,75.0999984741211,76.75,55.43302917480469,32464682
2023-06-26,77.9000015258789,79.94999694824219,77.69999694824219,79.0,57.05809783935547,36874265
2023-06-27,79.1500015258789,79.6500015258789,78.69999694824219,79.30000305175781,57.2747802734375,10089056
2023-07-03,80.5999984741211,85.30000305175781,80.5999984741211,85.0,61.391624450683594,51176803
2023-07-04,85.44999694824219,85.69999694824219,83.5,84.0,60.669376373291016,32417899
2023-07-05,84.0,85.30000305175781,81.5999984741211,84.6500015258789,61.13884353637695,43069567
2023-07-06,84.69999694824219,88.8499984741211,84.69999694824219,88.05000305175781,63.594505310058594,54867579
2023-07-07,88.05000305175781,91.30000305175781,87.6500015258789,90.80000305175781,65.58070373535156,40854540
2023-07-10,91.5,93.5999984741211,89.5999984741211,90.55000305175781,65.400146484375,36853865
2023-07-11,91.30000305175781,92.05000305175781,89.25,90.6500015258789,65.47236633300781,29800044
2023-07-12,90.75,91.25,89.5,90.5999984741211,65.4362564086914,27083174
2023-07-13,90.4000015258789,92.0999984741211,88.80000305175781,89.05000305175781,64.31675720214844,38672230
2023-07-14,89.5999984741211,89.8499984741211,87.4000015258789,88.5999984741211,63.99174118041992,27105489
2023-07-17,89.5,91.55000305175781,89.4000015258789,90.0999984741211,65.07511901855469,32762485
2023-07-18,90.0999984741211,90.55000305175781,86.3499984741211,86.5,62.475006103515625,29876602
2023-07-19,86.5,89.44999694824219,85.0,89.44999694824219,64.60565185546875,23650124
2023-07-20,90.0,91.0,88.5999984741211,91.0,65.72514343261719,41038751
2023-07-21,91.5,93.19999694824219,90.25,91.4000015258789,66.01405334472656,51285128
2023-07-24,92.1500015258789,94.75,90.80000305175781,91.8499984741211,66.33906555175781,60367038
2023-07-25,92.0,94.30000305175781,91.5,93.44999694824219,67.49468231201172,59726188
2023-07-26,93.80000305175781,94.30000305175781,91.80000305175781,93.30000305175781,67.38633728027344,41484868
2023-07-27,94.19999694824219,96.55000305175781,93.80000305175781,96.55000305175781,69.73367309570312,52207421
2023-07-28,97.30000305175781,99.5,96.5,98.9000015258789,71.43096160888672,44496689
2023-07-31,100.0,104.69999694824219,100.0,103.4000015258789,74.68110656738281,43985321
2023-08-01,103.5,104.19999694824219,100.5999984741211,101.30000305175781,73.16437530517578,40853336
2023-08-02,101.30000305175781,103.0999984741211,101.19999694824219,101.80000305175781,73.52549743652344,26418797
2023-08-03,102.0999984741211,102.9000015258789,99.1500015258789,99.5,71.86431884765625,28619083
2023-08-04,99.9000015258789,104.19999694824219,98.75,103.69999694824219,74.89778137207031,39049860
2023-08-07,104.0999984741211,106.5,103.5,104.0999984741211,75.18668365478516,32819785
2023-08-08,104.5999984741211,104.69999694824219,101.30000305175781,101.80000305175781,73.52549743652344,23349453
2023-08-09,102.0999984741211,107.4000015258789,101.0,107.0,77.28121948242188,53730094
2023-08-10,107.0,109.30000305175781,103.5999984741211,104.80000305175781,75.69226837158203,52384327
2023-08-11,104.9000015258789,111.30000305175781,102.9000015258789,111.0,80.17023468017578,51199402
2023-08-14,111.5,116.5,111.5,115.0,83.05925750732422,58652057
2023-08-15,115.0,115.80000305175781,111.9000015258789,114.4000015258789,82.62590789794922,39734811
2023-08-16,114.4000015258789,121.30000305175781,113.4000015258789,119.19999694824219,86.09272766113281,72191107
2023-08-17,119.19999694824219,123.30000305175781,118.19999694824219,123.0,88.83729553222656,50374779
2023-08-18,125.4000015258789,133.0,124.5,127.0,91.72631072998047,95839026
2023-08-21,127.4000015258789,139.6999969482422,127.4000015258789,139.6999969482422,100.89893341064453,80568342
2023-08-22,140.60000610351562,149.5,139.0,139.0,100.39336395263672,95811624
2023-08-23,139.8000030517578,139.89999389648438,129.0,129.5,93.53194427490234,76481555
2023-08-24,130.6999969482422,135.5,125.9000015258789,127.0,91.72631072998047,69071856
2023-08-25,127.5,133.8000030517578,124.0,133.5,96.42095947265625,52466685
2023-08-28,135.6999969482422,146.8000030517578,135.6999969482422,146.8000030517578,106.0269546508789,68558919
2023-08-29,146.0,147.89999389648438,140.8000030517578,142.1999969482422,102.70458221435547,55032530
2023-08-31,143.0,145.60000610351562,141.10000610351562,141.10000610351562,101.91011047363281,48244819
2023-09-01,143.1999969482422,144.60000610351562,141.39999389648438,142.6999969482422,103.06570434570312,45083407
2023-09-04,144.1999969482422,149.10000610351562,143.5,144.89999389648438,104.65465545654297,58183792
2023-09-05,145.0,146.8000030517578,142.3000030517578,146.8000030517578,106.0269546508789,31437636
2023-09-06,148.1999969482422,148.60000610351562,143.39999389648438,144.0,104.00463104248047,31593002
2023-09-07,144.0,145.39999389648438,142.8000030517578,144.8000030517578,104.58244323730469,25815979
2023-09-08,144.8000030517578,146.39999389648438,143.8000030517578,143.8000030517578,103.86019134521484,23310400
2023-09-11,144.3000030517578,145.10000610351562,139.10000610351562,140.1999969482422,101.26007080078125,22964980
2023-09-12,140.3000030517578,144.89999389648438,139.39999389648438,142.39999389648438,102.8490219116211,34950970
2023-09-13,142.89999389648438,144.8000030517578,140.0,141.0,101.8378677368164,26298160
2023-09-14,141.10000610351562,144.5,137.39999389648438,144.5,104.36576843261719,39172204
2023-09-15,144.5,145.10000610351562,140.6999969482422,141.5,102.19898986816406,29482476
2023-09-18,141.0,142.60000610351562,136.3000030517578,138.5,100.0322494506836,31212147
2023-09-19,138.5,145.89999389648438,137.5,144.89999389648438,104.65465545654297,44903775
2023-09-20,145.0,145.5,139.60000610351562,141.3000030517578,102.05455017089844,27668323
2023-09-21,140.5,147.8000030517578,138.6999969482422,147.8000030517578,106.74919891357422,52219463
2023-09-22,148.0,156.89999389648438,147.5,154.10000610351562,111.29940795898438,64996210
2023-09-25,157.3000030517578,167.3000030517578,157.3000030517578,166.0,119.89423370361328,60010491
2023-09-26,167.0,174.1999969482422,166.6999969482422,169.6999969482422,122.56656646728516,63037486
2023-09-27,169.89999389648438,172.10000610351562,162.39999389648438,163.6999969482422,118.2330551147461,51753807
2023-09-28,163.8000030517578,167.10000610351562,161.6999969482422,164.0,118.44971466064453,39184217
2023-09-29,158.10000610351562,161.3000030517578,154.10000610351562,159.0,126.44255065917969,41367361
2023-10-02,159.10000610351562,161.10000610351562,156.60000610351562,157.3000030517578,125.09065246582031,31791261
2023-10-03,157.39999389648438,157.89999389648438,154.10000610351562,155.0,123.2616195678711,30047777
2023-10-04,154.89999389648438,154.89999389648438,147.1999969482422,147.8000030517578,117.5359115600586,46176335
2023-10-05,148.10000610351562,152.60000610351562,145.10000610351562,151.10000610351562,120.16020202636719,47961896
2023-10-06,149.0,150.8000030517578,147.39999389648438,147.6999969482422,117.45638275146484,27834386
2023-10-09,147.0,151.3000030517578,145.0,147.89999389648438,117.61542510986328,48135325
2023-10-10,149.5,151.10000610351562,147.60000610351562,147.60000610351562,117.37686920166016,31693734
2023-10-11,147.8000030517578,148.8000030517578,144.10000610351562,144.39999389648438,114.83210754394531,26379361
2023-10-12,145.60000610351562,149.1999969482422,142.0,147.1999969482422,117.05876922607422,44457729
2023-10-13,146.60000610351562,148.8000030517578,145.10000610351562,146.5,116.50210571289062,31513127
2023-10-16,147.8000030517578,150.0,140.5,140.5,111.7306900024414,34579843
2023-10-17,141.0,144.60000610351562,138.0,144.39999389648438,114.83210754394531,31082165
2023-10-18,140.89999389648438,141.8000030517578,139.10000610351562,141.1999969482422,112.28734588623047,42214291
2023-10-19,140.89999389648438,141.60000610351562,133.39999389648438,133.39999389648438,106.08450317382812,41332175
2023-10-20,132.5,133.5,129.10000610351562,129.3000030517578,102.82404327392578,38475179
2023-10-23,131.0,136.0,130.1999969482422,135.3000030517578,107.59546661376953,34743901
2023-10-24,135.5,137.60000610351562,134.10000610351562,137.0,108.9473648071289,28363006
2023-10-25,138.10000610351562,140.60000610351562,128.10000610351562,128.5,102.18785858154297,33509671
2023-10-26,132.89999389648438,138.60000610351562,130.8000030517578,135.89999389648438,108.07259368896484,54118414
2023-10-27,135.89999389648438,139.3000030517578,133.5,138.60000610351562,110.21975708007812,33939163
2023-10-30,138.39999389648438,143.39999389648438,137.6999969482422,141.39999389648438,112.44639587402344,39372877
2023-10-31,141.6999969482422,145.3000030517578,140.10000610351562,141.89999389648438,112.84400177001953,45641902
2023-11-01,142.8000030517578,146.1999969482422,140.6999969482422,145.0,115.30926513671875,47045294
2023-11-02,145.89999389648438,147.89999389648438,143.60000610351562,147.5,117.2973403930664,35550579
2023-11-03,147.5,151.1999969482422,146.6999969482422,149.60000610351562,118.96733856201172,47257789
2023-11-06,150.6999969482422,154.8000030517578,150.60000610351562,153.1999969482422,121.83018493652344,37485313
2023-11-07,152.8000030517578,153.8000030517578,148.1999969482422,149.0,118.49019622802734,29778483
2023-11-08,149.60000610351562,151.3000030517578,148.39999389648438,150.3000030517578,119.52401733398438,31731759
2023-11-09,148.89999389648438,151.6999969482422,147.89999389648438,150.60000610351562,119.76258850097656,21466260
2023-11-10,150.8000030517578,152.5,149.39999389648438,149.8000030517578,119.12638854980469,20933439
2023-11-13,149.8000030517578,150.8000030517578,147.0,147.0,116.89972686767578,24823411
2023-11-14,147.39999389648438,152.1999969482422,146.1999969482422,152.1999969482422,121.03495788574219,27941090
2023-11-15,153.0,154.0,150.5,151.6999969482422,120.6373291015625,20403402
2023-11-16,151.0,155.8000030517578,150.6999969482422,154.10000610351562,122.54590606689453,29474030
2023-11-17,154.3000030517578,154.8000030517578,152.39999389648438,153.5,122.06876373291016,22031504
2023-11-20,154.6999969482422,156.8000030517578,153.1999969482422,153.60000610351562,122.1482925415039,23079773
2023-11-21,154.10000610351562,155.6999969482422,153.6999969482422,154.5,122.86400604248047,23006287
2023-11-22,154.60000610351562,158.10000610351562,154.0,155.60000610351562,123.73875427246094,39783036
2023-11-23,155.60000610351562,156.6999969482422,149.89999389648438,149.89999389648438,119.2059097290039,30329734
2023-11-24,150.0,151.60000610351562,148.8000030517578,150.5,119.68305969238281,23683509
2023-11-27,150.8000030517578,156.5,150.8000030517578,156.0,124.05683898925781,25688361
2023-11-28,156.0,157.0,153.8000030517578,156.0,124.05683898925781,25674233
2023-11-29,156.89999389648438,158.10000610351562,154.89999389648438,154.89999389648438,123.18208312988281,25001562
2023-11-30,155.0,155.39999389648438,151.5,152.89999389648438,121.59161376953125,18842786
2023-12-01,155.0,155.8000030517578,152.1999969482422,153.3000030517578,121.90972137451172,23383507
2023-12-04,153.6999969482422,156.8000030517578,153.39999389648438,154.10000610351562,122.54590606689453,21285003
2023-12-05,154.5,155.5,153.39999389648438,154.8000030517578,123.10257720947266,15225645
2023-12-06,155.0,155.10000610351562,149.8000030517578,149.89999389648438,119.2059097290039,17887661
2023-12-07,150.0,155.0,149.6999969482422,155.0,123.2616195678711,29147717
2023-12-08,154.39999389648438,154.6999969482422,151.6999969482422,152.60000610351562,121.3530502319336,16584412
2023-12-11,152.60000610351562,152.8000030517578,148.8000030517578,148.8000030517578,118.33114624023438,17300208
2023-12-12,148.8000030517578,150.10000610351562,146.10000610351562,147.0,116.89972686767578,31788017
2023-12-13,146.6999969482422,147.10000610351562,143.5,144.10000610351562,114.5935287475586,27507598
2023-12-14,145.89999389648438,152.39999389648438,144.89999389648438,151.6999969482422,120.6373291015625,23827358
2023-12-15,151.60000610351562,152.8000030517578,149.60000610351562,151.1999969482422,120.23970794677734,17694777
2023-12-18,150.5,150.60000610351562,145.6999969482422,146.3000030517578,116.34307861328125,13274652
2023-12-19,146.1999969482422,149.10000610351562,143.8000030517578,147.3000030517578,117.13829803466797,20293598
2023-12-20,147.10000610351562,149.6999969482422,146.6999969482422,149.6999969482422,119.04686737060547,21757044
2023-12-21,149.6999969482422,153.6999969482422,148.39999389648438,152.5,121.27352905273438,22650699
2023-12-22,152.6999969482422,152.89999389648438,144.8000030517578,144.8000030517578,115.15020751953125,22843360
2023-12-25,144.39999389648438,146.10000610351562,138.1999969482422,139.0,110.53783416748047,25921321
2023-12-26,139.60000610351562,145.60000610351562,139.60000610351562,143.5,114.11639404296875,23588039
2023-12-27,143.39999389648438,147.39999389648438,142.0,146.1999969482422,116.26353454589844,21222616
2023-12-28,147.1999969482422,149.1999969482422,144.0,144.60000610351562,114.99117279052734,19442695
2023-12-29,145.0,146.0,142.8000030517578,143.0,113.71878051757812,17245152
2024-01-02,144.0,145.6999969482422,143.10000610351562,144.0,114.5140151977539,17310968
2024-01-03,143.8000030517578,143.89999389648438,140.0,140.5,111.7306900024414,22428898
2024-01-04,140.89999389648438,143.89999389648438,140.89999389648438,143.6999969482422,114.27544403076172,22304645
2024-01-05,144.0,144.3000030517578,141.6999969482422,143.8000030517578,114.35497283935547,10850101
2024-01-08,137.5,140.39999389648438,137.10000610351562,140.0,111.33306884765625,37177559
2024-01-09,140.1999969482422,141.6999969482422,137.6999969482422,138.10000610351562,109.8221206665039,18400739
2024-01-10,138.1999969482422,140.0,137.3000030517578,139.6999969482422,111.09449768066406,22985945
2024-01-11,140.1999969482422,142.1999969482422,139.39999389648438,139.60000610351562,111.01498413085938,19507753
2024-01-12,139.39999389648438,142.1999969482422,138.89999389648438,139.6999969482422,111.09449768066406,20433395
2024-01-15,140.0,141.6999969482422,140.0,140.89999389648438,112.04878234863281,17635206
2024-01-16,141.39999389648438,143.89999389648438,141.39999389648438,143.1999969482422,113.87782287597656,24448071
2024-01-17,142.5,143.6999969482422,141.10000610351562,142.10000610351562,113.0030746459961,17272870
2024-01-18,143.0,143.3000030517578,139.89999389648438,139.89999389648438,111.2535400390625,14070864
2024-01-19,140.10000610351562,140.1999969482422,138.60000610351562,139.3000030517578,110.77640533447266,16493260
2024-01-22,140.0,142.39999389648438,139.39999389648438,141.1999969482422,112.28734588623047,18154034
2024-01-23,142.89999389648438,143.8000030517578,139.5,140.0,111.33306884765625,15544543
2024-01-24,140.39999389648438,143.39999389648438,139.8000030517578,142.5,113.32117462158203,14288729
2024-01-25,143.5,145.10000610351562,142.3000030517578,144.8000030517578,115.15020751953125,18689191
2024-01-26,145.1999969482422,147.8000030517578,144.1999969482422,147.60000610351562,117.37686920166016,20729612
2024-01-29,148.39999389648438,154.3000030517578,148.3000030517578,152.3000030517578,121.11448669433594,31073336
2024-01-30,152.6999969482422,153.89999389648438,150.3000030517578,150.3000030517578,119.52401733398438,20109661
2024-01-31,150.6999969482422,153.60000610351562,149.6999969482422,150.0,119.28543090820312,24226703
2024-02-01,150.39999389648438,155.6999969482422,150.39999389648438,154.6999969482422,123.0230484008789,30376131
2024-02-02,155.3000030517578,157.6999969482422,153.6999969482422,155.3000030517578,123.50019073486328,22338762
2024-02-05,157.0,157.5,154.3000030517578,155.10000610351562,123.34114074707031,20771078
2024-02-06,155.6999969482422,156.60000610351562,153.39999389648438,154.5,122.86400604248047,25400417
2024-02-07,154.6999969482422,157.5,154.1999969482422,154.3000030517578,122.70494842529297,35171723
2024-02-08,154.6999969482422,159.39999389648438,154.60000610351562,157.8000030517578,125.48828125,39577934
2024-02-09,158.60000610351562,158.8000030517578,156.1999969482422,157.6999969482422,125.40875244140625,25534052
2024-02-12,159.0,164.60000610351562,158.3000030517578,162.8000030517578,129.46446228027344,56442391
2024-02-13,163.0,165.8000030517578,160.60000610351562,160.60000610351562,127.71495056152344,37133720
2024-02-14,160.89999389648438,164.6999969482422,160.8000030517578,164.60000610351562,130.89588928222656,38001330
2024-02-15,165.0,168.0,164.5,167.39999389648438,133.12252807617188,31452926
2024-02-16,167.60000610351562,168.6999969482422,165.6999969482422,167.0,132.804443359375,25007370
2024-02-19,169.6999969482422,176.5,169.60000610351562,173.0,137.57586669921875,50102111
2024-02-20,173.39999389648438,175.60000610351562,169.8000030517578,171.3000030517578,136.2239532470703,30292822
2024-02-21,171.60000610351562,171.6999969482422,163.60000610351562,165.1999969482422,131.37303161621094,31679241
2024-02-22,166.10000610351562,167.0,163.39999389648438,164.0,130.41873168945312,24782609
2024-02-23,164.39999389648438,166.6999969482422,163.39999389648438,164.10000610351562,130.49826049804688,20211740
2024-02-26,164.5,165.1999969482422,160.5,160.60000610351562,127.71495056152344,22704009
2024-02-27,160.6999969482422,163.10000610351562,160.10000610351562,160.1999969482422,127.39683532714844,25318570
2024-02-28,160.3000030517578,164.39999389648438,158.8000030517578,161.5,128.43064880371094,26611541
2024-02-29,162.1999969482422,164.39999389648438,159.6999969482422,161.8000030517578,128.66921997070312,21883848
2024-03-01,162.1999969482422,165.5,161.39999389648438,164.8000030517578,131.054931640625,23876275
2024-03-04,166.6999969482422,168.0,161.39999389648438,161.39999389648438,128.3511199951172,22191761
2024-03-05,161.39999389648438,167.60000610351562,160.3000030517578,165.10000610351562,131.2935028076172,38992216
2024-03-06,165.3000030517578,170.60000610351562,163.60000610351562,169.0,134.39492797851562,41546847
2024-03-07,169.10000610351562,171.10000610351562,168.8000030517578,171.10000610351562,136.06492614746094,21714987
2024-03-08,171.5,173.60000610351562,169.60000610351562,170.1999969482422,135.34921264648438,18232683
2024-03-11,173.39999389648438,174.6999969482422,167.0,167.3000030517578,133.04302978515625,22031483
2024-03-12,167.5,169.39999389648438,164.0,165.8000030517578,131.85015869140625,23649224
2024-03-13,165.89999389648438,166.8000030517578,163.1999969482422,163.1999969482422,129.7825469970703,19323404
2024-03-14,163.60000610351562,166.1999969482422,163.39999389648438,165.39999389648438,131.5320587158203,18138218
2024-03-15,165.8000030517578,166.8000030517578,161.1999969482422,163.0,129.62351989746094,17475663
2024-03-18,163.10000610351562,168.8000030517578,163.0,165.1999969482422,131.37303161621094,27551908
2024-03-19,164.89999389648438,174.0,164.8000030517578,173.6999969482422,138.1325225830078,29599229
2024-03-20,173.39999389648438,176.3000030517578,170.5,171.8000030517578,136.62158203125,22793374
2024-03-21,174.0,176.1999969482422,172.89999389648438,174.0,138.37110900878906,22397041
2024-03-22,173.89999389648438,174.3000030517578,169.6999969482422,172.0,136.78062438964844,17238664
2024-03-25,171.89999389648438,175.5,170.0,170.0,135.19015502929688,24050049
2024-03-26,170.3000030517578,172.0,168.0,169.39999389648438,134.7130126953125,19164428
2024-03-27,169.60000610351562,171.6999969482422,167.1999969482422,169.6999969482422,134.95159912109375,17248690
2024-03-28,170.39999389648438,176.89999389648438,169.39999389648438,176.89999389648438,140.6772918701172,23371656
2024-03-29,176.89999389648438,179.8000030517578,174.1999969482422,177.0,140.75682067871094,17100213
2024-04-01,180.3000030517578,181.3000030517578,173.8000030517578,178.5,141.9496612548828,25052993
2024-04-02,178.89999389648438,181.1999969482422,173.8000030517578,175.8000030517578,139.8025360107422,23885664
2024-04-03,165.39999389648438,169.0,162.6999969482422,162.8000030517578,137.5882110595703,20792306
2024-04-04,162.89999389648438,170.89999389648438,162.3000030517578,169.89999389648438,143.58865356445312,23027062
2024-04-05,170.89999389648438,179.6999969482422,170.8000030517578,179.6999969482422,151.87100219726562,27072841
2024-04-08,179.6999969482422,183.39999389648438,177.6999969482422,183.10000610351562,154.74447631835938,25779239
2024-04-15,188.0,188.89999389648438,182.39999389648438,183.0,154.6599578857422,28306222
2024-04-16,182.5,189.10000610351562,181.5,186.0,157.19537353515625,29002654
2024-04-17,186.89999389648438,189.8000030517578,183.60000610351562,186.5,157.61795043945312,23811116
2024-04-18,187.0,188.3000030517578,184.3000030517578,185.89999389648438,157.11085510253906,16127772
2024-04-19,185.5,191.39999389648438,183.10000610351562,189.89999389648438,160.49139404296875,32120707
2024-04-22,191.10000610351562,193.6999969482422,188.10000610351562,188.5,159.30821228027344,20895469
2024-04-24,190.3000030517578,191.8000030517578,186.6999969482422,187.8000030517578,158.71661376953125,18470678
2024-04-25,188.5,192.10000610351562,187.89999389648438,189.60000610351562,160.2378692626953,17058025
2024-04-26,190.3000030517578,194.5,189.5,192.10000610351562,162.3507080078125,20163788
2024-04-29,193.0,196.0,191.6999969482422,196.0,165.64674377441406,18540379
2024-04-30,196.0,199.89999389648438,194.89999389648438,195.8000030517578,165.4777069091797,19613518
2024-05-02,196.8000030517578,204.0,196.5,204.0,172.40782165527344,33006207
2024-05-03,204.0,204.10000610351562,199.6999969482422,201.3000030517578,170.12596130371094,12683448
2024-05-06,201.3000030517578,202.8000030517578,198.89999389648438,200.5,169.44984436035156,13631366
2024-05-07,200.8000030517578,201.8000030517578,194.3000030517578,198.3000030517578,167.59054565429688,25356182
2024-05-08,199.0,199.3000030517578,192.39999389648438,192.6999969482422,162.8577880859375,17697100
2024-05-09,193.10000610351562,194.1999969482422,188.10000610351562,189.10000610351562,159.81529235839844,22206064
2024-05-10,189.39999389648438,191.0,187.1999969482422,187.1999969482422,158.2095489501953,18869552
2024-05-13,187.8000030517578,191.10000610351562,184.8000030517578,184.8000030517578,156.18121337890625,21146141
2024-05-14,185.1999969482422,186.1999969482422,183.5,183.60000610351562,155.16705322265625,22560329
2024-05-15,183.60000610351562,184.3000030517578,181.1999969482422,181.5,153.3922576904297,19892765
2024-05-16,182.1999969482422,182.60000610351562,179.5,180.8000030517578,152.80067443847656,25634272
2024-05-17,181.6999969482422,189.10000610351562,181.5,189.10000610351562,159.81529235839844,55457790
2024-05-20,189.1999969482422,193.60000610351562,187.1999969482422,191.89999389648438,162.18167114257812,46950480
2024-05-21,192.39999389648438,199.0,190.60000610351562,194.5,164.3790283203125,58135963
2024-05-22,195.0,196.1999969482422,192.39999389648438,194.89999389648438,164.7170867919922,27933479
2024-05-23,186.0,194.0,186.0,192.3000030517578,162.5197296142578,48582283
2024-05-24,192.39999389648438,194.0,189.10000610351562,190.3000030517578,160.8294677734375,15673330
2024-05-27,191.1999969482422,192.3000030517578,188.5,189.3000030517578,159.9843292236328,15783109
2024-05-28,189.6999969482422,189.8000030517578,186.6999969482422,187.5,158.4630889892578,12636148
2024-05-29,187.5,188.89999389648438,178.1999969482422,185.8000030517578,157.0263671875,14688899
2024-05-30,186.5,187.5,182.6999969482422,182.89999389648438,154.57545471191406,18768300
2024-05-31,183.39999389648438,186.3000030517578,176.6999969482422,176.6999969482422,149.33560180664062,32142351
2024-06-03,179.0,181.1999969482422,173.60000610351562,173.89999389648438,146.96922302246094,32734344
2024-06-04,174.1999969482422,175.3000030517578,168.60000610351562,168.60000610351562,142.49002075195312,28853214
2024-06-05,169.1999969482422,170.6999969482422,166.10000610351562,167.0,141.1377716064453,37923214
2024-06-06,168.39999389648438,170.60000610351562,163.60000610351562,163.60000610351562,138.2643280029297,28556100
2024-06-07,164.60000610351562,166.5,162.6999969482422,163.89999389648438,138.51785278320312,23153727
2024-06-10,163.89999389648438,166.89999389648438,161.5,162.3000030517578,137.1656494140625,28287132
2024-06-11,162.5,163.0,159.6999969482422,160.89999389648438,135.98243713378906,32965759
2024-06-12,161.0,165.8000030517578,160.60000610351562,164.0,138.6023712158203,37397939
2024-06-13,166.5,168.3000030517578,165.5,166.10000610351562,140.37716674804688,24388186
2024-06-14,168.6999969482422,169.0,166.10000610351562,167.0,141.1377716064453,22649101
2024-06-20,169.0,172.8000030517578,167.8000030517578,172.10000610351562,145.44798278808594,27520398
2024-06-21,172.39999389648438,172.60000610351562,170.0,170.8000030517578,144.34930419921875,16475635
2024-06-24,171.0,172.1999969482422,170.10000610351562,171.60000610351562,145.02542114257812,22144247
2024-06-25,171.89999389648438,172.1999969482422,169.3000030517578,169.89999389648438,143.58865356445312,17193453
2024-06-26,169.89999389648438,171.39999389648438,165.39999389648438,165.39999389648438,139.78555297851562,18047544
2024-06-27,166.10000610351562,169.6999969482422,166.10000610351562,168.6999969482422,142.57452392578125,22485335
2024-06-28,169.3000030517578,171.3000030517578,165.1999969482422,165.5,139.87008666992188,27583986
2024-07-01,167.10000610351562,168.60000610351562,161.3000030517578,163.8000030517578,138.43333435058594,28407123
2024-07-02,164.0,165.1999969482422,160.8000030517578,162.39999389648438,137.25013732910156,24181338
2024-07-03,164.89999389648438,168.8000030517578,164.89999389648438,168.3000030517578,142.23646545410156,26995521
2024-07-04,168.6999969482422,174.10000610351562,168.0,174.10000610351562,147.1382598876953,31245884
2024-07-05,174.1999969482422,175.60000610351562,172.60000610351562,173.39999389648438,146.54664611816406,23022004
2024-07-08,174.39999389648438,176.0,171.3000030517578,171.6999969482422,145.1099090576172,21244507
2024-07-09,171.8000030517578,172.3000030517578,168.5,168.8000030517578,142.65902709960938,22489346
2024-07-10,168.89999389648438,170.3000030517578,167.10000610351562,168.0,141.98292541503906,18553324
2024-07-11,169.0,171.10000610351562,168.89999389648438,170.60000610351562,144.18026733398438,16350083
2024-07-12,171.3000030517578,171.5,168.1999969482422,168.39999389648438,142.32098388671875,18704295
2024-07-16,168.89999389648438,169.8000030517578,166.3000030517578,166.5,140.71522521972656,20809458
2024-07-17,166.8000030517578,167.39999389648438,165.0,166.3000030517578,140.5461883544922,19105663
2024-07-18,167.10000610351562,168.60000610351562,165.8000030517578,166.1999969482422,140.461669921875,27454387
2024-07-19,166.10000610351562,167.1999969482422,164.1999969482422,165.0,139.447509765625,20444099
2024-07-22,165.5,166.0,162.6999969482422,163.1999969482422,137.92625427246094,21047360
2024-07-23,163.39999389648438,167.3000030517578,162.5,164.5,139.0249481201172,38320256
2024-07-24,164.3000030517578,165.60000610351562,163.0,163.0,137.75723266601562,23176768
2024-07-25,162.89999389648438,163.60000610351562,160.60000610351562,161.3000030517578,136.3205108642578,16829269
2024-07-26,163.39999389648438,164.8000030517578,162.39999389648438,163.39999389648438,138.0952911376953,20719195
2024-07-29,163.3000030517578,164.39999389648438,162.1999969482422,162.5,137.33465576171875,16937319
2024-07-30,162.89999389648438,164.3000030517578,161.5,161.60000610351562,136.5740509033203,16473297
2024-07-31,161.0,163.89999389648438,160.10000610351562,163.3000030517578,138.01077270507812,25320978
2024-08-01,165.1999969482422,166.6999969482422,163.8000030517578,164.3000030517578,138.8559112548828,18856894
2024-08-02,162.5,163.0,159.10000610351562,159.10000610351562,134.4612274169922,19238114
2024-08-05,152.1999969482422,158.6999969482422,152.1999969482422,153.6999969482422,129.8974609375,29395952
2024-08-06,159.5,162.39999389648438,157.8000030517578,158.0,133.53155517578125,33670789
2024-08-07,159.0,162.89999389648438,158.6999969482422,162.89999389648438,137.67271423339844,22408368
2024-08-08,162.89999389648438,165.39999389648438,162.1999969482422,165.0,139.447509765625,22668326
2024-08-09,165.60000610351562,167.0,162.0,163.3000030517578,138.01077270507812,20216274
2024-08-12,163.89999389648438,166.0,160.60000610351562,161.8000030517578,136.74307250976562,20053125
2024-08-13,161.8000030517578,162.89999389648438,159.10000610351562,162.1999969482422,137.08111572265625,17306058
2024-08-14,162.89999389648438,164.0,158.8000030517578,159.0,134.37669372558594,14863342
2024-08-15,159.5,162.60000610351562,158.10000610351562,162.60000610351562,137.419189453125,17220668
2024-08-16,163.3000030517578,165.1999969482422,161.5,161.6999969482422,136.65853881835938,16484408
2024-08-19,162.3000030517578,165.39999389648438,161.8000030517578,165.1999969482422,139.61654663085938,17146018
2024-08-20,165.1999969482422,165.89999389648438,163.3000030517578,164.0,138.6023712158203,15308255
2024-08-21,164.1999969482422,167.0,163.8000030517578,164.89999389648438,139.3629913330078,22231973
2024-08-22,165.89999389648438,166.60000610351562,162.89999389648438,163.60000610351562,138.2643280029297,16606826
2024-08-23,164.1999969482422,164.1999969482422,160.60000610351562,161.0,136.06695556640625,12956961
2024-08-26,162.39999389648438,164.5,159.89999389648438,161.0,136.06695556640625,20312459
2024-08-27,160.8000030517578,164.89999389648438,160.1999969482422,164.6999969482422,139.1939697265625,17496059
2024-08-28,164.6999969482422,165.6999969482422,164.0,165.39999389648438,139.78555297851562,16410176
2024-08-29,165.60000610351562,171.39999389648438,164.6999969482422,168.60000610351562,142.49002075195312,34037602
2024-09-02,169.5,171.60000610351562,169.0,170.60000610351562,144.18026733398438,24671211
2024-09-03,170.8000030517578,171.3000030517578,166.8000030517578,167.10000610351562,141.22230529785156,20254680
2024-09-04,165.0,166.1999969482422,163.1999969482422,165.0,139.447509765625,16201473
2024-09-05,165.6999969482422,166.39999389648438,162.0,162.39999389648438,137.25013732910156,15828867
2024-09-06,162.39999389648438,163.89999389648438,161.60000610351562,162.0,136.912109375,13684646
2024-09-09,161.8000030517578,163.5,161.3000030517578,161.3000030517578,136.3205108642578,15830494
2024-09-10,161.60000610351562,162.8000030517578,160.10000610351562,160.10000610351562,135.3063507080078,15272437
2024-09-11,159.8000030517578,160.10000610351562,155.6999969482422,155.8000030517578,131.67225646972656,22881457
2024-09-12,157.89999389648438,158.39999389648438,152.5,156.6999969482422,132.43287658691406,23564267
2024-09-13,156.8000030517578,163.0,155.89999389648438,162.60000610351562,137.419189453125,22426683
2024-09-16,162.8000030517578,164.6999969482422,161.5,163.39999389648438,138.0952911376953,14641974
2024-09-17,164.0,165.60000610351562,163.5,165.10000610351562,139.5320281982422,14367467
2024-09-18,164.89999389648438,166.1999969482422,164.1999969482422,164.60000610351562,139.1094512939453,14940373
2024-09-19,166.10000610351562,169.39999389648438,166.10000610351562,169.0,142.82806396484375,19620046
2024-09-20,169.3000030517578,169.5,165.39999389648438,165.89999389648438,140.2081298828125,17591517
2024-09-23,167.0,169.10000610351562,166.6999969482422,168.5,142.40548706054688,20210083
2024-09-24,168.6999969482422,171.6999969482422,168.1999969482422,170.89999389648438,144.43380737304688,25015028
2024-09-25,171.1999969482422,172.5,169.0,169.0,142.82806396484375,21072676
2024-09-26,169.89999389648438,171.1999969482422,168.3000030517578,170.0,143.67318725585938,25044062
2024-09-27,159.0,160.1999969482422,157.10000610351562,158.60000610351562,144.16123962402344,21516076
2024-09-30,158.39999389648438,158.39999389648438,155.0,155.1999969482422,141.0707550048828,14282677
2024-10-01,155.10000610351562,157.89999389648438,152.8000030517578,155.1999969482422,141.0707550048828,28026095
2024-10-02,155.1999969482422,155.60000610351562,152.8000030517578,153.5,139.5255126953125,18762282
2024-10-03,153.39999389648438,154.8000030517578,149.6999969482422,150.5,136.79864501953125,17036999
2024-10-04,151.0,154.5,150.0,154.5,140.43447875976562,14959676
2024-10-07,155.1999969482422,156.1999969482422,150.8000030517578,152.0,138.16207885742188,13271645
2024-10-08,152.0,155.10000610351562,151.0,153.6999969482422,139.70730590820312,16719050
2024-10-09,153.10000610351562,153.1999969482422,150.10000610351562,153.0,139.071044921875,13449977
2024-10-10,153.0,153.10000610351562,149.6999969482422,150.0,136.3441619873047,11104182
2024-10-11,150.10000610351562,151.8000030517578,147.39999389648438,148.1999969482422,134.70802307128906,14641255
2024-10-14,148.3000030517578,148.8000030517578,145.5,145.5,132.2538299560547,14598867
2024-10-15,145.5,147.1999969482422,144.0,145.6999969482422,132.4356231689453,23138970
2024-10-16,145.8000030517578,147.89999389648438,144.60000610351562,147.1999969482422,133.799072265625,15772874
2024-10-17,146.89999389648438,148.39999389648438,145.89999389648438,147.39999389648438,133.98085021972656,16219198
2024-10-18,148.0,149.10000610351562,145.0,145.0,131.79934692382812,14815535
2024-10-21,145.0,146.0,144.0,144.6999969482422,131.5266571044922,13764779
2024-10-22,145.0,147.10000610351562,143.6999969482422,146.0,132.70831298828125,17566565
2024-10-23,146.0,146.39999389648438,143.10000610351562,143.6999969482422,130.61769104003906,16133365
2024-10-24,144.5,146.8000030517578,144.5,146.0,132.70831298828125,12243680
2024-10-25,145.3000030517578,146.39999389648438,144.1999969482422,146.10000610351562,132.79920959472656,11194065
2024-10-28,147.3000030517578,149.0,147.0,149.0,135.43519592285156,6684465
2024-10-30,149.3000030517578,150.0,147.60000610351562,148.1999969482422,134.70802307128906,12973842
2024-10-31,148.10000610351562,148.6999969482422,144.39999389648438,144.60000610351562,131.43577575683594,13116692
2024-11-01,145.0,146.6999969482422,144.3000030517578,145.10000610351562,131.8902587890625,13600046
2024-11-04,144.5,144.5,142.39999389648438,142.60000610351562,129.6178436279297,10421616
2024-11-05,143.1999969482422,143.89999389648438,138.5,141.10000610351562,128.25442504882812,23596320
2024-11-06,141.10000610351562,145.60000610351562,140.8000030517578,144.39999389648438,131.25396728515625,18838706
2024-11-07,144.60000610351562,145.1999969482422,142.60000610351562,144.89999389648438,131.7084503173828,11033271
2024-11-08,144.60000610351562,147.1999969482422,143.5,146.89999389648438,133.5263671875,24658493
2024-11-11,147.10000610351562,148.8000030517578,145.6999969482422,146.0,132.70831298828125,19270245
2024-11-12,145.6999969482422,146.10000610351562,144.0,144.0,130.890380859375,13306625
2024-11-13,143.6999969482422,148.3000030517578,143.1999969482422,146.1999969482422,132.89010620117188,26905607
2024-11-14,146.6999969482422,148.60000610351562,146.5,147.89999389648438,134.43533325195312,19364230
2024-11-15,148.0,149.10000610351562,147.39999389648438,148.10000610351562,134.6171417236328,12154869
2024-11-18,148.39999389648438,149.0,146.1999969482422,147.1999969482422,133.799072265625,13402313
2024-11-19,147.39999389648438,148.39999389648438,142.89999389648438,143.5,130.4359130859375,20234956
2024-11-20,144.1999969482422,145.0,140.5,140.8000030517578,127.9817123413086,12724460
2024-11-21,141.0,145.10000610351562,140.89999389648438,144.89999389648438,131.7084503173828,16801106
2024-11-22,145.3000030517578,147.1999969482422,143.6999969482422,146.39999389648438,133.0718994140625,21517827
2024-11-25,147.0,150.0,146.5,148.5,134.98072814941406,26560741
2024-11-26,147.8000030517578,148.6999969482422,147.0,147.6999969482422,134.2535400390625,13472575
2024-11-27,149.0,149.60000610351562,146.5,146.5,133.1627960205078,14741691
2024-11-28,146.5,148.1999969482422,146.3000030517578,147.39999389648438,133.98085021972656,10641982
2024-11-29,147.3000030517578,148.8000030517578,146.39999389648438,147.1999969482422,133.799072265625,13396812
2024-12-02,146.39999389648438,148.1999969482422,145.8000030517578,147.3000030517578,133.8899688720703,14381773
2024-12-03,147.60000610351562,150.0,147.3000030517578,148.6999969482422,135.16250610351562,21305106
2024-12-04,149.0,153.3000030517578,149.0,152.39999389648438,138.52565002441406,30793486
2024-12-05,153.0,153.5,150.39999389648438,151.1999969482422,137.43490600585938,16996482
2024-12-06,152.60000610351562,153.0,151.6999969482422,152.10000610351562,138.2529754638672,14109310
2024-12-09,152.89999389648438,154.89999389648438,152.6999969482422,154.5,140.43447875976562,19841282
2024-12-10,154.5,156.1999969482422,153.3000030517578,154.0,139.97999572753906,22447878
2024-12-11,154.0,154.89999389648438,152.8000030517578,154.10000610351562,140.07090759277344,14007731
2024-12-12,154.6999969482422,155.5,150.3000030517578,150.89999389648438,137.1622314453125,16662986
2024-12-13,150.60000610351562,151.39999389648438,149.10000610351562,151.1999969482422,137.43490600585938,12178200
2024-12-16,151.39999389648438,151.8000030517578,148.5,148.60000610351562,135.07162475585938,12030551
2024-12-17,148.8000030517578,149.6999969482422,147.1999969482422,148.5,134.98072814941406,12319536
2024-12-18,148.6999969482422,149.10000610351562,146.3000030517578,146.3000030517578,132.9810028076172,10913663
2024-12-19,145.10000610351562,146.1999969482422,144.10000610351562,144.39999389648438,131.25396728515625,9915380
2024-12-20,144.5,146.1999969482422,144.39999389648438,145.5,132.2538299560547,11711535
2024-12-23,145.6999969482422,146.5,142.6999969482422,143.3000030517578,130.25411987304688,11288846
2024-12-24,143.60000610351562,143.6999969482422,141.39999389648438,142.5,129.52694702148438,10116339
2024-12-25,144.0,144.60000610351562,143.3000030517578,143.8000030517578,130.70860290527344,8759522
2024-12-26,144.1999969482422,145.1999969482422,143.0,143.6999969482422,130.61769104003906,14969425
2024-12-27,143.89999389648438,144.8000030517578,143.39999389648438,144.1999969482422,131.07217407226562,11510498
2024-12-30,144.1999969482422,144.6999969482422,142.5,142.5,129.52694702148438,7989669
2024-12-31,142.60000610351562,143.60000610351562,141.3000030517578,141.89999389648438,128.9815673828125,12764505
2025-01-02,142.39999389648438,146.1999969482422,140.8000030517578,146.10000610351562,132.79920959472656,22678649
2025-01-03,146.3000030517578,150.0,145.89999389648438,150.0,136.3441619873047,21470510
2025-01-06,150.10000610351562,150.60000610351562,147.60000610351562,147.6999969482422,134.2535400390625,15206475
2025-01-07,147.60000610351562,148.8000030517578,146.3000030517578,146.39999389648438,133.0718994140625,19044409
2025-01-08,146.10000610351562,146.1999969482422,144.1999969482422,144.3000030517578,131.1630859375,17833022
2025-01-09,144.6999969482422,146.0,144.3000030517578,145.60000610351562,132.34474182128906,14033307
2025-01-10,145.6999969482422,146.0,143.10000610351562,143.5,130.4359130859375,16906169
2025-01-13,143.6999969482422,146.3000030517578,143.5,143.89999389648438,130.7994842529297,24826602
2025-01-14,144.5,147.1999969482422,144.1999969482422,145.0,131.79934692382812,26429927
2025-01-15,145.3000030517578,147.1999969482422,144.5,147.0,133.61727905273438,19827675
2025-01-16,148.3000030517578,148.6999969482422,147.1999969482422,148.5,134.98072814941406,17000269
2025-01-17,148.89999389648438,149.0,147.1999969482422,148.10000610351562,134.6171417236328,13609611
2025-01-20,148.6999969482422,149.60000610351562,145.5,145.60000610351562,132.34474182128906,18082021
2025-01-21,145.3000030517578,145.60000610351562,142.60000610351562,142.60000610351562,129.6178436279297,23296130
2025-01-22,142.89999389648438,145.10000610351562,142.10000610351562,144.5,131.34486389160156,18575959
2025-01-23,144.60000610351562,145.1999969482422,143.0,143.60000610351562,130.5268096923828,19692827
2025-01-24,143.6999969482422,144.0,142.3000030517578,143.1999969482422,130.1632080078125,14731292
2025-01-27,142.5,142.5,140.5,140.60000610351562,127.79993438720703,16767909
2025-01-28,140.89999389648438,141.6999969482422,139.1999969482422,140.1999969482422,127.43633270263672,22451197
2025-01-29,140.89999389648438,141.8000030517578,139.8000030517578,139.8000030517578,127.07276153564453,20562291
2025-01-30,140.10000610351562,142.8000030517578,139.8000030517578,141.6999969482422,128.79978942871094,19644248
2025-01-31,142.10000610351562,142.8000030517578,140.10000610351562,141.1999969482422,128.34530639648438,14326162
2025-02-03,139.8000030517578,140.8000030517578,137.60000610351562,138.60000610351562,125.98200988769531,20210703
2025-02-04,139.3000030517578,140.0,137.0,137.60000610351562,125.07304382324219,21699451
2025-02-05,137.89999389648438,139.5,135.89999389648438,138.0,125.43663024902344,22426708
2025-02-06,138.8000030517578,140.5,138.60000610351562,140.0,127.2545394897461,14304402
2025-02-07,140.10000610351562,141.89999389648438,138.89999389648438,141.89999389648438,128.9815673828125,17554560
2025-02-10,141.89999389648438,142.60000610351562,138.8000030517578,139.0,126.34559631347656,17002148
2025-02-11,138.89999389648438,139.3000030517578,137.10000610351562,138.1999969482422,125.61842346191406,16314370
2025-02-12,138.3000030517578,138.8000030517578,136.39999389648438,136.39999389648438,123.98228454589844,18355984
2025-02-13,137.3000030517578,137.8000030517578,135.1999969482422,135.1999969482422,122.89153289794922,24102220
2025-02-14,135.89999389648438,136.10000610351562,134.0,134.1999969482422,121.9825668334961,20261216
2025-02-17,134.39999389648438,136.3000030517578,133.39999389648438,133.39999389648438,121.2553939819336,19497184
2025-02-18,132.5,132.5,129.5,130.10000610351562,118.25584411621094,41380566
2025-02-19,130.39999389648438,130.8000030517578,125.5999984741211,125.69999694824219,114.25640869140625,37594544
2025-02-20,125.9000015258789,128.39999389648438,125.9000015258789,127.69999694824219,116.07432556152344,21997856
2025-02-21,127.69999694824219,128.60000610351562,123.80000305175781,125.5999984741211,114.16551208496094,25566791
2025-02-24,126.80000305175781,127.30000305175781,125.19999694824219,126.0,114.52909088134766,15180646
2025-02-25,126.0999984741211,126.4000015258789,123.19999694824219,123.5,112.2566909790039,19673967
2025-02-26,123.5999984741211,126.4000015258789,123.0999984741211,125.4000015258789,113.98371887207031,18812485
2025-02-27,125.0999984741211,129.39999389648438,124.9000015258789,128.6999969482422,116.98328399658203,21114924
2025-02-28,128.6999969482422,130.39999389648438,128.0,129.0,117.2559814453125,22294341
2025-03-03,130.0,131.39999389648438,128.60000610351562,128.89999389648438,117.16507720947266,26261217
2025-03-04,128.89999389648438,129.39999389648438,125.69999694824219,126.0,114.52909088134766,19990185
2025-03-05,126.9000015258789,130.0,126.4000015258789,129.60000610351562,117.80136108398438,32814818
2025-03-06,131.0,137.60000610351562,130.5,137.60000610351562,125.07304382324219,39301500
2025-03-07,137.3000030517578,139.8000030517578,135.89999389648438,139.60000610351562,126.8909683227539,35416165
2025-03-10,140.0,142.5,139.6999969482422,141.6999969482422,128.79978942871094,31977501
2025-03-11,141.6999969482422,142.60000610351562,140.0,141.6999969482422,128.79978942871094,24035491
2025-03-12,142.3000030517578,145.10000610351562,141.5,143.6999969482422,130.61769104003906,37855274
2025-03-13,144.3000030517578,144.89999389648438,143.1999969482422,144.0,130.890380859375,26187895
2025-03-14,144.1999969482422,144.89999389648438,143.60000610351562,144.39999389648438,131.25396728515625,22887651
2025-03-17,144.60000610351562,147.1999969482422,144.60000610351562,146.10000610351562,132.79920959472656,28481547
2025-03-18,146.0,146.6999969482422,144.10000610351562,145.0,131.79934692382812,22171613
2025-03-19,136.0,143.0,135.10000610351562,137.8000030517578,125.25483703613281,41835518
2025-03-20,138.10000610351562,143.8000030517578,138.10000610351562,141.89999389648438,128.9815673828125,33369766
2025-03-21,141.0,141.0,132.0,135.60000610351562,123.255126953125,31740085
2025-03-24,135.60000610351562,140.5,133.39999389648438,138.0,125.43663024902344,26639881
2025-03-25,139.3000030517578,143.1999969482422,138.10000610351562,141.89999389648438,128.9815673828125,27936762
2025-03-26,140.6999969482422,142.89999389648438,139.8000030517578,142.5,129.52694702148438,17725387
2025-03-27,143.89999389648438,144.60000610351562,141.5,142.1999969482422,129.25425720214844,17431238
2025-03-28,134.5,138.0,134.0,138.0,132.70156860351562,22483576
2025-04-02,137.10000610351562,137.3000030517578,134.1999969482422,135.0,129.81674194335938,14175097
2025-04-03,135.0,138.39999389648438,134.6999969482422,136.0,130.77835083007812,18976980
2025-04-04,136.1999969482422,136.39999389648438,133.6999969482422,134.3000030517578,129.1436309814453,10993281
2025-04-07,131.39999389648438,134.60000610351562,129.10000610351562,133.1999969482422,128.0858612060547,19011135
2025-04-08,134.5,135.0,129.5,129.5,124.52791595458984,18060733
2025-04-09,128.5,129.3000030517578,126.0999984741211,127.0999984741211,122.22006225585938,19774917
2025-04-10,132.0,132.5,128.3000030517578,128.3000030517578,123.37399291992188,15534712
2025-04-11,128.3000030517578,128.60000610351562,126.80000305175781,128.39999389648438,123.47014617919922,12478081
2025-04-14,129.10000610351562,130.39999389648438,127.0999984741211,128.10000610351562,123.18167877197266,10979605
2025-04-15,128.10000610351562,128.89999389648438,126.0999984741211,127.0,122.1239013671875,10497399
2025-04-16,126.19999694824219,126.5999984741211,124.5999984741211,124.9000015258789,120.10453796386719,12886091
2025-04-17,124.9000015258789,126.0999984741211,123.19999694824219,124.69999694824219,119.9122085571289,14989077
2025-04-18,125.0,125.5,123.80000305175781,124.9000015258789,120.10453796386719,10197660
2025-04-21,124.9000015258789,126.80000305175781,123.0,123.9000015258789,119.14292907714844,17261613
2025-04-22,124.5,125.5999984741211,123.5,124.5,119.71989440917969,11991494
2025-04-24,125.0999984741211,125.80000305175781,123.0999984741211,125.30000305175781,120.48918151855469,12337380
2025-04-25,125.5,125.69999694824219,124.5999984741211,125.30000305175781,120.48918151855469,9654108
2025-04-28,125.19999694824219,125.19999694824219,123.5999984741211,124.0,119.23908996582031,10384355
2025-04-29,123.4000015258789,126.19999694824219,122.9000015258789,125.0999984741211,120.2968521118164,14327907
2025-04-30,124.19999694824219,126.9000015258789,123.5999984741211,124.69999694824219,119.9122085571289,20859459
2025-05-02,124.69999694824219,125.9000015258789,124.0999984741211,124.80000305175781,120.00837707519531,9820221
2025-05-05,124.9000015258789,125.5,123.19999694824219,123.5,118.75828552246094,8456743
2025-05-06,123.0,123.9000015258789,119.19999694824219,119.5999984741211,115.00801849365234,21565294
2025-05-07,119.5,119.80000305175781,117.30000305175781,117.5999984741211,113.08480834960938,16554851
2025-05-08,117.80000305175781,128.5,117.80000305175781,128.1999969482422,123.27783203125,27958665
2025-05-09,130.89999389648438,133.89999389648438,128.39999389648438,128.6999969482422,123.75862884521484,49310702
2025-05-12,130.10000610351562,135.5,130.10000610351562,134.5,129.33595275878906,25607101
2025-05-13,134.39999389648438,136.0,132.6999969482422,135.1999969482422,130.00906372070312,14191780
2025-05-14,134.89999389648438,135.6999969482422,133.1999969482422,135.3000030517578,130.10523986816406,12574029
2025-05-15,135.1999969482422,137.5,131.0,131.6999969482422,126.64344787597656,16441484
2025-05-16,131.3000030517578,135.5,130.89999389648438,134.3000030517578,129.1436309814453,14528772
2025-05-20,134.8000030517578,135.8000030517578,130.5,130.5,125.4895248413086,12245947
2025-05-21,130.39999389648438,130.89999389648438,128.10000610351562,129.1999969482422,124.23943328857422,11140674
2025-05-22,129.5,131.10000610351562,128.39999389648438,128.89999389648438,123.9509506225586,10638128
2025-05-23,128.8000030517578,130.1999969482422,126.69999694824219,128.60000610351562,123.66248321533203,9948244
2025-05-26,129.10000610351562,129.6999969482422,127.69999694824219,128.8000030517578,123.85479736328125,7730991
2025-05-27,128.8000030517578,129.1999969482422,126.0,126.0999984741211,121.25846099853516,8590624
2025-05-28,126.0,126.69999694824219,124.80000305175781,126.0999984741211,121.25846099853516,8343983
2025-05-29,127.0,127.80000305175781,125.30000305175781,126.0,121.16230010986328,8009620
2025-05-30,125.19999694824219,125.80000305175781,124.0,124.0,119.23908996582031,10864453
2025-06-02,124.0,125.30000305175781,123.0,123.5,118.75828552246094,8626006
2025-06-03,124.19999694824219,128.0,124.0,127.0,122.1239013671875,10347166
2025-06-04,127.4000015258789,133.0,125.80000305175781,133.0,127.89353942871094,13125217
2025-06-05,131.0,131.0,129.8000030517578,130.8000030517578,125.77800750732422,3873294
2025-06-10,131.39999389648438,131.8000030517578,130.5,131.10000610351562,126.06649017333984,11379298
2025-06-11,131.0,132.0,129.8000030517578,131.6999969482422,126.64344787597656,15802741
2025-06-12,131.1999969482422,133.3000030517578,130.10000610351562,131.0,125.97032928466797,20326978
2025-06-13,130.0,133.0,126.5,131.3000030517578,126.2588119506836,29518169
2025-06-16,131.60000610351562,135.3000030517578,129.8000030517578,129.8000030517578,124.81640625,26618824
2025-06-17,130.10000610351562,136.60000610351562,130.0,134.8000030517578,129.6244354248047,30394111
2025-06-18,135.0,138.3000030517578,135.0,137.0,131.73995971679688,32518265
2025-06-19,137.60000610351562,143.89999389648438,137.60000610351562,143.8000030517578,138.2788848876953,33796070
2025-06-20,141.3000030517578,144.60000610351562,138.39999389648438,144.60000610351562,139.0481719970703,28696384
2025-06-23,147.10000610351562,152.3000030517578,147.10000610351562,148.39999389648438,142.70225524902344,42383643
2025-06-24,139.39999389648438,141.8000030517578,137.3000030517578,137.3000030517578,132.0284423828125,48477744
2025-06-25,137.8000030517578,138.60000610351562,134.0,134.39999389648438,129.23977661132812,22467475
2025-06-26,134.6999969482422,135.8000030517578,133.60000610351562,133.6999969482422,128.56666564941406,16398898
2025-06-27,133.89999389648438,136.3000030517578,133.10000610351562,136.0,130.77835083007812,22687941
2025-06-30,136.0,141.0,135.10000610351562,140.0,134.62477111816406,36758861
2025-07-01,140.8000030517578,143.0,140.39999389648438,141.6999969482422,136.25950622558594,23128083
2025-07-02,142.10000610351562,147.5,142.0,144.6999969482422,139.14431762695312,30597618
2025-07-03,146.1999969482422,148.1999969482422,145.39999389648438,146.39999389648438,140.779052734375,20802107
2025-07-04,146.60000610351562,148.6999969482422,145.10000610351562,147.1999969482422,141.54833984375,18296201
2025-07-07,145.5,147.5,144.10000610351562,146.1999969482422,140.58673095703125,16386969
2025-07-08,147.0,147.3000030517578,140.5,140.5,135.10557556152344,19671759
2025-07-09,140.5,146.60000610351562,140.39999389648438,146.0,140.3944091796875,20792655
2025-07-10,146.89999389648438,150.60000610351562,146.3000030517578,150.1999969482422,144.4331512451172,17195784
2025-07-11,151.3000030517578,157.5,151.0,156.1999969482422,150.20278930664062,36243888
2025-07-14,156.0,158.89999389648438,154.8000030517578,155.5,149.5296630859375,26120698
2025-07-16,154.39999389648438,156.39999389648438,151.3000030517578,152.5,146.6448516845703,19327192
2025-07-17,153.5,157.3000030517578,152.10000610351562,157.3000030517578,151.26055908203125,16952608
2025-07-18,157.3000030517578,160.1999969482422,156.10000610351562,160.10000610351562,153.9530487060547,27182340
2025-07-21,160.3000030517578,168.60000610351562,160.3000030517578,167.0,160.58811950683594,25183775
2025-07-22,166.89999389648438,168.60000610351562,164.89999389648438,167.60000610351562,161.16510009765625,18158266
2025-07-23,167.6999969482422,170.0,163.8000030517578,165.10000610351562,158.76107788085938,15472475
2025-07-24,165.8000030517578,167.8000030517578,164.0,166.6999969482422,160.2996368408203,15073323
2025-07-25,166.6999969482422,168.8000030517578,163.5,167.10000610351562,160.68429565429688,13533253
2025-07-28,167.10000610351562,167.3000030517578,164.0,164.5,158.18411254882812,11843163
2025-07-29,164.60000610351562,165.0,160.3000030517578,162.60000610351562,156.35707092285156,15363480
2025-07-30,164.8000030517578,167.60000610351562,162.1999969482422,165.0,158.6649169921875,26454825
2025-07-31,165.1999969482422,169.3000030517578,163.60000610351562,168.89999389648438,162.41517639160156,28986082
2025-08-01,168.89999389648438,169.8000030517578,165.1999969482422,165.89999389648438,159.5303497314453,13285972
2025-08-04,166.1999969482422,167.60000610351562,163.3000030517578,163.89999389648438,157.60714721679688,16159066
2025-08-05,164.3000030517578,167.5,163.39999389648438,165.6999969482422,159.33804321289062,22058603
2025-08-06,165.6999969482422,167.6999969482422,164.5,167.0,160.58811950683594,14674108
2025-08-07,168.0,168.0,164.1999969482422,164.3000030517578,157.99179077148438,14490485
2025-08-08,164.3000030517578,165.10000610351562,163.0,164.0,157.70330810546875,10343447
2025-08-11,164.6999969482422,165.6999969482422,163.5,164.39999389648438,158.08795166015625,13004702
2025-08-12,164.39999389648438,164.60000610351562,160.5,161.0,154.81849670410156,14319344
2025-08-13,161.10000610351562,163.5,161.10000610351562,163.3000030517578,157.03018188476562,11752056
2025-08-14,162.3000030517578,163.0,159.1999969482422,160.0,153.8568878173828,12435118
2025-08-15,160.1999969482422,163.60000610351562,160.1999969482422,162.6999969482422,156.45321655273438,13437740
2025-08-18,163.0,163.6999969482422,160.5,161.10000610351562,154.91465759277344,10164843
2025-08-19,161.1999969482422,161.8000030517578,159.39999389648438,160.1999969482422,154.04920959472656,15113875
2025-08-20,160.3000030517578,164.8000030517578,159.89999389648438,164.0,157.70330810546875,21578529
2025-08-21,164.89999389648438,168.6999969482422,164.5,168.39999389648438,161.9343719482422,22421781
2025-08-22,169.39999389648438,173.0,167.89999389648438,172.6999969482422,166.06927490234375,29438572
2025-08-25,174.6999969482422,174.89999389648438,172.8000030517578,172.8000030517578,166.16543579101562,18569633
2025-08-26,172.1999969482422,174.1999969482422,171.39999389648438,171.60000610351562,165.0115203857422,19136798
2025-08-27,172.60000610351562,173.39999389648438,170.6999969482422,171.10000610351562,164.5307159423828,17651957
2025-08-28,171.10000610351562,173.5,171.0,171.0,164.43455505371094,13549874
2025-08-29,171.10000610351562,174.3000030517578,169.89999389648438,172.1999969482422,165.58847045898438,24772954
2025-09-01,172.1999969482422,174.5,170.1999969482422,173.1999969482422,166.55007934570312,20455877
2025-09-02,174.0,175.89999389648438,165.60000610351562,170.10000610351562,163.56910705566406,39028838
2025-09-03,170.10000610351562,172.10000610351562,168.1999969482422,170.89999389648438,164.33837890625,22960309
2025-09-04,170.89999389648438,172.3000030517578,167.89999389648438,168.8000030517578,162.3190155029297,20741653
2025-09-05,169.60000610351562,171.3000030517578,166.5,167.5,161.0689239501953,14976518
2025-09-08,165.8000030517578,167.0,163.3000030517578,165.89999389648438,159.5303497314453,16044058
2025-09-09,166.0,171.5,166.0,168.3000030517578,161.8382110595703,24781686
2025-09-10,169.1999969482422,170.60000610351562,166.0,170.5,163.95375061035156,17327833
2025-09-11,170.5,179.0,169.8000030517578,175.0,168.28097534179688,36235969
2025-09-12,174.60000610351562,176.10000610351562,172.0,173.39999389648438,166.74240112304688,22154286
2025-09-15,173.39999389648438,184.10000610351562,171.5,183.6999969482422,176.64694213867188,35308117
2025-09-16,184.39999389648438,189.6999969482422,182.39999389648438,189.0,181.7434539794922,27522682
2025-09-17,189.0,190.8000030517578,187.5,190.1999969482422,182.89736938476562,14312918
2025-09-18,191.0,194.39999389648438,190.10000610351562,191.39999389648438,184.05130004882812,18538290
2025-09-19,191.39999389648438,195.0,190.3000030517578,195.0,187.51307678222656,19364215
2025-09-22,197.5,200.1999969482422,195.6999969482422,195.6999969482422,188.1862030029297,17349596
2025-09-23,195.39999389648438,197.8000030517578,193.3000030517578,195.60000610351562,188.09005737304688,16787076
2025-09-24,195.60000610351562,198.3000030517578,192.1999969482422,197.60000610351562,190.0132598876953,18512622
2025-09-25,199.0,201.6999969482422,197.1999969482422,200.60000610351562,192.89808654785156,21561231
2025-09-26,199.89999389648438,200.0,191.39999389648438,192.8000030517578,185.39755249023438,23552025
2025-09-29,192.8000030517578,195.3000030517578,190.5,193.3000030517578,185.87835693359375,19432437
2025-09-30,187.39999389648438,187.5,181.3000030517578,186.5,186.5,21490118
2025-10-01,186.1999969482422,194.3000030517578,181.6999969482422,191.5,191.5,24827430
2025-10-02,191.5,194.39999389648438,190.0,191.0,191.0,13651150
2025-10-03,192.1999969482422,192.6999969482422,184.1999969482422,185.10000610351562,185.10000610351562,15210139
2025-10-06,185.1999969482422,185.3000030517578,180.6999969482422,182.0,182.0,15079995
2025-10-07,181.39999389648438,182.1999969482422,179.1999969482422,180.60000610351562,180.60000610351562,16770813
2025-10-08,180.8000030517578,182.1999969482422,177.89999389648438,180.5,180.5,15148189
2025-10-09,181.8000030517578,184.10000610351562,180.5,183.10000610351562,183.10000610351562,14580820
2025-10-10,183.10000610351562,183.5,177.8000030517578,180.60000610351562,180.60000610351562,16019739
2025-10-13,178.5,178.5,171.8000030517578,172.5,172.5,17736870
2025-10-14,172.5,176.60000610351562,172.1999969482422,174.10000610351562,174.10000610351562,17028270
2025-10-15,174.0,179.5,173.39999389648438,178.39999389648438,178.39999389648438,20627925
2025-10-16,178.10000610351562,180.1999969482422,175.3000030517578,176.1999969482422,176.1999969482422,12049723
2025-10-17,175.39999389648438,176.8000030517578,170.8000030517578,173.1999969482422,173.1999969482422,14187861
2025-10-20,173.39999389648438,178.6999969482422,171.89999389648438,177.39999389648438,177.39999389648438,19264501
2025-10-21,177.5,179.0,175.10000610351562,176.10000610351562,176.10000610351562,10765532
2025-10-22,177.5,183.1999969482422,177.3000030517578,181.6999969482422,181.6999969482422,19080336
2025-10-23,182.1999969482422,190.0,181.1999969482422,187.0,187.0,29375513
2025-10-24,189.0,195.39999389648438,186.3000030517578,191.8000030517578,191.8000030517578,34807805
2025-10-27,191.5,193.89999389648438,188.89999389648438,192.6999969482422,20181474
2025-10-28,192.6999969482422,197.5,192.39999389648438,196.6999969482422,9843044
2025-10-30,196.6999969482422,198.0,194.6999969482422,196.0,16631218
2025-10-31,195.6999969482422,199.3000030517578,194.39999389648438,197.60000610351562,21755814
2025-11-03,197.60000610351562,201.0,196.39999389648438,198.6999969482422,29108283
2025-11-04,198.39999389648438,199.89999389648438,187.8000030517578,188.0,29499264
2025-11-05,188.1999969482422,196.5,187.6999969482422,195.39999389648438,27109060
2025-11-06,195.89999389648438,199.89999389648438,195.3000030517578,198.1999969482422,19202069
2025-11-07,197.89999389648438,200.0,196.5,198.0,15748631
2025-11-10,198.6999969482422,201.6999969482422,195.3000030517578,196.60000610351562,21996786
2025-11-11,196.5,198.10000610351562,187.89999389648438,192.39999389648438,22394375
2025-11-12,193.0,195.1999969482422,189.10000610351562,195.10000610351562,16057179
2025-11-13,194.89999389648438,199.60000610351562,193.10000610351562,197.6999969482422,21204189
2025-11-14,197.1999969482422,199.39999389648438,195.89999389648438,199.1999969482422,17311333
2025-11-17,200.0,204.60000610351562,197.60000610351562,201.6999969482422,26956467
2025-11-18,201.0,205.5,199.39999389648438,204.0,19147604
2025-11-19,203.89999389648438,208.5,203.89999389648438,206.5,18613050
2025-11-20,207.5,209.3000030517578,203.3000030517578,205.0,16681115
2025-11-21,204.3000030517578,204.3000030517578,198.5,201.39999389648438,15479991
2025-11-24,200.39999389648438,201.1999969482422,191.60000610351562,195.0,33943729
2025-11-25,195.3000030517578,196.0,186.89999389648438,190.0,25347154
2025-11-26,190.1999969482422,195.3000030517578,190.1999969482422,193.0,16260155
2025-11-27,193.60000610351562,194.1999969482422,191.3000030517578,194.1999969482422,15845398
2025-11-28,194.5,196.1999969482422,193.5,194.8000030517578,13119936
2025-12-01,195.0,199.5,193.6999969482422,199.0,18605415
2025-12-02,198.89999389648438,201.60000610351562,198.0,198.0,21349644
2025-12-03,197.89999389648438,200.1999969482422,194.6999969482422,196.6999969482422,23565848
2025-12-04,196.6999969482422,199.8000030517578,196.0,197.0,15678263
2025-12-05,196.60000610351562,199.89999389648438,195.0,197.60000610351562,18630139
2025-12-08,197.8000030517578,201.6999969482422,196.8000030517578,199.10000610351562,17647205
2025-12-09,199.3000030517578,199.89999389648438,196.60000610351562,197.5,12198007
2025-12-10,197.60000610351562,199.89999389648438,196.8000030517578,198.0,21659406
2025-12-11,198.1999969482422,200.6999969482422,196.10000610351562,197.39999389648438,19044105
2025-12-12,198.10000610351562,199.0,196.10000610351562,197.60000610351562,18911201
2025-12-15,197.8000030517578,199.0,195.0,195.0,19898047
2025-12-16,194.6999969482422,195.10000610351562,186.6999969482422,186.6999969482422,30436088
2025-12-17,186.8000030517578,190.8000030517578,186.5,189.3000030517578,22416480
2025-12-18,189.60000610351562,191.0,187.60000610351562,188.6999969482422,15204905
2025-12-19,188.89999389648438,189.3000030517578,183.89999389648438,184.60000610351562,19888159
2025-12-22,185.3000030517578,186.39999389648438,182.39999389648438,185.6999969482422,19106846
2025-12-23,185.6999969482422,187.0,184.60000610351562,185.1999969482422,13621423
2025-12-24,185.1999969482422,188.3000030517578,183.8000030517578,188.0,13592120
2025-12-25,188.60000610351562,189.5,187.6999969482422,188.3000030517578,4793950
2025-12-26,188.0,188.10000610351562,184.3000030517578,185.10000610351562,7567211
2025-12-29,185.10000610351562,186.10000610351562,183.10000610351562,183.10000610351562,10411782
2025-12-30,183.3000030517578,186.39999389648438,183.3000030517578,186.39999389648438,10376796
2025-12-31,186.5,187.3000030517578,183.6999969482422,184.39999389648438,11055285
2026-01-02,184.5,187.3000030517578,184.39999389648438,187.0,9105038
2026-01-05,187.0,193.0,186.1999969482422,192.89999389648438,31954799
2026-01-06,192.89999389648438,200.10000610351562,191.6999969482422,200.0,23003714
2026-01-07,199.89999389648438,201.39999389648438,197.89999389648438,199.10000610351562,19011285
2026-01-08,197.6999969482422,198.8000030517578,195.39999389648438,196.6999969482422,14272728
2026-01-09,197.5,200.39999389648438,194.6999969482422,197.3000030517578,20138179
2026-01-12,198.0,203.60000610351562,196.6999969482422,203.0,22769820
2026-01-13,203.6999969482422,209.0,203.10000610351562,208.39999389648438,31053579
2026-01-14,208.3000030517578,220.5,207.8000030517578,218.5,38028391
2026-01-15,217.1999969482422,218.89999389648438,212.1999969482422,218.60000610351562,24579709
2026-01-16,218.60000610351562,223.6999969482422,217.1999969482422,222.5,20084909
2026-01-19,222.5,226.1999969482422,218.6999969482422,222.8000030517578,23062834
2026-01-20,222.89999389648438,228.0,222.39999389648438,226.89999389648438,25439672
2026-01-21,228.5,230.60000610351562,217.0,221.10000610351562,27079222
2026-01-22,223.39999389648438,227.39999389648438,219.5,226.6999969482422,21608394
2026-01-23,227.89999389648438,229.3000030517578,225.0,225.8000030517578,15704961
2026-01-26,224.5,228.1999969482422,223.6999969482422,227.0,16867108
2026-01-27,227.0,228.3000030517578,223.10000610351562,227.1999969482422,18009461
2026-01-28,228.3000030517578,244.6999969482422,228.3000030517578,242.1999969482422,32929627
2026-01-29,244.0,248.39999389648438,240.8000030517578,248.39999389648438,30420218
2026-01-30,246.89999389648438,247.8000030517578,240.0,244.8000030517578,20940150
2026-02-02,239.89999389648438,239.89999389648438,226.60000610351562,229.60000610351562,37418300
2026-02-03,231.6999969482422,235.10000610351562,228.10000610351562,234.0,40104523
2026-02-04,234.5,237.6999969482422,229.1999969482422,229.1999969482422,25877682
2026-02-05,229.1999969482422,233.3000030517578,226.10000610351562,226.5,22289614
2026-02-06,226.60000610351562,229.10000610351562,222.60000610351562,223.0,21124725
2026-02-09,221.3000030517578,223.89999389648438,218.89999389648438,219.8000030517578,32632299
2026-02-10,221.0,222.0,213.5,214.39999389648438,28402519
2026-02-11,215.0,218.1999969482422,213.8000030517578,215.89999389648438,26532850
2026-02-12,217.0,223.89999389648438,216.10000610351562,223.3000030517578,33906997
2026-02-13,223.6999969482422,226.10000610351562,220.60000610351562,221.60000610351562,25622347
2026-02-16,222.60000610351562,226.3000030517578,222.0,223.5,24524623
2026-02-17,223.0,223.5,219.6999969482422,220.0,22831956
2026-02-18,220.5,223.89999389648438,218.1999969482422,222.10000610351562,38748424
2026-02-19,223.60000610351562,229.8000030517578,221.0,221.5,48542887
2026-02-20,221.60000610351562,224.10000610351562,217.5,221.60000610351562,28777488
2026-02-23,223.3000030517578,227.8000030517578,223.3000030517578,227.0,29764395
2026-02-24,228.0,228.60000610351562,221.3000030517578,222.0,28611549
2026-02-25,222.6999969482422,223.0,216.39999389648438,217.6999969482422,21523285
2026-02-26,218.10000610351562,219.8000030517578,215.10000610351562,215.89999389648438,23197735
2026-02-27,216.89999389648438,218.5,212.5,218.5,30856689
2026-03-02,218.5,235.39999389648438,218.5,224.8000030517578,50537426
2026-03-03,230.5,239.8000030517578,229.89999389648438,235.0,56798538
2026-03-04,235.5,236.60000610351562,228.3000030517578,231.0,39760100
2026-03-05,234.89999389648438,247.5,234.10000610351562,246.8000030517578,45689115
2026-03-06,249.6999969482422,263.75,249.5,258.0,60993877
2026-03-09,277.0,277.25,248.10000610351562,250.25,64828848
2026-03-10,239.5,252.0,239.5,248.0,62050964
2026-03-11,248.8000030517578,258.0,247.5,248.3000030517578,45119752
2026-03-12,256.5,264.75,250.25,264.75,48446845
2026-03-13,254.32083076317804,258.4034125601318,247.83673026213384,253.1200714111328,42790781
2026-03-16,259.75,261.0,252.0,255.0,30653684
2026-03-17,256.5,258.75,251.0,251.5,28368721
2026-03-18,251.5,257.25,248.5,254.75,43840739
2026-03-19,258.75,263.5,253.25,253.25,23336270
2026-03-23,255.25,265.75,249.39999389648438,255.0,74838120
2026-03-24,258.5,260.75,252.75,259.0,33435568
2026-03-25,254.5,257.0,248.0,250.5,32827948
2026-03-26,242.8000030517578,242.8000030517578,236.5,240.1999969482422,47877678
2026-03-27,240.6999969482422,241.5,234.0,240.5,83103613
2026-03-30,245.0,251.25,244.5,247.0,35658352
2026-03-31,245.1999969482422,262.75,241.5,258.25,52767272
2026-04-01,253.25,257.75,251.5,253.75,44303532
2026-04-02,260.0,261.5,253.0,256.0,36737138
2026-04-03,257.0,261.25,255.25,255.25,19513602
2026-04-06,257.25,260.25,253.75,256.5,28507877
2026-04-07,259.5,264.5,256.25,260.0,39634457
2026-04-08,246.0,253.75,240.1999969482422,251.0,94110678
2026-04-09,255.0,256.0,250.75,255.0,48998471
2026-04-10,253.5,256.25,251.75,254.5,35352476
2026-04-13,261.0,268.5,259.5,264.0,57422416
2026-04-14,262.0,272.5,260.75,267.5,47234842
2026-04-15,265.5,268.5,261.25,261.25,24203656
2026-04-16,262.25,268.0,261.5,268.0,28419888
2026-04-17,267.75,268.75,251.5,253.0,42934431
2026-04-20,,,,,29511652
